Episode,Result,Duration,A_Attack,A_Block,A_Dodge,A_Hit,A_Blocked,B_Attack,B_Block,B_Dodge,B_Hit,B_Blocked
1,AgentA wins,17.67,0,0,0,0,0,0,0,0,0,0
2,AgentA wins,15.00,0,0,0,0,0,0,0,0,0,0
3,AgentA wins,19.67,0,0,0,0,0,0,0,0,0,0
4,AgentA wins,15.00,0,0,0,0,0,0,0,0,0,0
5,AgentA wins,15.00,0,0,0,0,0,0,0,0,0,0
6,AgentA wins,15.00,0,0,0,0,0,0,0,0,0,0
7,AgentA wins,20.00,0,0,0,0,0,0,0,0,0,0
8,AgentA wins,20.00,0,0,0,0,0,0,0,0,0,0
9,AgentA wins,19.67,0,0,0,0,0,0,0,0,0,0
10,AgentA wins,15.00,0,0,0,0,0,0,0,0,0,0
1,AgentA wins,19.67,0,0,0,0,0,0,0,0,0,0
2,AgentA wins,20.00,0,0,0,0,0,0,0,0,0,0
3,AgentA wins,20.00,0,0,0,0,0,0,0,0,0,0
4,AgentA wins,20.00,0,0,0,0,0,0,0,0,0,0
5,AgentA wins,15.00,0,0,0,0,0,0,0,0,0,0
6,AgentA wins,15.00,0,0,0,0,0,0,0,0,0,0
7,AgentA wins,17.00,0,0,0,0,0,0,0,0,0,0
8,AgentA wins,19.67,0,0,0,0,0,0,0,0,0,0
9,AgentA wins,15.00,0,0,0,0,0,0,0,0,0,0
10,AgentA wins,15.00,0,0,0,0,0,0,0,0,0,0
1,AgentA wins,19.67,0,0,0,0,0,0,0,0,0,0
2,AgentA wins,20.00,0,0,0,0,0,0,0,0,0,0
3,AgentA wins,20.00,0,0,0,0,0,0,0,0,0,0
4,AgentA wins,15.00,0,0,0,0,0,0,0,0,0,0
5,AgentA wins,17.00,0,0,0,0,0,0,0,0,0,0
6,AgentA wins,20.00,0,0,0,0,0,0,0,0,0,0
7,AgentA wins,15.00,0,0,0,0,0,0,0,0,0,0
8,AgentA wins,20.00,0,0,0,0,0,0,0,0,0,0
9,AgentA wins,15.00,0,0,0,0,0,0,0,0,0,0
10,AgentA wins,18.00,0,0,0,0,0,0,0,0,0,0
1,AgentA wins,14.67,0,0,0,0,0,0,0,0,0,0
2,AgentA wins,15.00,0,0,0,0,0,0,0,0,0,0
3,AgentA wins,20.00,0,0,0,0,0,0,0,0,0,0
4,AgentA wins,18.00,0,0,0,0,0,0,0,0,0,0
5,AgentA wins,20.00,0,0,0,0,0,0,0,0,0,0
6,AgentA wins,15.00,0,0,0,0,0,0,0,0,0,0
7,AgentA wins,22.33,0,0,0,0,0,0,0,0,0,0
8,AgentA wins,20.00,0,0,0,0,0,0,0,0,0,0
9,AgentA wins,20.00,0,0,0,0,0,0,0,0,0,0
10,AgentA wins,15.00,0,0,0,0,0,0,0,0,0,0
1,AgentA wins,19.67,0,0,0,0,0,0,0,0,0,0
2,AgentA wins,20.00,0,0,0,0,0,0,0,0,0,0
3,AgentA wins,15.00,0,0,0,0,0,0,0,0,0,0
4,AgentA wins,15.00,0,0,0,0,0,0,0,0,0,0
5,AgentA wins,20.00,0,0,0,0,0,0,0,0,0,0
6,AgentA wins,20.00,0,0,0,0,0,0,0,0,0,0
7,AgentA wins,15.00,0,0,0,0,0,0,0,0,0,0
8,AgentA wins,19.67,0,0,0,0,0,0,0,0,0,0
9,AgentA wins,20.00,0,0,0,0,0,0,0,0,0,0
10,AgentA wins,17.00,0,0,0,0,0,0,0,0,0,0
1,AgentA wins,19.67,0,0,0,0,0,0,0,0,0,0
2,AgentA wins,20.00,0,0,0,0,0,0,0,0,0,0
3,AgentA wins,20.00,0,0,0,0,0,0,0,0,0,0
4,AgentA wins,15.00,0,0,0,0,0,0,0,0,0,0
5,AgentA wins,18.00,0,0,0,0,0,0,0,0,0,0
6,AgentA wins,19.67,0,0,0,0,0,0,0,0,0,0
7,AgentA wins,20.00,0,0,0,0,0,0,0,0,0,0
8,AgentA wins,15.00,0,0,0,0,0,0,0,0,0,0
9,AgentA wins,20.00,0,0,0,0,0,0,0,0,0,0
10,AgentA wins,15.00,0,0,0,0,0,0,0,0,0,0
1,AgentA wins,23.00,0,0,0,0,0,0,0,0,0,0
2,AgentA wins,20.00,0,0,0,0,0,0,0,0,0,0
3,AgentA wins,15.00,0,0,0,0,0,0,0,0,0,0
4,AgentA wins,15.00,0,0,0,0,0,0,0,0,0,0
5,AgentA wins,20.00,0,0,0,0,0,0,0,0,0,0
6,AgentA wins,22.33,0,0,0,0,0,0,0,0,0,0
7,AgentA wins,17.00,0,0,0,0,0,0,0,0,0,0
8,AgentA wins,15.00,0,0,0,0,0,0,0,0,0,0
9,AgentA wins,15.00,0,0,0,0,0,0,0,0,0,0
10,AgentA wins,20.00,0,0,0,0,0,0,0,0,0,0
1,AgentA wins,14.67,0,0,0,0,0,0,0,0,0,0
2,AgentA wins,18.00,0,0,0,0,0,0,0,0,0,0
3,AgentA wins,18.00,0,0,0,0,0,0,0,0,0,0
4,AgentA wins,20.00,0,0,0,0,0,0,0,0,0,0
5,AgentA wins,19.67,0,0,0,0,0,0,0,0,0,0
6,AgentA wins,19.67,0,0,0,0,0,0,0,0,0,0
7,AgentA wins,15.00,0,0,0,0,0,0,0,0,0,0
8,AgentA wins,19.67,0,0,0,0,0,0,0,0,0,0
9,AgentA wins,23.33,0,0,0,0,0,0,0,0,0,0
10,AgentA wins,15.00,0,0,0,0,0,0,0,0,0,0
1,AgentA wins,23.00,0,0,0,0,0,0,0,0,0,0
2,AgentA wins,20.00,0,0,0,0,0,0,0,0,0,0
3,AgentA wins,15.00,0,0,0,0,0,0,0,0,0,0
4,AgentA wins,15.00,0,0,0,0,0,0,0,0,0,0
5,AgentA wins,20.00,0,0,0,0,0,0,0,0,0,0
6,AgentA wins,20.00,0,0,0,0,0,0,0,0,0,0
7,AgentA wins,15.00,0,0,0,0,0,0,0,0,0,0
8,AgentA wins,19.67,0,0,0,0,0,0,0,0,0,0
9,AgentA wins,19.67,0,0,0,0,0,0,0,0,0,0
10,AgentA wins,20.00,0,0,0,0,0,0,0,0,0,0
1,AgentA wins,19.67,0,0,0,0,0,0,0,0,0,0
2,AgentA wins,15.00,0,0,0,0,0,0,0,0,0,0
3,AgentA wins,15.00,0,0,0,0,0,0,0,0,0,0
4,AgentA wins,20.00,0,0,0,0,0,0,0,0,0,0
5,AgentA wins,19.67,0,0,0,0,0,0,0,0,0,0
6,AgentA wins,20.00,0,0,0,0,0,0,0,0,0,0
7,AgentA wins,20.00,0,0,0,0,0,0,0,0,0,0
8,AgentA wins,20.00,0,0,0,0,0,0,0,0,0,0
9,AgentA wins,20.00,0,0,0,0,0,0,0,0,0,0
10,AgentA wins,20.00,0,0,0,0,0,0,0,0,0,0
1,AgentA wins,19.67,0,0,0,0,0,0,0,0,0,0
2,AgentA wins,19.67,0,0,0,0,0,0,0,0,0,0
3,AgentA wins,15.00,0,0,0,0,0,0,0,0,0,0
4,AgentA wins,23.33,0,0,0,0,0,0,0,0,0,0
5,AgentA wins,17.00,0,0,0,0,0,0,0,0,0,0
6,AgentA wins,20.00,0,0,0,0,0,0,0,0,0,0
7,AgentA wins,20.00,0,0,0,0,0,0,0,0,0,0
8,AgentA wins,20.00,0,0,0,0,0,0,0,0,0,0
9,AgentA wins,15.00,0,0,0,0,0,0,0,0,0,0
10,AgentA wins,20.00,0,0,0,0,0,0,0,0,0,0
1,AgentA wins,19.67,0,0,0,0,0,0,0,0,0,0
2,AgentA wins,19.67,0,0,0,0,0,0,0,0,0,0
3,AgentA wins,20.00,0,0,0,0,0,0,0,0,0,0
4,AgentA wins,19.67,0,0,0,0,0,0,0,0,0,0
5,AgentA wins,19.67,0,0,0,0,0,0,0,0,0,0
6,AgentA wins,15.00,0,0,0,0,0,0,0,0,0,0
7,AgentA wins,17.00,0,0,0,0,0,0,0,0,0,0
8,AgentA wins,15.00,0,0,0,0,0,0,0,0,0,0
9,AgentA wins,20.00,0,0,0,0,0,0,0,0,0,0
10,AgentB wins,24.67,0,0,0,0,0,0,0,0,0,0
1,AgentA wins,16.67,0,0,0,0,0,0,0,0,0,0
2,AgentA wins,23.33,0,0,0,0,0,0,0,0,0,0
3,AgentA wins,19.67,0,0,0,0,0,0,0,0,0,0
4,AgentA wins,19.67,0,0,0,0,0,0,0,0,0,0
5,AgentA wins,20.00,0,0,0,0,0,0,0,0,0,0
6,AgentA wins,20.00,0,0,0,0,0,0,0,0,0,0
7,AgentA wins,19.67,0,0,0,0,0,0,0,0,0,0
8,AgentA wins,20.00,0,0,0,0,0,0,0,0,0,0
9,AgentA wins,18.00,0,0,0,0,0,0,0,0,0,0
10,AgentA wins,15.00,0,0,0,0,0,0,0,0,0,0
1,AgentA wins,19.67,0,0,0,0,0,0,0,0,0,0
2,AgentA wins,19.67,0,0,0,0,0,0,0,0,0,0
3,AgentA wins,15.00,0,0,0,0,0,0,0,0,0,0
4,AgentA wins,19.67,0,0,0,0,0,0,0,0,0,0
5,AgentA wins,20.00,0,0,0,0,0,0,0,0,0,0
6,AgentA wins,18.00,0,0,0,0,0,0,0,0,0,0
7,AgentA wins,20.00,0,0,0,0,0,0,0,0,0,0
8,AgentA wins,20.00,0,0,0,0,0,0,0,0,0,0
9,AgentA wins,20.00,0,0,0,0,0,0,0,0,0,0
10,AgentA wins,20.00,0,0,0,0,0,0,0,0,0,0
1,AgentA wins,19.67,0,0,0,0,0,0,0,0,0,0
2,AgentA wins,20.00,0,0,0,0,0,0,0,0,0,0
3,AgentA wins,20.00,0,0,0,0,0,0,0,0,0,0
4,AgentA wins,20.00,0,0,0,0,0,0,0,0,0,0
5,AgentA wins,19.67,0,0,0,0,0,0,0,0,0,0
6,AgentA wins,19.67,0,0,0,0,0,0,0,0,0,0
7,AgentA wins,20.00,0,0,0,0,0,0,0,0,0,0
8,AgentA wins,19.67,0,0,0,0,0,0,0,0,0,0
9,AgentA wins,20.00,0,0,0,0,0,0,0,0,0,0
10,AgentA wins,20.00,0,0,0,0,0,0,0,0,0,0
1,AgentA wins,42.33,0,0,0,0,0,0,0,0,0,0
2,AgentA wins,15.00,0,0,0,0,0,0,0,0,0,0
3,AgentA wins,18.00,0,0,0,0,0,0,0,0,0,0
4,AgentA wins,21.33,0,0,0,0,0,0,0,0,0,0
5,AgentA wins,18.00,0,0,0,0,0,0,0,0,0,0
6,AgentA wins,27.00,0,0,0,0,0,0,0,0,0,0
7,AgentA wins,15.00,0,0,0,0,0,0,0,0,0,0
8,AgentA wins,18.00,0,0,0,0,0,0,0,0,0,0
9,AgentA wins,15.00,0,0,0,0,0,0,0,0,0,0
10,AgentA wins,15.00,0,0,0,0,0,0,0,0,0,0
1,AgentB wins,28.67,0,0,0,0,0,0,0,0,0,0
2,AgentA wins,15.00,0,0,0,0,0,0,0,0,0,0
3,AgentA wins,15.00,0,0,0,0,0,0,0,0,0,0
4,AgentA wins,15.00,0,0,0,0,0,0,0,0,0,0
5,AgentA wins,15.00,0,0,0,0,0,0,0,0,0,0
6,AgentA wins,36.00,0,0,0,0,0,0,0,0,0,0
7,AgentA wins,21.00,0,0,0,0,0,0,0,0,0,0
8,AgentA wins,15.00,0,0,0,0,0,0,0,0,0,0
9,AgentA wins,23.33,0,0,0,0,0,0,0,0,0,0
10,AgentA wins,23.67,0,0,0,0,0,0,0,0,0,0
1,AgentA wins,23.67,211,222,0,112,0,164,0,21,29,51
2,AgentA wins,18.00,163,164,0,95,0,122,0,31,24,33
3,AgentA wins,18.00,158,159,0,102,0,127,0,23,18,46
4,AgentA wins,39.67,353,358,0,210,0,272,0,47,50,83
5,AgentA wins,18.00,162,164,0,97,0,126,0,19,26,35
6,AgentA wins,32.67,298,295,0,191,0,240,0,42,35,71
7,AgentB wins,33.67,307,302,0,184,0,235,0,36,40,87
8,AgentA wins,15.00,137,134,0,86,0,108,0,17,15,31
9,AgentA wins,15.00,135,137,0,88,0,106,0,21,20,28
10,AgentA wins,18.00,159,161,0,97,0,127,0,25,22,40
1,AgentA wins,14.67,0,0,0,0,0,0,0,0,0,0
2,AgentB wins,49.33,0,0,0,0,0,0,0,0,0,0
3,AgentA wins,34.67,0,0,0,0,0,0,0,0,0,0
4,AgentA wins,27.00,0,0,0,0,0,0,0,0,0,0
5,AgentA wins,18.00,0,0,0,0,0,0,0,0,0,0
6,AgentA wins,15.00,0,0,0,0,0,0,0,0,0,0
7,AgentA wins,15.00,0,0,0,0,0,0,0,0,0,0
8,AgentA wins,15.00,0,0,0,0,0,0,0,0,0,0
9,AgentA wins,18.00,0,0,0,0,0,0,0,0,0,0
10,AgentA wins,26.67,0,0,0,0,0,0,0,0,0,0
1,timeout draw,60.33,0,0,0,0,0,0,0,0,0,0
2,AgentB wins,27.67,0,0,0,0,0,0,0,0,0,0
3,AgentA wins,18.00,0,0,0,0,0,0,0,0,0,0
4,AgentA wins,15.00,0,0,0,0,0,0,0,0,0,0
5,AgentA wins,24.00,0,0,0,0,0,0,0,0,0,0
6,AgentA wins,15.00,0,0,0,0,0,0,0,0,0,0
7,AgentA wins,15.00,0,0,0,0,0,0,0,0,0,0
8,AgentA wins,32.33,0,0,0,0,0,0,0,0,0,0
9,AgentA wins,18.00,0,0,0,0,0,0,0,0,0,0
10,AgentA wins,18.00,0,0,0,0,0,0,0,0,0,0
1,AgentA wins,20.33,0,0,0,0,0,0,0,0,0,0
2,AgentA wins,15.00,0,0,0,0,0,0,0,0,0,0
3,AgentA wins,24.00,0,0,0,0,0,0,0,0,0,0
4,AgentA wins,23.67,0,0,0,0,0,0,0,0,0,0
5,AgentA wins,44.33,0,0,0,0,0,0,0,0,0,0
6,AgentA wins,30.00,0,0,0,0,0,0,0,0,0,0
7,AgentA wins,24.33,0,0,0,0,0,0,0,0,0,0
8,AgentA wins,15.00,0,0,0,0,0,0,0,0,0,0
9,AgentA wins,15.00,0,0,0,0,0,0,0,0,0,0
10,AgentA wins,33.00,0,0,0,0,0,0,0,0,0,0
1,AgentA wins,31.00,0,0,0,0,0,0,0,0,0,0
2,AgentB wins,39.67,0,0,0,0,0,0,0,0,0,0
3,AgentA wins,15.00,0,0,0,0,0,0,0,0,0,0
4,AgentA wins,15.00,0,0,0,0,0,0,0,0,0,0
5,AgentA wins,27.67,0,0,0,0,0,0,0,0,0,0
6,AgentA wins,21.00,0,0,0,0,0,0,0,0,0,0
7,AgentA wins,31.00,0,0,0,0,0,0,0,0,0,0
8,AgentA wins,23.33,0,0,0,0,0,0,0,0,0,0
9,AgentA wins,30.00,0,0,0,0,0,0,0,0,0,0
10,AgentA wins,15.00,0,0,0,0,0,0,0,0,0,0
1,AgentA wins,35.67,0,0,0,0,0,0,0,0,0,0
2,AgentA wins,15.00,0,0,0,0,0,0,0,0,0,0
3,AgentA wins,44.00,0,0,0,0,0,0,0,0,0,0
4,AgentA wins,34.67,0,0,0,0,0,0,0,0,0,0
5,AgentB wins,21.67,0,0,0,0,0,0,0,0,0,0
6,AgentA wins,39.67,0,0,0,0,0,0,0,0,0,0
7,AgentA wins,15.00,0,0,0,0,0,0,0,0,0,0
8,AgentB wins,24.67,0,0,0,0,0,0,0,0,0,0
9,AgentB wins,22.67,0,0,0,0,0,0,0,0,0,0
10,AgentA wins,21.00,0,0,0,0,0,0,0,0,0,0
1,AgentA wins,48.33,0,0,0,0,0,0,0,0,0,0
2,AgentA wins,32.00,0,0,0,0,0,0,0,0,0,0
3,AgentB wins,31.00,0,0,0,0,0,0,0,0,0,0
4,AgentA wins,18.00,0,0,0,0,0,0,0,0,0,0
5,AgentA wins,18.00,0,0,0,0,0,0,0,0,0,0
6,AgentA wins,31.67,0,0,0,0,0,0,0,0,0,0
7,AgentA wins,24.00,0,0,0,0,0,0,0,0,0,0
8,AgentA wins,29.33,0,0,0,0,0,0,0,0,0,0
9,AgentA wins,30.00,0,0,0,0,0,0,0,0,0,0
10,AgentA wins,15.00,0,0,0,0,0,0,0,0,0,0
1,AgentA wins,32.67,0,0,0,0,0,0,0,0,0,0
2,timeout draw,60.33,0,0,0,0,0,0,0,0,0,0
3,AgentA wins,23.67,0,0,0,0,0,0,0,0,0,0
4,AgentA wins,18.00,0,0,0,0,0,0,0,0,0,0
5,AgentA wins,15.00,0,0,0,0,0,0,0,0,0,0
6,AgentA wins,48.00,0,0,0,0,0,0,0,0,0,0
7,AgentB wins,28.33,0,0,0,0,0,0,0,0,0,0
8,AgentA wins,15.00,0,0,0,0,0,0,0,0,0,0
9,AgentA wins,24.33,0,0,0,0,0,0,0,0,0,0
10,AgentA wins,15.00,0,0,0,0,0,0,0,0,0,0
11,AgentA wins,20.00,0,0,0,0,0,0,0,0,0,0
12,AgentA wins,20.00,0,0,0,0,0,0,0,0,0,0
13,AgentA wins,17.00,0,0,0,0,0,0,0,0,0,0
14,AgentA wins,20.00,0,0,0,0,0,0,0,0,0,0
15,AgentA wins,20.00,0,0,0,0,0,0,0,0,0,0
16,AgentA wins,20.00,0,0,0,0,0,0,0,0,0,0
17,AgentA wins,18.00,0,0,0,0,0,0,0,0,0,0
18,AgentA wins,20.00,0,0,0,0,0,0,0,0,0,0
19,AgentA wins,15.00,0,0,0,0,0,0,0,0,0,0
20,AgentA wins,17.00,0,0,0,0,0,0,0,0,0,0
11,AgentA wins,19.67,0,0,0,0,0,0,0,0,0,0
12,AgentA wins,19.67,0,0,0,0,0,0,0,0,0,0
13,AgentA wins,23.33,0,0,0,0,0,0,0,0,0,0
14,AgentA wins,15.00,0,0,0,0,0,0,0,0,0,0
15,AgentA wins,20.00,0,0,0,0,0,0,0,0,0,0
16,AgentA wins,15.00,0,0,0,0,0,0,0,0,0,0
17,AgentA wins,15.00,0,0,0,0,0,0,0,0,0,0
18,AgentA wins,20.00,0,0,0,0,0,0,0,0,0,0
19,AgentA wins,15.00,0,0,0,0,0,0,0,0,0,0
20,AgentA wins,19.67,0,0,0,0,0,0,0,0,0,0
11,AgentA wins,19.67,0,0,0,0,0,0,0,0,0,0
12,AgentA wins,23.33,0,0,0,0,0,0,0,0,0,0
13,AgentA wins,18.00,0,0,0,0,0,0,0,0,0,0
14,AgentA wins,15.00,0,0,0,0,0,0,0,0,0,0
15,AgentA wins,15.00,0,0,0,0,0,0,0,0,0,0
16,AgentA wins,20.00,0,0,0,0,0,0,0,0,0,0
17,AgentA wins,20.00,0,0,0,0,0,0,0,0,0,0
18,AgentA wins,15.00,0,0,0,0,0,0,0,0,0,0
19,AgentA wins,19.67,0,0,0,0,0,0,0,0,0,0
20,AgentA wins,19.67,0,0,0,0,0,0,0,0,0,0
11,AgentA wins,15.00,0,0,0,0,0,0,0,0,0,0
12,AgentA wins,15.00,0,0,0,0,0,0,0,0,0,0
13,AgentA wins,20.00,0,0,0,0,0,0,0,0,0,0
14,AgentA wins,17.00,0,0,0,0,0,0,0,0,0,0
15,AgentA wins,20.00,0,0,0,0,0,0,0,0,0,0
16,AgentA wins,19.67,0,0,0,0,0,0,0,0,0,0
17,AgentA wins,19.67,0,0,0,0,0,0,0,0,0,0
18,AgentA wins,20.00,0,0,0,0,0,0,0,0,0,0
19,AgentA wins,20.00,0,0,0,0,0,0,0,0,0,0
20,AgentA wins,19.67,0,0,0,0,0,0,0,0,0,0
11,AgentA wins,20.00,0,0,0,0,0,0,0,0,0,0
12,AgentA wins,19.67,0,0,0,0,0,0,0,0,0,0
13,AgentA wins,15.00,0,0,0,0,0,0,0,0,0,0
14,AgentA wins,18.00,0,0,0,0,0,0,0,0,0,0
15,AgentA wins,17.00,0,0,0,0,0,0,0,0,0,0
16,AgentA wins,17.00,0,0,0,0,0,0,0,0,0,0
17,AgentA wins,18.00,0,0,0,0,0,0,0,0,0,0
18,AgentA wins,19.67,0,0,0,0,0,0,0,0,0,0
19,AgentA wins,20.00,0,0,0,0,0,0,0,0,0,0
20,AgentA wins,19.67,0,0,0,0,0,0,0,0,0,0
11,AgentA wins,20.00,0,0,0,0,0,0,0,0,0,0
12,AgentA wins,15.00,0,0,0,0,0,0,0,0,0,0
13,AgentA wins,15.00,0,0,0,0,0,0,0,0,0,0
14,AgentA wins,17.00,0,0,0,0,0,0,0,0,0,0
15,AgentA wins,20.00,0,0,0,0,0,0,0,0,0,0
16,AgentA wins,15.00,0,0,0,0,0,0,0,0,0,0
17,AgentA wins,20.00,0,0,0,0,0,0,0,0,0,0
18,AgentA wins,22.33,0,0,0,0,0,0,0,0,0,0
19,AgentA wins,17.00,0,0,0,0,0,0,0,0,0,0
20,AgentA wins,19.67,0,0,0,0,0,0,0,0,0,0
11,AgentA wins,20.00,0,0,0,0,0,0,0,0,0,0
12,AgentA wins,19.67,0,0,0,0,0,0,0,0,0,0
13,AgentA wins,25.00,0,0,0,0,0,0,0,0,0,0
14,AgentA wins,19.67,0,0,0,0,0,0,0,0,0,0
15,AgentA wins,15.00,0,0,0,0,0,0,0,0,0,0
16,AgentA wins,15.00,0,0,0,0,0,0,0,0,0,0
17,AgentA wins,19.67,0,0,0,0,0,0,0,0,0,0
18,AgentA wins,20.00,0,0,0,0,0,0,0,0,0,0
19,AgentA wins,19.67,0,0,0,0,0,0,0,0,0,0
20,AgentA wins,19.67,0,0,0,0,0,0,0,0,0,0
11,AgentA wins,18.00,0,0,0,0,0,0,0,0,0,0
12,AgentA wins,18.00,0,0,0,0,0,0,0,0,0,0
13,AgentA wins,20.00,0,0,0,0,0,0,0,0,0,0
14,AgentA wins,15.00,0,0,0,0,0,0,0,0,0,0
15,AgentA wins,20.00,0,0,0,0,0,0,0,0,0,0
16,AgentA wins,20.00,0,0,0,0,0,0,0,0,0,0
17,AgentA wins,15.00,0,0,0,0,0,0,0,0,0,0
18,AgentA wins,20.00,0,0,0,0,0,0,0,0,0,0
19,AgentA wins,17.00,0,0,0,0,0,0,0,0,0,0
20,AgentA wins,18.00,0,0,0,0,0,0,0,0,0,0
11,AgentA wins,20.00,0,0,0,0,0,0,0,0,0,0
12,AgentA wins,20.00,0,0,0,0,0,0,0,0,0,0
13,AgentA wins,20.00,0,0,0,0,0,0,0,0,0,0
14,AgentA wins,17.00,0,0,0,0,0,0,0,0,0,0
15,AgentA wins,20.00,0,0,0,0,0,0,0,0,0,0
16,AgentA wins,17.00,0,0,0,0,0,0,0,0,0,0
17,AgentA wins,20.00,0,0,0,0,0,0,0,0,0,0
18,AgentA wins,19.67,0,0,0,0,0,0,0,0,0,0
19,AgentA wins,20.00,0,0,0,0,0,0,0,0,0,0
20,AgentA wins,18.00,0,0,0,0,0,0,0,0,0,0
11,AgentA wins,20.00,0,0,0,0,0,0,0,0,0,0
12,AgentA wins,20.00,0,0,0,0,0,0,0,0,0,0
13,AgentA wins,17.00,0,0,0,0,0,0,0,0,0,0
14,AgentA wins,15.00,0,0,0,0,0,0,0,0,0,0
15,AgentA wins,15.00,0,0,0,0,0,0,0,0,0,0
16,AgentA wins,18.00,0,0,0,0,0,0,0,0,0,0
17,AgentA wins,20.00,0,0,0,0,0,0,0,0,0,0
18,AgentA wins,17.00,0,0,0,0,0,0,0,0,0,0
19,AgentA wins,22.33,0,0,0,0,0,0,0,0,0,0
20,AgentA wins,20.00,0,0,0,0,0,0,0,0,0,0
11,AgentA wins,23.33,0,0,0,0,0,0,0,0,0,0
12,AgentA wins,15.00,0,0,0,0,0,0,0,0,0,0
13,AgentA wins,20.00,0,0,0,0,0,0,0,0,0,0
14,AgentA wins,20.00,0,0,0,0,0,0,0,0,0,0
15,AgentA wins,20.00,0,0,0,0,0,0,0,0,0,0
16,AgentA wins,15.00,0,0,0,0,0,0,0,0,0,0
17,AgentA wins,23.33,0,0,0,0,0,0,0,0,0,0
18,AgentA wins,20.00,0,0,0,0,0,0,0,0,0,0
19,AgentA wins,18.00,0,0,0,0,0,0,0,0,0,0
20,AgentA wins,20.00,0,0,0,0,0,0,0,0,0,0
11,AgentA wins,20.00,0,0,0,0,0,0,0,0,0,0
12,AgentA wins,20.00,0,0,0,0,0,0,0,0,0,0
13,AgentA wins,20.00,0,0,0,0,0,0,0,0,0,0
14,AgentA wins,20.00,0,0,0,0,0,0,0,0,0,0
15,AgentA wins,20.00,0,0,0,0,0,0,0,0,0,0
16,AgentA wins,20.00,0,0,0,0,0,0,0,0,0,0
17,AgentA wins,20.00,0,0,0,0,0,0,0,0,0,0
18,AgentA wins,17.00,0,0,0,0,0,0,0,0,0,0
19,AgentA wins,15.00,0,0,0,0,0,0,0,0,0,0
20,AgentA wins,19.67,0,0,0,0,0,0,0,0,0,0
11,AgentA wins,18.00,0,0,0,0,0,0,0,0,0,0
12,AgentA wins,20.00,0,0,0,0,0,0,0,0,0,0
13,AgentA wins,17.00,0,0,0,0,0,0,0,0,0,0
14,AgentA wins,15.00,0,0,0,0,0,0,0,0,0,0
15,AgentA wins,20.00,0,0,0,0,0,0,0,0,0,0
16,AgentA wins,20.00,0,0,0,0,0,0,0,0,0,0
17,AgentA wins,20.00,0,0,0,0,0,0,0,0,0,0
18,AgentA wins,20.00,0,0,0,0,0,0,0,0,0,0
19,AgentA wins,20.00,0,0,0,0,0,0,0,0,0,0
20,AgentA wins,20.00,0,0,0,0,0,0,0,0,0,0
11,AgentA wins,17.00,0,0,0,0,0,0,0,0,0,0
12,AgentA wins,17.00,0,0,0,0,0,0,0,0,0,0
13,AgentA wins,20.00,0,0,0,0,0,0,0,0,0,0
14,AgentB wins,24.67,0,0,0,0,0,0,0,0,0,0
15,AgentA wins,18.00,0,0,0,0,0,0,0,0,0,0
16,AgentA wins,20.00,0,0,0,0,0,0,0,0,0,0
17,AgentA wins,17.00,0,0,0,0,0,0,0,0,0,0
18,AgentA wins,19.67,0,0,0,0,0,0,0,0,0,0
19,AgentA wins,23.33,0,0,0,0,0,0,0,0,0,0
20,AgentA wins,18.00,0,0,0,0,0,0,0,0,0,0
11,AgentA wins,25.67,0,0,0,0,0,0,0,0,0,0
12,AgentA wins,20.00,0,0,0,0,0,0,0,0,0,0
13,AgentA wins,20.00,0,0,0,0,0,0,0,0,0,0
14,AgentA wins,18.00,0,0,0,0,0,0,0,0,0,0
15,AgentA wins,19.67,0,0,0,0,0,0,0,0,0,0
16,AgentA wins,20.00,0,0,0,0,0,0,0,0,0,0
17,AgentA wins,19.67,0,0,0,0,0,0,0,0,0,0
18,AgentA wins,20.00,0,0,0,0,0,0,0,0,0,0
19,AgentA wins,20.00,0,0,0,0,0,0,0,0,0,0
20,AgentA wins,20.00,0,0,0,0,0,0,0,0,0,0
11,AgentA wins,15.00,0,0,0,0,0,0,0,0,0,0
12,AgentA wins,24.00,0,0,0,0,0,0,0,0,0,0
13,AgentA wins,27.33,0,0,0,0,0,0,0,0,0,0
14,AgentA wins,18.00,0,0,0,0,0,0,0,0,0,0
15,AgentA wins,15.00,0,0,0,0,0,0,0,0,0,0
16,AgentA wins,15.00,0,0,0,0,0,0,0,0,0,0
17,AgentA wins,18.00,0,0,0,0,0,0,0,0,0,0
18,AgentA wins,35.00,0,0,0,0,0,0,0,0,0,0
19,AgentA wins,21.67,0,0,0,0,0,0,0,0,0,0
20,AgentA wins,27.00,0,0,0,0,0,0,0,0,0,0
11,AgentA wins,24.00,0,0,0,0,0,0,0,0,0,0
12,AgentA wins,42.00,0,0,0,0,0,0,0,0,0,0
13,AgentA wins,32.67,0,0,0,0,0,0,0,0,0,0
14,AgentA wins,27.00,0,0,0,0,0,0,0,0,0,0
15,AgentA wins,15.00,0,0,0,0,0,0,0,0,0,0
16,AgentA wins,20.00,0,0,0,0,0,0,0,0,0,0
17,AgentA wins,15.67,0,0,0,0,0,0,0,0,0,0
18,AgentA wins,24.00,0,0,0,0,0,0,0,0,0,0
19,AgentA wins,34.67,0,0,0,0,0,0,0,0,0,0
20,AgentA wins,21.00,0,0,0,0,0,0,0,0,0,0
11,AgentA wins,15.00,0,0,0,0,0,0,0,0,0,0
12,AgentA wins,32.67,0,0,0,0,0,0,0,0,0,0
13,AgentA wins,23.67,0,0,0,0,0,0,0,0,0,0
14,AgentA wins,32.33,0,0,0,0,0,0,0,0,0,0
15,AgentA wins,15.00,0,0,0,0,0,0,0,0,0,0
16,AgentA wins,20.00,0,0,0,0,0,0,0,0,0,0
17,AgentA wins,43.00,0,0,0,0,0,0,0,0,0,0
18,AgentA wins,15.67,0,0,0,0,0,0,0,0,0,0
19,AgentA wins,15.00,0,0,0,0,0,0,0,0,0,0
20,AgentA wins,58.00,0,0,0,0,0,0,0,0,0,0
11,AgentA wins,15.00,0,0,0,0,0,0,0,0,0,0
12,AgentA wins,21.00,0,0,0,0,0,0,0,0,0,0
13,AgentA wins,18.00,0,0,0,0,0,0,0,0,0,0
14,AgentA wins,46.33,0,0,0,0,0,0,0,0,0,0
15,AgentA wins,15.00,0,0,0,0,0,0,0,0,0,0
16,AgentA wins,30.00,0,0,0,0,0,0,0,0,0,0
17,AgentA wins,18.00,0,0,0,0,0,0,0,0,0,0
18,AgentA wins,30.00,0,0,0,0,0,0,0,0,0,0
19,AgentA wins,36.00,0,0,0,0,0,0,0,0,0,0
20,AgentA wins,30.00,0,0,0,0,0,0,0,0,0,0
11,AgentB wins,38.67,0,0,0,0,0,0,0,0,0,0
12,AgentA wins,15.00,0,0,0,0,0,0,0,0,0,0
13,AgentA wins,42.00,0,0,0,0,0,0,0,0,0,0
14,AgentA wins,27.00,0,0,0,0,0,0,0,0,0,0
15,AgentA wins,15.00,0,0,0,0,0,0,0,0,0,0
16,AgentA wins,28.00,0,0,0,0,0,0,0,0,0,0
17,AgentA wins,24.33,0,0,0,0,0,0,0,0,0,0
18,AgentA wins,31.67,0,0,0,0,0,0,0,0,0,0
19,AgentB wins,41.67,0,0,0,0,0,0,0,0,0,0
20,AgentA wins,26.33,0,0,0,0,0,0,0,0,0,0
11,AgentA wins,37.67,0,0,0,0,0,0,0,0,0,0
12,AgentA wins,15.00,0,0,0,0,0,0,0,0,0,0
13,AgentA wins,35.67,0,0,0,0,0,0,0,0,0,0
14,AgentA wins,26.67,0,0,0,0,0,0,0,0,0,0
15,AgentA wins,15.00,0,0,0,0,0,0,0,0,0,0
16,AgentA wins,21.33,0,0,0,0,0,0,0,0,0,0
17,AgentA wins,30.00,0,0,0,0,0,0,0,0,0,0
18,timeout draw,60.00,0,0,0,0,0,0,0,0,0,0
19,AgentA wins,15.00,0,0,0,0,0,0,0,0,0,0
20,AgentA wins,51.67,0,0,0,0,0,0,0,0,0,0
11,AgentA wins,15.00,0,0,0,0,0,0,0,0,0,0
12,AgentA wins,36.33,0,0,0,0,0,0,0,0,0,0
13,AgentA wins,18.00,0,0,0,0,0,0,0,0,0,0
14,AgentA wins,15.00,0,0,0,0,0,0,0,0,0,0
15,AgentA wins,30.00,0,0,0,0,0,0,0,0,0,0
16,AgentA wins,51.00,0,0,0,0,0,0,0,0,0,0
17,AgentA wins,23.67,0,0,0,0,0,0,0,0,0,0
18,AgentA wins,39.33,0,0,0,0,0,0,0,0,0,0
19,AgentA wins,24.00,0,0,0,0,0,0,0,0,0,0
20,AgentA wins,15.00,0,0,0,0,0,0,0,0,0,0
11,AgentA wins,18.67,169,172,0,102,0,132,0,21,27,34
12,AgentB wins,45.67,411,409,0,256,0,317,0,56,46,109
13,AgentA wins,18.00,163,160,0,99,0,134,0,21,20,36
14,AgentA wins,33.67,305,307,0,186,0,251,0,38,47,57
15,AgentA wins,24.00,219,219,0,129,0,173,0,27,32,47
16,AgentA wins,29.33,266,264,0,161,0,210,0,33,23,62
17,AgentB wins,50.33,456,453,0,257,0,360,0,61,62,102
18,AgentA wins,42.00,376,382,0,206,0,303,0,49,61,75
19,AgentA wins,21.00,190,188,0,101,0,143,0,22,25,33
20,AgentA wins,30.33,278,275,0,160,0,217,0,33,41,52
21,AgentA wins,18.00,0,0,0,0,0,0,0,0,0,0
22,AgentA wins,20.00,0,0,0,0,0,0,0,0,0,0
23,AgentA wins,17.00,0,0,0,0,0,0,0,0,0,0
24,AgentA wins,20.00,0,0,0,0,0,0,0,0,0,0
25,AgentA wins,19.67,0,0,0,0,0,0,0,0,0,0
26,AgentA wins,20.00,0,0,0,0,0,0,0,0,0,0
27,AgentA wins,20.00,0,0,0,0,0,0,0,0,0,0
28,AgentA wins,15.00,0,0,0,0,0,0,0,0,0,0
29,AgentA wins,17.00,0,0,0,0,0,0,0,0,0,0
30,AgentA wins,15.00,0,0,0,0,0,0,0,0,0,0
21,AgentA wins,17.00,0,0,0,0,0,0,0,0,0,0
22,AgentA wins,20.00,0,0,0,0,0,0,0,0,0,0
23,AgentA wins,22.33,0,0,0,0,0,0,0,0,0,0
24,AgentA wins,15.00,0,0,0,0,0,0,0,0,0,0
25,AgentA wins,15.00,0,0,0,0,0,0,0,0,0,0
26,AgentA wins,19.67,0,0,0,0,0,0,0,0,0,0
27,AgentA wins,15.00,0,0,0,0,0,0,0,0,0,0
28,AgentA wins,15.00,0,0,0,0,0,0,0,0,0,0
29,AgentA wins,15.00,0,0,0,0,0,0,0,0,0,0
30,AgentA wins,22.33,0,0,0,0,0,0,0,0,0,0
11,AgentA wins,43.00,0,0,0,0,0,0,0,0,0,0
12,AgentA wins,38.00,0,0,0,0,0,0,0,0,0,0
13,AgentA wins,15.00,0,0,0,0,0,0,0,0,0,0
14,AgentA wins,27.00,0,0,0,0,0,0,0,0,0,0
15,AgentA wins,34.00,0,0,0,0,0,0,0,0,0,0
16,AgentA wins,32.00,0,0,0,0,0,0,0,0,0,0
17,AgentA wins,18.00,0,0,0,0,0,0,0,0,0,0
18,AgentA wins,48.33,0,0,0,0,0,0,0,0,0,0
19,AgentA wins,27.00,0,0,0,0,0,0,0,0,0,0
20,AgentA wins,40.33,0,0,0,0,0,0,0,0,0,0
21,AgentA wins,15.00,0,0,0,0,0,0,0,0,0,0
22,AgentA wins,20.00,0,0,0,0,0,0,0,0,0,0
23,AgentA wins,17.00,0,0,0,0,0,0,0,0,0,0
24,AgentA wins,20.00,0,0,0,0,0,0,0,0,0,0
25,AgentA wins,20.00,0,0,0,0,0,0,0,0,0,0
26,AgentA wins,22.33,0,0,0,0,0,0,0,0,0,0
27,AgentA wins,15.00,0,0,0,0,0,0,0,0,0,0
28,AgentA wins,20.00,0,0,0,0,0,0,0,0,0,0
29,AgentA wins,19.67,0,0,0,0,0,0,0,0,0,0
30,AgentA wins,20.00,0,0,0,0,0,0,0,0,0,0
21,AgentA wins,18.00,0,0,0,0,0,0,0,0,0,0
22,AgentA wins,17.00,0,0,0,0,0,0,0,0,0,0
23,AgentA wins,15.00,0,0,0,0,0,0,0,0,0,0
24,AgentA wins,20.00,0,0,0,0,0,0,0,0,0,0
25,AgentA wins,20.00,0,0,0,0,0,0,0,0,0,0
26,AgentA wins,20.00,0,0,0,0,0,0,0,0,0,0
27,AgentA wins,20.00,0,0,0,0,0,0,0,0,0,0
28,AgentA wins,20.00,0,0,0,0,0,0,0,0,0,0
29,AgentA wins,19.67,0,0,0,0,0,0,0,0,0,0
30,AgentA wins,20.00,0,0,0,0,0,0,0,0,0,0
21,AgentA wins,20.00,0,0,0,0,0,0,0,0,0,0
22,AgentA wins,18.00,0,0,0,0,0,0,0,0,0,0
23,AgentA wins,20.00,0,0,0,0,0,0,0,0,0,0
24,AgentA wins,23.33,0,0,0,0,0,0,0,0,0,0
25,AgentA wins,20.00,0,0,0,0,0,0,0,0,0,0
26,AgentA wins,20.00,0,0,0,0,0,0,0,0,0,0
27,AgentA wins,15.00,0,0,0,0,0,0,0,0,0,0
28,AgentA wins,19.67,0,0,0,0,0,0,0,0,0,0
29,AgentA wins,15.00,0,0,0,0,0,0,0,0,0,0
30,AgentA wins,18.00,0,0,0,0,0,0,0,0,0,0
21,AgentA wins,20.00,0,0,0,0,0,0,0,0,0,0
22,AgentA wins,15.00,0,0,0,0,0,0,0,0,0,0
23,AgentA wins,23.33,0,0,0,0,0,0,0,0,0,0
24,AgentA wins,20.00,0,0,0,0,0,0,0,0,0,0
25,AgentA wins,17.00,0,0,0,0,0,0,0,0,0,0
26,AgentA wins,17.00,0,0,0,0,0,0,0,0,0,0
27,AgentA wins,20.00,0,0,0,0,0,0,0,0,0,0
28,AgentA wins,20.00,0,0,0,0,0,0,0,0,0,0
29,AgentA wins,15.00,0,0,0,0,0,0,0,0,0,0
30,AgentA wins,20.00,0,0,0,0,0,0,0,0,0,0
21,AgentA wins,20.00,0,0,0,0,0,0,0,0,0,0
22,AgentA wins,20.00,0,0,0,0,0,0,0,0,0,0
23,AgentA wins,20.00,0,0,0,0,0,0,0,0,0,0
24,AgentA wins,15.00,0,0,0,0,0,0,0,0,0,0
25,AgentA wins,15.00,0,0,0,0,0,0,0,0,0,0
26,AgentA wins,20.00,0,0,0,0,0,0,0,0,0,0
27,AgentA wins,20.00,0,0,0,0,0,0,0,0,0,0
28,AgentA wins,20.00,0,0,0,0,0,0,0,0,0,0
29,AgentA wins,20.00,0,0,0,0,0,0,0,0,0,0
30,AgentA wins,20.00,0,0,0,0,0,0,0,0,0,0
21,AgentA wins,20.00,0,0,0,0,0,0,0,0,0,0
22,AgentA wins,18.00,0,0,0,0,0,0,0,0,0,0
23,AgentA wins,15.00,0,0,0,0,0,0,0,0,0,0
24,AgentA wins,20.00,0,0,0,0,0,0,0,0,0,0
25,AgentA wins,17.00,0,0,0,0,0,0,0,0,0,0
26,AgentA wins,20.00,0,0,0,0,0,0,0,0,0,0
27,AgentA wins,20.00,0,0,0,0,0,0,0,0,0,0
28,AgentA wins,20.00,0,0,0,0,0,0,0,0,0,0
29,AgentA wins,19.67,0,0,0,0,0,0,0,0,0,0
30,AgentA wins,19.67,0,0,0,0,0,0,0,0,0,0
21,AgentA wins,15.00,0,0,0,0,0,0,0,0,0,0
22,AgentA wins,20.00,0,0,0,0,0,0,0,0,0,0
23,AgentA wins,15.00,0,0,0,0,0,0,0,0,0,0
24,AgentA wins,23.33,0,0,0,0,0,0,0,0,0,0
25,AgentA wins,18.00,0,0,0,0,0,0,0,0,0,0
26,AgentA wins,18.00,0,0,0,0,0,0,0,0,0,0
27,AgentA wins,20.00,0,0,0,0,0,0,0,0,0,0
28,AgentA wins,22.33,0,0,0,0,0,0,0,0,0,0
29,AgentA wins,15.00,0,0,0,0,0,0,0,0,0,0
30,AgentA wins,15.00,0,0,0,0,0,0,0,0,0,0
21,AgentA wins,20.00,0,0,0,0,0,0,0,0,0,0
22,AgentA wins,20.00,0,0,0,0,0,0,0,0,0,0
23,AgentA wins,20.00,0,0,0,0,0,0,0,0,0,0
24,AgentB wins,24.67,0,0,0,0,0,0,0,0,0,0
25,AgentA wins,20.00,0,0,0,0,0,0,0,0,0,0
26,AgentA wins,15.00,0,0,0,0,0,0,0,0,0,0
27,AgentA wins,20.00,0,0,0,0,0,0,0,0,0,0
28,AgentA wins,23.33,0,0,0,0,0,0,0,0,0,0
29,AgentA wins,20.00,0,0,0,0,0,0,0,0,0,0
30,AgentA wins,20.00,0,0,0,0,0,0,0,0,0,0
21,AgentA wins,18.00,0,0,0,0,0,0,0,0,0,0
22,AgentA wins,15.00,0,0,0,0,0,0,0,0,0,0
23,AgentA wins,20.00,0,0,0,0,0,0,0,0,0,0
24,AgentA wins,20.00,0,0,0,0,0,0,0,0,0,0
25,AgentA wins,17.00,0,0,0,0,0,0,0,0,0,0
26,AgentA wins,20.00,0,0,0,0,0,0,0,0,0,0
27,AgentA wins,18.00,0,0,0,0,0,0,0,0,0,0
28,AgentA wins,20.00,0,0,0,0,0,0,0,0,0,0
29,AgentA wins,23.33,0,0,0,0,0,0,0,0,0,0
30,AgentA wins,20.00,0,0,0,0,0,0,0,0,0,0
21,AgentA wins,20.00,0,0,0,0,0,0,0,0,0,0
22,AgentA wins,23.33,0,0,0,0,0,0,0,0,0,0
23,AgentA wins,20.00,0,0,0,0,0,0,0,0,0,0
24,AgentA wins,20.00,0,0,0,0,0,0,0,0,0,0
25,AgentA wins,20.00,0,0,0,0,0,0,0,0,0,0
26,AgentA wins,25.00,0,0,0,0,0,0,0,0,0,0
27,AgentA wins,20.00,0,0,0,0,0,0,0,0,0,0
28,AgentA wins,20.00,0,0,0,0,0,0,0,0,0,0
29,AgentB wins,24.67,0,0,0,0,0,0,0,0,0,0
30,AgentA wins,23.33,0,0,0,0,0,0,0,0,0,0
21,AgentA wins,20.00,0,0,0,0,0,0,0,0,0,0
22,AgentA wins,22.33,0,0,0,0,0,0,0,0,0,0
23,AgentA wins,17.00,0,0,0,0,0,0,0,0,0,0
24,AgentA wins,19.67,0,0,0,0,0,0,0,0,0,0
25,AgentA wins,19.67,0,0,0,0,0,0,0,0,0,0
26,AgentA wins,17.00,0,0,0,0,0,0,0,0,0,0
27,AgentA wins,19.67,0,0,0,0,0,0,0,0,0,0
28,AgentB wins,24.67,0,0,0,0,0,0,0,0,0,0
29,AgentA wins,20.00,0,0,0,0,0,0,0,0,0,0
30,AgentA wins,20.00,0,0,0,0,0,0,0,0,0,0
11,AgentB wins,43.67,0,0,0,0,0,0,0,0,0,0
12,AgentA wins,26.00,0,0,0,0,0,0,0,0,0,0
13,AgentA wins,32.00,0,0,0,0,0,0,0,0,0,0
14,AgentA wins,30.00,0,0,0,0,0,0,0,0,0,0
15,AgentB wins,44.67,0,0,0,0,0,0,0,0,0,0
16,AgentA wins,15.00,0,0,0,0,0,0,0,0,0,0
17,AgentA wins,35.67,0,0,0,0,0,0,0,0,0,0
18,AgentA wins,37.33,0,0,0,0,0,0,0,0,0,0
19,AgentA wins,30.00,0,0,0,0,0,0,0,0,0,0
20,AgentA wins,30.00,0,0,0,0,0,0,0,0,0,0
21,AgentA wins,20.00,0,0,0,0,0,0,0,0,0,0
22,AgentA wins,18.00,0,0,0,0,0,0,0,0,0,0
23,AgentA wins,15.00,0,0,0,0,0,0,0,0,0,0
24,AgentA wins,20.00,0,0,0,0,0,0,0,0,0,0
25,AgentA wins,20.00,0,0,0,0,0,0,0,0,0,0
26,AgentA wins,19.67,0,0,0,0,0,0,0,0,0,0
27,AgentA wins,15.00,0,0,0,0,0,0,0,0,0,0
28,AgentA wins,22.33,0,0,0,0,0,0,0,0,0,0
29,AgentA wins,20.00,0,0,0,0,0,0,0,0,0,0
30,AgentA wins,17.00,0,0,0,0,0,0,0,0,0,0
21,AgentA wins,23.33,0,0,0,0,0,0,0,0,0,0
22,AgentA wins,19.67,0,0,0,0,0,0,0,0,0,0
23,AgentA wins,18.00,0,0,0,0,0,0,0,0,0,0
24,AgentA wins,20.00,0,0,0,0,0,0,0,0,0,0
25,AgentA wins,23.33,0,0,0,0,0,0,0,0,0,0
26,AgentA wins,20.00,0,0,0,0,0,0,0,0,0,0
27,AgentA wins,20.00,0,0,0,0,0,0,0,0,0,0
28,AgentA wins,25.00,0,0,0,0,0,0,0,0,0,0
29,AgentA wins,19.67,0,0,0,0,0,0,0,0,0,0
30,AgentA wins,19.67,0,0,0,0,0,0,0,0,0,0
21,AgentA wins,30.00,0,0,0,0,0,0,0,0,0,0
22,AgentA wins,42.67,0,0,0,0,0,0,0,0,0,0
23,AgentA wins,32.33,0,0,0,0,0,0,0,0,0,0
24,AgentA wins,20.67,0,0,0,0,0,0,0,0,0,0
25,AgentA wins,15.00,0,0,0,0,0,0,0,0,0,0
26,AgentB wins,34.00,0,0,0,0,0,0,0,0,0,0
27,AgentA wins,15.00,0,0,0,0,0,0,0,0,0,0
28,AgentB wins,52.00,0,0,0,0,0,0,0,0,0,0
29,AgentA wins,32.00,0,0,0,0,0,0,0,0,0,0
30,AgentA wins,24.67,0,0,0,0,0,0,0,0,0,0
31,AgentA wins,15.00,0,0,0,0,0,0,0,0,0,0
32,AgentA wins,15.00,0,0,0,0,0,0,0,0,0,0
33,AgentA wins,20.00,0,0,0,0,0,0,0,0,0,0
34,AgentA wins,15.00,0,0,0,0,0,0,0,0,0,0
35,AgentA wins,25.00,0,0,0,0,0,0,0,0,0,0
36,AgentA wins,15.00,0,0,0,0,0,0,0,0,0,0
37,AgentA wins,20.00,0,0,0,0,0,0,0,0,0,0
38,AgentA wins,15.00,0,0,0,0,0,0,0,0,0,0
39,AgentA wins,17.00,0,0,0,0,0,0,0,0,0,0
40,AgentA wins,15.00,0,0,0,0,0,0,0,0,0,0
21,AgentB wins,32.33,0,0,0,0,0,0,0,0,0,0
22,AgentA wins,24.00,0,0,0,0,0,0,0,0,0,0
23,AgentA wins,15.00,0,0,0,0,0,0,0,0,0,0
24,AgentA wins,26.00,0,0,0,0,0,0,0,0,0,0
25,AgentA wins,20.67,0,0,0,0,0,0,0,0,0,0
26,AgentA wins,27.00,0,0,0,0,0,0,0,0,0,0
27,AgentA wins,15.67,0,0,0,0,0,0,0,0,0,0
28,AgentA wins,18.00,0,0,0,0,0,0,0,0,0,0
29,AgentA wins,23.67,0,0,0,0,0,0,0,0,0,0
30,AgentB wins,33.33,0,0,0,0,0,0,0,0,0,0
31,AgentA wins,20.00,0,0,0,0,0,0,0,0,0,0
32,AgentB wins,24.67,0,0,0,0,0,0,0,0,0,0
33,AgentA wins,17.00,0,0,0,0,0,0,0,0,0,0
34,AgentA wins,15.00,0,0,0,0,0,0,0,0,0,0
35,AgentA wins,20.00,0,0,0,0,0,0,0,0,0,0
36,AgentA wins,20.00,0,0,0,0,0,0,0,0,0,0
37,AgentA wins,23.33,0,0,0,0,0,0,0,0,0,0
38,AgentA wins,15.00,0,0,0,0,0,0,0,0,0,0
39,AgentA wins,15.00,0,0,0,0,0,0,0,0,0,0
40,AgentA wins,19.67,0,0,0,0,0,0,0,0,0,0
31,AgentA wins,15.00,0,0,0,0,0,0,0,0,0,0
32,AgentA wins,20.00,0,0,0,0,0,0,0,0,0,0
33,AgentA wins,17.00,0,0,0,0,0,0,0,0,0,0
34,AgentA wins,17.00,0,0,0,0,0,0,0,0,0,0
35,AgentA wins,19.67,0,0,0,0,0,0,0,0,0,0
36,AgentA wins,20.00,0,0,0,0,0,0,0,0,0,0
37,AgentA wins,15.00,0,0,0,0,0,0,0,0,0,0
38,AgentA wins,20.00,0,0,0,0,0,0,0,0,0,0
39,AgentA wins,22.33,0,0,0,0,0,0,0,0,0,0
40,AgentA wins,20.00,0,0,0,0,0,0,0,0,0,0
31,AgentA wins,19.67,0,0,0,0,0,0,0,0,0,0
32,AgentA wins,19.67,0,0,0,0,0,0,0,0,0,0
33,AgentA wins,20.00,0,0,0,0,0,0,0,0,0,0
34,AgentA wins,19.67,0,0,0,0,0,0,0,0,0,0
35,AgentA wins,20.00,0,0,0,0,0,0,0,0,0,0
36,AgentA wins,17.00,0,0,0,0,0,0,0,0,0,0
37,AgentB wins,24.67,0,0,0,0,0,0,0,0,0,0
38,AgentA wins,17.00,0,0,0,0,0,0,0,0,0,0
39,AgentA wins,19.67,0,0,0,0,0,0,0,0,0,0
40,AgentA wins,19.67,0,0,0,0,0,0,0,0,0,0
31,AgentA wins,20.00,0,0,0,0,0,0,0,0,0,0
32,AgentA wins,18.00,0,0,0,0,0,0,0,0,0,0
33,AgentA wins,20.00,0,0,0,0,0,0,0,0,0,0
34,AgentA wins,15.00,0,0,0,0,0,0,0,0,0,0
35,AgentA wins,20.00,0,0,0,0,0,0,0,0,0,0
36,AgentA wins,23.33,0,0,0,0,0,0,0,0,0,0
37,AgentA wins,19.67,0,0,0,0,0,0,0,0,0,0
38,AgentA wins,18.00,0,0,0,0,0,0,0,0,0,0
39,AgentA wins,20.00,0,0,0,0,0,0,0,0,0,0
40,AgentA wins,20.00,0,0,0,0,0,0,0,0,0,0
31,AgentA wins,15.00,0,0,0,0,0,0,0,0,0,0
32,AgentB wins,24.67,0,0,0,0,0,0,0,0,0,0
33,AgentA wins,23.33,0,0,0,0,0,0,0,0,0,0
34,AgentA wins,19.67,0,0,0,0,0,0,0,0,0,0
35,AgentA wins,20.00,0,0,0,0,0,0,0,0,0,0
36,AgentA wins,15.00,0,0,0,0,0,0,0,0,0,0
37,AgentA wins,17.00,0,0,0,0,0,0,0,0,0,0
38,AgentA wins,19.67,0,0,0,0,0,0,0,0,0,0
39,AgentA wins,20.00,0,0,0,0,0,0,0,0,0,0
40,AgentA wins,20.00,0,0,0,0,0,0,0,0,0,0
21,AgentA wins,21.00,0,0,0,0,0,0,0,0,0,0
22,AgentA wins,31.67,0,0,0,0,0,0,0,0,0,0
23,AgentA wins,15.00,0,0,0,0,0,0,0,0,0,0
24,AgentA wins,15.00,0,0,0,0,0,0,0,0,0,0
25,AgentA wins,48.33,0,0,0,0,0,0,0,0,0,0
26,AgentA wins,42.00,0,0,0,0,0,0,0,0,0,0
27,AgentB wins,22.00,0,0,0,0,0,0,0,0,0,0
28,AgentA wins,37.00,0,0,0,0,0,0,0,0,0,0
29,AgentB wins,44.67,0,0,0,0,0,0,0,0,0,0
30,AgentB wins,34.00,0,0,0,0,0,0,0,0,0,0
31,AgentA wins,15.00,0,0,0,0,0,0,0,0,0,0
32,AgentA wins,15.00,0,0,0,0,0,0,0,0,0,0
33,AgentA wins,19.67,0,0,0,0,0,0,0,0,0,0
34,AgentA wins,20.00,0,0,0,0,0,0,0,0,0,0
35,AgentA wins,22.33,0,0,0,0,0,0,0,0,0,0
36,AgentA wins,20.00,0,0,0,0,0,0,0,0,0,0
37,AgentA wins,20.00,0,0,0,0,0,0,0,0,0,0
38,AgentA wins,20.00,0,0,0,0,0,0,0,0,0,0
39,AgentA wins,20.00,0,0,0,0,0,0,0,0,0,0
40,AgentA wins,15.00,0,0,0,0,0,0,0,0,0,0
31,AgentA wins,18.00,0,0,0,0,0,0,0,0,0,0
32,AgentA wins,27.33,0,0,0,0,0,0,0,0,0,0
33,AgentA wins,17.00,0,0,0,0,0,0,0,0,0,0
34,AgentA wins,19.67,0,0,0,0,0,0,0,0,0,0
35,AgentA wins,15.00,0,0,0,0,0,0,0,0,0,0
36,AgentA wins,15.00,0,0,0,0,0,0,0,0,0,0
37,AgentA wins,15.00,0,0,0,0,0,0,0,0,0,0
38,AgentA wins,19.67,0,0,0,0,0,0,0,0,0,0
39,AgentA wins,15.00,0,0,0,0,0,0,0,0,0,0
40,AgentA wins,22.33,0,0,0,0,0,0,0,0,0,0
31,AgentA wins,15.00,0,0,0,0,0,0,0,0,0,0
32,AgentA wins,17.00,0,0,0,0,0,0,0,0,0,0
33,AgentA wins,20.00,0,0,0,0,0,0,0,0,0,0
34,AgentA wins,17.00,0,0,0,0,0,0,0,0,0,0
35,AgentA wins,20.00,0,0,0,0,0,0,0,0,0,0
36,AgentA wins,23.33,0,0,0,0,0,0,0,0,0,0
37,AgentA wins,19.67,0,0,0,0,0,0,0,0,0,0
38,AgentA wins,23.33,0,0,0,0,0,0,0,0,0,0
39,AgentA wins,15.00,0,0,0,0,0,0,0,0,0,0
40,AgentA wins,25.67,0,0,0,0,0,0,0,0,0,0
31,AgentA wins,15.00,0,0,0,0,0,0,0,0,0,0
32,AgentA wins,20.00,0,0,0,0,0,0,0,0,0,0
33,AgentA wins,19.67,0,0,0,0,0,0,0,0,0,0
34,AgentA wins,19.67,0,0,0,0,0,0,0,0,0,0
35,AgentA wins,20.00,0,0,0,0,0,0,0,0,0,0
36,AgentA wins,25.00,0,0,0,0,0,0,0,0,0,0
37,AgentA wins,23.33,0,0,0,0,0,0,0,0,0,0
38,AgentA wins,19.67,0,0,0,0,0,0,0,0,0,0
39,AgentA wins,20.00,0,0,0,0,0,0,0,0,0,0
40,AgentA wins,15.00,0,0,0,0,0,0,0,0,0,0
31,AgentA wins,20.00,0,0,0,0,0,0,0,0,0,0
32,AgentA wins,19.67,0,0,0,0,0,0,0,0,0,0
33,AgentA wins,25.00,0,0,0,0,0,0,0,0,0,0
34,AgentA wins,18.00,0,0,0,0,0,0,0,0,0,0
35,AgentA wins,15.00,0,0,0,0,0,0,0,0,0,0
36,AgentA wins,17.00,0,0,0,0,0,0,0,0,0,0
37,AgentA wins,15.00,0,0,0,0,0,0,0,0,0,0
38,AgentA wins,19.67,0,0,0,0,0,0,0,0,0,0
39,AgentA wins,15.00,0,0,0,0,0,0,0,0,0,0
40,AgentA wins,20.00,0,0,0,0,0,0,0,0,0,0
31,AgentA wins,19.67,0,0,0,0,0,0,0,0,0,0
32,AgentA wins,20.00,0,0,0,0,0,0,0,0,0,0
33,AgentB wins,24.67,0,0,0,0,0,0,0,0,0,0
34,AgentA wins,15.00,0,0,0,0,0,0,0,0,0,0
35,AgentA wins,20.00,0,0,0,0,0,0,0,0,0,0
36,AgentA wins,20.00,0,0,0,0,0,0,0,0,0,0
37,AgentA wins,19.67,0,0,0,0,0,0,0,0,0,0
38,AgentB wins,24.67,0,0,0,0,0,0,0,0,0,0
39,AgentA wins,20.00,0,0,0,0,0,0,0,0,0,0
40,AgentA wins,20.00,0,0,0,0,0,0,0,0,0,0
31,AgentA wins,22.33,0,0,0,0,0,0,0,0,0,0
32,AgentA wins,17.00,0,0,0,0,0,0,0,0,0,0
33,AgentA wins,19.67,0,0,0,0,0,0,0,0,0,0
34,AgentA wins,20.00,0,0,0,0,0,0,0,0,0,0
35,AgentA wins,15.00,0,0,0,0,0,0,0,0,0,0
36,AgentA wins,20.00,0,0,0,0,0,0,0,0,0,0
37,AgentA wins,19.67,0,0,0,0,0,0,0,0,0,0
38,AgentA wins,15.00,0,0,0,0,0,0,0,0,0,0
39,AgentA wins,20.00,0,0,0,0,0,0,0,0,0,0
40,AgentA wins,18.00,0,0,0,0,0,0,0,0,0,0
31,AgentA wins,19.67,0,0,0,0,0,0,0,0,0,0
32,AgentA wins,20.00,0,0,0,0,0,0,0,0,0,0
33,AgentA wins,20.00,0,0,0,0,0,0,0,0,0,0
34,AgentA wins,19.67,0,0,0,0,0,0,0,0,0,0
35,AgentA wins,23.33,0,0,0,0,0,0,0,0,0,0
36,AgentA wins,20.00,0,0,0,0,0,0,0,0,0,0
37,AgentA wins,19.67,0,0,0,0,0,0,0,0,0,0
38,AgentB wins,24.67,0,0,0,0,0,0,0,0,0,0
39,AgentA wins,20.00,0,0,0,0,0,0,0,0,0,0
40,AgentA wins,15.00,0,0,0,0,0,0,0,0,0,0
21,AgentA wins,29.00,0,0,0,0,0,0,0,0,0,0
22,AgentA wins,27.00,0,0,0,0,0,0,0,0,0,0
23,AgentA wins,35.33,0,0,0,0,0,0,0,0,0,0
24,AgentA wins,15.00,0,0,0,0,0,0,0,0,0,0
25,AgentA wins,23.67,0,0,0,0,0,0,0,0,0,0
26,AgentA wins,25.67,0,0,0,0,0,0,0,0,0,0
27,AgentA wins,47.00,0,0,0,0,0,0,0,0,0,0
28,AgentA wins,15.00,0,0,0,0,0,0,0,0,0,0
29,AgentA wins,26.67,0,0,0,0,0,0,0,0,0,0
30,AgentA wins,18.67,0,0,0,0,0,0,0,0,0,0
21,AgentA wins,18.00,0,0,0,0,0,0,0,0,0,0
22,AgentA wins,30.33,0,0,0,0,0,0,0,0,0,0
23,AgentA wins,32.00,0,0,0,0,0,0,0,0,0,0
24,AgentA wins,24.00,0,0,0,0,0,0,0,0,0,0
25,AgentA wins,30.00,0,0,0,0,0,0,0,0,0,0
26,AgentA wins,24.33,0,0,0,0,0,0,0,0,0,0
27,AgentA wins,29.00,0,0,0,0,0,0,0,0,0,0
28,AgentB wins,22.33,0,0,0,0,0,0,0,0,0,0
29,AgentA wins,15.00,0,0,0,0,0,0,0,0,0,0
30,AgentA wins,38.00,0,0,0,0,0,0,0,0,0,0
31,AgentA wins,15.00,0,0,0,0,0,0,0,0,0,0
32,AgentA wins,23.33,0,0,0,0,0,0,0,0,0,0
33,AgentA wins,15.00,0,0,0,0,0,0,0,0,0,0
34,AgentA wins,20.00,0,0,0,0,0,0,0,0,0,0
35,AgentA wins,22.33,0,0,0,0,0,0,0,0,0,0
36,AgentA wins,19.67,0,0,0,0,0,0,0,0,0,0
37,AgentA wins,15.00,0,0,0,0,0,0,0,0,0,0
38,AgentA wins,17.00,0,0,0,0,0,0,0,0,0,0
39,AgentA wins,25.00,0,0,0,0,0,0,0,0,0,0
40,AgentA wins,27.33,0,0,0,0,0,0,0,0,0,0
21,AgentB wins,30.33,0,0,0,0,0,0,0,0,0,0
22,AgentB wins,34.33,0,0,0,0,0,0,0,0,0,0
23,AgentA wins,15.00,0,0,0,0,0,0,0,0,0,0
24,AgentA wins,26.67,0,0,0,0,0,0,0,0,0,0
25,AgentA wins,17.67,0,0,0,0,0,0,0,0,0,0
26,AgentA wins,36.00,0,0,0,0,0,0,0,0,0,0
27,AgentA wins,18.00,0,0,0,0,0,0,0,0,0,0
28,AgentB wins,40.00,0,0,0,0,0,0,0,0,0,0
29,AgentA wins,33.00,0,0,0,0,0,0,0,0,0,0
30,AgentA wins,40.33,0,0,0,0,0,0,0,0,0,0
21,AgentA wins,28.67,0,0,0,0,0,0,0,0,0,0
22,AgentA wins,21.00,0,0,0,0,0,0,0,0,0,0
23,AgentA wins,29.00,0,0,0,0,0,0,0,0,0,0
24,AgentB wins,45.33,0,0,0,0,0,0,0,0,0,0
25,AgentA wins,27.00,0,0,0,0,0,0,0,0,0,0
26,AgentA wins,15.00,0,0,0,0,0,0,0,0,0,0
27,AgentA wins,50.00,0,0,0,0,0,0,0,0,0,0
28,AgentA wins,21.00,0,0,0,0,0,0,0,0,0,0
29,AgentA wins,15.00,0,0,0,0,0,0,0,0,0,0
30,AgentB wins,45.67,0,0,0,0,0,0,0,0,0,0
21,AgentA wins,26.33,0,0,0,0,0,0,0,0,0,0
22,AgentA wins,24.33,0,0,0,0,0,0,0,0,0,0
23,AgentA wins,37.67,0,0,0,0,0,0,0,0,0,0
24,AgentA wins,26.67,0,0,0,0,0,0,0,0,0,0
25,AgentA wins,21.67,0,0,0,0,0,0,0,0,0,0
26,AgentA wins,15.00,0,0,0,0,0,0,0,0,0,0
27,AgentB wins,30.00,0,0,0,0,0,0,0,0,0,0
28,AgentA wins,18.00,0,0,0,0,0,0,0,0,0,0
29,AgentA wins,18.67,0,0,0,0,0,0,0,0,0,0
30,AgentA wins,18.00,0,0,0,0,0,0,0,0,0,0
21,AgentA wins,43.00,385,384,0,227,0,312,0,54,65,85
22,AgentA wins,24.33,222,218,0,114,0,169,0,24,44,36
23,AgentA wins,18.00,161,165,0,100,0,134,0,23,28,26
24,AgentA wins,32.00,288,288,0,162,0,232,0,38,55,54
25,AgentA wins,32.67,293,295,0,167,0,235,0,37,48,62
26,AgentA wins,24.67,220,222,0,136,0,180,0,27,30,43
27,AgentA wins,15.00,134,137,0,74,0,102,0,17,26,24
28,AgentA wins,29.33,263,264,0,148,0,199,0,29,47,49
29,AgentB wins,49.67,443,449,0,258,0,362,0,58,65,97
30,AgentA wins,32.67,296,298,0,171,0,236,0,40,41,63
21,AgentA wins,26.67,0,0,0,0,0,0,0,0,0,0
22,AgentA wins,37.00,0,0,0,0,0,0,0,0,0,0
23,AgentA wins,41.67,0,0,0,0,0,0,0,0,0,0
24,AgentB wins,22.67,0,0,0,0,0,0,0,0,0,0
25,AgentA wins,18.67,0,0,0,0,0,0,0,0,0,0
26,AgentA wins,30.00,0,0,0,0,0,0,0,0,0,0
27,AgentA wins,25.67,0,0,0,0,0,0,0,0,0,0
28,AgentA wins,28.67,0,0,0,0,0,0,0,0,0,0
29,AgentA wins,38.00,0,0,0,0,0,0,0,0,0,0
30,AgentA wins,29.67,0,0,0,0,0,0,0,0,0,0
41,AgentA wins,19.67,0,0,0,0,0,0,0,0,0,0
42,AgentA wins,20.00,0,0,0,0,0,0,0,0,0,0
43,AgentA wins,19.67,0,0,0,0,0,0,0,0,0,0
44,AgentA wins,20.00,0,0,0,0,0,0,0,0,0,0
45,AgentA wins,18.00,0,0,0,0,0,0,0,0,0,0
46,AgentA wins,18.00,0,0,0,0,0,0,0,0,0,0
47,AgentA wins,15.00,0,0,0,0,0,0,0,0,0,0
48,AgentA wins,15.00,0,0,0,0,0,0,0,0,0,0
49,AgentA wins,15.00,0,0,0,0,0,0,0,0,0,0
50,AgentA wins,23.33,0,0,0,0,0,0,0,0,0,0
41,AgentA wins,19.67,0,0,0,0,0,0,0,0,0,0
42,AgentA wins,19.67,0,0,0,0,0,0,0,0,0,0
43,AgentA wins,15.00,0,0,0,0,0,0,0,0,0,0
44,AgentA wins,15.00,0,0,0,0,0,0,0,0,0,0
45,AgentA wins,17.00,0,0,0,0,0,0,0,0,0,0
46,AgentA wins,17.00,0,0,0,0,0,0,0,0,0,0
47,AgentA wins,20.00,0,0,0,0,0,0,0,0,0,0
48,AgentA wins,20.00,0,0,0,0,0,0,0,0,0,0
49,AgentA wins,15.00,0,0,0,0,0,0,0,0,0,0
50,AgentA wins,20.00,0,0,0,0,0,0,0,0,0,0
41,AgentA wins,20.00,0,0,0,0,0,0,0,0,0,0
42,AgentA wins,15.00,0,0,0,0,0,0,0,0,0,0
43,AgentA wins,15.00,0,0,0,0,0,0,0,0,0,0
44,AgentA wins,20.00,0,0,0,0,0,0,0,0,0,0
45,AgentA wins,18.00,0,0,0,0,0,0,0,0,0,0
46,AgentA wins,20.00,0,0,0,0,0,0,0,0,0,0
47,AgentA wins,15.00,0,0,0,0,0,0,0,0,0,0
48,AgentA wins,19.67,0,0,0,0,0,0,0,0,0,0
49,AgentA wins,15.00,0,0,0,0,0,0,0,0,0,0
50,AgentA wins,19.67,0,0,0,0,0,0,0,0,0,0
41,AgentA wins,15.00,0,0,0,0,0,0,0,0,0,0
42,AgentA wins,17.00,0,0,0,0,0,0,0,0,0,0
43,AgentA wins,20.00,0,0,0,0,0,0,0,0,0,0
44,AgentA wins,18.00,0,0,0,0,0,0,0,0,0,0
45,AgentA wins,20.00,0,0,0,0,0,0,0,0,0,0
46,AgentA wins,18.00,0,0,0,0,0,0,0,0,0,0
47,AgentA wins,15.00,0,0,0,0,0,0,0,0,0,0
48,AgentA wins,17.00,0,0,0,0,0,0,0,0,0,0
49,AgentA wins,20.00,0,0,0,0,0,0,0,0,0,0
50,AgentA wins,19.67,0,0,0,0,0,0,0,0,0,0
41,AgentA wins,18.00,0,0,0,0,0,0,0,0,0,0
42,AgentA wins,20.00,0,0,0,0,0,0,0,0,0,0
43,AgentA wins,20.00,0,0,0,0,0,0,0,0,0,0
44,AgentB wins,24.67,0,0,0,0,0,0,0,0,0,0
45,AgentA wins,20.00,0,0,0,0,0,0,0,0,0,0
46,AgentA wins,15.00,0,0,0,0,0,0,0,0,0,0
47,AgentA wins,15.00,0,0,0,0,0,0,0,0,0,0
48,AgentA wins,20.00,0,0,0,0,0,0,0,0,0,0
49,AgentA wins,20.00,0,0,0,0,0,0,0,0,0,0
50,AgentA wins,19.67,0,0,0,0,0,0,0,0,0,0
41,AgentA wins,19.67,0,0,0,0,0,0,0,0,0,0
42,AgentA wins,20.00,0,0,0,0,0,0,0,0,0,0
43,AgentA wins,15.00,0,0,0,0,0,0,0,0,0,0
44,AgentA wins,20.00,0,0,0,0,0,0,0,0,0,0
45,AgentA wins,20.00,0,0,0,0,0,0,0,0,0,0
46,AgentA wins,15.00,0,0,0,0,0,0,0,0,0,0
47,AgentA wins,20.00,0,0,0,0,0,0,0,0,0,0
48,AgentA wins,20.00,0,0,0,0,0,0,0,0,0,0
49,AgentA wins,22.33,0,0,0,0,0,0,0,0,0,0
50,AgentA wins,18.00,0,0,0,0,0,0,0,0,0,0
41,AgentA wins,15.00,0,0,0,0,0,0,0,0,0,0
42,AgentA wins,19.67,0,0,0,0,0,0,0,0,0,0
43,AgentA wins,18.00,0,0,0,0,0,0,0,0,0,0
44,AgentA wins,20.00,0,0,0,0,0,0,0,0,0,0
45,AgentA wins,20.00,0,0,0,0,0,0,0,0,0,0
46,AgentA wins,15.00,0,0,0,0,0,0,0,0,0,0
47,AgentA wins,20.00,0,0,0,0,0,0,0,0,0,0
48,AgentA wins,20.00,0,0,0,0,0,0,0,0,0,0
49,AgentA wins,15.00,0,0,0,0,0,0,0,0,0,0
50,AgentA wins,20.00,0,0,0,0,0,0,0,0,0,0
41,AgentA wins,17.00,0,0,0,0,0,0,0,0,0,0
42,AgentA wins,20.00,0,0,0,0,0,0,0,0,0,0
43,AgentA wins,17.00,0,0,0,0,0,0,0,0,0,0
44,AgentA wins,20.00,0,0,0,0,0,0,0,0,0,0
45,AgentA wins,20.00,0,0,0,0,0,0,0,0,0,0
46,AgentA wins,20.00,0,0,0,0,0,0,0,0,0,0
47,AgentA wins,15.00,0,0,0,0,0,0,0,0,0,0
48,AgentA wins,20.00,0,0,0,0,0,0,0,0,0,0
49,AgentA wins,22.33,0,0,0,0,0,0,0,0,0,0
50,AgentA wins,18.00,0,0,0,0,0,0,0,0,0,0
41,AgentA wins,20.00,0,0,0,0,0,0,0,0,0,0
42,AgentA wins,15.00,0,0,0,0,0,0,0,0,0,0
43,AgentA wins,20.00,0,0,0,0,0,0,0,0,0,0
44,AgentA wins,23.33,0,0,0,0,0,0,0,0,0,0
45,AgentA wins,20.00,0,0,0,0,0,0,0,0,0,0
46,AgentA wins,20.00,0,0,0,0,0,0,0,0,0,0
47,AgentA wins,15.00,0,0,0,0,0,0,0,0,0,0
48,AgentA wins,19.67,0,0,0,0,0,0,0,0,0,0
49,AgentA wins,19.67,0,0,0,0,0,0,0,0,0,0
50,AgentA wins,15.00,0,0,0,0,0,0,0,0,0,0
41,AgentA wins,20.00,0,0,0,0,0,0,0,0,0,0
42,AgentA wins,20.00,0,0,0,0,0,0,0,0,0,0
43,AgentA wins,20.00,0,0,0,0,0,0,0,0,0,0
44,AgentA wins,20.00,0,0,0,0,0,0,0,0,0,0
45,AgentA wins,20.00,0,0,0,0,0,0,0,0,0,0
46,AgentA wins,17.00,0,0,0,0,0,0,0,0,0,0
47,AgentA wins,15.00,0,0,0,0,0,0,0,0,0,0
48,AgentA wins,22.33,0,0,0,0,0,0,0,0,0,0
49,AgentA wins,18.00,0,0,0,0,0,0,0,0,0,0
50,AgentA wins,23.33,0,0,0,0,0,0,0,0,0,0
41,AgentA wins,23.33,0,0,0,0,0,0,0,0,0,0
42,AgentA wins,17.00,0,0,0,0,0,0,0,0,0,0
43,AgentA wins,15.00,0,0,0,0,0,0,0,0,0,0
44,AgentA wins,20.00,0,0,0,0,0,0,0,0,0,0
45,AgentA wins,20.00,0,0,0,0,0,0,0,0,0,0
46,AgentA wins,17.00,0,0,0,0,0,0,0,0,0,0
47,AgentA wins,25.00,0,0,0,0,0,0,0,0,0,0
48,AgentA wins,17.00,0,0,0,0,0,0,0,0,0,0
49,AgentA wins,23.33,0,0,0,0,0,0,0,0,0,0
50,AgentA wins,15.00,0,0,0,0,0,0,0,0,0,0
41,AgentA wins,20.00,0,0,0,0,0,0,0,0,0,0
42,AgentA wins,25.00,0,0,0,0,0,0,0,0,0,0
43,AgentA wins,17.00,0,0,0,0,0,0,0,0,0,0
44,AgentA wins,20.00,0,0,0,0,0,0,0,0,0,0
45,AgentA wins,17.00,0,0,0,0,0,0,0,0,0,0
46,AgentA wins,22.33,0,0,0,0,0,0,0,0,0,0
47,AgentA wins,20.00,0,0,0,0,0,0,0,0,0,0
48,AgentA wins,15.00,0,0,0,0,0,0,0,0,0,0
49,AgentA wins,19.67,0,0,0,0,0,0,0,0,0,0
50,AgentA wins,23.33,0,0,0,0,0,0,0,0,0,0
31,AgentA wins,15.00,0,0,0,0,0,0,0,0,0,0
32,AgentA wins,32.67,0,0,0,0,0,0,0,0,0,0
33,AgentA wins,24.00,0,0,0,0,0,0,0,0,0,0
34,AgentA wins,15.00,0,0,0,0,0,0,0,0,0,0
35,AgentA wins,26.67,0,0,0,0,0,0,0,0,0,0
36,AgentA wins,18.67,0,0,0,0,0,0,0,0,0,0
37,AgentA wins,24.00,0,0,0,0,0,0,0,0,0,0
38,AgentA wins,18.00,0,0,0,0,0,0,0,0,0,0
39,AgentA wins,32.00,0,0,0,0,0,0,0,0,0,0
40,AgentB wins,27.33,0,0,0,0,0,0,0,0,0,0
41,AgentA wins,20.00,0,0,0,0,0,0,0,0,0,0
42,AgentA wins,20.00,0,0,0,0,0,0,0,0,0,0
43,AgentA wins,15.00,0,0,0,0,0,0,0,0,0,0
44,AgentA wins,20.00,0,0,0,0,0,0,0,0,0,0
45,AgentA wins,20.00,0,0,0,0,0,0,0,0,0,0
46,AgentA wins,20.00,0,0,0,0,0,0,0,0,0,0
47,AgentA wins,20.00,0,0,0,0,0,0,0,0,0,0
48,AgentA wins,20.00,0,0,0,0,0,0,0,0,0,0
49,AgentA wins,20.00,0,0,0,0,0,0,0,0,0,0
50,AgentA wins,20.00,0,0,0,0,0,0,0,0,0,0
41,AgentA wins,17.00,0,0,0,0,0,0,0,0,0,0
42,AgentA wins,20.00,0,0,0,0,0,0,0,0,0,0
43,AgentA wins,19.67,0,0,0,0,0,0,0,0,0,0
44,AgentA wins,20.00,0,0,0,0,0,0,0,0,0,0
45,AgentA wins,20.00,0,0,0,0,0,0,0,0,0,0
46,AgentA wins,20.00,0,0,0,0,0,0,0,0,0,0
47,AgentA wins,19.67,0,0,0,0,0,0,0,0,0,0
48,AgentA wins,17.00,0,0,0,0,0,0,0,0,0,0
49,AgentB wins,24.67,0,0,0,0,0,0,0,0,0,0
50,AgentA wins,20.00,0,0,0,0,0,0,0,0,0,0
41,AgentA wins,19.67,0,0,0,0,0,0,0,0,0,0
42,AgentA wins,17.00,0,0,0,0,0,0,0,0,0,0
43,AgentA wins,15.00,0,0,0,0,0,0,0,0,0,0
44,AgentA wins,20.00,0,0,0,0,0,0,0,0,0,0
45,AgentA wins,20.00,0,0,0,0,0,0,0,0,0,0
46,AgentA wins,15.00,0,0,0,0,0,0,0,0,0,0
47,AgentA wins,15.00,0,0,0,0,0,0,0,0,0,0
48,AgentA wins,15.00,0,0,0,0,0,0,0,0,0,0
49,AgentA wins,20.00,0,0,0,0,0,0,0,0,0,0
50,AgentB wins,24.67,0,0,0,0,0,0,0,0,0,0
31,AgentA wins,18.00,0,0,0,0,0,0,0,0,0,0
32,AgentA wins,43.67,0,0,0,0,0,0,0,0,0,0
33,AgentA wins,21.00,0,0,0,0,0,0,0,0,0,0
34,AgentA wins,33.00,0,0,0,0,0,0,0,0,0,0
35,AgentA wins,15.00,0,0,0,0,0,0,0,0,0,0
36,AgentA wins,15.00,0,0,0,0,0,0,0,0,0,0
37,AgentA wins,34.33,0,0,0,0,0,0,0,0,0,0
38,AgentA wins,18.00,0,0,0,0,0,0,0,0,0,0
39,AgentA wins,15.67,0,0,0,0,0,0,0,0,0,0
40,AgentA wins,18.00,0,0,0,0,0,0,0,0,0,0
31,AgentA wins,38.33,0,0,0,0,0,0,0,0,0,0
32,AgentA wins,30.00,0,0,0,0,0,0,0,0,0,0
33,AgentA wins,29.33,0,0,0,0,0,0,0,0,0,0
34,AgentA wins,44.67,0,0,0,0,0,0,0,0,0,0
35,AgentB wins,50.67,0,0,0,0,0,0,0,0,0,0
36,AgentA wins,15.00,0,0,0,0,0,0,0,0,0,0
37,AgentA wins,38.33,0,0,0,0,0,0,0,0,0,0
38,AgentA wins,34.00,0,0,0,0,0,0,0,0,0,0
39,AgentA wins,21.67,0,0,0,0,0,0,0,0,0,0
40,AgentA wins,15.00,0,0,0,0,0,0,0,0,0,0
31,AgentA wins,23.00,0,0,0,0,0,0,0,0,0,0
32,AgentA wins,18.00,0,0,0,0,0,0,0,0,0,0
33,AgentA wins,34.67,0,0,0,0,0,0,0,0,0,0
34,AgentA wins,21.00,0,0,0,0,0,0,0,0,0,0
35,AgentA wins,29.67,0,0,0,0,0,0,0,0,0,0
36,AgentA wins,27.00,0,0,0,0,0,0,0,0,0,0
37,AgentA wins,15.00,0,0,0,0,0,0,0,0,0,0
38,AgentA wins,34.00,0,0,0,0,0,0,0,0,0,0
39,AgentA wins,26.33,0,0,0,0,0,0,0,0,0,0
40,AgentA wins,42.33,0,0,0,0,0,0,0,0,0,0
31,AgentA wins,34.33,0,0,0,0,0,0,0,0,0,0
32,AgentA wins,35.33,0,0,0,0,0,0,0,0,0,0
33,AgentA wins,18.33,0,0,0,0,0,0,0,0,0,0
34,AgentA wins,21.00,0,0,0,0,0,0,0,0,0,0
35,AgentA wins,32.33,0,0,0,0,0,0,0,0,0,0
36,AgentA wins,15.00,0,0,0,0,0,0,0,0,0,0
37,AgentA wins,15.00,0,0,0,0,0,0,0,0,0,0
38,AgentB wins,33.67,0,0,0,0,0,0,0,0,0,0
39,AgentA wins,36.67,0,0,0,0,0,0,0,0,0,0
40,AgentA wins,26.67,0,0,0,0,0,0,0,0,0,0
31,AgentA wins,15.00,0,0,0,0,0,0,0,0,0,0
32,AgentA wins,40.33,0,0,0,0,0,0,0,0,0,0
33,AgentA wins,18.00,0,0,0,0,0,0,0,0,0,0
34,AgentA wins,26.00,0,0,0,0,0,0,0,0,0,0
35,AgentA wins,15.00,0,0,0,0,0,0,0,0,0,0
36,AgentA wins,24.00,0,0,0,0,0,0,0,0,0,0
37,AgentA wins,30.33,0,0,0,0,0,0,0,0,0,0
38,AgentA wins,18.00,0,0,0,0,0,0,0,0,0,0
39,AgentA wins,24.67,0,0,0,0,0,0,0,0,0,0
40,AgentA wins,26.00,0,0,0,0,0,0,0,0,0,0
31,AgentA wins,15.00,133,134,0,77,0,108,0,19,18,28
32,AgentA wins,24.00,217,218,0,130,0,179,0,33,28,45
33,AgentA wins,18.00,164,162,0,99,0,130,0,20,18,40
34,AgentA wins,36.67,333,330,0,193,0,258,0,46,48,69
35,AgentA wins,36.67,333,331,0,194,0,259,0,50,57,78
36,AgentA wins,15.00,135,129,0,74,0,112,0,18,32,17
37,AgentA wins,15.00,135,135,0,79,0,114,0,17,26,27
38,AgentA wins,33.00,294,298,0,177,0,230,0,35,54,59
39,AgentA wins,28.67,260,259,0,135,0,200,0,34,59,34
40,AgentA wins,25.67,229,228,0,124,0,196,0,29,59,43
51,AgentA wins,20.00,0,0,0,0,0,0,0,0,0,0
52,AgentB wins,24.67,0,0,0,0,0,0,0,0,0,0
53,AgentA wins,20.00,0,0,0,0,0,0,0,0,0,0
54,AgentA wins,15.00,0,0,0,0,0,0,0,0,0,0
55,AgentA wins,17.00,0,0,0,0,0,0,0,0,0,0
56,AgentA wins,19.67,0,0,0,0,0,0,0,0,0,0
57,AgentA wins,23.33,0,0,0,0,0,0,0,0,0,0
58,AgentA wins,15.00,0,0,0,0,0,0,0,0,0,0
59,AgentA wins,15.00,0,0,0,0,0,0,0,0,0,0
60,AgentA wins,19.67,0,0,0,0,0,0,0,0,0,0
31,AgentA wins,15.00,0,0,0,0,0,0,0,0,0,0
32,AgentA wins,36.00,0,0,0,0,0,0,0,0,0,0
33,AgentB wins,41.33,0,0,0,0,0,0,0,0,0,0
34,AgentA wins,21.00,0,0,0,0,0,0,0,0,0,0
35,AgentA wins,18.00,0,0,0,0,0,0,0,0,0,0
36,AgentA wins,15.00,0,0,0,0,0,0,0,0,0,0
37,AgentB wins,30.00,0,0,0,0,0,0,0,0,0,0
38,AgentA wins,31.67,0,0,0,0,0,0,0,0,0,0
39,AgentB wins,36.67,0,0,0,0,0,0,0,0,0,0
40,AgentA wins,30.67,0,0,0,0,0,0,0,0,0,0
51,AgentA wins,17.00,0,0,0,0,0,0,0,0,0,0
52,AgentA wins,20.00,0,0,0,0,0,0,0,0,0,0
53,AgentA wins,20.00,0,0,0,0,0,0,0,0,0,0
54,AgentA wins,20.00,0,0,0,0,0,0,0,0,0,0
55,AgentA wins,17.00,0,0,0,0,0,0,0,0,0,0
56,AgentA wins,19.67,0,0,0,0,0,0,0,0,0,0
57,AgentA wins,17.00,0,0,0,0,0,0,0,0,0,0
58,AgentA wins,20.00,0,0,0,0,0,0,0,0,0,0
59,AgentA wins,20.00,0,0,0,0,0,0,0,0,0,0
60,AgentA wins,15.00,0,0,0,0,0,0,0,0,0,0
31,AgentA wins,32.33,0,0,0,0,0,0,0,0,0,0
32,AgentA wins,29.00,0,0,0,0,0,0,0,0,0,0
33,AgentA wins,26.67,0,0,0,0,0,0,0,0,0,0
34,AgentA wins,31.67,0,0,0,0,0,0,0,0,0,0
35,AgentB wins,40.00,0,0,0,0,0,0,0,0,0,0
36,AgentA wins,45.67,0,0,0,0,0,0,0,0,0,0
37,AgentB wins,35.67,0,0,0,0,0,0,0,0,0,0
38,AgentA wins,18.67,0,0,0,0,0,0,0,0,0,0
39,AgentB wins,31.33,0,0,0,0,0,0,0,0,0,0
40,AgentA wins,15.00,0,0,0,0,0,0,0,0,0,0
51,AgentA wins,20.00,0,0,0,0,0,0,0,0,0,0
52,AgentA wins,20.00,0,0,0,0,0,0,0,0,0,0
53,AgentA wins,15.00,0,0,0,0,0,0,0,0,0,0
54,AgentA wins,20.00,0,0,0,0,0,0,0,0,0,0
55,AgentA wins,15.00,0,0,0,0,0,0,0,0,0,0
56,AgentA wins,20.00,0,0,0,0,0,0,0,0,0,0
57,AgentA wins,15.00,0,0,0,0,0,0,0,0,0,0
58,AgentA wins,20.00,0,0,0,0,0,0,0,0,0,0
59,AgentA wins,17.00,0,0,0,0,0,0,0,0,0,0
60,AgentA wins,15.00,0,0,0,0,0,0,0,0,0,0
51,AgentA wins,20.00,0,0,0,0,0,0,0,0,0,0
52,AgentA wins,20.00,0,0,0,0,0,0,0,0,0,0
53,AgentA wins,15.00,0,0,0,0,0,0,0,0,0,0
54,AgentA wins,15.00,0,0,0,0,0,0,0,0,0,0
55,AgentA wins,23.33,0,0,0,0,0,0,0,0,0,0
56,AgentA wins,25.00,0,0,0,0,0,0,0,0,0,0
57,AgentA wins,22.33,0,0,0,0,0,0,0,0,0,0
58,AgentA wins,19.67,0,0,0,0,0,0,0,0,0,0
59,AgentA wins,20.00,0,0,0,0,0,0,0,0,0,0
60,AgentA wins,19.67,0,0,0,0,0,0,0,0,0,0
51,AgentA wins,23.33,0,0,0,0,0,0,0,0,0,0
52,AgentA wins,20.00,0,0,0,0,0,0,0,0,0,0
53,AgentB wins,24.67,0,0,0,0,0,0,0,0,0,0
54,AgentA wins,19.67,0,0,0,0,0,0,0,0,0,0
55,AgentA wins,15.00,0,0,0,0,0,0,0,0,0,0
56,AgentB wins,24.67,0,0,0,0,0,0,0,0,0,0
57,AgentB wins,24.67,0,0,0,0,0,0,0,0,0,0
58,AgentA wins,15.00,0,0,0,0,0,0,0,0,0,0
59,AgentA wins,23.33,0,0,0,0,0,0,0,0,0,0
60,AgentA wins,19.67,0,0,0,0,0,0,0,0,0,0
51,AgentA wins,23.33,0,0,0,0,0,0,0,0,0,0
52,AgentB wins,24.67,0,0,0,0,0,0,0,0,0,0
53,AgentA wins,19.67,0,0,0,0,0,0,0,0,0,0
54,AgentA wins,25.00,0,0,0,0,0,0,0,0,0,0
55,AgentA wins,15.00,0,0,0,0,0,0,0,0,0,0
56,AgentA wins,15.00,0,0,0,0,0,0,0,0,0,0
57,AgentA wins,20.00,0,0,0,0,0,0,0,0,0,0
58,AgentA wins,19.67,0,0,0,0,0,0,0,0,0,0
59,AgentA wins,15.00,0,0,0,0,0,0,0,0,0,0
60,AgentA wins,19.67,0,0,0,0,0,0,0,0,0,0
51,AgentB wins,24.67,0,0,0,0,0,0,0,0,0,0
52,AgentA wins,20.00,0,0,0,0,0,0,0,0,0,0
53,AgentA wins,15.00,0,0,0,0,0,0,0,0,0,0
54,AgentA wins,19.67,0,0,0,0,0,0,0,0,0,0
55,AgentA wins,19.67,0,0,0,0,0,0,0,0,0,0
56,AgentA wins,17.00,0,0,0,0,0,0,0,0,0,0
57,AgentB wins,24.67,0,0,0,0,0,0,0,0,0,0
58,AgentA wins,20.00,0,0,0,0,0,0,0,0,0,0
59,AgentA wins,20.00,0,0,0,0,0,0,0,0,0,0
60,AgentA wins,20.00,0,0,0,0,0,0,0,0,0,0
51,AgentA wins,20.00,0,0,0,0,0,0,0,0,0,0
52,AgentA wins,20.00,0,0,0,0,0,0,0,0,0,0
53,AgentA wins,15.00,0,0,0,0,0,0,0,0,0,0
54,AgentA wins,19.67,0,0,0,0,0,0,0,0,0,0
55,AgentA wins,20.00,0,0,0,0,0,0,0,0,0,0
56,AgentA wins,23.33,0,0,0,0,0,0,0,0,0,0
57,AgentA wins,20.00,0,0,0,0,0,0,0,0,0,0
58,AgentA wins,18.00,0,0,0,0,0,0,0,0,0,0
59,AgentA wins,19.67,0,0,0,0,0,0,0,0,0,0
60,AgentA wins,20.00,0,0,0,0,0,0,0,0,0,0
51,AgentA wins,20.00,0,0,0,0,0,0,0,0,0,0
52,AgentA wins,17.00,0,0,0,0,0,0,0,0,0,0
53,AgentA wins,17.00,0,0,0,0,0,0,0,0,0,0
54,AgentA wins,15.00,0,0,0,0,0,0,0,0,0,0
55,AgentA wins,20.00,0,0,0,0,0,0,0,0,0,0
56,AgentA wins,25.00,0,0,0,0,0,0,0,0,0,0
57,AgentA wins,20.00,0,0,0,0,0,0,0,0,0,0
58,AgentA wins,22.33,0,0,0,0,0,0,0,0,0,0
59,AgentA wins,17.00,0,0,0,0,0,0,0,0,0,0
60,AgentA wins,20.00,0,0,0,0,0,0,0,0,0,0
51,AgentA wins,15.00,0,0,0,0,0,0,0,0,0,0
52,AgentA wins,15.00,0,0,0,0,0,0,0,0,0,0
53,AgentA wins,20.00,0,0,0,0,0,0,0,0,0,0
54,AgentA wins,20.00,0,0,0,0,0,0,0,0,0,0
55,AgentB wins,24.67,0,0,0,0,0,0,0,0,0,0
56,AgentB wins,24.67,0,0,0,0,0,0,0,0,0,0
57,AgentA wins,22.33,0,0,0,0,0,0,0,0,0,0
58,AgentA wins,19.67,0,0,0,0,0,0,0,0,0,0
59,AgentA wins,25.00,0,0,0,0,0,0,0,0,0,0
60,AgentA wins,15.00,0,0,0,0,0,0,0,0,0,0
51,AgentA wins,19.67,0,0,0,0,0,0,0,0,0,0
52,AgentA wins,19.67,0,0,0,0,0,0,0,0,0,0
53,AgentA wins,15.00,0,0,0,0,0,0,0,0,0,0
54,AgentA wins,20.00,0,0,0,0,0,0,0,0,0,0
55,AgentA wins,19.67,0,0,0,0,0,0,0,0,0,0
56,AgentA wins,22.33,0,0,0,0,0,0,0,0,0,0
57,AgentA wins,17.00,0,0,0,0,0,0,0,0,0,0
58,AgentA wins,20.00,0,0,0,0,0,0,0,0,0,0
59,AgentA wins,20.00,0,0,0,0,0,0,0,0,0,0
60,AgentA wins,20.00,0,0,0,0,0,0,0,0,0,0
51,AgentA wins,20.00,0,0,0,0,0,0,0,0,0,0
52,AgentA wins,20.00,0,0,0,0,0,0,0,0,0,0
53,AgentB wins,24.67,0,0,0,0,0,0,0,0,0,0
54,AgentA wins,17.00,0,0,0,0,0,0,0,0,0,0
55,AgentA wins,15.00,0,0,0,0,0,0,0,0,0,0
56,AgentA wins,25.00,0,0,0,0,0,0,0,0,0,0
57,AgentA wins,15.00,0,0,0,0,0,0,0,0,0,0
58,AgentA wins,19.67,0,0,0,0,0,0,0,0,0,0
59,AgentA wins,25.00,0,0,0,0,0,0,0,0,0,0
60,AgentB wins,24.67,0,0,0,0,0,0,0,0,0,0
31,AgentA wins,50.33,0,0,0,0,0,0,0,0,0,0
32,AgentA wins,32.00,0,0,0,0,0,0,0,0,0,0
33,AgentA wins,28.33,0,0,0,0,0,0,0,0,0,0
34,AgentA wins,39.67,0,0,0,0,0,0,0,0,0,0
35,AgentA wins,42.33,0,0,0,0,0,0,0,0,0,0
36,AgentA wins,25.67,0,0,0,0,0,0,0,0,0,0
37,AgentB wins,19.67,0,0,0,0,0,0,0,0,0,0
38,AgentB wins,34.33,0,0,0,0,0,0,0,0,0,0
39,AgentB wins,36.33,0,0,0,0,0,0,0,0,0,0
40,AgentB wins,44.00,0,0,0,0,0,0,0,0,0,0
51,AgentA wins,15.00,0,0,0,0,0,0,0,0,0,0
52,AgentA wins,15.00,0,0,0,0,0,0,0,0,0,0
53,AgentA wins,19.67,0,0,0,0,0,0,0,0,0,0
54,AgentA wins,23.33,0,0,0,0,0,0,0,0,0,0
55,AgentA wins,19.67,0,0,0,0,0,0,0,0,0,0
56,AgentA wins,25.00,0,0,0,0,0,0,0,0,0,0
57,AgentA wins,18.00,0,0,0,0,0,0,0,0,0,0
58,AgentA wins,19.67,0,0,0,0,0,0,0,0,0,0
59,AgentA wins,19.67,0,0,0,0,0,0,0,0,0,0
60,AgentA wins,15.00,0,0,0,0,0,0,0,0,0,0
51,AgentA wins,19.67,0,0,0,0,0,0,0,0,0,0
52,AgentA wins,15.00,0,0,0,0,0,0,0,0,0,0
53,AgentA wins,15.00,0,0,0,0,0,0,0,0,0,0
54,AgentA wins,15.00,0,0,0,0,0,0,0,0,0,0
55,AgentA wins,25.00,0,0,0,0,0,0,0,0,0,0
56,AgentB wins,24.67,0,0,0,0,0,0,0,0,0,0
57,AgentA wins,19.67,0,0,0,0,0,0,0,0,0,0
58,AgentA wins,20.00,0,0,0,0,0,0,0,0,0,0
59,AgentA wins,20.00,0,0,0,0,0,0,0,0,0,0
60,AgentA wins,22.33,0,0,0,0,0,0,0,0,0,0
51,AgentB wins,24.67,0,0,0,0,0,0,0,0,0,0
52,AgentA wins,22.33,0,0,0,0,0,0,0,0,0,0
53,AgentA wins,20.00,0,0,0,0,0,0,0,0,0,0
54,AgentA wins,19.67,0,0,0,0,0,0,0,0,0,0
55,AgentB wins,24.67,0,0,0,0,0,0,0,0,0,0
56,AgentA wins,19.67,0,0,0,0,0,0,0,0,0,0
57,AgentA wins,20.00,0,0,0,0,0,0,0,0,0,0
58,AgentB wins,24.67,0,0,0,0,0,0,0,0,0,0
59,AgentA wins,19.67,0,0,0,0,0,0,0,0,0,0
60,AgentA wins,20.00,0,0,0,0,0,0,0,0,0,0
41,AgentB wins,28.67,0,0,0,0,0,0,0,0,0,0
42,AgentA wins,15.00,0,0,0,0,0,0,0,0,0,0
43,AgentB wins,39.33,0,0,0,0,0,0,0,0,0,0
44,AgentA wins,15.00,0,0,0,0,0,0,0,0,0,0
45,AgentA wins,26.67,0,0,0,0,0,0,0,0,0,0
46,AgentA wins,37.33,0,0,0,0,0,0,0,0,0,0
47,AgentA wins,26.33,0,0,0,0,0,0,0,0,0,0
48,AgentB wins,28.67,0,0,0,0,0,0,0,0,0,0
49,AgentA wins,32.33,0,0,0,0,0,0,0,0,0,0
50,AgentA wins,18.00,0,0,0,0,0,0,0,0,0,0
41,AgentA wins,15.00,0,0,0,0,0,0,0,0,0,0
42,AgentB wins,42.67,0,0,0,0,0,0,0,0,0,0
43,AgentA wins,24.00,0,0,0,0,0,0,0,0,0,0
44,AgentB wins,26.00,0,0,0,0,0,0,0,0,0,0
45,AgentA wins,15.00,0,0,0,0,0,0,0,0,0,0
46,AgentA wins,24.67,0,0,0,0,0,0,0,0,0,0
47,AgentA wins,35.67,0,0,0,0,0,0,0,0,0,0
48,AgentA wins,15.00,0,0,0,0,0,0,0,0,0,0
49,AgentA wins,41.33,0,0,0,0,0,0,0,0,0,0
50,AgentA wins,15.00,0,0,0,0,0,0,0,0,0,0
61,AgentA wins,17.00,0,0,0,0,0,0,0,0,0,0
62,AgentA wins,19.67,0,0,0,0,0,0,0,0,0,0
63,AgentA wins,15.00,0,0,0,0,0,0,0,0,0,0
64,AgentA wins,15.00,0,0,0,0,0,0,0,0,0,0
65,AgentA wins,19.67,0,0,0,0,0,0,0,0,0,0
66,AgentA wins,19.67,0,0,0,0,0,0,0,0,0,0
67,AgentA wins,15.00,0,0,0,0,0,0,0,0,0,0
68,AgentA wins,15.00,0,0,0,0,0,0,0,0,0,0
69,AgentA wins,15.00,0,0,0,0,0,0,0,0,0,0
70,AgentA wins,20.00,0,0,0,0,0,0,0,0,0,0
41,AgentA wins,15.00,0,0,0,0,0,0,0,0,0,0
42,AgentB wins,30.67,0,0,0,0,0,0,0,0,0,0
43,AgentA wins,51.33,0,0,0,0,0,0,0,0,0,0
44,AgentA wins,29.67,0,0,0,0,0,0,0,0,0,0
45,AgentA wins,24.00,0,0,0,0,0,0,0,0,0,0
46,AgentA wins,32.67,0,0,0,0,0,0,0,0,0,0
47,AgentA wins,20.67,0,0,0,0,0,0,0,0,0,0
48,AgentA wins,30.00,0,0,0,0,0,0,0,0,0,0
49,AgentA wins,39.33,0,0,0,0,0,0,0,0,0,0
50,AgentA wins,15.00,0,0,0,0,0,0,0,0,0,0
61,AgentB wins,24.67,0,0,0,0,0,0,0,0,0,0
62,AgentA wins,20.00,0,0,0,0,0,0,0,0,0,0
63,AgentA wins,17.00,0,0,0,0,0,0,0,0,0,0
64,AgentA wins,20.00,0,0,0,0,0,0,0,0,0,0
65,AgentA wins,19.67,0,0,0,0,0,0,0,0,0,0
66,AgentB wins,24.67,0,0,0,0,0,0,0,0,0,0
67,AgentA wins,23.33,0,0,0,0,0,0,0,0,0,0
68,AgentA wins,17.00,0,0,0,0,0,0,0,0,0,0
69,AgentA wins,17.00,0,0,0,0,0,0,0,0,0,0
70,AgentA wins,20.00,0,0,0,0,0,0,0,0,0,0
41,AgentA wins,15.00,0,0,0,0,0,0,0,0,0,0
42,AgentA wins,24.67,0,0,0,0,0,0,0,0,0,0
43,AgentA wins,37.00,0,0,0,0,0,0,0,0,0,0
44,AgentA wins,20.67,0,0,0,0,0,0,0,0,0,0
45,AgentA wins,15.00,0,0,0,0,0,0,0,0,0,0
46,AgentA wins,15.00,0,0,0,0,0,0,0,0,0,0
47,AgentA wins,24.67,0,0,0,0,0,0,0,0,0,0
48,AgentA wins,40.67,0,0,0,0,0,0,0,0,0,0
49,AgentA wins,45.67,0,0,0,0,0,0,0,0,0,0
50,AgentA wins,30.33,0,0,0,0,0,0,0,0,0,0
41,AgentA wins,33.67,0,0,0,0,0,0,0,0,0,0
42,AgentA wins,29.00,0,0,0,0,0,0,0,0,0,0
43,AgentA wins,15.00,0,0,0,0,0,0,0,0,0,0
44,AgentB wins,30.33,0,0,0,0,0,0,0,0,0,0
45,AgentA wins,21.67,0,0,0,0,0,0,0,0,0,0
46,AgentB wins,36.67,0,0,0,0,0,0,0,0,0,0
47,AgentA wins,43.33,0,0,0,0,0,0,0,0,0,0
48,AgentA wins,21.00,0,0,0,0,0,0,0,0,0,0
49,AgentA wins,32.67,0,0,0,0,0,0,0,0,0,0
50,AgentA wins,15.00,0,0,0,0,0,0,0,0,0,0
61,AgentA wins,15.00,0,0,0,0,0,0,0,0,0,0
62,AgentA wins,17.00,0,0,0,0,0,0,0,0,0,0
63,AgentA wins,15.00,0,0,0,0,0,0,0,0,0,0
64,AgentA wins,20.00,0,0,0,0,0,0,0,0,0,0
65,AgentA wins,23.33,0,0,0,0,0,0,0,0,0,0
66,AgentA wins,23.33,0,0,0,0,0,0,0,0,0,0
67,AgentA wins,19.67,0,0,0,0,0,0,0,0,0,0
68,AgentA wins,22.33,0,0,0,0,0,0,0,0,0,0
69,AgentA wins,15.00,0,0,0,0,0,0,0,0,0,0
70,AgentA wins,23.33,0,0,0,0,0,0,0,0,0,0
41,AgentB wins,36.67,327,328,0,168,0,265,0,34,80,43
42,AgentA wins,26.00,237,236,0,135,0,191,0,31,45,40
43,AgentA wins,27.67,247,250,0,137,0,203,0,33,49,42
44,AgentA wins,26.33,231,239,0,146,0,186,0,32,39,49
45,AgentB wins,45.33,406,402,0,212,0,335,0,53,88,74
46,AgentA wins,24.00,214,217,0,121,0,172,0,31,44,54
47,AgentB wins,22.67,203,205,0,106,0,156,0,24,40,47
48,AgentA wins,15.00,136,137,0,72,0,108,0,20,26,29
49,AgentA wins,18.00,164,160,0,90,0,126,0,19,27,38
50,AgentA wins,21.00,189,190,0,109,0,157,0,24,28,45
61,AgentA wins,20.00,0,0,0,0,0,0,0,0,0,0
62,AgentA wins,20.00,0,0,0,0,0,0,0,0,0,0
63,AgentA wins,19.67,0,0,0,0,0,0,0,0,0,0
64,AgentA wins,19.67,0,0,0,0,0,0,0,0,0,0
65,AgentA wins,15.00,0,0,0,0,0,0,0,0,0,0
66,AgentA wins,20.00,0,0,0,0,0,0,0,0,0,0
67,AgentA wins,19.67,0,0,0,0,0,0,0,0,0,0
68,AgentA wins,25.00,0,0,0,0,0,0,0,0,0,0
69,AgentA wins,19.67,0,0,0,0,0,0,0,0,0,0
70,AgentA wins,20.00,0,0,0,0,0,0,0,0,0,0
41,AgentA wins,15.00,0,0,0,0,0,0,0,0,0,0
42,AgentB wins,27.33,0,0,0,0,0,0,0,0,0,0
43,AgentA wins,35.00,0,0,0,0,0,0,0,0,0,0
44,AgentA wins,27.00,0,0,0,0,0,0,0,0,0,0
45,AgentA wins,28.67,0,0,0,0,0,0,0,0,0,0
46,AgentB wins,36.67,0,0,0,0,0,0,0,0,0,0
47,AgentB wins,50.67,0,0,0,0,0,0,0,0,0,0
48,AgentA wins,15.00,0,0,0,0,0,0,0,0,0,0
49,AgentA wins,23.67,0,0,0,0,0,0,0,0,0,0
50,AgentA wins,31.00,0,0,0,0,0,0,0,0,0,0
61,AgentA wins,15.00,0,0,0,0,0,0,0,0,0,0
62,AgentB wins,24.67,0,0,0,0,0,0,0,0,0,0
63,AgentA wins,19.67,0,0,0,0,0,0,0,0,0,0
64,AgentA wins,23.33,0,0,0,0,0,0,0,0,0,0
65,AgentA wins,20.00,0,0,0,0,0,0,0,0,0,0
66,AgentA wins,20.00,0,0,0,0,0,0,0,0,0,0
67,AgentA wins,20.00,0,0,0,0,0,0,0,0,0,0
68,AgentB wins,24.67,0,0,0,0,0,0,0,0,0,0
69,AgentA wins,17.00,0,0,0,0,0,0,0,0,0,0
70,AgentA wins,20.00,0,0,0,0,0,0,0,0,0,0
61,AgentA wins,19.67,0,0,0,0,0,0,0,0,0,0
62,AgentA wins,17.00,0,0,0,0,0,0,0,0,0,0
63,AgentA wins,15.00,0,0,0,0,0,0,0,0,0,0
64,AgentA wins,19.67,0,0,0,0,0,0,0,0,0,0
65,AgentA wins,15.00,0,0,0,0,0,0,0,0,0,0
66,AgentA wins,15.00,0,0,0,0,0,0,0,0,0,0
67,AgentA wins,20.00,0,0,0,0,0,0,0,0,0,0
68,AgentA wins,19.67,0,0,0,0,0,0,0,0,0,0
69,AgentA wins,15.00,0,0,0,0,0,0,0,0,0,0
70,AgentA wins,19.67,0,0,0,0,0,0,0,0,0,0
61,AgentA wins,23.33,0,0,0,0,0,0,0,0,0,0
62,AgentA wins,15.00,0,0,0,0,0,0,0,0,0,0
63,AgentA wins,17.00,0,0,0,0,0,0,0,0,0,0
64,AgentA wins,19.67,0,0,0,0,0,0,0,0,0,0
65,AgentA wins,18.00,0,0,0,0,0,0,0,0,0,0
66,AgentA wins,20.00,0,0,0,0,0,0,0,0,0,0
67,AgentA wins,20.00,0,0,0,0,0,0,0,0,0,0
68,AgentA wins,20.00,0,0,0,0,0,0,0,0,0,0
69,AgentA wins,25.00,0,0,0,0,0,0,0,0,0,0
70,AgentA wins,15.00,0,0,0,0,0,0,0,0,0,0
61,AgentA wins,20.00,0,0,0,0,0,0,0,0,0,0
62,AgentA wins,17.00,0,0,0,0,0,0,0,0,0,0
63,AgentA wins,25.00,0,0,0,0,0,0,0,0,0,0
64,AgentA wins,17.00,0,0,0,0,0,0,0,0,0,0
65,AgentA wins,20.00,0,0,0,0,0,0,0,0,0,0
66,AgentA wins,15.00,0,0,0,0,0,0,0,0,0,0
67,AgentA wins,15.00,0,0,0,0,0,0,0,0,0,0
68,AgentA wins,22.33,0,0,0,0,0,0,0,0,0,0
69,AgentA wins,20.00,0,0,0,0,0,0,0,0,0,0
70,AgentA wins,15.00,0,0,0,0,0,0,0,0,0,0
61,AgentA wins,25.00,0,0,0,0,0,0,0,0,0,0
62,AgentA wins,15.00,0,0,0,0,0,0,0,0,0,0
63,AgentB wins,24.67,0,0,0,0,0,0,0,0,0,0
64,AgentA wins,25.00,0,0,0,0,0,0,0,0,0,0
65,AgentA wins,23.33,0,0,0,0,0,0,0,0,0,0
66,AgentA wins,15.00,0,0,0,0,0,0,0,0,0,0
67,AgentA wins,18.00,0,0,0,0,0,0,0,0,0,0
68,AgentA wins,19.67,0,0,0,0,0,0,0,0,0,0
69,AgentA wins,19.67,0,0,0,0,0,0,0,0,0,0
70,AgentA wins,20.00,0,0,0,0,0,0,0,0,0,0
61,AgentA wins,19.67,0,0,0,0,0,0,0,0,0,0
62,AgentA wins,20.00,0,0,0,0,0,0,0,0,0,0
63,AgentB wins,24.67,0,0,0,0,0,0,0,0,0,0
64,AgentA wins,20.00,0,0,0,0,0,0,0,0,0,0
65,AgentA wins,20.00,0,0,0,0,0,0,0,0,0,0
66,AgentA wins,23.33,0,0,0,0,0,0,0,0,0,0
67,AgentB wins,24.67,0,0,0,0,0,0,0,0,0,0
68,AgentA wins,15.00,0,0,0,0,0,0,0,0,0,0
69,AgentA wins,23.33,0,0,0,0,0,0,0,0,0,0
70,AgentA wins,15.00,0,0,0,0,0,0,0,0,0,0
61,AgentA wins,15.00,0,0,0,0,0,0,0,0,0,0
62,AgentA wins,20.00,0,0,0,0,0,0,0,0,0,0
63,AgentA wins,20.00,0,0,0,0,0,0,0,0,0,0
64,AgentA wins,19.67,0,0,0,0,0,0,0,0,0,0
65,AgentA wins,15.00,0,0,0,0,0,0,0,0,0,0
66,AgentA wins,25.00,0,0,0,0,0,0,0,0,0,0
67,AgentA wins,15.00,0,0,0,0,0,0,0,0,0,0
68,AgentB wins,24.67,0,0,0,0,0,0,0,0,0,0
69,AgentA wins,20.00,0,0,0,0,0,0,0,0,0,0
70,AgentA wins,15.00,0,0,0,0,0,0,0,0,0,0
61,AgentA wins,19.67,0,0,0,0,0,0,0,0,0,0
62,AgentA wins,20.00,0,0,0,0,0,0,0,0,0,0
63,AgentA wins,25.00,0,0,0,0,0,0,0,0,0,0
64,AgentA wins,20.00,0,0,0,0,0,0,0,0,0,0
65,AgentB wins,24.67,0,0,0,0,0,0,0,0,0,0
66,AgentA wins,20.00,0,0,0,0,0,0,0,0,0,0
67,AgentA wins,20.00,0,0,0,0,0,0,0,0,0,0
68,AgentA wins,20.00,0,0,0,0,0,0,0,0,0,0
69,AgentA wins,20.00,0,0,0,0,0,0,0,0,0,0
70,AgentA wins,19.67,0,0,0,0,0,0,0,0,0,0
61,AgentA wins,23.33,0,0,0,0,0,0,0,0,0,0
62,AgentA wins,20.00,0,0,0,0,0,0,0,0,0,0
63,AgentA wins,20.00,0,0,0,0,0,0,0,0,0,0
64,AgentA wins,25.00,0,0,0,0,0,0,0,0,0,0
65,AgentA wins,18.00,0,0,0,0,0,0,0,0,0,0
66,AgentA wins,19.67,0,0,0,0,0,0,0,0,0,0
67,AgentA wins,23.33,0,0,0,0,0,0,0,0,0,0
68,AgentA wins,19.67,0,0,0,0,0,0,0,0,0,0
69,AgentA wins,15.00,0,0,0,0,0,0,0,0,0,0
70,AgentA wins,15.00,0,0,0,0,0,0,0,0,0,0
61,AgentA wins,20.00,0,0,0,0,0,0,0,0,0,0
62,AgentA wins,15.00,0,0,0,0,0,0,0,0,0,0
63,AgentA wins,19.67,0,0,0,0,0,0,0,0,0,0
64,AgentA wins,20.00,0,0,0,0,0,0,0,0,0,0
65,AgentA wins,20.00,0,0,0,0,0,0,0,0,0,0
66,AgentA wins,15.00,0,0,0,0,0,0,0,0,0,0
67,AgentA wins,19.67,0,0,0,0,0,0,0,0,0,0
68,AgentA wins,20.00,0,0,0,0,0,0,0,0,0,0
69,AgentA wins,20.00,0,0,0,0,0,0,0,0,0,0
70,AgentA wins,17.00,0,0,0,0,0,0,0,0,0,0
41,AgentA wins,38.00,0,0,0,0,0,0,0,0,0,0
42,AgentB wins,33.67,0,0,0,0,0,0,0,0,0,0
43,AgentA wins,33.00,0,0,0,0,0,0,0,0,0,0
44,AgentB wins,30.67,0,0,0,0,0,0,0,0,0,0
45,AgentB wins,42.00,0,0,0,0,0,0,0,0,0,0
46,AgentA wins,15.00,0,0,0,0,0,0,0,0,0,0
47,AgentA wins,15.00,0,0,0,0,0,0,0,0,0,0
48,AgentA wins,15.00,0,0,0,0,0,0,0,0,0,0
49,AgentA wins,18.00,0,0,0,0,0,0,0,0,0,0
50,AgentA wins,30.00,0,0,0,0,0,0,0,0,0,0
61,AgentB wins,24.67,0,0,0,0,0,0,0,0,0,0
62,AgentA wins,17.00,0,0,0,0,0,0,0,0,0,0
63,AgentA wins,15.00,0,0,0,0,0,0,0,0,0,0
64,AgentA wins,23.33,0,0,0,0,0,0,0,0,0,0
65,AgentA wins,20.00,0,0,0,0,0,0,0,0,0,0
66,AgentA wins,20.00,0,0,0,0,0,0,0,0,0,0
67,AgentA wins,27.33,0,0,0,0,0,0,0,0,0,0
68,AgentA wins,20.00,0,0,0,0,0,0,0,0,0,0
69,AgentA wins,23.33,0,0,0,0,0,0,0,0,0,0
70,AgentA wins,20.00,0,0,0,0,0,0,0,0,0,0
41,AgentA wins,18.00,0,0,0,0,0,0,0,0,0,0
42,AgentA wins,36.00,0,0,0,0,0,0,0,0,0,0
43,AgentB wins,21.67,0,0,0,0,0,0,0,0,0,0
44,AgentA wins,18.00,0,0,0,0,0,0,0,0,0,0
45,AgentB wins,50.00,0,0,0,0,0,0,0,0,0,0
46,AgentA wins,39.00,0,0,0,0,0,0,0,0,0,0
47,AgentA wins,32.00,0,0,0,0,0,0,0,0,0,0
48,AgentA wins,21.00,0,0,0,0,0,0,0,0,0,0
49,AgentA wins,15.00,0,0,0,0,0,0,0,0,0,0
50,AgentA wins,32.33,0,0,0,0,0,0,0,0,0,0
41,AgentB wins,30.00,0,0,0,0,0,0,0,0,0,0
42,AgentB wins,46.33,0,0,0,0,0,0,0,0,0,0
43,AgentA wins,18.00,0,0,0,0,0,0,0,0,0,0
44,AgentA wins,46.00,0,0,0,0,0,0,0,0,0,0
45,AgentA wins,18.00,0,0,0,0,0,0,0,0,0,0
46,AgentA wins,37.67,0,0,0,0,0,0,0,0,0,0
47,AgentA wins,51.67,0,0,0,0,0,0,0,0,0,0
48,AgentA wins,15.00,0,0,0,0,0,0,0,0,0,0
49,AgentA wins,41.00,0,0,0,0,0,0,0,0,0,0
50,timeout draw,60.00,0,0,0,0,0,0,0,0,0,0
71,AgentA wins,19.67,0,0,0,0,0,0,0,0,0,0
72,AgentA wins,20.00,0,0,0,0,0,0,0,0,0,0
73,AgentA wins,20.00,0,0,0,0,0,0,0,0,0,0
74,AgentA wins,18.00,0,0,0,0,0,0,0,0,0,0
75,AgentA wins,15.00,0,0,0,0,0,0,0,0,0,0
76,AgentA wins,17.00,0,0,0,0,0,0,0,0,0,0
77,AgentA wins,18.00,0,0,0,0,0,0,0,0,0,0
78,AgentA wins,20.00,0,0,0,0,0,0,0,0,0,0
79,AgentA wins,23.33,0,0,0,0,0,0,0,0,0,0
80,AgentA wins,20.00,0,0,0,0,0,0,0,0,0,0
51,AgentA wins,21.00,0,0,0,0,0,0,0,0,0,0
52,AgentA wins,38.67,0,0,0,0,0,0,0,0,0,0
53,AgentA wins,21.00,0,0,0,0,0,0,0,0,0,0
54,AgentA wins,23.00,0,0,0,0,0,0,0,0,0,0
55,AgentA wins,26.00,0,0,0,0,0,0,0,0,0,0
56,AgentA wins,18.00,0,0,0,0,0,0,0,0,0,0
57,AgentB wins,48.00,0,0,0,0,0,0,0,0,0,0
58,AgentA wins,18.00,0,0,0,0,0,0,0,0,0,0
59,AgentB wins,37.00,0,0,0,0,0,0,0,0,0,0
60,AgentA wins,20.67,0,0,0,0,0,0,0,0,0,0
71,AgentA wins,15.00,0,0,0,0,0,0,0,0,0,0
72,AgentB wins,24.67,0,0,0,0,0,0,0,0,0,0
73,AgentA wins,15.00,0,0,0,0,0,0,0,0,0,0
74,AgentA wins,20.00,0,0,0,0,0,0,0,0,0,0
75,AgentA wins,23.33,0,0,0,0,0,0,0,0,0,0
76,AgentA wins,20.00,0,0,0,0,0,0,0,0,0,0
77,AgentA wins,18.00,0,0,0,0,0,0,0,0,0,0
78,AgentA wins,18.00,0,0,0,0,0,0,0,0,0,0
79,AgentA wins,20.00,0,0,0,0,0,0,0,0,0,0
80,AgentA wins,15.00,0,0,0,0,0,0,0,0,0,0
71,AgentA wins,15.00,0,0,0,0,0,0,0,0,0,0
72,AgentA wins,15.00,0,0,0,0,0,0,0,0,0,0
73,AgentA wins,17.00,0,0,0,0,0,0,0,0,0,0
74,AgentA wins,20.00,0,0,0,0,0,0,0,0,0,0
75,AgentA wins,15.00,0,0,0,0,0,0,0,0,0,0
76,AgentA wins,20.00,0,0,0,0,0,0,0,0,0,0
77,AgentA wins,23.33,0,0,0,0,0,0,0,0,0,0
78,AgentA wins,23.33,0,0,0,0,0,0,0,0,0,0
79,AgentA wins,19.67,0,0,0,0,0,0,0,0,0,0
80,AgentA wins,15.00,0,0,0,0,0,0,0,0,0,0
71,AgentA wins,19.67,0,0,0,0,0,0,0,0,0,0
72,AgentA wins,20.00,0,0,0,0,0,0,0,0,0,0
73,AgentA wins,15.00,0,0,0,0,0,0,0,0,0,0
74,AgentA wins,20.00,0,0,0,0,0,0,0,0,0,0
75,AgentA wins,20.00,0,0,0,0,0,0,0,0,0,0
76,AgentA wins,18.00,0,0,0,0,0,0,0,0,0,0
77,AgentA wins,15.00,0,0,0,0,0,0,0,0,0,0
78,AgentA wins,15.00,0,0,0,0,0,0,0,0,0,0
79,AgentA wins,20.00,0,0,0,0,0,0,0,0,0,0
80,AgentA wins,15.00,0,0,0,0,0,0,0,0,0,0
71,AgentA wins,20.00,0,0,0,0,0,0,0,0,0,0
72,AgentA wins,15.00,0,0,0,0,0,0,0,0,0,0
73,AgentA wins,20.00,0,0,0,0,0,0,0,0,0,0
74,AgentA wins,15.00,0,0,0,0,0,0,0,0,0,0
75,AgentA wins,15.00,0,0,0,0,0,0,0,0,0,0
76,AgentA wins,15.00,0,0,0,0,0,0,0,0,0,0
77,AgentA wins,23.33,0,0,0,0,0,0,0,0,0,0
78,AgentA wins,20.00,0,0,0,0,0,0,0,0,0,0
79,AgentA wins,20.00,0,0,0,0,0,0,0,0,0,0
80,AgentA wins,20.00,0,0,0,0,0,0,0,0,0,0
71,AgentA wins,20.00,0,0,0,0,0,0,0,0,0,0
72,AgentA wins,15.00,0,0,0,0,0,0,0,0,0,0
73,AgentA wins,20.00,0,0,0,0,0,0,0,0,0,0
74,AgentA wins,23.33,0,0,0,0,0,0,0,0,0,0
75,AgentA wins,20.00,0,0,0,0,0,0,0,0,0,0
76,AgentA wins,15.00,0,0,0,0,0,0,0,0,0,0
77,AgentA wins,15.00,0,0,0,0,0,0,0,0,0,0
78,AgentA wins,23.33,0,0,0,0,0,0,0,0,0,0
79,AgentA wins,22.33,0,0,0,0,0,0,0,0,0,0
80,AgentA wins,23.33,0,0,0,0,0,0,0,0,0,0
71,AgentA wins,20.00,0,0,0,0,0,0,0,0,0,0
72,AgentA wins,20.00,0,0,0,0,0,0,0,0,0,0
73,AgentA wins,15.00,0,0,0,0,0,0,0,0,0,0
74,AgentA wins,15.00,0,0,0,0,0,0,0,0,0,0
75,AgentA wins,23.33,0,0,0,0,0,0,0,0,0,0
76,AgentA wins,20.00,0,0,0,0,0,0,0,0,0,0
77,AgentA wins,23.33,0,0,0,0,0,0,0,0,0,0
78,AgentA wins,15.00,0,0,0,0,0,0,0,0,0,0
79,AgentA wins,20.00,0,0,0,0,0,0,0,0,0,0
80,AgentA wins,15.00,0,0,0,0,0,0,0,0,0,0
71,AgentA wins,19.67,0,0,0,0,0,0,0,0,0,0
72,AgentA wins,17.00,0,0,0,0,0,0,0,0,0,0
73,AgentA wins,23.33,0,0,0,0,0,0,0,0,0,0
74,AgentA wins,15.00,0,0,0,0,0,0,0,0,0,0
75,AgentA wins,18.00,0,0,0,0,0,0,0,0,0,0
76,AgentA wins,18.00,0,0,0,0,0,0,0,0,0,0
77,AgentA wins,23.33,0,0,0,0,0,0,0,0,0,0
78,AgentA wins,20.00,0,0,0,0,0,0,0,0,0,0
79,AgentA wins,19.67,0,0,0,0,0,0,0,0,0,0
80,AgentA wins,22.33,0,0,0,0,0,0,0,0,0,0
71,AgentA wins,15.00,0,0,0,0,0,0,0,0,0,0
72,AgentA wins,23.33,0,0,0,0,0,0,0,0,0,0
73,AgentA wins,17.00,0,0,0,0,0,0,0,0,0,0
74,AgentA wins,20.00,0,0,0,0,0,0,0,0,0,0
75,AgentA wins,20.00,0,0,0,0,0,0,0,0,0,0
76,AgentA wins,20.00,0,0,0,0,0,0,0,0,0,0
77,AgentA wins,20.00,0,0,0,0,0,0,0,0,0,0
78,AgentA wins,15.00,0,0,0,0,0,0,0,0,0,0
79,AgentA wins,20.00,0,0,0,0,0,0,0,0,0,0
80,AgentA wins,15.00,0,0,0,0,0,0,0,0,0,0
71,AgentA wins,15.00,0,0,0,0,0,0,0,0,0,0
72,AgentA wins,20.00,0,0,0,0,0,0,0,0,0,0
73,AgentA wins,20.00,0,0,0,0,0,0,0,0,0,0
74,AgentA wins,20.00,0,0,0,0,0,0,0,0,0,0
75,AgentA wins,20.00,0,0,0,0,0,0,0,0,0,0
76,AgentA wins,20.00,0,0,0,0,0,0,0,0,0,0
77,AgentA wins,20.00,0,0,0,0,0,0,0,0,0,0
78,AgentA wins,20.00,0,0,0,0,0,0,0,0,0,0
79,AgentA wins,15.00,0,0,0,0,0,0,0,0,0,0
80,AgentA wins,17.00,0,0,0,0,0,0,0,0,0,0
51,AgentA wins,18.00,160,163,0,98,0,134,0,22,22,41
52,AgentB wins,44.67,402,407,0,233,0,313,0,55,61,99
53,AgentA wins,24.00,216,216,0,119,0,158,0,26,30,58
54,AgentA wins,18.00,159,159,0,95,0,123,0,23,21,45
55,AgentA wins,21.00,186,184,0,97,0,140,0,30,20,59
56,AgentA wins,27.00,243,239,0,128,0,187,0,39,43,66
57,AgentA wins,21.00,187,189,0,119,0,146,0,25,27,45
58,AgentA wins,15.00,134,130,0,75,0,101,0,20,14,39
59,AgentA wins,15.00,134,134,0,82,0,103,0,16,15,35
60,AgentA wins,15.00,134,133,0,78,0,112,0,19,24,33
71,AgentA wins,19.67,0,0,0,0,0,0,0,0,0,0
72,AgentA wins,19.67,0,0,0,0,0,0,0,0,0,0
73,AgentA wins,20.00,0,0,0,0,0,0,0,0,0,0
74,AgentA wins,20.00,0,0,0,0,0,0,0,0,0,0
75,AgentA wins,20.00,0,0,0,0,0,0,0,0,0,0
76,AgentA wins,20.00,0,0,0,0,0,0,0,0,0,0
77,AgentA wins,22.33,0,0,0,0,0,0,0,0,0,0
78,AgentA wins,15.00,0,0,0,0,0,0,0,0,0,0
79,AgentA wins,20.00,0,0,0,0,0,0,0,0,0,0
80,AgentA wins,20.00,0,0,0,0,0,0,0,0,0,0
71,AgentA wins,20.00,0,0,0,0,0,0,0,0,0,0
72,AgentA wins,15.00,0,0,0,0,0,0,0,0,0,0
73,AgentA wins,15.00,0,0,0,0,0,0,0,0,0,0
74,AgentA wins,15.00,0,0,0,0,0,0,0,0,0,0
75,AgentA wins,18.00,0,0,0,0,0,0,0,0,0,0
76,AgentA wins,23.33,0,0,0,0,0,0,0,0,0,0
77,AgentA wins,17.00,0,0,0,0,0,0,0,0,0,0
78,AgentA wins,20.00,0,0,0,0,0,0,0,0,0,0
79,AgentA wins,20.00,0,0,0,0,0,0,0,0,0,0
80,AgentA wins,19.67,0,0,0,0,0,0,0,0,0,0
71,AgentA wins,23.33,0,0,0,0,0,0,0,0,0,0
72,AgentA wins,17.00,0,0,0,0,0,0,0,0,0,0
73,AgentA wins,17.00,0,0,0,0,0,0,0,0,0,0
74,AgentA wins,23.33,0,0,0,0,0,0,0,0,0,0
75,AgentA wins,20.00,0,0,0,0,0,0,0,0,0,0
76,AgentA wins,18.00,0,0,0,0,0,0,0,0,0,0
77,AgentA wins,18.00,0,0,0,0,0,0,0,0,0,0
78,AgentA wins,20.00,0,0,0,0,0,0,0,0,0,0
79,AgentA wins,20.00,0,0,0,0,0,0,0,0,0,0
80,AgentA wins,15.00,0,0,0,0,0,0,0,0,0,0
71,AgentA wins,15.00,0,0,0,0,0,0,0,0,0,0
72,AgentA wins,20.00,0,0,0,0,0,0,0,0,0,0
73,AgentA wins,20.00,0,0,0,0,0,0,0,0,0,0
74,AgentA wins,20.00,0,0,0,0,0,0,0,0,0,0
75,AgentA wins,23.33,0,0,0,0,0,0,0,0,0,0
76,AgentA wins,20.00,0,0,0,0,0,0,0,0,0,0
77,AgentA wins,15.00,0,0,0,0,0,0,0,0,0,0
78,AgentA wins,18.00,0,0,0,0,0,0,0,0,0,0
79,AgentA wins,20.00,0,0,0,0,0,0,0,0,0,0
80,AgentA wins,18.00,0,0,0,0,0,0,0,0,0,0
51,AgentA wins,15.00,0,0,0,0,0,0,0,0,0,0
52,timeout draw,60.00,0,0,0,0,0,0,0,0,0,0
53,AgentA wins,36.67,0,0,0,0,0,0,0,0,0,0
54,AgentA wins,26.67,0,0,0,0,0,0,0,0,0,0
55,AgentB wins,57.33,0,0,0,0,0,0,0,0,0,0
56,timeout draw,60.00,0,0,0,0,0,0,0,0,0,0
57,AgentB wins,37.67,0,0,0,0,0,0,0,0,0,0
58,AgentA wins,15.00,0,0,0,0,0,0,0,0,0,0
59,AgentA wins,24.00,0,0,0,0,0,0,0,0,0,0
60,AgentA wins,18.00,0,0,0,0,0,0,0,0,0,0
71,AgentA wins,19.67,0,0,0,0,0,0,0,0,0,0
72,AgentA wins,23.33,0,0,0,0,0,0,0,0,0,0
73,AgentA wins,20.00,0,0,0,0,0,0,0,0,0,0
74,AgentA wins,20.00,0,0,0,0,0,0,0,0,0,0
75,AgentA wins,20.00,0,0,0,0,0,0,0,0,0,0
76,AgentA wins,18.00,0,0,0,0,0,0,0,0,0,0
77,AgentA wins,15.00,0,0,0,0,0,0,0,0,0,0
78,AgentA wins,19.67,0,0,0,0,0,0,0,0,0,0
79,AgentA wins,19.67,0,0,0,0,0,0,0,0,0,0
80,AgentA wins,20.00,0,0,0,0,0,0,0,0,0,0
51,AgentA wins,18.00,0,0,0,0,0,0,0,0,0,0
52,AgentA wins,35.00,0,0,0,0,0,0,0,0,0,0
53,AgentA wins,15.00,0,0,0,0,0,0,0,0,0,0
54,AgentB wins,42.00,0,0,0,0,0,0,0,0,0,0
55,AgentB wins,37.33,0,0,0,0,0,0,0,0,0,0
56,AgentA wins,26.33,0,0,0,0,0,0,0,0,0,0
57,AgentA wins,21.67,0,0,0,0,0,0,0,0,0,0
58,AgentA wins,30.00,0,0,0,0,0,0,0,0,0,0
59,AgentA wins,38.67,0,0,0,0,0,0,0,0,0,0
60,AgentA wins,18.00,0,0,0,0,0,0,0,0,0,0
51,AgentB wins,35.67,0,0,0,0,0,0,0,0,0,0
52,AgentA wins,34.00,0,0,0,0,0,0,0,0,0,0
53,AgentA wins,26.33,0,0,0,0,0,0,0,0,0,0
54,AgentB wins,50.67,0,0,0,0,0,0,0,0,0,0
55,AgentA wins,15.00,0,0,0,0,0,0,0,0,0,0
56,AgentA wins,18.00,0,0,0,0,0,0,0,0,0,0
57,AgentA wins,21.67,0,0,0,0,0,0,0,0,0,0
58,AgentB wins,34.33,0,0,0,0,0,0,0,0,0,0
59,AgentA wins,18.00,0,0,0,0,0,0,0,0,0,0
60,AgentA wins,29.33,0,0,0,0,0,0,0,0,0,0
51,AgentA wins,37.67,0,0,0,0,0,0,0,0,0,0
52,AgentA wins,15.00,0,0,0,0,0,0,0,0,0,0
53,AgentA wins,15.00,0,0,0,0,0,0,0,0,0,0
54,AgentA wins,27.00,0,0,0,0,0,0,0,0,0,0
55,AgentA wins,18.67,0,0,0,0,0,0,0,0,0,0
56,AgentA wins,29.67,0,0,0,0,0,0,0,0,0,0
57,AgentA wins,18.00,0,0,0,0,0,0,0,0,0,0
58,AgentA wins,18.00,0,0,0,0,0,0,0,0,0,0
59,AgentA wins,40.33,0,0,0,0,0,0,0,0,0,0
60,AgentA wins,50.67,0,0,0,0,0,0,0,0,0,0
51,AgentA wins,27.00,0,0,0,0,0,0,0,0,0,0
52,AgentB wins,24.67,0,0,0,0,0,0,0,0,0,0
53,AgentB wins,28.67,0,0,0,0,0,0,0,0,0,0
54,AgentB wins,42.33,0,0,0,0,0,0,0,0,0,0
55,AgentA wins,45.00,0,0,0,0,0,0,0,0,0,0
56,AgentA wins,43.67,0,0,0,0,0,0,0,0,0,0
57,AgentA wins,25.00,0,0,0,0,0,0,0,0,0,0
58,AgentA wins,27.00,0,0,0,0,0,0,0,0,0,0
59,AgentA wins,24.00,0,0,0,0,0,0,0,0,0,0
60,AgentA wins,18.00,0,0,0,0,0,0,0,0,0,0
51,AgentA wins,28.67,0,0,0,0,0,0,0,0,0,0
52,AgentA wins,18.00,0,0,0,0,0,0,0,0,0,0
53,AgentA wins,15.00,0,0,0,0,0,0,0,0,0,0
54,AgentA wins,24.00,0,0,0,0,0,0,0,0,0,0
55,AgentB wins,21.67,0,0,0,0,0,0,0,0,0,0
56,AgentA wins,29.00,0,0,0,0,0,0,0,0,0,0
57,AgentA wins,39.00,0,0,0,0,0,0,0,0,0,0
58,AgentA wins,38.00,0,0,0,0,0,0,0,0,0,0
59,AgentA wins,18.00,0,0,0,0,0,0,0,0,0,0
60,AgentA wins,35.00,0,0,0,0,0,0,0,0,0,0
81,AgentA wins,18.00,0,0,0,0,0,0,0,0,0,0
82,AgentA wins,20.00,0,0,0,0,0,0,0,0,0,0
83,AgentA wins,18.00,0,0,0,0,0,0,0,0,0,0
84,AgentA wins,20.00,0,0,0,0,0,0,0,0,0,0
85,AgentA wins,15.00,0,0,0,0,0,0,0,0,0,0
86,AgentA wins,19.67,0,0,0,0,0,0,0,0,0,0
87,AgentA wins,20.00,0,0,0,0,0,0,0,0,0,0
88,AgentA wins,15.00,0,0,0,0,0,0,0,0,0,0
89,AgentA wins,20.00,0,0,0,0,0,0,0,0,0,0
90,AgentA wins,17.00,0,0,0,0,0,0,0,0,0,0
81,AgentA wins,17.00,0,0,0,0,0,0,0,0,0,0
82,AgentA wins,17.00,0,0,0,0,0,0,0,0,0,0
83,AgentA wins,15.00,0,0,0,0,0,0,0,0,0,0
84,AgentA wins,23.33,0,0,0,0,0,0,0,0,0,0
85,AgentA wins,20.00,0,0,0,0,0,0,0,0,0,0
86,AgentA wins,15.00,0,0,0,0,0,0,0,0,0,0
87,AgentA wins,20.00,0,0,0,0,0,0,0,0,0,0
88,AgentA wins,15.00,0,0,0,0,0,0,0,0,0,0
89,AgentA wins,15.00,0,0,0,0,0,0,0,0,0,0
90,AgentA wins,23.33,0,0,0,0,0,0,0,0,0,0
51,AgentA wins,34.67,0,0,0,0,0,0,0,0,0,0
52,AgentB wins,33.67,0,0,0,0,0,0,0,0,0,0
53,AgentA wins,32.33,0,0,0,0,0,0,0,0,0,0
54,AgentA wins,15.00,0,0,0,0,0,0,0,0,0,0
55,AgentA wins,33.00,0,0,0,0,0,0,0,0,0,0
56,AgentA wins,35.67,0,0,0,0,0,0,0,0,0,0
57,AgentA wins,15.00,0,0,0,0,0,0,0,0,0,0
58,AgentA wins,15.00,0,0,0,0,0,0,0,0,0,0
59,AgentA wins,15.00,0,0,0,0,0,0,0,0,0,0
60,AgentA wins,29.67,0,0,0,0,0,0,0,0,0,0
81,AgentA wins,15.00,0,0,0,0,0,0,0,0,0,0
82,AgentA wins,19.67,0,0,0,0,0,0,0,0,0,0
83,AgentA wins,15.00,0,0,0,0,0,0,0,0,0,0
84,AgentA wins,15.00,0,0,0,0,0,0,0,0,0,0
85,AgentA wins,20.00,0,0,0,0,0,0,0,0,0,0
86,AgentA wins,20.00,0,0,0,0,0,0,0,0,0,0
87,AgentA wins,20.00,0,0,0,0,0,0,0,0,0,0
88,AgentA wins,19.67,0,0,0,0,0,0,0,0,0,0
89,AgentA wins,15.00,0,0,0,0,0,0,0,0,0,0
90,AgentA wins,23.33,0,0,0,0,0,0,0,0,0,0
81,AgentA wins,17.00,0,0,0,0,0,0,0,0,0,0
82,AgentA wins,20.00,0,0,0,0,0,0,0,0,0,0
83,AgentA wins,20.00,0,0,0,0,0,0,0,0,0,0
84,AgentA wins,20.00,0,0,0,0,0,0,0,0,0,0
85,AgentA wins,20.00,0,0,0,0,0,0,0,0,0,0
86,AgentA wins,20.00,0,0,0,0,0,0,0,0,0,0
87,AgentA wins,23.33,0,0,0,0,0,0,0,0,0,0
88,AgentA wins,20.00,0,0,0,0,0,0,0,0,0,0
89,AgentA wins,20.00,0,0,0,0,0,0,0,0,0,0
90,AgentA wins,15.00,0,0,0,0,0,0,0,0,0,0
81,AgentA wins,17.00,0,0,0,0,0,0,0,0,0,0
82,AgentA wins,15.00,0,0,0,0,0,0,0,0,0,0
83,AgentA wins,20.00,0,0,0,0,0,0,0,0,0,0
84,AgentA wins,20.00,0,0,0,0,0,0,0,0,0,0
85,AgentA wins,20.00,0,0,0,0,0,0,0,0,0,0
86,AgentA wins,15.00,0,0,0,0,0,0,0,0,0,0
87,AgentA wins,20.00,0,0,0,0,0,0,0,0,0,0
88,AgentA wins,15.00,0,0,0,0,0,0,0,0,0,0
89,AgentA wins,20.00,0,0,0,0,0,0,0,0,0,0
90,AgentA wins,23.33,0,0,0,0,0,0,0,0,0,0
81,AgentA wins,15.00,0,0,0,0,0,0,0,0,0,0
82,AgentA wins,23.33,0,0,0,0,0,0,0,0,0,0
83,AgentA wins,25.67,0,0,0,0,0,0,0,0,0,0
84,AgentA wins,20.00,0,0,0,0,0,0,0,0,0,0
85,AgentA wins,20.00,0,0,0,0,0,0,0,0,0,0
86,AgentA wins,20.00,0,0,0,0,0,0,0,0,0,0
87,AgentA wins,20.00,0,0,0,0,0,0,0,0,0,0
88,AgentA wins,20.00,0,0,0,0,0,0,0,0,0,0
89,AgentA wins,19.67,0,0,0,0,0,0,0,0,0,0
90,AgentA wins,15.00,0,0,0,0,0,0,0,0,0,0
81,AgentA wins,15.00,0,0,0,0,0,0,0,0,0,0
82,AgentA wins,20.00,0,0,0,0,0,0,0,0,0,0
83,AgentA wins,20.00,0,0,0,0,0,0,0,0,0,0
84,AgentA wins,23.33,0,0,0,0,0,0,0,0,0,0
85,AgentA wins,15.00,0,0,0,0,0,0,0,0,0,0
86,AgentA wins,15.00,0,0,0,0,0,0,0,0,0,0
87,AgentA wins,20.00,0,0,0,0,0,0,0,0,0,0
88,AgentA wins,15.00,0,0,0,0,0,0,0,0,0,0
89,AgentA wins,23.33,0,0,0,0,0,0,0,0,0,0
90,AgentA wins,15.00,0,0,0,0,0,0,0,0,0,0
81,AgentA wins,19.67,0,0,0,0,0,0,0,0,0,0
82,AgentA wins,20.00,0,0,0,0,0,0,0,0,0,0
83,AgentA wins,19.67,0,0,0,0,0,0,0,0,0,0
84,AgentA wins,18.00,0,0,0,0,0,0,0,0,0,0
85,AgentA wins,20.00,0,0,0,0,0,0,0,0,0,0
86,AgentA wins,20.00,0,0,0,0,0,0,0,0,0,0
87,AgentA wins,18.00,0,0,0,0,0,0,0,0,0,0
88,AgentA wins,20.00,0,0,0,0,0,0,0,0,0,0
89,AgentA wins,23.33,0,0,0,0,0,0,0,0,0,0
90,AgentA wins,20.00,0,0,0,0,0,0,0,0,0,0
81,AgentA wins,23.33,0,0,0,0,0,0,0,0,0,0
82,AgentA wins,23.33,0,0,0,0,0,0,0,0,0,0
83,AgentA wins,20.00,0,0,0,0,0,0,0,0,0,0
84,AgentA wins,20.00,0,0,0,0,0,0,0,0,0,0
85,AgentA wins,20.00,0,0,0,0,0,0,0,0,0,0
86,AgentA wins,19.67,0,0,0,0,0,0,0,0,0,0
87,AgentA wins,20.00,0,0,0,0,0,0,0,0,0,0
88,AgentA wins,19.67,0,0,0,0,0,0,0,0,0,0
89,AgentA wins,17.00,0,0,0,0,0,0,0,0,0,0
90,AgentA wins,19.67,0,0,0,0,0,0,0,0,0,0
81,AgentA wins,15.00,0,0,0,0,0,0,0,0,0,0
82,AgentA wins,20.00,0,0,0,0,0,0,0,0,0,0
83,AgentA wins,20.00,0,0,0,0,0,0,0,0,0,0
84,AgentA wins,20.00,0,0,0,0,0,0,0,0,0,0
85,AgentA wins,23.33,0,0,0,0,0,0,0,0,0,0
86,AgentA wins,20.00,0,0,0,0,0,0,0,0,0,0
87,AgentA wins,23.33,0,0,0,0,0,0,0,0,0,0
88,AgentA wins,20.00,0,0,0,0,0,0,0,0,0,0
89,AgentA wins,20.00,0,0,0,0,0,0,0,0,0,0
90,AgentA wins,20.00,0,0,0,0,0,0,0,0,0,0
51,AgentA wins,28.67,0,0,0,0,0,0,0,0,0,0
52,AgentA wins,32.33,0,0,0,0,0,0,0,0,0,0
53,AgentA wins,35.00,0,0,0,0,0,0,0,0,0,0
54,AgentB wins,26.00,0,0,0,0,0,0,0,0,0,0
55,AgentA wins,28.00,0,0,0,0,0,0,0,0,0,0
56,AgentA wins,18.00,0,0,0,0,0,0,0,0,0,0
57,AgentA wins,21.00,0,0,0,0,0,0,0,0,0,0
58,AgentA wins,28.67,0,0,0,0,0,0,0,0,0,0
59,AgentA wins,21.00,0,0,0,0,0,0,0,0,0,0
60,AgentA wins,32.00,0,0,0,0,0,0,0,0,0,0
81,AgentA wins,19.67,0,0,0,0,0,0,0,0,0,0
82,AgentA wins,15.00,0,0,0,0,0,0,0,0,0,0
83,AgentA wins,20.00,0,0,0,0,0,0,0,0,0,0
84,AgentA wins,19.67,0,0,0,0,0,0,0,0,0,0
85,AgentA wins,18.00,0,0,0,0,0,0,0,0,0,0
86,AgentA wins,17.00,0,0,0,0,0,0,0,0,0,0
87,AgentA wins,20.00,0,0,0,0,0,0,0,0,0,0
88,AgentA wins,19.67,0,0,0,0,0,0,0,0,0,0
89,AgentA wins,15.00,0,0,0,0,0,0,0,0,0,0
90,AgentA wins,20.00,0,0,0,0,0,0,0,0,0,0
81,AgentA wins,20.00,0,0,0,0,0,0,0,0,0,0
82,AgentA wins,20.00,0,0,0,0,0,0,0,0,0,0
83,AgentA wins,20.00,0,0,0,0,0,0,0,0,0,0
84,AgentA wins,17.00,0,0,0,0,0,0,0,0,0,0
85,AgentA wins,20.00,0,0,0,0,0,0,0,0,0,0
86,AgentA wins,20.00,0,0,0,0,0,0,0,0,0,0
87,AgentA wins,15.00,0,0,0,0,0,0,0,0,0,0
88,AgentB wins,24.67,0,0,0,0,0,0,0,0,0,0
89,AgentA wins,19.67,0,0,0,0,0,0,0,0,0,0
90,AgentA wins,19.67,0,0,0,0,0,0,0,0,0,0
81,AgentA wins,15.00,0,0,0,0,0,0,0,0,0,0
82,AgentA wins,20.00,0,0,0,0,0,0,0,0,0,0
83,AgentA wins,20.00,0,0,0,0,0,0,0,0,0,0
84,AgentA wins,23.33,0,0,0,0,0,0,0,0,0,0
85,AgentA wins,20.00,0,0,0,0,0,0,0,0,0,0
86,AgentA wins,20.00,0,0,0,0,0,0,0,0,0,0
87,AgentA wins,20.00,0,0,0,0,0,0,0,0,0,0
88,AgentA wins,17.00,0,0,0,0,0,0,0,0,0,0
89,AgentA wins,18.00,0,0,0,0,0,0,0,0,0,0
90,AgentA wins,20.00,0,0,0,0,0,0,0,0,0,0
81,AgentA wins,20.00,0,0,0,0,0,0,0,0,0,0
82,AgentA wins,20.00,0,0,0,0,0,0,0,0,0,0
83,AgentA wins,20.00,0,0,0,0,0,0,0,0,0,0
84,AgentA wins,20.00,0,0,0,0,0,0,0,0,0,0
85,AgentA wins,20.00,0,0,0,0,0,0,0,0,0,0
86,AgentA wins,15.00,0,0,0,0,0,0,0,0,0,0
87,AgentA wins,20.00,0,0,0,0,0,0,0,0,0,0
88,AgentA wins,15.00,0,0,0,0,0,0,0,0,0,0
89,AgentA wins,20.00,0,0,0,0,0,0,0,0,0,0
90,AgentA wins,17.00,0,0,0,0,0,0,0,0,0,0
81,AgentA wins,20.00,0,0,0,0,0,0,0,0,0,0
82,AgentA wins,20.00,0,0,0,0,0,0,0,0,0,0
83,AgentB wins,24.67,0,0,0,0,0,0,0,0,0,0
84,AgentA wins,20.00,0,0,0,0,0,0,0,0,0,0
85,AgentA wins,20.00,0,0,0,0,0,0,0,0,0,0
86,AgentA wins,18.00,0,0,0,0,0,0,0,0,0,0
87,AgentA wins,19.67,0,0,0,0,0,0,0,0,0,0
88,AgentA wins,20.00,0,0,0,0,0,0,0,0,0,0
89,AgentA wins,23.33,0,0,0,0,0,0,0,0,0,0
90,AgentA wins,20.00,0,0,0,0,0,0,0,0,0,0
61,AgentA wins,20.67,190,185,0,107,0,136,0,25,17,55
62,AgentA wins,18.00,164,159,0,94,0,131,0,25,26,34
63,AgentA wins,21.00,188,190,0,107,0,153,0,27,20,43
64,AgentA wins,18.00,162,165,0,98,0,129,0,20,21,34
65,AgentA wins,18.00,164,159,0,93,0,126,0,26,20,41
66,AgentA wins,40.67,369,368,0,221,0,291,0,55,46,93
67,AgentA wins,15.00,135,137,0,86,0,107,0,17,17,33
68,AgentA wins,41.00,365,374,0,218,0,286,0,50,42,91
69,AgentA wins,18.00,161,168,0,95,0,128,0,19,20,39
70,AgentA wins,30.00,270,270,0,159,0,222,0,32,43,61
61,AgentA wins,29.33,0,0,0,0,0,0,0,0,0,0
62,AgentB wins,33.00,0,0,0,0,0,0,0,0,0,0
63,AgentA wins,21.00,0,0,0,0,0,0,0,0,0,0
64,AgentA wins,15.00,0,0,0,0,0,0,0,0,0,0
65,AgentA wins,18.00,0,0,0,0,0,0,0,0,0,0
66,AgentA wins,21.67,0,0,0,0,0,0,0,0,0,0
67,AgentA wins,15.00,0,0,0,0,0,0,0,0,0,0
68,AgentA wins,43.33,0,0,0,0,0,0,0,0,0,0
69,AgentA wins,20.00,0,0,0,0,0,0,0,0,0,0
70,AgentA wins,15.00,0,0,0,0,0,0,0,0,0,0
61,timeout draw,60.00,0,0,0,0,0,0,0,0,0,0
62,AgentA wins,58.67,0,0,0,0,0,0,0,0,0,0
63,AgentA wins,43.33,0,0,0,0,0,0,0,0,0,0
64,AgentA wins,34.33,0,0,0,0,0,0,0,0,0,0
65,AgentA wins,23.67,0,0,0,0,0,0,0,0,0,0
66,AgentA wins,18.00,0,0,0,0,0,0,0,0,0,0
67,AgentA wins,36.00,0,0,0,0,0,0,0,0,0,0
68,AgentA wins,15.00,0,0,0,0,0,0,0,0,0,0
69,AgentA wins,15.00,0,0,0,0,0,0,0,0,0,0
70,AgentA wins,30.67,0,0,0,0,0,0,0,0,0,0
61,AgentA wins,32.00,0,0,0,0,0,0,0,0,0,0
62,AgentA wins,18.67,0,0,0,0,0,0,0,0,0,0
63,AgentA wins,40.33,0,0,0,0,0,0,0,0,0,0
64,AgentA wins,21.00,0,0,0,0,0,0,0,0,0,0
65,AgentA wins,21.00,0,0,0,0,0,0,0,0,0,0
66,AgentA wins,30.00,0,0,0,0,0,0,0,0,0,0
67,AgentA wins,21.67,0,0,0,0,0,0,0,0,0,0
68,AgentA wins,18.00,0,0,0,0,0,0,0,0,0,0
69,AgentA wins,15.00,0,0,0,0,0,0,0,0,0,0
70,AgentA wins,34.00,0,0,0,0,0,0,0,0,0,0
91,AgentA wins,15.00,0,0,0,0,0,0,0,0,0,0
92,AgentA wins,15.00,0,0,0,0,0,0,0,0,0,0
93,AgentA wins,19.67,0,0,0,0,0,0,0,0,0,0
94,AgentA wins,15.00,0,0,0,0,0,0,0,0,0,0
95,AgentA wins,20.00,0,0,0,0,0,0,0,0,0,0
96,AgentA wins,20.00,0,0,0,0,0,0,0,0,0,0
97,AgentA wins,23.33,0,0,0,0,0,0,0,0,0,0
98,AgentA wins,20.00,0,0,0,0,0,0,0,0,0,0
99,AgentA wins,20.00,0,0,0,0,0,0,0,0,0,0
100,AgentA wins,15.00,0,0,0,0,0,0,0,0,0,0
61,AgentA wins,18.00,0,0,0,0,0,0,0,0,0,0
62,AgentA wins,15.00,0,0,0,0,0,0,0,0,0,0
63,AgentA wins,41.00,0,0,0,0,0,0,0,0,0,0
64,AgentA wins,18.00,0,0,0,0,0,0,0,0,0,0
65,AgentA wins,15.00,0,0,0,0,0,0,0,0,0,0
66,AgentA wins,30.00,0,0,0,0,0,0,0,0,0,0
67,AgentB wins,31.33,0,0,0,0,0,0,0,0,0,0
68,AgentA wins,32.67,0,0,0,0,0,0,0,0,0,0
69,AgentA wins,18.00,0,0,0,0,0,0,0,0,0,0
70,AgentA wins,23.67,0,0,0,0,0,0,0,0,0,0
61,AgentA wins,21.00,0,0,0,0,0,0,0,0,0,0
62,AgentB wins,52.33,0,0,0,0,0,0,0,0,0,0
63,AgentA wins,15.00,0,0,0,0,0,0,0,0,0,0
64,AgentA wins,18.00,0,0,0,0,0,0,0,0,0,0
65,AgentA wins,15.00,0,0,0,0,0,0,0,0,0,0
66,AgentA wins,36.00,0,0,0,0,0,0,0,0,0,0
67,AgentA wins,42.67,0,0,0,0,0,0,0,0,0,0
68,AgentA wins,24.00,0,0,0,0,0,0,0,0,0,0
69,AgentB wins,41.67,0,0,0,0,0,0,0,0,0,0
70,AgentA wins,26.33,0,0,0,0,0,0,0,0,0,0
91,AgentA wins,20.00,0,0,0,0,0,0,0,0,0,0
92,AgentA wins,15.00,0,0,0,0,0,0,0,0,0,0
93,AgentA wins,20.00,0,0,0,0,0,0,0,0,0,0
94,AgentA wins,20.00,0,0,0,0,0,0,0,0,0,0
95,AgentA wins,20.00,0,0,0,0,0,0,0,0,0,0
96,AgentA wins,15.00,0,0,0,0,0,0,0,0,0,0
97,AgentA wins,23.33,0,0,0,0,0,0,0,0,0,0
98,AgentA wins,19.67,0,0,0,0,0,0,0,0,0,0
99,AgentA wins,19.67,0,0,0,0,0,0,0,0,0,0
100,AgentA wins,17.00,0,0,0,0,0,0,0,0,0,0
91,AgentA wins,20.00,0,0,0,0,0,0,0,0,0,0
92,AgentA wins,20.00,0,0,0,0,0,0,0,0,0,0
93,AgentA wins,15.00,0,0,0,0,0,0,0,0,0,0
94,AgentA wins,20.00,0,0,0,0,0,0,0,0,0,0
95,AgentA wins,20.00,0,0,0,0,0,0,0,0,0,0
96,AgentA wins,15.00,0,0,0,0,0,0,0,0,0,0
97,AgentA wins,20.00,0,0,0,0,0,0,0,0,0,0
98,AgentA wins,19.67,0,0,0,0,0,0,0,0,0,0
99,AgentA wins,20.00,0,0,0,0,0,0,0,0,0,0
100,AgentA wins,20.00,0,0,0,0,0,0,0,0,0,0
91,AgentA wins,20.00,0,0,0,0,0,0,0,0,0,0
92,AgentA wins,19.67,0,0,0,0,0,0,0,0,0,0
93,AgentA wins,20.00,0,0,0,0,0,0,0,0,0,0
94,AgentA wins,15.00,0,0,0,0,0,0,0,0,0,0
95,AgentA wins,15.00,0,0,0,0,0,0,0,0,0,0
96,AgentA wins,20.00,0,0,0,0,0,0,0,0,0,0
97,AgentA wins,19.67,0,0,0,0,0,0,0,0,0,0
98,AgentA wins,19.67,0,0,0,0,0,0,0,0,0,0
99,AgentA wins,19.67,0,0,0,0,0,0,0,0,0,0
100,AgentA wins,20.00,0,0,0,0,0,0,0,0,0,0
91,AgentA wins,20.00,0,0,0,0,0,0,0,0,0,0
92,AgentA wins,17.00,0,0,0,0,0,0,0,0,0,0
93,AgentA wins,20.00,0,0,0,0,0,0,0,0,0,0
94,AgentA wins,15.00,0,0,0,0,0,0,0,0,0,0
95,AgentA wins,23.33,0,0,0,0,0,0,0,0,0,0
96,AgentA wins,15.00,0,0,0,0,0,0,0,0,0,0
97,AgentA wins,20.00,0,0,0,0,0,0,0,0,0,0
98,AgentA wins,17.00,0,0,0,0,0,0,0,0,0,0
99,AgentA wins,23.33,0,0,0,0,0,0,0,0,0,0
100,AgentA wins,15.00,0,0,0,0,0,0,0,0,0,0
91,AgentA wins,17.00,0,0,0,0,0,0,0,0,0,0
92,AgentA wins,20.00,0,0,0,0,0,0,0,0,0,0
93,AgentA wins,20.00,0,0,0,0,0,0,0,0,0,0
94,AgentA wins,20.00,0,0,0,0,0,0,0,0,0,0
95,AgentA wins,23.33,0,0,0,0,0,0,0,0,0,0
96,AgentA wins,20.00,0,0,0,0,0,0,0,0,0,0
97,AgentA wins,17.00,0,0,0,0,0,0,0,0,0,0
98,AgentA wins,15.00,0,0,0,0,0,0,0,0,0,0
99,AgentA wins,15.00,0,0,0,0,0,0,0,0,0,0
100,AgentA wins,15.00,0,0,0,0,0,0,0,0,0,0
61,AgentA wins,18.00,0,0,0,0,0,0,0,0,0,0
62,AgentA wins,18.67,0,0,0,0,0,0,0,0,0,0
63,AgentB wins,30.67,0,0,0,0,0,0,0,0,0,0
64,AgentA wins,31.33,0,0,0,0,0,0,0,0,0,0
65,AgentA wins,15.00,0,0,0,0,0,0,0,0,0,0
66,AgentA wins,18.67,0,0,0,0,0,0,0,0,0,0
67,AgentA wins,15.00,0,0,0,0,0,0,0,0,0,0
68,AgentA wins,22.67,0,0,0,0,0,0,0,0,0,0
69,AgentA wins,21.33,0,0,0,0,0,0,0,0,0,0
70,AgentA wins,28.33,0,0,0,0,0,0,0,0,0,0
91,AgentA wins,20.00,0,0,0,0,0,0,0,0,0,0
92,AgentA wins,15.00,0,0,0,0,0,0,0,0,0,0
93,AgentA wins,20.00,0,0,0,0,0,0,0,0,0,0
94,AgentA wins,17.00,0,0,0,0,0,0,0,0,0,0
95,AgentA wins,25.00,0,0,0,0,0,0,0,0,0,0
96,AgentA wins,15.00,0,0,0,0,0,0,0,0,0,0
97,AgentA wins,19.67,0,0,0,0,0,0,0,0,0,0
98,AgentA wins,20.00,0,0,0,0,0,0,0,0,0,0
99,AgentA wins,15.00,0,0,0,0,0,0,0,0,0,0
100,AgentA wins,19.67,0,0,0,0,0,0,0,0,0,0
91,AgentA wins,15.00,0,0,0,0,0,0,0,0,0,0
92,AgentA wins,20.00,0,0,0,0,0,0,0,0,0,0
93,AgentA wins,20.00,0,0,0,0,0,0,0,0,0,0
94,AgentA wins,18.00,0,0,0,0,0,0,0,0,0,0
95,AgentA wins,15.00,0,0,0,0,0,0,0,0,0,0
96,AgentA wins,20.00,0,0,0,0,0,0,0,0,0,0
97,AgentA wins,23.33,0,0,0,0,0,0,0,0,0,0
98,AgentA wins,15.00,0,0,0,0,0,0,0,0,0,0
99,AgentA wins,15.00,0,0,0,0,0,0,0,0,0,0
100,AgentA wins,20.00,0,0,0,0,0,0,0,0,0,0
91,AgentA wins,15.00,0,0,0,0,0,0,0,0,0,0
92,AgentA wins,23.33,0,0,0,0,0,0,0,0,0,0
93,AgentA wins,15.00,0,0,0,0,0,0,0,0,0,0
94,AgentA wins,15.00,0,0,0,0,0,0,0,0,0,0
95,AgentA wins,20.00,0,0,0,0,0,0,0,0,0,0
96,AgentA wins,23.33,0,0,0,0,0,0,0,0,0,0
97,AgentA wins,23.33,0,0,0,0,0,0,0,0,0,0
98,AgentA wins,15.00,0,0,0,0,0,0,0,0,0,0
99,AgentA wins,19.67,0,0,0,0,0,0,0,0,0,0
100,AgentB wins,24.67,0,0,0,0,0,0,0,0,0,0
91,AgentA wins,20.00,0,0,0,0,0,0,0,0,0,0
92,AgentA wins,15.00,0,0,0,0,0,0,0,0,0,0
93,AgentA wins,15.00,0,0,0,0,0,0,0,0,0,0
94,AgentA wins,18.00,0,0,0,0,0,0,0,0,0,0
95,AgentA wins,17.00,0,0,0,0,0,0,0,0,0,0
96,AgentA wins,20.00,0,0,0,0,0,0,0,0,0,0
97,AgentA wins,17.00,0,0,0,0,0,0,0,0,0,0
98,AgentA wins,20.00,0,0,0,0,0,0,0,0,0,0
99,AgentB wins,24.67,0,0,0,0,0,0,0,0,0,0
100,AgentA wins,20.00,0,0,0,0,0,0,0,0,0,0
91,AgentA wins,23.33,0,0,0,0,0,0,0,0,0,0
92,AgentA wins,22.33,0,0,0,0,0,0,0,0,0,0
93,AgentA wins,20.00,0,0,0,0,0,0,0,0,0,0
94,AgentA wins,20.00,0,0,0,0,0,0,0,0,0,0
95,AgentA wins,15.00,0,0,0,0,0,0,0,0,0,0
96,AgentA wins,20.00,0,0,0,0,0,0,0,0,0,0
97,AgentA wins,19.67,0,0,0,0,0,0,0,0,0,0
98,AgentA wins,19.67,0,0,0,0,0,0,0,0,0,0
99,AgentA wins,25.00,0,0,0,0,0,0,0,0,0,0
100,AgentB wins,24.67,0,0,0,0,0,0,0,0,0,0
61,AgentA wins,15.00,0,0,0,0,0,0,0,0,0,0
62,AgentA wins,21.00,0,0,0,0,0,0,0,0,0,0
63,AgentA wins,15.00,0,0,0,0,0,0,0,0,0,0
64,AgentB wins,39.00,0,0,0,0,0,0,0,0,0,0
65,AgentA wins,35.00,0,0,0,0,0,0,0,0,0,0
66,AgentA wins,24.00,0,0,0,0,0,0,0,0,0,0
67,AgentA wins,24.00,0,0,0,0,0,0,0,0,0,0
68,AgentB wins,26.33,0,0,0,0,0,0,0,0,0,0
69,AgentA wins,44.67,0,0,0,0,0,0,0,0,0,0
70,AgentB wins,48.33,0,0,0,0,0,0,0,0,0,0
91,AgentA wins,20.00,0,0,0,0,0,0,0,0,0,0
92,AgentA wins,15.00,0,0,0,0,0,0,0,0,0,0
93,AgentA wins,19.67,0,0,0,0,0,0,0,0,0,0
94,AgentA wins,20.00,0,0,0,0,0,0,0,0,0,0
95,AgentA wins,20.00,0,0,0,0,0,0,0,0,0,0
96,AgentA wins,17.00,0,0,0,0,0,0,0,0,0,0
97,AgentA wins,19.67,0,0,0,0,0,0,0,0,0,0
98,AgentB wins,24.67,0,0,0,0,0,0,0,0,0,0
99,AgentA wins,17.00,0,0,0,0,0,0,0,0,0,0
100,AgentA wins,20.00,0,0,0,0,0,0,0,0,0,0
61,AgentA wins,43.67,0,0,0,0,0,0,0,0,0,0
62,AgentB wins,27.00,0,0,0,0,0,0,0,0,0,0
63,AgentA wins,49.33,0,0,0,0,0,0,0,0,0,0
64,AgentA wins,34.67,0,0,0,0,0,0,0,0,0,0
65,AgentB wins,34.00,0,0,0,0,0,0,0,0,0,0
66,AgentB wins,33.00,0,0,0,0,0,0,0,0,0,0
67,AgentA wins,31.67,0,0,0,0,0,0,0,0,0,0
68,AgentA wins,51.67,0,0,0,0,0,0,0,0,0,0
69,AgentB wins,33.67,0,0,0,0,0,0,0,0,0,0
70,AgentA wins,18.67,0,0,0,0,0,0,0,0,0,0
91,AgentA wins,20.00,0,0,0,0,0,0,0,0,0,0
92,AgentA wins,23.33,0,0,0,0,0,0,0,0,0,0
93,AgentA wins,17.00,0,0,0,0,0,0,0,0,0,0
94,AgentA wins,20.00,0,0,0,0,0,0,0,0,0,0
95,AgentA wins,17.00,0,0,0,0,0,0,0,0,0,0
96,AgentA wins,19.67,0,0,0,0,0,0,0,0,0,0
97,AgentA wins,15.00,0,0,0,0,0,0,0,0,0,0
98,AgentA wins,15.00,0,0,0,0,0,0,0,0,0,0
99,AgentA wins,20.00,0,0,0,0,0,0,0,0,0,0
100,AgentA wins,17.00,0,0,0,0,0,0,0,0,0,0
91,AgentA wins,20.00,0,0,0,0,0,0,0,0,0,0
92,AgentA wins,23.33,0,0,0,0,0,0,0,0,0,0
93,AgentA wins,23.33,0,0,0,0,0,0,0,0,0,0
94,AgentA wins,20.00,0,0,0,0,0,0,0,0,0,0
95,AgentA wins,20.00,0,0,0,0,0,0,0,0,0,0
96,AgentA wins,19.67,0,0,0,0,0,0,0,0,0,0
97,AgentA wins,20.00,0,0,0,0,0,0,0,0,0,0
98,AgentA wins,15.00,0,0,0,0,0,0,0,0,0,0
99,AgentA wins,19.67,0,0,0,0,0,0,0,0,0,0
100,AgentA wins,25.00,0,0,0,0,0,0,0,0,0,0
61,AgentA wins,15.00,0,0,0,0,0,0,0,0,0,0
62,AgentA wins,22.67,0,0,0,0,0,0,0,0,0,0
63,AgentA wins,18.00,0,0,0,0,0,0,0,0,0,0
64,AgentA wins,21.67,0,0,0,0,0,0,0,0,0,0
65,AgentA wins,42.00,0,0,0,0,0,0,0,0,0,0
66,AgentA wins,26.00,0,0,0,0,0,0,0,0,0,0
67,AgentA wins,27.00,0,0,0,0,0,0,0,0,0,0
68,AgentA wins,15.00,0,0,0,0,0,0,0,0,0,0
69,AgentA wins,37.67,0,0,0,0,0,0,0,0,0,0
70,AgentA wins,15.00,0,0,0,0,0,0,0,0,0,0
91,AgentA wins,19.67,0,0,0,0,0,0,0,0,0,0
92,AgentA wins,19.67,0,0,0,0,0,0,0,0,0,0
93,AgentA wins,20.00,0,0,0,0,0,0,0,0,0,0
94,AgentA wins,17.00,0,0,0,0,0,0,0,0,0,0
95,AgentB wins,24.67,0,0,0,0,0,0,0,0,0,0
96,AgentB wins,24.67,0,0,0,0,0,0,0,0,0,0
97,AgentA wins,20.00,0,0,0,0,0,0,0,0,0,0
98,AgentA wins,19.67,0,0,0,0,0,0,0,0,0,0
99,AgentB wins,24.67,0,0,0,0,0,0,0,0,0,0
100,AgentA wins,23.33,0,0,0,0,0,0,0,0,0,0
71,AgentA wins,24.00,0,0,0,0,0,0,0,0,0,0
72,AgentA wins,24.00,0,0,0,0,0,0,0,0,0,0
73,AgentA wins,18.67,0,0,0,0,0,0,0,0,0,0
74,AgentA wins,15.00,0,0,0,0,0,0,0,0,0,0
75,AgentA wins,24.00,0,0,0,0,0,0,0,0,0,0
76,AgentA wins,15.00,0,0,0,0,0,0,0,0,0,0
77,AgentA wins,45.67,0,0,0,0,0,0,0,0,0,0
78,AgentA wins,18.00,0,0,0,0,0,0,0,0,0,0
79,AgentA wins,35.00,0,0,0,0,0,0,0,0,0,0
80,AgentA wins,18.00,0,0,0,0,0,0,0,0,0,0
101,AgentA wins,20.00,0,0,0,0,0,0,0,0,0,0
102,AgentA wins,20.00,0,0,0,0,0,0,0,0,0,0
103,AgentA wins,20.00,0,0,0,0,0,0,0,0,0,0
104,AgentB wins,24.67,0,0,0,0,0,0,0,0,0,0
105,AgentA wins,20.00,0,0,0,0,0,0,0,0,0,0
106,AgentA wins,20.00,0,0,0,0,0,0,0,0,0,0
107,AgentA wins,20.00,0,0,0,0,0,0,0,0,0,0
108,AgentA wins,15.00,0,0,0,0,0,0,0,0,0,0
109,AgentA wins,15.00,0,0,0,0,0,0,0,0,0,0
110,AgentA wins,18.00,0,0,0,0,0,0,0,0,0,0
101,AgentA wins,19.67,0,0,0,0,0,0,0,0,0,0
102,AgentA wins,15.00,0,0,0,0,0,0,0,0,0,0
103,AgentA wins,15.00,0,0,0,0,0,0,0,0,0,0
104,AgentA wins,19.67,0,0,0,0,0,0,0,0,0,0
105,AgentA wins,20.00,0,0,0,0,0,0,0,0,0,0
106,AgentA wins,15.00,0,0,0,0,0,0,0,0,0,0
107,AgentA wins,15.00,0,0,0,0,0,0,0,0,0,0
108,AgentA wins,17.00,0,0,0,0,0,0,0,0,0,0
109,AgentA wins,20.00,0,0,0,0,0,0,0,0,0,0
110,AgentA wins,17.00,0,0,0,0,0,0,0,0,0,0
101,AgentA wins,19.67,0,0,0,0,0,0,0,0,0,0
102,AgentA wins,19.67,0,0,0,0,0,0,0,0,0,0
103,AgentA wins,20.00,0,0,0,0,0,0,0,0,0,0
104,AgentA wins,15.00,0,0,0,0,0,0,0,0,0,0
105,AgentA wins,20.00,0,0,0,0,0,0,0,0,0,0
106,AgentA wins,19.67,0,0,0,0,0,0,0,0,0,0
107,AgentA wins,25.00,0,0,0,0,0,0,0,0,0,0
108,AgentA wins,20.00,0,0,0,0,0,0,0,0,0,0
109,AgentA wins,15.00,0,0,0,0,0,0,0,0,0,0
110,AgentA wins,15.00,0,0,0,0,0,0,0,0,0,0
71,AgentA wins,21.00,0,0,0,0,0,0,0,0,0,0
72,AgentA wins,34.67,0,0,0,0,0,0,0,0,0,0
73,AgentA wins,15.00,0,0,0,0,0,0,0,0,0,0
74,AgentB wins,34.33,0,0,0,0,0,0,0,0,0,0
75,AgentB wins,45.00,0,0,0,0,0,0,0,0,0,0
76,AgentA wins,38.00,0,0,0,0,0,0,0,0,0,0
77,AgentB wins,22.00,0,0,0,0,0,0,0,0,0,0
78,AgentA wins,18.00,0,0,0,0,0,0,0,0,0,0
79,AgentA wins,15.00,0,0,0,0,0,0,0,0,0,0
80,AgentA wins,28.67,0,0,0,0,0,0,0,0,0,0
101,AgentA wins,23.33,0,0,0,0,0,0,0,0,0,0
102,AgentA wins,17.00,0,0,0,0,0,0,0,0,0,0
103,AgentA wins,15.00,0,0,0,0,0,0,0,0,0,0
104,AgentA wins,20.00,0,0,0,0,0,0,0,0,0,0
105,AgentA wins,15.00,0,0,0,0,0,0,0,0,0,0
106,AgentA wins,17.00,0,0,0,0,0,0,0,0,0,0
107,AgentA wins,20.00,0,0,0,0,0,0,0,0,0,0
108,AgentA wins,19.67,0,0,0,0,0,0,0,0,0,0
109,AgentA wins,20.00,0,0,0,0,0,0,0,0,0,0
110,AgentA wins,15.00,0,0,0,0,0,0,0,0,0,0
71,AgentA wins,18.67,167,168,0,111,0,133,0,25,14,51
72,AgentA wins,34.33,313,310,0,180,0,247,0,52,51,64
73,AgentB wins,25.33,231,232,0,132,0,180,0,31,42,32
74,AgentA wins,39.00,353,354,0,201,0,272,0,52,60,68
75,AgentA wins,15.00,138,132,0,72,0,111,0,16,29,25
76,AgentA wins,42.67,385,381,0,206,0,309,0,47,85,68
77,AgentB wins,21.33,190,194,0,111,0,148,0,23,31,33
78,AgentA wins,36.67,329,330,0,193,0,255,0,49,41,86
79,timeout draw,60.00,541,539,0,310,0,409,0,68,71,126
80,AgentA wins,30.00,268,270,0,162,0,220,0,36,31,63
101,AgentA wins,19.67,0,0,0,0,0,0,0,0,0,0
102,AgentA wins,19.67,0,0,0,0,0,0,0,0,0,0
103,AgentA wins,22.33,0,0,0,0,0,0,0,0,0,0
104,AgentA wins,23.33,0,0,0,0,0,0,0,0,0,0
105,AgentA wins,17.00,0,0,0,0,0,0,0,0,0,0
106,AgentA wins,15.00,0,0,0,0,0,0,0,0,0,0
107,AgentA wins,15.00,0,0,0,0,0,0,0,0,0,0
108,AgentA wins,23.33,0,0,0,0,0,0,0,0,0,0
109,AgentA wins,17.00,0,0,0,0,0,0,0,0,0,0
110,AgentA wins,20.00,0,0,0,0,0,0,0,0,0,0
101,AgentA wins,20.00,0,0,0,0,0,0,0,0,0,0
102,AgentA wins,20.00,0,0,0,0,0,0,0,0,0,0
103,AgentA wins,15.00,0,0,0,0,0,0,0,0,0,0
104,AgentA wins,20.00,0,0,0,0,0,0,0,0,0,0
105,AgentA wins,20.00,0,0,0,0,0,0,0,0,0,0
106,AgentA wins,20.00,0,0,0,0,0,0,0,0,0,0
107,AgentA wins,19.67,0,0,0,0,0,0,0,0,0,0
108,AgentA wins,23.33,0,0,0,0,0,0,0,0,0,0
109,AgentA wins,20.00,0,0,0,0,0,0,0,0,0,0
110,AgentA wins,20.00,0,0,0,0,0,0,0,0,0,0
101,AgentA wins,20.00,0,0,0,0,0,0,0,0,0,0
102,AgentA wins,20.00,0,0,0,0,0,0,0,0,0,0
103,AgentA wins,20.00,0,0,0,0,0,0,0,0,0,0
104,AgentA wins,15.00,0,0,0,0,0,0,0,0,0,0
105,AgentA wins,20.00,0,0,0,0,0,0,0,0,0,0
106,AgentA wins,20.00,0,0,0,0,0,0,0,0,0,0
107,AgentA wins,19.67,0,0,0,0,0,0,0,0,0,0
108,AgentA wins,15.00,0,0,0,0,0,0,0,0,0,0
109,AgentA wins,20.00,0,0,0,0,0,0,0,0,0,0
110,AgentA wins,20.00,0,0,0,0,0,0,0,0,0,0
101,AgentA wins,20.00,0,0,0,0,0,0,0,0,0,0
102,AgentA wins,23.33,0,0,0,0,0,0,0,0,0,0
103,AgentA wins,15.00,0,0,0,0,0,0,0,0,0,0
104,AgentA wins,15.00,0,0,0,0,0,0,0,0,0,0
105,AgentA wins,15.00,0,0,0,0,0,0,0,0,0,0
106,AgentA wins,15.00,0,0,0,0,0,0,0,0,0,0
107,AgentA wins,15.00,0,0,0,0,0,0,0,0,0,0
108,AgentA wins,20.00,0,0,0,0,0,0,0,0,0,0
109,AgentA wins,15.00,0,0,0,0,0,0,0,0,0,0
110,AgentA wins,23.33,0,0,0,0,0,0,0,0,0,0
71,AgentA wins,44.33,0,0,0,0,0,0,0,0,0,0
72,AgentB wins,37.00,0,0,0,0,0,0,0,0,0,0
73,AgentA wins,18.00,0,0,0,0,0,0,0,0,0,0
74,AgentA wins,15.00,0,0,0,0,0,0,0,0,0,0
75,AgentA wins,21.00,0,0,0,0,0,0,0,0,0,0
76,AgentA wins,31.00,0,0,0,0,0,0,0,0,0,0
77,AgentA wins,41.00,0,0,0,0,0,0,0,0,0,0
78,AgentA wins,18.00,0,0,0,0,0,0,0,0,0,0
79,AgentA wins,18.00,0,0,0,0,0,0,0,0,0,0
80,AgentA wins,15.00,0,0,0,0,0,0,0,0,0,0
101,AgentA wins,18.00,0,0,0,0,0,0,0,0,0,0
102,AgentB wins,24.67,0,0,0,0,0,0,0,0,0,0
103,AgentA wins,19.67,0,0,0,0,0,0,0,0,0,0
104,AgentA wins,15.00,0,0,0,0,0,0,0,0,0,0
105,AgentA wins,15.00,0,0,0,0,0,0,0,0,0,0
106,AgentA wins,20.00,0,0,0,0,0,0,0,0,0,0
107,AgentA wins,15.00,0,0,0,0,0,0,0,0,0,0
108,AgentA wins,20.00,0,0,0,0,0,0,0,0,0,0
109,AgentA wins,20.00,0,0,0,0,0,0,0,0,0,0
110,AgentA wins,20.00,0,0,0,0,0,0,0,0,0,0
101,AgentB wins,24.67,0,0,0,0,0,0,0,0,0,0
102,AgentA wins,19.67,0,0,0,0,0,0,0,0,0,0
103,AgentA wins,17.00,0,0,0,0,0,0,0,0,0,0
104,AgentA wins,18.00,0,0,0,0,0,0,0,0,0,0
105,AgentA wins,20.00,0,0,0,0,0,0,0,0,0,0
106,AgentA wins,15.00,0,0,0,0,0,0,0,0,0,0
107,AgentA wins,20.00,0,0,0,0,0,0,0,0,0,0
108,AgentA wins,20.00,0,0,0,0,0,0,0,0,0,0
109,AgentA wins,20.00,0,0,0,0,0,0,0,0,0,0
110,AgentA wins,19.67,0,0,0,0,0,0,0,0,0,0
101,AgentA wins,20.00,0,0,0,0,0,0,0,0,0,0
102,AgentA wins,15.00,0,0,0,0,0,0,0,0,0,0
103,AgentA wins,20.00,0,0,0,0,0,0,0,0,0,0
104,AgentA wins,20.00,0,0,0,0,0,0,0,0,0,0
105,AgentA wins,15.00,0,0,0,0,0,0,0,0,0,0
106,AgentA wins,15.00,0,0,0,0,0,0,0,0,0,0
107,AgentA wins,20.00,0,0,0,0,0,0,0,0,0,0
108,AgentA wins,20.00,0,0,0,0,0,0,0,0,0,0
109,AgentA wins,20.00,0,0,0,0,0,0,0,0,0,0
110,AgentA wins,20.00,0,0,0,0,0,0,0,0,0,0
71,AgentA wins,18.00,0,0,0,0,0,0,0,0,0,0
72,AgentB wins,53.33,0,0,0,0,0,0,0,0,0,0
73,AgentA wins,18.67,0,0,0,0,0,0,0,0,0,0
74,AgentA wins,39.00,0,0,0,0,0,0,0,0,0,0
75,AgentA wins,18.00,0,0,0,0,0,0,0,0,0,0
76,AgentA wins,30.33,0,0,0,0,0,0,0,0,0,0
77,AgentA wins,15.67,0,0,0,0,0,0,0,0,0,0
78,AgentA wins,32.00,0,0,0,0,0,0,0,0,0,0
79,AgentA wins,15.00,0,0,0,0,0,0,0,0,0,0
80,AgentA wins,46.00,0,0,0,0,0,0,0,0,0,0
101,AgentA wins,17.00,0,0,0,0,0,0,0,0,0,0
102,AgentA wins,20.00,0,0,0,0,0,0,0,0,0,0
103,AgentA wins,20.00,0,0,0,0,0,0,0,0,0,0
104,AgentA wins,20.00,0,0,0,0,0,0,0,0,0,0
105,AgentA wins,19.67,0,0,0,0,0,0,0,0,0,0
106,AgentA wins,20.00,0,0,0,0,0,0,0,0,0,0
107,AgentA wins,20.00,0,0,0,0,0,0,0,0,0,0
108,AgentA wins,20.00,0,0,0,0,0,0,0,0,0,0
109,AgentA wins,15.00,0,0,0,0,0,0,0,0,0,0
110,AgentA wins,20.00,0,0,0,0,0,0,0,0,0,0
71,AgentA wins,18.67,0,0,0,0,0,0,0,0,0,0
72,AgentA wins,15.00,0,0,0,0,0,0,0,0,0,0
73,AgentA wins,26.00,0,0,0,0,0,0,0,0,0,0
74,AgentA wins,38.00,0,0,0,0,0,0,0,0,0,0
75,AgentA wins,21.67,0,0,0,0,0,0,0,0,0,0
76,AgentB wins,33.67,0,0,0,0,0,0,0,0,0,0
77,AgentB wins,34.33,0,0,0,0,0,0,0,0,0,0
78,AgentA wins,35.00,0,0,0,0,0,0,0,0,0,0
79,AgentA wins,42.33,0,0,0,0,0,0,0,0,0,0
80,AgentA wins,18.00,0,0,0,0,0,0,0,0,0,0
101,AgentA wins,20.00,0,0,0,0,0,0,0,0,0,0
102,AgentA wins,20.00,0,0,0,0,0,0,0,0,0,0
103,AgentA wins,20.00,0,0,0,0,0,0,0,0,0,0
104,AgentA wins,23.33,0,0,0,0,0,0,0,0,0,0
105,AgentA wins,20.00,0,0,0,0,0,0,0,0,0,0
106,AgentA wins,15.00,0,0,0,0,0,0,0,0,0,0
107,AgentA wins,15.00,0,0,0,0,0,0,0,0,0,0
108,AgentA wins,15.00,0,0,0,0,0,0,0,0,0,0
109,AgentA wins,20.00,0,0,0,0,0,0,0,0,0,0
110,AgentA wins,20.00,0,0,0,0,0,0,0,0,0,0
101,AgentA wins,20.00,0,0,0,0,0,0,0,0,0,0
102,AgentA wins,15.00,0,0,0,0,0,0,0,0,0,0
103,AgentA wins,20.00,0,0,0,0,0,0,0,0,0,0
104,AgentA wins,19.67,0,0,0,0,0,0,0,0,0,0
105,AgentA wins,19.67,0,0,0,0,0,0,0,0,0,0
106,AgentA wins,19.67,0,0,0,0,0,0,0,0,0,0
107,AgentA wins,20.00,0,0,0,0,0,0,0,0,0,0
108,AgentA wins,20.00,0,0,0,0,0,0,0,0,0,0
109,AgentA wins,20.00,0,0,0,0,0,0,0,0,0,0
110,AgentA wins,23.33,0,0,0,0,0,0,0,0,0,0
101,AgentA wins,15.00,0,0,0,0,0,0,0,0,0,0
102,AgentA wins,20.00,0,0,0,0,0,0,0,0,0,0
103,AgentA wins,23.33,0,0,0,0,0,0,0,0,0,0
104,AgentA wins,23.33,0,0,0,0,0,0,0,0,0,0
105,AgentA wins,18.00,0,0,0,0,0,0,0,0,0,0
106,AgentA wins,20.00,0,0,0,0,0,0,0,0,0,0
107,AgentA wins,20.00,0,0,0,0,0,0,0,0,0,0
108,AgentA wins,15.00,0,0,0,0,0,0,0,0,0,0
109,AgentA wins,20.00,0,0,0,0,0,0,0,0,0,0
110,AgentA wins,20.00,0,0,0,0,0,0,0,0,0,0
71,AgentA wins,15.00,0,0,0,0,0,0,0,0,0,0
72,AgentA wins,34.67,0,0,0,0,0,0,0,0,0,0
73,AgentA wins,18.00,0,0,0,0,0,0,0,0,0,0
74,AgentA wins,36.00,0,0,0,0,0,0,0,0,0,0
75,AgentA wins,21.00,0,0,0,0,0,0,0,0,0,0
76,AgentA wins,29.00,0,0,0,0,0,0,0,0,0,0
77,AgentA wins,49.67,0,0,0,0,0,0,0,0,0,0
78,AgentB wins,55.00,0,0,0,0,0,0,0,0,0,0
79,AgentA wins,15.00,0,0,0,0,0,0,0,0,0,0
80,AgentA wins,26.00,0,0,0,0,0,0,0,0,0,0
71,AgentA wins,15.00,0,0,0,0,0,0,0,0,0,0
72,AgentA wins,57.67,0,0,0,0,0,0,0,0,0,0
73,AgentA wins,24.67,0,0,0,0,0,0,0,0,0,0
74,AgentA wins,33.33,0,0,0,0,0,0,0,0,0,0
75,AgentA wins,31.33,0,0,0,0,0,0,0,0,0,0
76,AgentA wins,15.00,0,0,0,0,0,0,0,0,0,0
77,AgentB wins,45.00,0,0,0,0,0,0,0,0,0,0
78,AgentA wins,15.00,0,0,0,0,0,0,0,0,0,0
79,AgentA wins,21.67,0,0,0,0,0,0,0,0,0,0
80,AgentA wins,27.00,0,0,0,0,0,0,0,0,0,0
71,AgentA wins,18.00,0,0,0,0,0,0,0,0,0,0
72,AgentB wins,42.67,0,0,0,0,0,0,0,0,0,0
73,AgentA wins,18.00,0,0,0,0,0,0,0,0,0,0
74,timeout draw,60.00,0,0,0,0,0,0,0,0,0,0
75,AgentA wins,27.67,0,0,0,0,0,0,0,0,0,0
76,AgentA wins,18.00,0,0,0,0,0,0,0,0,0,0
77,AgentB wins,33.33,0,0,0,0,0,0,0,0,0,0
78,AgentA wins,26.33,0,0,0,0,0,0,0,0,0,0
79,AgentA wins,27.33,0,0,0,0,0,0,0,0,0,0
80,AgentA wins,36.00,0,0,0,0,0,0,0,0,0,0
111,AgentA wins,15.00,0,0,0,0,0,0,0,0,0,0
112,AgentA wins,15.00,0,0,0,0,0,0,0,0,0,0
113,AgentA wins,20.00,0,0,0,0,0,0,0,0,0,0
114,AgentA wins,23.33,0,0,0,0,0,0,0,0,0,0
115,AgentA wins,20.00,0,0,0,0,0,0,0,0,0,0
116,AgentA wins,19.67,0,0,0,0,0,0,0,0,0,0
117,AgentA wins,15.00,0,0,0,0,0,0,0,0,0,0
118,AgentA wins,15.00,0,0,0,0,0,0,0,0,0,0
119,AgentA wins,17.00,0,0,0,0,0,0,0,0,0,0
120,AgentA wins,20.00,0,0,0,0,0,0,0,0,0,0
71,AgentA wins,15.00,0,0,0,0,0,0,0,0,0,0
72,AgentA wins,26.00,0,0,0,0,0,0,0,0,0,0
73,AgentA wins,30.33,0,0,0,0,0,0,0,0,0,0
74,AgentB wins,53.00,0,0,0,0,0,0,0,0,0,0
75,AgentA wins,15.00,0,0,0,0,0,0,0,0,0,0
76,AgentA wins,34.67,0,0,0,0,0,0,0,0,0,0
77,AgentA wins,26.00,0,0,0,0,0,0,0,0,0,0
78,AgentA wins,21.00,0,0,0,0,0,0,0,0,0,0
79,AgentA wins,37.00,0,0,0,0,0,0,0,0,0,0
80,AgentA wins,15.00,0,0,0,0,0,0,0,0,0,0
81,AgentA wins,15.00,0,0,0,0,0,0,0,0,0,0
82,AgentA wins,27.67,0,0,0,0,0,0,0,0,0,0
83,AgentA wins,18.00,0,0,0,0,0,0,0,0,0,0
84,AgentA wins,15.00,0,0,0,0,0,0,0,0,0,0
85,AgentA wins,21.00,0,0,0,0,0,0,0,0,0,0
86,AgentA wins,37.67,0,0,0,0,0,0,0,0,0,0
87,AgentA wins,15.67,0,0,0,0,0,0,0,0,0,0
88,AgentA wins,15.00,0,0,0,0,0,0,0,0,0,0
89,AgentA wins,24.00,0,0,0,0,0,0,0,0,0,0
90,AgentA wins,15.00,0,0,0,0,0,0,0,0,0,0
111,AgentA wins,20.00,0,0,0,0,0,0,0,0,0,0
112,AgentA wins,19.67,0,0,0,0,0,0,0,0,0,0
113,AgentA wins,15.00,0,0,0,0,0,0,0,0,0,0
114,AgentA wins,25.67,0,0,0,0,0,0,0,0,0,0
115,AgentA wins,15.00,0,0,0,0,0,0,0,0,0,0
116,AgentA wins,17.00,0,0,0,0,0,0,0,0,0,0
117,AgentA wins,23.33,0,0,0,0,0,0,0,0,0,0
118,AgentA wins,20.00,0,0,0,0,0,0,0,0,0,0
119,AgentA wins,19.67,0,0,0,0,0,0,0,0,0,0
120,AgentA wins,15.00,0,0,0,0,0,0,0,0,0,0
111,AgentA wins,20.00,0,0,0,0,0,0,0,0,0,0
112,AgentA wins,20.00,0,0,0,0,0,0,0,0,0,0
113,AgentA wins,19.67,0,0,0,0,0,0,0,0,0,0
114,AgentA wins,15.00,0,0,0,0,0,0,0,0,0,0
115,AgentA wins,20.00,0,0,0,0,0,0,0,0,0,0
116,AgentA wins,20.00,0,0,0,0,0,0,0,0,0,0
117,AgentA wins,20.00,0,0,0,0,0,0,0,0,0,0
118,AgentA wins,20.00,0,0,0,0,0,0,0,0,0,0
119,AgentA wins,15.00,0,0,0,0,0,0,0,0,0,0
120,AgentA wins,19.67,0,0,0,0,0,0,0,0,0,0
111,AgentA wins,20.00,0,0,0,0,0,0,0,0,0,0
112,AgentA wins,23.33,0,0,0,0,0,0,0,0,0,0
113,AgentA wins,17.00,0,0,0,0,0,0,0,0,0,0
114,AgentA wins,20.00,0,0,0,0,0,0,0,0,0,0
115,AgentA wins,23.33,0,0,0,0,0,0,0,0,0,0
116,AgentA wins,20.00,0,0,0,0,0,0,0,0,0,0
117,AgentA wins,17.00,0,0,0,0,0,0,0,0,0,0
118,AgentA wins,15.00,0,0,0,0,0,0,0,0,0,0
119,AgentA wins,19.67,0,0,0,0,0,0,0,0,0,0
120,AgentA wins,20.00,0,0,0,0,0,0,0,0,0,0
111,AgentA wins,15.00,0,0,0,0,0,0,0,0,0,0
112,AgentA wins,19.67,0,0,0,0,0,0,0,0,0,0
113,AgentA wins,15.00,0,0,0,0,0,0,0,0,0,0
114,AgentA wins,20.00,0,0,0,0,0,0,0,0,0,0
115,AgentA wins,17.00,0,0,0,0,0,0,0,0,0,0
116,AgentA wins,20.00,0,0,0,0,0,0,0,0,0,0
117,AgentA wins,17.00,0,0,0,0,0,0,0,0,0,0
118,AgentA wins,20.00,0,0,0,0,0,0,0,0,0,0
119,AgentA wins,25.00,0,0,0,0,0,0,0,0,0,0
120,AgentA wins,20.00,0,0,0,0,0,0,0,0,0,0
111,AgentA wins,17.00,0,0,0,0,0,0,0,0,0,0
112,AgentA wins,20.00,0,0,0,0,0,0,0,0,0,0
113,AgentA wins,15.00,0,0,0,0,0,0,0,0,0,0
114,AgentA wins,20.00,0,0,0,0,0,0,0,0,0,0
115,AgentA wins,20.00,0,0,0,0,0,0,0,0,0,0
116,AgentA wins,17.00,0,0,0,0,0,0,0,0,0,0
117,AgentA wins,18.00,0,0,0,0,0,0,0,0,0,0
118,AgentA wins,20.00,0,0,0,0,0,0,0,0,0,0
119,AgentA wins,15.00,0,0,0,0,0,0,0,0,0,0
120,AgentB wins,24.67,0,0,0,0,0,0,0,0,0,0
111,AgentA wins,23.33,0,0,0,0,0,0,0,0,0,0
112,AgentA wins,20.00,0,0,0,0,0,0,0,0,0,0
113,AgentA wins,15.00,0,0,0,0,0,0,0,0,0,0
114,AgentA wins,15.00,0,0,0,0,0,0,0,0,0,0
115,AgentA wins,15.00,0,0,0,0,0,0,0,0,0,0
116,AgentA wins,23.33,0,0,0,0,0,0,0,0,0,0
117,AgentA wins,20.00,0,0,0,0,0,0,0,0,0,0
118,AgentA wins,15.00,0,0,0,0,0,0,0,0,0,0
119,AgentA wins,20.00,0,0,0,0,0,0,0,0,0,0
120,AgentA wins,20.00,0,0,0,0,0,0,0,0,0,0
111,AgentA wins,19.67,0,0,0,0,0,0,0,0,0,0
112,AgentA wins,20.00,0,0,0,0,0,0,0,0,0,0
113,AgentA wins,25.00,0,0,0,0,0,0,0,0,0,0
114,AgentA wins,20.00,0,0,0,0,0,0,0,0,0,0
115,AgentA wins,20.00,0,0,0,0,0,0,0,0,0,0
116,AgentA wins,20.00,0,0,0,0,0,0,0,0,0,0
117,AgentA wins,20.00,0,0,0,0,0,0,0,0,0,0
118,AgentA wins,19.67,0,0,0,0,0,0,0,0,0,0
119,AgentA wins,20.00,0,0,0,0,0,0,0,0,0,0
120,AgentA wins,15.00,0,0,0,0,0,0,0,0,0,0
111,AgentA wins,15.00,0,0,0,0,0,0,0,0,0,0
112,AgentA wins,17.00,0,0,0,0,0,0,0,0,0,0
113,AgentA wins,20.00,0,0,0,0,0,0,0,0,0,0
114,AgentA wins,20.00,0,0,0,0,0,0,0,0,0,0
115,AgentA wins,20.00,0,0,0,0,0,0,0,0,0,0
116,AgentA wins,15.00,0,0,0,0,0,0,0,0,0,0
117,AgentA wins,20.00,0,0,0,0,0,0,0,0,0,0
118,AgentA wins,19.67,0,0,0,0,0,0,0,0,0,0
119,AgentA wins,20.00,0,0,0,0,0,0,0,0,0,0
120,AgentA wins,23.33,0,0,0,0,0,0,0,0,0,0
111,AgentA wins,20.00,0,0,0,0,0,0,0,0,0,0
112,AgentA wins,20.00,0,0,0,0,0,0,0,0,0,0
113,AgentA wins,20.00,0,0,0,0,0,0,0,0,0,0
114,AgentA wins,25.00,0,0,0,0,0,0,0,0,0,0
115,AgentB wins,24.67,0,0,0,0,0,0,0,0,0,0
116,AgentA wins,20.00,0,0,0,0,0,0,0,0,0,0
117,AgentA wins,20.00,0,0,0,0,0,0,0,0,0,0
118,AgentA wins,15.00,0,0,0,0,0,0,0,0,0,0
119,AgentA wins,15.00,0,0,0,0,0,0,0,0,0,0
120,AgentA wins,20.00,0,0,0,0,0,0,0,0,0,0
111,AgentA wins,15.00,0,0,0,0,0,0,0,0,0,0
112,AgentA wins,17.00,0,0,0,0,0,0,0,0,0,0
113,AgentA wins,23.33,0,0,0,0,0,0,0,0,0,0
114,AgentA wins,20.00,0,0,0,0,0,0,0,0,0,0
115,AgentA wins,15.00,0,0,0,0,0,0,0,0,0,0
116,AgentA wins,15.00,0,0,0,0,0,0,0,0,0,0
117,AgentA wins,19.67,0,0,0,0,0,0,0,0,0,0
118,AgentA wins,20.00,0,0,0,0,0,0,0,0,0,0
119,AgentA wins,19.67,0,0,0,0,0,0,0,0,0,0
120,AgentA wins,20.00,0,0,0,0,0,0,0,0,0,0
111,AgentA wins,20.00,0,0,0,0,0,0,0,0,0,0
112,AgentA wins,20.00,0,0,0,0,0,0,0,0,0,0
113,AgentA wins,19.67,0,0,0,0,0,0,0,0,0,0
114,AgentA wins,23.33,0,0,0,0,0,0,0,0,0,0
115,AgentA wins,20.00,0,0,0,0,0,0,0,0,0,0
116,AgentA wins,23.33,0,0,0,0,0,0,0,0,0,0
117,AgentA wins,19.67,0,0,0,0,0,0,0,0,0,0
118,AgentA wins,20.00,0,0,0,0,0,0,0,0,0,0
119,AgentA wins,20.00,0,0,0,0,0,0,0,0,0,0
120,AgentA wins,20.00,0,0,0,0,0,0,0,0,0,0
111,AgentA wins,23.33,0,0,0,0,0,0,0,0,0,0
112,AgentA wins,19.67,0,0,0,0,0,0,0,0,0,0
113,AgentA wins,19.67,0,0,0,0,0,0,0,0,0,0
114,AgentA wins,17.00,0,0,0,0,0,0,0,0,0,0
115,AgentA wins,20.00,0,0,0,0,0,0,0,0,0,0
116,AgentA wins,20.00,0,0,0,0,0,0,0,0,0,0
117,AgentA wins,15.00,0,0,0,0,0,0,0,0,0,0
118,AgentA wins,19.67,0,0,0,0,0,0,0,0,0,0
119,AgentA wins,20.00,0,0,0,0,0,0,0,0,0,0
120,AgentA wins,20.00,0,0,0,0,0,0,0,0,0,0
81,AgentA wins,38.00,0,0,0,0,0,0,0,0,0,0
82,AgentB wins,28.67,0,0,0,0,0,0,0,0,0,0
83,AgentB wins,37.33,0,0,0,0,0,0,0,0,0,0
84,AgentA wins,15.00,0,0,0,0,0,0,0,0,0,0
85,AgentA wins,15.00,0,0,0,0,0,0,0,0,0,0
86,AgentA wins,18.33,0,0,0,0,0,0,0,0,0,0
87,AgentA wins,15.00,0,0,0,0,0,0,0,0,0,0
88,AgentA wins,18.00,0,0,0,0,0,0,0,0,0,0
89,AgentA wins,30.67,0,0,0,0,0,0,0,0,0,0
90,AgentA wins,18.00,0,0,0,0,0,0,0,0,0,0
111,AgentA wins,23.33,0,0,0,0,0,0,0,0,0,0
112,AgentA wins,20.00,0,0,0,0,0,0,0,0,0,0
113,AgentA wins,20.00,0,0,0,0,0,0,0,0,0,0
114,AgentA wins,20.00,0,0,0,0,0,0,0,0,0,0
115,AgentA wins,20.00,0,0,0,0,0,0,0,0,0,0
116,AgentA wins,23.33,0,0,0,0,0,0,0,0,0,0
117,AgentA wins,20.00,0,0,0,0,0,0,0,0,0,0
118,AgentA wins,20.00,0,0,0,0,0,0,0,0,0,0
119,AgentA wins,15.00,0,0,0,0,0,0,0,0,0,0
120,AgentA wins,20.00,0,0,0,0,0,0,0,0,0,0
81,AgentA wins,26.67,0,0,0,0,0,0,0,0,0,0
82,AgentA wins,24.00,0,0,0,0,0,0,0,0,0,0
83,AgentA wins,32.00,0,0,0,0,0,0,0,0,0,0
84,timeout draw,60.00,0,0,0,0,0,0,0,0,0,0
85,AgentA wins,21.00,0,0,0,0,0,0,0,0,0,0
86,AgentA wins,15.00,0,0,0,0,0,0,0,0,0,0
87,AgentA wins,15.00,0,0,0,0,0,0,0,0,0,0
88,AgentA wins,15.00,0,0,0,0,0,0,0,0,0,0
89,AgentA wins,43.33,0,0,0,0,0,0,0,0,0,0
90,AgentA wins,21.00,0,0,0,0,0,0,0,0,0,0
111,AgentA wins,20.00,0,0,0,0,0,0,0,0,0,0
112,AgentA wins,23.33,0,0,0,0,0,0,0,0,0,0
113,AgentA wins,20.00,0,0,0,0,0,0,0,0,0,0
114,AgentA wins,20.00,0,0,0,0,0,0,0,0,0,0
115,AgentA wins,20.00,0,0,0,0,0,0,0,0,0,0
116,AgentA wins,15.00,0,0,0,0,0,0,0,0,0,0
117,AgentA wins,23.33,0,0,0,0,0,0,0,0,0,0
118,AgentA wins,20.00,0,0,0,0,0,0,0,0,0,0
119,AgentA wins,20.00,0,0,0,0,0,0,0,0,0,0
120,AgentA wins,20.00,0,0,0,0,0,0,0,0,0,0
81,AgentA wins,15.00,0,0,0,0,0,0,0,0,0,0
82,AgentA wins,18.33,0,0,0,0,0,0,0,0,0,0
83,AgentB wins,28.33,0,0,0,0,0,0,0,0,0,0
84,AgentA wins,18.00,0,0,0,0,0,0,0,0,0,0
85,AgentA wins,33.00,0,0,0,0,0,0,0,0,0,0
86,AgentA wins,33.00,0,0,0,0,0,0,0,0,0,0
87,AgentB wins,43.00,0,0,0,0,0,0,0,0,0,0
88,AgentA wins,15.00,0,0,0,0,0,0,0,0,0,0
89,AgentA wins,31.00,0,0,0,0,0,0,0,0,0,0
90,AgentA wins,18.00,0,0,0,0,0,0,0,0,0,0
81,AgentB wins,35.00,0,0,0,0,0,0,0,0,0,0
82,AgentA wins,18.00,0,0,0,0,0,0,0,0,0,0
83,AgentA wins,24.00,0,0,0,0,0,0,0,0,0,0
84,AgentA wins,43.33,0,0,0,0,0,0,0,0,0,0
85,AgentA wins,21.67,0,0,0,0,0,0,0,0,0,0
86,AgentB wins,46.00,0,0,0,0,0,0,0,0,0,0
87,AgentA wins,29.00,0,0,0,0,0,0,0,0,0,0
88,AgentA wins,15.00,0,0,0,0,0,0,0,0,0,0
89,AgentB wins,28.00,0,0,0,0,0,0,0,0,0,0
90,AgentA wins,21.00,0,0,0,0,0,0,0,0,0,0
81,AgentA wins,36.67,331,332,0,192,0,261,0,43,45,77
82,AgentA wins,18.00,167,162,0,92,0,123,0,27,26,33
83,AgentB wins,37.00,330,330,0,190,0,263,0,46,60,68
84,AgentA wins,18.00,159,162,0,93,0,134,0,20,24,28
85,AgentA wins,18.67,166,168,0,103,0,131,0,25,22,40
86,timeout draw,60.00,543,545,0,328,0,418,0,75,70,128
87,AgentA wins,15.00,136,136,0,81,0,109,0,20,24,39
88,AgentA wins,18.00,161,161,0,85,0,134,0,18,25,37
89,AgentA wins,58.33,527,525,0,304,0,424,0,80,82,124
90,AgentA wins,35.33,311,317,0,184,0,251,0,49,51,69
121,AgentA wins,20.00,0,0,0,0,0,0,0,0,0,0
122,AgentA wins,19.67,0,0,0,0,0,0,0,0,0,0
123,AgentA wins,15.00,0,0,0,0,0,0,0,0,0,0
124,AgentA wins,15.00,0,0,0,0,0,0,0,0,0,0
125,AgentA wins,17.00,0,0,0,0,0,0,0,0,0,0
126,AgentA wins,20.00,0,0,0,0,0,0,0,0,0,0
127,AgentA wins,20.00,0,0,0,0,0,0,0,0,0,0
128,AgentA wins,17.00,0,0,0,0,0,0,0,0,0,0
129,AgentA wins,15.00,0,0,0,0,0,0,0,0,0,0
130,AgentA wins,19.67,0,0,0,0,0,0,0,0,0,0
121,AgentA wins,15.00,0,0,0,0,0,0,0,0,0,0
122,AgentA wins,20.00,0,0,0,0,0,0,0,0,0,0
123,AgentA wins,20.00,0,0,0,0,0,0,0,0,0,0
124,AgentA wins,15.00,0,0,0,0,0,0,0,0,0,0
125,AgentA wins,17.00,0,0,0,0,0,0,0,0,0,0
126,AgentA wins,17.00,0,0,0,0,0,0,0,0,0,0
127,AgentA wins,23.33,0,0,0,0,0,0,0,0,0,0
128,AgentA wins,19.67,0,0,0,0,0,0,0,0,0,0
129,AgentA wins,17.00,0,0,0,0,0,0,0,0,0,0
130,AgentA wins,15.00,0,0,0,0,0,0,0,0,0,0
81,AgentA wins,15.00,0,0,0,0,0,0,0,0,0,0
82,AgentA wins,15.00,0,0,0,0,0,0,0,0,0,0
83,AgentA wins,18.00,0,0,0,0,0,0,0,0,0,0
84,AgentA wins,15.00,0,0,0,0,0,0,0,0,0,0
85,AgentA wins,15.00,0,0,0,0,0,0,0,0,0,0
86,AgentA wins,24.00,0,0,0,0,0,0,0,0,0,0
87,AgentA wins,33.00,0,0,0,0,0,0,0,0,0,0
88,AgentA wins,38.67,0,0,0,0,0,0,0,0,0,0
89,AgentA wins,34.67,0,0,0,0,0,0,0,0,0,0
90,AgentA wins,15.00,0,0,0,0,0,0,0,0,0,0
121,AgentA wins,18.00,0,0,0,0,0,0,0,0,0,0
122,AgentA wins,19.67,0,0,0,0,0,0,0,0,0,0
123,AgentA wins,20.00,0,0,0,0,0,0,0,0,0,0
124,AgentA wins,20.00,0,0,0,0,0,0,0,0,0,0
125,AgentA wins,17.00,0,0,0,0,0,0,0,0,0,0
126,AgentA wins,20.00,0,0,0,0,0,0,0,0,0,0
127,AgentA wins,15.00,0,0,0,0,0,0,0,0,0,0
128,AgentA wins,25.00,0,0,0,0,0,0,0,0,0,0
129,AgentA wins,15.00,0,0,0,0,0,0,0,0,0,0
130,AgentA wins,18.00,0,0,0,0,0,0,0,0,0,0
81,AgentA wins,15.00,0,0,0,0,0,0,0,0,0,0
82,AgentA wins,38.67,0,0,0,0,0,0,0,0,0,0
83,AgentA wins,20.67,0,0,0,0,0,0,0,0,0,0
84,AgentA wins,47.00,0,0,0,0,0,0,0,0,0,0
85,AgentA wins,15.00,0,0,0,0,0,0,0,0,0,0
86,AgentA wins,15.00,0,0,0,0,0,0,0,0,0,0
87,AgentA wins,15.00,0,0,0,0,0,0,0,0,0,0
88,AgentA wins,15.00,0,0,0,0,0,0,0,0,0,0
89,AgentB wins,22.00,0,0,0,0,0,0,0,0,0,0
90,AgentA wins,21.00,0,0,0,0,0,0,0,0,0,0
121,AgentA wins,17.00,0,0,0,0,0,0,0,0,0,0
122,AgentA wins,20.00,0,0,0,0,0,0,0,0,0,0
123,AgentA wins,15.00,0,0,0,0,0,0,0,0,0,0
124,AgentA wins,23.33,0,0,0,0,0,0,0,0,0,0
125,AgentA wins,20.00,0,0,0,0,0,0,0,0,0,0
126,AgentA wins,20.00,0,0,0,0,0,0,0,0,0,0
127,AgentA wins,19.67,0,0,0,0,0,0,0,0,0,0
128,AgentA wins,19.67,0,0,0,0,0,0,0,0,0,0
129,AgentA wins,20.00,0,0,0,0,0,0,0,0,0,0
130,AgentA wins,20.00,0,0,0,0,0,0,0,0,0,0
121,AgentA wins,20.00,0,0,0,0,0,0,0,0,0,0
122,AgentA wins,15.00,0,0,0,0,0,0,0,0,0,0
123,AgentA wins,23.33,0,0,0,0,0,0,0,0,0,0
124,AgentA wins,15.00,0,0,0,0,0,0,0,0,0,0
125,AgentA wins,20.00,0,0,0,0,0,0,0,0,0,0
126,AgentA wins,20.00,0,0,0,0,0,0,0,0,0,0
127,AgentA wins,20.00,0,0,0,0,0,0,0,0,0,0
128,AgentA wins,15.00,0,0,0,0,0,0,0,0,0,0
129,AgentA wins,22.33,0,0,0,0,0,0,0,0,0,0
130,AgentA wins,20.00,0,0,0,0,0,0,0,0,0,0
121,AgentA wins,20.00,0,0,0,0,0,0,0,0,0,0
122,AgentA wins,15.00,0,0,0,0,0,0,0,0,0,0
123,AgentA wins,20.00,0,0,0,0,0,0,0,0,0,0
124,AgentA wins,20.00,0,0,0,0,0,0,0,0,0,0
125,AgentA wins,20.00,0,0,0,0,0,0,0,0,0,0
126,AgentA wins,20.00,0,0,0,0,0,0,0,0,0,0
127,AgentA wins,20.00,0,0,0,0,0,0,0,0,0,0
128,AgentA wins,15.00,0,0,0,0,0,0,0,0,0,0
129,AgentA wins,19.67,0,0,0,0,0,0,0,0,0,0
130,AgentA wins,20.00,0,0,0,0,0,0,0,0,0,0
121,AgentA wins,20.00,0,0,0,0,0,0,0,0,0,0
122,AgentA wins,20.00,0,0,0,0,0,0,0,0,0,0
123,AgentA wins,17.00,0,0,0,0,0,0,0,0,0,0
124,AgentB wins,24.67,0,0,0,0,0,0,0,0,0,0
125,AgentA wins,19.67,0,0,0,0,0,0,0,0,0,0
126,AgentA wins,17.00,0,0,0,0,0,0,0,0,0,0
127,AgentA wins,20.00,0,0,0,0,0,0,0,0,0,0
128,AgentA wins,20.00,0,0,0,0,0,0,0,0,0,0
129,AgentA wins,15.00,0,0,0,0,0,0,0,0,0,0
130,AgentA wins,17.00,0,0,0,0,0,0,0,0,0,0
121,AgentA wins,20.00,0,0,0,0,0,0,0,0,0,0
122,AgentA wins,20.00,0,0,0,0,0,0,0,0,0,0
123,AgentA wins,15.00,0,0,0,0,0,0,0,0,0,0
124,AgentA wins,20.00,0,0,0,0,0,0,0,0,0,0
125,AgentA wins,17.00,0,0,0,0,0,0,0,0,0,0
126,AgentA wins,20.00,0,0,0,0,0,0,0,0,0,0
127,AgentA wins,20.00,0,0,0,0,0,0,0,0,0,0
128,AgentA wins,19.67,0,0,0,0,0,0,0,0,0,0
129,AgentA wins,25.00,0,0,0,0,0,0,0,0,0,0
130,AgentA wins,20.00,0,0,0,0,0,0,0,0,0,0
121,AgentA wins,23.33,0,0,0,0,0,0,0,0,0,0
122,AgentA wins,20.00,0,0,0,0,0,0,0,0,0,0
123,AgentA wins,25.67,0,0,0,0,0,0,0,0,0,0
124,AgentA wins,25.00,0,0,0,0,0,0,0,0,0,0
125,AgentA wins,20.00,0,0,0,0,0,0,0,0,0,0
126,AgentA wins,20.00,0,0,0,0,0,0,0,0,0,0
127,AgentA wins,15.00,0,0,0,0,0,0,0,0,0,0
128,AgentA wins,23.33,0,0,0,0,0,0,0,0,0,0
129,AgentA wins,19.67,0,0,0,0,0,0,0,0,0,0
130,AgentA wins,20.00,0,0,0,0,0,0,0,0,0,0
121,AgentA wins,23.33,0,0,0,0,0,0,0,0,0,0
122,AgentA wins,20.00,0,0,0,0,0,0,0,0,0,0
123,AgentA wins,20.00,0,0,0,0,0,0,0,0,0,0
124,AgentA wins,17.00,0,0,0,0,0,0,0,0,0,0
125,AgentA wins,20.00,0,0,0,0,0,0,0,0,0,0
126,AgentA wins,23.33,0,0,0,0,0,0,0,0,0,0
127,AgentA wins,23.33,0,0,0,0,0,0,0,0,0,0
128,AgentA wins,20.00,0,0,0,0,0,0,0,0,0,0
129,AgentA wins,20.00,0,0,0,0,0,0,0,0,0,0
130,AgentA wins,20.00,0,0,0,0,0,0,0,0,0,0
81,AgentA wins,18.00,0,0,0,0,0,0,0,0,0,0
82,AgentA wins,15.00,0,0,0,0,0,0,0,0,0,0
83,AgentA wins,39.00,0,0,0,0,0,0,0,0,0,0
84,AgentB wins,39.67,0,0,0,0,0,0,0,0,0,0
85,AgentA wins,15.00,0,0,0,0,0,0,0,0,0,0
86,AgentB wins,50.33,0,0,0,0,0,0,0,0,0,0
87,AgentA wins,29.33,0,0,0,0,0,0,0,0,0,0
88,AgentA wins,27.00,0,0,0,0,0,0,0,0,0,0
89,AgentA wins,50.67,0,0,0,0,0,0,0,0,0,0
90,AgentA wins,30.67,0,0,0,0,0,0,0,0,0,0
121,AgentA wins,19.67,0,0,0,0,0,0,0,0,0,0
122,AgentA wins,15.00,0,0,0,0,0,0,0,0,0,0
123,AgentA wins,17.00,0,0,0,0,0,0,0,0,0,0
124,AgentA wins,20.00,0,0,0,0,0,0,0,0,0,0
125,AgentA wins,15.00,0,0,0,0,0,0,0,0,0,0
126,AgentA wins,20.00,0,0,0,0,0,0,0,0,0,0
127,AgentA wins,25.00,0,0,0,0,0,0,0,0,0,0
128,AgentA wins,20.00,0,0,0,0,0,0,0,0,0,0
129,AgentB wins,24.67,0,0,0,0,0,0,0,0,0,0
130,AgentA wins,19.67,0,0,0,0,0,0,0,0,0,0
121,AgentA wins,23.33,0,0,0,0,0,0,0,0,0,0
122,AgentA wins,19.67,0,0,0,0,0,0,0,0,0,0
123,AgentA wins,20.00,0,0,0,0,0,0,0,0,0,0
124,AgentA wins,20.00,0,0,0,0,0,0,0,0,0,0
125,AgentA wins,23.33,0,0,0,0,0,0,0,0,0,0
126,AgentA wins,23.33,0,0,0,0,0,0,0,0,0,0
127,AgentA wins,20.00,0,0,0,0,0,0,0,0,0,0
128,AgentA wins,15.00,0,0,0,0,0,0,0,0,0,0
129,AgentA wins,20.00,0,0,0,0,0,0,0,0,0,0
130,AgentA wins,20.00,0,0,0,0,0,0,0,0,0,0
121,AgentB wins,24.67,0,0,0,0,0,0,0,0,0,0
122,AgentB wins,24.67,0,0,0,0,0,0,0,0,0,0
123,AgentA wins,15.00,0,0,0,0,0,0,0,0,0,0
124,AgentA wins,19.67,0,0,0,0,0,0,0,0,0,0
125,AgentA wins,17.00,0,0,0,0,0,0,0,0,0,0
126,AgentA wins,20.00,0,0,0,0,0,0,0,0,0,0
127,AgentA wins,19.67,0,0,0,0,0,0,0,0,0,0
128,AgentA wins,19.67,0,0,0,0,0,0,0,0,0,0
129,AgentA wins,15.00,0,0,0,0,0,0,0,0,0,0
130,AgentA wins,19.67,0,0,0,0,0,0,0,0,0,0
91,AgentA wins,36.00,0,0,0,0,0,0,0,0,0,0
92,AgentA wins,24.00,0,0,0,0,0,0,0,0,0,0
93,AgentA wins,18.00,0,0,0,0,0,0,0,0,0,0
94,AgentA wins,36.00,0,0,0,0,0,0,0,0,0,0
95,AgentA wins,52.67,0,0,0,0,0,0,0,0,0,0
96,AgentA wins,28.67,0,0,0,0,0,0,0,0,0,0
97,AgentA wins,28.67,0,0,0,0,0,0,0,0,0,0
98,AgentA wins,15.00,0,0,0,0,0,0,0,0,0,0
99,AgentA wins,21.67,0,0,0,0,0,0,0,0,0,0
100,AgentA wins,36.33,0,0,0,0,0,0,0,0,0,0
121,AgentA wins,23.33,0,0,0,0,0,0,0,0,0,0
122,AgentA wins,25.00,0,0,0,0,0,0,0,0,0,0
123,AgentB wins,24.67,0,0,0,0,0,0,0,0,0,0
124,AgentA wins,20.00,0,0,0,0,0,0,0,0,0,0
125,AgentA wins,20.00,0,0,0,0,0,0,0,0,0,0
126,AgentA wins,17.00,0,0,0,0,0,0,0,0,0,0
127,AgentA wins,19.67,0,0,0,0,0,0,0,0,0,0
128,AgentA wins,15.00,0,0,0,0,0,0,0,0,0,0
129,AgentA wins,19.67,0,0,0,0,0,0,0,0,0,0
130,AgentA wins,17.00,0,0,0,0,0,0,0,0,0,0
121,AgentA wins,15.00,0,0,0,0,0,0,0,0,0,0
122,AgentA wins,15.00,0,0,0,0,0,0,0,0,0,0
123,AgentA wins,20.00,0,0,0,0,0,0,0,0,0,0
124,AgentA wins,15.00,0,0,0,0,0,0,0,0,0,0
125,AgentA wins,20.00,0,0,0,0,0,0,0,0,0,0
126,AgentA wins,15.00,0,0,0,0,0,0,0,0,0,0
127,AgentA wins,17.00,0,0,0,0,0,0,0,0,0,0
128,AgentA wins,20.00,0,0,0,0,0,0,0,0,0,0
129,AgentA wins,19.67,0,0,0,0,0,0,0,0,0,0
130,AgentA wins,15.00,0,0,0,0,0,0,0,0,0,0
81,AgentB wins,26.33,0,0,0,0,0,0,0,0,0,0
82,AgentB wins,30.33,0,0,0,0,0,0,0,0,0,0
83,AgentA wins,45.00,0,0,0,0,0,0,0,0,0,0
84,AgentB wins,46.33,0,0,0,0,0,0,0,0,0,0
85,AgentA wins,21.00,0,0,0,0,0,0,0,0,0,0
86,AgentA wins,31.33,0,0,0,0,0,0,0,0,0,0
87,AgentA wins,37.00,0,0,0,0,0,0,0,0,0,0
88,AgentA wins,15.00,0,0,0,0,0,0,0,0,0,0
89,AgentA wins,36.00,0,0,0,0,0,0,0,0,0,0
90,AgentA wins,37.00,0,0,0,0,0,0,0,0,0,0
91,AgentA wins,31.33,0,0,0,0,0,0,0,0,0,0
92,AgentA wins,15.00,0,0,0,0,0,0,0,0,0,0
93,AgentA wins,15.00,0,0,0,0,0,0,0,0,0,0
94,AgentA wins,15.00,0,0,0,0,0,0,0,0,0,0
95,AgentB wins,34.33,0,0,0,0,0,0,0,0,0,0
96,AgentB wins,38.00,0,0,0,0,0,0,0,0,0,0
97,AgentA wins,21.00,0,0,0,0,0,0,0,0,0,0
98,AgentA wins,15.00,0,0,0,0,0,0,0,0,0,0
99,AgentA wins,15.00,0,0,0,0,0,0,0,0,0,0
100,AgentA wins,18.00,0,0,0,0,0,0,0,0,0,0
91,AgentA wins,15.00,0,0,0,0,0,0,0,0,0,0
92,AgentA wins,18.00,0,0,0,0,0,0,0,0,0,0
93,AgentA wins,31.67,0,0,0,0,0,0,0,0,0,0
94,AgentA wins,29.00,0,0,0,0,0,0,0,0,0,0
95,AgentB wins,27.67,0,0,0,0,0,0,0,0,0,0
96,AgentA wins,27.00,0,0,0,0,0,0,0,0,0,0
97,AgentA wins,30.00,0,0,0,0,0,0,0,0,0,0
98,AgentA wins,33.00,0,0,0,0,0,0,0,0,0,0
99,AgentA wins,18.00,0,0,0,0,0,0,0,0,0,0
100,AgentA wins,18.00,0,0,0,0,0,0,0,0,0,0
131,AgentA wins,15.00,0,0,0,0,0,0,0,0,0,0
132,AgentA wins,17.00,0,0,0,0,0,0,0,0,0,0
133,AgentA wins,19.67,0,0,0,0,0,0,0,0,0,0
134,AgentA wins,20.00,0,0,0,0,0,0,0,0,0,0
135,AgentA wins,20.00,0,0,0,0,0,0,0,0,0,0
136,AgentA wins,20.00,0,0,0,0,0,0,0,0,0,0
137,AgentA wins,19.67,0,0,0,0,0,0,0,0,0,0
138,AgentA wins,20.00,0,0,0,0,0,0,0,0,0,0
139,AgentA wins,20.00,0,0,0,0,0,0,0,0,0,0
140,AgentA wins,19.67,0,0,0,0,0,0,0,0,0,0
91,AgentA wins,18.00,0,0,0,0,0,0,0,0,0,0
92,AgentA wins,15.00,0,0,0,0,0,0,0,0,0,0
93,AgentA wins,38.00,0,0,0,0,0,0,0,0,0,0
94,AgentA wins,18.67,0,0,0,0,0,0,0,0,0,0
95,AgentB wins,17.33,0,0,0,0,0,0,0,0,0,0
96,AgentA wins,44.33,0,0,0,0,0,0,0,0,0,0
97,AgentA wins,18.67,0,0,0,0,0,0,0,0,0,0
98,AgentA wins,33.33,0,0,0,0,0,0,0,0,0,0
99,AgentA wins,15.00,0,0,0,0,0,0,0,0,0,0
100,AgentA wins,15.00,0,0,0,0,0,0,0,0,0,0
131,AgentA wins,19.67,0,0,0,0,0,0,0,0,0,0
132,AgentA wins,15.00,0,0,0,0,0,0,0,0,0,0
133,AgentA wins,17.00,0,0,0,0,0,0,0,0,0,0
134,AgentA wins,17.00,0,0,0,0,0,0,0,0,0,0
135,AgentA wins,15.00,0,0,0,0,0,0,0,0,0,0
136,AgentA wins,17.00,0,0,0,0,0,0,0,0,0,0
137,AgentA wins,20.00,0,0,0,0,0,0,0,0,0,0
138,AgentA wins,20.00,0,0,0,0,0,0,0,0,0,0
139,AgentA wins,20.00,0,0,0,0,0,0,0,0,0,0
140,AgentA wins,19.67,0,0,0,0,0,0,0,0,0,0
131,AgentA wins,15.00,0,0,0,0,0,0,0,0,0,0
132,AgentA wins,15.00,0,0,0,0,0,0,0,0,0,0
133,AgentA wins,19.67,0,0,0,0,0,0,0,0,0,0
134,AgentA wins,19.67,0,0,0,0,0,0,0,0,0,0
135,AgentA wins,23.33,0,0,0,0,0,0,0,0,0,0
136,AgentA wins,19.67,0,0,0,0,0,0,0,0,0,0
137,AgentA wins,15.00,0,0,0,0,0,0,0,0,0,0
138,AgentA wins,19.67,0,0,0,0,0,0,0,0,0,0
139,AgentA wins,20.00,0,0,0,0,0,0,0,0,0,0
140,AgentA wins,23.33,0,0,0,0,0,0,0,0,0,0
91,AgentA wins,15.00,0,0,0,0,0,0,0,0,0,0
92,AgentB wins,33.67,0,0,0,0,0,0,0,0,0,0
93,AgentA wins,15.00,0,0,0,0,0,0,0,0,0,0
94,AgentA wins,51.00,0,0,0,0,0,0,0,0,0,0
95,AgentA wins,30.67,0,0,0,0,0,0,0,0,0,0
96,AgentA wins,15.00,0,0,0,0,0,0,0,0,0,0
97,AgentA wins,23.67,0,0,0,0,0,0,0,0,0,0
98,AgentB wins,42.00,0,0,0,0,0,0,0,0,0,0
99,AgentA wins,15.00,0,0,0,0,0,0,0,0,0,0
100,AgentA wins,29.00,0,0,0,0,0,0,0,0,0,0
91,AgentA wins,15.00,0,0,0,0,0,0,0,0,0,0
92,AgentA wins,15.00,0,0,0,0,0,0,0,0,0,0
93,AgentA wins,15.00,0,0,0,0,0,0,0,0,0,0
94,AgentA wins,29.67,0,0,0,0,0,0,0,0,0,0
95,AgentA wins,24.00,0,0,0,0,0,0,0,0,0,0
96,AgentA wins,15.00,0,0,0,0,0,0,0,0,0,0
97,AgentA wins,24.00,0,0,0,0,0,0,0,0,0,0
98,AgentA wins,18.00,0,0,0,0,0,0,0,0,0,0
99,AgentB wins,53.33,0,0,0,0,0,0,0,0,0,0
100,AgentA wins,21.00,0,0,0,0,0,0,0,0,0,0
131,AgentA wins,17.00,0,0,0,0,0,0,0,0,0,0
132,AgentA wins,15.00,0,0,0,0,0,0,0,0,0,0
133,AgentA wins,20.00,0,0,0,0,0,0,0,0,0,0
134,AgentA wins,20.00,0,0,0,0,0,0,0,0,0,0
135,AgentA wins,19.67,0,0,0,0,0,0,0,0,0,0
136,AgentA wins,20.00,0,0,0,0,0,0,0,0,0,0
137,AgentA wins,20.00,0,0,0,0,0,0,0,0,0,0
138,AgentA wins,17.00,0,0,0,0,0,0,0,0,0,0
139,AgentA wins,15.00,0,0,0,0,0,0,0,0,0,0
140,AgentA wins,20.00,0,0,0,0,0,0,0,0,0,0
131,AgentA wins,19.67,0,0,0,0,0,0,0,0,0,0
132,AgentB wins,24.67,0,0,0,0,0,0,0,0,0,0
133,AgentA wins,19.67,0,0,0,0,0,0,0,0,0,0
134,AgentA wins,15.00,0,0,0,0,0,0,0,0,0,0
135,AgentA wins,17.00,0,0,0,0,0,0,0,0,0,0
136,AgentA wins,19.67,0,0,0,0,0,0,0,0,0,0
137,AgentA wins,17.00,0,0,0,0,0,0,0,0,0,0
138,AgentA wins,23.33,0,0,0,0,0,0,0,0,0,0
139,AgentA wins,19.67,0,0,0,0,0,0,0,0,0,0
140,AgentA wins,20.00,0,0,0,0,0,0,0,0,0,0
131,AgentA wins,20.00,0,0,0,0,0,0,0,0,0,0
132,AgentA wins,17.00,0,0,0,0,0,0,0,0,0,0
133,AgentA wins,23.33,0,0,0,0,0,0,0,0,0,0
134,AgentA wins,20.00,0,0,0,0,0,0,0,0,0,0
135,AgentA wins,19.67,0,0,0,0,0,0,0,0,0,0
136,AgentA wins,15.00,0,0,0,0,0,0,0,0,0,0
137,AgentA wins,19.67,0,0,0,0,0,0,0,0,0,0
138,AgentA wins,20.00,0,0,0,0,0,0,0,0,0,0
139,AgentA wins,19.67,0,0,0,0,0,0,0,0,0,0
140,AgentA wins,20.00,0,0,0,0,0,0,0,0,0,0
131,AgentA wins,20.00,0,0,0,0,0,0,0,0,0,0
132,AgentA wins,23.33,0,0,0,0,0,0,0,0,0,0
133,AgentA wins,20.00,0,0,0,0,0,0,0,0,0,0
134,AgentA wins,19.67,0,0,0,0,0,0,0,0,0,0
135,AgentA wins,20.00,0,0,0,0,0,0,0,0,0,0
136,AgentA wins,23.33,0,0,0,0,0,0,0,0,0,0
137,AgentA wins,15.00,0,0,0,0,0,0,0,0,0,0
138,AgentA wins,17.00,0,0,0,0,0,0,0,0,0,0
139,AgentA wins,17.00,0,0,0,0,0,0,0,0,0,0
140,AgentA wins,15.00,0,0,0,0,0,0,0,0,0,0
91,AgentA wins,15.00,137,138,0,80,0,103,0,16,22,29
92,AgentA wins,15.00,136,135,0,81,0,110,0,18,21,29
93,AgentA wins,21.33,190,190,0,115,0,153,0,25,34,42
94,AgentB wins,42.33,386,381,0,216,0,307,0,55,66,59
95,timeout draw,60.00,546,542,0,306,0,426,0,72,92,100
96,AgentA wins,15.00,136,136,0,88,0,109,0,18,13,40
97,AgentA wins,15.00,138,134,0,79,0,113,0,15,18,32
98,AgentA wins,44.33,406,402,0,233,0,314,0,58,64,88
99,AgentA wins,28.67,257,257,0,149,0,201,0,37,44,52
100,AgentA wins,33.00,295,301,0,168,0,241,0,40,56,42
131,AgentA wins,17.00,0,0,0,0,0,0,0,0,0,0
132,AgentA wins,17.00,0,0,0,0,0,0,0,0,0,0
133,AgentA wins,20.00,0,0,0,0,0,0,0,0,0,0
134,AgentA wins,20.00,0,0,0,0,0,0,0,0,0,0
135,AgentA wins,20.00,0,0,0,0,0,0,0,0,0,0
136,AgentA wins,19.67,0,0,0,0,0,0,0,0,0,0
137,AgentA wins,17.00,0,0,0,0,0,0,0,0,0,0
138,AgentA wins,20.00,0,0,0,0,0,0,0,0,0,0
139,AgentA wins,19.67,0,0,0,0,0,0,0,0,0,0
140,AgentA wins,20.00,0,0,0,0,0,0,0,0,0,0
131,AgentA wins,19.67,0,0,0,0,0,0,0,0,0,0
132,AgentA wins,20.00,0,0,0,0,0,0,0,0,0,0
133,AgentA wins,15.00,0,0,0,0,0,0,0,0,0,0
134,AgentA wins,19.67,0,0,0,0,0,0,0,0,0,0
135,AgentA wins,23.33,0,0,0,0,0,0,0,0,0,0
136,AgentA wins,15.00,0,0,0,0,0,0,0,0,0,0
137,AgentA wins,23.33,0,0,0,0,0,0,0,0,0,0
138,AgentA wins,19.67,0,0,0,0,0,0,0,0,0,0
139,AgentA wins,19.67,0,0,0,0,0,0,0,0,0,0
140,AgentA wins,20.00,0,0,0,0,0,0,0,0,0,0
131,AgentA wins,23.33,0,0,0,0,0,0,0,0,0,0
132,AgentB wins,24.67,0,0,0,0,0,0,0,0,0,0
133,AgentA wins,19.67,0,0,0,0,0,0,0,0,0,0
134,AgentA wins,15.00,0,0,0,0,0,0,0,0,0,0
135,AgentA wins,19.67,0,0,0,0,0,0,0,0,0,0
136,AgentA wins,19.67,0,0,0,0,0,0,0,0,0,0
137,AgentA wins,20.00,0,0,0,0,0,0,0,0,0,0
138,AgentA wins,15.00,0,0,0,0,0,0,0,0,0,0
139,AgentA wins,19.67,0,0,0,0,0,0,0,0,0,0
140,AgentA wins,19.67,0,0,0,0,0,0,0,0,0,0
131,AgentA wins,17.00,0,0,0,0,0,0,0,0,0,0
132,AgentA wins,20.00,0,0,0,0,0,0,0,0,0,0
133,AgentA wins,15.00,0,0,0,0,0,0,0,0,0,0
134,AgentA wins,19.67,0,0,0,0,0,0,0,0,0,0
135,AgentA wins,20.00,0,0,0,0,0,0,0,0,0,0
136,AgentA wins,20.00,0,0,0,0,0,0,0,0,0,0
137,AgentA wins,15.00,0,0,0,0,0,0,0,0,0,0
138,AgentA wins,20.00,0,0,0,0,0,0,0,0,0,0
139,AgentA wins,19.67,0,0,0,0,0,0,0,0,0,0
140,AgentA wins,17.00,0,0,0,0,0,0,0,0,0,0
131,AgentA wins,15.00,0,0,0,0,0,0,0,0,0,0
132,AgentA wins,20.00,0,0,0,0,0,0,0,0,0,0
133,AgentA wins,15.00,0,0,0,0,0,0,0,0,0,0
134,AgentA wins,20.00,0,0,0,0,0,0,0,0,0,0
135,AgentA wins,20.00,0,0,0,0,0,0,0,0,0,0
136,AgentA wins,20.00,0,0,0,0,0,0,0,0,0,0
137,AgentA wins,15.00,0,0,0,0,0,0,0,0,0,0
138,AgentA wins,15.00,0,0,0,0,0,0,0,0,0,0
139,AgentA wins,23.33,0,0,0,0,0,0,0,0,0,0
140,AgentA wins,19.67,0,0,0,0,0,0,0,0,0,0
131,AgentA wins,20.00,0,0,0,0,0,0,0,0,0,0
132,AgentA wins,20.00,0,0,0,0,0,0,0,0,0,0
133,AgentA wins,20.00,0,0,0,0,0,0,0,0,0,0
134,AgentA wins,19.67,0,0,0,0,0,0,0,0,0,0
135,AgentA wins,18.00,0,0,0,0,0,0,0,0,0,0
136,AgentA wins,15.00,0,0,0,0,0,0,0,0,0,0
137,AgentA wins,20.00,0,0,0,0,0,0,0,0,0,0
138,AgentA wins,17.00,0,0,0,0,0,0,0,0,0,0
139,AgentA wins,17.00,0,0,0,0,0,0,0,0,0,0
140,AgentA wins,20.00,0,0,0,0,0,0,0,0,0,0
91,AgentA wins,15.67,0,0,0,0,0,0,0,0,0,0
92,AgentA wins,24.00,0,0,0,0,0,0,0,0,0,0
93,AgentA wins,21.00,0,0,0,0,0,0,0,0,0,0
94,AgentA wins,39.67,0,0,0,0,0,0,0,0,0,0
95,AgentA wins,21.00,0,0,0,0,0,0,0,0,0,0
96,AgentA wins,41.00,0,0,0,0,0,0,0,0,0,0
97,AgentA wins,15.00,0,0,0,0,0,0,0,0,0,0
98,AgentA wins,30.00,0,0,0,0,0,0,0,0,0,0
99,AgentB wins,46.33,0,0,0,0,0,0,0,0,0,0
100,AgentA wins,30.00,0,0,0,0,0,0,0,0,0,0
131,AgentA wins,20.00,0,0,0,0,0,0,0,0,0,0
132,AgentA wins,20.00,0,0,0,0,0,0,0,0,0,0
133,AgentA wins,15.00,0,0,0,0,0,0,0,0,0,0
134,AgentA wins,17.00,0,0,0,0,0,0,0,0,0,0
135,AgentA wins,20.00,0,0,0,0,0,0,0,0,0,0
136,AgentA wins,20.00,0,0,0,0,0,0,0,0,0,0
137,AgentA wins,17.00,0,0,0,0,0,0,0,0,0,0
138,AgentA wins,17.00,0,0,0,0,0,0,0,0,0,0
139,AgentA wins,20.00,0,0,0,0,0,0,0,0,0,0
140,AgentA wins,20.00,0,0,0,0,0,0,0,0,0,0
131,AgentA wins,20.00,0,0,0,0,0,0,0,0,0,0
132,AgentA wins,20.00,0,0,0,0,0,0,0,0,0,0
133,AgentA wins,15.00,0,0,0,0,0,0,0,0,0,0
134,AgentA wins,15.00,0,0,0,0,0,0,0,0,0,0
135,AgentA wins,17.00,0,0,0,0,0,0,0,0,0,0
136,AgentA wins,20.00,0,0,0,0,0,0,0,0,0,0
137,AgentA wins,15.00,0,0,0,0,0,0,0,0,0,0
138,AgentB wins,24.67,0,0,0,0,0,0,0,0,0,0
139,AgentA wins,25.00,0,0,0,0,0,0,0,0,0,0
140,AgentA wins,19.67,0,0,0,0,0,0,0,0,0,0
91,AgentA wins,37.33,0,0,0,0,0,0,0,0,0,0
92,AgentA wins,15.00,0,0,0,0,0,0,0,0,0,0
93,AgentA wins,21.67,0,0,0,0,0,0,0,0,0,0
94,AgentA wins,38.33,0,0,0,0,0,0,0,0,0,0
95,AgentA wins,32.67,0,0,0,0,0,0,0,0,0,0
96,AgentA wins,30.67,0,0,0,0,0,0,0,0,0,0
97,AgentA wins,35.00,0,0,0,0,0,0,0,0,0,0
98,AgentA wins,15.00,0,0,0,0,0,0,0,0,0,0
99,AgentA wins,37.00,0,0,0,0,0,0,0,0,0,0
100,AgentA wins,18.00,0,0,0,0,0,0,0,0,0,0
91,AgentA wins,34.33,0,0,0,0,0,0,0,0,0,0
92,AgentA wins,15.00,0,0,0,0,0,0,0,0,0,0
93,AgentB wins,31.00,0,0,0,0,0,0,0,0,0,0
94,AgentA wins,31.67,0,0,0,0,0,0,0,0,0,0
95,AgentA wins,15.00,0,0,0,0,0,0,0,0,0,0
96,AgentA wins,25.67,0,0,0,0,0,0,0,0,0,0
97,AgentA wins,15.00,0,0,0,0,0,0,0,0,0,0
98,AgentA wins,21.67,0,0,0,0,0,0,0,0,0,0
99,AgentA wins,31.67,0,0,0,0,0,0,0,0,0,0
100,AgentA wins,24.00,0,0,0,0,0,0,0,0,0,0
141,AgentA wins,20.00,0,0,0,0,0,0,0,0,0,0
142,AgentA wins,20.00,0,0,0,0,0,0,0,0,0,0
143,AgentA wins,23.33,0,0,0,0,0,0,0,0,0,0
144,AgentB wins,24.67,0,0,0,0,0,0,0,0,0,0
145,AgentA wins,19.67,0,0,0,0,0,0,0,0,0,0
146,AgentA wins,17.00,0,0,0,0,0,0,0,0,0,0
147,AgentA wins,17.00,0,0,0,0,0,0,0,0,0,0
148,AgentA wins,20.00,0,0,0,0,0,0,0,0,0,0
149,AgentA wins,17.00,0,0,0,0,0,0,0,0,0,0
150,AgentB wins,24.67,0,0,0,0,0,0,0,0,0,0
101,AgentA wins,30.00,0,0,0,0,0,0,0,0,0,0
102,AgentA wins,15.00,0,0,0,0,0,0,0,0,0,0
103,AgentA wins,31.67,0,0,0,0,0,0,0,0,0,0
104,AgentB wins,31.67,0,0,0,0,0,0,0,0,0,0
105,AgentB wins,34.67,0,0,0,0,0,0,0,0,0,0
106,AgentA wins,24.00,0,0,0,0,0,0,0,0,0,0
107,AgentA wins,15.00,0,0,0,0,0,0,0,0,0,0
108,AgentA wins,32.67,0,0,0,0,0,0,0,0,0,0
109,AgentA wins,15.00,0,0,0,0,0,0,0,0,0,0
110,AgentA wins,18.00,0,0,0,0,0,0,0,0,0,0
101,AgentA wins,38.33,0,0,0,0,0,0,0,0,0,0
102,AgentA wins,18.00,0,0,0,0,0,0,0,0,0,0
103,AgentA wins,24.00,0,0,0,0,0,0,0,0,0,0
104,AgentA wins,29.00,0,0,0,0,0,0,0,0,0,0
105,AgentA wins,15.00,0,0,0,0,0,0,0,0,0,0
106,AgentB wins,48.33,0,0,0,0,0,0,0,0,0,0
107,AgentA wins,34.00,0,0,0,0,0,0,0,0,0,0
108,AgentB wins,30.67,0,0,0,0,0,0,0,0,0,0
109,AgentA wins,37.67,0,0,0,0,0,0,0,0,0,0
110,AgentA wins,15.00,0,0,0,0,0,0,0,0,0,0
141,AgentA wins,15.00,0,0,0,0,0,0,0,0,0,0
142,AgentA wins,23.33,0,0,0,0,0,0,0,0,0,0
143,AgentA wins,20.00,0,0,0,0,0,0,0,0,0,0
144,AgentA wins,20.00,0,0,0,0,0,0,0,0,0,0
145,AgentA wins,17.00,0,0,0,0,0,0,0,0,0,0
146,AgentA wins,19.67,0,0,0,0,0,0,0,0,0,0
147,AgentA wins,23.33,0,0,0,0,0,0,0,0,0,0
148,AgentA wins,20.00,0,0,0,0,0,0,0,0,0,0
149,AgentB wins,24.67,0,0,0,0,0,0,0,0,0,0
150,AgentA wins,19.67,0,0,0,0,0,0,0,0,0,0
141,AgentA wins,20.00,0,0,0,0,0,0,0,0,0,0
142,AgentB wins,24.67,0,0,0,0,0,0,0,0,0,0
143,AgentA wins,19.67,0,0,0,0,0,0,0,0,0,0
144,AgentA wins,17.00,0,0,0,0,0,0,0,0,0,0
145,AgentA wins,17.00,0,0,0,0,0,0,0,0,0,0
146,AgentA wins,20.00,0,0,0,0,0,0,0,0,0,0
147,AgentA wins,20.00,0,0,0,0,0,0,0,0,0,0
148,AgentA wins,23.33,0,0,0,0,0,0,0,0,0,0
149,AgentA wins,23.33,0,0,0,0,0,0,0,0,0,0
150,AgentA wins,20.00,0,0,0,0,0,0,0,0,0,0
101,AgentB wins,15.67,0,0,0,0,0,0,0,0,0,0
102,AgentA wins,21.33,0,0,0,0,0,0,0,0,0,0
103,AgentA wins,24.00,0,0,0,0,0,0,0,0,0,0
104,AgentA wins,32.67,0,0,0,0,0,0,0,0,0,0
105,AgentA wins,15.00,0,0,0,0,0,0,0,0,0,0
106,AgentA wins,35.33,0,0,0,0,0,0,0,0,0,0
107,AgentB wins,44.33,0,0,0,0,0,0,0,0,0,0
108,AgentB wins,21.67,0,0,0,0,0,0,0,0,0,0
109,AgentA wins,15.00,0,0,0,0,0,0,0,0,0,0
110,AgentA wins,15.00,0,0,0,0,0,0,0,0,0,0
101,AgentA wins,37.67,0,0,0,0,0,0,0,0,0,0
102,AgentA wins,18.00,0,0,0,0,0,0,0,0,0,0
103,AgentA wins,28.67,0,0,0,0,0,0,0,0,0,0
104,AgentA wins,28.67,0,0,0,0,0,0,0,0,0,0
105,AgentA wins,24.00,0,0,0,0,0,0,0,0,0,0
106,AgentA wins,32.33,0,0,0,0,0,0,0,0,0,0
107,AgentA wins,28.67,0,0,0,0,0,0,0,0,0,0
108,AgentA wins,21.00,0,0,0,0,0,0,0,0,0,0
109,AgentA wins,39.33,0,0,0,0,0,0,0,0,0,0
110,AgentA wins,18.00,0,0,0,0,0,0,0,0,0,0
141,AgentA wins,19.67,0,0,0,0,0,0,0,0,0,0
142,AgentA wins,15.00,0,0,0,0,0,0,0,0,0,0
143,AgentA wins,15.00,0,0,0,0,0,0,0,0,0,0
144,AgentA wins,18.00,0,0,0,0,0,0,0,0,0,0
145,AgentA wins,23.33,0,0,0,0,0,0,0,0,0,0
146,AgentA wins,19.67,0,0,0,0,0,0,0,0,0,0
147,AgentA wins,19.67,0,0,0,0,0,0,0,0,0,0
148,AgentA wins,17.00,0,0,0,0,0,0,0,0,0,0
149,AgentA wins,20.00,0,0,0,0,0,0,0,0,0,0
150,AgentA wins,19.67,0,0,0,0,0,0,0,0,0,0
141,AgentA wins,19.67,0,0,0,0,0,0,0,0,0,0
142,AgentA wins,19.67,0,0,0,0,0,0,0,0,0,0
143,AgentA wins,19.67,0,0,0,0,0,0,0,0,0,0
144,AgentA wins,18.00,0,0,0,0,0,0,0,0,0,0
145,AgentA wins,20.00,0,0,0,0,0,0,0,0,0,0
146,AgentA wins,19.67,0,0,0,0,0,0,0,0,0,0
147,AgentA wins,17.00,0,0,0,0,0,0,0,0,0,0
148,AgentA wins,15.00,0,0,0,0,0,0,0,0,0,0
149,AgentA wins,20.00,0,0,0,0,0,0,0,0,0,0
150,AgentA wins,15.00,0,0,0,0,0,0,0,0,0,0
141,AgentA wins,17.00,0,0,0,0,0,0,0,0,0,0
142,AgentA wins,18.00,0,0,0,0,0,0,0,0,0,0
143,AgentA wins,19.67,0,0,0,0,0,0,0,0,0,0
144,AgentA wins,17.00,0,0,0,0,0,0,0,0,0,0
145,AgentA wins,19.67,0,0,0,0,0,0,0,0,0,0
146,AgentA wins,19.67,0,0,0,0,0,0,0,0,0,0
147,AgentA wins,20.00,0,0,0,0,0,0,0,0,0,0
148,AgentA wins,20.00,0,0,0,0,0,0,0,0,0,0
149,AgentA wins,20.00,0,0,0,0,0,0,0,0,0,0
150,AgentA wins,19.67,0,0,0,0,0,0,0,0,0,0
141,AgentA wins,19.67,0,0,0,0,0,0,0,0,0,0
142,AgentB wins,24.67,0,0,0,0,0,0,0,0,0,0
143,AgentA wins,15.00,0,0,0,0,0,0,0,0,0,0
144,AgentA wins,20.00,0,0,0,0,0,0,0,0,0,0
145,AgentA wins,15.00,0,0,0,0,0,0,0,0,0,0
146,AgentA wins,15.00,0,0,0,0,0,0,0,0,0,0
147,AgentA wins,15.00,0,0,0,0,0,0,0,0,0,0
148,AgentA wins,20.00,0,0,0,0,0,0,0,0,0,0
149,AgentA wins,19.67,0,0,0,0,0,0,0,0,0,0
150,AgentA wins,20.00,0,0,0,0,0,0,0,0,0,0
141,AgentB wins,24.67,0,0,0,0,0,0,0,0,0,0
142,AgentA wins,20.00,0,0,0,0,0,0,0,0,0,0
143,AgentA wins,17.00,0,0,0,0,0,0,0,0,0,0
144,AgentA wins,20.00,0,0,0,0,0,0,0,0,0,0
145,AgentB wins,24.67,0,0,0,0,0,0,0,0,0,0
146,AgentA wins,20.00,0,0,0,0,0,0,0,0,0,0
147,AgentA wins,15.00,0,0,0,0,0,0,0,0,0,0
148,AgentA wins,17.00,0,0,0,0,0,0,0,0,0,0
149,AgentA wins,20.00,0,0,0,0,0,0,0,0,0,0
150,AgentA wins,19.67,0,0,0,0,0,0,0,0,0,0
141,AgentB wins,24.67,0,0,0,0,0,0,0,0,0,0
142,AgentA wins,23.33,0,0,0,0,0,0,0,0,0,0
143,AgentA wins,17.00,0,0,0,0,0,0,0,0,0,0
144,AgentA wins,23.33,0,0,0,0,0,0,0,0,0,0
145,AgentA wins,19.67,0,0,0,0,0,0,0,0,0,0
146,AgentA wins,15.00,0,0,0,0,0,0,0,0,0,0
147,AgentA wins,19.67,0,0,0,0,0,0,0,0,0,0
148,AgentA wins,20.00,0,0,0,0,0,0,0,0,0,0
149,AgentB wins,24.67,0,0,0,0,0,0,0,0,0,0
150,AgentA wins,19.67,0,0,0,0,0,0,0,0,0,0
141,AgentA wins,20.00,0,0,0,0,0,0,0,0,0,0
142,AgentA wins,20.00,0,0,0,0,0,0,0,0,0,0
143,AgentA wins,17.00,0,0,0,0,0,0,0,0,0,0
144,AgentA wins,19.67,0,0,0,0,0,0,0,0,0,0
145,AgentA wins,19.67,0,0,0,0,0,0,0,0,0,0
146,AgentA wins,20.00,0,0,0,0,0,0,0,0,0,0
147,AgentA wins,15.00,0,0,0,0,0,0,0,0,0,0
148,AgentA wins,23.33,0,0,0,0,0,0,0,0,0,0
149,AgentA wins,17.00,0,0,0,0,0,0,0,0,0,0
150,AgentA wins,15.00,0,0,0,0,0,0,0,0,0,0
141,AgentA wins,20.00,0,0,0,0,0,0,0,0,0,0
142,AgentA wins,20.00,0,0,0,0,0,0,0,0,0,0
143,AgentA wins,15.00,0,0,0,0,0,0,0,0,0,0
144,AgentA wins,20.00,0,0,0,0,0,0,0,0,0,0
145,AgentB wins,24.67,0,0,0,0,0,0,0,0,0,0
146,AgentA wins,20.00,0,0,0,0,0,0,0,0,0,0
147,AgentA wins,25.00,0,0,0,0,0,0,0,0,0,0
148,AgentA wins,15.00,0,0,0,0,0,0,0,0,0,0
149,AgentA wins,20.00,0,0,0,0,0,0,0,0,0,0
150,AgentB wins,24.67,0,0,0,0,0,0,0,0,0,0
101,AgentA wins,30.00,0,0,0,0,0,0,0,0,0,0
102,AgentB wins,31.67,0,0,0,0,0,0,0,0,0,0
103,AgentA wins,15.00,0,0,0,0,0,0,0,0,0,0
104,AgentA wins,18.00,0,0,0,0,0,0,0,0,0,0
105,AgentA wins,15.00,0,0,0,0,0,0,0,0,0,0
106,AgentA wins,18.00,0,0,0,0,0,0,0,0,0,0
107,AgentB wins,34.00,0,0,0,0,0,0,0,0,0,0
108,AgentB wins,24.67,0,0,0,0,0,0,0,0,0,0
109,AgentA wins,21.33,0,0,0,0,0,0,0,0,0,0
110,AgentA wins,15.00,0,0,0,0,0,0,0,0,0,0
101,AgentA wins,49.67,0,0,0,0,0,0,0,0,0,0
102,AgentA wins,15.00,0,0,0,0,0,0,0,0,0,0
103,AgentA wins,38.33,0,0,0,0,0,0,0,0,0,0
104,AgentA wins,18.00,0,0,0,0,0,0,0,0,0,0
105,AgentA wins,15.00,0,0,0,0,0,0,0,0,0,0
106,AgentA wins,23.67,0,0,0,0,0,0,0,0,0,0
107,AgentB wins,36.67,0,0,0,0,0,0,0,0,0,0
108,AgentA wins,15.00,0,0,0,0,0,0,0,0,0,0
109,AgentA wins,15.00,0,0,0,0,0,0,0,0,0,0
110,AgentA wins,15.00,0,0,0,0,0,0,0,0,0,0
141,AgentA wins,20.00,0,0,0,0,0,0,0,0,0,0
142,AgentA wins,19.67,0,0,0,0,0,0,0,0,0,0
143,AgentB wins,24.67,0,0,0,0,0,0,0,0,0,0
144,AgentA wins,20.00,0,0,0,0,0,0,0,0,0,0
145,AgentA wins,20.00,0,0,0,0,0,0,0,0,0,0
146,AgentB wins,24.67,0,0,0,0,0,0,0,0,0,0
147,AgentA wins,20.00,0,0,0,0,0,0,0,0,0,0
148,AgentA wins,20.00,0,0,0,0,0,0,0,0,0,0
149,AgentA wins,19.67,0,0,0,0,0,0,0,0,0,0
150,AgentA wins,23.33,0,0,0,0,0,0,0,0,0,0
141,AgentA wins,19.67,0,0,0,0,0,0,0,0,0,0
142,AgentA wins,19.67,0,0,0,0,0,0,0,0,0,0
143,AgentA wins,15.00,0,0,0,0,0,0,0,0,0,0
144,AgentA wins,20.00,0,0,0,0,0,0,0,0,0,0
145,AgentB wins,24.67,0,0,0,0,0,0,0,0,0,0
146,AgentA wins,15.00,0,0,0,0,0,0,0,0,0,0
147,AgentA wins,23.33,0,0,0,0,0,0,0,0,0,0
148,AgentA wins,19.67,0,0,0,0,0,0,0,0,0,0
149,AgentA wins,15.00,0,0,0,0,0,0,0,0,0,0
150,AgentA wins,20.00,0,0,0,0,0,0,0,0,0,0
141,AgentA wins,20.00,0,0,0,0,0,0,0,0,0,0
142,AgentA wins,15.00,0,0,0,0,0,0,0,0,0,0
143,AgentA wins,15.00,0,0,0,0,0,0,0,0,0,0
144,AgentA wins,25.00,0,0,0,0,0,0,0,0,0,0
145,AgentA wins,20.00,0,0,0,0,0,0,0,0,0,0
146,AgentA wins,15.00,0,0,0,0,0,0,0,0,0,0
147,AgentA wins,20.00,0,0,0,0,0,0,0,0,0,0
148,AgentA wins,15.00,0,0,0,0,0,0,0,0,0,0
149,AgentA wins,20.00,0,0,0,0,0,0,0,0,0,0
150,AgentA wins,20.00,0,0,0,0,0,0,0,0,0,0
141,AgentA wins,23.33,0,0,0,0,0,0,0,0,0,0
142,AgentA wins,19.67,0,0,0,0,0,0,0,0,0,0
143,AgentA wins,20.00,0,0,0,0,0,0,0,0,0,0
144,AgentA wins,15.00,0,0,0,0,0,0,0,0,0,0
145,AgentB wins,24.67,0,0,0,0,0,0,0,0,0,0
146,AgentA wins,20.00,0,0,0,0,0,0,0,0,0,0
147,AgentA wins,20.00,0,0,0,0,0,0,0,0,0,0
148,AgentA wins,23.33,0,0,0,0,0,0,0,0,0,0
149,AgentA wins,19.67,0,0,0,0,0,0,0,0,0,0
150,AgentA wins,17.00,0,0,0,0,0,0,0,0,0,0
101,AgentA wins,15.00,132,136,0,71,0,119,0,15,35,15
102,AgentA wins,17.67,155,158,0,93,0,131,0,19,28,30
103,timeout draw,60.00,544,535,0,306,0,434,0,73,92,104
104,AgentA wins,18.00,162,163,0,99,0,134,0,24,33,33
105,AgentA wins,15.00,131,136,0,84,0,109,0,17,25,25
106,AgentA wins,32.67,293,295,0,174,0,227,0,48,45,66
107,AgentA wins,39.33,346,353,0,193,0,281,0,48,72,57
108,AgentA wins,35.33,316,315,0,182,0,249,0,48,53,74
109,AgentA wins,42.00,384,379,0,210,0,297,0,48,67,61
110,AgentA wins,15.00,135,139,0,80,0,107,0,21,22,29
151,AgentA wins,17.00,0,0,0,0,0,0,0,0,0,0
152,AgentA wins,15.00,0,0,0,0,0,0,0,0,0,0
153,AgentA wins,20.00,0,0,0,0,0,0,0,0,0,0
154,AgentA wins,20.00,0,0,0,0,0,0,0,0,0,0
155,AgentB wins,24.67,0,0,0,0,0,0,0,0,0,0
156,AgentA wins,15.00,0,0,0,0,0,0,0,0,0,0
157,AgentA wins,18.00,0,0,0,0,0,0,0,0,0,0
158,AgentA wins,15.00,0,0,0,0,0,0,0,0,0,0
159,AgentA wins,17.00,0,0,0,0,0,0,0,0,0,0
160,AgentA wins,23.33,0,0,0,0,0,0,0,0,0,0
151,AgentA wins,15.00,0,0,0,0,0,0,0,0,0,0
152,AgentA wins,15.00,0,0,0,0,0,0,0,0,0,0
153,AgentA wins,20.00,0,0,0,0,0,0,0,0,0,0
154,AgentA wins,20.00,0,0,0,0,0,0,0,0,0,0
155,AgentA wins,15.00,0,0,0,0,0,0,0,0,0,0
156,AgentA wins,20.00,0,0,0,0,0,0,0,0,0,0
157,AgentA wins,19.67,0,0,0,0,0,0,0,0,0,0
158,AgentA wins,15.00,0,0,0,0,0,0,0,0,0,0
159,AgentA wins,20.00,0,0,0,0,0,0,0,0,0,0
160,AgentA wins,17.00,0,0,0,0,0,0,0,0,0,0
101,AgentA wins,15.00,0,0,0,0,0,0,0,0,0,0
102,AgentA wins,46.33,0,0,0,0,0,0,0,0,0,0
103,AgentA wins,18.00,0,0,0,0,0,0,0,0,0,0
104,AgentA wins,21.33,0,0,0,0,0,0,0,0,0,0
105,AgentA wins,15.00,0,0,0,0,0,0,0,0,0,0
106,AgentA wins,32.00,0,0,0,0,0,0,0,0,0,0
107,AgentA wins,32.33,0,0,0,0,0,0,0,0,0,0
108,AgentA wins,34.67,0,0,0,0,0,0,0,0,0,0
109,AgentA wins,34.33,0,0,0,0,0,0,0,0,0,0
110,AgentA wins,38.33,0,0,0,0,0,0,0,0,0,0
151,AgentB wins,24.67,0,0,0,0,0,0,0,0,0,0
152,AgentA wins,15.00,0,0,0,0,0,0,0,0,0,0
153,AgentA wins,19.67,0,0,0,0,0,0,0,0,0,0
154,AgentA wins,20.00,0,0,0,0,0,0,0,0,0,0
155,AgentA wins,19.67,0,0,0,0,0,0,0,0,0,0
156,AgentA wins,20.00,0,0,0,0,0,0,0,0,0,0
157,AgentA wins,15.00,0,0,0,0,0,0,0,0,0,0
158,AgentA wins,20.00,0,0,0,0,0,0,0,0,0,0
159,AgentA wins,20.00,0,0,0,0,0,0,0,0,0,0
160,AgentA wins,20.00,0,0,0,0,0,0,0,0,0,0
151,AgentA wins,23.33,0,0,0,0,0,0,0,0,0,0
152,AgentA wins,20.00,0,0,0,0,0,0,0,0,0,0
153,AgentA wins,15.00,0,0,0,0,0,0,0,0,0,0
154,AgentA wins,15.00,0,0,0,0,0,0,0,0,0,0
155,AgentA wins,20.00,0,0,0,0,0,0,0,0,0,0
156,AgentA wins,15.00,0,0,0,0,0,0,0,0,0,0
157,AgentA wins,19.67,0,0,0,0,0,0,0,0,0,0
158,AgentA wins,19.67,0,0,0,0,0,0,0,0,0,0
159,AgentA wins,19.67,0,0,0,0,0,0,0,0,0,0
160,AgentA wins,20.00,0,0,0,0,0,0,0,0,0,0
151,AgentB wins,24.67,0,0,0,0,0,0,0,0,0,0
152,AgentA wins,20.00,0,0,0,0,0,0,0,0,0,0
153,AgentA wins,19.67,0,0,0,0,0,0,0,0,0,0
154,AgentA wins,19.67,0,0,0,0,0,0,0,0,0,0
155,AgentA wins,15.00,0,0,0,0,0,0,0,0,0,0
156,AgentA wins,17.00,0,0,0,0,0,0,0,0,0,0
157,AgentA wins,20.00,0,0,0,0,0,0,0,0,0,0
158,AgentA wins,19.67,0,0,0,0,0,0,0,0,0,0
159,AgentA wins,20.00,0,0,0,0,0,0,0,0,0,0
160,AgentA wins,20.00,0,0,0,0,0,0,0,0,0,0
151,AgentA wins,20.00,0,0,0,0,0,0,0,0,0,0
152,AgentA wins,20.00,0,0,0,0,0,0,0,0,0,0
153,AgentA wins,17.00,0,0,0,0,0,0,0,0,0,0
154,AgentA wins,20.00,0,0,0,0,0,0,0,0,0,0
155,AgentA wins,20.00,0,0,0,0,0,0,0,0,0,0
156,AgentA wins,23.33,0,0,0,0,0,0,0,0,0,0
157,AgentA wins,15.00,0,0,0,0,0,0,0,0,0,0
158,AgentA wins,20.00,0,0,0,0,0,0,0,0,0,0
159,AgentA wins,15.00,0,0,0,0,0,0,0,0,0,0
160,AgentA wins,20.00,0,0,0,0,0,0,0,0,0,0
151,AgentA wins,17.00,0,0,0,0,0,0,0,0,0,0
152,AgentA wins,15.00,0,0,0,0,0,0,0,0,0,0
153,AgentA wins,23.33,0,0,0,0,0,0,0,0,0,0
154,AgentA wins,18.00,0,0,0,0,0,0,0,0,0,0
155,AgentA wins,15.00,0,0,0,0,0,0,0,0,0,0
156,AgentA wins,17.00,0,0,0,0,0,0,0,0,0,0
157,AgentA wins,23.33,0,0,0,0,0,0,0,0,0,0
158,AgentA wins,19.67,0,0,0,0,0,0,0,0,0,0
159,AgentA wins,20.00,0,0,0,0,0,0,0,0,0,0
160,AgentA wins,20.00,0,0,0,0,0,0,0,0,0,0
151,AgentA wins,20.00,0,0,0,0,0,0,0,0,0,0
152,AgentA wins,17.00,0,0,0,0,0,0,0,0,0,0
153,AgentA wins,15.00,0,0,0,0,0,0,0,0,0,0
154,AgentA wins,20.00,0,0,0,0,0,0,0,0,0,0
155,AgentA wins,15.00,0,0,0,0,0,0,0,0,0,0
156,AgentA wins,20.00,0,0,0,0,0,0,0,0,0,0
157,AgentA wins,17.00,0,0,0,0,0,0,0,0,0,0
158,AgentA wins,19.67,0,0,0,0,0,0,0,0,0,0
159,AgentA wins,17.00,0,0,0,0,0,0,0,0,0,0
160,AgentA wins,17.00,0,0,0,0,0,0,0,0,0,0
101,AgentA wins,15.00,0,0,0,0,0,0,0,0,0,0
102,AgentA wins,32.67,0,0,0,0,0,0,0,0,0,0
103,AgentA wins,45.00,0,0,0,0,0,0,0,0,0,0
104,AgentB wins,25.33,0,0,0,0,0,0,0,0,0,0
105,AgentA wins,44.67,0,0,0,0,0,0,0,0,0,0
106,AgentA wins,15.00,0,0,0,0,0,0,0,0,0,0
107,AgentA wins,27.67,0,0,0,0,0,0,0,0,0,0
108,AgentA wins,24.00,0,0,0,0,0,0,0,0,0,0
109,AgentA wins,35.33,0,0,0,0,0,0,0,0,0,0
110,AgentA wins,20.67,0,0,0,0,0,0,0,0,0,0
111,AgentA wins,15.00,0,0,0,0,0,0,0,0,0,0
112,AgentA wins,15.00,0,0,0,0,0,0,0,0,0,0
113,AgentA wins,50.00,0,0,0,0,0,0,0,0,0,0
114,AgentA wins,18.00,0,0,0,0,0,0,0,0,0,0
115,AgentA wins,26.00,0,0,0,0,0,0,0,0,0,0
116,AgentA wins,32.67,0,0,0,0,0,0,0,0,0,0
117,AgentB wins,35.67,0,0,0,0,0,0,0,0,0,0
118,AgentA wins,15.00,0,0,0,0,0,0,0,0,0,0
119,AgentA wins,40.67,0,0,0,0,0,0,0,0,0,0
120,AgentA wins,15.00,0,0,0,0,0,0,0,0,0,0
151,AgentA wins,20.00,0,0,0,0,0,0,0,0,0,0
152,AgentA wins,15.00,0,0,0,0,0,0,0,0,0,0
153,AgentA wins,17.00,0,0,0,0,0,0,0,0,0,0
154,AgentA wins,20.00,0,0,0,0,0,0,0,0,0,0
155,AgentA wins,23.33,0,0,0,0,0,0,0,0,0,0
156,AgentA wins,15.00,0,0,0,0,0,0,0,0,0,0
157,AgentA wins,20.00,0,0,0,0,0,0,0,0,0,0
158,AgentA wins,19.67,0,0,0,0,0,0,0,0,0,0
159,AgentA wins,17.00,0,0,0,0,0,0,0,0,0,0
160,AgentA wins,15.00,0,0,0,0,0,0,0,0,0,0
151,AgentA wins,19.67,0,0,0,0,0,0,0,0,0,0
152,AgentA wins,20.00,0,0,0,0,0,0,0,0,0,0
153,AgentA wins,20.00,0,0,0,0,0,0,0,0,0,0
154,AgentA wins,20.00,0,0,0,0,0,0,0,0,0,0
155,AgentA wins,20.00,0,0,0,0,0,0,0,0,0,0
156,AgentA wins,20.00,0,0,0,0,0,0,0,0,0,0
157,AgentA wins,20.00,0,0,0,0,0,0,0,0,0,0
158,AgentA wins,20.00,0,0,0,0,0,0,0,0,0,0
159,AgentA wins,20.00,0,0,0,0,0,0,0,0,0,0
160,AgentA wins,20.00,0,0,0,0,0,0,0,0,0,0
151,AgentA wins,15.00,0,0,0,0,0,0,0,0,0,0
152,AgentA wins,15.00,0,0,0,0,0,0,0,0,0,0
153,AgentA wins,19.67,0,0,0,0,0,0,0,0,0,0
154,AgentA wins,20.00,0,0,0,0,0,0,0,0,0,0
155,AgentA wins,17.00,0,0,0,0,0,0,0,0,0,0
156,AgentA wins,15.00,0,0,0,0,0,0,0,0,0,0
157,AgentA wins,25.00,0,0,0,0,0,0,0,0,0,0
158,AgentA wins,19.67,0,0,0,0,0,0,0,0,0,0
159,AgentA wins,20.00,0,0,0,0,0,0,0,0,0,0
160,AgentA wins,20.00,0,0,0,0,0,0,0,0,0,0
151,AgentA wins,20.00,0,0,0,0,0,0,0,0,0,0
152,AgentB wins,24.67,0,0,0,0,0,0,0,0,0,0
153,AgentA wins,19.67,0,0,0,0,0,0,0,0,0,0
154,AgentA wins,20.00,0,0,0,0,0,0,0,0,0,0
155,AgentA wins,19.67,0,0,0,0,0,0,0,0,0,0
156,AgentA wins,15.00,0,0,0,0,0,0,0,0,0,0
157,AgentA wins,20.00,0,0,0,0,0,0,0,0,0,0
158,AgentA wins,20.00,0,0,0,0,0,0,0,0,0,0
159,AgentA wins,15.00,0,0,0,0,0,0,0,0,0,0
160,AgentA wins,23.33,0,0,0,0,0,0,0,0,0,0
111,AgentA wins,32.67,0,0,0,0,0,0,0,0,0,0
112,AgentB wins,33.00,0,0,0,0,0,0,0,0,0,0
113,AgentA wins,38.00,0,0,0,0,0,0,0,0,0,0
114,AgentA wins,15.00,0,0,0,0,0,0,0,0,0,0
115,AgentA wins,37.33,0,0,0,0,0,0,0,0,0,0
116,AgentA wins,39.00,0,0,0,0,0,0,0,0,0,0
117,AgentA wins,15.00,0,0,0,0,0,0,0,0,0,0
118,AgentB wins,39.67,0,0,0,0,0,0,0,0,0,0
119,AgentA wins,18.00,0,0,0,0,0,0,0,0,0,0
120,AgentA wins,27.33,0,0,0,0,0,0,0,0,0,0
151,AgentA wins,19.67,0,0,0,0,0,0,0,0,0,0
152,AgentB wins,24.67,0,0,0,0,0,0,0,0,0,0
153,AgentA wins,19.67,0,0,0,0,0,0,0,0,0,0
154,AgentA wins,20.00,0,0,0,0,0,0,0,0,0,0
155,AgentA wins,20.00,0,0,0,0,0,0,0,0,0,0
156,AgentA wins,17.00,0,0,0,0,0,0,0,0,0,0
157,AgentA wins,15.00,0,0,0,0,0,0,0,0,0,0
158,AgentA wins,17.00,0,0,0,0,0,0,0,0,0,0
159,AgentA wins,20.00,0,0,0,0,0,0,0,0,0,0
160,AgentA wins,19.67,0,0,0,0,0,0,0,0,0,0
101,AgentA wins,37.67,0,0,0,0,0,0,0,0,0,0
102,AgentA wins,15.00,0,0,0,0,0,0,0,0,0,0
103,AgentB wins,57.00,0,0,0,0,0,0,0,0,0,0
104,AgentA wins,35.67,0,0,0,0,0,0,0,0,0,0
105,AgentB wins,18.67,0,0,0,0,0,0,0,0,0,0
106,AgentA wins,35.00,0,0,0,0,0,0,0,0,0,0
107,AgentA wins,27.00,0,0,0,0,0,0,0,0,0,0
108,AgentA wins,32.00,0,0,0,0,0,0,0,0,0,0
109,AgentB wins,39.67,0,0,0,0,0,0,0,0,0,0
110,AgentA wins,36.00,0,0,0,0,0,0,0,0,0,0
151,AgentA wins,19.67,0,0,0,0,0,0,0,0,0,0
152,AgentA wins,19.67,0,0,0,0,0,0,0,0,0,0
153,AgentA wins,20.00,0,0,0,0,0,0,0,0,0,0
154,AgentA wins,17.00,0,0,0,0,0,0,0,0,0,0
155,AgentA wins,15.00,0,0,0,0,0,0,0,0,0,0
156,AgentA wins,20.00,0,0,0,0,0,0,0,0,0,0
157,AgentA wins,19.67,0,0,0,0,0,0,0,0,0,0
158,AgentA wins,20.00,0,0,0,0,0,0,0,0,0,0
159,AgentA wins,20.00,0,0,0,0,0,0,0,0,0,0
160,AgentA wins,15.00,0,0,0,0,0,0,0,0,0,0
111,AgentA wins,29.33,0,0,0,0,0,0,0,0,0,0
112,AgentA wins,15.00,0,0,0,0,0,0,0,0,0,0
113,AgentA wins,29.67,0,0,0,0,0,0,0,0,0,0
114,AgentA wins,33.33,0,0,0,0,0,0,0,0,0,0
115,AgentA wins,31.67,0,0,0,0,0,0,0,0,0,0
116,AgentA wins,18.00,0,0,0,0,0,0,0,0,0,0
117,AgentA wins,32.33,0,0,0,0,0,0,0,0,0,0
118,AgentA wins,24.00,0,0,0,0,0,0,0,0,0,0
119,AgentA wins,41.67,0,0,0,0,0,0,0,0,0,0
120,AgentB wins,18.67,0,0,0,0,0,0,0,0,0,0
151,AgentA wins,19.67,0,0,0,0,0,0,0,0,0,0
152,AgentA wins,19.67,0,0,0,0,0,0,0,0,0,0
153,AgentA wins,19.67,0,0,0,0,0,0,0,0,0,0
154,AgentA wins,15.00,0,0,0,0,0,0,0,0,0,0
155,AgentA wins,15.00,0,0,0,0,0,0,0,0,0,0
156,AgentA wins,23.33,0,0,0,0,0,0,0,0,0,0
157,AgentA wins,15.00,0,0,0,0,0,0,0,0,0,0
158,AgentA wins,17.00,0,0,0,0,0,0,0,0,0,0
159,AgentA wins,20.00,0,0,0,0,0,0,0,0,0,0
160,AgentB wins,24.67,0,0,0,0,0,0,0,0,0,0
111,AgentA wins,15.00,0,0,0,0,0,0,0,0,0,0
112,AgentA wins,34.67,0,0,0,0,0,0,0,0,0,0
113,AgentB wins,30.67,0,0,0,0,0,0,0,0,0,0
114,AgentA wins,21.00,0,0,0,0,0,0,0,0,0,0
115,AgentA wins,27.00,0,0,0,0,0,0,0,0,0,0
116,AgentA wins,21.67,0,0,0,0,0,0,0,0,0,0
117,AgentA wins,24.00,0,0,0,0,0,0,0,0,0,0
118,AgentA wins,29.00,0,0,0,0,0,0,0,0,0,0
119,AgentA wins,21.00,0,0,0,0,0,0,0,0,0,0
120,AgentA wins,36.00,0,0,0,0,0,0,0,0,0,0
111,AgentA wins,21.67,0,0,0,0,0,0,0,0,0,0
112,AgentA wins,38.33,0,0,0,0,0,0,0,0,0,0
113,AgentA wins,38.00,0,0,0,0,0,0,0,0,0,0
114,AgentA wins,33.33,0,0,0,0,0,0,0,0,0,0
115,AgentA wins,23.67,0,0,0,0,0,0,0,0,0,0
116,AgentB wins,31.33,0,0,0,0,0,0,0,0,0,0
117,AgentA wins,30.00,0,0,0,0,0,0,0,0,0,0
118,AgentA wins,26.33,0,0,0,0,0,0,0,0,0,0
119,AgentB wins,47.33,0,0,0,0,0,0,0,0,0,0
120,AgentA wins,27.00,0,0,0,0,0,0,0,0,0,0
161,AgentA wins,15.00,0,0,0,0,0,0,0,0,0,0
162,AgentA wins,19.67,0,0,0,0,0,0,0,0,0,0
163,AgentA wins,20.00,0,0,0,0,0,0,0,0,0,0
164,AgentA wins,20.00,0,0,0,0,0,0,0,0,0,0
165,AgentA wins,15.00,0,0,0,0,0,0,0,0,0,0
166,AgentA wins,23.33,0,0,0,0,0,0,0,0,0,0
167,AgentA wins,15.00,0,0,0,0,0,0,0,0,0,0
168,AgentA wins,20.00,0,0,0,0,0,0,0,0,0,0
169,AgentA wins,15.00,0,0,0,0,0,0,0,0,0,0
170,AgentA wins,23.33,0,0,0,0,0,0,0,0,0,0
111,AgentA wins,18.00,0,0,0,0,0,0,0,0,0,0
112,AgentA wins,21.67,0,0,0,0,0,0,0,0,0,0
113,AgentB wins,48.00,0,0,0,0,0,0,0,0,0,0
114,AgentB wins,33.33,0,0,0,0,0,0,0,0,0,0
115,AgentA wins,15.00,0,0,0,0,0,0,0,0,0,0
116,AgentA wins,27.00,0,0,0,0,0,0,0,0,0,0
117,AgentA wins,41.00,0,0,0,0,0,0,0,0,0,0
118,AgentA wins,32.67,0,0,0,0,0,0,0,0,0,0
119,AgentA wins,15.00,0,0,0,0,0,0,0,0,0,0
120,AgentA wins,37.00,0,0,0,0,0,0,0,0,0,0
161,AgentA wins,19.67,0,0,0,0,0,0,0,0,0,0
162,AgentA wins,19.67,0,0,0,0,0,0,0,0,0,0
163,AgentA wins,20.00,0,0,0,0,0,0,0,0,0,0
164,AgentA wins,20.00,0,0,0,0,0,0,0,0,0,0
165,AgentA wins,19.67,0,0,0,0,0,0,0,0,0,0
166,AgentA wins,20.00,0,0,0,0,0,0,0,0,0,0
167,AgentA wins,20.00,0,0,0,0,0,0,0,0,0,0
168,AgentA wins,15.00,0,0,0,0,0,0,0,0,0,0
169,AgentA wins,20.00,0,0,0,0,0,0,0,0,0,0
170,AgentB wins,24.67,0,0,0,0,0,0,0,0,0,0
161,AgentA wins,20.00,0,0,0,0,0,0,0,0,0,0
162,AgentA wins,23.33,0,0,0,0,0,0,0,0,0,0
163,AgentA wins,20.00,0,0,0,0,0,0,0,0,0,0
164,AgentA wins,15.00,0,0,0,0,0,0,0,0,0,0
165,AgentA wins,17.00,0,0,0,0,0,0,0,0,0,0
166,AgentA wins,20.00,0,0,0,0,0,0,0,0,0,0
167,AgentA wins,17.00,0,0,0,0,0,0,0,0,0,0
168,AgentA wins,15.00,0,0,0,0,0,0,0,0,0,0
169,AgentA wins,20.00,0,0,0,0,0,0,0,0,0,0
170,AgentA wins,20.00,0,0,0,0,0,0,0,0,0,0
111,AgentA wins,29.33,262,264,0,149,0,209,0,35,42,50
112,AgentA wins,42.00,380,379,0,224,0,297,0,47,60,72
113,AgentA wins,15.00,132,139,0,76,0,101,0,15,19,23
114,AgentA wins,28.67,258,262,0,153,0,196,0,35,39,50
115,AgentB wins,21.67,197,198,0,106,0,154,0,29,36,31
116,AgentA wins,33.00,298,297,0,167,0,234,0,44,48,70
117,AgentA wins,24.00,211,216,0,121,0,166,0,31,27,50
118,AgentB wins,33.67,307,306,0,167,0,235,0,43,49,70
119,AgentA wins,15.00,135,136,0,84,0,105,0,19,21,32
120,AgentB wins,28.67,258,261,0,145,0,214,0,33,43,47
161,AgentA wins,19.67,0,0,0,0,0,0,0,0,0,0
162,AgentA wins,15.00,0,0,0,0,0,0,0,0,0,0
163,AgentA wins,20.00,0,0,0,0,0,0,0,0,0,0
164,AgentA wins,23.33,0,0,0,0,0,0,0,0,0,0
165,AgentA wins,17.00,0,0,0,0,0,0,0,0,0,0
166,AgentA wins,17.00,0,0,0,0,0,0,0,0,0,0
167,AgentA wins,20.00,0,0,0,0,0,0,0,0,0,0
168,AgentA wins,19.67,0,0,0,0,0,0,0,0,0,0
169,AgentA wins,20.00,0,0,0,0,0,0,0,0,0,0
170,AgentA wins,17.00,0,0,0,0,0,0,0,0,0,0
161,AgentA wins,20.00,0,0,0,0,0,0,0,0,0,0
162,AgentA wins,17.00,0,0,0,0,0,0,0,0,0,0
163,AgentA wins,15.00,0,0,0,0,0,0,0,0,0,0
164,AgentA wins,20.00,0,0,0,0,0,0,0,0,0,0
165,AgentA wins,19.67,0,0,0,0,0,0,0,0,0,0
166,AgentA wins,15.00,0,0,0,0,0,0,0,0,0,0
167,AgentA wins,15.00,0,0,0,0,0,0,0,0,0,0
168,AgentA wins,15.00,0,0,0,0,0,0,0,0,0,0
169,AgentA wins,20.00,0,0,0,0,0,0,0,0,0,0
170,AgentA wins,20.00,0,0,0,0,0,0,0,0,0,0
161,AgentA wins,20.00,0,0,0,0,0,0,0,0,0,0
162,AgentA wins,19.67,0,0,0,0,0,0,0,0,0,0
163,AgentA wins,18.00,0,0,0,0,0,0,0,0,0,0
164,AgentA wins,17.00,0,0,0,0,0,0,0,0,0,0
165,AgentA wins,17.00,0,0,0,0,0,0,0,0,0,0
166,AgentA wins,20.00,0,0,0,0,0,0,0,0,0,0
167,AgentA wins,23.33,0,0,0,0,0,0,0,0,0,0
168,AgentA wins,20.00,0,0,0,0,0,0,0,0,0,0
169,AgentA wins,15.00,0,0,0,0,0,0,0,0,0,0
170,AgentA wins,23.33,0,0,0,0,0,0,0,0,0,0
161,AgentA wins,19.67,0,0,0,0,0,0,0,0,0,0
162,AgentA wins,20.00,0,0,0,0,0,0,0,0,0,0
163,AgentA wins,17.00,0,0,0,0,0,0,0,0,0,0
164,AgentA wins,23.33,0,0,0,0,0,0,0,0,0,0
165,AgentA wins,17.00,0,0,0,0,0,0,0,0,0,0
166,AgentA wins,15.00,0,0,0,0,0,0,0,0,0,0
167,AgentA wins,17.00,0,0,0,0,0,0,0,0,0,0
168,AgentA wins,17.00,0,0,0,0,0,0,0,0,0,0
169,AgentA wins,23.33,0,0,0,0,0,0,0,0,0,0
170,AgentA wins,20.00,0,0,0,0,0,0,0,0,0,0
161,AgentA wins,20.00,0,0,0,0,0,0,0,0,0,0
162,AgentA wins,20.00,0,0,0,0,0,0,0,0,0,0
163,AgentA wins,19.67,0,0,0,0,0,0,0,0,0,0
164,AgentA wins,20.00,0,0,0,0,0,0,0,0,0,0
165,AgentA wins,20.00,0,0,0,0,0,0,0,0,0,0
166,AgentA wins,20.00,0,0,0,0,0,0,0,0,0,0
167,AgentA wins,19.67,0,0,0,0,0,0,0,0,0,0
168,AgentA wins,20.00,0,0,0,0,0,0,0,0,0,0
169,AgentA wins,20.00,0,0,0,0,0,0,0,0,0,0
170,AgentA wins,20.00,0,0,0,0,0,0,0,0,0,0
161,AgentA wins,20.00,0,0,0,0,0,0,0,0,0,0
162,AgentA wins,15.00,0,0,0,0,0,0,0,0,0,0
163,AgentA wins,17.00,0,0,0,0,0,0,0,0,0,0
164,AgentA wins,23.33,0,0,0,0,0,0,0,0,0,0
165,AgentA wins,23.33,0,0,0,0,0,0,0,0,0,0
166,AgentA wins,25.00,0,0,0,0,0,0,0,0,0,0
167,AgentA wins,19.67,0,0,0,0,0,0,0,0,0,0
168,AgentA wins,15.00,0,0,0,0,0,0,0,0,0,0
169,AgentB wins,24.67,0,0,0,0,0,0,0,0,0,0
170,AgentA wins,17.00,0,0,0,0,0,0,0,0,0,0
161,AgentA wins,20.00,0,0,0,0,0,0,0,0,0,0
162,AgentA wins,20.00,0,0,0,0,0,0,0,0,0,0
163,AgentA wins,15.00,0,0,0,0,0,0,0,0,0,0
164,AgentA wins,19.67,0,0,0,0,0,0,0,0,0,0
165,AgentA wins,15.00,0,0,0,0,0,0,0,0,0,0
166,AgentA wins,20.00,0,0,0,0,0,0,0,0,0,0
167,AgentA wins,17.00,0,0,0,0,0,0,0,0,0,0
168,AgentA wins,17.00,0,0,0,0,0,0,0,0,0,0
169,AgentB wins,24.67,0,0,0,0,0,0,0,0,0,0
170,AgentA wins,20.00,0,0,0,0,0,0,0,0,0,0
161,AgentA wins,25.00,0,0,0,0,0,0,0,0,0,0
162,AgentA wins,15.00,0,0,0,0,0,0,0,0,0,0
163,AgentA wins,19.67,0,0,0,0,0,0,0,0,0,0
164,AgentA wins,19.67,0,0,0,0,0,0,0,0,0,0
165,AgentA wins,15.00,0,0,0,0,0,0,0,0,0,0
166,AgentA wins,15.00,0,0,0,0,0,0,0,0,0,0
167,AgentA wins,23.33,0,0,0,0,0,0,0,0,0,0
168,AgentA wins,20.00,0,0,0,0,0,0,0,0,0,0
169,AgentA wins,20.00,0,0,0,0,0,0,0,0,0,0
170,AgentA wins,19.67,0,0,0,0,0,0,0,0,0,0
161,AgentA wins,23.33,0,0,0,0,0,0,0,0,0,0
162,AgentA wins,23.33,0,0,0,0,0,0,0,0,0,0
163,AgentA wins,19.67,0,0,0,0,0,0,0,0,0,0
164,AgentA wins,20.00,0,0,0,0,0,0,0,0,0,0
165,AgentA wins,19.67,0,0,0,0,0,0,0,0,0,0
166,AgentA wins,23.33,0,0,0,0,0,0,0,0,0,0
167,AgentA wins,20.00,0,0,0,0,0,0,0,0,0,0
168,AgentA wins,19.67,0,0,0,0,0,0,0,0,0,0
169,AgentA wins,20.00,0,0,0,0,0,0,0,0,0,0
170,AgentA wins,17.00,0,0,0,0,0,0,0,0,0,0
111,AgentA wins,18.00,0,0,0,0,0,0,0,0,0,0
112,AgentA wins,43.67,0,0,0,0,0,0,0,0,0,0
113,AgentA wins,37.33,0,0,0,0,0,0,0,0,0,0
114,AgentA wins,18.00,0,0,0,0,0,0,0,0,0,0
115,AgentB wins,23.00,0,0,0,0,0,0,0,0,0,0
116,timeout draw,60.00,0,0,0,0,0,0,0,0,0,0
117,AgentA wins,15.00,0,0,0,0,0,0,0,0,0,0
118,AgentA wins,31.67,0,0,0,0,0,0,0,0,0,0
119,AgentA wins,29.00,0,0,0,0,0,0,0,0,0,0
120,AgentA wins,24.00,0,0,0,0,0,0,0,0,0,0
161,AgentA wins,20.00,0,0,0,0,0,0,0,0,0,0
162,AgentA wins,15.00,0,0,0,0,0,0,0,0,0,0
163,AgentA wins,20.00,0,0,0,0,0,0,0,0,0,0
164,AgentA wins,19.67,0,0,0,0,0,0,0,0,0,0
165,AgentA wins,19.67,0,0,0,0,0,0,0,0,0,0
166,AgentA wins,15.00,0,0,0,0,0,0,0,0,0,0
167,AgentA wins,20.00,0,0,0,0,0,0,0,0,0,0
168,AgentA wins,20.00,0,0,0,0,0,0,0,0,0,0
169,AgentA wins,23.33,0,0,0,0,0,0,0,0,0,0
170,AgentA wins,15.00,0,0,0,0,0,0,0,0,0,0
111,AgentA wins,24.00,0,0,0,0,0,0,0,0,0,0
112,AgentB wins,30.67,0,0,0,0,0,0,0,0,0,0
113,AgentA wins,15.00,0,0,0,0,0,0,0,0,0,0
114,AgentA wins,30.00,0,0,0,0,0,0,0,0,0,0
115,AgentA wins,15.00,0,0,0,0,0,0,0,0,0,0
116,AgentA wins,23.33,0,0,0,0,0,0,0,0,0,0
117,AgentA wins,20.67,0,0,0,0,0,0,0,0,0,0
118,AgentA wins,27.67,0,0,0,0,0,0,0,0,0,0
119,AgentA wins,15.00,0,0,0,0,0,0,0,0,0,0
120,AgentA wins,31.00,0,0,0,0,0,0,0,0,0,0
161,AgentA wins,15.00,0,0,0,0,0,0,0,0,0,0
162,AgentA wins,23.33,0,0,0,0,0,0,0,0,0,0
163,AgentA wins,23.33,0,0,0,0,0,0,0,0,0,0
164,AgentA wins,20.00,0,0,0,0,0,0,0,0,0,0
165,AgentA wins,20.00,0,0,0,0,0,0,0,0,0,0
166,AgentA wins,20.00,0,0,0,0,0,0,0,0,0,0
167,AgentA wins,19.67,0,0,0,0,0,0,0,0,0,0
168,AgentA wins,20.00,0,0,0,0,0,0,0,0,0,0
169,AgentA wins,15.00,0,0,0,0,0,0,0,0,0,0
170,AgentA wins,20.00,0,0,0,0,0,0,0,0,0,0
121,AgentA wins,15.00,0,0,0,0,0,0,0,0,0,0
122,AgentA wins,44.00,0,0,0,0,0,0,0,0,0,0
123,AgentA wins,27.00,0,0,0,0,0,0,0,0,0,0
124,AgentA wins,24.00,0,0,0,0,0,0,0,0,0,0
125,AgentA wins,18.00,0,0,0,0,0,0,0,0,0,0
126,AgentB wins,37.67,0,0,0,0,0,0,0,0,0,0
127,AgentA wins,29.00,0,0,0,0,0,0,0,0,0,0
128,AgentA wins,18.00,0,0,0,0,0,0,0,0,0,0
129,AgentA wins,15.00,0,0,0,0,0,0,0,0,0,0
130,AgentA wins,15.00,0,0,0,0,0,0,0,0,0,0
161,AgentA wins,20.00,0,0,0,0,0,0,0,0,0,0
162,AgentA wins,23.33,0,0,0,0,0,0,0,0,0,0
163,AgentA wins,19.67,0,0,0,0,0,0,0,0,0,0
164,AgentA wins,17.00,0,0,0,0,0,0,0,0,0,0
165,AgentA wins,19.67,0,0,0,0,0,0,0,0,0,0
166,AgentA wins,19.67,0,0,0,0,0,0,0,0,0,0
167,AgentA wins,19.67,0,0,0,0,0,0,0,0,0,0
168,AgentA wins,15.00,0,0,0,0,0,0,0,0,0,0
169,AgentB wins,24.67,0,0,0,0,0,0,0,0,0,0
170,AgentA wins,23.33,0,0,0,0,0,0,0,0,0,0
121,AgentA wins,21.67,0,0,0,0,0,0,0,0,0,0
122,AgentA wins,47.33,0,0,0,0,0,0,0,0,0,0
123,AgentA wins,30.00,0,0,0,0,0,0,0,0,0,0
124,AgentB wins,31.00,0,0,0,0,0,0,0,0,0,0
125,AgentA wins,18.00,0,0,0,0,0,0,0,0,0,0
126,AgentA wins,18.00,0,0,0,0,0,0,0,0,0,0
127,AgentA wins,21.67,0,0,0,0,0,0,0,0,0,0
128,AgentA wins,21.33,0,0,0,0,0,0,0,0,0,0
129,AgentB wins,42.00,0,0,0,0,0,0,0,0,0,0
130,AgentA wins,15.00,0,0,0,0,0,0,0,0,0,0
171,AgentA wins,17.00,0,0,0,0,0,0,0,0,0,0
172,AgentA wins,20.00,0,0,0,0,0,0,0,0,0,0
173,AgentA wins,20.00,0,0,0,0,0,0,0,0,0,0
174,AgentB wins,24.67,0,0,0,0,0,0,0,0,0,0
175,AgentA wins,20.00,0,0,0,0,0,0,0,0,0,0
176,AgentA wins,17.00,0,0,0,0,0,0,0,0,0,0
177,AgentA wins,15.00,0,0,0,0,0,0,0,0,0,0
178,AgentA wins,20.00,0,0,0,0,0,0,0,0,0,0
179,AgentA wins,15.00,0,0,0,0,0,0,0,0,0,0
180,AgentA wins,20.00,0,0,0,0,0,0,0,0,0,0
121,AgentA wins,18.67,0,0,0,0,0,0,0,0,0,0
122,AgentA wins,41.00,0,0,0,0,0,0,0,0,0,0
123,AgentA wins,24.00,0,0,0,0,0,0,0,0,0,0
124,AgentA wins,24.00,0,0,0,0,0,0,0,0,0,0
125,AgentA wins,15.00,0,0,0,0,0,0,0,0,0,0
126,AgentA wins,44.00,0,0,0,0,0,0,0,0,0,0
127,AgentA wins,26.67,0,0,0,0,0,0,0,0,0,0
128,AgentA wins,26.67,0,0,0,0,0,0,0,0,0,0
129,AgentA wins,18.00,0,0,0,0,0,0,0,0,0,0
130,AgentA wins,21.67,0,0,0,0,0,0,0,0,0,0
171,AgentB wins,24.67,0,0,0,0,0,0,0,0,0,0
172,AgentA wins,20.00,0,0,0,0,0,0,0,0,0,0
173,AgentA wins,19.67,0,0,0,0,0,0,0,0,0,0
174,AgentB wins,24.67,0,0,0,0,0,0,0,0,0,0
175,AgentA wins,15.00,0,0,0,0,0,0,0,0,0,0
176,AgentA wins,15.00,0,0,0,0,0,0,0,0,0,0
177,AgentA wins,19.67,0,0,0,0,0,0,0,0,0,0
178,AgentA wins,20.00,0,0,0,0,0,0,0,0,0,0
179,AgentA wins,15.00,0,0,0,0,0,0,0,0,0,0
180,AgentA wins,20.00,0,0,0,0,0,0,0,0,0,0
121,AgentA wins,15.00,0,0,0,0,0,0,0,0,0,0
122,AgentA wins,44.67,0,0,0,0,0,0,0,0,0,0
123,AgentA wins,21.00,0,0,0,0,0,0,0,0,0,0
124,AgentA wins,21.00,0,0,0,0,0,0,0,0,0,0
125,AgentA wins,23.33,0,0,0,0,0,0,0,0,0,0
126,AgentA wins,26.00,0,0,0,0,0,0,0,0,0,0
127,AgentA wins,21.67,0,0,0,0,0,0,0,0,0,0
128,AgentA wins,18.00,0,0,0,0,0,0,0,0,0,0
129,AgentA wins,15.00,0,0,0,0,0,0,0,0,0,0
130,AgentA wins,15.00,0,0,0,0,0,0,0,0,0,0
111,AgentA wins,27.67,0,0,0,0,0,0,0,0,0,0
112,AgentA wins,21.67,0,0,0,0,0,0,0,0,0,0
113,AgentA wins,29.33,0,0,0,0,0,0,0,0,0,0
114,AgentA wins,33.00,0,0,0,0,0,0,0,0,0,0
115,AgentA wins,48.33,0,0,0,0,0,0,0,0,0,0
116,AgentA wins,15.00,0,0,0,0,0,0,0,0,0,0
117,AgentA wins,24.00,0,0,0,0,0,0,0,0,0,0
118,AgentB wins,30.33,0,0,0,0,0,0,0,0,0,0
119,AgentB wins,28.00,0,0,0,0,0,0,0,0,0,0
120,AgentA wins,45.00,0,0,0,0,0,0,0,0,0,0
171,AgentA wins,20.00,0,0,0,0,0,0,0,0,0,0
172,AgentA wins,17.00,0,0,0,0,0,0,0,0,0,0
173,AgentA wins,15.00,0,0,0,0,0,0,0,0,0,0
174,AgentA wins,19.67,0,0,0,0,0,0,0,0,0,0
175,AgentA wins,19.67,0,0,0,0,0,0,0,0,0,0
176,AgentA wins,20.00,0,0,0,0,0,0,0,0,0,0
177,AgentA wins,17.00,0,0,0,0,0,0,0,0,0,0
178,AgentA wins,20.00,0,0,0,0,0,0,0,0,0,0
179,AgentA wins,20.00,0,0,0,0,0,0,0,0,0,0
180,AgentA wins,20.00,0,0,0,0,0,0,0,0,0,0
171,AgentA wins,15.00,0,0,0,0,0,0,0,0,0,0
172,AgentA wins,15.00,0,0,0,0,0,0,0,0,0,0
173,AgentA wins,17.00,0,0,0,0,0,0,0,0,0,0
174,AgentA wins,17.00,0,0,0,0,0,0,0,0,0,0
175,AgentA wins,15.00,0,0,0,0,0,0,0,0,0,0
176,AgentA wins,15.00,0,0,0,0,0,0,0,0,0,0
177,AgentA wins,17.00,0,0,0,0,0,0,0,0,0,0
178,AgentA wins,20.00,0,0,0,0,0,0,0,0,0,0
179,AgentA wins,19.67,0,0,0,0,0,0,0,0,0,0
180,AgentA wins,15.00,0,0,0,0,0,0,0,0,0,0
171,AgentA wins,19.67,0,0,0,0,0,0,0,0,0,0
172,AgentA wins,15.00,0,0,0,0,0,0,0,0,0,0
173,AgentA wins,15.00,0,0,0,0,0,0,0,0,0,0
174,AgentA wins,15.00,0,0,0,0,0,0,0,0,0,0
175,AgentA wins,25.00,0,0,0,0,0,0,0,0,0,0
176,AgentA wins,19.67,0,0,0,0,0,0,0,0,0,0
177,AgentA wins,20.00,0,0,0,0,0,0,0,0,0,0
178,AgentA wins,20.00,0,0,0,0,0,0,0,0,0,0
179,AgentA wins,20.00,0,0,0,0,0,0,0,0,0,0
180,AgentA wins,20.00,0,0,0,0,0,0,0,0,0,0
121,AgentA wins,38.00,0,0,0,0,0,0,0,0,0,0
122,AgentA wins,31.67,0,0,0,0,0,0,0,0,0,0
123,AgentB wins,50.33,0,0,0,0,0,0,0,0,0,0
124,AgentA wins,18.00,0,0,0,0,0,0,0,0,0,0
125,AgentA wins,26.67,0,0,0,0,0,0,0,0,0,0
126,AgentA wins,15.00,0,0,0,0,0,0,0,0,0,0
127,AgentA wins,15.00,0,0,0,0,0,0,0,0,0,0
128,AgentA wins,15.00,0,0,0,0,0,0,0,0,0,0
129,AgentA wins,38.00,0,0,0,0,0,0,0,0,0,0
130,AgentA wins,32.33,0,0,0,0,0,0,0,0,0,0
171,AgentA wins,17.00,0,0,0,0,0,0,0,0,0,0
172,AgentA wins,17.00,0,0,0,0,0,0,0,0,0,0
173,AgentA wins,19.67,0,0,0,0,0,0,0,0,0,0
174,AgentA wins,20.00,0,0,0,0,0,0,0,0,0,0
175,AgentA wins,20.00,0,0,0,0,0,0,0,0,0,0
176,AgentA wins,20.00,0,0,0,0,0,0,0,0,0,0
177,AgentA wins,23.33,0,0,0,0,0,0,0,0,0,0
178,AgentA wins,15.00,0,0,0,0,0,0,0,0,0,0
179,AgentA wins,15.00,0,0,0,0,0,0,0,0,0,0
180,AgentA wins,15.00,0,0,0,0,0,0,0,0,0,0
121,AgentA wins,45.00,0,0,0,0,0,0,0,0,0,0
122,AgentA wins,15.00,0,0,0,0,0,0,0,0,0,0
123,AgentA wins,21.00,0,0,0,0,0,0,0,0,0,0
124,AgentB wins,53.67,0,0,0,0,0,0,0,0,0,0
125,AgentB wins,21.67,0,0,0,0,0,0,0,0,0,0
126,AgentA wins,23.67,0,0,0,0,0,0,0,0,0,0
127,AgentA wins,21.00,0,0,0,0,0,0,0,0,0,0
128,AgentA wins,15.00,0,0,0,0,0,0,0,0,0,0
129,AgentA wins,52.33,0,0,0,0,0,0,0,0,0,0
130,AgentA wins,33.33,0,0,0,0,0,0,0,0,0,0
171,AgentA wins,20.00,0,0,0,0,0,0,0,0,0,0
172,AgentB wins,24.67,0,0,0,0,0,0,0,0,0,0
173,AgentA wins,20.00,0,0,0,0,0,0,0,0,0,0
174,AgentA wins,18.00,0,0,0,0,0,0,0,0,0,0
175,AgentA wins,23.33,0,0,0,0,0,0,0,0,0,0
176,AgentA wins,20.00,0,0,0,0,0,0,0,0,0,0
177,AgentA wins,15.00,0,0,0,0,0,0,0,0,0,0
178,AgentA wins,15.00,0,0,0,0,0,0,0,0,0,0
179,AgentA wins,15.00,0,0,0,0,0,0,0,0,0,0
180,AgentA wins,23.33,0,0,0,0,0,0,0,0,0,0
171,AgentA wins,19.67,0,0,0,0,0,0,0,0,0,0
172,AgentA wins,19.67,0,0,0,0,0,0,0,0,0,0
173,AgentA wins,19.67,0,0,0,0,0,0,0,0,0,0
174,AgentA wins,20.00,0,0,0,0,0,0,0,0,0,0
175,AgentA wins,20.00,0,0,0,0,0,0,0,0,0,0
176,AgentA wins,15.00,0,0,0,0,0,0,0,0,0,0
177,AgentA wins,17.00,0,0,0,0,0,0,0,0,0,0
178,AgentA wins,17.00,0,0,0,0,0,0,0,0,0,0
179,AgentA wins,15.00,0,0,0,0,0,0,0,0,0,0
180,AgentA wins,23.33,0,0,0,0,0,0,0,0,0,0
171,AgentA wins,25.00,0,0,0,0,0,0,0,0,0,0
172,AgentA wins,17.00,0,0,0,0,0,0,0,0,0,0
173,AgentA wins,19.67,0,0,0,0,0,0,0,0,0,0
174,AgentA wins,19.67,0,0,0,0,0,0,0,0,0,0
175,AgentA wins,20.00,0,0,0,0,0,0,0,0,0,0
176,AgentA wins,20.00,0,0,0,0,0,0,0,0,0,0
177,AgentA wins,19.67,0,0,0,0,0,0,0,0,0,0
178,AgentA wins,15.00,0,0,0,0,0,0,0,0,0,0
179,AgentA wins,15.00,0,0,0,0,0,0,0,0,0,0
180,AgentA wins,20.00,0,0,0,0,0,0,0,0,0,0
171,AgentA wins,19.67,0,0,0,0,0,0,0,0,0,0
172,AgentA wins,15.00,0,0,0,0,0,0,0,0,0,0
173,AgentA wins,20.00,0,0,0,0,0,0,0,0,0,0
174,AgentA wins,19.67,0,0,0,0,0,0,0,0,0,0
175,AgentA wins,20.00,0,0,0,0,0,0,0,0,0,0
176,AgentA wins,20.00,0,0,0,0,0,0,0,0,0,0
177,AgentA wins,19.67,0,0,0,0,0,0,0,0,0,0
178,AgentA wins,20.00,0,0,0,0,0,0,0,0,0,0
179,AgentA wins,17.00,0,0,0,0,0,0,0,0,0,0
180,AgentA wins,20.00,0,0,0,0,0,0,0,0,0,0
171,AgentA wins,17.00,0,0,0,0,0,0,0,0,0,0
172,AgentA wins,19.67,0,0,0,0,0,0,0,0,0,0
173,AgentA wins,15.00,0,0,0,0,0,0,0,0,0,0
174,AgentA wins,19.67,0,0,0,0,0,0,0,0,0,0
175,AgentA wins,20.00,0,0,0,0,0,0,0,0,0,0
176,AgentA wins,20.00,0,0,0,0,0,0,0,0,0,0
177,AgentA wins,15.00,0,0,0,0,0,0,0,0,0,0
178,AgentA wins,23.33,0,0,0,0,0,0,0,0,0,0
179,AgentA wins,20.00,0,0,0,0,0,0,0,0,0,0
180,AgentA wins,20.00,0,0,0,0,0,0,0,0,0,0
171,AgentA wins,20.00,0,0,0,0,0,0,0,0,0,0
172,AgentA wins,20.00,0,0,0,0,0,0,0,0,0,0
173,AgentA wins,19.67,0,0,0,0,0,0,0,0,0,0
174,AgentA wins,23.33,0,0,0,0,0,0,0,0,0,0
175,AgentA wins,20.00,0,0,0,0,0,0,0,0,0,0
176,AgentA wins,15.00,0,0,0,0,0,0,0,0,0,0
177,AgentA wins,20.00,0,0,0,0,0,0,0,0,0,0
178,AgentA wins,20.00,0,0,0,0,0,0,0,0,0,0
179,AgentA wins,23.33,0,0,0,0,0,0,0,0,0,0
180,AgentA wins,20.00,0,0,0,0,0,0,0,0,0,0
121,AgentA wins,29.00,263,261,0,138,0,210,0,40,49,37
122,AgentB wins,25.00,227,224,0,141,0,178,0,29,43,41
123,AgentA wins,15.00,132,136,0,82,0,112,0,20,29,21
124,AgentB wins,30.33,276,275,0,156,0,221,0,35,51,48
125,AgentB wins,36.00,327,320,0,195,0,261,0,39,49,69
126,AgentA wins,15.00,136,133,0,77,0,108,0,18,15,35
127,AgentA wins,30.00,271,273,0,159,0,212,0,36,47,61
128,AgentA wins,15.00,135,135,0,77,0,99,0,14,14,38
129,AgentA wins,27.00,244,241,0,136,0,189,0,32,47,46
130,AgentA wins,32.00,287,289,0,168,0,230,0,34,41,71
171,AgentA wins,20.00,0,0,0,0,0,0,0,0,0,0
172,AgentA wins,19.67,0,0,0,0,0,0,0,0,0,0
173,AgentA wins,20.00,0,0,0,0,0,0,0,0,0,0
174,AgentA wins,20.00,0,0,0,0,0,0,0,0,0,0
175,AgentA wins,15.00,0,0,0,0,0,0,0,0,0,0
176,AgentA wins,17.00,0,0,0,0,0,0,0,0,0,0
177,AgentA wins,20.00,0,0,0,0,0,0,0,0,0,0
178,AgentB wins,24.67,0,0,0,0,0,0,0,0,0,0
179,AgentA wins,23.33,0,0,0,0,0,0,0,0,0,0
180,AgentA wins,23.33,0,0,0,0,0,0,0,0,0,0
171,AgentA wins,15.00,0,0,0,0,0,0,0,0,0,0
172,AgentA wins,20.00,0,0,0,0,0,0,0,0,0,0
173,AgentB wins,24.67,0,0,0,0,0,0,0,0,0,0
174,AgentA wins,20.00,0,0,0,0,0,0,0,0,0,0
175,AgentA wins,15.00,0,0,0,0,0,0,0,0,0,0
176,AgentA wins,15.00,0,0,0,0,0,0,0,0,0,0
177,AgentA wins,23.33,0,0,0,0,0,0,0,0,0,0
178,AgentA wins,20.00,0,0,0,0,0,0,0,0,0,0
179,AgentA wins,15.00,0,0,0,0,0,0,0,0,0,0
180,AgentA wins,20.00,0,0,0,0,0,0,0,0,0,0
171,AgentA wins,20.00,0,0,0,0,0,0,0,0,0,0
172,AgentA wins,17.00,0,0,0,0,0,0,0,0,0,0
173,AgentA wins,15.00,0,0,0,0,0,0,0,0,0,0
174,AgentA wins,20.00,0,0,0,0,0,0,0,0,0,0
175,AgentA wins,23.33,0,0,0,0,0,0,0,0,0,0
176,AgentA wins,20.00,0,0,0,0,0,0,0,0,0,0
177,AgentA wins,15.00,0,0,0,0,0,0,0,0,0,0
178,AgentA wins,20.00,0,0,0,0,0,0,0,0,0,0
179,AgentA wins,20.00,0,0,0,0,0,0,0,0,0,0
180,AgentA wins,15.00,0,0,0,0,0,0,0,0,0,0
181,AgentA wins,15.00,0,0,0,0,0,0,0,0,0,0
182,AgentA wins,23.33,0,0,0,0,0,0,0,0,0,0
183,AgentA wins,15.00,0,0,0,0,0,0,0,0,0,0
184,AgentA wins,20.00,0,0,0,0,0,0,0,0,0,0
185,AgentA wins,25.00,0,0,0,0,0,0,0,0,0,0
186,AgentA wins,23.33,0,0,0,0,0,0,0,0,0,0
187,AgentA wins,15.00,0,0,0,0,0,0,0,0,0,0
188,AgentA wins,17.00,0,0,0,0,0,0,0,0,0,0
189,AgentA wins,20.00,0,0,0,0,0,0,0,0,0,0
190,AgentA wins,20.00,0,0,0,0,0,0,0,0,0,0
121,AgentA wins,29.33,0,0,0,0,0,0,0,0,0,0
122,AgentA wins,32.00,0,0,0,0,0,0,0,0,0,0
123,AgentA wins,18.00,0,0,0,0,0,0,0,0,0,0
124,AgentB wins,27.33,0,0,0,0,0,0,0,0,0,0
125,AgentB wins,33.33,0,0,0,0,0,0,0,0,0,0
126,AgentB wins,30.33,0,0,0,0,0,0,0,0,0,0
127,AgentA wins,18.00,0,0,0,0,0,0,0,0,0,0
128,AgentA wins,37.33,0,0,0,0,0,0,0,0,0,0
129,AgentB wins,43.00,0,0,0,0,0,0,0,0,0,0
130,AgentA wins,18.00,0,0,0,0,0,0,0,0,0,0
181,AgentA wins,15.00,0,0,0,0,0,0,0,0,0,0
182,AgentA wins,19.67,0,0,0,0,0,0,0,0,0,0
183,AgentA wins,20.00,0,0,0,0,0,0,0,0,0,0
184,AgentA wins,15.00,0,0,0,0,0,0,0,0,0,0
185,AgentA wins,20.00,0,0,0,0,0,0,0,0,0,0
186,AgentA wins,15.00,0,0,0,0,0,0,0,0,0,0
187,AgentA wins,20.00,0,0,0,0,0,0,0,0,0,0
188,AgentA wins,19.67,0,0,0,0,0,0,0,0,0,0
189,AgentA wins,20.00,0,0,0,0,0,0,0,0,0,0
190,AgentA wins,20.00,0,0,0,0,0,0,0,0,0,0
121,AgentA wins,27.00,0,0,0,0,0,0,0,0,0,0
122,timeout draw,60.00,0,0,0,0,0,0,0,0,0,0
123,AgentB wins,24.00,0,0,0,0,0,0,0,0,0,0
124,AgentA wins,26.00,0,0,0,0,0,0,0,0,0,0
125,AgentA wins,15.00,0,0,0,0,0,0,0,0,0,0
126,AgentA wins,18.00,0,0,0,0,0,0,0,0,0,0
127,AgentA wins,15.00,0,0,0,0,0,0,0,0,0,0
128,AgentA wins,31.33,0,0,0,0,0,0,0,0,0,0
129,AgentB wins,44.00,0,0,0,0,0,0,0,0,0,0
130,AgentA wins,18.00,0,0,0,0,0,0,0,0,0,0
131,AgentA wins,35.00,0,0,0,0,0,0,0,0,0,0
132,AgentA wins,18.00,0,0,0,0,0,0,0,0,0,0
133,AgentA wins,15.00,0,0,0,0,0,0,0,0,0,0
134,AgentA wins,27.00,0,0,0,0,0,0,0,0,0,0
135,AgentA wins,15.00,0,0,0,0,0,0,0,0,0,0
136,AgentA wins,32.33,0,0,0,0,0,0,0,0,0,0
137,AgentA wins,15.00,0,0,0,0,0,0,0,0,0,0
138,AgentA wins,23.33,0,0,0,0,0,0,0,0,0,0
139,AgentA wins,21.67,0,0,0,0,0,0,0,0,0,0
140,AgentB wins,36.33,0,0,0,0,0,0,0,0,0,0
181,AgentA wins,20.00,0,0,0,0,0,0,0,0,0,0
182,AgentA wins,15.00,0,0,0,0,0,0,0,0,0,0
183,AgentA wins,19.67,0,0,0,0,0,0,0,0,0,0
184,AgentA wins,15.00,0,0,0,0,0,0,0,0,0,0
185,AgentA wins,19.67,0,0,0,0,0,0,0,0,0,0
186,AgentA wins,23.33,0,0,0,0,0,0,0,0,0,0
187,AgentA wins,15.00,0,0,0,0,0,0,0,0,0,0
188,AgentA wins,20.00,0,0,0,0,0,0,0,0,0,0
189,AgentA wins,19.67,0,0,0,0,0,0,0,0,0,0
190,AgentA wins,19.67,0,0,0,0,0,0,0,0,0,0
181,AgentA wins,19.67,0,0,0,0,0,0,0,0,0,0
182,AgentA wins,20.00,0,0,0,0,0,0,0,0,0,0
183,AgentA wins,19.67,0,0,0,0,0,0,0,0,0,0
184,AgentA wins,20.00,0,0,0,0,0,0,0,0,0,0
185,AgentA wins,20.00,0,0,0,0,0,0,0,0,0,0
186,AgentA wins,19.67,0,0,0,0,0,0,0,0,0,0
187,AgentA wins,15.00,0,0,0,0,0,0,0,0,0,0
188,AgentA wins,15.00,0,0,0,0,0,0,0,0,0,0
189,AgentA wins,20.00,0,0,0,0,0,0,0,0,0,0
190,AgentA wins,20.00,0,0,0,0,0,0,0,0,0,0
181,AgentA wins,20.00,0,0,0,0,0,0,0,0,0,0
182,AgentA wins,20.00,0,0,0,0,0,0,0,0,0,0
183,AgentA wins,23.33,0,0,0,0,0,0,0,0,0,0
184,AgentA wins,15.00,0,0,0,0,0,0,0,0,0,0
185,AgentA wins,23.33,0,0,0,0,0,0,0,0,0,0
186,AgentA wins,15.00,0,0,0,0,0,0,0,0,0,0
187,AgentA wins,15.00,0,0,0,0,0,0,0,0,0,0
188,AgentA wins,19.67,0,0,0,0,0,0,0,0,0,0
189,AgentA wins,17.00,0,0,0,0,0,0,0,0,0,0
190,AgentA wins,15.00,0,0,0,0,0,0,0,0,0,0
181,AgentA wins,20.00,0,0,0,0,0,0,0,0,0,0
182,AgentA wins,20.00,0,0,0,0,0,0,0,0,0,0
183,AgentA wins,15.00,0,0,0,0,0,0,0,0,0,0
184,AgentA wins,15.00,0,0,0,0,0,0,0,0,0,0
185,AgentA wins,15.00,0,0,0,0,0,0,0,0,0,0
186,AgentA wins,20.00,0,0,0,0,0,0,0,0,0,0
187,AgentA wins,19.67,0,0,0,0,0,0,0,0,0,0
188,AgentA wins,19.67,0,0,0,0,0,0,0,0,0,0
189,AgentA wins,19.67,0,0,0,0,0,0,0,0,0,0
190,AgentA wins,15.00,0,0,0,0,0,0,0,0,0,0
181,AgentA wins,20.00,0,0,0,0,0,0,0,0,0,0
182,AgentA wins,17.00,0,0,0,0,0,0,0,0,0,0
183,AgentA wins,15.00,0,0,0,0,0,0,0,0,0,0
184,AgentA wins,20.00,0,0,0,0,0,0,0,0,0,0
185,AgentA wins,20.00,0,0,0,0,0,0,0,0,0,0
186,AgentA wins,18.00,0,0,0,0,0,0,0,0,0,0
187,AgentA wins,17.00,0,0,0,0,0,0,0,0,0,0
188,AgentA wins,20.00,0,0,0,0,0,0,0,0,0,0
189,AgentA wins,20.00,0,0,0,0,0,0,0,0,0,0
190,AgentA wins,23.33,0,0,0,0,0,0,0,0,0,0
181,AgentA wins,20.00,0,0,0,0,0,0,0,0,0,0
182,AgentA wins,17.00,0,0,0,0,0,0,0,0,0,0
183,AgentA wins,18.00,0,0,0,0,0,0,0,0,0,0
184,AgentA wins,20.00,0,0,0,0,0,0,0,0,0,0
185,AgentA wins,15.00,0,0,0,0,0,0,0,0,0,0
186,AgentA wins,18.00,0,0,0,0,0,0,0,0,0,0
187,AgentA wins,15.00,0,0,0,0,0,0,0,0,0,0
188,AgentA wins,19.67,0,0,0,0,0,0,0,0,0,0
189,AgentA wins,15.00,0,0,0,0,0,0,0,0,0,0
190,AgentA wins,20.00,0,0,0,0,0,0,0,0,0,0
121,AgentA wins,23.67,0,0,0,0,0,0,0,0,0,0
122,AgentA wins,35.00,0,0,0,0,0,0,0,0,0,0
123,AgentB wins,31.00,0,0,0,0,0,0,0,0,0,0
124,AgentA wins,32.67,0,0,0,0,0,0,0,0,0,0
125,AgentA wins,24.00,0,0,0,0,0,0,0,0,0,0
126,AgentA wins,18.67,0,0,0,0,0,0,0,0,0,0
127,AgentA wins,33.00,0,0,0,0,0,0,0,0,0,0
128,AgentA wins,15.00,0,0,0,0,0,0,0,0,0,0
129,AgentA wins,18.00,0,0,0,0,0,0,0,0,0,0
130,AgentA wins,15.00,0,0,0,0,0,0,0,0,0,0
181,AgentA wins,20.00,0,0,0,0,0,0,0,0,0,0
182,AgentA wins,20.00,0,0,0,0,0,0,0,0,0,0
183,AgentA wins,20.00,0,0,0,0,0,0,0,0,0,0
184,AgentA wins,17.00,0,0,0,0,0,0,0,0,0,0
185,AgentA wins,15.00,0,0,0,0,0,0,0,0,0,0
186,AgentA wins,19.67,0,0,0,0,0,0,0,0,0,0
187,AgentA wins,20.00,0,0,0,0,0,0,0,0,0,0
188,AgentA wins,20.00,0,0,0,0,0,0,0,0,0,0
189,AgentA wins,15.00,0,0,0,0,0,0,0,0,0,0
190,AgentA wins,18.00,0,0,0,0,0,0,0,0,0,0
181,AgentA wins,20.00,0,0,0,0,0,0,0,0,0,0
182,AgentA wins,20.00,0,0,0,0,0,0,0,0,0,0
183,AgentA wins,15.00,0,0,0,0,0,0,0,0,0,0
184,AgentA wins,20.00,0,0,0,0,0,0,0,0,0,0
185,AgentA wins,20.00,0,0,0,0,0,0,0,0,0,0
186,AgentA wins,17.00,0,0,0,0,0,0,0,0,0,0
187,AgentA wins,17.00,0,0,0,0,0,0,0,0,0,0
188,AgentA wins,20.00,0,0,0,0,0,0,0,0,0,0
189,AgentA wins,15.00,0,0,0,0,0,0,0,0,0,0
190,AgentA wins,23.33,0,0,0,0,0,0,0,0,0,0
131,AgentA wins,15.00,0,0,0,0,0,0,0,0,0,0
132,AgentB wins,34.00,0,0,0,0,0,0,0,0,0,0
133,AgentA wins,26.33,0,0,0,0,0,0,0,0,0,0
134,AgentA wins,18.00,0,0,0,0,0,0,0,0,0,0
135,AgentA wins,15.00,0,0,0,0,0,0,0,0,0,0
136,AgentA wins,42.00,0,0,0,0,0,0,0,0,0,0
137,AgentA wins,15.00,0,0,0,0,0,0,0,0,0,0
138,AgentB wins,39.33,0,0,0,0,0,0,0,0,0,0
139,AgentA wins,23.67,0,0,0,0,0,0,0,0,0,0
140,AgentA wins,47.00,0,0,0,0,0,0,0,0,0,0
181,AgentA wins,15.00,0,0,0,0,0,0,0,0,0,0
182,AgentA wins,15.00,0,0,0,0,0,0,0,0,0,0
183,AgentA wins,15.00,0,0,0,0,0,0,0,0,0,0
184,AgentA wins,23.33,0,0,0,0,0,0,0,0,0,0
185,AgentA wins,19.67,0,0,0,0,0,0,0,0,0,0
186,AgentA wins,15.00,0,0,0,0,0,0,0,0,0,0
187,AgentA wins,19.67,0,0,0,0,0,0,0,0,0,0
188,AgentA wins,20.00,0,0,0,0,0,0,0,0,0,0
189,AgentA wins,20.00,0,0,0,0,0,0,0,0,0,0
190,AgentA wins,20.00,0,0,0,0,0,0,0,0,0,0
131,AgentA wins,44.00,0,0,0,0,0,0,0,0,0,0
132,AgentA wins,37.67,0,0,0,0,0,0,0,0,0,0
133,AgentA wins,31.00,0,0,0,0,0,0,0,0,0,0
134,AgentB wins,33.33,0,0,0,0,0,0,0,0,0,0
135,AgentA wins,38.00,0,0,0,0,0,0,0,0,0,0
136,AgentA wins,18.33,0,0,0,0,0,0,0,0,0,0
137,AgentA wins,18.00,0,0,0,0,0,0,0,0,0,0
138,AgentA wins,39.00,0,0,0,0,0,0,0,0,0,0
139,AgentA wins,58.67,0,0,0,0,0,0,0,0,0,0
140,AgentA wins,49.67,0,0,0,0,0,0,0,0,0,0
181,AgentA wins,15.00,0,0,0,0,0,0,0,0,0,0
182,AgentA wins,15.00,0,0,0,0,0,0,0,0,0,0
183,AgentA wins,19.67,0,0,0,0,0,0,0,0,0,0
184,AgentA wins,15.00,0,0,0,0,0,0,0,0,0,0
185,AgentA wins,20.00,0,0,0,0,0,0,0,0,0,0
186,AgentA wins,20.00,0,0,0,0,0,0,0,0,0,0
187,AgentA wins,20.00,0,0,0,0,0,0,0,0,0,0
188,AgentA wins,18.00,0,0,0,0,0,0,0,0,0,0
189,AgentA wins,19.67,0,0,0,0,0,0,0,0,0,0
190,AgentA wins,15.00,0,0,0,0,0,0,0,0,0,0
131,AgentA wins,15.00,0,0,0,0,0,0,0,0,0,0
132,AgentA wins,27.00,0,0,0,0,0,0,0,0,0,0
133,AgentA wins,27.00,0,0,0,0,0,0,0,0,0,0
134,AgentA wins,15.00,0,0,0,0,0,0,0,0,0,0
135,AgentA wins,15.00,0,0,0,0,0,0,0,0,0,0
136,AgentA wins,18.00,0,0,0,0,0,0,0,0,0,0
137,AgentA wins,37.00,0,0,0,0,0,0,0,0,0,0
138,AgentA wins,23.00,0,0,0,0,0,0,0,0,0,0
139,AgentA wins,15.00,0,0,0,0,0,0,0,0,0,0
140,AgentA wins,44.00,0,0,0,0,0,0,0,0,0,0
181,AgentA wins,15.00,0,0,0,0,0,0,0,0,0,0
182,AgentA wins,20.00,0,0,0,0,0,0,0,0,0,0
183,AgentA wins,15.00,0,0,0,0,0,0,0,0,0,0
184,AgentA wins,15.00,0,0,0,0,0,0,0,0,0,0
185,AgentA wins,19.67,0,0,0,0,0,0,0,0,0,0
186,AgentA wins,19.67,0,0,0,0,0,0,0,0,0,0
187,AgentA wins,15.00,0,0,0,0,0,0,0,0,0,0
188,AgentA wins,20.00,0,0,0,0,0,0,0,0,0,0
189,AgentA wins,20.00,0,0,0,0,0,0,0,0,0,0
190,AgentA wins,20.00,0,0,0,0,0,0,0,0,0,0
181,AgentA wins,20.00,0,0,0,0,0,0,0,0,0,0
182,AgentA wins,23.33,0,0,0,0,0,0,0,0,0,0
183,AgentA wins,20.00,0,0,0,0,0,0,0,0,0,0
184,AgentA wins,23.33,0,0,0,0,0,0,0,0,0,0
185,AgentA wins,17.00,0,0,0,0,0,0,0,0,0,0
186,AgentA wins,17.00,0,0,0,0,0,0,0,0,0,0
187,AgentA wins,23.33,0,0,0,0,0,0,0,0,0,0
188,AgentA wins,20.00,0,0,0,0,0,0,0,0,0,0
189,AgentA wins,17.00,0,0,0,0,0,0,0,0,0,0
190,AgentA wins,25.00,0,0,0,0,0,0,0,0,0,0
131,AgentB wins,32.67,0,0,0,0,0,0,0,0,0,0
132,AgentA wins,36.67,0,0,0,0,0,0,0,0,0,0
133,AgentA wins,21.67,0,0,0,0,0,0,0,0,0,0
134,AgentA wins,35.00,0,0,0,0,0,0,0,0,0,0
135,AgentA wins,29.00,0,0,0,0,0,0,0,0,0,0
136,AgentA wins,59.00,0,0,0,0,0,0,0,0,0,0
137,AgentA wins,30.00,0,0,0,0,0,0,0,0,0,0
138,AgentA wins,42.00,0,0,0,0,0,0,0,0,0,0
139,AgentA wins,21.00,0,0,0,0,0,0,0,0,0,0
140,AgentA wins,15.00,0,0,0,0,0,0,0,0,0,0
181,AgentA wins,17.00,0,0,0,0,0,0,0,0,0,0
182,AgentA wins,20.00,0,0,0,0,0,0,0,0,0,0
183,AgentA wins,20.00,0,0,0,0,0,0,0,0,0,0
184,AgentA wins,17.00,0,0,0,0,0,0,0,0,0,0
185,AgentA wins,19.67,0,0,0,0,0,0,0,0,0,0
186,AgentA wins,23.33,0,0,0,0,0,0,0,0,0,0
187,AgentA wins,20.00,0,0,0,0,0,0,0,0,0,0
188,AgentA wins,17.00,0,0,0,0,0,0,0,0,0,0
189,AgentA wins,15.00,0,0,0,0,0,0,0,0,0,0
190,AgentA wins,20.00,0,0,0,0,0,0,0,0,0,0
131,AgentA wins,15.00,0,0,0,0,0,0,0,0,0,0
132,AgentA wins,43.00,0,0,0,0,0,0,0,0,0,0
133,AgentA wins,39.33,0,0,0,0,0,0,0,0,0,0
134,AgentA wins,49.33,0,0,0,0,0,0,0,0,0,0
135,AgentA wins,24.00,0,0,0,0,0,0,0,0,0,0
136,AgentA wins,47.00,0,0,0,0,0,0,0,0,0,0
137,AgentA wins,33.00,0,0,0,0,0,0,0,0,0,0
138,AgentA wins,21.33,0,0,0,0,0,0,0,0,0,0
139,AgentA wins,18.00,0,0,0,0,0,0,0,0,0,0
140,AgentA wins,27.00,0,0,0,0,0,0,0,0,0,0
131,AgentA wins,15.00,133,135,0,82,0,102,0,24,22,30
132,AgentA wins,18.00,161,161,0,102,0,116,0,25,16,50
133,AgentA wins,15.00,139,133,0,84,0,108,0,17,21,26
134,AgentA wins,53.00,481,474,0,271,0,372,0,71,61,118
135,AgentA wins,32.00,288,286,0,166,0,232,0,40,48,52
136,AgentA wins,18.00,161,162,0,99,0,119,0,23,19,46
137,AgentA wins,21.00,191,189,0,103,0,145,0,25,27,37
138,AgentA wins,39.00,355,352,0,197,0,275,0,51,45,78
139,AgentA wins,51.00,460,462,0,262,0,352,0,72,67,122
140,AgentA wins,15.00,138,132,0,79,0,109,0,15,17,35
191,AgentA wins,20.00,0,0,0,0,0,0,0,0,0,0
192,AgentA wins,23.33,0,0,0,0,0,0,0,0,0,0
193,AgentA wins,15.00,0,0,0,0,0,0,0,0,0,0
194,AgentA wins,19.67,0,0,0,0,0,0,0,0,0,0
195,AgentA wins,19.67,0,0,0,0,0,0,0,0,0,0
196,AgentA wins,20.00,0,0,0,0,0,0,0,0,0,0
197,AgentA wins,17.00,0,0,0,0,0,0,0,0,0,0
198,AgentA wins,23.33,0,0,0,0,0,0,0,0,0,0
199,AgentA wins,20.00,0,0,0,0,0,0,0,0,0,0
200,AgentA wins,20.00,0,0,0,0,0,0,0,0,0,0
191,AgentA wins,15.00,0,0,0,0,0,0,0,0,0,0
192,AgentA wins,19.67,0,0,0,0,0,0,0,0,0,0
193,AgentA wins,20.00,0,0,0,0,0,0,0,0,0,0
194,AgentA wins,20.00,0,0,0,0,0,0,0,0,0,0
195,AgentA wins,19.67,0,0,0,0,0,0,0,0,0,0
196,AgentA wins,20.00,0,0,0,0,0,0,0,0,0,0
197,AgentA wins,23.33,0,0,0,0,0,0,0,0,0,0
198,AgentA wins,18.00,0,0,0,0,0,0,0,0,0,0
199,AgentA wins,20.00,0,0,0,0,0,0,0,0,0,0
200,AgentA wins,20.00,0,0,0,0,0,0,0,0,0,0
191,AgentA wins,20.00,0,0,0,0,0,0,0,0,0,0
192,AgentA wins,15.00,0,0,0,0,0,0,0,0,0,0
193,AgentA wins,17.00,0,0,0,0,0,0,0,0,0,0
194,AgentA wins,20.00,0,0,0,0,0,0,0,0,0,0
195,AgentA wins,23.33,0,0,0,0,0,0,0,0,0,0
196,AgentA wins,15.00,0,0,0,0,0,0,0,0,0,0
197,AgentA wins,20.00,0,0,0,0,0,0,0,0,0,0
198,AgentA wins,23.33,0,0,0,0,0,0,0,0,0,0
199,AgentA wins,20.00,0,0,0,0,0,0,0,0,0,0
200,AgentA wins,19.67,0,0,0,0,0,0,0,0,0,0
191,AgentA wins,19.67,0,0,0,0,0,0,0,0,0,0
192,AgentA wins,19.67,0,0,0,0,0,0,0,0,0,0
193,AgentA wins,17.00,0,0,0,0,0,0,0,0,0,0
194,AgentA wins,18.00,0,0,0,0,0,0,0,0,0,0
195,AgentA wins,20.00,0,0,0,0,0,0,0,0,0,0
196,AgentA wins,23.33,0,0,0,0,0,0,0,0,0,0
197,AgentA wins,23.33,0,0,0,0,0,0,0,0,0,0
198,AgentA wins,19.67,0,0,0,0,0,0,0,0,0,0
199,AgentA wins,23.33,0,0,0,0,0,0,0,0,0,0
200,AgentA wins,20.00,0,0,0,0,0,0,0,0,0,0
191,AgentA wins,20.00,0,0,0,0,0,0,0,0,0,0
192,AgentA wins,20.00,0,0,0,0,0,0,0,0,0,0
193,AgentA wins,18.00,0,0,0,0,0,0,0,0,0,0
194,AgentA wins,15.00,0,0,0,0,0,0,0,0,0,0
195,AgentA wins,15.00,0,0,0,0,0,0,0,0,0,0
196,AgentA wins,15.00,0,0,0,0,0,0,0,0,0,0
197,AgentA wins,20.00,0,0,0,0,0,0,0,0,0,0
198,AgentA wins,20.00,0,0,0,0,0,0,0,0,0,0
199,AgentA wins,19.67,0,0,0,0,0,0,0,0,0,0
200,AgentA wins,15.00,0,0,0,0,0,0,0,0,0,0
191,AgentA wins,18.00,0,0,0,0,0,0,0,0,0,0
192,AgentA wins,20.00,0,0,0,0,0,0,0,0,0,0
193,AgentA wins,15.00,0,0,0,0,0,0,0,0,0,0
194,AgentA wins,17.00,0,0,0,0,0,0,0,0,0,0
195,AgentA wins,15.00,0,0,0,0,0,0,0,0,0,0
196,AgentA wins,20.00,0,0,0,0,0,0,0,0,0,0
197,AgentA wins,19.67,0,0,0,0,0,0,0,0,0,0
198,AgentA wins,20.00,0,0,0,0,0,0,0,0,0,0
199,AgentA wins,18.00,0,0,0,0,0,0,0,0,0,0
200,AgentA wins,15.00,0,0,0,0,0,0,0,0,0,0
191,AgentA wins,20.00,0,0,0,0,0,0,0,0,0,0
192,AgentA wins,20.00,0,0,0,0,0,0,0,0,0,0
193,AgentA wins,20.00,0,0,0,0,0,0,0,0,0,0
194,AgentA wins,20.00,0,0,0,0,0,0,0,0,0,0
195,AgentA wins,15.00,0,0,0,0,0,0,0,0,0,0
196,AgentB wins,24.67,0,0,0,0,0,0,0,0,0,0
197,AgentA wins,23.33,0,0,0,0,0,0,0,0,0,0
198,AgentA wins,20.00,0,0,0,0,0,0,0,0,0,0
199,AgentA wins,23.33,0,0,0,0,0,0,0,0,0,0
200,AgentA wins,15.00,0,0,0,0,0,0,0,0,0,0
191,AgentA wins,20.00,0,0,0,0,0,0,0,0,0,0
192,AgentA wins,20.00,0,0,0,0,0,0,0,0,0,0
193,AgentA wins,17.00,0,0,0,0,0,0,0,0,0,0
194,AgentA wins,20.00,0,0,0,0,0,0,0,0,0,0
195,AgentA wins,20.00,0,0,0,0,0,0,0,0,0,0
196,AgentA wins,15.00,0,0,0,0,0,0,0,0,0,0
197,AgentA wins,20.00,0,0,0,0,0,0,0,0,0,0
198,AgentA wins,20.00,0,0,0,0,0,0,0,0,0,0
199,AgentA wins,20.00,0,0,0,0,0,0,0,0,0,0
200,AgentA wins,23.33,0,0,0,0,0,0,0,0,0,0
191,AgentA wins,20.00,0,0,0,0,0,0,0,0,0,0
192,AgentA wins,20.00,0,0,0,0,0,0,0,0,0,0
193,AgentA wins,17.00,0,0,0,0,0,0,0,0,0,0
194,AgentA wins,15.00,0,0,0,0,0,0,0,0,0,0
195,AgentA wins,15.00,0,0,0,0,0,0,0,0,0,0
196,AgentA wins,17.00,0,0,0,0,0,0,0,0,0,0
197,AgentA wins,23.33,0,0,0,0,0,0,0,0,0,0
198,AgentA wins,19.67,0,0,0,0,0,0,0,0,0,0
199,AgentA wins,20.00,0,0,0,0,0,0,0,0,0,0
200,AgentA wins,19.67,0,0,0,0,0,0,0,0,0,0
191,AgentA wins,17.00,0,0,0,0,0,0,0,0,0,0
192,AgentA wins,15.00,0,0,0,0,0,0,0,0,0,0
193,AgentA wins,23.33,0,0,0,0,0,0,0,0,0,0
194,AgentA wins,23.33,0,0,0,0,0,0,0,0,0,0
195,AgentA wins,17.00,0,0,0,0,0,0,0,0,0,0
196,AgentA wins,15.00,0,0,0,0,0,0,0,0,0,0
197,AgentA wins,20.00,0,0,0,0,0,0,0,0,0,0
198,AgentA wins,19.67,0,0,0,0,0,0,0,0,0,0
199,AgentA wins,20.00,0,0,0,0,0,0,0,0,0,0
200,AgentA wins,19.67,0,0,0,0,0,0,0,0,0,0
191,AgentA wins,17.00,0,0,0,0,0,0,0,0,0,0
192,AgentA wins,20.00,0,0,0,0,0,0,0,0,0,0
193,AgentA wins,15.00,0,0,0,0,0,0,0,0,0,0
194,AgentA wins,17.00,0,0,0,0,0,0,0,0,0,0
195,AgentA wins,20.00,0,0,0,0,0,0,0,0,0,0
196,AgentA wins,20.00,0,0,0,0,0,0,0,0,0,0
197,AgentA wins,15.00,0,0,0,0,0,0,0,0,0,0
198,AgentA wins,15.00,0,0,0,0,0,0,0,0,0,0
199,AgentA wins,17.00,0,0,0,0,0,0,0,0,0,0
200,AgentA wins,20.00,0,0,0,0,0,0,0,0,0,0
131,AgentA wins,15.00,0,0,0,0,0,0,0,0,0,0
132,AgentA wins,24.00,0,0,0,0,0,0,0,0,0,0
133,AgentA wins,26.33,0,0,0,0,0,0,0,0,0,0
134,AgentA wins,42.00,0,0,0,0,0,0,0,0,0,0
135,AgentB wins,36.33,0,0,0,0,0,0,0,0,0,0
136,AgentA wins,18.00,0,0,0,0,0,0,0,0,0,0
137,AgentA wins,47.67,0,0,0,0,0,0,0,0,0,0
138,AgentA wins,18.00,0,0,0,0,0,0,0,0,0,0
139,AgentA wins,36.33,0,0,0,0,0,0,0,0,0,0
140,AgentA wins,15.00,0,0,0,0,0,0,0,0,0,0
191,AgentA wins,15.00,0,0,0,0,0,0,0,0,0,0
192,AgentA wins,20.00,0,0,0,0,0,0,0,0,0,0
193,AgentA wins,19.67,0,0,0,0,0,0,0,0,0,0
194,AgentA wins,20.00,0,0,0,0,0,0,0,0,0,0
195,AgentA wins,20.00,0,0,0,0,0,0,0,0,0,0
196,AgentA wins,19.67,0,0,0,0,0,0,0,0,0,0
197,AgentA wins,20.00,0,0,0,0,0,0,0,0,0,0
198,AgentA wins,15.00,0,0,0,0,0,0,0,0,0,0
199,AgentA wins,19.67,0,0,0,0,0,0,0,0,0,0
200,AgentA wins,15.00,0,0,0,0,0,0,0,0,0,0
131,AgentA wins,24.00,0,0,0,0,0,0,0,0,0,0
132,AgentA wins,50.33,0,0,0,0,0,0,0,0,0,0
133,AgentA wins,44.33,0,0,0,0,0,0,0,0,0,0
134,AgentA wins,42.33,0,0,0,0,0,0,0,0,0,0
135,AgentA wins,15.00,0,0,0,0,0,0,0,0,0,0
136,AgentB wins,27.67,0,0,0,0,0,0,0,0,0,0
137,AgentA wins,26.00,0,0,0,0,0,0,0,0,0,0
138,AgentA wins,21.00,0,0,0,0,0,0,0,0,0,0
139,AgentA wins,18.67,0,0,0,0,0,0,0,0,0,0
140,AgentB wins,28.67,0,0,0,0,0,0,0,0,0,0
191,AgentA wins,19.67,0,0,0,0,0,0,0,0,0,0
192,AgentA wins,20.00,0,0,0,0,0,0,0,0,0,0
193,AgentA wins,23.33,0,0,0,0,0,0,0,0,0,0
194,AgentA wins,19.67,0,0,0,0,0,0,0,0,0,0
195,AgentA wins,19.67,0,0,0,0,0,0,0,0,0,0
196,AgentA wins,17.00,0,0,0,0,0,0,0,0,0,0
197,AgentA wins,15.00,0,0,0,0,0,0,0,0,0,0
198,AgentA wins,15.00,0,0,0,0,0,0,0,0,0,0
199,AgentA wins,20.00,0,0,0,0,0,0,0,0,0,0
200,AgentA wins,17.00,0,0,0,0,0,0,0,0,0,0
191,AgentA wins,19.67,0,0,0,0,0,0,0,0,0,0
192,AgentA wins,20.00,0,0,0,0,0,0,0,0,0,0
193,AgentA wins,17.00,0,0,0,0,0,0,0,0,0,0
194,AgentA wins,15.00,0,0,0,0,0,0,0,0,0,0
195,AgentA wins,19.67,0,0,0,0,0,0,0,0,0,0
196,AgentA wins,20.00,0,0,0,0,0,0,0,0,0,0
197,AgentA wins,20.00,0,0,0,0,0,0,0,0,0,0
198,AgentA wins,15.00,0,0,0,0,0,0,0,0,0,0
199,AgentA wins,20.00,0,0,0,0,0,0,0,0,0,0
200,AgentB wins,24.67,0,0,0,0,0,0,0,0,0,0
141,AgentA wins,18.00,0,0,0,0,0,0,0,0,0,0
142,AgentA wins,15.00,0,0,0,0,0,0,0,0,0,0
143,AgentA wins,15.00,0,0,0,0,0,0,0,0,0,0
144,AgentA wins,27.00,0,0,0,0,0,0,0,0,0,0
145,AgentA wins,15.00,0,0,0,0,0,0,0,0,0,0
146,AgentB wins,27.67,0,0,0,0,0,0,0,0,0,0
147,AgentA wins,15.00,0,0,0,0,0,0,0,0,0,0
148,AgentA wins,15.00,0,0,0,0,0,0,0,0,0,0
149,AgentA wins,15.00,0,0,0,0,0,0,0,0,0,0
150,AgentA wins,32.33,0,0,0,0,0,0,0,0,0,0
191,AgentA wins,20.00,0,0,0,0,0,0,0,0,0,0
192,AgentA wins,23.33,0,0,0,0,0,0,0,0,0,0
193,AgentA wins,15.00,0,0,0,0,0,0,0,0,0,0
194,AgentA wins,20.00,0,0,0,0,0,0,0,0,0,0
195,AgentA wins,15.00,0,0,0,0,0,0,0,0,0,0
196,AgentA wins,17.00,0,0,0,0,0,0,0,0,0,0
197,AgentA wins,15.00,0,0,0,0,0,0,0,0,0,0
198,AgentA wins,20.00,0,0,0,0,0,0,0,0,0,0
199,AgentA wins,19.67,0,0,0,0,0,0,0,0,0,0
200,AgentA wins,17.00,0,0,0,0,0,0,0,0,0,0
141,timeout draw,60.00,0,0,0,0,0,0,0,0,0,0
142,AgentA wins,23.00,0,0,0,0,0,0,0,0,0,0
143,AgentA wins,15.00,0,0,0,0,0,0,0,0,0,0
144,AgentA wins,46.33,0,0,0,0,0,0,0,0,0,0
145,AgentB wins,22.00,0,0,0,0,0,0,0,0,0,0
146,AgentA wins,21.67,0,0,0,0,0,0,0,0,0,0
147,AgentA wins,24.00,0,0,0,0,0,0,0,0,0,0
148,AgentA wins,15.00,0,0,0,0,0,0,0,0,0,0
149,AgentA wins,15.00,0,0,0,0,0,0,0,0,0,0
150,AgentA wins,15.67,0,0,0,0,0,0,0,0,0,0
141,AgentA wins,21.67,0,0,0,0,0,0,0,0,0,0
142,AgentA wins,39.00,0,0,0,0,0,0,0,0,0,0
143,AgentA wins,46.00,0,0,0,0,0,0,0,0,0,0
144,AgentA wins,31.67,0,0,0,0,0,0,0,0,0,0
145,AgentA wins,18.00,0,0,0,0,0,0,0,0,0,0
146,AgentA wins,52.33,0,0,0,0,0,0,0,0,0,0
147,AgentA wins,24.33,0,0,0,0,0,0,0,0,0,0
148,AgentA wins,30.00,0,0,0,0,0,0,0,0,0,0
149,AgentA wins,27.00,0,0,0,0,0,0,0,0,0,0
150,AgentB wins,51.00,0,0,0,0,0,0,0,0,0,0
141,AgentB wins,35.33,0,0,0,0,0,0,0,0,0,0
142,AgentB wins,36.00,0,0,0,0,0,0,0,0,0,0
143,AgentA wins,32.67,0,0,0,0,0,0,0,0,0,0
144,AgentA wins,36.00,0,0,0,0,0,0,0,0,0,0
145,AgentA wins,30.00,0,0,0,0,0,0,0,0,0,0
146,AgentA wins,15.00,0,0,0,0,0,0,0,0,0,0
147,AgentA wins,18.00,0,0,0,0,0,0,0,0,0,0
148,AgentA wins,15.00,0,0,0,0,0,0,0,0,0,0
149,AgentA wins,33.00,0,0,0,0,0,0,0,0,0,0
150,AgentA wins,21.00,0,0,0,0,0,0,0,0,0,0
131,AgentA wins,18.33,0,0,0,0,0,0,0,0,0,0
132,AgentA wins,15.00,0,0,0,0,0,0,0,0,0,0
133,AgentA wins,30.00,0,0,0,0,0,0,0,0,0,0
134,AgentA wins,21.00,0,0,0,0,0,0,0,0,0,0
135,AgentA wins,43.33,0,0,0,0,0,0,0,0,0,0
136,AgentB wins,34.33,0,0,0,0,0,0,0,0,0,0
137,AgentA wins,36.33,0,0,0,0,0,0,0,0,0,0
138,AgentA wins,40.67,0,0,0,0,0,0,0,0,0,0
139,AgentA wins,33.00,0,0,0,0,0,0,0,0,0,0
140,AgentA wins,27.00,0,0,0,0,0,0,0,0,0,0
201,AgentA wins,23.33,0,0,0,0,0,0,0,0,0,0
202,AgentA wins,15.00,0,0,0,0,0,0,0,0,0,0
203,AgentA wins,19.67,0,0,0,0,0,0,0,0,0,0
204,AgentA wins,20.00,0,0,0,0,0,0,0,0,0,0
205,AgentA wins,19.67,0,0,0,0,0,0,0,0,0,0
206,AgentA wins,15.00,0,0,0,0,0,0,0,0,0,0
207,AgentA wins,23.33,0,0,0,0,0,0,0,0,0,0
208,AgentA wins,15.00,0,0,0,0,0,0,0,0,0,0
209,AgentA wins,20.00,0,0,0,0,0,0,0,0,0,0
210,AgentA wins,15.00,0,0,0,0,0,0,0,0,0,0
141,AgentA wins,18.00,0,0,0,0,0,0,0,0,0,0
142,AgentA wins,29.33,0,0,0,0,0,0,0,0,0,0
143,AgentA wins,45.33,0,0,0,0,0,0,0,0,0,0
144,AgentB wins,56.00,0,0,0,0,0,0,0,0,0,0
145,AgentA wins,21.00,0,0,0,0,0,0,0,0,0,0
146,AgentA wins,29.67,0,0,0,0,0,0,0,0,0,0
147,AgentA wins,15.00,0,0,0,0,0,0,0,0,0,0
148,AgentA wins,24.67,0,0,0,0,0,0,0,0,0,0
149,AgentA wins,15.00,0,0,0,0,0,0,0,0,0,0
150,AgentA wins,18.00,0,0,0,0,0,0,0,0,0,0
141,AgentA wins,18.00,0,0,0,0,0,0,0,0,0,0
142,AgentA wins,38.33,0,0,0,0,0,0,0,0,0,0
143,AgentA wins,18.33,0,0,0,0,0,0,0,0,0,0
144,AgentA wins,15.67,0,0,0,0,0,0,0,0,0,0
145,AgentA wins,29.67,0,0,0,0,0,0,0,0,0,0
146,AgentA wins,18.67,0,0,0,0,0,0,0,0,0,0
147,AgentA wins,23.67,0,0,0,0,0,0,0,0,0,0
148,AgentA wins,24.00,0,0,0,0,0,0,0,0,0,0
149,AgentA wins,23.00,0,0,0,0,0,0,0,0,0,0
150,AgentA wins,24.67,0,0,0,0,0,0,0,0,0,0
201,AgentA wins,23.33,0,0,0,0,0,0,0,0,0,0
202,AgentA wins,23.33,0,0,0,0,0,0,0,0,0,0
203,AgentA wins,20.00,0,0,0,0,0,0,0,0,0,0
204,AgentA wins,20.00,0,0,0,0,0,0,0,0,0,0
205,AgentA wins,19.67,0,0,0,0,0,0,0,0,0,0
206,AgentB wins,24.67,0,0,0,0,0,0,0,0,0,0
207,AgentA wins,15.00,0,0,0,0,0,0,0,0,0,0
208,AgentA wins,23.33,0,0,0,0,0,0,0,0,0,0
209,AgentB wins,24.67,0,0,0,0,0,0,0,0,0,0
210,AgentB wins,24.67,0,0,0,0,0,0,0,0,0,0
201,AgentA wins,20.00,0,0,0,0,0,0,0,0,0,0
202,AgentA wins,20.00,0,0,0,0,0,0,0,0,0,0
203,AgentA wins,15.00,0,0,0,0,0,0,0,0,0,0
204,AgentA wins,23.33,0,0,0,0,0,0,0,0,0,0
205,AgentA wins,19.67,0,0,0,0,0,0,0,0,0,0
206,AgentA wins,19.67,0,0,0,0,0,0,0,0,0,0
207,AgentA wins,15.00,0,0,0,0,0,0,0,0,0,0
208,AgentA wins,20.00,0,0,0,0,0,0,0,0,0,0
209,AgentA wins,23.33,0,0,0,0,0,0,0,0,0,0
210,AgentB wins,24.67,0,0,0,0,0,0,0,0,0,0
201,AgentA wins,15.00,0,0,0,0,0,0,0,0,0,0
202,AgentA wins,20.00,0,0,0,0,0,0,0,0,0,0
203,AgentA wins,20.00,0,0,0,0,0,0,0,0,0,0
204,AgentA wins,19.67,0,0,0,0,0,0,0,0,0,0
205,AgentA wins,20.00,0,0,0,0,0,0,0,0,0,0
206,AgentA wins,19.67,0,0,0,0,0,0,0,0,0,0
207,AgentA wins,19.67,0,0,0,0,0,0,0,0,0,0
208,AgentA wins,19.67,0,0,0,0,0,0,0,0,0,0
209,AgentB wins,24.67,0,0,0,0,0,0,0,0,0,0
210,AgentA wins,25.00,0,0,0,0,0,0,0,0,0,0
141,AgentA wins,18.00,163,160,0,92,0,129,0,23,19,37
142,AgentA wins,18.00,160,164,0,89,0,132,0,22,30,37
143,AgentA wins,15.00,136,137,0,84,0,106,0,25,25,29
144,AgentA wins,15.67,139,136,0,85,0,107,0,22,19,35
145,AgentA wins,45.33,408,407,0,237,0,327,0,52,65,69
146,AgentA wins,21.00,192,189,0,119,0,156,0,26,27,41
147,AgentA wins,35.33,318,317,0,180,0,251,0,44,56,55
148,AgentA wins,15.00,134,133,0,78,0,103,0,21,32,21
149,AgentB wins,37.67,340,335,0,190,0,273,0,50,71,56
150,AgentB wins,36.67,328,327,1,164,0,266,0,38,86,40
201,AgentB wins,24.67,0,0,0,0,0,0,0,0,0,0
202,AgentA wins,20.00,0,0,0,0,0,0,0,0,0,0
203,AgentA wins,15.00,0,0,0,0,0,0,0,0,0,0
204,AgentA wins,25.00,0,0,0,0,0,0,0,0,0,0
205,AgentA wins,19.67,0,0,0,0,0,0,0,0,0,0
206,AgentA wins,20.00,0,0,0,0,0,0,0,0,0,0
207,AgentA wins,15.00,0,0,0,0,0,0,0,0,0,0
208,AgentA wins,15.00,0,0,0,0,0,0,0,0,0,0
209,AgentA wins,20.00,0,0,0,0,0,0,0,0,0,0
210,AgentA wins,15.00,0,0,0,0,0,0,0,0,0,0
201,AgentB wins,24.67,0,0,0,0,0,0,0,0,0,0
202,AgentA wins,17.00,0,0,0,0,0,0,0,0,0,0
203,AgentA wins,20.00,0,0,0,0,0,0,0,0,0,0
204,AgentA wins,20.00,0,0,0,0,0,0,0,0,0,0
205,AgentA wins,15.00,0,0,0,0,0,0,0,0,0,0
206,AgentA wins,20.00,0,0,0,0,0,0,0,0,0,0
207,AgentA wins,20.00,0,0,0,0,0,0,0,0,0,0
208,AgentA wins,20.00,0,0,0,0,0,0,0,0,0,0
209,AgentB wins,24.67,0,0,0,0,0,0,0,0,0,0
210,AgentB wins,24.67,0,0,0,0,0,0,0,0,0,0
201,AgentA wins,20.00,0,0,0,0,0,0,0,0,0,0
202,AgentA wins,17.00,0,0,0,0,0,0,0,0,0,0
203,AgentA wins,19.67,0,0,0,0,0,0,0,0,0,0
204,AgentA wins,25.00,0,0,0,0,0,0,0,0,0,0
205,AgentA wins,19.67,0,0,0,0,0,0,0,0,0,0
206,AgentA wins,15.00,0,0,0,0,0,0,0,0,0,0
207,AgentB wins,24.67,0,0,0,0,0,0,0,0,0,0
208,AgentA wins,25.00,0,0,0,0,0,0,0,0,0,0
209,AgentA wins,23.33,0,0,0,0,0,0,0,0,0,0
210,AgentA wins,20.00,0,0,0,0,0,0,0,0,0,0
201,AgentA wins,25.00,0,0,0,0,0,0,0,0,0,0
202,AgentA wins,19.67,0,0,0,0,0,0,0,0,0,0
203,AgentA wins,19.67,0,0,0,0,0,0,0,0,0,0
204,AgentA wins,25.00,0,0,0,0,0,0,0,0,0,0
205,AgentA wins,15.00,0,0,0,0,0,0,0,0,0,0
206,AgentA wins,19.67,0,0,0,0,0,0,0,0,0,0
207,AgentA wins,23.33,0,0,0,0,0,0,0,0,0,0
208,AgentA wins,25.00,0,0,0,0,0,0,0,0,0,0
209,AgentA wins,20.00,0,0,0,0,0,0,0,0,0,0
210,AgentA wins,20.00,0,0,0,0,0,0,0,0,0,0
201,AgentA wins,19.67,0,0,0,0,0,0,0,0,0,0
202,AgentA wins,20.00,0,0,0,0,0,0,0,0,0,0
203,AgentA wins,19.67,0,0,0,0,0,0,0,0,0,0
204,AgentA wins,15.00,0,0,0,0,0,0,0,0,0,0
205,AgentA wins,19.67,0,0,0,0,0,0,0,0,0,0
206,AgentA wins,15.00,0,0,0,0,0,0,0,0,0,0
207,AgentA wins,20.00,0,0,0,0,0,0,0,0,0,0
208,AgentA wins,17.00,0,0,0,0,0,0,0,0,0,0
209,AgentA wins,20.00,0,0,0,0,0,0,0,0,0,0
210,AgentA wins,19.67,0,0,0,0,0,0,0,0,0,0
201,AgentA wins,19.67,0,0,0,0,0,0,0,0,0,0
202,AgentA wins,19.67,0,0,0,0,0,0,0,0,0,0
203,AgentA wins,15.00,0,0,0,0,0,0,0,0,0,0
204,AgentA wins,18.00,0,0,0,0,0,0,0,0,0,0
205,AgentA wins,19.67,0,0,0,0,0,0,0,0,0,0
206,AgentA wins,15.00,0,0,0,0,0,0,0,0,0,0
207,AgentA wins,19.67,0,0,0,0,0,0,0,0,0,0
208,AgentB wins,24.67,0,0,0,0,0,0,0,0,0,0
209,AgentA wins,20.00,0,0,0,0,0,0,0,0,0,0
210,AgentA wins,20.00,0,0,0,0,0,0,0,0,0,0
201,AgentA wins,20.00,0,0,0,0,0,0,0,0,0,0
202,AgentA wins,20.00,0,0,0,0,0,0,0,0,0,0
203,AgentA wins,19.67,0,0,0,0,0,0,0,0,0,0
204,AgentA wins,19.67,0,0,0,0,0,0,0,0,0,0
205,AgentA wins,20.00,0,0,0,0,0,0,0,0,0,0
206,AgentA wins,17.00,0,0,0,0,0,0,0,0,0,0
207,AgentA wins,20.00,0,0,0,0,0,0,0,0,0,0
208,AgentA wins,17.00,0,0,0,0,0,0,0,0,0,0
209,AgentB wins,24.67,0,0,0,0,0,0,0,0,0,0
210,AgentA wins,23.33,0,0,0,0,0,0,0,0,0,0
201,AgentA wins,19.67,0,0,0,0,0,0,0,0,0,0
202,AgentA wins,20.00,0,0,0,0,0,0,0,0,0,0
203,AgentA wins,17.00,0,0,0,0,0,0,0,0,0,0
204,AgentB wins,24.67,0,0,0,0,0,0,0,0,0,0
205,AgentA wins,25.00,0,0,0,0,0,0,0,0,0,0
206,AgentA wins,23.33,0,0,0,0,0,0,0,0,0,0
207,AgentB wins,24.67,0,0,0,0,0,0,0,0,0,0
208,AgentA wins,23.33,0,0,0,0,0,0,0,0,0,0
209,AgentA wins,20.00,0,0,0,0,0,0,0,0,0,0
210,AgentA wins,20.00,0,0,0,0,0,0,0,0,0,0
201,AgentA wins,18.00,0,0,0,0,0,0,0,0,0,0
202,AgentA wins,19.67,0,0,0,0,0,0,0,0,0,0
203,AgentA wins,20.00,0,0,0,0,0,0,0,0,0,0
204,AgentA wins,19.67,0,0,0,0,0,0,0,0,0,0
205,AgentA wins,20.00,0,0,0,0,0,0,0,0,0,0
206,AgentA wins,19.67,0,0,0,0,0,0,0,0,0,0
207,AgentA wins,19.67,0,0,0,0,0,0,0,0,0,0
208,AgentA wins,25.00,0,0,0,0,0,0,0,0,0,0
209,AgentA wins,20.00,0,0,0,0,0,0,0,0,0,0
210,AgentA wins,19.67,0,0,0,0,0,0,0,0,0,0
201,AgentA wins,17.00,0,0,0,0,0,0,0,0,0,0
202,AgentA wins,19.67,0,0,0,0,0,0,0,0,0,0
203,AgentA wins,19.67,0,0,0,0,0,0,0,0,0,0
204,AgentA wins,25.00,0,0,0,0,0,0,0,0,0,0
205,AgentA wins,19.67,0,0,0,0,0,0,0,0,0,0
206,AgentA wins,23.33,0,0,0,0,0,0,0,0,0,0
207,AgentA wins,25.00,0,0,0,0,0,0,0,0,0,0
208,AgentA wins,19.67,0,0,0,0,0,0,0,0,0,0
209,AgentB wins,24.67,0,0,0,0,0,0,0,0,0,0
210,AgentA wins,17.00,0,0,0,0,0,0,0,0,0,0
141,AgentA wins,15.00,0,0,0,0,0,0,0,0,0,0
142,AgentB wins,32.33,0,0,0,0,0,0,0,0,0,0
143,AgentA wins,35.33,0,0,0,0,0,0,0,0,0,0
144,AgentA wins,21.00,0,0,0,0,0,0,0,0,0,0
145,AgentA wins,18.33,0,0,0,0,0,0,0,0,0,0
146,AgentA wins,27.33,0,0,0,0,0,0,0,0,0,0
147,AgentA wins,34.67,0,0,0,0,0,0,0,0,0,0
148,AgentA wins,27.00,0,0,0,0,0,0,0,0,0,0
149,AgentA wins,32.33,0,0,0,0,0,0,0,0,0,0
150,AgentA wins,15.00,0,0,0,0,0,0,0,0,0,0
201,AgentA wins,20.00,0,0,0,0,0,0,0,0,0,0
202,AgentA wins,19.67,0,0,0,0,0,0,0,0,0,0
203,AgentA wins,25.00,0,0,0,0,0,0,0,0,0,0
204,AgentA wins,19.67,0,0,0,0,0,0,0,0,0,0
205,AgentA wins,20.00,0,0,0,0,0,0,0,0,0,0
206,AgentB wins,24.67,0,0,0,0,0,0,0,0,0,0
207,AgentA wins,19.67,0,0,0,0,0,0,0,0,0,0
208,AgentA wins,15.00,0,0,0,0,0,0,0,0,0,0
209,AgentA wins,20.00,0,0,0,0,0,0,0,0,0,0
210,AgentB wins,24.67,0,0,0,0,0,0,0,0,0,0
141,AgentA wins,32.67,0,0,0,0,0,0,0,0,0,0
142,AgentB wins,40.67,0,0,0,0,0,0,0,0,0,0
143,AgentB wins,26.00,0,0,0,0,0,0,0,0,0,0
144,AgentA wins,21.00,0,0,0,0,0,0,0,0,0,0
145,AgentA wins,24.00,0,0,0,0,0,0,0,0,0,0
146,AgentA wins,39.33,0,0,0,0,0,0,0,0,0,0
147,AgentA wins,27.00,0,0,0,0,0,0,0,0,0,0
148,AgentA wins,15.00,0,0,0,0,0,0,0,0,0,0
149,AgentA wins,23.00,0,0,0,0,0,0,0,0,0,0
150,AgentA wins,28.33,0,0,0,0,0,0,0,0,0,0
211,AgentA wins,15.00,0,0,0,0,0,0,0,0,0,0
212,AgentA wins,19.67,0,0,0,0,0,0,0,0,0,0
213,AgentA wins,20.00,0,0,0,0,0,0,0,0,0,0
214,AgentA wins,19.67,0,0,0,0,0,0,0,0,0,0
215,AgentA wins,19.67,0,0,0,0,0,0,0,0,0,0
216,AgentA wins,20.00,0,0,0,0,0,0,0,0,0,0
217,AgentA wins,17.00,0,0,0,0,0,0,0,0,0,0
218,AgentB wins,24.67,0,0,0,0,0,0,0,0,0,0
219,AgentB wins,24.67,0,0,0,0,0,0,0,0,0,0
220,AgentA wins,20.00,0,0,0,0,0,0,0,0,0,0
151,AgentA wins,20.00,0,0,0,0,0,0,0,0,0,0
152,AgentA wins,15.00,0,0,0,0,0,0,0,0,0,0
153,AgentA wins,26.67,0,0,0,0,0,0,0,0,0,0
154,AgentA wins,15.67,0,0,0,0,0,0,0,0,0,0
155,AgentA wins,28.67,0,0,0,0,0,0,0,0,0,0
156,AgentA wins,25.67,0,0,0,0,0,0,0,0,0,0
157,AgentA wins,41.33,0,0,0,0,0,0,0,0,0,0
158,AgentA wins,28.67,0,0,0,0,0,0,0,0,0,0
159,AgentA wins,15.00,0,0,0,0,0,0,0,0,0,0
160,AgentA wins,29.67,0,0,0,0,0,0,0,0,0,0
151,AgentA wins,37.67,0,0,0,0,0,0,0,0,0,0
152,AgentA wins,44.00,0,0,0,0,0,0,0,0,0,0
153,AgentB wins,21.67,0,0,0,0,0,0,0,0,0,0
154,AgentA wins,31.67,0,0,0,0,0,0,0,0,0,0
155,AgentA wins,20.67,0,0,0,0,0,0,0,0,0,0
156,AgentA wins,36.67,0,0,0,0,0,0,0,0,0,0
157,AgentA wins,15.67,0,0,0,0,0,0,0,0,0,0
158,AgentA wins,27.00,0,0,0,0,0,0,0,0,0,0
159,AgentB wins,43.33,0,0,0,0,0,0,0,0,0,0
160,AgentA wins,18.00,0,0,0,0,0,0,0,0,0,0
211,AgentA wins,25.00,0,0,0,0,0,0,0,0,0,0
212,AgentA wins,17.00,0,0,0,0,0,0,0,0,0,0
213,AgentA wins,20.00,0,0,0,0,0,0,0,0,0,0
214,AgentA wins,25.00,0,0,0,0,0,0,0,0,0,0
215,AgentA wins,15.00,0,0,0,0,0,0,0,0,0,0
216,AgentA wins,19.67,0,0,0,0,0,0,0,0,0,0
217,AgentA wins,15.00,0,0,0,0,0,0,0,0,0,0
218,AgentA wins,15.00,0,0,0,0,0,0,0,0,0,0
219,AgentA wins,15.00,0,0,0,0,0,0,0,0,0,0
220,AgentA wins,20.00,0,0,0,0,0,0,0,0,0,0
211,AgentA wins,19.67,0,0,0,0,0,0,0,0,0,0
212,AgentA wins,20.00,0,0,0,0,0,0,0,0,0,0
213,AgentA wins,20.00,0,0,0,0,0,0,0,0,0,0
214,AgentA wins,17.00,0,0,0,0,0,0,0,0,0,0
215,AgentA wins,15.00,0,0,0,0,0,0,0,0,0,0
216,AgentA wins,19.67,0,0,0,0,0,0,0,0,0,0
217,AgentA wins,19.67,0,0,0,0,0,0,0,0,0,0
218,AgentA wins,19.67,0,0,0,0,0,0,0,0,0,0
219,AgentA wins,20.00,0,0,0,0,0,0,0,0,0,0
220,AgentA wins,15.00,0,0,0,0,0,0,0,0,0,0
151,AgentA wins,24.00,0,0,0,0,0,0,0,0,0,0
152,AgentB wins,21.67,0,0,0,0,0,0,0,0,0,0
153,AgentA wins,18.67,0,0,0,0,0,0,0,0,0,0
154,AgentA wins,36.00,0,0,0,0,0,0,0,0,0,0
155,AgentA wins,15.00,0,0,0,0,0,0,0,0,0,0
156,AgentA wins,15.00,0,0,0,0,0,0,0,0,0,0
157,AgentA wins,15.00,0,0,0,0,0,0,0,0,0,0
158,AgentB wins,39.33,0,0,0,0,0,0,0,0,0,0
159,AgentA wins,26.00,0,0,0,0,0,0,0,0,0,0
160,AgentA wins,15.00,0,0,0,0,0,0,0,0,0,0
141,AgentA wins,15.00,0,0,0,0,0,0,0,0,0,0
142,AgentA wins,30.00,0,0,0,0,0,0,0,0,0,0
143,AgentB wins,37.67,0,0,0,0,0,0,0,0,0,0
144,AgentA wins,27.33,0,0,0,0,0,0,0,0,0,0
145,AgentA wins,18.00,0,0,0,0,0,0,0,0,0,0
146,AgentA wins,34.33,0,0,0,0,0,0,0,0,0,0
147,AgentA wins,18.00,0,0,0,0,0,0,0,0,0,0
148,AgentB wins,41.00,0,0,0,0,0,0,0,0,0,0
149,AgentA wins,37.67,0,0,0,0,0,0,0,0,0,0
150,AgentA wins,15.00,0,0,0,0,0,0,0,0,0,0
211,AgentA wins,19.67,0,0,0,0,0,0,0,0,0,0
212,AgentA wins,19.67,0,0,0,0,0,0,0,0,0,0
213,AgentA wins,15.00,0,0,0,0,0,0,0,0,0,0
214,AgentA wins,20.00,0,0,0,0,0,0,0,0,0,0
215,AgentA wins,19.67,0,0,0,0,0,0,0,0,0,0
216,AgentA wins,20.00,0,0,0,0,0,0,0,0,0,0
217,AgentA wins,25.00,0,0,0,0,0,0,0,0,0,0
218,AgentB wins,24.67,0,0,0,0,0,0,0,0,0,0
219,AgentB wins,24.67,0,0,0,0,0,0,0,0,0,0
220,AgentA wins,15.00,0,0,0,0,0,0,0,0,0,0
211,AgentA wins,20.00,0,0,0,0,0,0,0,0,0,0
212,AgentA wins,19.67,0,0,0,0,0,0,0,0,0,0
213,AgentA wins,20.00,0,0,0,0,0,0,0,0,0,0
214,AgentA wins,20.00,0,0,0,0,0,0,0,0,0,0
215,AgentA wins,19.67,0,0,0,0,0,0,0,0,0,0
216,AgentA wins,17.00,0,0,0,0,0,0,0,0,0,0
217,AgentA wins,15.00,0,0,0,0,0,0,0,0,0,0
218,AgentB wins,24.67,0,0,0,0,0,0,0,0,0,0
219,AgentA wins,15.00,0,0,0,0,0,0,0,0,0,0
220,AgentA wins,20.00,0,0,0,0,0,0,0,0,0,0
211,AgentA wins,15.00,0,0,0,0,0,0,0,0,0,0
212,AgentA wins,20.00,0,0,0,0,0,0,0,0,0,0
213,AgentA wins,19.67,0,0,0,0,0,0,0,0,0,0
214,AgentA wins,20.00,0,0,0,0,0,0,0,0,0,0
215,AgentA wins,17.00,0,0,0,0,0,0,0,0,0,0
216,AgentA wins,19.67,0,0,0,0,0,0,0,0,0,0
217,AgentA wins,19.67,0,0,0,0,0,0,0,0,0,0
218,AgentA wins,19.67,0,0,0,0,0,0,0,0,0,0
219,AgentA wins,20.00,0,0,0,0,0,0,0,0,0,0
220,AgentA wins,23.33,0,0,0,0,0,0,0,0,0,0
211,AgentB wins,24.67,0,0,0,0,0,0,0,0,0,0
212,AgentA wins,20.00,0,0,0,0,0,0,0,0,0,0
213,AgentA wins,15.00,0,0,0,0,0,0,0,0,0,0
214,AgentA wins,23.33,0,0,0,0,0,0,0,0,0,0
215,AgentA wins,19.67,0,0,0,0,0,0,0,0,0,0
216,AgentA wins,20.00,0,0,0,0,0,0,0,0,0,0
217,AgentA wins,15.00,0,0,0,0,0,0,0,0,0,0
218,AgentA wins,19.67,0,0,0,0,0,0,0,0,0,0
219,AgentA wins,17.00,0,0,0,0,0,0,0,0,0,0
220,AgentA wins,19.67,0,0,0,0,0,0,0,0,0,0
151,AgentA wins,29.33,0,0,0,0,0,0,0,0,0,0
152,AgentA wins,15.00,0,0,0,0,0,0,0,0,0,0
153,AgentA wins,29.67,0,0,0,0,0,0,0,0,0,0
154,AgentA wins,28.33,0,0,0,0,0,0,0,0,0,0
155,AgentA wins,18.00,0,0,0,0,0,0,0,0,0,0
156,AgentA wins,37.00,0,0,0,0,0,0,0,0,0,0
157,AgentA wins,31.67,0,0,0,0,0,0,0,0,0,0
158,AgentA wins,33.00,0,0,0,0,0,0,0,0,0,0
159,AgentA wins,18.00,0,0,0,0,0,0,0,0,0,0
160,AgentA wins,53.33,0,0,0,0,0,0,0,0,0,0
211,AgentA wins,19.67,0,0,0,0,0,0,0,0,0,0
212,AgentA wins,19.67,0,0,0,0,0,0,0,0,0,0
213,AgentA wins,15.00,0,0,0,0,0,0,0,0,0,0
214,AgentA wins,20.00,0,0,0,0,0,0,0,0,0,0
215,AgentA wins,19.67,0,0,0,0,0,0,0,0,0,0
216,AgentA wins,20.00,0,0,0,0,0,0,0,0,0,0
217,AgentA wins,20.00,0,0,0,0,0,0,0,0,0,0
218,AgentA wins,17.00,0,0,0,0,0,0,0,0,0,0
219,AgentA wins,17.00,0,0,0,0,0,0,0,0,0,0
220,AgentA wins,23.33,0,0,0,0,0,0,0,0,0,0
151,AgentA wins,31.67,0,0,0,0,0,0,0,0,0,0
152,AgentA wins,32.33,0,0,0,0,0,0,0,0,0,0
153,AgentA wins,15.00,0,0,0,0,0,0,0,0,0,0
154,AgentA wins,26.33,0,0,0,0,0,0,0,0,0,0
155,AgentB wins,18.67,0,0,0,0,0,0,0,0,0,0
156,AgentB wins,31.00,0,0,0,0,0,0,0,0,0,0
157,AgentA wins,44.00,0,0,0,0,0,0,0,0,0,0
158,AgentA wins,21.00,0,0,0,0,0,0,0,0,0,0
159,AgentA wins,40.67,0,0,0,0,0,0,0,0,0,0
160,AgentB wins,39.00,0,0,0,0,0,0,0,0,0,0
211,AgentA wins,17.00,0,0,0,0,0,0,0,0,0,0
212,AgentA wins,20.00,0,0,0,0,0,0,0,0,0,0
213,AgentA wins,19.67,0,0,0,0,0,0,0,0,0,0
214,AgentA wins,17.00,0,0,0,0,0,0,0,0,0,0
215,AgentA wins,17.00,0,0,0,0,0,0,0,0,0,0
216,AgentA wins,19.67,0,0,0,0,0,0,0,0,0,0
217,AgentA wins,20.00,0,0,0,0,0,0,0,0,0,0
218,AgentA wins,17.00,0,0,0,0,0,0,0,0,0,0
219,AgentA wins,20.00,0,0,0,0,0,0,0,0,0,0
220,AgentA wins,19.67,0,0,0,0,0,0,0,0,0,0
211,AgentA wins,20.00,0,0,0,0,0,0,0,0,0,0
212,AgentA wins,20.00,0,0,0,0,0,0,0,0,0,0
213,AgentA wins,20.00,0,0,0,0,0,0,0,0,0,0
214,AgentA wins,25.00,0,0,0,0,0,0,0,0,0,0
215,AgentA wins,20.00,0,0,0,0,0,0,0,0,0,0
216,AgentA wins,20.00,0,0,0,0,0,0,0,0,0,0
217,AgentA wins,15.00,0,0,0,0,0,0,0,0,0,0
218,AgentA wins,19.67,0,0,0,0,0,0,0,0,0,0
219,AgentA wins,19.67,0,0,0,0,0,0,0,0,0,0
220,AgentA wins,15.00,0,0,0,0,0,0,0,0,0,0
151,AgentA wins,33.00,0,0,0,0,0,0,0,0,0,0
152,AgentA wins,30.00,0,0,0,0,0,0,0,0,0,0
153,AgentA wins,50.33,0,0,0,0,0,0,0,0,0,0
154,AgentA wins,27.00,0,0,0,0,0,0,0,0,0,0
155,AgentB wins,52.00,0,0,0,0,0,0,0,0,0,0
156,AgentA wins,15.00,0,0,0,0,0,0,0,0,0,0
157,AgentA wins,15.00,0,0,0,0,0,0,0,0,0,0
158,AgentA wins,28.33,0,0,0,0,0,0,0,0,0,0
159,AgentA wins,15.00,0,0,0,0,0,0,0,0,0,0
160,AgentB wins,28.67,0,0,0,0,0,0,0,0,0,0
211,AgentA wins,15.00,0,0,0,0,0,0,0,0,0,0
212,AgentA wins,25.00,0,0,0,0,0,0,0,0,0,0
213,AgentA wins,23.33,0,0,0,0,0,0,0,0,0,0
214,AgentA wins,15.00,0,0,0,0,0,0,0,0,0,0
215,AgentA wins,15.00,0,0,0,0,0,0,0,0,0,0
216,AgentA wins,20.00,0,0,0,0,0,0,0,0,0,0
217,AgentA wins,15.00,0,0,0,0,0,0,0,0,0,0
218,AgentA wins,15.00,0,0,0,0,0,0,0,0,0,0
219,AgentA wins,20.00,0,0,0,0,0,0,0,0,0,0
220,AgentA wins,17.00,0,0,0,0,0,0,0,0,0,0
151,AgentA wins,18.00,161,160,0,79,0,130,0,20,44,18
152,AgentA wins,38.00,344,344,0,185,0,276,0,45,66,62
153,AgentA wins,15.00,135,140,0,85,0,114,0,20,20,27
154,AgentA wins,18.00,164,167,0,93,0,130,0,22,37,27
155,AgentA wins,18.00,156,160,0,95,0,136,0,21,38,27
156,AgentA wins,26.00,234,235,0,131,0,188,0,34,46,41
157,AgentA wins,18.00,160,162,0,100,0,130,0,28,30,32
158,AgentA wins,24.00,218,215,0,130,0,182,0,27,39,32
159,AgentA wins,15.00,136,137,0,80,0,101,0,17,18,30
160,AgentB wins,47.33,427,427,0,235,0,334,0,67,82,86
211,AgentB wins,24.67,0,0,0,0,0,0,0,0,0,0
212,AgentB wins,24.67,0,0,0,0,0,0,0,0,0,0
213,AgentA wins,19.67,0,0,0,0,0,0,0,0,0,0
214,AgentA wins,23.33,0,0,0,0,0,0,0,0,0,0
215,AgentA wins,19.67,0,0,0,0,0,0,0,0,0,0
216,AgentA wins,19.67,0,0,0,0,0,0,0,0,0,0
217,AgentA wins,15.00,0,0,0,0,0,0,0,0,0,0
218,AgentA wins,15.00,0,0,0,0,0,0,0,0,0,0
219,AgentA wins,20.00,0,0,0,0,0,0,0,0,0,0
220,AgentA wins,20.00,0,0,0,0,0,0,0,0,0,0
211,AgentA wins,17.00,0,0,0,0,0,0,0,0,0,0
212,AgentA wins,20.00,0,0,0,0,0,0,0,0,0,0
213,AgentA wins,15.00,0,0,0,0,0,0,0,0,0,0
214,AgentA wins,25.00,0,0,0,0,0,0,0,0,0,0
215,AgentA wins,20.00,0,0,0,0,0,0,0,0,0,0
216,AgentA wins,20.00,0,0,0,0,0,0,0,0,0,0
217,AgentB wins,24.67,0,0,0,0,0,0,0,0,0,0
218,AgentA wins,15.00,0,0,0,0,0,0,0,0,0,0
219,AgentA wins,20.00,0,0,0,0,0,0,0,0,0,0
220,AgentA wins,20.00,0,0,0,0,0,0,0,0,0,0
211,AgentB wins,24.67,0,0,0,0,0,0,0,0,0,0
212,AgentA wins,19.67,0,0,0,0,0,0,0,0,0,0
213,AgentA wins,19.67,0,0,0,0,0,0,0,0,0,0
214,AgentA wins,20.00,0,0,0,0,0,0,0,0,0,0
215,AgentA wins,20.00,0,0,0,0,0,0,0,0,0,0
216,AgentA wins,25.00,0,0,0,0,0,0,0,0,0,0
217,AgentB wins,24.67,0,0,0,0,0,0,0,0,0,0
218,AgentA wins,20.00,0,0,0,0,0,0,0,0,0,0
219,AgentA wins,15.00,0,0,0,0,0,0,0,0,0,0
220,AgentA wins,20.00,0,0,0,0,0,0,0,0,0,0
211,AgentA wins,15.00,0,0,0,0,0,0,0,0,0,0
212,AgentA wins,17.00,0,0,0,0,0,0,0,0,0,0
213,AgentA wins,20.00,0,0,0,0,0,0,0,0,0,0
214,AgentA wins,19.67,0,0,0,0,0,0,0,0,0,0
215,AgentA wins,15.00,0,0,0,0,0,0,0,0,0,0
216,AgentA wins,23.33,0,0,0,0,0,0,0,0,0,0
217,AgentA wins,20.00,0,0,0,0,0,0,0,0,0,0
218,AgentA wins,19.67,0,0,0,0,0,0,0,0,0,0
219,AgentA wins,20.00,0,0,0,0,0,0,0,0,0,0
220,AgentA wins,20.00,0,0,0,0,0,0,0,0,0,0
221,AgentA wins,20.00,0,0,0,0,0,0,0,0,0,0
222,AgentA wins,19.67,0,0,0,0,0,0,0,0,0,0
223,AgentA wins,20.00,0,0,0,0,0,0,0,0,0,0
224,AgentA wins,17.00,0,0,0,0,0,0,0,0,0,0
225,AgentA wins,23.33,0,0,0,0,0,0,0,0,0,0
226,AgentA wins,15.00,0,0,0,0,0,0,0,0,0,0
227,AgentA wins,19.67,0,0,0,0,0,0,0,0,0,0
228,AgentA wins,19.67,0,0,0,0,0,0,0,0,0,0
229,AgentA wins,20.00,0,0,0,0,0,0,0,0,0,0
230,AgentA wins,19.67,0,0,0,0,0,0,0,0,0,0
151,AgentA wins,26.00,0,0,0,0,0,0,0,0,0,0
152,AgentA wins,15.00,0,0,0,0,0,0,0,0,0,0
153,AgentA wins,31.67,0,0,0,0,0,0,0,0,0,0
154,AgentA wins,15.00,0,0,0,0,0,0,0,0,0,0
155,AgentB wins,24.67,0,0,0,0,0,0,0,0,0,0
156,AgentB wins,35.67,0,0,0,0,0,0,0,0,0,0
157,AgentA wins,15.00,0,0,0,0,0,0,0,0,0,0
158,AgentA wins,32.67,0,0,0,0,0,0,0,0,0,0
159,AgentA wins,15.00,0,0,0,0,0,0,0,0,0,0
160,AgentA wins,21.00,0,0,0,0,0,0,0,0,0,0
221,AgentA wins,19.67,0,0,0,0,0,0,0,0,0,0
222,AgentA wins,20.00,0,0,0,0,0,0,0,0,0,0
223,AgentA wins,20.00,0,0,0,0,0,0,0,0,0,0
224,AgentA wins,20.00,0,0,0,0,0,0,0,0,0,0
225,AgentA wins,20.00,0,0,0,0,0,0,0,0,0,0
226,AgentA wins,20.00,0,0,0,0,0,0,0,0,0,0
227,AgentA wins,19.67,0,0,0,0,0,0,0,0,0,0
228,AgentA wins,23.33,0,0,0,0,0,0,0,0,0,0
229,AgentA wins,19.67,0,0,0,0,0,0,0,0,0,0
230,AgentA wins,15.00,0,0,0,0,0,0,0,0,0,0
221,AgentA wins,20.00,0,0,0,0,0,0,0,0,0,0
222,AgentA wins,20.00,0,0,0,0,0,0,0,0,0,0
223,AgentB wins,24.67,0,0,0,0,0,0,0,0,0,0
224,AgentA wins,23.33,0,0,0,0,0,0,0,0,0,0
225,AgentA wins,20.00,0,0,0,0,0,0,0,0,0,0
226,AgentA wins,20.00,0,0,0,0,0,0,0,0,0,0
227,AgentA wins,20.00,0,0,0,0,0,0,0,0,0,0
228,AgentA wins,20.00,0,0,0,0,0,0,0,0,0,0
229,AgentA wins,20.00,0,0,0,0,0,0,0,0,0,0
230,AgentA wins,15.00,0,0,0,0,0,0,0,0,0,0
221,AgentA wins,17.00,0,0,0,0,0,0,0,0,0,0
222,AgentA wins,15.00,0,0,0,0,0,0,0,0,0,0
223,AgentA wins,20.00,0,0,0,0,0,0,0,0,0,0
224,AgentA wins,17.00,0,0,0,0,0,0,0,0,0,0
225,AgentA wins,20.00,0,0,0,0,0,0,0,0,0,0
226,AgentA wins,20.00,0,0,0,0,0,0,0,0,0,0
227,AgentA wins,19.67,0,0,0,0,0,0,0,0,0,0
228,AgentA wins,20.00,0,0,0,0,0,0,0,0,0,0
229,AgentA wins,19.67,0,0,0,0,0,0,0,0,0,0
230,AgentA wins,20.00,0,0,0,0,0,0,0,0,0,0
221,AgentA wins,15.00,0,0,0,0,0,0,0,0,0,0
222,AgentA wins,20.00,0,0,0,0,0,0,0,0,0,0
223,AgentA wins,20.00,0,0,0,0,0,0,0,0,0,0
224,AgentA wins,15.00,0,0,0,0,0,0,0,0,0,0
225,AgentA wins,19.67,0,0,0,0,0,0,0,0,0,0
226,AgentA wins,15.00,0,0,0,0,0,0,0,0,0,0
227,AgentA wins,17.00,0,0,0,0,0,0,0,0,0,0
228,AgentA wins,15.00,0,0,0,0,0,0,0,0,0,0
229,AgentA wins,15.00,0,0,0,0,0,0,0,0,0,0
230,AgentA wins,20.00,0,0,0,0,0,0,0,0,0,0
221,AgentA wins,17.00,0,0,0,0,0,0,0,0,0,0
222,AgentA wins,20.00,0,0,0,0,0,0,0,0,0,0
223,AgentA wins,23.33,0,0,0,0,0,0,0,0,0,0
224,AgentA wins,15.00,0,0,0,0,0,0,0,0,0,0
225,AgentA wins,20.00,0,0,0,0,0,0,0,0,0,0
226,AgentA wins,15.00,0,0,0,0,0,0,0,0,0,0
227,AgentA wins,20.00,0,0,0,0,0,0,0,0,0,0
228,AgentA wins,20.00,0,0,0,0,0,0,0,0,0,0
229,AgentA wins,20.00,0,0,0,0,0,0,0,0,0,0
230,AgentA wins,19.67,0,0,0,0,0,0,0,0,0,0
221,AgentA wins,15.00,0,0,0,0,0,0,0,0,0,0
222,AgentA wins,15.00,0,0,0,0,0,0,0,0,0,0
223,AgentA wins,20.00,0,0,0,0,0,0,0,0,0,0
224,AgentA wins,17.00,0,0,0,0,0,0,0,0,0,0
225,AgentA wins,19.67,0,0,0,0,0,0,0,0,0,0
226,AgentA wins,15.00,0,0,0,0,0,0,0,0,0,0
227,AgentA wins,17.00,0,0,0,0,0,0,0,0,0,0
228,AgentA wins,20.00,0,0,0,0,0,0,0,0,0,0
229,AgentB wins,24.67,0,0,0,0,0,0,0,0,0,0
230,AgentA wins,15.00,0,0,0,0,0,0,0,0,0,0
221,AgentA wins,15.00,0,0,0,0,0,0,0,0,0,0
222,AgentA wins,20.00,0,0,0,0,0,0,0,0,0,0
223,AgentA wins,20.00,0,0,0,0,0,0,0,0,0,0
224,AgentA wins,20.00,0,0,0,0,0,0,0,0,0,0
225,AgentA wins,15.00,0,0,0,0,0,0,0,0,0,0
226,AgentA wins,17.00,0,0,0,0,0,0,0,0,0,0
227,AgentA wins,19.67,0,0,0,0,0,0,0,0,0,0
228,AgentA wins,20.00,0,0,0,0,0,0,0,0,0,0
229,AgentA wins,20.00,0,0,0,0,0,0,0,0,0,0
230,AgentA wins,15.00,0,0,0,0,0,0,0,0,0,0
221,AgentA wins,20.00,0,0,0,0,0,0,0,0,0,0
222,AgentA wins,20.00,0,0,0,0,0,0,0,0,0,0
223,AgentA wins,20.00,0,0,0,0,0,0,0,0,0,0
224,AgentA wins,20.00,0,0,0,0,0,0,0,0,0,0
225,AgentA wins,17.00,0,0,0,0,0,0,0,0,0,0
226,AgentA wins,15.00,0,0,0,0,0,0,0,0,0,0
227,AgentA wins,15.00,0,0,0,0,0,0,0,0,0,0
228,AgentA wins,25.00,0,0,0,0,0,0,0,0,0,0
229,AgentA wins,23.33,0,0,0,0,0,0,0,0,0,0
230,AgentA wins,20.00,0,0,0,0,0,0,0,0,0,0
221,AgentA wins,19.67,0,0,0,0,0,0,0,0,0,0
222,AgentA wins,23.33,0,0,0,0,0,0,0,0,0,0
223,AgentA wins,23.33,0,0,0,0,0,0,0,0,0,0
224,AgentA wins,19.67,0,0,0,0,0,0,0,0,0,0
225,AgentA wins,19.67,0,0,0,0,0,0,0,0,0,0
226,AgentA wins,17.00,0,0,0,0,0,0,0,0,0,0
227,AgentA wins,20.00,0,0,0,0,0,0,0,0,0,0
228,AgentA wins,17.00,0,0,0,0,0,0,0,0,0,0
229,AgentA wins,23.33,0,0,0,0,0,0,0,0,0,0
230,AgentA wins,20.00,0,0,0,0,0,0,0,0,0,0
161,AgentB wins,25.00,0,0,0,0,0,0,0,0,0,0
162,AgentA wins,27.00,0,0,0,0,0,0,0,0,0,0
163,AgentA wins,15.00,0,0,0,0,0,0,0,0,0,0
164,AgentA wins,29.67,0,0,0,0,0,0,0,0,0,0
165,AgentB wins,18.67,0,0,0,0,0,0,0,0,0,0
166,AgentA wins,18.67,0,0,0,0,0,0,0,0,0,0
167,AgentA wins,21.67,0,0,0,0,0,0,0,0,0,0
168,AgentA wins,32.33,0,0,0,0,0,0,0,0,0,0
169,AgentA wins,15.00,0,0,0,0,0,0,0,0,0,0
170,AgentB wins,25.33,0,0,0,0,0,0,0,0,0,0
221,AgentA wins,15.00,0,0,0,0,0,0,0,0,0,0
222,AgentA wins,19.67,0,0,0,0,0,0,0,0,0,0
223,AgentA wins,17.00,0,0,0,0,0,0,0,0,0,0
224,AgentA wins,20.00,0,0,0,0,0,0,0,0,0,0
225,AgentA wins,20.00,0,0,0,0,0,0,0,0,0,0
226,AgentA wins,20.00,0,0,0,0,0,0,0,0,0,0
227,AgentA wins,17.00,0,0,0,0,0,0,0,0,0,0
228,AgentA wins,20.00,0,0,0,0,0,0,0,0,0,0
229,AgentB wins,24.67,0,0,0,0,0,0,0,0,0,0
230,AgentA wins,20.00,0,0,0,0,0,0,0,0,0,0
151,AgentB wins,41.00,0,0,0,0,0,0,0,0,0,0
152,AgentA wins,29.33,0,0,0,0,0,0,0,0,0,0
153,AgentA wins,15.00,0,0,0,0,0,0,0,0,0,0
154,AgentA wins,36.67,0,0,0,0,0,0,0,0,0,0
155,AgentA wins,41.67,0,0,0,0,0,0,0,0,0,0
156,AgentA wins,35.67,0,0,0,0,0,0,0,0,0,0
157,AgentA wins,41.33,0,0,0,0,0,0,0,0,0,0
158,AgentB wins,39.67,0,0,0,0,0,0,0,0,0,0
159,AgentA wins,29.00,0,0,0,0,0,0,0,0,0,0
160,AgentA wins,46.67,0,0,0,0,0,0,0,0,0,0
221,AgentA wins,19.67,0,0,0,0,0,0,0,0,0,0
222,AgentA wins,15.00,0,0,0,0,0,0,0,0,0,0
223,AgentA wins,22.33,0,0,0,0,0,0,0,0,0,0
224,AgentA wins,20.00,0,0,0,0,0,0,0,0,0,0
225,AgentA wins,15.00,0,0,0,0,0,0,0,0,0,0
226,AgentA wins,17.00,0,0,0,0,0,0,0,0,0,0
227,AgentA wins,18.00,0,0,0,0,0,0,0,0,0,0
228,AgentA wins,15.00,0,0,0,0,0,0,0,0,0,0
229,AgentA wins,20.00,0,0,0,0,0,0,0,0,0,0
230,AgentA wins,23.33,0,0,0,0,0,0,0,0,0,0
161,AgentA wins,33.00,0,0,0,0,0,0,0,0,0,0
162,AgentA wins,18.00,0,0,0,0,0,0,0,0,0,0
163,AgentA wins,15.00,0,0,0,0,0,0,0,0,0,0
164,AgentA wins,15.00,0,0,0,0,0,0,0,0,0,0
165,AgentA wins,41.00,0,0,0,0,0,0,0,0,0,0
166,AgentA wins,32.00,0,0,0,0,0,0,0,0,0,0
167,AgentA wins,33.67,0,0,0,0,0,0,0,0,0,0
168,AgentB wins,30.67,0,0,0,0,0,0,0,0,0,0
169,AgentA wins,35.00,0,0,0,0,0,0,0,0,0,0
170,AgentB wins,33.67,0,0,0,0,0,0,0,0,0,0
151,AgentA wins,29.00,0,0,0,0,0,0,0,0,0,0
152,AgentA wins,55.67,0,0,0,0,0,0,0,0,0,0
153,AgentA wins,15.00,0,0,0,0,0,0,0,0,0,0
154,AgentA wins,15.00,0,0,0,0,0,0,0,0,0,0
155,AgentA wins,28.67,0,0,0,0,0,0,0,0,0,0
156,AgentA wins,26.33,0,0,0,0,0,0,0,0,0,0
157,AgentA wins,21.00,0,0,0,0,0,0,0,0,0,0
158,AgentA wins,21.00,0,0,0,0,0,0,0,0,0,0
159,AgentA wins,33.00,0,0,0,0,0,0,0,0,0,0
160,AgentA wins,15.00,0,0,0,0,0,0,0,0,0,0
221,AgentA wins,19.67,0,0,0,0,0,0,0,0,0,0
222,AgentA wins,15.00,0,0,0,0,0,0,0,0,0,0
223,AgentA wins,17.00,0,0,0,0,0,0,0,0,0,0
224,AgentA wins,23.33,0,0,0,0,0,0,0,0,0,0
225,AgentA wins,20.00,0,0,0,0,0,0,0,0,0,0
226,AgentA wins,15.00,0,0,0,0,0,0,0,0,0,0
227,AgentA wins,20.00,0,0,0,0,0,0,0,0,0,0
228,AgentA wins,19.67,0,0,0,0,0,0,0,0,0,0
229,AgentA wins,17.00,0,0,0,0,0,0,0,0,0,0
230,AgentA wins,19.67,0,0,0,0,0,0,0,0,0,0
221,AgentA wins,20.00,0,0,0,0,0,0,0,0,0,0
222,AgentA wins,20.00,0,0,0,0,0,0,0,0,0,0
223,AgentA wins,17.00,0,0,0,0,0,0,0,0,0,0
224,AgentA wins,20.00,0,0,0,0,0,0,0,0,0,0
225,AgentA wins,20.00,0,0,0,0,0,0,0,0,0,0
226,AgentA wins,15.00,0,0,0,0,0,0,0,0,0,0
227,AgentA wins,19.67,0,0,0,0,0,0,0,0,0,0
228,AgentA wins,17.00,0,0,0,0,0,0,0,0,0,0
229,AgentA wins,17.00,0,0,0,0,0,0,0,0,0,0
230,AgentA wins,15.00,0,0,0,0,0,0,0,0,0,0
161,AgentA wins,24.00,0,0,0,0,0,0,0,0,0,0
162,AgentA wins,18.00,0,0,0,0,0,0,0,0,0,0
163,AgentA wins,29.33,0,0,0,0,0,0,0,0,0,0
164,AgentA wins,15.00,0,0,0,0,0,0,0,0,0,0
165,AgentA wins,38.00,0,0,0,0,0,0,0,0,0,0
166,AgentA wins,18.00,0,0,0,0,0,0,0,0,0,0
167,AgentA wins,26.67,0,0,0,0,0,0,0,0,0,0
168,AgentA wins,24.33,0,0,0,0,0,0,0,0,0,0
169,AgentB wins,30.33,0,0,0,0,0,0,0,0,0,0
170,AgentA wins,15.00,0,0,0,0,0,0,0,0,0,0
161,AgentA wins,15.67,0,0,0,0,0,0,0,0,0,0
162,AgentA wins,40.00,0,0,0,0,0,0,0,0,0,0
163,AgentA wins,18.00,0,0,0,0,0,0,0,0,0,0
164,AgentA wins,25.67,0,0,0,0,0,0,0,0,0,0
165,timeout draw,60.00,0,0,0,0,0,0,0,0,0,0
166,AgentA wins,34.33,0,0,0,0,0,0,0,0,0,0
167,AgentA wins,24.00,0,0,0,0,0,0,0,0,0,0
168,AgentA wins,29.33,0,0,0,0,0,0,0,0,0,0
169,AgentA wins,33.67,0,0,0,0,0,0,0,0,0,0
170,AgentB wins,36.67,0,0,0,0,0,0,0,0,0,0
221,AgentA wins,23.33,0,0,0,0,0,0,0,0,0,0
222,AgentA wins,15.00,0,0,0,0,0,0,0,0,0,0
223,AgentA wins,15.00,0,0,0,0,0,0,0,0,0,0
224,AgentA wins,20.00,0,0,0,0,0,0,0,0,0,0
225,AgentA wins,20.00,0,0,0,0,0,0,0,0,0,0
226,AgentA wins,15.00,0,0,0,0,0,0,0,0,0,0
227,AgentA wins,20.00,0,0,0,0,0,0,0,0,0,0
228,AgentA wins,15.00,0,0,0,0,0,0,0,0,0,0
229,AgentA wins,19.67,0,0,0,0,0,0,0,0,0,0
230,AgentA wins,20.00,0,0,0,0,0,0,0,0,0,0
161,AgentA wins,30.00,0,0,0,0,0,0,0,0,0,0
162,AgentA wins,18.00,0,0,0,0,0,0,0,0,0,0
163,AgentA wins,48.00,0,0,0,0,0,0,0,0,0,0
164,AgentA wins,15.00,0,0,0,0,0,0,0,0,0,0
165,AgentA wins,45.33,0,0,0,0,0,0,0,0,0,0
166,AgentB wins,43.33,0,0,0,0,0,0,0,0,0,0
167,AgentA wins,18.00,0,0,0,0,0,0,0,0,0,0
168,AgentA wins,28.67,0,0,0,0,0,0,0,0,0,0
169,AgentA wins,35.00,0,0,0,0,0,0,0,0,0,0
170,AgentB wins,35.67,0,0,0,0,0,0,0,0,0,0
231,AgentA wins,15.00,0,0,0,0,0,0,0,0,0,0
232,AgentA wins,23.33,0,0,0,0,0,0,0,0,0,0
233,AgentB wins,24.67,0,0,0,0,0,0,0,0,0,0
234,AgentA wins,20.00,0,0,0,0,0,0,0,0,0,0
235,AgentA wins,15.00,0,0,0,0,0,0,0,0,0,0
236,AgentA wins,19.67,0,0,0,0,0,0,0,0,0,0
237,AgentA wins,20.00,0,0,0,0,0,0,0,0,0,0
238,AgentA wins,23.33,0,0,0,0,0,0,0,0,0,0
239,AgentA wins,17.00,0,0,0,0,0,0,0,0,0,0
240,AgentA wins,20.00,0,0,0,0,0,0,0,0,0,0
161,AgentA wins,31.33,280,281,0,160,0,227,0,36,45,72
162,AgentA wins,35.00,318,319,0,177,0,248,0,37,50,55
163,AgentB wins,21.67,192,199,0,117,0,151,0,28,28,42
164,AgentA wins,21.00,187,191,0,113,0,150,0,23,30,32
165,AgentA wins,27.00,247,245,0,143,0,192,0,35,37,42
166,AgentA wins,24.00,217,213,0,120,0,174,0,32,41,49
167,AgentB wins,36.00,323,318,0,172,0,255,0,51,64,65
168,AgentB wins,34.00,311,306,0,173,0,247,0,39,56,49
169,AgentB wins,43.67,392,397,0,238,0,320,0,57,66,76
170,AgentB wins,40.00,358,361,0,202,0,283,0,43,73,59
161,AgentB wins,42.33,0,0,0,0,0,0,0,0,0,0
162,AgentA wins,15.00,0,0,0,0,0,0,0,0,0,0
163,AgentA wins,29.33,0,0,0,0,0,0,0,0,0,0
164,AgentA wins,37.67,0,0,0,0,0,0,0,0,0,0
165,AgentB wins,33.67,0,0,0,0,0,0,0,0,0,0
166,AgentB wins,57.67,0,0,0,0,0,0,0,0,0,0
167,AgentB wins,39.33,0,0,0,0,0,0,0,0,0,0
168,AgentA wins,15.00,0,0,0,0,0,0,0,0,0,0
169,AgentA wins,52.67,0,0,0,0,0,0,0,0,0,0
170,AgentA wins,32.00,0,0,0,0,0,0,0,0,0,0
231,AgentA wins,25.00,0,0,0,0,0,0,0,0,0,0
232,AgentA wins,15.00,0,0,0,0,0,0,0,0,0,0
233,AgentA wins,19.67,0,0,0,0,0,0,0,0,0,0
234,AgentA wins,20.00,0,0,0,0,0,0,0,0,0,0
235,AgentA wins,19.67,0,0,0,0,0,0,0,0,0,0
236,AgentA wins,17.00,0,0,0,0,0,0,0,0,0,0
237,AgentA wins,23.33,0,0,0,0,0,0,0,0,0,0
238,AgentA wins,20.00,0,0,0,0,0,0,0,0,0,0
239,AgentA wins,19.67,0,0,0,0,0,0,0,0,0,0
240,AgentB wins,24.67,0,0,0,0,0,0,0,0,0,0
231,AgentA wins,23.33,0,0,0,0,0,0,0,0,0,0
232,AgentA wins,15.00,0,0,0,0,0,0,0,0,0,0
233,AgentA wins,17.00,0,0,0,0,0,0,0,0,0,0
234,AgentA wins,15.00,0,0,0,0,0,0,0,0,0,0
235,AgentA wins,15.00,0,0,0,0,0,0,0,0,0,0
236,AgentA wins,19.67,0,0,0,0,0,0,0,0,0,0
237,AgentA wins,19.67,0,0,0,0,0,0,0,0,0,0
238,AgentA wins,20.00,0,0,0,0,0,0,0,0,0,0
239,AgentA wins,20.00,0,0,0,0,0,0,0,0,0,0
240,AgentA wins,20.00,0,0,0,0,0,0,0,0,0,0
231,AgentA wins,19.67,0,0,0,0,0,0,0,0,0,0
232,AgentA wins,23.33,0,0,0,0,0,0,0,0,0,0
233,AgentA wins,19.67,0,0,0,0,0,0,0,0,0,0
234,AgentA wins,17.00,0,0,0,0,0,0,0,0,0,0
235,AgentA wins,20.00,0,0,0,0,0,0,0,0,0,0
236,AgentA wins,20.00,0,0,0,0,0,0,0,0,0,0
237,AgentB wins,24.67,0,0,0,0,0,0,0,0,0,0
238,AgentA wins,19.67,0,0,0,0,0,0,0,0,0,0
239,AgentA wins,15.00,0,0,0,0,0,0,0,0,0,0
240,AgentA wins,20.00,0,0,0,0,0,0,0,0,0,0
231,AgentB wins,24.67,0,0,0,0,0,0,0,0,0,0
232,AgentA wins,15.00,0,0,0,0,0,0,0,0,0,0
233,AgentA wins,23.33,0,0,0,0,0,0,0,0,0,0
234,AgentA wins,25.00,0,0,0,0,0,0,0,0,0,0
235,AgentA wins,20.00,0,0,0,0,0,0,0,0,0,0
236,AgentA wins,17.00,0,0,0,0,0,0,0,0,0,0
237,AgentA wins,19.67,0,0,0,0,0,0,0,0,0,0
238,AgentA wins,15.00,0,0,0,0,0,0,0,0,0,0
239,AgentA wins,15.00,0,0,0,0,0,0,0,0,0,0
240,AgentA wins,19.67,0,0,0,0,0,0,0,0,0,0
231,AgentA wins,19.67,0,0,0,0,0,0,0,0,0,0
232,AgentA wins,20.00,0,0,0,0,0,0,0,0,0,0
233,AgentA wins,17.00,0,0,0,0,0,0,0,0,0,0
234,AgentA wins,20.00,0,0,0,0,0,0,0,0,0,0
235,AgentA wins,19.67,0,0,0,0,0,0,0,0,0,0
236,AgentA wins,23.33,0,0,0,0,0,0,0,0,0,0
237,AgentA wins,15.00,0,0,0,0,0,0,0,0,0,0
238,AgentA wins,23.33,0,0,0,0,0,0,0,0,0,0
239,AgentB wins,24.67,0,0,0,0,0,0,0,0,0,0
240,AgentA wins,20.00,0,0,0,0,0,0,0,0,0,0
231,AgentA wins,20.00,0,0,0,0,0,0,0,0,0,0
232,AgentA wins,19.67,0,0,0,0,0,0,0,0,0,0
233,AgentA wins,20.00,0,0,0,0,0,0,0,0,0,0
234,AgentA wins,19.67,0,0,0,0,0,0,0,0,0,0
235,AgentA wins,17.00,0,0,0,0,0,0,0,0,0,0
236,AgentB wins,24.67,0,0,0,0,0,0,0,0,0,0
237,AgentA wins,15.00,0,0,0,0,0,0,0,0,0,0
238,AgentA wins,20.00,0,0,0,0,0,0,0,0,0,0
239,AgentA wins,20.00,0,0,0,0,0,0,0,0,0,0
240,AgentA wins,20.00,0,0,0,0,0,0,0,0,0,0
231,AgentA wins,15.00,0,0,0,0,0,0,0,0,0,0
232,AgentA wins,17.00,0,0,0,0,0,0,0,0,0,0
233,AgentA wins,15.00,0,0,0,0,0,0,0,0,0,0
234,AgentB wins,24.67,0,0,0,0,0,0,0,0,0,0
235,AgentA wins,19.67,0,0,0,0,0,0,0,0,0,0
236,AgentA wins,20.00,0,0,0,0,0,0,0,0,0,0
237,AgentA wins,25.00,0,0,0,0,0,0,0,0,0,0
238,AgentA wins,20.00,0,0,0,0,0,0,0,0,0,0
239,AgentA wins,20.00,0,0,0,0,0,0,0,0,0,0
240,AgentB wins,24.67,0,0,0,0,0,0,0,0,0,0
231,AgentA wins,20.00,0,0,0,0,0,0,0,0,0,0
232,AgentA wins,20.00,0,0,0,0,0,0,0,0,0,0
233,AgentA wins,19.67,0,0,0,0,0,0,0,0,0,0
234,AgentA wins,20.00,0,0,0,0,0,0,0,0,0,0
235,AgentA wins,15.00,0,0,0,0,0,0,0,0,0,0
236,AgentA wins,17.00,0,0,0,0,0,0,0,0,0,0
237,AgentA wins,20.00,0,0,0,0,0,0,0,0,0,0
238,AgentA wins,19.67,0,0,0,0,0,0,0,0,0,0
239,AgentA wins,15.00,0,0,0,0,0,0,0,0,0,0
240,AgentA wins,23.33,0,0,0,0,0,0,0,0,0,0
231,AgentA wins,23.33,0,0,0,0,0,0,0,0,0,0
232,AgentA wins,18.00,0,0,0,0,0,0,0,0,0,0
233,AgentA wins,19.67,0,0,0,0,0,0,0,0,0,0
234,AgentA wins,23.33,0,0,0,0,0,0,0,0,0,0
235,AgentA wins,19.67,0,0,0,0,0,0,0,0,0,0
236,AgentA wins,20.00,0,0,0,0,0,0,0,0,0,0
237,AgentA wins,19.67,0,0,0,0,0,0,0,0,0,0
238,AgentA wins,19.67,0,0,0,0,0,0,0,0,0,0
239,AgentA wins,19.67,0,0,0,0,0,0,0,0,0,0
240,AgentA wins,15.00,0,0,0,0,0,0,0,0,0,0
231,AgentA wins,17.00,0,0,0,0,0,0,0,0,0,0
232,AgentA wins,20.00,0,0,0,0,0,0,0,0,0,0
233,AgentA wins,19.67,0,0,0,0,0,0,0,0,0,0
234,AgentA wins,17.00,0,0,0,0,0,0,0,0,0,0
235,AgentB wins,24.67,0,0,0,0,0,0,0,0,0,0
236,AgentA wins,20.00,0,0,0,0,0,0,0,0,0,0
237,AgentA wins,20.00,0,0,0,0,0,0,0,0,0,0
238,AgentA wins,15.00,0,0,0,0,0,0,0,0,0,0
239,AgentA wins,17.00,0,0,0,0,0,0,0,0,0,0
240,AgentA wins,19.67,0,0,0,0,0,0,0,0,0,0
231,AgentA wins,19.67,0,0,0,0,0,0,0,0,0,0
232,AgentA wins,20.00,0,0,0,0,0,0,0,0,0,0
233,AgentA wins,15.00,0,0,0,0,0,0,0,0,0,0
234,AgentA wins,15.00,0,0,0,0,0,0,0,0,0,0
235,AgentA wins,15.00,0,0,0,0,0,0,0,0,0,0
236,AgentA wins,20.00,0,0,0,0,0,0,0,0,0,0
237,AgentA wins,19.67,0,0,0,0,0,0,0,0,0,0
238,AgentA wins,20.00,0,0,0,0,0,0,0,0,0,0
239,AgentA wins,15.00,0,0,0,0,0,0,0,0,0,0
240,AgentA wins,20.00,0,0,0,0,0,0,0,0,0,0
161,AgentB wins,43.67,0,0,0,0,0,0,0,0,0,0
162,AgentA wins,36.67,0,0,0,0,0,0,0,0,0,0
163,AgentA wins,26.67,0,0,0,0,0,0,0,0,0,0
164,AgentA wins,26.67,0,0,0,0,0,0,0,0,0,0
165,AgentA wins,27.67,0,0,0,0,0,0,0,0,0,0
166,AgentA wins,20.67,0,0,0,0,0,0,0,0,0,0
167,AgentA wins,15.00,0,0,0,0,0,0,0,0,0,0
168,AgentB wins,45.67,0,0,0,0,0,0,0,0,0,0
169,AgentA wins,21.00,0,0,0,0,0,0,0,0,0,0
170,AgentA wins,15.00,0,0,0,0,0,0,0,0,0,0
231,AgentA wins,19.67,0,0,0,0,0,0,0,0,0,0
232,AgentA wins,20.00,0,0,0,0,0,0,0,0,0,0
233,AgentA wins,15.00,0,0,0,0,0,0,0,0,0,0
234,AgentA wins,20.00,0,0,0,0,0,0,0,0,0,0
235,AgentA wins,19.67,0,0,0,0,0,0,0,0,0,0
236,AgentA wins,19.67,0,0,0,0,0,0,0,0,0,0
237,AgentA wins,19.67,0,0,0,0,0,0,0,0,0,0
238,AgentA wins,20.00,0,0,0,0,0,0,0,0,0,0
239,AgentA wins,17.00,0,0,0,0,0,0,0,0,0,0
240,AgentA wins,19.67,0,0,0,0,0,0,0,0,0,0
231,AgentA wins,15.00,0,0,0,0,0,0,0,0,0,0
232,AgentA wins,20.00,0,0,0,0,0,0,0,0,0,0
233,AgentA wins,19.67,0,0,0,0,0,0,0,0,0,0
234,AgentA wins,15.00,0,0,0,0,0,0,0,0,0,0
235,AgentA wins,20.00,0,0,0,0,0,0,0,0,0,0
236,AgentA wins,17.00,0,0,0,0,0,0,0,0,0,0
237,AgentA wins,20.00,0,0,0,0,0,0,0,0,0,0
238,AgentA wins,20.00,0,0,0,0,0,0,0,0,0,0
239,AgentA wins,20.00,0,0,0,0,0,0,0,0,0,0
240,AgentA wins,23.33,0,0,0,0,0,0,0,0,0,0
231,AgentA wins,20.00,0,0,0,0,0,0,0,0,0,0
232,AgentA wins,19.67,0,0,0,0,0,0,0,0,0,0
233,AgentA wins,20.00,0,0,0,0,0,0,0,0,0,0
234,AgentA wins,25.00,0,0,0,0,0,0,0,0,0,0
235,AgentA wins,23.33,0,0,0,0,0,0,0,0,0,0
236,AgentB wins,24.67,0,0,0,0,0,0,0,0,0,0
237,AgentA wins,15.00,0,0,0,0,0,0,0,0,0,0
238,AgentA wins,15.00,0,0,0,0,0,0,0,0,0,0
239,AgentB wins,24.67,0,0,0,0,0,0,0,0,0,0
240,AgentB wins,24.67,0,0,0,0,0,0,0,0,0,0
171,AgentA wins,38.67,0,0,0,0,0,0,0,0,0,0
172,AgentA wins,15.00,0,0,0,0,0,0,0,0,0,0
173,AgentA wins,15.00,0,0,0,0,0,0,0,0,0,0
174,AgentB wins,37.33,0,0,0,0,0,0,0,0,0,0
175,AgentA wins,29.33,0,0,0,0,0,0,0,0,0,0
176,AgentA wins,18.00,0,0,0,0,0,0,0,0,0,0
177,AgentA wins,18.00,0,0,0,0,0,0,0,0,0,0
178,AgentA wins,15.00,0,0,0,0,0,0,0,0,0,0
179,AgentA wins,15.00,0,0,0,0,0,0,0,0,0,0
180,AgentA wins,26.33,0,0,0,0,0,0,0,0,0,0
161,AgentA wins,36.00,0,0,0,0,0,0,0,0,0,0
162,AgentA wins,23.67,0,0,0,0,0,0,0,0,0,0
163,AgentA wins,29.33,0,0,0,0,0,0,0,0,0,0
164,AgentA wins,15.00,0,0,0,0,0,0,0,0,0,0
165,AgentA wins,21.67,0,0,0,0,0,0,0,0,0,0
166,AgentB wins,27.00,0,0,0,0,0,0,0,0,0,0
167,AgentA wins,15.00,0,0,0,0,0,0,0,0,0,0
168,AgentA wins,21.33,0,0,0,0,0,0,0,0,0,0
169,AgentA wins,24.00,0,0,0,0,0,0,0,0,0,0
170,AgentA wins,30.00,0,0,0,0,0,0,0,0,0,0
171,AgentA wins,18.00,0,0,0,0,0,0,0,0,0,0
172,AgentA wins,18.00,0,0,0,0,0,0,0,0,0,0
173,AgentA wins,30.00,0,0,0,0,0,0,0,0,0,0
174,AgentA wins,15.00,0,0,0,0,0,0,0,0,0,0
175,AgentB wins,36.67,0,0,0,0,0,0,0,0,0,0
176,AgentA wins,15.00,0,0,0,0,0,0,0,0,0,0
177,AgentA wins,51.67,0,0,0,0,0,0,0,0,0,0
178,AgentA wins,37.33,0,0,0,0,0,0,0,0,0,0
179,AgentA wins,34.67,0,0,0,0,0,0,0,0,0,0
241,AgentA wins,19.67,0,0,0,0,0,0,0,0,0,0
242,AgentA wins,15.00,0,0,0,0,0,0,0,0,0,0
243,AgentA wins,23.33,0,0,0,0,0,0,0,0,0,0
244,AgentA wins,19.67,0,0,0,0,0,0,0,0,0,0
245,AgentA wins,15.00,0,0,0,0,0,0,0,0,0,0
246,AgentA wins,15.00,0,0,0,0,0,0,0,0,0,0
171,AgentA wins,15.00,0,0,0,0,0,0,0,0,0,0
172,AgentA wins,18.00,0,0,0,0,0,0,0,0,0,0
173,AgentA wins,21.00,0,0,0,0,0,0,0,0,0,0
174,AgentA wins,35.00,0,0,0,0,0,0,0,0,0,0
175,AgentA wins,21.00,0,0,0,0,0,0,0,0,0,0
176,AgentA wins,27.00,0,0,0,0,0,0,0,0,0,0
177,AgentA wins,18.00,0,0,0,0,0,0,0,0,0,0
178,AgentA wins,18.00,0,0,0,0,0,0,0,0,0,0
179,AgentB wins,40.67,0,0,0,0,0,0,0,0,0,0
241,AgentA wins,19.67,0,0,0,0,0,0,0,0,0,0
242,AgentA wins,17.00,0,0,0,0,0,0,0,0,0,0
243,AgentB wins,24.67,0,0,0,0,0,0,0,0,0,0
244,AgentA wins,15.00,0,0,0,0,0,0,0,0,0,0
245,AgentA wins,23.33,0,0,0,0,0,0,0,0,0,0
246,AgentA wins,20.00,0,0,0,0,0,0,0,0,0,0
247,AgentA wins,20.00,0,0,0,0,0,0,0,0,0,0
171,AgentA wins,18.67,0,0,0,0,0,0,0,0,0,0
172,AgentB wins,34.33,0,0,0,0,0,0,0,0,0,0
173,AgentA wins,42.67,0,0,0,0,0,0,0,0,0,0
174,AgentA wins,20.67,0,0,0,0,0,0,0,0,0,0
175,AgentA wins,15.00,0,0,0,0,0,0,0,0,0,0
241,AgentB wins,24.67,0,0,0,0,0,0,0,0,0,0
242,AgentA wins,19.67,0,0,0,0,0,0,0,0,0,0
243,AgentA wins,15.00,0,0,0,0,0,0,0,0,0,0
244,AgentA wins,20.00,0,0,0,0,0,0,0,0,0,0
241,AgentB wins,24.67,0,0,0,0,0,0,0,0,0,0
242,AgentA wins,17.00,0,0,0,0,0,0,0,0,0,0
243,AgentA wins,15.00,0,0,0,0,0,0,0,0,0,0
244,AgentA wins,17.00,0,0,0,0,0,0,0,0,0,0
245,AgentA wins,23.33,0,0,0,0,0,0,0,0,0,0
161,AgentA wins,24.67,0,0,0,0,0,0,0,0,0,0
162,AgentA wins,15.00,0,0,0,0,0,0,0,0,0,0
163,AgentA wins,15.00,0,0,0,0,0,0,0,0,0,0
164,AgentA wins,35.00,0,0,0,0,0,0,0,0,0,0
165,AgentA wins,43.67,0,0,0,0,0,0,0,0,0,0
166,AgentA wins,26.67,0,0,0,0,0,0,0,0,0,0
167,AgentA wins,35.00,0,0,0,0,0,0,0,0,0,0
168,AgentA wins,30.00,0,0,0,0,0,0,0,0,0,0
241,AgentA wins,19.67,0,0,0,0,0,0,0,0,0,0
242,AgentA wins,20.00,0,0,0,0,0,0,0,0,0,0
243,AgentA wins,23.33,0,0,0,0,0,0,0,0,0,0
244,AgentA wins,17.00,0,0,0,0,0,0,0,0,0,0
241,AgentA wins,17.00,0,0,0,0,0,0,0,0,0,0
242,AgentA wins,15.00,0,0,0,0,0,0,0,0,0,0
243,AgentA wins,20.00,0,0,0,0,0,0,0,0,0,0
244,AgentA wins,15.00,0,0,0,0,0,0,0,0,0,0
245,AgentA wins,15.00,0,0,0,0,0,0,0,0,0,0
241,AgentA wins,23.33,0,0,0,0,0,0,0,0,0,0
242,AgentA wins,15.00,0,0,0,0,0,0,0,0,0,0
243,AgentA wins,23.33,0,0,0,0,0,0,0,0,0,0
241,AgentA wins,19.67,0,0,0,0,0,0,0,0,0,0
242,AgentA wins,17.00,0,0,0,0,0,0,0,0,0,0
243,AgentA wins,20.00,0,0,0,0,0,0,0,0,0,0
244,AgentA wins,20.00,0,0,0,0,0,0,0,0,0,0
241,AgentA wins,20.00,0,0,0,0,0,0,0,0,0,0
242,AgentA wins,20.00,0,0,0,0,0,0,0,0,0,0
243,AgentA wins,17.00,0,0,0,0,0,0,0,0,0,0
244,AgentA wins,15.00,0,0,0,0,0,0,0,0,0,0
245,AgentA wins,20.00,0,0,0,0,0,0,0,0,0,0
171,AgentA wins,26.00,0,0,0,0,0,0,0,0,0,0
172,AgentA wins,27.33,0,0,0,0,0,0,0,0,0,0
173,AgentA wins,24.00,0,0,0,0,0,0,0,0,0,0
174,AgentB wins,34.33,0,0,0,0,0,0,0,0,0,0
241,AgentA wins,20.00,0,0,0,0,0,0,0,0,0,0
241,AgentA wins,19.67,0,0,0,0,0,0,0,0,0,0
242,AgentA wins,20.00,0,0,0,0,0,0,0,0,0,0
243,AgentA wins,23.33,0,0,0,0,0,0,0,0,0,0
244,AgentA wins,20.00,0,0,0,0,0,0,0,0,0,0
171,AgentA wins,15.00,134,136,0,81,0,110,0,21,24,23
172,AgentA wins,15.00,135,132,0,74,0,104,0,21,22,25
173,AgentA wins,18.00,167,161,0,82,0,132,0,26,38,22
174,AgentA wins,32.33,288,288,0,179,0,222,0,42,44,65
175,AgentA wins,21.00,191,189,0,118,0,155,0,28,34,45
176,AgentA wins,35.67,319,319,0,173,0,253,0,39,53,78
241,AgentA wins,17.00,0,0,0,0,0,0,0,0,0,0
242,AgentA wins,20.00,0,0,0,0,0,0,0,0,0,0
243,AgentA wins,20.00,0,0,0,0,0,0,0,0,0,0
241,AgentA wins,20.00,0,0,0,0,0,0,0,0,0,0
171,AgentA wins,15.00,0,0,0,0,0,0,0,0,0,0
172,AgentA wins,15.00,0,0,0,0,0,0,0,0,0,0
173,AgentA wins,27.00,0,0,0,0,0,0,0,0,0,0
241,AgentA wins,20.00,0,0,0,0,0,0,0,0,0,0
242,AgentA wins,20.00,0,0,0,0,0,0,0,0,0,0
243,AgentA wins,20.00,0,0,0,0,0,0,0,0,0,0
244,AgentA wins,20.00,0,0,0,0,0,0,0,0,0,0
241,AgentA wins,19.67,0,0,0,0,0,0,0,0,0,0
242,AgentA wins,19.67,0,0,0,0,0,0,0,0,0,0
171,AgentA wins,31.67,0,0,0,0,0,0,0,0,0,0
172,AgentA wins,15.00,0,0,0,0,0,0,0,0,0,0
173,AgentA wins,15.00,0,0,0,0,0,0,0,0,0,0
174,AgentA wins,28.67,0,0,0,0,0,0,0,0,0,0
175,AgentA wins,27.00,0,0,0,0,0,0,0,0,0,0
176,AgentA wins,26.67,0,0,0,0,0,0,0,0,0,0
177,AgentB wins,40.33,0,0,0,0,0,0,0,0,0,0
178,AgentA wins,40.00,0,0,0,0,0,0,0,0,0,0
