Episode,Result,Duration,A_Attack,A_Block,A_Dodge,A_Hit,A_Blocked,B_Attack,B_Block,B_Dodge,B_Hit,B_Blocked
1,AgentA wins,22.67,0,0,0,0,0,0,0,0,0,0
2,AgentA wins,18.00,0,0,0,0,0,0,0,0,0,0
3,AgentB wins,17.67,0,0,0,0,0,0,0,0,0,0
4,AgentA wins,19.33,0,0,0,0,0,0,0,0,0,0
5,AgentB wins,23.33,0,0,0,0,0,0,0,0,0,0
6,AgentA wins,20.00,0,0,0,0,0,0,0,0,0,0
7,AgentA wins,17.00,0,0,0,0,0,0,0,0,0,0
8,AgentA wins,19.33,0,0,0,0,0,0,0,0,0,0
9,AgentA wins,22.33,0,0,0,0,0,0,0,0,0,0
10,AgentB wins,20.67,0,0,0,0,0,0,0,0,0,0
1,AgentA wins,29.67,0,0,0,0,0,0,0,0,0,0
2,AgentB wins,25.67,0,0,0,0,0,0,0,0,0,0
3,AgentA wins,17.00,0,0,0,0,0,0,0,0,0,0
4,AgentA wins,18.33,0,0,0,0,0,0,0,0,0,0
5,AgentB wins,17.33,0,0,0,0,0,0,0,0,0,0
6,AgentA wins,22.00,0,0,0,0,0,0,0,0,0,0
7,AgentA wins,19.00,0,0,0,0,0,0,0,0,0,0
8,AgentA wins,15.67,0,0,0,0,0,0,0,0,0,0
9,AgentB wins,23.67,0,0,0,0,0,0,0,0,0,0
10,AgentB wins,20.67,0,0,0,0,0,0,0,0,0,0
1,AgentA wins,25.00,0,0,0,0,0,0,0,0,0,0
2,AgentB wins,23.67,0,0,0,0,0,0,0,0,0,0
3,AgentB wins,21.33,0,0,0,0,0,0,0,0,0,0
4,AgentA wins,27.00,0,0,0,0,0,0,0,0,0,0
5,AgentB wins,20.67,0,0,0,0,0,0,0,0,0,0
6,AgentB wins,20.00,0,0,0,0,0,0,0,0,0,0
7,AgentA wins,20.33,0,0,0,0,0,0,0,0,0,0
8,AgentA wins,18.00,0,0,0,0,0,0,0,0,0,0
9,AgentA wins,18.67,0,0,0,0,0,0,0,0,0,0
10,AgentB wins,20.67,0,0,0,0,0,0,0,0,0,0
1,AgentB wins,27.00,0,0,0,0,0,0,0,0,0,0
2,AgentA wins,23.00,0,0,0,0,0,0,0,0,0,0
3,AgentA wins,18.33,0,0,0,0,0,0,0,0,0,0
4,AgentB wins,13.67,0,0,0,0,0,0,0,0,0,0
5,AgentB wins,18.33,0,0,0,0,0,0,0,0,0,0
6,AgentA wins,18.00,0,0,0,0,0,0,0,0,0,0
7,AgentA wins,29.33,0,0,0,0,0,0,0,0,0,0
8,AgentB wins,27.67,0,0,0,0,0,0,0,0,0,0
9,AgentA wins,27.33,0,0,0,0,0,0,0,0,0,0
10,AgentA wins,15.67,0,0,0,0,0,0,0,0,0,0
1,AgentB wins,18.00,0,0,0,0,0,0,0,0,0,0
2,AgentA wins,18.00,0,0,0,0,0,0,0,0,0,0
3,AgentA wins,22.67,0,0,0,0,0,0,0,0,0,0
4,AgentB wins,17.33,0,0,0,0,0,0,0,0,0,0
5,AgentA wins,18.00,0,0,0,0,0,0,0,0,0,0
6,AgentB wins,20.67,0,0,0,0,0,0,0,0,0,0
7,timeout draw,60.00,0,0,0,0,0,0,0,0,0,0
8,AgentA wins,18.00,0,0,0,0,0,0,0,0,0,0
9,AgentA wins,25.33,0,0,0,0,0,0,0,0,0,0
10,AgentB wins,18.67,0,0,0,0,0,0,0,0,0,0
1,AgentA wins,33.33,0,0,0,0,0,0,0,0,0,0
2,AgentA wins,30.00,0,0,0,0,0,0,0,0,0,0
3,AgentA wins,27.67,0,0,0,0,0,0,0,0,0,0
4,AgentA wins,21.67,0,0,0,0,0,0,0,0,0,0
5,AgentA wins,18.00,0,0,0,0,0,0,0,0,0,0
6,AgentB wins,18.33,0,0,0,0,0,0,0,0,0,0
7,AgentA wins,21.67,0,0,0,0,0,0,0,0,0,0
8,AgentA wins,26.00,0,0,0,0,0,0,0,0,0,0
9,AgentA wins,23.67,0,0,0,0,0,0,0,0,0,0
10,AgentA wins,17.33,0,0,0,0,0,0,0,0,0,0
1,AgentA wins,21.00,0,0,0,0,0,0,0,0,0,0
2,AgentA wins,18.00,0,0,0,0,0,0,0,0,0,0
3,AgentB wins,23.33,0,0,0,0,0,0,0,0,0,0
4,AgentA wins,18.67,0,0,0,0,0,0,0,0,0,0
5,timeout draw,60.00,0,0,0,0,0,0,0,0,0,0
6,AgentB wins,17.67,0,0,0,0,0,0,0,0,0,0
7,AgentB wins,20.67,0,0,0,0,0,0,0,0,0,0
8,AgentB wins,23.33,0,0,0,0,0,0,0,0,0,0
9,AgentA wins,18.00,0,0,0,0,0,0,0,0,0,0
10,AgentB wins,20.67,0,0,0,0,0,0,0,0,0,0
1,AgentA wins,29.00,0,0,0,0,0,0,0,0,0,0
2,AgentA wins,25.33,0,0,0,0,0,0,0,0,0,0
3,AgentA wins,19.33,0,0,0,0,0,0,0,0,0,0
4,AgentA wins,25.67,0,0,0,0,0,0,0,0,0,0
5,AgentA wins,24.33,0,0,0,0,0,0,0,0,0,0
6,AgentA wins,22.33,0,0,0,0,0,0,0,0,0,0
7,AgentB wins,24.67,0,0,0,0,0,0,0,0,0,0
8,AgentB wins,24.33,0,0,0,0,0,0,0,0,0,0
9,AgentA wins,17.33,0,0,0,0,0,0,0,0,0,0
10,AgentA wins,32.00,0,0,0,0,0,0,0,0,0,0
1,AgentB wins,19.67,0,0,0,0,0,0,0,0,0,0
2,AgentA wins,20.33,0,0,0,0,0,0,0,0,0,0
3,AgentA wins,19.67,0,0,0,0,0,0,0,0,0,0
4,AgentA wins,29.67,0,0,0,0,0,0,0,0,0,0
5,AgentA wins,18.00,0,0,0,0,0,0,0,0,0,0
6,AgentB wins,17.00,0,0,0,0,0,0,0,0,0,0
7,timeout draw,60.00,0,0,0,0,0,0,0,0,0,0
8,AgentA wins,28.00,0,0,0,0,0,0,0,0,0,0
9,AgentA wins,18.00,0,0,0,0,0,0,0,0,0,0
10,AgentA wins,18.00,0,0,0,0,0,0,0,0,0,0
1,AgentA wins,34.00,0,0,0,0,0,0,0,0,0,0
2,AgentB wins,14.33,0,0,0,0,0,0,0,0,0,0
3,timeout draw,60.00,0,0,0,0,0,0,0,0,0,0
4,AgentA wins,22.33,0,0,0,0,0,0,0,0,0,0
5,AgentA wins,18.00,0,0,0,0,0,0,0,0,0,0
6,AgentA wins,24.00,0,0,0,0,0,0,0,0,0,0
7,AgentA wins,19.67,0,0,0,0,0,0,0,0,0,0
8,AgentB wins,15.00,0,0,0,0,0,0,0,0,0,0
9,AgentA wins,28.67,0,0,0,0,0,0,0,0,0,0
10,AgentA wins,19.67,0,0,0,0,0,0,0,0,0,0
1,AgentB wins,16.67,0,0,0,0,0,0,0,0,0,0
2,AgentA wins,25.00,0,0,0,0,0,0,0,0,0,0
3,timeout draw,60.00,0,0,0,0,0,0,0,0,0,0
4,AgentB wins,23.67,0,0,0,0,0,0,0,0,0,0
5,AgentB wins,23.67,0,0,0,0,0,0,0,0,0,0
6,AgentA wins,18.67,0,0,0,0,0,0,0,0,0,0
7,AgentA wins,29.00,0,0,0,0,0,0,0,0,0,0
8,AgentB wins,26.33,0,0,0,0,0,0,0,0,0,0
9,AgentA wins,22.67,0,0,0,0,0,0,0,0,0,0
10,AgentA wins,17.33,0,0,0,0,0,0,0,0,0,0
1,AgentB wins,35.67,0,0,0,0,0,0,0,0,0,0
2,AgentA wins,29.67,0,0,0,0,0,0,0,0,0,0
3,AgentB wins,34.33,0,0,0,0,0,0,0,0,0,0
4,AgentA wins,43.00,0,0,0,0,0,0,0,0,0,0
5,AgentB wins,20.33,0,0,0,0,0,0,0,0,0,0
6,AgentB wins,20.67,0,0,0,0,0,0,0,0,0,0
7,AgentA wins,17.33,0,0,0,0,0,0,0,0,0,0
8,AgentB wins,16.67,0,0,0,0,0,0,0,0,0,0
9,AgentA wins,27.67,0,0,0,0,0,0,0,0,0,0
10,AgentA wins,18.67,0,0,0,0,0,0,0,0,0,0
1,AgentB wins,19.00,0,0,0,0,0,0,0,0,0,0
2,AgentA wins,30.67,0,0,0,0,0,0,0,0,0,0
3,AgentA wins,18.67,0,0,0,0,0,0,0,0,0,0
4,AgentB wins,30.67,0,0,0,0,0,0,0,0,0,0
5,AgentB wins,44.00,0,0,0,0,0,0,0,0,0,0
6,AgentA wins,28.33,0,0,0,0,0,0,0,0,0,0
7,AgentA wins,23.00,0,0,0,0,0,0,0,0,0,0
8,AgentA wins,18.00,0,0,0,0,0,0,0,0,0,0
9,AgentB wins,21.67,0,0,0,0,0,0,0,0,0,0
10,AgentB wins,35.33,0,0,0,0,0,0,0,0,0,0
1,AgentB wins,13.33,0,0,0,0,0,0,0,0,0,0
2,AgentB wins,21.67,0,0,0,0,0,0,0,0,0,0
3,AgentA wins,23.67,0,0,0,0,0,0,0,0,0,0
4,AgentA wins,18.00,0,0,0,0,0,0,0,0,0,0
5,AgentB wins,18.00,0,0,0,0,0,0,0,0,0,0
6,timeout draw,60.33,0,0,0,0,0,0,0,0,0,0
7,AgentB wins,14.00,0,0,0,0,0,0,0,0,0,0
8,timeout draw,60.00,0,0,0,0,0,0,0,0,0,0
9,AgentB wins,23.67,0,0,0,0,0,0,0,0,0,0
10,AgentB wins,20.67,0,0,0,0,0,0,0,0,0,0
1,AgentB wins,22.33,0,0,0,0,0,0,0,0,0,0
2,timeout draw,60.00,0,0,0,0,0,0,0,0,0,0
3,AgentB wins,20.67,0,0,0,0,0,0,0,0,0,0
4,AgentA wins,21.67,0,0,0,0,0,0,0,0,0,0
5,AgentA wins,17.33,0,0,0,0,0,0,0,0,0,0
6,AgentA wins,17.00,0,0,0,0,0,0,0,0,0,0
7,AgentB wins,21.33,0,0,0,0,0,0,0,0,0,0
8,AgentA wins,18.00,0,0,0,0,0,0,0,0,0,0
9,timeout draw,60.00,0,0,0,0,0,0,0,0,0,0
10,AgentA wins,19.00,0,0,0,0,0,0,0,0,0,0
1,AgentB wins,27.00,0,0,0,0,0,0,0,0,0,0
2,AgentA wins,21.00,0,0,0,0,0,0,0,0,0,0
3,AgentA wins,25.00,0,0,0,0,0,0,0,0,0,0
4,timeout draw,60.33,0,0,0,0,0,0,0,0,0,0
5,AgentA wins,18.00,0,0,0,0,0,0,0,0,0,0
6,AgentB wins,36.33,0,0,0,0,0,0,0,0,0,0
7,AgentB wins,33.33,0,0,0,0,0,0,0,0,0,0
8,AgentA wins,19.33,0,0,0,0,0,0,0,0,0,0
9,AgentA wins,28.33,0,0,0,0,0,0,0,0,0,0
10,AgentA wins,18.67,0,0,0,0,0,0,0,0,0,0
1,AgentA wins,21.67,0,0,0,0,0,0,0,0,0,0
2,AgentB wins,25.67,0,0,0,0,0,0,0,0,0,0
3,AgentA wins,19.67,0,0,0,0,0,0,0,0,0,0
4,timeout draw,60.33,0,0,0,0,0,0,0,0,0,0
5,AgentA wins,18.67,0,0,0,0,0,0,0,0,0,0
6,AgentA wins,15.67,0,0,0,0,0,0,0,0,0,0
7,AgentA wins,18.67,0,0,0,0,0,0,0,0,0,0
8,AgentA wins,54.00,0,0,0,0,0,0,0,0,0,0
9,AgentB wins,24.67,0,0,0,0,0,0,0,0,0,0
10,AgentA wins,29.67,0,0,0,0,0,0,0,0,0,0
1,AgentA wins,30.67,252,235,125,97,0,204,0,21,90,40
2,AgentA wins,37.67,310,278,147,140,0,231,0,24,92,46
3,AgentB wins,27.00,225,206,88,78,0,129,0,19,62,27
4,AgentA wins,32.33,265,250,85,89,0,155,0,20,70,39
5,AgentA wins,24.67,202,200,54,86,0,122,0,20,49,34
6,AgentA wins,35.33,298,284,76,128,0,209,0,21,87,38
7,AgentA wins,18.67,160,155,31,87,0,118,0,16,45,39
8,AgentA wins,28.67,246,226,58,88,0,155,0,17,73,24
9,AgentA wins,25.33,218,200,44,90,0,144,0,20,59,22
10,AgentA wins,28.33,261,218,60,114,0,177,0,25,66,28
1,AgentB wins,27.67,0,0,0,0,0,0,0,0,0,0
2,AgentA wins,20.00,0,0,0,0,0,0,0,0,0,0
3,AgentA wins,20.33,0,0,0,0,0,0,0,0,0,0
4,AgentB wins,37.00,0,0,0,0,0,0,0,0,0,0
5,AgentA wins,25.00,0,0,0,0,0,0,0,0,0,0
6,AgentB wins,50.67,0,0,0,0,0,0,0,0,0,0
7,AgentA wins,28.00,0,0,0,0,0,0,0,0,0,0
8,AgentB wins,17.00,0,0,0,0,0,0,0,0,0,0
9,AgentB wins,34.00,0,0,0,0,0,0,0,0,0,0
10,AgentB wins,32.33,0,0,0,0,0,0,0,0,0,0
1,AgentA wins,19.33,0,0,0,0,0,0,0,0,0,0
2,AgentA wins,15.67,0,0,0,0,0,0,0,0,0,0
3,AgentA wins,43.33,0,0,0,0,0,0,0,0,0,0
4,AgentA wins,25.67,0,0,0,0,0,0,0,0,0,0
5,AgentB wins,35.67,0,0,0,0,0,0,0,0,0,0
6,AgentB wins,23.67,0,0,0,0,0,0,0,0,0,0
7,AgentA wins,25.67,0,0,0,0,0,0,0,0,0,0
8,AgentB wins,21.00,0,0,0,0,0,0,0,0,0,0
9,timeout draw,60.33,0,0,0,0,0,0,0,0,0,0
10,AgentB wins,23.67,0,0,0,0,0,0,0,0,0,0
1,AgentB wins,19.67,0,0,0,0,0,0,0,0,0,0
2,AgentB wins,23.67,0,0,0,0,0,0,0,0,0,0
3,AgentA wins,48.00,0,0,0,0,0,0,0,0,0,0
4,AgentA wins,42.33,0,0,0,0,0,0,0,0,0,0
5,AgentA wins,18.00,0,0,0,0,0,0,0,0,0,0
6,AgentA wins,25.67,0,0,0,0,0,0,0,0,0,0
7,AgentB wins,20.67,0,0,0,0,0,0,0,0,0,0
8,timeout draw,60.00,0,0,0,0,0,0,0,0,0,0
9,AgentA wins,18.00,0,0,0,0,0,0,0,0,0,0
10,AgentB wins,18.00,0,0,0,0,0,0,0,0,0,0
1,AgentA wins,31.33,0,0,0,0,0,0,0,0,0,0
2,AgentA wins,25.00,0,0,0,0,0,0,0,0,0,0
3,AgentA wins,19.67,0,0,0,0,0,0,0,0,0,0
4,AgentA wins,24.67,0,0,0,0,0,0,0,0,0,0
5,timeout draw,60.00,0,0,0,0,0,0,0,0,0,0
6,AgentA wins,22.67,0,0,0,0,0,0,0,0,0,0
7,AgentA wins,18.00,0,0,0,0,0,0,0,0,0,0
8,AgentA wins,55.00,0,0,0,0,0,0,0,0,0,0
9,AgentA wins,19.00,0,0,0,0,0,0,0,0,0,0
10,AgentA wins,24.33,0,0,0,0,0,0,0,0,0,0
1,AgentA wins,32.00,0,0,0,0,0,0,0,0,0,0
2,AgentB wins,29.00,0,0,0,0,0,0,0,0,0,0
3,AgentA wins,34.33,0,0,0,0,0,0,0,0,0,0
4,AgentB wins,56.00,0,0,0,0,0,0,0,0,0,0
5,AgentA wins,17.33,0,0,0,0,0,0,0,0,0,0
6,AgentA wins,18.67,0,0,0,0,0,0,0,0,0,0
7,AgentA wins,28.00,0,0,0,0,0,0,0,0,0,0
8,AgentA wins,20.00,0,0,0,0,0,0,0,0,0,0
9,AgentA wins,34.33,0,0,0,0,0,0,0,0,0,0
10,AgentB wins,32.00,0,0,0,0,0,0,0,0,0,0
1,AgentB wins,32.67,0,0,0,0,0,0,0,0,0,0
2,AgentB wins,22.33,0,0,0,0,0,0,0,0,0,0
3,AgentB wins,17.00,0,0,0,0,0,0,0,0,0,0
4,timeout draw,60.33,0,0,0,0,0,0,0,0,0,0
5,AgentA wins,26.33,0,0,0,0,0,0,0,0,0,0
6,AgentA wins,25.00,0,0,0,0,0,0,0,0,0,0
7,AgentA wins,18.00,0,0,0,0,0,0,0,0,0,0
8,AgentA wins,27.00,0,0,0,0,0,0,0,0,0,0
9,AgentB wins,47.67,0,0,0,0,0,0,0,0,0,0
10,AgentA wins,26.00,0,0,0,0,0,0,0,0,0,0
1,AgentA wins,34.33,0,0,0,0,0,0,0,0,0,0
2,AgentB wins,26.67,0,0,0,0,0,0,0,0,0,0
3,timeout draw,60.00,0,0,0,0,0,0,0,0,0,0
4,AgentA wins,23.67,0,0,0,0,0,0,0,0,0,0
5,AgentA wins,42.00,0,0,0,0,0,0,0,0,0,0
6,timeout draw,60.00,0,0,0,0,0,0,0,0,0,0
7,AgentA wins,43.67,0,0,0,0,0,0,0,0,0,0
8,AgentA wins,37.00,0,0,0,0,0,0,0,0,0,0
9,AgentA wins,19.33,0,0,0,0,0,0,0,0,0,0
10,AgentB wins,36.00,0,0,0,0,0,0,0,0,0,0
11,AgentB wins,20.67,0,0,0,0,0,0,0,0,0,0
12,AgentB wins,23.67,0,0,0,0,0,0,0,0,0,0
13,AgentA wins,15.67,0,0,0,0,0,0,0,0,0,0
14,AgentB wins,20.67,0,0,0,0,0,0,0,0,0,0
15,AgentA wins,17.00,0,0,0,0,0,0,0,0,0,0
16,AgentB wins,20.67,0,0,0,0,0,0,0,0,0,0
17,AgentA wins,15.67,0,0,0,0,0,0,0,0,0,0
18,AgentA wins,25.00,0,0,0,0,0,0,0,0,0,0
19,AgentB wins,20.67,0,0,0,0,0,0,0,0,0,0
20,AgentA wins,22.67,0,0,0,0,0,0,0,0,0,0
11,AgentA wins,27.00,0,0,0,0,0,0,0,0,0,0
12,AgentA wins,24.67,0,0,0,0,0,0,0,0,0,0
13,AgentA wins,18.00,0,0,0,0,0,0,0,0,0,0
14,AgentB wins,20.67,0,0,0,0,0,0,0,0,0,0
15,AgentB wins,20.67,0,0,0,0,0,0,0,0,0,0
16,AgentB wins,15.67,0,0,0,0,0,0,0,0,0,0
17,AgentB wins,20.67,0,0,0,0,0,0,0,0,0,0
18,AgentA wins,15.67,0,0,0,0,0,0,0,0,0,0
19,AgentB wins,20.67,0,0,0,0,0,0,0,0,0,0
20,AgentA wins,15.67,0,0,0,0,0,0,0,0,0,0
11,AgentA wins,15.67,0,0,0,0,0,0,0,0,0,0
12,AgentB wins,18.00,0,0,0,0,0,0,0,0,0,0
13,AgentA wins,31.67,0,0,0,0,0,0,0,0,0,0
14,AgentA wins,15.67,0,0,0,0,0,0,0,0,0,0
15,AgentB wins,20.67,0,0,0,0,0,0,0,0,0,0
16,AgentA wins,15.67,0,0,0,0,0,0,0,0,0,0
17,AgentB wins,18.67,0,0,0,0,0,0,0,0,0,0
18,AgentB wins,23.67,0,0,0,0,0,0,0,0,0,0
19,AgentA wins,17.33,0,0,0,0,0,0,0,0,0,0
20,AgentA wins,15.67,0,0,0,0,0,0,0,0,0,0
11,AgentB wins,23.67,0,0,0,0,0,0,0,0,0,0
12,AgentA wins,32.33,0,0,0,0,0,0,0,0,0,0
13,AgentB wins,34.33,0,0,0,0,0,0,0,0,0,0
14,AgentB wins,20.67,0,0,0,0,0,0,0,0,0,0
15,AgentB wins,26.67,0,0,0,0,0,0,0,0,0,0
16,AgentB wins,20.67,0,0,0,0,0,0,0,0,0,0
17,AgentB wins,20.67,0,0,0,0,0,0,0,0,0,0
18,AgentB wins,23.67,0,0,0,0,0,0,0,0,0,0
19,AgentA wins,15.67,0,0,0,0,0,0,0,0,0,0
20,AgentA wins,23.33,0,0,0,0,0,0,0,0,0,0
11,AgentB wins,20.67,0,0,0,0,0,0,0,0,0,0
12,AgentA wins,19.00,0,0,0,0,0,0,0,0,0,0
13,timeout draw,60.00,0,0,0,0,0,0,0,0,0,0
14,AgentA wins,15.67,0,0,0,0,0,0,0,0,0,0
15,AgentB wins,20.67,0,0,0,0,0,0,0,0,0,0
16,AgentB wins,20.67,0,0,0,0,0,0,0,0,0,0
17,AgentB wins,20.67,0,0,0,0,0,0,0,0,0,0
18,AgentA wins,15.67,0,0,0,0,0,0,0,0,0,0
19,AgentB wins,21.67,0,0,0,0,0,0,0,0,0,0
20,AgentB wins,20.67,0,0,0,0,0,0,0,0,0,0
11,AgentB wins,17.33,0,0,0,0,0,0,0,0,0,0
12,AgentB wins,20.67,0,0,0,0,0,0,0,0,0,0
13,AgentB wins,23.67,0,0,0,0,0,0,0,0,0,0
14,AgentA wins,22.67,0,0,0,0,0,0,0,0,0,0
15,AgentA wins,22.67,0,0,0,0,0,0,0,0,0,0
16,AgentA wins,18.67,0,0,0,0,0,0,0,0,0,0
17,AgentA wins,19.67,0,0,0,0,0,0,0,0,0,0
18,AgentA wins,16.33,0,0,0,0,0,0,0,0,0,0
19,AgentB wins,20.67,0,0,0,0,0,0,0,0,0,0
20,AgentB wins,23.67,0,0,0,0,0,0,0,0,0,0
11,AgentA wins,18.00,0,0,0,0,0,0,0,0,0,0
12,AgentA wins,22.67,0,0,0,0,0,0,0,0,0,0
13,AgentB wins,23.67,0,0,0,0,0,0,0,0,0,0
14,AgentB wins,20.67,0,0,0,0,0,0,0,0,0,0
15,AgentA wins,17.33,0,0,0,0,0,0,0,0,0,0
16,AgentA wins,22.33,0,0,0,0,0,0,0,0,0,0
17,AgentB wins,23.67,0,0,0,0,0,0,0,0,0,0
18,AgentA wins,22.67,0,0,0,0,0,0,0,0,0,0
19,AgentB wins,20.67,0,0,0,0,0,0,0,0,0,0
20,AgentA wins,22.67,0,0,0,0,0,0,0,0,0,0
11,AgentA wins,23.33,0,0,0,0,0,0,0,0,0,0
12,AgentA wins,28.67,0,0,0,0,0,0,0,0,0,0
13,AgentB wins,27.67,0,0,0,0,0,0,0,0,0,0
14,AgentB wins,20.67,0,0,0,0,0,0,0,0,0,0
15,AgentA wins,18.00,0,0,0,0,0,0,0,0,0,0
16,AgentA wins,15.67,0,0,0,0,0,0,0,0,0,0
17,AgentB wins,20.67,0,0,0,0,0,0,0,0,0,0
18,AgentB wins,38.67,0,0,0,0,0,0,0,0,0,0
19,AgentA wins,22.67,0,0,0,0,0,0,0,0,0,0
20,AgentA wins,15.67,0,0,0,0,0,0,0,0,0,0
11,AgentB wins,21.00,0,0,0,0,0,0,0,0,0,0
12,AgentB wins,20.67,0,0,0,0,0,0,0,0,0,0
13,AgentB wins,20.67,0,0,0,0,0,0,0,0,0,0
14,AgentB wins,20.67,0,0,0,0,0,0,0,0,0,0
15,AgentA wins,15.67,0,0,0,0,0,0,0,0,0,0
16,AgentA wins,15.67,0,0,0,0,0,0,0,0,0,0
17,AgentA wins,15.67,0,0,0,0,0,0,0,0,0,0
18,AgentB wins,20.67,0,0,0,0,0,0,0,0,0,0
19,AgentB wins,24.67,0,0,0,0,0,0,0,0,0,0
20,AgentB wins,20.67,0,0,0,0,0,0,0,0,0,0
11,AgentA wins,17.00,0,0,0,0,0,0,0,0,0,0
12,AgentA wins,22.67,0,0,0,0,0,0,0,0,0,0
13,AgentA wins,19.00,0,0,0,0,0,0,0,0,0,0
14,AgentA wins,18.00,0,0,0,0,0,0,0,0,0,0
15,AgentA wins,27.67,0,0,0,0,0,0,0,0,0,0
16,AgentB wins,20.67,0,0,0,0,0,0,0,0,0,0
17,AgentB wins,21.67,0,0,0,0,0,0,0,0,0,0
18,AgentB wins,23.67,0,0,0,0,0,0,0,0,0,0
19,AgentB wins,20.67,0,0,0,0,0,0,0,0,0,0
20,AgentB wins,21.00,0,0,0,0,0,0,0,0,0,0
11,AgentA wins,15.00,0,0,0,0,0,0,0,0,0,0
12,AgentA wins,20.33,0,0,0,0,0,0,0,0,0,0
13,AgentB wins,20.67,0,0,0,0,0,0,0,0,0,0
14,AgentA wins,18.00,0,0,0,0,0,0,0,0,0,0
15,AgentA wins,18.00,0,0,0,0,0,0,0,0,0,0
16,AgentB wins,20.67,0,0,0,0,0,0,0,0,0,0
17,AgentB wins,21.67,0,0,0,0,0,0,0,0,0,0
18,AgentA wins,29.67,0,0,0,0,0,0,0,0,0,0
19,AgentB wins,18.00,0,0,0,0,0,0,0,0,0,0
20,AgentB wins,20.67,0,0,0,0,0,0,0,0,0,0
11,AgentA wins,19.33,0,0,0,0,0,0,0,0,0,0
12,AgentB wins,20.67,0,0,0,0,0,0,0,0,0,0
13,AgentB wins,27.67,0,0,0,0,0,0,0,0,0,0
14,AgentB wins,20.67,0,0,0,0,0,0,0,0,0,0
15,AgentA wins,30.00,0,0,0,0,0,0,0,0,0,0
16,AgentB wins,17.00,0,0,0,0,0,0,0,0,0,0
17,AgentA wins,22.33,0,0,0,0,0,0,0,0,0,0
18,AgentA wins,25.00,0,0,0,0,0,0,0,0,0,0
19,AgentB wins,20.67,0,0,0,0,0,0,0,0,0,0
20,AgentA wins,15.00,0,0,0,0,0,0,0,0,0,0
11,AgentA wins,15.67,0,0,0,0,0,0,0,0,0,0
12,AgentA wins,18.33,0,0,0,0,0,0,0,0,0,0
13,AgentA wins,36.67,0,0,0,0,0,0,0,0,0,0
14,AgentA wins,21.67,0,0,0,0,0,0,0,0,0,0
15,AgentB wins,20.67,0,0,0,0,0,0,0,0,0,0
16,AgentA wins,20.33,0,0,0,0,0,0,0,0,0,0
17,AgentA wins,22.67,0,0,0,0,0,0,0,0,0,0
18,AgentA wins,15.67,0,0,0,0,0,0,0,0,0,0
19,AgentA wins,22.67,0,0,0,0,0,0,0,0,0,0
20,AgentB wins,25.33,0,0,0,0,0,0,0,0,0,0
11,AgentA wins,22.67,0,0,0,0,0,0,0,0,0,0
12,timeout draw,60.00,0,0,0,0,0,0,0,0,0,0
13,AgentA wins,24.67,0,0,0,0,0,0,0,0,0,0
14,timeout draw,60.00,0,0,0,0,0,0,0,0,0,0
15,AgentB wins,18.00,0,0,0,0,0,0,0,0,0,0
16,AgentB wins,20.67,0,0,0,0,0,0,0,0,0,0
17,AgentB wins,22.67,0,0,0,0,0,0,0,0,0,0
18,AgentB wins,20.67,0,0,0,0,0,0,0,0,0,0
19,AgentA wins,22.67,0,0,0,0,0,0,0,0,0,0
20,AgentA wins,24.67,0,0,0,0,0,0,0,0,0,0
11,AgentA wins,27.67,247,209,50,100,0,172,0,21,66,24
12,AgentA wins,23.67,212,185,53,81,0,166,0,15,84,14
13,AgentA wins,32.00,286,241,81,109,0,202,0,19,89,27
14,AgentB wins,28.67,257,214,66,91,0,173,0,13,77,10
15,AgentB wins,27.33,251,205,62,97,0,171,0,18,68,21
16,AgentA wins,17.33,154,131,42,62,0,122,0,13,52,13
17,AgentA wins,32.33,293,249,76,126,0,218,0,25,88,24
18,AgentA wins,16.33,145,123,35,59,0,108,0,16,45,12
19,AgentA wins,18.00,160,136,36,74,0,114,0,12,41,11
20,AgentB wins,24.00,221,191,55,75,0,161,0,19,87,10
11,AgentA wins,18.67,0,0,0,0,0,0,0,0,0,0
12,AgentA wins,26.33,0,0,0,0,0,0,0,0,0,0
13,AgentA wins,26.67,0,0,0,0,0,0,0,0,0,0
14,AgentA wins,28.00,0,0,0,0,0,0,0,0,0,0
15,AgentA wins,19.33,0,0,0,0,0,0,0,0,0,0
16,AgentA wins,21.00,0,0,0,0,0,0,0,0,0,0
17,AgentA wins,28.67,0,0,0,0,0,0,0,0,0,0
18,AgentA wins,38.33,0,0,0,0,0,0,0,0,0,0
19,AgentA wins,22.33,0,0,0,0,0,0,0,0,0,0
20,AgentA wins,48.33,0,0,0,0,0,0,0,0,0,0
11,AgentB wins,22.33,0,0,0,0,0,0,0,0,0,0
12,AgentA wins,22.33,0,0,0,0,0,0,0,0,0,0
13,AgentB wins,27.33,0,0,0,0,0,0,0,0,0,0
14,AgentA wins,36.00,0,0,0,0,0,0,0,0,0,0
15,AgentA wins,22.00,0,0,0,0,0,0,0,0,0,0
16,AgentB wins,40.00,0,0,0,0,0,0,0,0,0,0
17,AgentA wins,25.33,0,0,0,0,0,0,0,0,0,0
18,AgentB wins,24.67,0,0,0,0,0,0,0,0,0,0
19,AgentA wins,27.00,0,0,0,0,0,0,0,0,0,0
20,AgentB wins,27.33,0,0,0,0,0,0,0,0,0,0
11,AgentA wins,27.67,0,0,0,0,0,0,0,0,0,0
12,AgentA wins,35.67,0,0,0,0,0,0,0,0,0,0
13,AgentB wins,23.67,0,0,0,0,0,0,0,0,0,0
14,AgentB wins,35.00,0,0,0,0,0,0,0,0,0,0
15,AgentA wins,25.33,0,0,0,0,0,0,0,0,0,0
16,AgentA wins,21.67,0,0,0,0,0,0,0,0,0,0
17,AgentB wins,42.67,0,0,0,0,0,0,0,0,0,0
18,AgentA wins,22.33,0,0,0,0,0,0,0,0,0,0
19,AgentA wins,27.33,0,0,0,0,0,0,0,0,0,0
20,AgentA wins,22.33,0,0,0,0,0,0,0,0,0,0
11,AgentA wins,18.00,0,0,0,0,0,0,0,0,0,0
12,AgentB wins,20.67,0,0,0,0,0,0,0,0,0,0
13,AgentB wins,20.67,0,0,0,0,0,0,0,0,0,0
14,AgentB wins,25.00,0,0,0,0,0,0,0,0,0,0
15,timeout draw,60.00,0,0,0,0,0,0,0,0,0,0
16,AgentB wins,20.67,0,0,0,0,0,0,0,0,0,0
17,timeout draw,60.00,0,0,0,0,0,0,0,0,0,0
18,AgentB wins,24.00,0,0,0,0,0,0,0,0,0,0
19,AgentB wins,20.67,0,0,0,0,0,0,0,0,0,0
20,AgentA wins,15.00,0,0,0,0,0,0,0,0,0,0
11,AgentA wins,23.33,0,0,0,0,0,0,0,0,0,0
12,AgentA wins,31.67,0,0,0,0,0,0,0,0,0,0
13,AgentA wins,18.33,0,0,0,0,0,0,0,0,0,0
14,AgentA wins,25.33,0,0,0,0,0,0,0,0,0,0
15,AgentA wins,24.67,0,0,0,0,0,0,0,0,0,0
16,AgentA wins,32.33,0,0,0,0,0,0,0,0,0,0
17,AgentA wins,31.67,0,0,0,0,0,0,0,0,0,0
18,AgentA wins,22.33,0,0,0,0,0,0,0,0,0,0
19,timeout draw,60.00,0,0,0,0,0,0,0,0,0,0
20,AgentA wins,24.67,0,0,0,0,0,0,0,0,0,0
11,AgentA wins,23.33,0,0,0,0,0,0,0,0,0,0
12,AgentA wins,41.00,0,0,0,0,0,0,0,0,0,0
13,AgentB wins,33.00,0,0,0,0,0,0,0,0,0,0
14,timeout draw,60.00,0,0,0,0,0,0,0,0,0,0
15,AgentA wins,35.33,0,0,0,0,0,0,0,0,0,0
16,AgentA wins,32.00,0,0,0,0,0,0,0,0,0,0
17,AgentA wins,34.67,0,0,0,0,0,0,0,0,0,0
18,AgentA wins,45.33,0,0,0,0,0,0,0,0,0,0
19,AgentB wins,32.33,0,0,0,0,0,0,0,0,0,0
20,AgentA wins,22.33,0,0,0,0,0,0,0,0,0,0
11,AgentA wins,28.33,0,0,0,0,0,0,0,0,0,0
12,AgentA wins,54.33,0,0,0,0,0,0,0,0,0,0
13,AgentA wins,22.00,0,0,0,0,0,0,0,0,0,0
14,AgentA wins,54.00,0,0,0,0,0,0,0,0,0,0
15,AgentB wins,23.33,0,0,0,0,0,0,0,0,0,0
16,AgentA wins,23.67,0,0,0,0,0,0,0,0,0,0
17,AgentB wins,32.00,0,0,0,0,0,0,0,0,0,0
18,AgentA wins,18.67,0,0,0,0,0,0,0,0,0,0
19,AgentA wins,26.33,0,0,0,0,0,0,0,0,0,0
20,AgentA wins,22.00,0,0,0,0,0,0,0,0,0,0
11,AgentB wins,30.67,0,0,0,0,0,0,0,0,0,0
12,AgentA wins,16.67,0,0,0,0,0,0,0,0,0,0
13,timeout draw,60.00,0,0,0,0,0,0,0,0,0,0
14,AgentA wins,22.00,0,0,0,0,0,0,0,0,0,0
15,AgentB wins,21.33,0,0,0,0,0,0,0,0,0,0
16,AgentA wins,24.67,0,0,0,0,0,0,0,0,0,0
17,AgentB wins,39.00,0,0,0,0,0,0,0,0,0,0
18,AgentB wins,42.33,0,0,0,0,0,0,0,0,0,0
19,AgentA wins,27.67,0,0,0,0,0,0,0,0,0,0
20,AgentA wins,43.33,0,0,0,0,0,0,0,0,0,0
21,AgentB wins,14.33,0,0,0,0,0,0,0,0,0,0
22,AgentB wins,20.67,0,0,0,0,0,0,0,0,0,0
23,AgentA wins,17.33,0,0,0,0,0,0,0,0,0,0
24,AgentB wins,20.67,0,0,0,0,0,0,0,0,0,0
25,AgentA wins,15.67,0,0,0,0,0,0,0,0,0,0
26,AgentA wins,32.00,0,0,0,0,0,0,0,0,0,0
27,AgentA wins,22.67,0,0,0,0,0,0,0,0,0,0
28,AgentB wins,20.67,0,0,0,0,0,0,0,0,0,0
29,AgentA wins,15.67,0,0,0,0,0,0,0,0,0,0
30,AgentA wins,22.67,0,0,0,0,0,0,0,0,0,0
11,AgentA wins,18.00,0,0,0,0,0,0,0,0,0,0
12,AgentB wins,20.67,0,0,0,0,0,0,0,0,0,0
13,timeout draw,60.00,0,0,0,0,0,0,0,0,0,0
14,AgentA wins,30.33,0,0,0,0,0,0,0,0,0,0
15,AgentA wins,24.00,0,0,0,0,0,0,0,0,0,0
16,AgentA wins,22.67,0,0,0,0,0,0,0,0,0,0
17,timeout draw,60.00,0,0,0,0,0,0,0,0,0,0
18,AgentA wins,42.33,0,0,0,0,0,0,0,0,0,0
19,AgentA wins,28.33,0,0,0,0,0,0,0,0,0,0
20,AgentA wins,21.67,0,0,0,0,0,0,0,0,0,0
21,AgentA wins,15.67,0,0,0,0,0,0,0,0,0,0
22,AgentB wins,23.67,0,0,0,0,0,0,0,0,0,0
23,AgentB wins,23.67,0,0,0,0,0,0,0,0,0,0
24,AgentA wins,22.33,0,0,0,0,0,0,0,0,0,0
25,AgentB wins,14.33,0,0,0,0,0,0,0,0,0,0
26,AgentB wins,20.67,0,0,0,0,0,0,0,0,0,0
27,AgentA wins,15.67,0,0,0,0,0,0,0,0,0,0
28,AgentA wins,15.67,0,0,0,0,0,0,0,0,0,0
29,AgentA wins,15.00,0,0,0,0,0,0,0,0,0,0
30,AgentB wins,23.67,0,0,0,0,0,0,0,0,0,0
11,AgentA wins,27.33,0,0,0,0,0,0,0,0,0,0
12,AgentA wins,38.33,0,0,0,0,0,0,0,0,0,0
13,AgentA wins,32.00,0,0,0,0,0,0,0,0,0,0
14,AgentB wins,31.33,0,0,0,0,0,0,0,0,0,0
15,AgentA wins,22.33,0,0,0,0,0,0,0,0,0,0
16,AgentA wins,21.67,0,0,0,0,0,0,0,0,0,0
17,AgentA wins,32.33,0,0,0,0,0,0,0,0,0,0
18,AgentB wins,29.00,0,0,0,0,0,0,0,0,0,0
19,AgentA wins,25.00,0,0,0,0,0,0,0,0,0,0
20,AgentA wins,19.33,0,0,0,0,0,0,0,0,0,0
21,AgentA wins,26.67,0,0,0,0,0,0,0,0,0,0
22,AgentA wins,22.67,0,0,0,0,0,0,0,0,0,0
23,AgentB wins,20.67,0,0,0,0,0,0,0,0,0,0
24,AgentA wins,27.67,0,0,0,0,0,0,0,0,0,0
25,AgentA wins,15.67,0,0,0,0,0,0,0,0,0,0
26,AgentB wins,20.67,0,0,0,0,0,0,0,0,0,0
27,AgentA wins,16.33,0,0,0,0,0,0,0,0,0,0
28,AgentB wins,20.67,0,0,0,0,0,0,0,0,0,0
29,AgentA wins,15.67,0,0,0,0,0,0,0,0,0,0
30,AgentA wins,15.67,0,0,0,0,0,0,0,0,0,0
21,AgentA wins,48.00,0,0,0,0,0,0,0,0,0,0
22,AgentB wins,20.67,0,0,0,0,0,0,0,0,0,0
23,AgentB wins,20.67,0,0,0,0,0,0,0,0,0,0
24,AgentB wins,20.67,0,0,0,0,0,0,0,0,0,0
25,AgentA wins,32.67,0,0,0,0,0,0,0,0,0,0
26,AgentB wins,20.67,0,0,0,0,0,0,0,0,0,0
27,AgentB wins,23.67,0,0,0,0,0,0,0,0,0,0
28,AgentA wins,28.00,0,0,0,0,0,0,0,0,0,0
29,AgentA wins,17.00,0,0,0,0,0,0,0,0,0,0
30,AgentB wins,20.67,0,0,0,0,0,0,0,0,0,0
21,AgentA wins,15.67,0,0,0,0,0,0,0,0,0,0
22,AgentA wins,22.33,0,0,0,0,0,0,0,0,0,0
23,AgentA wins,22.33,0,0,0,0,0,0,0,0,0,0
24,AgentB wins,23.67,0,0,0,0,0,0,0,0,0,0
25,AgentA wins,15.67,0,0,0,0,0,0,0,0,0,0
26,AgentB wins,14.33,0,0,0,0,0,0,0,0,0,0
27,AgentB wins,18.33,0,0,0,0,0,0,0,0,0,0
28,AgentB wins,20.67,0,0,0,0,0,0,0,0,0,0
29,AgentA wins,22.67,0,0,0,0,0,0,0,0,0,0
30,AgentB wins,20.67,0,0,0,0,0,0,0,0,0,0
21,AgentA wins,15.67,0,0,0,0,0,0,0,0,0,0
22,AgentA wins,22.33,0,0,0,0,0,0,0,0,0,0
23,AgentA wins,22.67,0,0,0,0,0,0,0,0,0,0
24,AgentB wins,20.67,0,0,0,0,0,0,0,0,0,0
25,AgentA wins,22.67,0,0,0,0,0,0,0,0,0,0
26,AgentB wins,23.67,0,0,0,0,0,0,0,0,0,0
27,AgentA wins,15.67,0,0,0,0,0,0,0,0,0,0
28,AgentA wins,22.67,0,0,0,0,0,0,0,0,0,0
29,AgentA wins,18.67,0,0,0,0,0,0,0,0,0,0
30,AgentA wins,22.67,0,0,0,0,0,0,0,0,0,0
21,AgentB wins,23.67,0,0,0,0,0,0,0,0,0,0
22,AgentA wins,15.67,0,0,0,0,0,0,0,0,0,0
23,AgentA wins,15.67,0,0,0,0,0,0,0,0,0,0
24,AgentA wins,22.67,0,0,0,0,0,0,0,0,0,0
25,AgentA wins,22.67,0,0,0,0,0,0,0,0,0,0
26,AgentA wins,42.00,0,0,0,0,0,0,0,0,0,0
27,AgentA wins,15.67,0,0,0,0,0,0,0,0,0,0
28,AgentB wins,23.67,0,0,0,0,0,0,0,0,0,0
29,AgentA wins,15.67,0,0,0,0,0,0,0,0,0,0
30,AgentB wins,20.67,0,0,0,0,0,0,0,0,0,0
21,AgentA wins,22.67,0,0,0,0,0,0,0,0,0,0
22,AgentA wins,15.67,0,0,0,0,0,0,0,0,0,0
23,AgentA wins,21.00,0,0,0,0,0,0,0,0,0,0
24,AgentB wins,20.67,0,0,0,0,0,0,0,0,0,0
25,AgentB wins,20.67,0,0,0,0,0,0,0,0,0,0
26,AgentB wins,23.67,0,0,0,0,0,0,0,0,0,0
27,AgentA wins,15.67,0,0,0,0,0,0,0,0,0,0
28,AgentA wins,16.33,0,0,0,0,0,0,0,0,0,0
29,AgentB wins,20.67,0,0,0,0,0,0,0,0,0,0
30,AgentB wins,20.67,0,0,0,0,0,0,0,0,0,0
21,AgentA wins,15.67,0,0,0,0,0,0,0,0,0,0
22,AgentB wins,23.67,0,0,0,0,0,0,0,0,0,0
23,AgentA wins,22.67,0,0,0,0,0,0,0,0,0,0
24,AgentA wins,15.67,0,0,0,0,0,0,0,0,0,0
25,AgentA wins,22.67,0,0,0,0,0,0,0,0,0,0
26,AgentB wins,20.67,0,0,0,0,0,0,0,0,0,0
27,AgentB wins,23.67,0,0,0,0,0,0,0,0,0,0
28,AgentB wins,23.67,0,0,0,0,0,0,0,0,0,0
29,AgentA wins,15.67,0,0,0,0,0,0,0,0,0,0
30,AgentB wins,20.67,0,0,0,0,0,0,0,0,0,0
21,AgentB wins,20.67,0,0,0,0,0,0,0,0,0,0
22,AgentB wins,18.33,0,0,0,0,0,0,0,0,0,0
23,AgentB wins,20.67,0,0,0,0,0,0,0,0,0,0
24,AgentB wins,20.67,0,0,0,0,0,0,0,0,0,0
25,AgentB wins,20.67,0,0,0,0,0,0,0,0,0,0
26,AgentB wins,20.67,0,0,0,0,0,0,0,0,0,0
27,AgentB wins,20.67,0,0,0,0,0,0,0,0,0,0
28,AgentB wins,20.67,0,0,0,0,0,0,0,0,0,0
29,AgentB wins,20.67,0,0,0,0,0,0,0,0,0,0
30,AgentB wins,20.67,0,0,0,0,0,0,0,0,0,0
21,AgentA wins,17.00,0,0,0,0,0,0,0,0,0,0
22,AgentB wins,23.67,0,0,0,0,0,0,0,0,0,0
23,AgentB wins,20.67,0,0,0,0,0,0,0,0,0,0
24,AgentB wins,23.67,0,0,0,0,0,0,0,0,0,0
25,AgentB wins,23.67,0,0,0,0,0,0,0,0,0,0
26,AgentA wins,15.67,0,0,0,0,0,0,0,0,0,0
27,AgentA wins,27.00,0,0,0,0,0,0,0,0,0,0
28,AgentB wins,18.67,0,0,0,0,0,0,0,0,0,0
29,AgentA wins,22.67,0,0,0,0,0,0,0,0,0,0
30,AgentB wins,27.67,0,0,0,0,0,0,0,0,0,0
21,AgentB wins,20.67,0,0,0,0,0,0,0,0,0,0
22,AgentA wins,24.67,0,0,0,0,0,0,0,0,0,0
23,AgentA wins,19.67,0,0,0,0,0,0,0,0,0,0
24,AgentA wins,22.33,0,0,0,0,0,0,0,0,0,0
25,AgentB wins,20.67,0,0,0,0,0,0,0,0,0,0
26,AgentA wins,19.67,0,0,0,0,0,0,0,0,0,0
27,AgentB wins,17.67,0,0,0,0,0,0,0,0,0,0
28,AgentB wins,20.67,0,0,0,0,0,0,0,0,0,0
29,AgentA wins,28.00,0,0,0,0,0,0,0,0,0,0
30,AgentB wins,20.67,0,0,0,0,0,0,0,0,0,0
21,AgentB wins,20.67,0,0,0,0,0,0,0,0,0,0
22,AgentA wins,15.00,0,0,0,0,0,0,0,0,0,0
23,timeout draw,60.00,0,0,0,0,0,0,0,0,0,0
24,AgentA wins,22.00,0,0,0,0,0,0,0,0,0,0
25,AgentB wins,20.67,0,0,0,0,0,0,0,0,0,0
26,AgentA wins,26.67,0,0,0,0,0,0,0,0,0,0
27,AgentB wins,23.67,0,0,0,0,0,0,0,0,0,0
28,AgentA wins,22.67,0,0,0,0,0,0,0,0,0,0
29,AgentB wins,23.67,0,0,0,0,0,0,0,0,0,0
30,AgentB wins,20.67,0,0,0,0,0,0,0,0,0,0
21,AgentA wins,18.33,168,138,42,74,0,127,0,14,50,4
22,AgentA wins,24.67,229,180,49,91,0,161,0,18,57,18
23,AgentA wins,35.67,327,272,67,128,0,227,0,23,91,20
24,AgentA wins,16.33,148,128,34,52,0,117,0,9,55,17
25,AgentA wins,27.67,259,212,49,108,0,189,0,15,78,16
26,AgentA wins,16.33,147,132,31,65,0,118,0,12,51,8
27,AgentA wins,17.33,154,132,32,53,0,119,0,3,61,12
28,AgentB wins,29.00,266,225,58,101,0,196,0,16,95,13
29,AgentA wins,22.33,205,170,45,89,0,155,0,13,64,11
30,AgentA wins,27.33,251,216,47,115,0,196,0,20,82,11
21,AgentB wins,23.67,0,0,0,0,0,0,0,0,0,0
22,timeout draw,60.00,0,0,0,0,0,0,0,0,0,0
23,AgentB wins,18.00,0,0,0,0,0,0,0,0,0,0
24,AgentB wins,23.67,0,0,0,0,0,0,0,0,0,0
25,AgentB wins,20.67,0,0,0,0,0,0,0,0,0,0
26,AgentA wins,15.00,0,0,0,0,0,0,0,0,0,0
27,AgentA wins,22.67,0,0,0,0,0,0,0,0,0,0
28,AgentB wins,20.67,0,0,0,0,0,0,0,0,0,0
29,AgentA wins,19.67,0,0,0,0,0,0,0,0,0,0
30,AgentA wins,24.67,0,0,0,0,0,0,0,0,0,0
21,AgentB wins,23.67,0,0,0,0,0,0,0,0,0,0
22,AgentB wins,20.67,0,0,0,0,0,0,0,0,0,0
23,AgentA wins,22.33,0,0,0,0,0,0,0,0,0,0
24,AgentA wins,23.33,0,0,0,0,0,0,0,0,0,0
25,AgentB wins,21.00,0,0,0,0,0,0,0,0,0,0
26,AgentB wins,20.67,0,0,0,0,0,0,0,0,0,0
27,AgentB wins,20.67,0,0,0,0,0,0,0,0,0,0
28,AgentA wins,22.33,0,0,0,0,0,0,0,0,0,0
29,AgentB wins,21.00,0,0,0,0,0,0,0,0,0,0
30,AgentA wins,22.67,0,0,0,0,0,0,0,0,0,0
31,AgentB wins,14.67,0,0,0,0,0,0,0,0,0,0
32,AgentB wins,20.67,0,0,0,0,0,0,0,0,0,0
33,AgentA wins,17.33,0,0,0,0,0,0,0,0,0,0
34,AgentB wins,20.67,0,0,0,0,0,0,0,0,0,0
35,AgentB wins,20.67,0,0,0,0,0,0,0,0,0,0
36,AgentA wins,24.00,0,0,0,0,0,0,0,0,0,0
37,AgentB wins,15.67,0,0,0,0,0,0,0,0,0,0
38,AgentA wins,15.67,0,0,0,0,0,0,0,0,0,0
39,AgentA wins,15.67,0,0,0,0,0,0,0,0,0,0
40,AgentB wins,20.67,0,0,0,0,0,0,0,0,0,0
21,AgentA wins,24.67,0,0,0,0,0,0,0,0,0,0
22,AgentA wins,36.67,0,0,0,0,0,0,0,0,0,0
23,AgentA wins,34.33,0,0,0,0,0,0,0,0,0,0
24,AgentA wins,34.33,0,0,0,0,0,0,0,0,0,0
25,AgentA wins,30.00,0,0,0,0,0,0,0,0,0,0
26,AgentA wins,27.67,0,0,0,0,0,0,0,0,0,0
27,AgentB wins,23.33,0,0,0,0,0,0,0,0,0,0
28,AgentA wins,22.00,0,0,0,0,0,0,0,0,0,0
29,AgentA wins,36.33,0,0,0,0,0,0,0,0,0,0
30,AgentA wins,16.33,0,0,0,0,0,0,0,0,0,0
21,AgentB wins,30.33,0,0,0,0,0,0,0,0,0,0
22,AgentB wins,35.33,0,0,0,0,0,0,0,0,0,0
23,AgentA wins,19.33,0,0,0,0,0,0,0,0,0,0
24,AgentA wins,21.67,0,0,0,0,0,0,0,0,0,0
25,AgentA wins,30.00,0,0,0,0,0,0,0,0,0,0
26,AgentA wins,21.67,0,0,0,0,0,0,0,0,0,0
27,AgentA wins,19.00,0,0,0,0,0,0,0,0,0,0
28,AgentA wins,24.67,0,0,0,0,0,0,0,0,0,0
29,AgentA wins,27.33,0,0,0,0,0,0,0,0,0,0
30,AgentA wins,28.67,0,0,0,0,0,0,0,0,0,0
31,AgentA wins,15.67,0,0,0,0,0,0,0,0,0,0
32,AgentB wins,23.67,0,0,0,0,0,0,0,0,0,0
33,AgentB wins,20.67,0,0,0,0,0,0,0,0,0,0
34,AgentB wins,20.67,0,0,0,0,0,0,0,0,0,0
35,AgentB wins,20.67,0,0,0,0,0,0,0,0,0,0
36,AgentA wins,15.67,0,0,0,0,0,0,0,0,0,0
37,AgentB wins,20.67,0,0,0,0,0,0,0,0,0,0
38,AgentB wins,20.67,0,0,0,0,0,0,0,0,0,0
39,AgentA wins,18.33,0,0,0,0,0,0,0,0,0,0
40,AgentB wins,20.67,0,0,0,0,0,0,0,0,0,0
21,AgentA wins,30.67,0,0,0,0,0,0,0,0,0,0
22,AgentA wins,15.67,0,0,0,0,0,0,0,0,0,0
23,AgentA wins,21.67,0,0,0,0,0,0,0,0,0,0
24,AgentA wins,28.00,0,0,0,0,0,0,0,0,0,0
25,AgentA wins,29.00,0,0,0,0,0,0,0,0,0,0
26,AgentA wins,17.33,0,0,0,0,0,0,0,0,0,0
27,AgentA wins,27.33,0,0,0,0,0,0,0,0,0,0
28,AgentA wins,19.33,0,0,0,0,0,0,0,0,0,0
29,AgentA wins,22.33,0,0,0,0,0,0,0,0,0,0
30,AgentA wins,19.33,0,0,0,0,0,0,0,0,0,0
21,AgentB wins,27.00,0,0,0,0,0,0,0,0,0,0
22,AgentB wins,26.67,0,0,0,0,0,0,0,0,0,0
23,AgentA wins,35.67,0,0,0,0,0,0,0,0,0,0
24,AgentA wins,31.00,0,0,0,0,0,0,0,0,0,0
25,timeout draw,60.00,0,0,0,0,0,0,0,0,0,0
26,AgentA wins,21.67,0,0,0,0,0,0,0,0,0,0
27,AgentB wins,19.00,0,0,0,0,0,0,0,0,0,0
28,AgentA wins,22.33,0,0,0,0,0,0,0,0,0,0
29,AgentA wins,44.67,0,0,0,0,0,0,0,0,0,0
30,AgentB wins,32.33,0,0,0,0,0,0,0,0,0,0
21,AgentA wins,16.33,0,0,0,0,0,0,0,0,0,0
22,AgentB wins,28.67,0,0,0,0,0,0,0,0,0,0
23,AgentB wins,32.33,0,0,0,0,0,0,0,0,0,0
24,AgentA wins,44.33,0,0,0,0,0,0,0,0,0,0
25,AgentA wins,33.67,0,0,0,0,0,0,0,0,0,0
26,AgentA wins,22.33,0,0,0,0,0,0,0,0,0,0
27,AgentA wins,28.00,0,0,0,0,0,0,0,0,0,0
28,AgentA wins,24.67,0,0,0,0,0,0,0,0,0,0
29,AgentB wins,26.33,0,0,0,0,0,0,0,0,0,0
30,AgentA wins,19.33,0,0,0,0,0,0,0,0,0,0
21,AgentB wins,28.67,0,0,0,0,0,0,0,0,0,0
22,AgentB wins,29.33,0,0,0,0,0,0,0,0,0,0
23,AgentA wins,25.00,0,0,0,0,0,0,0,0,0,0
24,AgentA wins,21.67,0,0,0,0,0,0,0,0,0,0
25,AgentA wins,22.00,0,0,0,0,0,0,0,0,0,0
26,AgentA wins,22.00,0,0,0,0,0,0,0,0,0,0
27,AgentA wins,27.33,0,0,0,0,0,0,0,0,0,0
28,AgentA wins,24.67,0,0,0,0,0,0,0,0,0,0
29,AgentB wins,29.67,0,0,0,0,0,0,0,0,0,0
30,AgentA wins,30.33,0,0,0,0,0,0,0,0,0,0
31,AgentB wins,20.67,0,0,0,0,0,0,0,0,0,0
32,AgentB wins,20.67,0,0,0,0,0,0,0,0,0,0
33,AgentB wins,20.67,0,0,0,0,0,0,0,0,0,0
34,AgentA wins,15.67,0,0,0,0,0,0,0,0,0,0
35,AgentB wins,20.67,0,0,0,0,0,0,0,0,0,0
36,AgentB wins,20.67,0,0,0,0,0,0,0,0,0,0
37,AgentA wins,18.33,0,0,0,0,0,0,0,0,0,0
38,AgentA wins,21.00,0,0,0,0,0,0,0,0,0,0
39,AgentA wins,22.33,0,0,0,0,0,0,0,0,0,0
40,AgentB wins,23.67,0,0,0,0,0,0,0,0,0,0
31,AgentA wins,22.67,0,0,0,0,0,0,0,0,0,0
32,AgentB wins,21.00,0,0,0,0,0,0,0,0,0,0
33,AgentA wins,17.33,0,0,0,0,0,0,0,0,0,0
34,AgentB wins,20.67,0,0,0,0,0,0,0,0,0,0
35,AgentB wins,20.67,0,0,0,0,0,0,0,0,0,0
36,AgentA wins,19.33,0,0,0,0,0,0,0,0,0,0
37,AgentA wins,19.00,0,0,0,0,0,0,0,0,0,0
38,AgentA wins,21.33,0,0,0,0,0,0,0,0,0,0
39,AgentA wins,22.33,0,0,0,0,0,0,0,0,0,0
40,AgentB wins,20.67,0,0,0,0,0,0,0,0,0,0
31,AgentB wins,20.67,0,0,0,0,0,0,0,0,0,0
32,AgentB wins,20.67,0,0,0,0,0,0,0,0,0,0
33,AgentA wins,19.33,0,0,0,0,0,0,0,0,0,0
34,AgentA wins,16.33,0,0,0,0,0,0,0,0,0,0
35,AgentA wins,22.67,0,0,0,0,0,0,0,0,0,0
36,AgentB wins,20.67,0,0,0,0,0,0,0,0,0,0
37,AgentB wins,20.67,0,0,0,0,0,0,0,0,0,0
38,AgentB wins,20.67,0,0,0,0,0,0,0,0,0,0
39,AgentB wins,20.67,0,0,0,0,0,0,0,0,0,0
40,AgentB wins,20.67,0,0,0,0,0,0,0,0,0,0
31,AgentB wins,23.67,0,0,0,0,0,0,0,0,0,0
32,AgentA wins,19.67,0,0,0,0,0,0,0,0,0,0
33,AgentB wins,14.67,0,0,0,0,0,0,0,0,0,0
34,AgentA wins,15.67,0,0,0,0,0,0,0,0,0,0
35,AgentB wins,20.67,0,0,0,0,0,0,0,0,0,0
36,AgentB wins,20.67,0,0,0,0,0,0,0,0,0,0
37,AgentA wins,22.67,0,0,0,0,0,0,0,0,0,0
38,AgentB wins,21.00,0,0,0,0,0,0,0,0,0,0
39,AgentB wins,20.67,0,0,0,0,0,0,0,0,0,0
40,AgentA wins,27.00,0,0,0,0,0,0,0,0,0,0
31,AgentB wins,20.67,0,0,0,0,0,0,0,0,0,0
32,AgentB wins,23.67,0,0,0,0,0,0,0,0,0,0
33,AgentA wins,15.00,0,0,0,0,0,0,0,0,0,0
34,AgentB wins,20.67,0,0,0,0,0,0,0,0,0,0
35,AgentA wins,15.67,0,0,0,0,0,0,0,0,0,0
36,AgentA wins,22.33,0,0,0,0,0,0,0,0,0,0
37,AgentB wins,20.67,0,0,0,0,0,0,0,0,0,0
38,AgentA wins,22.67,0,0,0,0,0,0,0,0,0,0
39,AgentA wins,22.33,0,0,0,0,0,0,0,0,0,0
40,AgentB wins,20.67,0,0,0,0,0,0,0,0,0,0
31,AgentA wins,15.67,0,0,0,0,0,0,0,0,0,0
32,AgentA wins,15.67,0,0,0,0,0,0,0,0,0,0
33,AgentB wins,20.67,0,0,0,0,0,0,0,0,0,0
34,AgentB wins,20.67,0,0,0,0,0,0,0,0,0,0
35,AgentA wins,18.33,0,0,0,0,0,0,0,0,0,0
36,AgentB wins,20.67,0,0,0,0,0,0,0,0,0,0
37,AgentB wins,20.67,0,0,0,0,0,0,0,0,0,0
38,AgentB wins,23.67,0,0,0,0,0,0,0,0,0,0
39,AgentB wins,23.67,0,0,0,0,0,0,0,0,0,0
40,AgentA wins,18.67,0,0,0,0,0,0,0,0,0,0
31,AgentB wins,23.67,0,0,0,0,0,0,0,0,0,0
32,AgentB wins,23.67,0,0,0,0,0,0,0,0,0,0
33,AgentA wins,15.67,0,0,0,0,0,0,0,0,0,0
34,AgentB wins,20.67,0,0,0,0,0,0,0,0,0,0
35,AgentA wins,21.00,0,0,0,0,0,0,0,0,0,0
36,AgentB wins,23.67,0,0,0,0,0,0,0,0,0,0
37,AgentA wins,27.67,0,0,0,0,0,0,0,0,0,0
38,AgentB wins,23.67,0,0,0,0,0,0,0,0,0,0
39,AgentB wins,23.67,0,0,0,0,0,0,0,0,0,0
40,AgentB wins,23.67,0,0,0,0,0,0,0,0,0,0
21,AgentB wins,31.00,0,0,0,0,0,0,0,0,0,0
22,AgentB wins,29.33,0,0,0,0,0,0,0,0,0,0
23,AgentA wins,44.67,0,0,0,0,0,0,0,0,0,0
24,AgentA wins,30.67,0,0,0,0,0,0,0,0,0,0
25,AgentA wins,19.33,0,0,0,0,0,0,0,0,0,0
26,AgentB wins,39.33,0,0,0,0,0,0,0,0,0,0
27,AgentB wins,21.00,0,0,0,0,0,0,0,0,0,0
28,AgentA wins,27.33,0,0,0,0,0,0,0,0,0,0
29,AgentA wins,22.33,0,0,0,0,0,0,0,0,0,0
30,AgentB wins,29.00,0,0,0,0,0,0,0,0,0,0
31,AgentB wins,20.67,0,0,0,0,0,0,0,0,0,0
32,AgentB wins,23.67,0,0,0,0,0,0,0,0,0,0
33,AgentA wins,24.67,0,0,0,0,0,0,0,0,0,0
34,AgentB wins,20.67,0,0,0,0,0,0,0,0,0,0
35,AgentB wins,23.67,0,0,0,0,0,0,0,0,0,0
36,AgentA wins,15.67,0,0,0,0,0,0,0,0,0,0
37,AgentA wins,18.33,0,0,0,0,0,0,0,0,0,0
38,AgentA wins,22.67,0,0,0,0,0,0,0,0,0,0
39,AgentB wins,14.67,0,0,0,0,0,0,0,0,0,0
40,AgentB wins,20.67,0,0,0,0,0,0,0,0,0,0
21,AgentA wins,21.67,0,0,0,0,0,0,0,0,0,0
22,AgentB wins,15.00,0,0,0,0,0,0,0,0,0,0
23,AgentA wins,31.00,0,0,0,0,0,0,0,0,0,0
24,AgentA wins,42.00,0,0,0,0,0,0,0,0,0,0
25,AgentA wins,17.33,0,0,0,0,0,0,0,0,0,0
26,AgentA wins,29.67,0,0,0,0,0,0,0,0,0,0
27,AgentA wins,24.67,0,0,0,0,0,0,0,0,0,0
28,AgentA wins,16.33,0,0,0,0,0,0,0,0,0,0
29,AgentA wins,25.00,0,0,0,0,0,0,0,0,0,0
30,AgentA wins,25.33,0,0,0,0,0,0,0,0,0,0
31,AgentB wins,20.67,0,0,0,0,0,0,0,0,0,0
32,AgentB wins,20.67,0,0,0,0,0,0,0,0,0,0
33,AgentB wins,20.67,0,0,0,0,0,0,0,0,0,0
34,AgentA wins,27.00,0,0,0,0,0,0,0,0,0,0
35,AgentA wins,25.33,0,0,0,0,0,0,0,0,0,0
36,AgentB wins,20.67,0,0,0,0,0,0,0,0,0,0
37,AgentB wins,23.67,0,0,0,0,0,0,0,0,0,0
38,AgentB wins,20.67,0,0,0,0,0,0,0,0,0,0
39,AgentB wins,20.67,0,0,0,0,0,0,0,0,0,0
40,AgentB wins,20.67,0,0,0,0,0,0,0,0,0,0
21,AgentB wins,29.33,0,0,0,0,0,0,0,0,0,0
22,AgentA wins,19.33,0,0,0,0,0,0,0,0,0,0
23,AgentA wins,25.33,0,0,0,0,0,0,0,0,0,0
24,AgentA wins,44.33,0,0,0,0,0,0,0,0,0,0
25,AgentA wins,24.67,0,0,0,0,0,0,0,0,0,0
26,AgentB wins,23.33,0,0,0,0,0,0,0,0,0,0
27,AgentA wins,19.33,0,0,0,0,0,0,0,0,0,0
28,AgentA wins,45.00,0,0,0,0,0,0,0,0,0,0
29,AgentA wins,27.33,0,0,0,0,0,0,0,0,0,0
30,AgentA wins,27.67,0,0,0,0,0,0,0,0,0,0
31,AgentB wins,20.67,0,0,0,0,0,0,0,0,0,0
32,AgentA wins,22.67,0,0,0,0,0,0,0,0,0,0
33,AgentB wins,20.67,0,0,0,0,0,0,0,0,0,0
34,AgentB wins,26.33,0,0,0,0,0,0,0,0,0,0
35,AgentB wins,20.67,0,0,0,0,0,0,0,0,0,0
36,AgentB wins,20.67,0,0,0,0,0,0,0,0,0,0
37,AgentB wins,23.67,0,0,0,0,0,0,0,0,0,0
38,AgentB wins,20.67,0,0,0,0,0,0,0,0,0,0
39,AgentB wins,20.67,0,0,0,0,0,0,0,0,0,0
40,AgentB wins,20.67,0,0,0,0,0,0,0,0,0,0
31,AgentB wins,20.67,0,0,0,0,0,0,0,0,0,0
32,AgentB wins,23.67,0,0,0,0,0,0,0,0,0,0
33,AgentB wins,20.67,0,0,0,0,0,0,0,0,0,0
34,AgentB wins,20.67,0,0,0,0,0,0,0,0,0,0
35,AgentB wins,20.67,0,0,0,0,0,0,0,0,0,0
36,AgentB wins,23.33,0,0,0,0,0,0,0,0,0,0
37,AgentB wins,20.67,0,0,0,0,0,0,0,0,0,0
38,AgentB wins,23.67,0,0,0,0,0,0,0,0,0,0
39,AgentA wins,19.33,0,0,0,0,0,0,0,0,0,0
40,AgentA wins,18.33,0,0,0,0,0,0,0,0,0,0
31,AgentB wins,23.67,0,0,0,0,0,0,0,0,0,0
32,AgentA wins,18.33,0,0,0,0,0,0,0,0,0,0
33,AgentB wins,20.67,0,0,0,0,0,0,0,0,0,0
34,AgentB wins,20.67,0,0,0,0,0,0,0,0,0,0
35,AgentB wins,23.67,0,0,0,0,0,0,0,0,0,0
36,AgentB wins,23.67,0,0,0,0,0,0,0,0,0,0
37,AgentB wins,26.67,0,0,0,0,0,0,0,0,0,0
38,AgentB wins,23.67,0,0,0,0,0,0,0,0,0,0
39,AgentB wins,23.67,0,0,0,0,0,0,0,0,0,0
40,AgentB wins,21.00,0,0,0,0,0,0,0,0,0,0
41,AgentB wins,20.67,0,0,0,0,0,0,0,0,0,0
42,AgentB wins,23.67,0,0,0,0,0,0,0,0,0,0
43,AgentA wins,18.33,0,0,0,0,0,0,0,0,0,0
44,AgentA wins,22.67,0,0,0,0,0,0,0,0,0,0
45,AgentB wins,20.67,0,0,0,0,0,0,0,0,0,0
46,AgentB wins,23.67,0,0,0,0,0,0,0,0,0,0
47,AgentB wins,23.67,0,0,0,0,0,0,0,0,0,0
48,AgentB wins,24.00,0,0,0,0,0,0,0,0,0,0
49,AgentB wins,23.67,0,0,0,0,0,0,0,0,0,0
50,AgentA wins,18.33,0,0,0,0,0,0,0,0,0,0
31,AgentB wins,27.00,0,0,0,0,0,0,0,0,0,0
32,AgentA wins,25.33,0,0,0,0,0,0,0,0,0,0
33,AgentA wins,18.33,0,0,0,0,0,0,0,0,0,0
34,AgentA wins,25.67,0,0,0,0,0,0,0,0,0,0
35,AgentA wins,27.67,0,0,0,0,0,0,0,0,0,0
36,AgentB wins,20.00,0,0,0,0,0,0,0,0,0,0
37,AgentA wins,27.00,0,0,0,0,0,0,0,0,0,0
38,AgentB wins,23.67,0,0,0,0,0,0,0,0,0,0
39,AgentA wins,24.67,0,0,0,0,0,0,0,0,0,0
40,AgentA wins,25.67,0,0,0,0,0,0,0,0,0,0
41,AgentB wins,20.67,0,0,0,0,0,0,0,0,0,0
42,AgentB wins,20.67,0,0,0,0,0,0,0,0,0,0
43,AgentB wins,20.67,0,0,0,0,0,0,0,0,0,0
44,AgentB wins,20.67,0,0,0,0,0,0,0,0,0,0
45,AgentB wins,20.67,0,0,0,0,0,0,0,0,0,0
46,AgentB wins,20.67,0,0,0,0,0,0,0,0,0,0
47,AgentB wins,20.67,0,0,0,0,0,0,0,0,0,0
48,AgentA wins,19.33,0,0,0,0,0,0,0,0,0,0
49,AgentA wins,18.33,0,0,0,0,0,0,0,0,0,0
50,AgentA wins,30.67,0,0,0,0,0,0,0,0,0,0
31,AgentA wins,16.33,0,0,0,0,0,0,0,0,0,0
32,AgentA wins,19.33,0,0,0,0,0,0,0,0,0,0
33,AgentA wins,25.00,0,0,0,0,0,0,0,0,0,0
34,AgentA wins,22.00,0,0,0,0,0,0,0,0,0,0
35,AgentA wins,25.33,0,0,0,0,0,0,0,0,0,0
36,AgentA wins,40.00,0,0,0,0,0,0,0,0,0,0
37,AgentA wins,16.33,0,0,0,0,0,0,0,0,0,0
38,AgentA wins,19.33,0,0,0,0,0,0,0,0,0,0
39,AgentA wins,30.67,0,0,0,0,0,0,0,0,0,0
40,AgentA wins,28.33,0,0,0,0,0,0,0,0,0,0
31,AgentA wins,23.33,214,187,36,88,0,161,0,12,69,10
32,AgentA wins,32.67,299,258,48,126,0,234,0,19,93,15
33,AgentA wins,31.67,290,257,49,115,0,227,0,21,109,7
34,AgentB wins,30.00,278,241,50,97,0,215,0,11,110,10
35,AgentA wins,19.00,175,149,28,75,0,139,0,9,60,11
36,AgentA wins,55.33,503,448,80,194,0,394,0,21,180,21
37,AgentA wins,30.67,287,254,35,129,0,220,0,23,87,10
38,AgentA wins,23.67,221,195,26,104,0,172,0,20,56,9
39,AgentA wins,22.33,204,184,21,93,0,153,0,16,53,14
40,AgentA wins,44.33,407,364,55,178,0,310,0,32,120,20
41,AgentB wins,23.67,0,0,0,0,0,0,0,0,0,0
42,AgentB wins,20.67,0,0,0,0,0,0,0,0,0,0
43,AgentB wins,20.67,0,0,0,0,0,0,0,0,0,0
44,AgentA wins,18.00,0,0,0,0,0,0,0,0,0,0
45,AgentA wins,18.33,0,0,0,0,0,0,0,0,0,0
46,AgentA wins,15.67,0,0,0,0,0,0,0,0,0,0
47,AgentB wins,20.67,0,0,0,0,0,0,0,0,0,0
48,AgentB wins,20.67,0,0,0,0,0,0,0,0,0,0
49,AgentB wins,20.67,0,0,0,0,0,0,0,0,0,0
50,AgentB wins,20.67,0,0,0,0,0,0,0,0,0,0
41,AgentA wins,19.33,0,0,0,0,0,0,0,0,0,0
42,AgentB wins,20.67,0,0,0,0,0,0,0,0,0,0
43,AgentA wins,15.67,0,0,0,0,0,0,0,0,0,0
44,AgentA wins,27.67,0,0,0,0,0,0,0,0,0,0
45,AgentA wins,21.33,0,0,0,0,0,0,0,0,0,0
46,AgentB wins,20.67,0,0,0,0,0,0,0,0,0,0
47,AgentA wins,18.33,0,0,0,0,0,0,0,0,0,0
48,AgentA wins,19.33,0,0,0,0,0,0,0,0,0,0
49,AgentA wins,18.33,0,0,0,0,0,0,0,0,0,0
50,AgentA wins,18.33,0,0,0,0,0,0,0,0,0,0
41,AgentB wins,20.67,0,0,0,0,0,0,0,0,0,0
42,AgentB wins,20.67,0,0,0,0,0,0,0,0,0,0
43,AgentB wins,23.67,0,0,0,0,0,0,0,0,0,0
44,AgentB wins,20.67,0,0,0,0,0,0,0,0,0,0
45,AgentB wins,23.67,0,0,0,0,0,0,0,0,0,0
46,AgentA wins,18.33,0,0,0,0,0,0,0,0,0,0
47,AgentA wins,18.33,0,0,0,0,0,0,0,0,0,0
48,AgentB wins,20.67,0,0,0,0,0,0,0,0,0,0
49,AgentB wins,20.67,0,0,0,0,0,0,0,0,0,0
50,AgentA wins,18.33,0,0,0,0,0,0,0,0,0,0
31,AgentB wins,22.33,0,0,0,0,0,0,0,0,0,0
32,AgentA wins,33.67,0,0,0,0,0,0,0,0,0,0
33,AgentA wins,22.33,0,0,0,0,0,0,0,0,0,0
34,AgentA wins,27.67,0,0,0,0,0,0,0,0,0,0
35,AgentA wins,28.33,0,0,0,0,0,0,0,0,0,0
36,AgentA wins,21.33,0,0,0,0,0,0,0,0,0,0
37,AgentA wins,25.33,0,0,0,0,0,0,0,0,0,0
38,AgentA wins,19.33,0,0,0,0,0,0,0,0,0,0
39,AgentA wins,32.67,0,0,0,0,0,0,0,0,0,0
40,AgentA wins,33.33,0,0,0,0,0,0,0,0,0,0
31,AgentA wins,16.33,0,0,0,0,0,0,0,0,0,0
32,AgentB wins,39.00,0,0,0,0,0,0,0,0,0,0
33,AgentA wins,30.67,0,0,0,0,0,0,0,0,0,0
34,AgentB wins,31.33,0,0,0,0,0,0,0,0,0,0
35,AgentA wins,28.00,0,0,0,0,0,0,0,0,0,0
36,AgentA wins,21.67,0,0,0,0,0,0,0,0,0,0
37,AgentA wins,22.33,0,0,0,0,0,0,0,0,0,0
38,AgentA wins,21.67,0,0,0,0,0,0,0,0,0,0
39,AgentA wins,43.00,0,0,0,0,0,0,0,0,0,0
40,AgentA wins,22.00,0,0,0,0,0,0,0,0,0,0
41,AgentA wins,18.33,0,0,0,0,0,0,0,0,0,0
42,AgentA wins,21.33,0,0,0,0,0,0,0,0,0,0
43,AgentA wins,18.33,0,0,0,0,0,0,0,0,0,0
44,AgentB wins,20.67,0,0,0,0,0,0,0,0,0,0
45,AgentA wins,25.33,0,0,0,0,0,0,0,0,0,0
46,AgentA wins,18.33,0,0,0,0,0,0,0,0,0,0
47,AgentA wins,23.67,0,0,0,0,0,0,0,0,0,0
48,AgentA wins,25.33,0,0,0,0,0,0,0,0,0,0
49,AgentA wins,22.33,0,0,0,0,0,0,0,0,0,0
50,AgentB wins,20.00,0,0,0,0,0,0,0,0,0,0
41,AgentA wins,15.67,0,0,0,0,0,0,0,0,0,0
42,AgentA wins,18.33,0,0,0,0,0,0,0,0,0,0
43,AgentB wins,26.33,0,0,0,0,0,0,0,0,0,0
44,AgentA wins,18.33,0,0,0,0,0,0,0,0,0,0
45,AgentA wins,18.33,0,0,0,0,0,0,0,0,0,0
46,AgentA wins,24.67,0,0,0,0,0,0,0,0,0,0
47,AgentB wins,20.67,0,0,0,0,0,0,0,0,0,0
48,AgentB wins,20.67,0,0,0,0,0,0,0,0,0,0
49,AgentB wins,20.67,0,0,0,0,0,0,0,0,0,0
50,AgentA wins,18.33,0,0,0,0,0,0,0,0,0,0
31,AgentA wins,25.33,0,0,0,0,0,0,0,0,0,0
32,AgentA wins,28.33,0,0,0,0,0,0,0,0,0,0
33,AgentA wins,22.33,0,0,0,0,0,0,0,0,0,0
34,AgentA wins,22.33,0,0,0,0,0,0,0,0,0,0
35,AgentA wins,19.00,0,0,0,0,0,0,0,0,0,0
36,AgentA wins,19.33,0,0,0,0,0,0,0,0,0,0
37,AgentA wins,27.33,0,0,0,0,0,0,0,0,0,0
38,AgentA wins,16.33,0,0,0,0,0,0,0,0,0,0
39,AgentA wins,30.67,0,0,0,0,0,0,0,0,0,0
40,AgentA wins,16.33,0,0,0,0,0,0,0,0,0,0
41,AgentB wins,20.67,0,0,0,0,0,0,0,0,0,0
42,AgentB wins,23.67,0,0,0,0,0,0,0,0,0,0
43,AgentB wins,20.67,0,0,0,0,0,0,0,0,0,0
44,AgentB wins,23.67,0,0,0,0,0,0,0,0,0,0
45,AgentA wins,18.33,0,0,0,0,0,0,0,0,0,0
46,AgentA wins,19.33,0,0,0,0,0,0,0,0,0,0
47,AgentA wins,18.33,0,0,0,0,0,0,0,0,0,0
48,AgentB wins,23.67,0,0,0,0,0,0,0,0,0,0
49,AgentB wins,23.67,0,0,0,0,0,0,0,0,0,0
50,AgentA wins,25.33,0,0,0,0,0,0,0,0,0,0
41,AgentB wins,23.67,0,0,0,0,0,0,0,0,0,0
42,AgentA wins,28.00,0,0,0,0,0,0,0,0,0,0
43,AgentA wins,18.33,0,0,0,0,0,0,0,0,0,0
44,AgentA wins,18.33,0,0,0,0,0,0,0,0,0,0
45,AgentB wins,23.67,0,0,0,0,0,0,0,0,0,0
46,AgentB wins,20.67,0,0,0,0,0,0,0,0,0,0
47,AgentB wins,20.67,0,0,0,0,0,0,0,0,0,0
48,AgentB wins,24.33,0,0,0,0,0,0,0,0,0,0
49,AgentA wins,24.67,0,0,0,0,0,0,0,0,0,0
50,AgentA wins,19.33,0,0,0,0,0,0,0,0,0,0
41,AgentA wins,18.33,0,0,0,0,0,0,0,0,0,0
42,AgentB wins,20.67,0,0,0,0,0,0,0,0,0,0
43,AgentA wins,25.33,0,0,0,0,0,0,0,0,0,0
44,AgentB wins,23.33,0,0,0,0,0,0,0,0,0,0
45,AgentB wins,23.67,0,0,0,0,0,0,0,0,0,0
46,AgentB wins,20.67,0,0,0,0,0,0,0,0,0,0
47,AgentA wins,25.33,0,0,0,0,0,0,0,0,0,0
48,AgentA wins,18.33,0,0,0,0,0,0,0,0,0,0
49,AgentA wins,24.67,0,0,0,0,0,0,0,0,0,0
50,AgentA wins,18.33,0,0,0,0,0,0,0,0,0,0
31,AgentA wins,33.67,0,0,0,0,0,0,0,0,0,0
32,AgentA wins,27.67,0,0,0,0,0,0,0,0,0,0
33,AgentA wins,22.00,0,0,0,0,0,0,0,0,0,0
34,AgentB wins,23.33,0,0,0,0,0,0,0,0,0,0
35,AgentA wins,19.00,0,0,0,0,0,0,0,0,0,0
36,AgentA wins,16.33,0,0,0,0,0,0,0,0,0,0
37,AgentB wins,27.33,0,0,0,0,0,0,0,0,0,0
38,AgentA wins,22.33,0,0,0,0,0,0,0,0,0,0
39,AgentA wins,34.33,0,0,0,0,0,0,0,0,0,0
40,AgentA wins,22.33,0,0,0,0,0,0,0,0,0,0
41,AgentB wins,23.67,0,0,0,0,0,0,0,0,0,0
42,AgentA wins,15.67,0,0,0,0,0,0,0,0,0,0
43,AgentB wins,23.67,0,0,0,0,0,0,0,0,0,0
44,AgentB wins,23.67,0,0,0,0,0,0,0,0,0,0
45,AgentA wins,15.67,0,0,0,0,0,0,0,0,0,0
46,AgentB wins,20.67,0,0,0,0,0,0,0,0,0,0
47,AgentA wins,18.33,0,0,0,0,0,0,0,0,0,0
48,AgentB wins,23.67,0,0,0,0,0,0,0,0,0,0
49,AgentB wins,20.67,0,0,0,0,0,0,0,0,0,0
50,AgentA wins,19.33,0,0,0,0,0,0,0,0,0,0
31,AgentB wins,26.67,0,0,0,0,0,0,0,0,0,0
32,AgentA wins,19.33,0,0,0,0,0,0,0,0,0,0
33,AgentB wins,24.00,0,0,0,0,0,0,0,0,0,0
34,AgentB wins,24.00,0,0,0,0,0,0,0,0,0,0
35,AgentA wins,19.33,0,0,0,0,0,0,0,0,0,0
36,AgentB wins,44.33,0,0,0,0,0,0,0,0,0,0
37,AgentA wins,22.33,0,0,0,0,0,0,0,0,0,0
38,AgentA wins,34.00,0,0,0,0,0,0,0,0,0,0
39,AgentB wins,27.00,0,0,0,0,0,0,0,0,0,0
40,AgentA wins,33.67,0,0,0,0,0,0,0,0,0,0
41,AgentB wins,20.67,0,0,0,0,0,0,0,0,0,0
42,AgentB wins,20.67,0,0,0,0,0,0,0,0,0,0
43,AgentA wins,19.33,0,0,0,0,0,0,0,0,0,0
44,AgentA wins,18.67,0,0,0,0,0,0,0,0,0,0
45,AgentA wins,18.33,0,0,0,0,0,0,0,0,0,0
46,AgentA wins,19.33,0,0,0,0,0,0,0,0,0,0
47,AgentA wins,18.33,0,0,0,0,0,0,0,0,0,0
48,AgentA wins,18.33,0,0,0,0,0,0,0,0,0,0
49,AgentA wins,18.33,0,0,0,0,0,0,0,0,0,0
50,AgentB wins,20.67,0,0,0,0,0,0,0,0,0,0
31,AgentA wins,24.67,0,0,0,0,0,0,0,0,0,0
32,AgentA wins,27.67,0,0,0,0,0,0,0,0,0,0
33,AgentA wins,24.67,0,0,0,0,0,0,0,0,0,0
34,AgentA wins,51.33,0,0,0,0,0,0,0,0,0,0
35,AgentA wins,25.00,0,0,0,0,0,0,0,0,0,0
36,AgentA wins,31.00,0,0,0,0,0,0,0,0,0,0
37,AgentA wins,25.00,0,0,0,0,0,0,0,0,0,0
38,AgentA wins,22.33,0,0,0,0,0,0,0,0,0,0
39,AgentA wins,25.33,0,0,0,0,0,0,0,0,0,0
40,AgentA wins,22.33,0,0,0,0,0,0,0,0,0,0
31,AgentA wins,28.00,0,0,0,0,0,0,0,0,0,0
32,AgentB wins,23.33,0,0,0,0,0,0,0,0,0,0
33,AgentA wins,19.33,0,0,0,0,0,0,0,0,0,0
34,AgentA wins,28.00,0,0,0,0,0,0,0,0,0,0
35,AgentA wins,31.00,0,0,0,0,0,0,0,0,0,0
36,AgentA wins,19.33,0,0,0,0,0,0,0,0,0,0
37,AgentA wins,45.33,0,0,0,0,0,0,0,0,0,0
38,AgentA wins,28.00,0,0,0,0,0,0,0,0,0,0
39,AgentA wins,19.00,0,0,0,0,0,0,0,0,0,0
40,AgentA wins,38.67,0,0,0,0,0,0,0,0,0,0
31,AgentB wins,26.67,0,0,0,0,0,0,0,0,0,0
32,AgentA wins,19.33,0,0,0,0,0,0,0,0,0,0
33,AgentA wins,28.33,0,0,0,0,0,0,0,0,0,0
34,AgentB wins,39.33,0,0,0,0,0,0,0,0,0,0
35,AgentA wins,36.33,0,0,0,0,0,0,0,0,0,0
36,AgentA wins,22.00,0,0,0,0,0,0,0,0,0,0
37,AgentA wins,19.33,0,0,0,0,0,0,0,0,0,0
38,AgentA wins,19.33,0,0,0,0,0,0,0,0,0,0
39,AgentA wins,25.33,0,0,0,0,0,0,0,0,0,0
40,AgentB wins,41.67,0,0,0,0,0,0,0,0,0,0
41,AgentA wins,18.33,0,0,0,0,0,0,0,0,0,0
42,AgentA wins,18.33,0,0,0,0,0,0,0,0,0,0
43,AgentA wins,18.33,0,0,0,0,0,0,0,0,0,0
44,AgentA wins,22.33,0,0,0,0,0,0,0,0,0,0
45,AgentA wins,18.33,0,0,0,0,0,0,0,0,0,0
46,AgentA wins,18.33,0,0,0,0,0,0,0,0,0,0
47,AgentA wins,21.33,0,0,0,0,0,0,0,0,0,0
48,AgentA wins,25.33,0,0,0,0,0,0,0,0,0,0
49,AgentB wins,20.67,0,0,0,0,0,0,0,0,0,0
50,AgentA wins,19.33,0,0,0,0,0,0,0,0,0,0
51,AgentB wins,20.67,0,0,0,0,0,0,0,0,0,0
52,AgentB wins,20.67,0,0,0,0,0,0,0,0,0,0
53,AgentA wins,18.33,0,0,0,0,0,0,0,0,0,0
54,AgentA wins,18.33,0,0,0,0,0,0,0,0,0,0
55,AgentA wins,19.33,0,0,0,0,0,0,0,0,0,0
56,AgentA wins,18.33,0,0,0,0,0,0,0,0,0,0
57,AgentA wins,18.33,0,0,0,0,0,0,0,0,0,0
58,AgentB wins,20.67,0,0,0,0,0,0,0,0,0,0
59,AgentA wins,18.33,0,0,0,0,0,0,0,0,0,0
60,AgentA wins,18.33,0,0,0,0,0,0,0,0,0,0
41,AgentB wins,23.67,0,0,0,0,0,0,0,0,0,0
42,AgentA wins,21.33,0,0,0,0,0,0,0,0,0,0
43,AgentA wins,18.33,0,0,0,0,0,0,0,0,0,0
44,AgentA wins,18.33,0,0,0,0,0,0,0,0,0,0
45,AgentB wins,26.33,0,0,0,0,0,0,0,0,0,0
46,AgentB wins,23.67,0,0,0,0,0,0,0,0,0,0
47,AgentA wins,18.33,0,0,0,0,0,0,0,0,0,0
48,AgentA wins,18.33,0,0,0,0,0,0,0,0,0,0
49,AgentA wins,27.00,0,0,0,0,0,0,0,0,0,0
50,AgentA wins,19.33,0,0,0,0,0,0,0,0,0,0
41,AgentB wins,20.67,0,0,0,0,0,0,0,0,0,0
42,AgentA wins,18.33,0,0,0,0,0,0,0,0,0,0
43,AgentA wins,21.33,0,0,0,0,0,0,0,0,0,0
44,AgentA wins,18.33,0,0,0,0,0,0,0,0,0,0
45,AgentB wins,20.67,0,0,0,0,0,0,0,0,0,0
46,AgentB wins,23.67,0,0,0,0,0,0,0,0,0,0
47,AgentA wins,18.33,0,0,0,0,0,0,0,0,0,0
48,AgentB wins,23.67,0,0,0,0,0,0,0,0,0,0
49,AgentA wins,27.00,0,0,0,0,0,0,0,0,0,0
50,AgentA wins,19.33,0,0,0,0,0,0,0,0,0,0
51,AgentB wins,20.67,0,0,0,0,0,0,0,0,0,0
52,AgentB wins,20.67,0,0,0,0,0,0,0,0,0,0
53,AgentA wins,18.33,0,0,0,0,0,0,0,0,0,0
54,AgentB wins,21.00,0,0,0,0,0,0,0,0,0,0
55,AgentA wins,21.33,0,0,0,0,0,0,0,0,0,0
56,AgentA wins,18.33,0,0,0,0,0,0,0,0,0,0
57,AgentA wins,27.33,0,0,0,0,0,0,0,0,0,0
58,AgentA wins,18.33,0,0,0,0,0,0,0,0,0,0
59,AgentA wins,18.33,0,0,0,0,0,0,0,0,0,0
60,AgentA wins,18.33,0,0,0,0,0,0,0,0,0,0
51,AgentB wins,20.67,0,0,0,0,0,0,0,0,0,0
52,AgentA wins,19.33,0,0,0,0,0,0,0,0,0,0
53,AgentA wins,23.67,0,0,0,0,0,0,0,0,0,0
54,AgentB wins,20.00,0,0,0,0,0,0,0,0,0,0
55,AgentA wins,18.33,0,0,0,0,0,0,0,0,0,0
56,AgentA wins,18.33,0,0,0,0,0,0,0,0,0,0
57,AgentA wins,18.33,0,0,0,0,0,0,0,0,0,0
58,AgentA wins,18.33,0,0,0,0,0,0,0,0,0,0
59,AgentA wins,18.33,0,0,0,0,0,0,0,0,0,0
60,AgentA wins,18.33,0,0,0,0,0,0,0,0,0,0
51,AgentB wins,23.67,0,0,0,0,0,0,0,0,0,0
52,AgentA wins,19.33,0,0,0,0,0,0,0,0,0,0
53,AgentA wins,18.33,0,0,0,0,0,0,0,0,0,0
54,AgentA wins,18.33,0,0,0,0,0,0,0,0,0,0
55,AgentA wins,18.33,0,0,0,0,0,0,0,0,0,0
56,AgentA wins,18.33,0,0,0,0,0,0,0,0,0,0
57,AgentA wins,18.33,0,0,0,0,0,0,0,0,0,0
58,AgentA wins,18.33,0,0,0,0,0,0,0,0,0,0
59,AgentA wins,18.33,0,0,0,0,0,0,0,0,0,0
60,AgentA wins,18.33,0,0,0,0,0,0,0,0,0,0
51,AgentB wins,20.67,0,0,0,0,0,0,0,0,0,0
52,AgentA wins,19.33,0,0,0,0,0,0,0,0,0,0
53,AgentA wins,19.33,0,0,0,0,0,0,0,0,0,0
54,AgentA wins,18.33,0,0,0,0,0,0,0,0,0,0
55,AgentA wins,24.67,0,0,0,0,0,0,0,0,0,0
56,AgentA wins,18.33,0,0,0,0,0,0,0,0,0,0
57,AgentA wins,26.33,0,0,0,0,0,0,0,0,0,0
58,AgentA wins,18.33,0,0,0,0,0,0,0,0,0,0
59,AgentA wins,18.33,0,0,0,0,0,0,0,0,0,0
60,AgentB wins,20.67,0,0,0,0,0,0,0,0,0,0
51,AgentA wins,18.33,0,0,0,0,0,0,0,0,0,0
52,AgentA wins,18.33,0,0,0,0,0,0,0,0,0,0
53,AgentA wins,18.33,0,0,0,0,0,0,0,0,0,0
54,AgentA wins,18.33,0,0,0,0,0,0,0,0,0,0
55,AgentA wins,18.33,0,0,0,0,0,0,0,0,0,0
56,AgentA wins,18.33,0,0,0,0,0,0,0,0,0,0
57,AgentA wins,19.33,0,0,0,0,0,0,0,0,0,0
58,AgentB wins,20.67,0,0,0,0,0,0,0,0,0,0
59,AgentA wins,18.33,0,0,0,0,0,0,0,0,0,0
60,AgentA wins,18.33,0,0,0,0,0,0,0,0,0,0
51,AgentB wins,23.67,0,0,0,0,0,0,0,0,0,0
52,AgentA wins,18.33,0,0,0,0,0,0,0,0,0,0
53,AgentA wins,22.33,0,0,0,0,0,0,0,0,0,0
54,AgentA wins,18.33,0,0,0,0,0,0,0,0,0,0
55,AgentA wins,18.33,0,0,0,0,0,0,0,0,0,0
56,AgentA wins,18.33,0,0,0,0,0,0,0,0,0,0
57,AgentA wins,18.33,0,0,0,0,0,0,0,0,0,0
58,AgentA wins,18.33,0,0,0,0,0,0,0,0,0,0
59,AgentA wins,18.33,0,0,0,0,0,0,0,0,0,0
60,AgentA wins,18.33,0,0,0,0,0,0,0,0,0,0
51,AgentB wins,20.67,0,0,0,0,0,0,0,0,0,0
52,AgentA wins,18.33,0,0,0,0,0,0,0,0,0,0
53,AgentA wins,18.33,0,0,0,0,0,0,0,0,0,0
54,AgentA wins,18.33,0,0,0,0,0,0,0,0,0,0
55,AgentB wins,20.67,0,0,0,0,0,0,0,0,0,0
56,AgentA wins,18.33,0,0,0,0,0,0,0,0,0,0
57,AgentA wins,18.33,0,0,0,0,0,0,0,0,0,0
58,AgentA wins,18.33,0,0,0,0,0,0,0,0,0,0
59,AgentA wins,18.33,0,0,0,0,0,0,0,0,0,0
60,AgentA wins,18.33,0,0,0,0,0,0,0,0,0,0
51,AgentA wins,26.67,0,0,0,0,0,0,0,0,0,0
52,AgentA wins,18.33,0,0,0,0,0,0,0,0,0,0
53,AgentA wins,18.33,0,0,0,0,0,0,0,0,0,0
54,AgentA wins,18.33,0,0,0,0,0,0,0,0,0,0
55,AgentA wins,18.33,0,0,0,0,0,0,0,0,0,0
56,AgentA wins,18.33,0,0,0,0,0,0,0,0,0,0
57,AgentA wins,18.33,0,0,0,0,0,0,0,0,0,0
58,AgentA wins,18.33,0,0,0,0,0,0,0,0,0,0
59,AgentA wins,25.00,0,0,0,0,0,0,0,0,0,0
60,AgentA wins,18.33,0,0,0,0,0,0,0,0,0,0
51,AgentA wins,18.33,0,0,0,0,0,0,0,0,0,0
52,AgentB wins,20.67,0,0,0,0,0,0,0,0,0,0
53,AgentA wins,18.33,0,0,0,0,0,0,0,0,0,0
54,AgentA wins,18.33,0,0,0,0,0,0,0,0,0,0
55,AgentB wins,39.33,0,0,0,0,0,0,0,0,0,0
56,AgentA wins,25.33,0,0,0,0,0,0,0,0,0,0
57,AgentA wins,18.33,0,0,0,0,0,0,0,0,0,0
58,AgentA wins,18.33,0,0,0,0,0,0,0,0,0,0
59,AgentA wins,18.33,0,0,0,0,0,0,0,0,0,0
60,AgentA wins,18.33,0,0,0,0,0,0,0,0,0,0
41,AgentA wins,19.33,0,0,0,0,0,0,0,0,0,0
42,AgentA wins,22.33,0,0,0,0,0,0,0,0,0,0
43,AgentB wins,21.00,0,0,0,0,0,0,0,0,0,0
44,AgentA wins,25.00,0,0,0,0,0,0,0,0,0,0
45,AgentA wins,41.67,0,0,0,0,0,0,0,0,0,0
46,AgentA wins,16.33,0,0,0,0,0,0,0,0,0,0
47,AgentB wins,29.33,0,0,0,0,0,0,0,0,0,0
48,AgentA wins,31.00,0,0,0,0,0,0,0,0,0,0
49,AgentA wins,22.33,0,0,0,0,0,0,0,0,0,0
50,AgentA wins,22.33,0,0,0,0,0,0,0,0,0,0
51,AgentA wins,24.67,0,0,0,0,0,0,0,0,0,0
52,AgentB wins,20.67,0,0,0,0,0,0,0,0,0,0
53,AgentA wins,23.67,0,0,0,0,0,0,0,0,0,0
54,AgentB wins,20.67,0,0,0,0,0,0,0,0,0,0
55,AgentB wins,21.00,0,0,0,0,0,0,0,0,0,0
56,AgentA wins,18.33,0,0,0,0,0,0,0,0,0,0
57,AgentA wins,18.33,0,0,0,0,0,0,0,0,0,0
58,AgentA wins,18.33,0,0,0,0,0,0,0,0,0,0
59,AgentA wins,23.67,0,0,0,0,0,0,0,0,0,0
60,AgentA wins,21.33,0,0,0,0,0,0,0,0,0,0
41,AgentA wins,22.67,0,0,0,0,0,0,0,0,0,0
42,AgentA wins,24.33,0,0,0,0,0,0,0,0,0,0
43,AgentA wins,25.00,0,0,0,0,0,0,0,0,0,0
44,AgentA wins,16.33,0,0,0,0,0,0,0,0,0,0
45,AgentA wins,22.33,0,0,0,0,0,0,0,0,0,0
46,AgentA wins,19.33,0,0,0,0,0,0,0,0,0,0
47,AgentA wins,19.33,0,0,0,0,0,0,0,0,0,0
48,AgentA wins,27.00,0,0,0,0,0,0,0,0,0,0
49,AgentA wins,33.00,0,0,0,0,0,0,0,0,0,0
50,AgentA wins,22.33,0,0,0,0,0,0,0,0,0,0
51,AgentA wins,18.33,0,0,0,0,0,0,0,0,0,0
52,AgentA wins,18.33,0,0,0,0,0,0,0,0,0,0
53,AgentB wins,20.67,0,0,0,0,0,0,0,0,0,0
54,AgentA wins,18.33,0,0,0,0,0,0,0,0,0,0
55,AgentA wins,18.33,0,0,0,0,0,0,0,0,0,0
56,AgentA wins,18.33,0,0,0,0,0,0,0,0,0,0
57,AgentA wins,18.33,0,0,0,0,0,0,0,0,0,0
58,AgentA wins,18.33,0,0,0,0,0,0,0,0,0,0
59,AgentB wins,20.67,0,0,0,0,0,0,0,0,0,0
60,AgentA wins,18.33,0,0,0,0,0,0,0,0,0,0
41,AgentA wins,25.00,0,0,0,0,0,0,0,0,0,0
42,AgentA wins,28.00,0,0,0,0,0,0,0,0,0,0
43,AgentA wins,25.00,0,0,0,0,0,0,0,0,0,0
44,AgentA wins,27.00,0,0,0,0,0,0,0,0,0,0
45,AgentA wins,25.00,0,0,0,0,0,0,0,0,0,0
46,AgentA wins,19.00,0,0,0,0,0,0,0,0,0,0
47,AgentA wins,19.00,0,0,0,0,0,0,0,0,0,0
48,AgentA wins,16.33,0,0,0,0,0,0,0,0,0,0
49,AgentA wins,28.00,0,0,0,0,0,0,0,0,0,0
50,AgentA wins,19.33,0,0,0,0,0,0,0,0,0,0
41,AgentA wins,30.00,287,250,21,148,0,209,0,29,59,10
42,AgentA wins,40.67,383,336,38,180,0,290,0,35,96,17
43,AgentA wins,16.33,157,138,8,79,0,119,0,18,31,8
44,AgentB wins,24.00,228,205,17,112,0,168,0,20,51,10
45,AgentA wins,19.33,180,163,9,87,0,133,0,26,44,10
46,AgentA wins,25.33,240,213,15,121,0,185,0,23,52,10
47,AgentA wins,25.33,246,215,8,126,0,173,0,25,43,8
48,AgentA wins,25.00,241,214,5,143,0,177,0,26,30,9
49,AgentA wins,28.00,268,240,13,140,0,206,0,29,59,15
50,AgentA wins,28.67,278,241,8,148,0,198,0,27,41,12
41,AgentA wins,25.00,0,0,0,0,0,0,0,0,0,0
42,AgentA wins,22.33,0,0,0,0,0,0,0,0,0,0
43,AgentA wins,16.33,0,0,0,0,0,0,0,0,0,0
44,AgentA wins,40.00,0,0,0,0,0,0,0,0,0,0
45,AgentA wins,22.00,0,0,0,0,0,0,0,0,0,0
46,AgentA wins,24.00,0,0,0,0,0,0,0,0,0,0
47,AgentA wins,25.33,0,0,0,0,0,0,0,0,0,0
48,AgentA wins,16.33,0,0,0,0,0,0,0,0,0,0
49,AgentA wins,24.00,0,0,0,0,0,0,0,0,0,0
50,AgentA wins,31.00,0,0,0,0,0,0,0,0,0,0
41,AgentA wins,19.00,0,0,0,0,0,0,0,0,0,0
42,AgentA wins,24.67,0,0,0,0,0,0,0,0,0,0
43,AgentA wins,25.33,0,0,0,0,0,0,0,0,0,0
44,AgentA wins,19.33,0,0,0,0,0,0,0,0,0,0
45,AgentA wins,22.33,0,0,0,0,0,0,0,0,0,0
46,AgentA wins,40.00,0,0,0,0,0,0,0,0,0,0
47,AgentA wins,25.00,0,0,0,0,0,0,0,0,0,0
48,AgentA wins,27.33,0,0,0,0,0,0,0,0,0,0
49,AgentA wins,31.33,0,0,0,0,0,0,0,0,0,0
50,AgentA wins,22.00,0,0,0,0,0,0,0,0,0,0
51,AgentA wins,18.33,0,0,0,0,0,0,0,0,0,0
52,AgentB wins,24.00,0,0,0,0,0,0,0,0,0,0
53,AgentA wins,23.67,0,0,0,0,0,0,0,0,0,0
54,AgentA wins,18.33,0,0,0,0,0,0,0,0,0,0
55,AgentA wins,23.67,0,0,0,0,0,0,0,0,0,0
56,AgentA wins,18.33,0,0,0,0,0,0,0,0,0,0
57,AgentA wins,18.33,0,0,0,0,0,0,0,0,0,0
58,AgentA wins,18.33,0,0,0,0,0,0,0,0,0,0
59,AgentA wins,18.33,0,0,0,0,0,0,0,0,0,0
60,AgentA wins,18.33,0,0,0,0,0,0,0,0,0,0
61,AgentB wins,20.67,0,0,0,0,0,0,0,0,0,0
62,AgentA wins,18.33,0,0,0,0,0,0,0,0,0,0
63,AgentA wins,18.33,0,0,0,0,0,0,0,0,0,0
64,AgentB wins,20.67,0,0,0,0,0,0,0,0,0,0
65,AgentA wins,18.33,0,0,0,0,0,0,0,0,0,0
66,AgentA wins,18.33,0,0,0,0,0,0,0,0,0,0
67,AgentA wins,18.33,0,0,0,0,0,0,0,0,0,0
68,AgentA wins,18.33,0,0,0,0,0,0,0,0,0,0
69,AgentA wins,18.33,0,0,0,0,0,0,0,0,0,0
70,AgentA wins,18.33,0,0,0,0,0,0,0,0,0,0
51,AgentA wins,18.33,0,0,0,0,0,0,0,0,0,0
52,AgentA wins,18.33,0,0,0,0,0,0,0,0,0,0
53,AgentA wins,18.33,0,0,0,0,0,0,0,0,0,0
54,AgentA wins,18.33,0,0,0,0,0,0,0,0,0,0
55,AgentB wins,21.00,0,0,0,0,0,0,0,0,0,0
56,AgentA wins,18.33,0,0,0,0,0,0,0,0,0,0
57,AgentA wins,18.33,0,0,0,0,0,0,0,0,0,0
58,AgentA wins,18.33,0,0,0,0,0,0,0,0,0,0
59,AgentA wins,18.33,0,0,0,0,0,0,0,0,0,0
60,AgentA wins,18.33,0,0,0,0,0,0,0,0,0,0
51,AgentB wins,23.67,0,0,0,0,0,0,0,0,0,0
52,AgentA wins,18.33,0,0,0,0,0,0,0,0,0,0
53,AgentB wins,20.67,0,0,0,0,0,0,0,0,0,0
54,AgentA wins,18.33,0,0,0,0,0,0,0,0,0,0
55,AgentA wins,18.33,0,0,0,0,0,0,0,0,0,0
56,AgentA wins,18.33,0,0,0,0,0,0,0,0,0,0
57,AgentA wins,18.33,0,0,0,0,0,0,0,0,0,0
58,AgentA wins,19.33,0,0,0,0,0,0,0,0,0,0
59,AgentA wins,18.33,0,0,0,0,0,0,0,0,0,0
60,AgentA wins,18.33,0,0,0,0,0,0,0,0,0,0
41,AgentA wins,25.00,0,0,0,0,0,0,0,0,0,0
42,AgentB wins,48.00,0,0,0,0,0,0,0,0,0,0
43,AgentA wins,28.00,0,0,0,0,0,0,0,0,0,0
44,AgentA wins,19.33,0,0,0,0,0,0,0,0,0,0
45,AgentA wins,25.00,0,0,0,0,0,0,0,0,0,0
46,AgentB wins,26.00,0,0,0,0,0,0,0,0,0,0
47,AgentB wins,29.00,0,0,0,0,0,0,0,0,0,0
48,AgentA wins,27.33,0,0,0,0,0,0,0,0,0,0
49,AgentA wins,33.33,0,0,0,0,0,0,0,0,0,0
50,AgentB wins,44.33,0,0,0,0,0,0,0,0,0,0
41,AgentA wins,28.00,0,0,0,0,0,0,0,0,0,0
42,AgentB wins,28.33,0,0,0,0,0,0,0,0,0,0
43,AgentB wins,39.00,0,0,0,0,0,0,0,0,0,0
44,AgentA wins,22.33,0,0,0,0,0,0,0,0,0,0
45,AgentA wins,19.33,0,0,0,0,0,0,0,0,0,0
46,AgentA wins,21.67,0,0,0,0,0,0,0,0,0,0
47,AgentA wins,25.33,0,0,0,0,0,0,0,0,0,0
48,AgentA wins,22.00,0,0,0,0,0,0,0,0,0,0
49,AgentA wins,42.00,0,0,0,0,0,0,0,0,0,0
50,AgentA wins,28.33,0,0,0,0,0,0,0,0,0,0
41,AgentA wins,33.67,0,0,0,0,0,0,0,0,0,0
42,AgentA wins,22.00,0,0,0,0,0,0,0,0,0,0
43,AgentA wins,25.00,0,0,0,0,0,0,0,0,0,0
44,AgentA wins,16.33,0,0,0,0,0,0,0,0,0,0
45,AgentA wins,24.67,0,0,0,0,0,0,0,0,0,0
46,AgentA wins,16.33,0,0,0,0,0,0,0,0,0,0
47,AgentA wins,35.00,0,0,0,0,0,0,0,0,0,0
48,AgentA wins,19.33,0,0,0,0,0,0,0,0,0,0
49,AgentA wins,31.33,0,0,0,0,0,0,0,0,0,0
50,AgentA wins,37.00,0,0,0,0,0,0,0,0,0,0
61,AgentA wins,23.67,0,0,0,0,0,0,0,0,0,0
62,AgentA wins,18.33,0,0,0,0,0,0,0,0,0,0
63,AgentA wins,18.33,0,0,0,0,0,0,0,0,0,0
64,AgentA wins,18.33,0,0,0,0,0,0,0,0,0,0
65,AgentA wins,18.33,0,0,0,0,0,0,0,0,0,0
66,AgentA wins,18.33,0,0,0,0,0,0,0,0,0,0
67,AgentA wins,18.33,0,0,0,0,0,0,0,0,0,0
68,AgentA wins,18.33,0,0,0,0,0,0,0,0,0,0
69,AgentA wins,18.33,0,0,0,0,0,0,0,0,0,0
70,AgentA wins,18.33,0,0,0,0,0,0,0,0,0,0
41,AgentA wins,34.33,0,0,0,0,0,0,0,0,0,0
42,AgentB wins,45.33,0,0,0,0,0,0,0,0,0,0
43,AgentA wins,19.33,0,0,0,0,0,0,0,0,0,0
44,AgentA wins,25.33,0,0,0,0,0,0,0,0,0,0
45,AgentA wins,18.00,0,0,0,0,0,0,0,0,0,0
46,AgentA wins,40.33,0,0,0,0,0,0,0,0,0,0
47,AgentA wins,22.00,0,0,0,0,0,0,0,0,0,0
48,AgentA wins,33.67,0,0,0,0,0,0,0,0,0,0
49,AgentA wins,22.00,0,0,0,0,0,0,0,0,0,0
50,AgentA wins,25.33,0,0,0,0,0,0,0,0,0,0
61,AgentA wins,18.33,0,0,0,0,0,0,0,0,0,0
62,AgentA wins,18.33,0,0,0,0,0,0,0,0,0,0
63,AgentA wins,21.33,0,0,0,0,0,0,0,0,0,0
64,AgentA wins,18.33,0,0,0,0,0,0,0,0,0,0
65,AgentA wins,18.33,0,0,0,0,0,0,0,0,0,0
66,AgentA wins,18.33,0,0,0,0,0,0,0,0,0,0
67,AgentA wins,18.33,0,0,0,0,0,0,0,0,0,0
68,AgentA wins,18.33,0,0,0,0,0,0,0,0,0,0
69,AgentA wins,18.33,0,0,0,0,0,0,0,0,0,0
70,AgentA wins,18.33,0,0,0,0,0,0,0,0,0,0
61,AgentA wins,18.33,0,0,0,0,0,0,0,0,0,0
62,AgentA wins,18.33,0,0,0,0,0,0,0,0,0,0
63,AgentA wins,18.33,0,0,0,0,0,0,0,0,0,0
64,AgentA wins,18.33,0,0,0,0,0,0,0,0,0,0
65,AgentA wins,18.33,0,0,0,0,0,0,0,0,0,0
66,AgentA wins,18.33,0,0,0,0,0,0,0,0,0,0
67,AgentA wins,18.33,0,0,0,0,0,0,0,0,0,0
68,AgentA wins,18.33,0,0,0,0,0,0,0,0,0,0
69,AgentA wins,18.33,0,0,0,0,0,0,0,0,0,0
70,AgentA wins,18.33,0,0,0,0,0,0,0,0,0,0
61,AgentA wins,18.33,0,0,0,0,0,0,0,0,0,0
62,AgentA wins,18.33,0,0,0,0,0,0,0,0,0,0
63,AgentA wins,18.33,0,0,0,0,0,0,0,0,0,0
64,AgentA wins,18.33,0,0,0,0,0,0,0,0,0,0
65,AgentA wins,18.33,0,0,0,0,0,0,0,0,0,0
66,AgentA wins,18.33,0,0,0,0,0,0,0,0,0,0
67,AgentA wins,18.33,0,0,0,0,0,0,0,0,0,0
68,AgentA wins,18.33,0,0,0,0,0,0,0,0,0,0
69,AgentA wins,18.33,0,0,0,0,0,0,0,0,0,0
70,AgentA wins,18.33,0,0,0,0,0,0,0,0,0,0
61,AgentA wins,19.33,0,0,0,0,0,0,0,0,0,0
62,AgentA wins,18.33,0,0,0,0,0,0,0,0,0,0
63,AgentA wins,18.33,0,0,0,0,0,0,0,0,0,0
64,AgentA wins,18.33,0,0,0,0,0,0,0,0,0,0
65,AgentA wins,18.33,0,0,0,0,0,0,0,0,0,0
66,AgentA wins,18.33,0,0,0,0,0,0,0,0,0,0
67,AgentA wins,18.33,0,0,0,0,0,0,0,0,0,0
68,AgentA wins,18.33,0,0,0,0,0,0,0,0,0,0
69,AgentA wins,18.33,0,0,0,0,0,0,0,0,0,0
70,AgentB wins,20.67,0,0,0,0,0,0,0,0,0,0
61,AgentA wins,18.33,0,0,0,0,0,0,0,0,0,0
62,AgentA wins,18.33,0,0,0,0,0,0,0,0,0,0
63,AgentA wins,18.33,0,0,0,0,0,0,0,0,0,0
64,AgentA wins,18.33,0,0,0,0,0,0,0,0,0,0
65,AgentA wins,18.33,0,0,0,0,0,0,0,0,0,0
66,AgentB wins,23.33,0,0,0,0,0,0,0,0,0,0
67,AgentA wins,18.33,0,0,0,0,0,0,0,0,0,0
68,AgentA wins,18.33,0,0,0,0,0,0,0,0,0,0
69,AgentA wins,18.33,0,0,0,0,0,0,0,0,0,0
70,AgentA wins,18.33,0,0,0,0,0,0,0,0,0,0
61,AgentB wins,23.33,0,0,0,0,0,0,0,0,0,0
62,AgentA wins,18.33,0,0,0,0,0,0,0,0,0,0
63,AgentA wins,18.33,0,0,0,0,0,0,0,0,0,0
64,AgentA wins,18.33,0,0,0,0,0,0,0,0,0,0
65,AgentA wins,15.67,0,0,0,0,0,0,0,0,0,0
66,AgentA wins,18.33,0,0,0,0,0,0,0,0,0,0
67,AgentB wins,26.33,0,0,0,0,0,0,0,0,0,0
68,AgentA wins,18.33,0,0,0,0,0,0,0,0,0,0
69,AgentA wins,18.33,0,0,0,0,0,0,0,0,0,0
70,AgentA wins,18.33,0,0,0,0,0,0,0,0,0,0
61,AgentA wins,18.33,0,0,0,0,0,0,0,0,0,0
62,AgentA wins,18.33,0,0,0,0,0,0,0,0,0,0
63,AgentA wins,18.33,0,0,0,0,0,0,0,0,0,0
64,AgentA wins,18.33,0,0,0,0,0,0,0,0,0,0
65,AgentA wins,18.33,0,0,0,0,0,0,0,0,0,0
66,AgentA wins,18.33,0,0,0,0,0,0,0,0,0,0
67,AgentA wins,18.33,0,0,0,0,0,0,0,0,0,0
68,AgentA wins,18.33,0,0,0,0,0,0,0,0,0,0
69,AgentA wins,18.33,0,0,0,0,0,0,0,0,0,0
70,AgentA wins,18.33,0,0,0,0,0,0,0,0,0,0
61,AgentA wins,18.33,0,0,0,0,0,0,0,0,0,0
62,AgentA wins,18.33,0,0,0,0,0,0,0,0,0,0
63,AgentA wins,18.33,0,0,0,0,0,0,0,0,0,0
64,AgentA wins,18.33,0,0,0,0,0,0,0,0,0,0
65,AgentA wins,25.33,0,0,0,0,0,0,0,0,0,0
66,AgentA wins,18.33,0,0,0,0,0,0,0,0,0,0
67,AgentA wins,18.33,0,0,0,0,0,0,0,0,0,0
68,AgentA wins,18.33,0,0,0,0,0,0,0,0,0,0
69,AgentA wins,18.33,0,0,0,0,0,0,0,0,0,0
70,AgentA wins,18.33,0,0,0,0,0,0,0,0,0,0
61,AgentA wins,18.33,0,0,0,0,0,0,0,0,0,0
62,AgentA wins,18.33,0,0,0,0,0,0,0,0,0,0
63,AgentA wins,18.33,0,0,0,0,0,0,0,0,0,0
64,AgentA wins,18.33,0,0,0,0,0,0,0,0,0,0
65,AgentA wins,18.33,0,0,0,0,0,0,0,0,0,0
66,AgentA wins,18.33,0,0,0,0,0,0,0,0,0,0
67,AgentA wins,18.33,0,0,0,0,0,0,0,0,0,0
68,AgentA wins,18.33,0,0,0,0,0,0,0,0,0,0
69,AgentA wins,18.00,0,0,0,0,0,0,0,0,0,0
70,AgentA wins,18.33,0,0,0,0,0,0,0,0,0,0
61,AgentA wins,18.33,0,0,0,0,0,0,0,0,0,0
62,AgentB wins,20.67,0,0,0,0,0,0,0,0,0,0
63,AgentA wins,18.33,0,0,0,0,0,0,0,0,0,0
64,AgentA wins,18.33,0,0,0,0,0,0,0,0,0,0
65,AgentA wins,18.33,0,0,0,0,0,0,0,0,0,0
66,AgentA wins,18.33,0,0,0,0,0,0,0,0,0,0
67,AgentA wins,18.33,0,0,0,0,0,0,0,0,0,0
68,AgentA wins,18.33,0,0,0,0,0,0,0,0,0,0
69,AgentA wins,18.33,0,0,0,0,0,0,0,0,0,0
70,AgentA wins,18.33,0,0,0,0,0,0,0,0,0,0
51,AgentA wins,22.33,0,0,0,0,0,0,0,0,0,0
52,AgentA wins,22.33,0,0,0,0,0,0,0,0,0,0
53,AgentA wins,24.00,0,0,0,0,0,0,0,0,0,0
54,AgentA wins,25.00,0,0,0,0,0,0,0,0,0,0
55,AgentA wins,16.33,0,0,0,0,0,0,0,0,0,0
56,AgentA wins,25.00,0,0,0,0,0,0,0,0,0,0
57,AgentA wins,25.33,0,0,0,0,0,0,0,0,0,0
58,AgentA wins,22.33,0,0,0,0,0,0,0,0,0,0
59,AgentA wins,19.33,0,0,0,0,0,0,0,0,0,0
60,AgentA wins,30.33,0,0,0,0,0,0,0,0,0,0
61,AgentA wins,18.33,0,0,0,0,0,0,0,0,0,0
62,AgentA wins,18.33,0,0,0,0,0,0,0,0,0,0
63,AgentA wins,18.33,0,0,0,0,0,0,0,0,0,0
64,AgentA wins,18.33,0,0,0,0,0,0,0,0,0,0
65,AgentA wins,18.33,0,0,0,0,0,0,0,0,0,0
66,AgentA wins,18.33,0,0,0,0,0,0,0,0,0,0
67,AgentA wins,18.33,0,0,0,0,0,0,0,0,0,0
68,AgentA wins,18.33,0,0,0,0,0,0,0,0,0,0
69,AgentA wins,18.33,0,0,0,0,0,0,0,0,0,0
70,AgentA wins,18.33,0,0,0,0,0,0,0,0,0,0
51,AgentA wins,24.00,0,0,0,0,0,0,0,0,0,0
52,AgentA wins,25.00,0,0,0,0,0,0,0,0,0,0
53,AgentB wins,35.67,0,0,0,0,0,0,0,0,0,0
54,AgentA wins,32.33,0,0,0,0,0,0,0,0,0,0
55,AgentA wins,19.00,0,0,0,0,0,0,0,0,0,0
56,AgentA wins,28.00,0,0,0,0,0,0,0,0,0,0
57,AgentA wins,19.33,0,0,0,0,0,0,0,0,0,0
58,AgentA wins,28.33,0,0,0,0,0,0,0,0,0,0
59,AgentA wins,30.00,0,0,0,0,0,0,0,0,0,0
60,AgentA wins,18.00,0,0,0,0,0,0,0,0,0,0
51,AgentA wins,24.67,0,0,0,0,0,0,0,0,0,0
52,AgentA wins,19.33,0,0,0,0,0,0,0,0,0,0
53,AgentA wins,36.00,0,0,0,0,0,0,0,0,0,0
54,AgentA wins,22.33,0,0,0,0,0,0,0,0,0,0
55,AgentA wins,16.33,0,0,0,0,0,0,0,0,0,0
56,AgentA wins,25.33,0,0,0,0,0,0,0,0,0,0
57,AgentA wins,25.00,0,0,0,0,0,0,0,0,0,0
58,AgentA wins,28.67,0,0,0,0,0,0,0,0,0,0
59,AgentB wins,54.00,0,0,0,0,0,0,0,0,0,0
60,AgentA wins,30.33,0,0,0,0,0,0,0,0,0,0
51,AgentA wins,22.00,0,0,0,0,0,0,0,0,0,0
52,AgentB wins,29.67,0,0,0,0,0,0,0,0,0,0
53,AgentA wins,21.67,0,0,0,0,0,0,0,0,0,0
54,AgentA wins,25.33,0,0,0,0,0,0,0,0,0,0
55,AgentA wins,33.67,0,0,0,0,0,0,0,0,0,0
56,AgentA wins,16.33,0,0,0,0,0,0,0,0,0,0
57,AgentA wins,37.00,0,0,0,0,0,0,0,0,0,0
58,AgentA wins,24.67,0,0,0,0,0,0,0,0,0,0
59,AgentA wins,22.33,0,0,0,0,0,0,0,0,0,0
60,AgentA wins,19.00,0,0,0,0,0,0,0,0,0,0
71,AgentA wins,18.33,0,0,0,0,0,0,0,0,0,0
72,AgentB wins,23.33,0,0,0,0,0,0,0,0,0,0
73,AgentA wins,18.33,0,0,0,0,0,0,0,0,0,0
74,AgentA wins,18.33,0,0,0,0,0,0,0,0,0,0
75,AgentA wins,18.33,0,0,0,0,0,0,0,0,0,0
76,AgentA wins,18.33,0,0,0,0,0,0,0,0,0,0
77,AgentA wins,18.33,0,0,0,0,0,0,0,0,0,0
78,AgentA wins,18.33,0,0,0,0,0,0,0,0,0,0
79,AgentA wins,18.33,0,0,0,0,0,0,0,0,0,0
80,AgentA wins,18.33,0,0,0,0,0,0,0,0,0,0
61,AgentA wins,18.33,0,0,0,0,0,0,0,0,0,0
62,AgentA wins,18.33,0,0,0,0,0,0,0,0,0,0
63,AgentA wins,18.33,0,0,0,0,0,0,0,0,0,0
64,AgentA wins,18.33,0,0,0,0,0,0,0,0,0,0
65,AgentA wins,18.33,0,0,0,0,0,0,0,0,0,0
66,AgentA wins,18.33,0,0,0,0,0,0,0,0,0,0
67,AgentA wins,18.33,0,0,0,0,0,0,0,0,0,0
68,AgentA wins,18.33,0,0,0,0,0,0,0,0,0,0
69,AgentA wins,18.33,0,0,0,0,0,0,0,0,0,0
70,AgentA wins,18.33,0,0,0,0,0,0,0,0,0,0
61,AgentA wins,18.33,0,0,0,0,0,0,0,0,0,0
62,AgentA wins,18.33,0,0,0,0,0,0,0,0,0,0
63,AgentA wins,23.67,0,0,0,0,0,0,0,0,0,0
64,AgentA wins,18.33,0,0,0,0,0,0,0,0,0,0
65,AgentA wins,18.33,0,0,0,0,0,0,0,0,0,0
66,AgentA wins,18.33,0,0,0,0,0,0,0,0,0,0
67,AgentA wins,18.33,0,0,0,0,0,0,0,0,0,0
68,AgentA wins,18.33,0,0,0,0,0,0,0,0,0,0
69,AgentA wins,18.33,0,0,0,0,0,0,0,0,0,0
70,AgentA wins,18.33,0,0,0,0,0,0,0,0,0,0
51,AgentA wins,19.33,196,162,1,109,0,139,0,26,20,8
52,AgentA wins,28.33,277,239,4,152,0,201,0,31,38,12
53,AgentA wins,33.00,318,281,6,169,0,230,0,30,60,9
54,AgentA wins,44.67,431,383,5,241,0,310,0,49,59,13
55,AgentA wins,21.33,208,183,3,117,0,152,0,21,34,8
56,AgentA wins,30.33,293,260,1,168,0,208,0,33,37,12
57,AgentA wins,22.33,217,193,0,121,0,156,0,26,29,10
58,AgentA wins,25.33,247,216,3,138,0,173,0,35,31,16
59,AgentA wins,34.33,332,295,0,191,0,237,0,39,46,9
60,AgentA wins,27.33,269,235,1,148,0,193,0,30,36,8
71,AgentA wins,18.33,0,0,0,0,0,0,0,0,0,0
72,AgentA wins,18.33,0,0,0,0,0,0,0,0,0,0
73,AgentA wins,18.00,0,0,0,0,0,0,0,0,0,0
74,AgentA wins,18.33,0,0,0,0,0,0,0,0,0,0
75,AgentA wins,18.33,0,0,0,0,0,0,0,0,0,0
76,AgentA wins,18.33,0,0,0,0,0,0,0,0,0,0
77,AgentA wins,18.33,0,0,0,0,0,0,0,0,0,0
78,AgentA wins,18.33,0,0,0,0,0,0,0,0,0,0
79,AgentA wins,18.33,0,0,0,0,0,0,0,0,0,0
80,AgentA wins,18.33,0,0,0,0,0,0,0,0,0,0
71,AgentA wins,18.33,0,0,0,0,0,0,0,0,0,0
72,AgentA wins,18.33,0,0,0,0,0,0,0,0,0,0
73,AgentA wins,18.33,0,0,0,0,0,0,0,0,0,0
74,AgentA wins,18.33,0,0,0,0,0,0,0,0,0,0
75,AgentA wins,18.33,0,0,0,0,0,0,0,0,0,0
76,AgentA wins,18.33,0,0,0,0,0,0,0,0,0,0
77,AgentA wins,18.33,0,0,0,0,0,0,0,0,0,0
78,AgentA wins,18.33,0,0,0,0,0,0,0,0,0,0
79,AgentA wins,18.33,0,0,0,0,0,0,0,0,0,0
80,AgentA wins,18.33,0,0,0,0,0,0,0,0,0,0
51,AgentA wins,31.00,0,0,0,0,0,0,0,0,0,0
52,AgentA wins,25.00,0,0,0,0,0,0,0,0,0,0
53,AgentA wins,33.33,0,0,0,0,0,0,0,0,0,0
54,AgentA wins,31.67,0,0,0,0,0,0,0,0,0,0
55,AgentA wins,22.00,0,0,0,0,0,0,0,0,0,0
56,timeout draw,60.00,0,0,0,0,0,0,0,0,0,0
57,AgentB wins,26.00,0,0,0,0,0,0,0,0,0,0
58,AgentA wins,22.33,0,0,0,0,0,0,0,0,0,0
59,AgentA wins,27.33,0,0,0,0,0,0,0,0,0,0
60,AgentB wins,38.33,0,0,0,0,0,0,0,0,0,0
71,AgentA wins,18.33,0,0,0,0,0,0,0,0,0,0
72,AgentA wins,18.33,0,0,0,0,0,0,0,0,0,0
73,AgentA wins,18.33,0,0,0,0,0,0,0,0,0,0
74,AgentA wins,18.33,0,0,0,0,0,0,0,0,0,0
75,AgentA wins,18.33,0,0,0,0,0,0,0,0,0,0
76,AgentA wins,18.33,0,0,0,0,0,0,0,0,0,0
77,AgentA wins,18.33,0,0,0,0,0,0,0,0,0,0
78,AgentA wins,18.33,0,0,0,0,0,0,0,0,0,0
79,AgentA wins,18.33,0,0,0,0,0,0,0,0,0,0
80,AgentA wins,18.33,0,0,0,0,0,0,0,0,0,0
51,AgentA wins,16.33,0,0,0,0,0,0,0,0,0,0
52,AgentA wins,30.33,0,0,0,0,0,0,0,0,0,0
53,AgentA wins,19.33,0,0,0,0,0,0,0,0,0,0
54,AgentA wins,19.00,0,0,0,0,0,0,0,0,0,0
55,AgentA wins,36.33,0,0,0,0,0,0,0,0,0,0
56,AgentA wins,21.33,0,0,0,0,0,0,0,0,0,0
57,AgentA wins,16.33,0,0,0,0,0,0,0,0,0,0
58,AgentA wins,28.33,0,0,0,0,0,0,0,0,0,0
59,AgentA wins,22.33,0,0,0,0,0,0,0,0,0,0
60,AgentA wins,22.00,0,0,0,0,0,0,0,0,0,0
71,AgentA wins,18.33,0,0,0,0,0,0,0,0,0,0
72,AgentA wins,18.33,0,0,0,0,0,0,0,0,0,0
73,AgentA wins,18.33,0,0,0,0,0,0,0,0,0,0
74,AgentA wins,18.33,0,0,0,0,0,0,0,0,0,0
75,AgentA wins,18.33,0,0,0,0,0,0,0,0,0,0
76,AgentA wins,18.33,0,0,0,0,0,0,0,0,0,0
77,AgentA wins,18.33,0,0,0,0,0,0,0,0,0,0
78,AgentB wins,20.67,0,0,0,0,0,0,0,0,0,0
79,AgentA wins,18.33,0,0,0,0,0,0,0,0,0,0
80,AgentA wins,18.33,0,0,0,0,0,0,0,0,0,0
71,AgentA wins,18.33,0,0,0,0,0,0,0,0,0,0
72,AgentA wins,18.33,0,0,0,0,0,0,0,0,0,0
73,AgentA wins,18.33,0,0,0,0,0,0,0,0,0,0
74,AgentA wins,18.33,0,0,0,0,0,0,0,0,0,0
75,AgentA wins,18.33,0,0,0,0,0,0,0,0,0,0
76,AgentA wins,18.33,0,0,0,0,0,0,0,0,0,0
77,AgentA wins,18.33,0,0,0,0,0,0,0,0,0,0
78,AgentA wins,18.33,0,0,0,0,0,0,0,0,0,0
79,AgentA wins,18.00,0,0,0,0,0,0,0,0,0,0
80,AgentA wins,18.00,0,0,0,0,0,0,0,0,0,0
71,AgentA wins,18.33,0,0,0,0,0,0,0,0,0,0
72,AgentA wins,18.33,0,0,0,0,0,0,0,0,0,0
73,AgentA wins,18.33,0,0,0,0,0,0,0,0,0,0
74,AgentA wins,18.33,0,0,0,0,0,0,0,0,0,0
75,AgentA wins,18.33,0,0,0,0,0,0,0,0,0,0
76,AgentA wins,18.33,0,0,0,0,0,0,0,0,0,0
77,AgentA wins,18.33,0,0,0,0,0,0,0,0,0,0
78,AgentA wins,18.33,0,0,0,0,0,0,0,0,0,0
79,AgentA wins,18.33,0,0,0,0,0,0,0,0,0,0
80,AgentA wins,18.33,0,0,0,0,0,0,0,0,0,0
71,AgentA wins,18.33,0,0,0,0,0,0,0,0,0,0
72,AgentA wins,18.33,0,0,0,0,0,0,0,0,0,0
73,AgentA wins,18.33,0,0,0,0,0,0,0,0,0,0
74,AgentA wins,18.33,0,0,0,0,0,0,0,0,0,0
75,AgentA wins,18.33,0,0,0,0,0,0,0,0,0,0
76,AgentA wins,18.33,0,0,0,0,0,0,0,0,0,0
77,AgentA wins,18.33,0,0,0,0,0,0,0,0,0,0
78,AgentA wins,18.33,0,0,0,0,0,0,0,0,0,0
79,AgentA wins,18.33,0,0,0,0,0,0,0,0,0,0
80,AgentA wins,18.33,0,0,0,0,0,0,0,0,0,0
71,AgentA wins,18.33,0,0,0,0,0,0,0,0,0,0
72,AgentA wins,18.33,0,0,0,0,0,0,0,0,0,0
73,AgentA wins,18.00,0,0,0,0,0,0,0,0,0,0
74,AgentA wins,18.33,0,0,0,0,0,0,0,0,0,0
75,AgentA wins,18.33,0,0,0,0,0,0,0,0,0,0
76,AgentA wins,18.33,0,0,0,0,0,0,0,0,0,0
77,AgentA wins,21.33,0,0,0,0,0,0,0,0,0,0
78,AgentA wins,18.33,0,0,0,0,0,0,0,0,0,0
79,AgentA wins,18.33,0,0,0,0,0,0,0,0,0,0
80,AgentA wins,18.33,0,0,0,0,0,0,0,0,0,0
51,AgentA wins,16.33,0,0,0,0,0,0,0,0,0,0
52,AgentA wins,22.00,0,0,0,0,0,0,0,0,0,0
53,AgentA wins,33.00,0,0,0,0,0,0,0,0,0,0
54,AgentA wins,35.67,0,0,0,0,0,0,0,0,0,0
55,AgentA wins,24.33,0,0,0,0,0,0,0,0,0,0
56,AgentB wins,29.00,0,0,0,0,0,0,0,0,0,0
57,AgentA wins,24.67,0,0,0,0,0,0,0,0,0,0
58,AgentA wins,24.33,0,0,0,0,0,0,0,0,0,0
59,AgentA wins,22.33,0,0,0,0,0,0,0,0,0,0
60,AgentA wins,19.00,0,0,0,0,0,0,0,0,0,0
71,AgentA wins,18.33,0,0,0,0,0,0,0,0,0,0
72,AgentA wins,18.33,0,0,0,0,0,0,0,0,0,0
73,AgentA wins,18.33,0,0,0,0,0,0,0,0,0,0
74,AgentA wins,18.33,0,0,0,0,0,0,0,0,0,0
75,AgentA wins,18.33,0,0,0,0,0,0,0,0,0,0
76,AgentA wins,18.33,0,0,0,0,0,0,0,0,0,0
77,AgentA wins,18.33,0,0,0,0,0,0,0,0,0,0
78,AgentA wins,18.33,0,0,0,0,0,0,0,0,0,0
79,AgentA wins,18.33,0,0,0,0,0,0,0,0,0,0
80,AgentA wins,18.33,0,0,0,0,0,0,0,0,0,0
51,AgentA wins,26.33,0,0,0,0,0,0,0,0,0,0
52,AgentA wins,30.00,0,0,0,0,0,0,0,0,0,0
53,AgentA wins,35.00,0,0,0,0,0,0,0,0,0,0
54,AgentA wins,22.33,0,0,0,0,0,0,0,0,0,0
55,AgentA wins,18.00,0,0,0,0,0,0,0,0,0,0
56,AgentA wins,25.33,0,0,0,0,0,0,0,0,0,0
57,AgentB wins,34.00,0,0,0,0,0,0,0,0,0,0
58,AgentA wins,22.33,0,0,0,0,0,0,0,0,0,0
59,AgentA wins,19.00,0,0,0,0,0,0,0,0,0,0
60,AgentA wins,24.33,0,0,0,0,0,0,0,0,0,0
51,AgentA wins,21.33,0,0,0,0,0,0,0,0,0,0
52,AgentB wins,26.33,0,0,0,0,0,0,0,0,0,0
53,AgentA wins,16.33,0,0,0,0,0,0,0,0,0,0
54,AgentA wins,19.00,0,0,0,0,0,0,0,0,0,0
55,AgentA wins,19.33,0,0,0,0,0,0,0,0,0,0
56,AgentA wins,27.00,0,0,0,0,0,0,0,0,0,0
57,AgentA wins,19.33,0,0,0,0,0,0,0,0,0,0
58,AgentA wins,43.00,0,0,0,0,0,0,0,0,0,0
59,AgentA wins,22.33,0,0,0,0,0,0,0,0,0,0
60,AgentA wins,22.00,0,0,0,0,0,0,0,0,0,0
71,AgentA wins,18.33,0,0,0,0,0,0,0,0,0,0
72,AgentA wins,18.33,0,0,0,0,0,0,0,0,0,0
73,AgentA wins,18.33,0,0,0,0,0,0,0,0,0,0
74,AgentA wins,18.33,0,0,0,0,0,0,0,0,0,0
75,AgentA wins,18.33,0,0,0,0,0,0,0,0,0,0
76,AgentA wins,18.33,0,0,0,0,0,0,0,0,0,0
77,AgentA wins,18.33,0,0,0,0,0,0,0,0,0,0
78,AgentA wins,18.33,0,0,0,0,0,0,0,0,0,0
79,AgentA wins,18.33,0,0,0,0,0,0,0,0,0,0
80,AgentA wins,18.33,0,0,0,0,0,0,0,0,0,0
71,AgentA wins,18.33,0,0,0,0,0,0,0,0,0,0
72,AgentA wins,18.33,0,0,0,0,0,0,0,0,0,0
73,AgentA wins,18.33,0,0,0,0,0,0,0,0,0,0
74,AgentA wins,18.33,0,0,0,0,0,0,0,0,0,0
75,AgentA wins,18.33,0,0,0,0,0,0,0,0,0,0
76,AgentA wins,18.33,0,0,0,0,0,0,0,0,0,0
77,AgentA wins,18.33,0,0,0,0,0,0,0,0,0,0
78,AgentA wins,18.33,0,0,0,0,0,0,0,0,0,0
79,AgentA wins,18.33,0,0,0,0,0,0,0,0,0,0
80,AgentA wins,18.33,0,0,0,0,0,0,0,0,0,0
71,AgentA wins,18.33,0,0,0,0,0,0,0,0,0,0
72,AgentA wins,18.33,0,0,0,0,0,0,0,0,0,0
73,AgentA wins,18.33,0,0,0,0,0,0,0,0,0,0
74,AgentA wins,18.33,0,0,0,0,0,0,0,0,0,0
75,AgentA wins,18.33,0,0,0,0,0,0,0,0,0,0
76,AgentA wins,18.33,0,0,0,0,0,0,0,0,0,0
77,AgentA wins,18.33,0,0,0,0,0,0,0,0,0,0
78,AgentA wins,18.33,0,0,0,0,0,0,0,0,0,0
79,AgentA wins,18.33,0,0,0,0,0,0,0,0,0,0
80,AgentA wins,18.33,0,0,0,0,0,0,0,0,0,0
81,AgentA wins,18.33,0,0,0,0,0,0,0,0,0,0
82,AgentA wins,18.33,0,0,0,0,0,0,0,0,0,0
83,AgentA wins,18.33,0,0,0,0,0,0,0,0,0,0
84,AgentA wins,18.33,0,0,0,0,0,0,0,0,0,0
85,AgentA wins,18.33,0,0,0,0,0,0,0,0,0,0
86,AgentA wins,18.33,0,0,0,0,0,0,0,0,0,0
87,AgentA wins,18.33,0,0,0,0,0,0,0,0,0,0
88,AgentA wins,18.33,0,0,0,0,0,0,0,0,0,0
89,AgentA wins,18.33,0,0,0,0,0,0,0,0,0,0
90,AgentA wins,18.33,0,0,0,0,0,0,0,0,0,0
71,AgentA wins,18.33,0,0,0,0,0,0,0,0,0,0
72,AgentA wins,18.33,0,0,0,0,0,0,0,0,0,0
73,AgentA wins,18.33,0,0,0,0,0,0,0,0,0,0
74,AgentA wins,18.33,0,0,0,0,0,0,0,0,0,0
75,AgentA wins,18.33,0,0,0,0,0,0,0,0,0,0
76,AgentA wins,18.33,0,0,0,0,0,0,0,0,0,0
77,AgentA wins,18.33,0,0,0,0,0,0,0,0,0,0
78,AgentA wins,18.33,0,0,0,0,0,0,0,0,0,0
79,AgentA wins,18.33,0,0,0,0,0,0,0,0,0,0
80,AgentA wins,18.33,0,0,0,0,0,0,0,0,0,0
71,AgentA wins,18.33,0,0,0,0,0,0,0,0,0,0
72,AgentA wins,18.33,0,0,0,0,0,0,0,0,0,0
73,AgentA wins,18.33,0,0,0,0,0,0,0,0,0,0
74,AgentA wins,18.33,0,0,0,0,0,0,0,0,0,0
75,AgentA wins,18.33,0,0,0,0,0,0,0,0,0,0
76,AgentA wins,18.33,0,0,0,0,0,0,0,0,0,0
77,AgentA wins,18.33,0,0,0,0,0,0,0,0,0,0
78,AgentA wins,18.33,0,0,0,0,0,0,0,0,0,0
79,AgentA wins,18.33,0,0,0,0,0,0,0,0,0,0
80,AgentA wins,18.33,0,0,0,0,0,0,0,0,0,0
81,AgentA wins,18.33,0,0,0,0,0,0,0,0,0,0
82,AgentA wins,18.33,0,0,0,0,0,0,0,0,0,0
83,AgentA wins,18.33,0,0,0,0,0,0,0,0,0,0
84,AgentA wins,18.33,0,0,0,0,0,0,0,0,0,0
85,AgentA wins,18.33,0,0,0,0,0,0,0,0,0,0
86,AgentA wins,18.33,0,0,0,0,0,0,0,0,0,0
87,AgentA wins,18.33,0,0,0,0,0,0,0,0,0,0
88,AgentA wins,18.33,0,0,0,0,0,0,0,0,0,0
89,AgentA wins,18.33,0,0,0,0,0,0,0,0,0,0
90,AgentA wins,18.33,0,0,0,0,0,0,0,0,0,0
61,AgentA wins,18.00,0,0,0,0,0,0,0,0,0,0
62,AgentA wins,25.33,0,0,0,0,0,0,0,0,0,0
63,AgentA wins,25.00,0,0,0,0,0,0,0,0,0,0
64,AgentA wins,21.33,0,0,0,0,0,0,0,0,0,0
65,AgentA wins,19.33,0,0,0,0,0,0,0,0,0,0
66,AgentA wins,31.00,0,0,0,0,0,0,0,0,0,0
67,AgentA wins,19.00,0,0,0,0,0,0,0,0,0,0
68,AgentA wins,25.33,0,0,0,0,0,0,0,0,0,0
69,AgentA wins,22.33,0,0,0,0,0,0,0,0,0,0
70,AgentA wins,22.00,0,0,0,0,0,0,0,0,0,0
61,AgentA wins,27.00,0,0,0,0,0,0,0,0,0,0
62,AgentA wins,41.33,0,0,0,0,0,0,0,0,0,0
63,AgentA wins,22.33,0,0,0,0,0,0,0,0,0,0
64,AgentA wins,30.00,0,0,0,0,0,0,0,0,0,0
65,AgentA wins,25.33,0,0,0,0,0,0,0,0,0,0
66,AgentA wins,19.33,0,0,0,0,0,0,0,0,0,0
67,AgentA wins,22.00,0,0,0,0,0,0,0,0,0,0
68,AgentA wins,19.33,0,0,0,0,0,0,0,0,0,0
69,AgentA wins,19.33,0,0,0,0,0,0,0,0,0,0
70,AgentA wins,46.33,0,0,0,0,0,0,0,0,0,0
81,AgentA wins,18.33,0,0,0,0,0,0,0,0,0,0
82,AgentA wins,18.33,0,0,0,0,0,0,0,0,0,0
83,AgentA wins,18.33,0,0,0,0,0,0,0,0,0,0
84,AgentA wins,18.33,0,0,0,0,0,0,0,0,0,0
85,AgentA wins,18.33,0,0,0,0,0,0,0,0,0,0
86,AgentA wins,18.33,0,0,0,0,0,0,0,0,0,0
87,AgentA wins,18.33,0,0,0,0,0,0,0,0,0,0
88,AgentA wins,18.33,0,0,0,0,0,0,0,0,0,0
89,AgentA wins,18.33,0,0,0,0,0,0,0,0,0,0
90,AgentA wins,18.33,0,0,0,0,0,0,0,0,0,0
81,AgentA wins,18.33,0,0,0,0,0,0,0,0,0,0
82,AgentA wins,18.33,0,0,0,0,0,0,0,0,0,0
83,AgentA wins,18.33,0,0,0,0,0,0,0,0,0,0
84,AgentA wins,18.33,0,0,0,0,0,0,0,0,0,0
85,AgentA wins,18.33,0,0,0,0,0,0,0,0,0,0
86,AgentA wins,18.33,0,0,0,0,0,0,0,0,0,0
87,AgentA wins,18.33,0,0,0,0,0,0,0,0,0,0
88,AgentA wins,18.33,0,0,0,0,0,0,0,0,0,0
89,AgentA wins,18.33,0,0,0,0,0,0,0,0,0,0
90,AgentA wins,18.33,0,0,0,0,0,0,0,0,0,0
81,AgentA wins,18.33,0,0,0,0,0,0,0,0,0,0
82,AgentA wins,18.33,0,0,0,0,0,0,0,0,0,0
83,AgentA wins,18.33,0,0,0,0,0,0,0,0,0,0
84,AgentA wins,18.33,0,0,0,0,0,0,0,0,0,0
85,AgentA wins,18.33,0,0,0,0,0,0,0,0,0,0
86,AgentA wins,18.33,0,0,0,0,0,0,0,0,0,0
87,AgentA wins,18.33,0,0,0,0,0,0,0,0,0,0
88,AgentA wins,18.33,0,0,0,0,0,0,0,0,0,0
89,AgentA wins,18.33,0,0,0,0,0,0,0,0,0,0
90,AgentA wins,18.33,0,0,0,0,0,0,0,0,0,0
81,AgentA wins,18.33,0,0,0,0,0,0,0,0,0,0
82,AgentA wins,18.33,0,0,0,0,0,0,0,0,0,0
83,AgentA wins,18.33,0,0,0,0,0,0,0,0,0,0
84,AgentA wins,18.33,0,0,0,0,0,0,0,0,0,0
85,AgentA wins,18.33,0,0,0,0,0,0,0,0,0,0
86,AgentA wins,18.33,0,0,0,0,0,0,0,0,0,0
87,AgentA wins,18.33,0,0,0,0,0,0,0,0,0,0
88,AgentA wins,18.33,0,0,0,0,0,0,0,0,0,0
89,AgentA wins,18.33,0,0,0,0,0,0,0,0,0,0
90,AgentA wins,18.33,0,0,0,0,0,0,0,0,0,0
61,AgentA wins,22.33,0,0,0,0,0,0,0,0,0,0
62,AgentA wins,34.00,0,0,0,0,0,0,0,0,0,0
63,AgentA wins,22.00,0,0,0,0,0,0,0,0,0,0
64,AgentA wins,19.33,0,0,0,0,0,0,0,0,0,0
65,AgentA wins,30.67,0,0,0,0,0,0,0,0,0,0
66,AgentA wins,22.33,0,0,0,0,0,0,0,0,0,0
67,AgentA wins,24.00,0,0,0,0,0,0,0,0,0,0
68,AgentA wins,22.33,0,0,0,0,0,0,0,0,0,0
69,AgentA wins,35.00,0,0,0,0,0,0,0,0,0,0
70,AgentA wins,34.00,0,0,0,0,0,0,0,0,0,0
81,AgentA wins,18.33,0,0,0,0,0,0,0,0,0,0
82,AgentA wins,18.33,0,0,0,0,0,0,0,0,0,0
83,AgentA wins,18.33,0,0,0,0,0,0,0,0,0,0
84,AgentA wins,18.33,0,0,0,0,0,0,0,0,0,0
85,AgentA wins,18.33,0,0,0,0,0,0,0,0,0,0
86,AgentA wins,18.33,0,0,0,0,0,0,0,0,0,0
87,AgentB wins,20.67,0,0,0,0,0,0,0,0,0,0
88,AgentA wins,18.33,0,0,0,0,0,0,0,0,0,0
89,AgentA wins,18.33,0,0,0,0,0,0,0,0,0,0
90,AgentA wins,18.33,0,0,0,0,0,0,0,0,0,0
81,AgentA wins,18.33,0,0,0,0,0,0,0,0,0,0
82,AgentA wins,18.33,0,0,0,0,0,0,0,0,0,0
83,AgentA wins,18.33,0,0,0,0,0,0,0,0,0,0
84,AgentA wins,18.33,0,0,0,0,0,0,0,0,0,0
85,AgentA wins,18.33,0,0,0,0,0,0,0,0,0,0
86,AgentA wins,18.33,0,0,0,0,0,0,0,0,0,0
87,AgentA wins,18.33,0,0,0,0,0,0,0,0,0,0
88,AgentA wins,18.00,0,0,0,0,0,0,0,0,0,0
89,AgentA wins,18.33,0,0,0,0,0,0,0,0,0,0
90,AgentA wins,18.33,0,0,0,0,0,0,0,0,0,0
61,AgentA wins,19.33,0,0,0,0,0,0,0,0,0,0
62,AgentA wins,24.33,0,0,0,0,0,0,0,0,0,0
63,timeout draw,60.00,0,0,0,0,0,0,0,0,0,0
64,AgentA wins,18.33,0,0,0,0,0,0,0,0,0,0
65,AgentA wins,22.33,0,0,0,0,0,0,0,0,0,0
66,AgentA wins,47.00,0,0,0,0,0,0,0,0,0,0
67,AgentA wins,16.33,0,0,0,0,0,0,0,0,0,0
68,AgentA wins,16.33,0,0,0,0,0,0,0,0,0,0
69,AgentA wins,22.33,0,0,0,0,0,0,0,0,0,0
70,AgentA wins,25.00,0,0,0,0,0,0,0,0,0,0
81,AgentA wins,18.33,0,0,0,0,0,0,0,0,0,0
82,AgentA wins,18.33,0,0,0,0,0,0,0,0,0,0
83,AgentA wins,18.33,0,0,0,0,0,0,0,0,0,0
84,AgentA wins,18.33,0,0,0,0,0,0,0,0,0,0
85,AgentA wins,18.33,0,0,0,0,0,0,0,0,0,0
86,AgentA wins,18.33,0,0,0,0,0,0,0,0,0,0
87,AgentA wins,18.33,0,0,0,0,0,0,0,0,0,0
88,AgentA wins,18.33,0,0,0,0,0,0,0,0,0,0
89,AgentA wins,18.33,0,0,0,0,0,0,0,0,0,0
90,AgentB wins,23.33,0,0,0,0,0,0,0,0,0,0
81,AgentA wins,18.33,0,0,0,0,0,0,0,0,0,0
82,AgentA wins,18.33,0,0,0,0,0,0,0,0,0,0
83,AgentA wins,18.33,0,0,0,0,0,0,0,0,0,0
84,AgentA wins,18.33,0,0,0,0,0,0,0,0,0,0
85,AgentA wins,18.33,0,0,0,0,0,0,0,0,0,0
86,AgentA wins,18.33,0,0,0,0,0,0,0,0,0,0
87,AgentA wins,18.33,0,0,0,0,0,0,0,0,0,0
88,AgentA wins,18.33,0,0,0,0,0,0,0,0,0,0
89,AgentA wins,18.33,0,0,0,0,0,0,0,0,0,0
90,AgentA wins,18.33,0,0,0,0,0,0,0,0,0,0
61,AgentA wins,16.33,158,139,0,86,0,115,0,17,26,4
62,AgentA wins,30.33,291,259,1,165,0,217,0,34,38,18
63,AgentA wins,21.33,212,185,1,119,0,149,0,21,29,5
64,AgentA wins,25.33,249,219,1,147,0,182,0,32,33,6
65,AgentA wins,19.33,190,168,0,110,0,139,0,20,23,9
66,AgentA wins,31.00,303,262,0,164,0,212,0,31,37,12
67,AgentA wins,39.00,379,331,1,216,0,270,0,42,44,15
68,AgentA wins,27.67,266,240,1,149,0,196,0,30,34,22
69,AgentA wins,21.33,208,182,2,117,0,158,0,23,27,10
70,AgentB wins,27.33,265,235,1,147,0,197,0,29,41,13
81,AgentA wins,18.00,0,0,0,0,0,0,0,0,0,0
82,AgentA wins,18.33,0,0,0,0,0,0,0,0,0,0
83,AgentA wins,18.00,0,0,0,0,0,0,0,0,0,0
84,AgentA wins,18.33,0,0,0,0,0,0,0,0,0,0
85,AgentA wins,18.33,0,0,0,0,0,0,0,0,0,0
86,AgentA wins,18.33,0,0,0,0,0,0,0,0,0,0
87,AgentA wins,18.33,0,0,0,0,0,0,0,0,0,0
88,AgentA wins,18.33,0,0,0,0,0,0,0,0,0,0
89,AgentA wins,18.33,0,0,0,0,0,0,0,0,0,0
90,AgentA wins,18.33,0,0,0,0,0,0,0,0,0,0
81,AgentA wins,18.00,0,0,0,0,0,0,0,0,0,0
82,AgentA wins,18.33,0,0,0,0,0,0,0,0,0,0
83,AgentA wins,18.33,0,0,0,0,0,0,0,0,0,0
84,AgentA wins,18.33,0,0,0,0,0,0,0,0,0,0
85,AgentA wins,18.33,0,0,0,0,0,0,0,0,0,0
86,AgentA wins,18.33,0,0,0,0,0,0,0,0,0,0
87,AgentA wins,18.33,0,0,0,0,0,0,0,0,0,0
88,AgentA wins,18.33,0,0,0,0,0,0,0,0,0,0
89,AgentA wins,18.33,0,0,0,0,0,0,0,0,0,0
90,AgentA wins,18.33,0,0,0,0,0,0,0,0,0,0
61,AgentA wins,29.67,0,0,0,0,0,0,0,0,0,0
62,AgentA wins,24.00,0,0,0,0,0,0,0,0,0,0
63,AgentB wins,20.00,0,0,0,0,0,0,0,0,0,0
64,AgentA wins,22.33,0,0,0,0,0,0,0,0,0,0
65,AgentA wins,22.33,0,0,0,0,0,0,0,0,0,0
66,AgentA wins,22.33,0,0,0,0,0,0,0,0,0,0
67,AgentA wins,25.33,0,0,0,0,0,0,0,0,0,0
68,AgentA wins,39.33,0,0,0,0,0,0,0,0,0,0
69,AgentA wins,18.00,0,0,0,0,0,0,0,0,0,0
70,AgentA wins,33.33,0,0,0,0,0,0,0,0,0,0
61,AgentA wins,24.00,0,0,0,0,0,0,0,0,0,0
62,AgentA wins,29.67,0,0,0,0,0,0,0,0,0,0
63,AgentA wins,25.00,0,0,0,0,0,0,0,0,0,0
64,AgentA wins,30.00,0,0,0,0,0,0,0,0,0,0
65,AgentA wins,31.33,0,0,0,0,0,0,0,0,0,0
66,AgentA wins,28.33,0,0,0,0,0,0,0,0,0,0
67,AgentA wins,22.33,0,0,0,0,0,0,0,0,0,0
68,AgentA wins,22.33,0,0,0,0,0,0,0,0,0,0
69,AgentA wins,25.33,0,0,0,0,0,0,0,0,0,0
70,AgentA wins,24.33,0,0,0,0,0,0,0,0,0,0
61,AgentA wins,16.33,0,0,0,0,0,0,0,0,0,0
62,AgentA wins,27.67,0,0,0,0,0,0,0,0,0,0
63,AgentA wins,25.33,0,0,0,0,0,0,0,0,0,0
64,AgentA wins,22.33,0,0,0,0,0,0,0,0,0,0
65,AgentA wins,22.33,0,0,0,0,0,0,0,0,0,0
66,AgentA wins,38.67,0,0,0,0,0,0,0,0,0,0
67,AgentA wins,26.33,0,0,0,0,0,0,0,0,0,0
68,AgentA wins,18.00,0,0,0,0,0,0,0,0,0,0
69,AgentA wins,19.00,0,0,0,0,0,0,0,0,0,0
70,AgentA wins,33.33,0,0,0,0,0,0,0,0,0,0
61,AgentA wins,19.00,0,0,0,0,0,0,0,0,0,0
62,AgentB wins,36.67,0,0,0,0,0,0,0,0,0,0
63,AgentA wins,31.33,0,0,0,0,0,0,0,0,0,0
64,AgentA wins,25.33,0,0,0,0,0,0,0,0,0,0
65,AgentA wins,28.00,0,0,0,0,0,0,0,0,0,0
66,AgentA wins,27.33,0,0,0,0,0,0,0,0,0,0
67,AgentA wins,25.33,0,0,0,0,0,0,0,0,0,0
68,AgentA wins,24.33,0,0,0,0,0,0,0,0,0,0
69,AgentA wins,19.33,0,0,0,0,0,0,0,0,0,0
70,AgentB wins,20.33,0,0,0,0,0,0,0,0,0,0
81,AgentA wins,18.33,0,0,0,0,0,0,0,0,0,0
82,AgentA wins,18.33,0,0,0,0,0,0,0,0,0,0
83,AgentA wins,18.33,0,0,0,0,0,0,0,0,0,0
84,AgentA wins,18.33,0,0,0,0,0,0,0,0,0,0
85,AgentB wins,20.67,0,0,0,0,0,0,0,0,0,0
86,AgentA wins,18.33,0,0,0,0,0,0,0,0,0,0
87,AgentA wins,18.33,0,0,0,0,0,0,0,0,0,0
88,AgentA wins,18.33,0,0,0,0,0,0,0,0,0,0
89,AgentA wins,18.33,0,0,0,0,0,0,0,0,0,0
90,AgentA wins,18.33,0,0,0,0,0,0,0,0,0,0
91,AgentA wins,18.33,0,0,0,0,0,0,0,0,0,0
92,AgentA wins,18.33,0,0,0,0,0,0,0,0,0,0
93,AgentA wins,21.33,0,0,0,0,0,0,0,0,0,0
94,AgentA wins,18.33,0,0,0,0,0,0,0,0,0,0
95,AgentA wins,18.33,0,0,0,0,0,0,0,0,0,0
96,AgentA wins,18.33,0,0,0,0,0,0,0,0,0,0
97,AgentA wins,18.33,0,0,0,0,0,0,0,0,0,0
98,AgentA wins,18.33,0,0,0,0,0,0,0,0,0,0
99,AgentA wins,18.33,0,0,0,0,0,0,0,0,0,0
100,AgentA wins,18.33,0,0,0,0,0,0,0,0,0,0
61,AgentA wins,32.33,0,0,0,0,0,0,0,0,0,0
62,timeout draw,60.00,0,0,0,0,0,0,0,0,0,0
63,AgentB wins,29.00,0,0,0,0,0,0,0,0,0,0
64,AgentA wins,25.00,0,0,0,0,0,0,0,0,0,0
65,AgentA wins,22.33,0,0,0,0,0,0,0,0,0,0
66,AgentA wins,33.33,0,0,0,0,0,0,0,0,0,0
67,AgentA wins,16.33,0,0,0,0,0,0,0,0,0,0
68,AgentA wins,19.33,0,0,0,0,0,0,0,0,0,0
69,AgentA wins,31.00,0,0,0,0,0,0,0,0,0,0
70,AgentA wins,19.33,0,0,0,0,0,0,0,0,0,0
81,AgentA wins,18.00,0,0,0,0,0,0,0,0,0,0
82,AgentA wins,18.33,0,0,0,0,0,0,0,0,0,0
83,AgentA wins,18.33,0,0,0,0,0,0,0,0,0,0
84,AgentA wins,18.33,0,0,0,0,0,0,0,0,0,0
85,AgentA wins,18.33,0,0,0,0,0,0,0,0,0,0
86,AgentA wins,18.33,0,0,0,0,0,0,0,0,0,0
87,AgentA wins,18.33,0,0,0,0,0,0,0,0,0,0
88,AgentA wins,18.33,0,0,0,0,0,0,0,0,0,0
89,AgentA wins,18.33,0,0,0,0,0,0,0,0,0,0
90,AgentA wins,18.33,0,0,0,0,0,0,0,0,0,0
81,AgentA wins,18.33,0,0,0,0,0,0,0,0,0,0
82,AgentA wins,18.33,0,0,0,0,0,0,0,0,0,0
83,AgentA wins,18.33,0,0,0,0,0,0,0,0,0,0
84,AgentA wins,18.33,0,0,0,0,0,0,0,0,0,0
85,AgentA wins,18.33,0,0,0,0,0,0,0,0,0,0
86,AgentA wins,18.33,0,0,0,0,0,0,0,0,0,0
87,AgentA wins,18.33,0,0,0,0,0,0,0,0,0,0
88,AgentA wins,18.33,0,0,0,0,0,0,0,0,0,0
89,AgentA wins,18.33,0,0,0,0,0,0,0,0,0,0
90,AgentA wins,18.33,0,0,0,0,0,0,0,0,0,0
91,AgentA wins,18.33,0,0,0,0,0,0,0,0,0,0
92,AgentA wins,18.33,0,0,0,0,0,0,0,0,0,0
93,AgentA wins,18.33,0,0,0,0,0,0,0,0,0,0
94,AgentA wins,18.33,0,0,0,0,0,0,0,0,0,0
95,AgentA wins,18.33,0,0,0,0,0,0,0,0,0,0
96,AgentA wins,18.33,0,0,0,0,0,0,0,0,0,0
97,AgentA wins,18.33,0,0,0,0,0,0,0,0,0,0
98,AgentA wins,18.33,0,0,0,0,0,0,0,0,0,0
99,AgentA wins,18.33,0,0,0,0,0,0,0,0,0,0
100,AgentA wins,18.33,0,0,0,0,0,0,0,0,0,0
91,AgentA wins,18.33,0,0,0,0,0,0,0,0,0,0
92,AgentA wins,18.33,0,0,0,0,0,0,0,0,0,0
93,AgentA wins,18.33,0,0,0,0,0,0,0,0,0,0
94,AgentA wins,18.33,0,0,0,0,0,0,0,0,0,0
95,AgentA wins,18.33,0,0,0,0,0,0,0,0,0,0
96,AgentA wins,18.33,0,0,0,0,0,0,0,0,0,0
97,AgentA wins,18.33,0,0,0,0,0,0,0,0,0,0
98,AgentA wins,18.33,0,0,0,0,0,0,0,0,0,0
99,AgentA wins,18.33,0,0,0,0,0,0,0,0,0,0
100,AgentA wins,18.33,0,0,0,0,0,0,0,0,0,0
91,AgentA wins,18.33,0,0,0,0,0,0,0,0,0,0
92,AgentA wins,18.33,0,0,0,0,0,0,0,0,0,0
93,AgentA wins,18.33,0,0,0,0,0,0,0,0,0,0
94,AgentA wins,18.33,0,0,0,0,0,0,0,0,0,0
95,AgentA wins,18.33,0,0,0,0,0,0,0,0,0,0
96,AgentA wins,18.33,0,0,0,0,0,0,0,0,0,0
97,AgentA wins,18.33,0,0,0,0,0,0,0,0,0,0
98,AgentA wins,18.33,0,0,0,0,0,0,0,0,0,0
99,AgentA wins,18.33,0,0,0,0,0,0,0,0,0,0
100,AgentA wins,18.33,0,0,0,0,0,0,0,0,0,0
91,AgentA wins,18.33,0,0,0,0,0,0,0,0,0,0
92,AgentA wins,18.33,0,0,0,0,0,0,0,0,0,0
93,AgentA wins,18.33,0,0,0,0,0,0,0,0,0,0
94,AgentA wins,18.33,0,0,0,0,0,0,0,0,0,0
95,AgentA wins,18.33,0,0,0,0,0,0,0,0,0,0
96,AgentA wins,18.33,0,0,0,0,0,0,0,0,0,0
97,AgentA wins,18.33,0,0,0,0,0,0,0,0,0,0
98,AgentA wins,18.33,0,0,0,0,0,0,0,0,0,0
99,AgentA wins,18.33,0,0,0,0,0,0,0,0,0,0
100,AgentA wins,18.33,0,0,0,0,0,0,0,0,0,0
91,AgentA wins,18.33,0,0,0,0,0,0,0,0,0,0
92,AgentA wins,18.33,0,0,0,0,0,0,0,0,0,0
93,AgentA wins,18.33,0,0,0,0,0,0,0,0,0,0
94,AgentA wins,18.33,0,0,0,0,0,0,0,0,0,0
95,AgentA wins,18.33,0,0,0,0,0,0,0,0,0,0
96,AgentA wins,18.33,0,0,0,0,0,0,0,0,0,0
97,AgentA wins,18.33,0,0,0,0,0,0,0,0,0,0
98,AgentA wins,18.33,0,0,0,0,0,0,0,0,0,0
99,AgentA wins,18.33,0,0,0,0,0,0,0,0,0,0
100,AgentA wins,18.00,0,0,0,0,0,0,0,0,0,0
91,AgentA wins,18.33,0,0,0,0,0,0,0,0,0,0
92,AgentA wins,18.33,0,0,0,0,0,0,0,0,0,0
93,AgentA wins,18.33,0,0,0,0,0,0,0,0,0,0
94,AgentA wins,18.33,0,0,0,0,0,0,0,0,0,0
95,AgentA wins,18.33,0,0,0,0,0,0,0,0,0,0
96,AgentA wins,18.33,0,0,0,0,0,0,0,0,0,0
97,AgentA wins,18.33,0,0,0,0,0,0,0,0,0,0
98,AgentA wins,18.33,0,0,0,0,0,0,0,0,0,0
99,AgentA wins,18.33,0,0,0,0,0,0,0,0,0,0
100,AgentA wins,18.33,0,0,0,0,0,0,0,0,0,0
91,AgentA wins,18.33,0,0,0,0,0,0,0,0,0,0
92,AgentA wins,18.33,0,0,0,0,0,0,0,0,0,0
93,AgentA wins,18.33,0,0,0,0,0,0,0,0,0,0
94,AgentA wins,18.33,0,0,0,0,0,0,0,0,0,0
95,AgentA wins,18.33,0,0,0,0,0,0,0,0,0,0
96,AgentA wins,18.33,0,0,0,0,0,0,0,0,0,0
97,AgentA wins,18.33,0,0,0,0,0,0,0,0,0,0
98,AgentA wins,18.33,0,0,0,0,0,0,0,0,0,0
99,AgentA wins,18.33,0,0,0,0,0,0,0,0,0,0
100,AgentA wins,18.33,0,0,0,0,0,0,0,0,0,0
91,AgentA wins,18.33,0,0,0,0,0,0,0,0,0,0
92,AgentA wins,18.33,0,0,0,0,0,0,0,0,0,0
93,AgentA wins,18.33,0,0,0,0,0,0,0,0,0,0
94,AgentA wins,18.33,0,0,0,0,0,0,0,0,0,0
95,AgentA wins,18.33,0,0,0,0,0,0,0,0,0,0
96,AgentA wins,18.33,0,0,0,0,0,0,0,0,0,0
97,AgentA wins,18.33,0,0,0,0,0,0,0,0,0,0
98,AgentA wins,18.33,0,0,0,0,0,0,0,0,0,0
99,AgentA wins,18.33,0,0,0,0,0,0,0,0,0,0
100,AgentA wins,18.33,0,0,0,0,0,0,0,0,0,0
91,AgentA wins,18.33,0,0,0,0,0,0,0,0,0,0
92,AgentA wins,18.33,0,0,0,0,0,0,0,0,0,0
93,AgentB wins,20.67,0,0,0,0,0,0,0,0,0,0
94,AgentA wins,18.33,0,0,0,0,0,0,0,0,0,0
95,AgentA wins,18.33,0,0,0,0,0,0,0,0,0,0
96,AgentA wins,18.33,0,0,0,0,0,0,0,0,0,0
97,AgentA wins,18.33,0,0,0,0,0,0,0,0,0,0
98,AgentA wins,18.33,0,0,0,0,0,0,0,0,0,0
99,AgentA wins,18.33,0,0,0,0,0,0,0,0,0,0
100,AgentA wins,18.33,0,0,0,0,0,0,0,0,0,0
91,AgentA wins,18.33,0,0,0,0,0,0,0,0,0,0
92,AgentA wins,18.33,0,0,0,0,0,0,0,0,0,0
93,AgentA wins,18.33,0,0,0,0,0,0,0,0,0,0
94,AgentA wins,18.33,0,0,0,0,0,0,0,0,0,0
95,AgentA wins,18.33,0,0,0,0,0,0,0,0,0,0
96,AgentA wins,18.33,0,0,0,0,0,0,0,0,0,0
97,AgentA wins,18.33,0,0,0,0,0,0,0,0,0,0
98,AgentA wins,18.33,0,0,0,0,0,0,0,0,0,0
99,AgentA wins,18.33,0,0,0,0,0,0,0,0,0,0
100,AgentA wins,18.33,0,0,0,0,0,0,0,0,0,0
71,AgentA wins,22.00,0,0,0,0,0,0,0,0,0,0
72,AgentA wins,25.00,0,0,0,0,0,0,0,0,0,0
73,AgentA wins,19.33,0,0,0,0,0,0,0,0,0,0
74,AgentA wins,19.33,0,0,0,0,0,0,0,0,0,0
75,AgentA wins,22.00,0,0,0,0,0,0,0,0,0,0
76,AgentA wins,19.33,0,0,0,0,0,0,0,0,0,0
77,AgentA wins,21.67,0,0,0,0,0,0,0,0,0,0
78,AgentA wins,19.33,0,0,0,0,0,0,0,0,0,0
79,AgentA wins,19.33,0,0,0,0,0,0,0,0,0,0
80,AgentA wins,31.00,0,0,0,0,0,0,0,0,0,0
91,AgentA wins,18.00,0,0,0,0,0,0,0,0,0,0
92,AgentA wins,18.33,0,0,0,0,0,0,0,0,0,0
93,AgentA wins,18.33,0,0,0,0,0,0,0,0,0,0
94,AgentA wins,18.33,0,0,0,0,0,0,0,0,0,0
95,AgentA wins,18.33,0,0,0,0,0,0,0,0,0,0
96,AgentA wins,18.33,0,0,0,0,0,0,0,0,0,0
97,AgentA wins,18.33,0,0,0,0,0,0,0,0,0,0
98,AgentA wins,18.33,0,0,0,0,0,0,0,0,0,0
99,AgentA wins,18.33,0,0,0,0,0,0,0,0,0,0
100,AgentA wins,18.33,0,0,0,0,0,0,0,0,0,0
71,AgentA wins,16.33,0,0,0,0,0,0,0,0,0,0
72,AgentA wins,19.00,0,0,0,0,0,0,0,0,0,0
73,AgentA wins,25.33,0,0,0,0,0,0,0,0,0,0
74,timeout draw,60.00,0,0,0,0,0,0,0,0,0,0
75,AgentA wins,24.67,0,0,0,0,0,0,0,0,0,0
76,AgentA wins,25.33,0,0,0,0,0,0,0,0,0,0
77,AgentA wins,22.00,0,0,0,0,0,0,0,0,0,0
78,AgentA wins,21.67,0,0,0,0,0,0,0,0,0,0
79,AgentA wins,30.00,0,0,0,0,0,0,0,0,0,0
80,AgentA wins,24.33,0,0,0,0,0,0,0,0,0,0
71,AgentA wins,25.00,0,0,0,0,0,0,0,0,0,0
72,AgentB wins,34.67,0,0,0,0,0,0,0,0,0,0
73,AgentA wins,30.00,0,0,0,0,0,0,0,0,0,0
74,AgentA wins,31.33,0,0,0,0,0,0,0,0,0,0
75,AgentA wins,19.33,0,0,0,0,0,0,0,0,0,0
76,AgentA wins,28.33,0,0,0,0,0,0,0,0,0,0
77,AgentA wins,25.00,0,0,0,0,0,0,0,0,0,0
78,AgentA wins,22.33,0,0,0,0,0,0,0,0,0,0
79,AgentA wins,22.00,0,0,0,0,0,0,0,0,0,0
80,AgentA wins,22.33,0,0,0,0,0,0,0,0,0,0
71,AgentA wins,22.00,0,0,0,0,0,0,0,0,0,0
72,AgentA wins,33.33,0,0,0,0,0,0,0,0,0,0
73,AgentA wins,16.33,0,0,0,0,0,0,0,0,0,0
74,AgentA wins,29.67,0,0,0,0,0,0,0,0,0,0
75,AgentA wins,22.33,0,0,0,0,0,0,0,0,0,0
76,AgentA wins,37.33,0,0,0,0,0,0,0,0,0,0
77,AgentA wins,19.00,0,0,0,0,0,0,0,0,0,0
78,AgentA wins,22.33,0,0,0,0,0,0,0,0,0,0
79,AgentA wins,24.33,0,0,0,0,0,0,0,0,0,0
80,AgentA wins,22.33,0,0,0,0,0,0,0,0,0,0
91,AgentA wins,18.33,0,0,0,0,0,0,0,0,0,0
92,AgentA wins,18.33,0,0,0,0,0,0,0,0,0,0
93,AgentA wins,18.33,0,0,0,0,0,0,0,0,0,0
94,AgentA wins,18.33,0,0,0,0,0,0,0,0,0,0
95,AgentA wins,18.33,0,0,0,0,0,0,0,0,0,0
96,AgentA wins,18.33,0,0,0,0,0,0,0,0,0,0
97,AgentA wins,18.33,0,0,0,0,0,0,0,0,0,0
98,AgentA wins,18.33,0,0,0,0,0,0,0,0,0,0
99,AgentA wins,18.33,0,0,0,0,0,0,0,0,0,0
100,AgentA wins,18.33,0,0,0,0,0,0,0,0,0,0
71,AgentA wins,19.00,186,165,0,106,0,138,0,20,27,14
72,AgentA wins,19.33,182,164,1,108,0,131,0,20,20,7
73,AgentA wins,25.33,248,219,1,135,0,177,0,30,33,11
74,AgentA wins,37.00,361,318,0,204,0,261,0,41,44,13
75,AgentA wins,30.33,293,266,0,169,0,214,0,34,36,15
76,AgentA wins,30.67,298,269,0,174,0,221,0,33,38,12
77,AgentB wins,31.67,308,276,0,178,0,222,0,41,44,13
78,AgentA wins,28.33,274,241,1,156,0,197,0,31,31,14
79,AgentA wins,19.33,190,167,0,110,0,142,0,23,24,7
80,AgentA wins,22.00,215,192,0,127,0,156,0,25,25,11
101,AgentA wins,18.33,0,0,0,0,0,0,0,0,0,0
102,AgentA wins,18.33,0,0,0,0,0,0,0,0,0,0
103,AgentA wins,18.33,0,0,0,0,0,0,0,0,0,0
104,AgentA wins,18.33,0,0,0,0,0,0,0,0,0,0
105,AgentA wins,18.33,0,0,0,0,0,0,0,0,0,0
106,AgentA wins,18.33,0,0,0,0,0,0,0,0,0,0
107,AgentA wins,18.33,0,0,0,0,0,0,0,0,0,0
108,AgentA wins,18.33,0,0,0,0,0,0,0,0,0,0
109,AgentA wins,18.33,0,0,0,0,0,0,0,0,0,0
110,AgentA wins,18.33,0,0,0,0,0,0,0,0,0,0
71,AgentA wins,25.00,0,0,0,0,0,0,0,0,0,0
72,AgentB wins,24.33,0,0,0,0,0,0,0,0,0,0
73,AgentA wins,19.33,0,0,0,0,0,0,0,0,0,0
74,AgentA wins,32.33,0,0,0,0,0,0,0,0,0,0
75,AgentA wins,21.33,0,0,0,0,0,0,0,0,0,0
76,AgentA wins,18.00,0,0,0,0,0,0,0,0,0,0
77,AgentB wins,28.67,0,0,0,0,0,0,0,0,0,0
78,AgentA wins,35.00,0,0,0,0,0,0,0,0,0,0
79,AgentA wins,25.00,0,0,0,0,0,0,0,0,0,0
80,AgentA wins,22.33,0,0,0,0,0,0,0,0,0,0
91,AgentA wins,18.00,0,0,0,0,0,0,0,0,0,0
92,AgentA wins,18.33,0,0,0,0,0,0,0,0,0,0
93,AgentA wins,18.33,0,0,0,0,0,0,0,0,0,0
94,AgentA wins,18.33,0,0,0,0,0,0,0,0,0,0
95,AgentA wins,18.33,0,0,0,0,0,0,0,0,0,0
96,AgentA wins,18.33,0,0,0,0,0,0,0,0,0,0
97,AgentA wins,18.33,0,0,0,0,0,0,0,0,0,0
98,AgentA wins,18.33,0,0,0,0,0,0,0,0,0,0
99,AgentA wins,18.33,0,0,0,0,0,0,0,0,0,0
100,AgentA wins,18.33,0,0,0,0,0,0,0,0,0,0
91,AgentA wins,18.33,0,0,0,0,0,0,0,0,0,0
92,AgentA wins,18.33,0,0,0,0,0,0,0,0,0,0
93,AgentA wins,18.33,0,0,0,0,0,0,0,0,0,0
94,AgentA wins,18.33,0,0,0,0,0,0,0,0,0,0
95,AgentA wins,18.33,0,0,0,0,0,0,0,0,0,0
96,AgentA wins,18.00,0,0,0,0,0,0,0,0,0,0
97,AgentA wins,18.33,0,0,0,0,0,0,0,0,0,0
98,AgentA wins,18.33,0,0,0,0,0,0,0,0,0,0
99,AgentA wins,18.33,0,0,0,0,0,0,0,0,0,0
100,AgentA wins,18.33,0,0,0,0,0,0,0,0,0,0
101,AgentA wins,18.33,0,0,0,0,0,0,0,0,0,0
102,AgentA wins,18.33,0,0,0,0,0,0,0,0,0,0
103,AgentA wins,18.33,0,0,0,0,0,0,0,0,0,0
104,AgentA wins,18.33,0,0,0,0,0,0,0,0,0,0
105,AgentA wins,18.33,0,0,0,0,0,0,0,0,0,0
106,AgentA wins,18.33,0,0,0,0,0,0,0,0,0,0
107,AgentA wins,18.33,0,0,0,0,0,0,0,0,0,0
108,AgentA wins,18.33,0,0,0,0,0,0,0,0,0,0
109,AgentA wins,18.33,0,0,0,0,0,0,0,0,0,0
110,AgentA wins,18.33,0,0,0,0,0,0,0,0,0,0
71,AgentA wins,19.33,0,0,0,0,0,0,0,0,0,0
72,AgentA wins,30.67,0,0,0,0,0,0,0,0,0,0
73,AgentA wins,26.00,0,0,0,0,0,0,0,0,0,0
74,AgentA wins,35.33,0,0,0,0,0,0,0,0,0,0
75,AgentA wins,18.00,0,0,0,0,0,0,0,0,0,0
76,AgentA wins,16.33,0,0,0,0,0,0,0,0,0,0
77,AgentA wins,22.33,0,0,0,0,0,0,0,0,0,0
78,AgentA wins,16.33,0,0,0,0,0,0,0,0,0,0
79,AgentB wins,40.67,0,0,0,0,0,0,0,0,0,0
80,AgentA wins,22.33,0,0,0,0,0,0,0,0,0,0
71,AgentA wins,25.00,0,0,0,0,0,0,0,0,0,0
72,AgentA wins,22.33,0,0,0,0,0,0,0,0,0,0
73,AgentA wins,25.00,0,0,0,0,0,0,0,0,0,0
74,AgentA wins,19.33,0,0,0,0,0,0,0,0,0,0
75,AgentA wins,31.67,0,0,0,0,0,0,0,0,0,0
76,AgentA wins,24.33,0,0,0,0,0,0,0,0,0,0
77,AgentA wins,30.33,0,0,0,0,0,0,0,0,0,0
78,AgentA wins,22.33,0,0,0,0,0,0,0,0,0,0
79,AgentA wins,25.33,0,0,0,0,0,0,0,0,0,0
80,AgentB wins,54.33,0,0,0,0,0,0,0,0,0,0
71,AgentA wins,32.33,0,0,0,0,0,0,0,0,0,0
72,AgentA wins,22.33,0,0,0,0,0,0,0,0,0,0
73,AgentA wins,19.33,0,0,0,0,0,0,0,0,0,0
74,AgentA wins,27.33,0,0,0,0,0,0,0,0,0,0
75,AgentA wins,21.33,0,0,0,0,0,0,0,0,0,0
76,AgentA wins,18.00,0,0,0,0,0,0,0,0,0,0
77,AgentA wins,24.00,0,0,0,0,0,0,0,0,0,0
78,AgentA wins,16.33,0,0,0,0,0,0,0,0,0,0
79,AgentA wins,25.33,0,0,0,0,0,0,0,0,0,0
80,AgentA wins,22.33,0,0,0,0,0,0,0,0,0,0
101,AgentA wins,18.33,0,0,0,0,0,0,0,0,0,0
102,AgentA wins,18.33,0,0,0,0,0,0,0,0,0,0
103,AgentA wins,18.33,0,0,0,0,0,0,0,0,0,0
104,AgentA wins,18.33,0,0,0,0,0,0,0,0,0,0
105,AgentA wins,18.33,0,0,0,0,0,0,0,0,0,0
106,AgentA wins,18.33,0,0,0,0,0,0,0,0,0,0
107,AgentA wins,18.33,0,0,0,0,0,0,0,0,0,0
108,AgentA wins,18.33,0,0,0,0,0,0,0,0,0,0
109,AgentA wins,18.33,0,0,0,0,0,0,0,0,0,0
110,AgentA wins,18.33,0,0,0,0,0,0,0,0,0,0
101,AgentA wins,18.33,0,0,0,0,0,0,0,0,0,0
102,AgentA wins,18.33,0,0,0,0,0,0,0,0,0,0
103,AgentA wins,18.33,0,0,0,0,0,0,0,0,0,0
104,AgentA wins,18.33,0,0,0,0,0,0,0,0,0,0
105,AgentA wins,18.33,0,0,0,0,0,0,0,0,0,0
106,AgentA wins,18.33,0,0,0,0,0,0,0,0,0,0
107,AgentA wins,18.33,0,0,0,0,0,0,0,0,0,0
108,AgentA wins,18.33,0,0,0,0,0,0,0,0,0,0
109,AgentA wins,18.33,0,0,0,0,0,0,0,0,0,0
110,AgentA wins,18.00,0,0,0,0,0,0,0,0,0,0
101,AgentA wins,18.33,0,0,0,0,0,0,0,0,0,0
102,AgentA wins,18.33,0,0,0,0,0,0,0,0,0,0
103,AgentA wins,18.00,0,0,0,0,0,0,0,0,0,0
104,AgentA wins,18.33,0,0,0,0,0,0,0,0,0,0
105,AgentA wins,18.33,0,0,0,0,0,0,0,0,0,0
106,AgentA wins,18.33,0,0,0,0,0,0,0,0,0,0
107,AgentA wins,18.33,0,0,0,0,0,0,0,0,0,0
108,AgentA wins,18.33,0,0,0,0,0,0,0,0,0,0
109,AgentA wins,18.33,0,0,0,0,0,0,0,0,0,0
110,AgentA wins,18.33,0,0,0,0,0,0,0,0,0,0
101,AgentA wins,18.33,0,0,0,0,0,0,0,0,0,0
102,AgentA wins,18.33,0,0,0,0,0,0,0,0,0,0
103,AgentA wins,18.33,0,0,0,0,0,0,0,0,0,0
104,AgentA wins,18.33,0,0,0,0,0,0,0,0,0,0
105,AgentA wins,18.33,0,0,0,0,0,0,0,0,0,0
106,AgentA wins,18.33,0,0,0,0,0,0,0,0,0,0
107,AgentA wins,18.33,0,0,0,0,0,0,0,0,0,0
108,AgentA wins,18.33,0,0,0,0,0,0,0,0,0,0
109,AgentA wins,18.33,0,0,0,0,0,0,0,0,0,0
110,AgentA wins,18.33,0,0,0,0,0,0,0,0,0,0
101,AgentA wins,18.33,0,0,0,0,0,0,0,0,0,0
102,AgentA wins,18.33,0,0,0,0,0,0,0,0,0,0
103,AgentA wins,18.33,0,0,0,0,0,0,0,0,0,0
104,AgentA wins,18.33,0,0,0,0,0,0,0,0,0,0
105,AgentA wins,18.33,0,0,0,0,0,0,0,0,0,0
106,AgentA wins,18.33,0,0,0,0,0,0,0,0,0,0
107,AgentA wins,18.33,0,0,0,0,0,0,0,0,0,0
108,AgentA wins,18.33,0,0,0,0,0,0,0,0,0,0
109,AgentA wins,18.33,0,0,0,0,0,0,0,0,0,0
110,AgentA wins,18.33,0,0,0,0,0,0,0,0,0,0
101,AgentA wins,18.33,0,0,0,0,0,0,0,0,0,0
102,AgentA wins,18.33,0,0,0,0,0,0,0,0,0,0
103,AgentA wins,18.33,0,0,0,0,0,0,0,0,0,0
104,AgentA wins,18.33,0,0,0,0,0,0,0,0,0,0
105,AgentA wins,18.33,0,0,0,0,0,0,0,0,0,0
106,AgentA wins,18.33,0,0,0,0,0,0,0,0,0,0
107,AgentA wins,18.33,0,0,0,0,0,0,0,0,0,0
108,AgentA wins,18.33,0,0,0,0,0,0,0,0,0,0
109,AgentA wins,18.33,0,0,0,0,0,0,0,0,0,0
110,AgentA wins,18.33,0,0,0,0,0,0,0,0,0,0
101,AgentA wins,18.33,0,0,0,0,0,0,0,0,0,0
102,AgentA wins,18.33,0,0,0,0,0,0,0,0,0,0
103,AgentA wins,18.33,0,0,0,0,0,0,0,0,0,0
104,AgentA wins,18.33,0,0,0,0,0,0,0,0,0,0
105,AgentA wins,18.33,0,0,0,0,0,0,0,0,0,0
106,AgentA wins,18.33,0,0,0,0,0,0,0,0,0,0
107,AgentA wins,18.33,0,0,0,0,0,0,0,0,0,0
108,AgentA wins,18.33,0,0,0,0,0,0,0,0,0,0
109,AgentA wins,18.33,0,0,0,0,0,0,0,0,0,0
110,AgentA wins,18.33,0,0,0,0,0,0,0,0,0,0
71,AgentA wins,35.67,0,0,0,0,0,0,0,0,0,0
72,AgentA wins,28.00,0,0,0,0,0,0,0,0,0,0
73,AgentA wins,29.33,0,0,0,0,0,0,0,0,0,0
74,AgentB wins,43.67,0,0,0,0,0,0,0,0,0,0
75,AgentA wins,30.33,0,0,0,0,0,0,0,0,0,0
76,AgentA wins,30.00,0,0,0,0,0,0,0,0,0,0
77,AgentA wins,21.67,0,0,0,0,0,0,0,0,0,0
78,AgentA wins,22.33,0,0,0,0,0,0,0,0,0,0
79,AgentA wins,33.00,0,0,0,0,0,0,0,0,0,0
80,AgentA wins,28.33,0,0,0,0,0,0,0,0,0,0
101,AgentA wins,18.33,0,0,0,0,0,0,0,0,0,0
102,AgentA wins,18.33,0,0,0,0,0,0,0,0,0,0
103,AgentA wins,18.33,0,0,0,0,0,0,0,0,0,0
104,AgentA wins,18.33,0,0,0,0,0,0,0,0,0,0
105,AgentA wins,18.33,0,0,0,0,0,0,0,0,0,0
106,AgentA wins,18.33,0,0,0,0,0,0,0,0,0,0
107,AgentA wins,18.33,0,0,0,0,0,0,0,0,0,0
108,AgentA wins,18.33,0,0,0,0,0,0,0,0,0,0
109,AgentA wins,18.00,0,0,0,0,0,0,0,0,0,0
110,AgentA wins,18.33,0,0,0,0,0,0,0,0,0,0
101,AgentA wins,18.33,0,0,0,0,0,0,0,0,0,0
102,AgentA wins,18.33,0,0,0,0,0,0,0,0,0,0
103,AgentA wins,18.33,0,0,0,0,0,0,0,0,0,0
104,AgentA wins,18.33,0,0,0,0,0,0,0,0,0,0
105,AgentA wins,18.33,0,0,0,0,0,0,0,0,0,0
106,AgentA wins,18.33,0,0,0,0,0,0,0,0,0,0
107,AgentA wins,18.33,0,0,0,0,0,0,0,0,0,0
108,AgentA wins,18.33,0,0,0,0,0,0,0,0,0,0
109,AgentA wins,18.33,0,0,0,0,0,0,0,0,0,0
110,AgentA wins,18.33,0,0,0,0,0,0,0,0,0,0
101,AgentA wins,18.33,0,0,0,0,0,0,0,0,0,0
102,AgentA wins,18.33,0,0,0,0,0,0,0,0,0,0
103,AgentA wins,18.33,0,0,0,0,0,0,0,0,0,0
104,AgentA wins,18.33,0,0,0,0,0,0,0,0,0,0
105,AgentA wins,18.33,0,0,0,0,0,0,0,0,0,0
106,AgentA wins,18.33,0,0,0,0,0,0,0,0,0,0
107,AgentA wins,18.33,0,0,0,0,0,0,0,0,0,0
108,AgentA wins,18.33,0,0,0,0,0,0,0,0,0,0
109,AgentA wins,18.33,0,0,0,0,0,0,0,0,0,0
110,AgentA wins,18.33,0,0,0,0,0,0,0,0,0,0
81,AgentA wins,22.33,0,0,0,0,0,0,0,0,0,0
82,AgentA wins,16.33,0,0,0,0,0,0,0,0,0,0
83,AgentA wins,19.33,0,0,0,0,0,0,0,0,0,0
84,AgentA wins,25.00,0,0,0,0,0,0,0,0,0,0
85,AgentA wins,22.00,0,0,0,0,0,0,0,0,0,0
86,AgentA wins,25.00,0,0,0,0,0,0,0,0,0,0
87,AgentA wins,25.00,0,0,0,0,0,0,0,0,0,0
88,AgentA wins,25.33,0,0,0,0,0,0,0,0,0,0
89,AgentA wins,19.33,0,0,0,0,0,0,0,0,0,0
90,AgentA wins,19.33,0,0,0,0,0,0,0,0,0,0
101,AgentA wins,18.33,0,0,0,0,0,0,0,0,0,0
102,AgentA wins,18.33,0,0,0,0,0,0,0,0,0,0
103,AgentA wins,18.33,0,0,0,0,0,0,0,0,0,0
104,AgentA wins,18.33,0,0,0,0,0,0,0,0,0,0
105,AgentA wins,18.33,0,0,0,0,0,0,0,0,0,0
106,AgentA wins,18.33,0,0,0,0,0,0,0,0,0,0
107,AgentA wins,18.00,0,0,0,0,0,0,0,0,0,0
108,AgentA wins,18.33,0,0,0,0,0,0,0,0,0,0
109,AgentA wins,18.33,0,0,0,0,0,0,0,0,0,0
110,AgentA wins,18.33,0,0,0,0,0,0,0,0,0,0
81,AgentA wins,35.67,0,0,0,0,0,0,0,0,0,0
82,AgentA wins,18.00,0,0,0,0,0,0,0,0,0,0
83,AgentA wins,25.33,0,0,0,0,0,0,0,0,0,0
84,AgentA wins,34.33,0,0,0,0,0,0,0,0,0,0
85,AgentB wins,45.67,0,0,0,0,0,0,0,0,0,0
86,AgentA wins,25.00,0,0,0,0,0,0,0,0,0,0
87,AgentA wins,19.33,0,0,0,0,0,0,0,0,0,0
88,AgentA wins,19.33,0,0,0,0,0,0,0,0,0,0
89,AgentA wins,19.00,0,0,0,0,0,0,0,0,0,0
90,AgentA wins,16.33,0,0,0,0,0,0,0,0,0,0
111,AgentA wins,18.33,0,0,0,0,0,0,0,0,0,0
112,AgentA wins,18.33,0,0,0,0,0,0,0,0,0,0
113,AgentA wins,18.33,0,0,0,0,0,0,0,0,0,0
114,AgentA wins,18.33,0,0,0,0,0,0,0,0,0,0
115,AgentA wins,18.33,0,0,0,0,0,0,0,0,0,0
116,AgentA wins,18.33,0,0,0,0,0,0,0,0,0,0
117,AgentA wins,18.33,0,0,0,0,0,0,0,0,0,0
118,AgentA wins,18.33,0,0,0,0,0,0,0,0,0,0
119,AgentA wins,18.33,0,0,0,0,0,0,0,0,0,0
120,AgentA wins,18.33,0,0,0,0,0,0,0,0,0,0
81,AgentA wins,25.33,0,0,0,0,0,0,0,0,0,0
82,AgentA wins,18.00,0,0,0,0,0,0,0,0,0,0
83,AgentA wins,19.00,0,0,0,0,0,0,0,0,0,0
84,AgentA wins,27.33,0,0,0,0,0,0,0,0,0,0
85,AgentA wins,19.00,0,0,0,0,0,0,0,0,0,0
86,AgentA wins,18.00,0,0,0,0,0,0,0,0,0,0
87,AgentA wins,28.00,0,0,0,0,0,0,0,0,0,0
88,AgentA wins,19.33,0,0,0,0,0,0,0,0,0,0
89,AgentB wins,33.00,0,0,0,0,0,0,0,0,0,0
90,AgentA wins,34.33,0,0,0,0,0,0,0,0,0,0
81,AgentA wins,19.00,0,0,0,0,0,0,0,0,0,0
82,AgentA wins,22.33,0,0,0,0,0,0,0,0,0,0
83,AgentA wins,35.67,0,0,0,0,0,0,0,0,0,0
84,AgentA wins,21.67,0,0,0,0,0,0,0,0,0,0
85,AgentA wins,33.33,0,0,0,0,0,0,0,0,0,0
86,AgentA wins,26.67,0,0,0,0,0,0,0,0,0,0
87,AgentA wins,22.33,0,0,0,0,0,0,0,0,0,0
88,AgentA wins,35.33,0,0,0,0,0,0,0,0,0,0
89,AgentA wins,18.00,0,0,0,0,0,0,0,0,0,0
90,AgentA wins,25.33,0,0,0,0,0,0,0,0,0,0
101,AgentA wins,18.33,0,0,0,0,0,0,0,0,0,0
102,AgentA wins,18.33,0,0,0,0,0,0,0,0,0,0
103,AgentA wins,18.33,0,0,0,0,0,0,0,0,0,0
104,AgentA wins,18.33,0,0,0,0,0,0,0,0,0,0
105,AgentA wins,18.33,0,0,0,0,0,0,0,0,0,0
106,AgentA wins,18.33,0,0,0,0,0,0,0,0,0,0
107,AgentA wins,18.00,0,0,0,0,0,0,0,0,0,0
108,AgentA wins,18.33,0,0,0,0,0,0,0,0,0,0
109,AgentA wins,18.33,0,0,0,0,0,0,0,0,0,0
110,AgentA wins,18.33,0,0,0,0,0,0,0,0,0,0
101,AgentA wins,18.33,0,0,0,0,0,0,0,0,0,0
102,AgentA wins,18.33,0,0,0,0,0,0,0,0,0,0
103,AgentA wins,18.33,0,0,0,0,0,0,0,0,0,0
104,AgentA wins,18.33,0,0,0,0,0,0,0,0,0,0
105,AgentA wins,18.33,0,0,0,0,0,0,0,0,0,0
106,AgentA wins,18.33,0,0,0,0,0,0,0,0,0,0
107,AgentA wins,18.33,0,0,0,0,0,0,0,0,0,0
108,AgentA wins,18.33,0,0,0,0,0,0,0,0,0,0
109,AgentA wins,18.33,0,0,0,0,0,0,0,0,0,0
110,AgentA wins,18.33,0,0,0,0,0,0,0,0,0,0
111,AgentA wins,18.33,0,0,0,0,0,0,0,0,0,0
112,AgentA wins,18.33,0,0,0,0,0,0,0,0,0,0
113,AgentA wins,18.33,0,0,0,0,0,0,0,0,0,0
114,AgentA wins,18.33,0,0,0,0,0,0,0,0,0,0
115,AgentA wins,18.33,0,0,0,0,0,0,0,0,0,0
116,AgentA wins,18.33,0,0,0,0,0,0,0,0,0,0
117,AgentA wins,18.33,0,0,0,0,0,0,0,0,0,0
118,AgentA wins,18.33,0,0,0,0,0,0,0,0,0,0
119,AgentA wins,18.33,0,0,0,0,0,0,0,0,0,0
120,AgentA wins,18.33,0,0,0,0,0,0,0,0,0,0
111,AgentA wins,18.00,0,0,0,0,0,0,0,0,0,0
112,AgentA wins,18.33,0,0,0,0,0,0,0,0,0,0
113,AgentA wins,18.33,0,0,0,0,0,0,0,0,0,0
114,AgentA wins,18.33,0,0,0,0,0,0,0,0,0,0
115,AgentA wins,18.33,0,0,0,0,0,0,0,0,0,0
116,AgentA wins,18.33,0,0,0,0,0,0,0,0,0,0
117,AgentA wins,18.33,0,0,0,0,0,0,0,0,0,0
118,AgentA wins,18.33,0,0,0,0,0,0,0,0,0,0
119,AgentA wins,18.33,0,0,0,0,0,0,0,0,0,0
120,AgentA wins,18.33,0,0,0,0,0,0,0,0,0,0
111,AgentA wins,18.33,0,0,0,0,0,0,0,0,0,0
112,AgentA wins,18.33,0,0,0,0,0,0,0,0,0,0
113,AgentA wins,18.33,0,0,0,0,0,0,0,0,0,0
114,AgentA wins,18.33,0,0,0,0,0,0,0,0,0,0
115,AgentA wins,18.33,0,0,0,0,0,0,0,0,0,0
116,AgentA wins,18.33,0,0,0,0,0,0,0,0,0,0
117,AgentA wins,18.00,0,0,0,0,0,0,0,0,0,0
118,AgentA wins,18.33,0,0,0,0,0,0,0,0,0,0
119,AgentA wins,18.00,0,0,0,0,0,0,0,0,0,0
120,AgentA wins,18.33,0,0,0,0,0,0,0,0,0,0
111,AgentA wins,18.33,0,0,0,0,0,0,0,0,0,0
112,AgentA wins,18.33,0,0,0,0,0,0,0,0,0,0
113,AgentA wins,18.33,0,0,0,0,0,0,0,0,0,0
114,AgentA wins,18.33,0,0,0,0,0,0,0,0,0,0
115,AgentA wins,18.33,0,0,0,0,0,0,0,0,0,0
116,AgentA wins,18.33,0,0,0,0,0,0,0,0,0,0
117,AgentA wins,18.33,0,0,0,0,0,0,0,0,0,0
118,AgentA wins,18.33,0,0,0,0,0,0,0,0,0,0
119,AgentA wins,18.33,0,0,0,0,0,0,0,0,0,0
120,AgentA wins,18.33,0,0,0,0,0,0,0,0,0,0
111,AgentA wins,18.33,0,0,0,0,0,0,0,0,0,0
112,AgentA wins,18.33,0,0,0,0,0,0,0,0,0,0
113,AgentA wins,18.33,0,0,0,0,0,0,0,0,0,0
114,AgentA wins,18.33,0,0,0,0,0,0,0,0,0,0
115,AgentA wins,18.33,0,0,0,0,0,0,0,0,0,0
116,AgentA wins,18.33,0,0,0,0,0,0,0,0,0,0
117,AgentA wins,18.33,0,0,0,0,0,0,0,0,0,0
118,AgentA wins,18.33,0,0,0,0,0,0,0,0,0,0
119,AgentA wins,18.33,0,0,0,0,0,0,0,0,0,0
120,AgentA wins,18.00,0,0,0,0,0,0,0,0,0,0
111,AgentA wins,18.33,0,0,0,0,0,0,0,0,0,0
112,AgentA wins,18.33,0,0,0,0,0,0,0,0,0,0
113,AgentA wins,18.33,0,0,0,0,0,0,0,0,0,0
114,AgentA wins,18.33,0,0,0,0,0,0,0,0,0,0
115,AgentA wins,18.33,0,0,0,0,0,0,0,0,0,0
116,AgentA wins,18.33,0,0,0,0,0,0,0,0,0,0
117,AgentA wins,18.33,0,0,0,0,0,0,0,0,0,0
118,AgentA wins,18.33,0,0,0,0,0,0,0,0,0,0
119,AgentA wins,18.33,0,0,0,0,0,0,0,0,0,0
120,AgentA wins,18.33,0,0,0,0,0,0,0,0,0,0
111,AgentA wins,18.33,0,0,0,0,0,0,0,0,0,0
112,AgentA wins,18.33,0,0,0,0,0,0,0,0,0,0
113,AgentA wins,18.33,0,0,0,0,0,0,0,0,0,0
114,AgentA wins,18.33,0,0,0,0,0,0,0,0,0,0
115,AgentA wins,18.33,0,0,0,0,0,0,0,0,0,0
116,AgentA wins,18.33,0,0,0,0,0,0,0,0,0,0
117,AgentA wins,18.33,0,0,0,0,0,0,0,0,0,0
118,AgentA wins,18.33,0,0,0,0,0,0,0,0,0,0
119,AgentA wins,18.33,0,0,0,0,0,0,0,0,0,0
120,AgentA wins,18.33,0,0,0,0,0,0,0,0,0,0
111,AgentA wins,18.33,0,0,0,0,0,0,0,0,0,0
112,AgentA wins,18.33,0,0,0,0,0,0,0,0,0,0
113,AgentA wins,18.33,0,0,0,0,0,0,0,0,0,0
114,AgentA wins,18.33,0,0,0,0,0,0,0,0,0,0
115,AgentA wins,18.33,0,0,0,0,0,0,0,0,0,0
116,AgentA wins,18.33,0,0,0,0,0,0,0,0,0,0
117,AgentA wins,18.33,0,0,0,0,0,0,0,0,0,0
118,AgentA wins,18.33,0,0,0,0,0,0,0,0,0,0
119,AgentA wins,18.33,0,0,0,0,0,0,0,0,0,0
120,AgentA wins,18.33,0,0,0,0,0,0,0,0,0,0
81,AgentA wins,22.00,218,189,1,126,0,149,0,27,28,6
82,AgentA wins,24.33,236,209,0,135,0,171,0,29,29,15
83,AgentA wins,22.33,214,194,1,119,0,157,0,28,28,7
84,AgentA wins,22.33,214,196,0,120,0,150,0,28,31,17
85,AgentA wins,32.00,312,274,0,172,0,224,0,34,46,13
86,AgentA wins,52.00,504,447,0,282,0,363,0,55,64,22
87,AgentA wins,37.33,363,319,1,199,0,263,0,40,50,20
88,AgentA wins,28.00,275,241,0,156,0,192,0,32,33,7
89,AgentA wins,36.33,356,314,0,203,0,250,0,44,44,25
90,AgentA wins,16.33,156,139,0,96,0,110,0,19,18,6
111,AgentA wins,18.33,0,0,0,0,0,0,0,0,0,0
112,AgentA wins,18.33,0,0,0,0,0,0,0,0,0,0
113,AgentA wins,18.33,0,0,0,0,0,0,0,0,0,0
114,AgentA wins,18.33,0,0,0,0,0,0,0,0,0,0
115,AgentA wins,18.33,0,0,0,0,0,0,0,0,0,0
116,AgentA wins,18.33,0,0,0,0,0,0,0,0,0,0
117,AgentA wins,18.00,0,0,0,0,0,0,0,0,0,0
118,AgentA wins,18.33,0,0,0,0,0,0,0,0,0,0
119,AgentA wins,18.33,0,0,0,0,0,0,0,0,0,0
120,AgentA wins,18.33,0,0,0,0,0,0,0,0,0,0
81,AgentA wins,22.33,0,0,0,0,0,0,0,0,0,0
82,AgentA wins,36.33,0,0,0,0,0,0,0,0,0,0
83,AgentA wins,34.00,0,0,0,0,0,0,0,0,0,0
84,AgentA wins,22.33,0,0,0,0,0,0,0,0,0,0
85,AgentA wins,28.33,0,0,0,0,0,0,0,0,0,0
86,AgentA wins,31.00,0,0,0,0,0,0,0,0,0,0
87,AgentA wins,22.33,0,0,0,0,0,0,0,0,0,0
88,AgentA wins,22.00,0,0,0,0,0,0,0,0,0,0
89,AgentA wins,26.33,0,0,0,0,0,0,0,0,0,0
90,AgentA wins,25.33,0,0,0,0,0,0,0,0,0,0
111,AgentA wins,18.33,0,0,0,0,0,0,0,0,0,0
112,AgentA wins,18.33,0,0,0,0,0,0,0,0,0,0
113,AgentA wins,18.33,0,0,0,0,0,0,0,0,0,0
114,AgentA wins,18.33,0,0,0,0,0,0,0,0,0,0
115,AgentA wins,18.33,0,0,0,0,0,0,0,0,0,0
116,AgentA wins,18.33,0,0,0,0,0,0,0,0,0,0
117,AgentA wins,18.33,0,0,0,0,0,0,0,0,0,0
118,AgentA wins,18.33,0,0,0,0,0,0,0,0,0,0
119,AgentA wins,18.33,0,0,0,0,0,0,0,0,0,0
120,AgentA wins,18.33,0,0,0,0,0,0,0,0,0,0
111,AgentA wins,18.33,0,0,0,0,0,0,0,0,0,0
112,AgentA wins,18.33,0,0,0,0,0,0,0,0,0,0
113,AgentA wins,18.33,0,0,0,0,0,0,0,0,0,0
114,AgentA wins,18.33,0,0,0,0,0,0,0,0,0,0
115,AgentA wins,18.33,0,0,0,0,0,0,0,0,0,0
116,AgentA wins,18.33,0,0,0,0,0,0,0,0,0,0
117,AgentA wins,18.33,0,0,0,0,0,0,0,0,0,0
118,AgentA wins,18.33,0,0,0,0,0,0,0,0,0,0
119,AgentA wins,18.33,0,0,0,0,0,0,0,0,0,0
120,AgentA wins,18.00,0,0,0,0,0,0,0,0,0,0
81,AgentA wins,25.33,0,0,0,0,0,0,0,0,0,0
82,AgentA wins,21.67,0,0,0,0,0,0,0,0,0,0
83,AgentA wins,34.00,0,0,0,0,0,0,0,0,0,0
84,AgentA wins,28.00,0,0,0,0,0,0,0,0,0,0
85,AgentA wins,43.67,0,0,0,0,0,0,0,0,0,0
86,AgentA wins,19.33,0,0,0,0,0,0,0,0,0,0
87,AgentA wins,16.33,0,0,0,0,0,0,0,0,0,0
88,AgentA wins,22.33,0,0,0,0,0,0,0,0,0,0
89,AgentA wins,28.33,0,0,0,0,0,0,0,0,0,0
90,AgentA wins,22.00,0,0,0,0,0,0,0,0,0,0
81,AgentA wins,22.33,0,0,0,0,0,0,0,0,0,0
82,AgentA wins,25.00,0,0,0,0,0,0,0,0,0,0
83,AgentB wins,26.67,0,0,0,0,0,0,0,0,0,0
84,AgentA wins,22.33,0,0,0,0,0,0,0,0,0,0
85,AgentA wins,30.67,0,0,0,0,0,0,0,0,0,0
86,AgentA wins,22.33,0,0,0,0,0,0,0,0,0,0
87,AgentA wins,28.00,0,0,0,0,0,0,0,0,0,0
88,AgentA wins,22.33,0,0,0,0,0,0,0,0,0,0
89,AgentA wins,19.33,0,0,0,0,0,0,0,0,0,0
90,AgentB wins,49.67,0,0,0,0,0,0,0,0,0,0
81,AgentA wins,28.33,0,0,0,0,0,0,0,0,0,0
82,AgentA wins,21.67,0,0,0,0,0,0,0,0,0,0
83,AgentA wins,34.67,0,0,0,0,0,0,0,0,0,0
84,AgentA wins,32.00,0,0,0,0,0,0,0,0,0,0
85,AgentB wins,28.67,0,0,0,0,0,0,0,0,0,0
86,AgentA wins,19.33,0,0,0,0,0,0,0,0,0,0
87,AgentA wins,21.67,0,0,0,0,0,0,0,0,0,0
88,timeout draw,60.00,0,0,0,0,0,0,0,0,0,0
89,AgentA wins,16.67,0,0,0,0,0,0,0,0,0,0
90,AgentA wins,38.33,0,0,0,0,0,0,0,0,0,0
111,AgentA wins,18.33,0,0,0,0,0,0,0,0,0,0
112,AgentA wins,18.33,0,0,0,0,0,0,0,0,0,0
113,AgentA wins,18.33,0,0,0,0,0,0,0,0,0,0
114,AgentA wins,18.33,0,0,0,0,0,0,0,0,0,0
115,AgentA wins,18.00,0,0,0,0,0,0,0,0,0,0
116,AgentA wins,18.33,0,0,0,0,0,0,0,0,0,0
117,AgentA wins,18.33,0,0,0,0,0,0,0,0,0,0
118,AgentA wins,18.33,0,0,0,0,0,0,0,0,0,0
119,AgentA wins,18.33,0,0,0,0,0,0,0,0,0,0
120,AgentA wins,18.33,0,0,0,0,0,0,0,0,0,0
81,AgentB wins,26.33,0,0,0,0,0,0,0,0,0,0
82,AgentA wins,19.33,0,0,0,0,0,0,0,0,0,0
83,AgentA wins,47.33,0,0,0,0,0,0,0,0,0,0
84,AgentA wins,25.33,0,0,0,0,0,0,0,0,0,0
85,AgentA wins,37.67,0,0,0,0,0,0,0,0,0,0
86,AgentA wins,27.33,0,0,0,0,0,0,0,0,0,0
87,AgentA wins,19.33,0,0,0,0,0,0,0,0,0,0
88,AgentA wins,16.33,0,0,0,0,0,0,0,0,0,0
89,AgentA wins,30.33,0,0,0,0,0,0,0,0,0,0
90,AgentB wins,43.67,0,0,0,0,0,0,0,0,0,0
91,AgentA wins,21.67,0,0,0,0,0,0,0,0,0,0
92,AgentA wins,25.33,0,0,0,0,0,0,0,0,0,0
93,AgentA wins,26.67,0,0,0,0,0,0,0,0,0,0
94,AgentA wins,25.33,0,0,0,0,0,0,0,0,0,0
95,AgentA wins,33.33,0,0,0,0,0,0,0,0,0,0
96,AgentA wins,22.33,0,0,0,0,0,0,0,0,0,0
97,AgentA wins,25.00,0,0,0,0,0,0,0,0,0,0
98,AgentA wins,16.33,0,0,0,0,0,0,0,0,0,0
99,AgentA wins,22.00,0,0,0,0,0,0,0,0,0,0
100,AgentA wins,18.00,0,0,0,0,0,0,0,0,0,0
121,AgentA wins,18.33,0,0,0,0,0,0,0,0,0,0
122,AgentA wins,18.33,0,0,0,0,0,0,0,0,0,0
123,AgentA wins,18.00,0,0,0,0,0,0,0,0,0,0
124,AgentA wins,18.33,0,0,0,0,0,0,0,0,0,0
125,AgentA wins,18.33,0,0,0,0,0,0,0,0,0,0
126,AgentA wins,18.33,0,0,0,0,0,0,0,0,0,0
127,AgentA wins,18.33,0,0,0,0,0,0,0,0,0,0
128,AgentA wins,18.33,0,0,0,0,0,0,0,0,0,0
129,AgentA wins,18.33,0,0,0,0,0,0,0,0,0,0
130,AgentA wins,18.33,0,0,0,0,0,0,0,0,0,0
111,AgentA wins,18.33,0,0,0,0,0,0,0,0,0,0
112,AgentA wins,18.33,0,0,0,0,0,0,0,0,0,0
113,AgentA wins,18.33,0,0,0,0,0,0,0,0,0,0
114,AgentA wins,18.33,0,0,0,0,0,0,0,0,0,0
115,AgentA wins,18.33,0,0,0,0,0,0,0,0,0,0
116,AgentA wins,18.33,0,0,0,0,0,0,0,0,0,0
117,AgentA wins,18.33,0,0,0,0,0,0,0,0,0,0
118,AgentA wins,18.33,0,0,0,0,0,0,0,0,0,0
119,AgentA wins,18.33,0,0,0,0,0,0,0,0,0,0
120,AgentA wins,18.33,0,0,0,0,0,0,0,0,0,0
111,AgentA wins,18.33,0,0,0,0,0,0,0,0,0,0
112,AgentA wins,18.33,0,0,0,0,0,0,0,0,0,0
113,AgentA wins,18.33,0,0,0,0,0,0,0,0,0,0
114,AgentA wins,18.33,0,0,0,0,0,0,0,0,0,0
115,AgentA wins,18.33,0,0,0,0,0,0,0,0,0,0
116,AgentA wins,18.33,0,0,0,0,0,0,0,0,0,0
117,AgentA wins,18.33,0,0,0,0,0,0,0,0,0,0
118,AgentA wins,18.33,0,0,0,0,0,0,0,0,0,0
119,AgentA wins,18.33,0,0,0,0,0,0,0,0,0,0
120,AgentA wins,18.00,0,0,0,0,0,0,0,0,0,0
121,AgentA wins,18.33,0,0,0,0,0,0,0,0,0,0
122,AgentA wins,18.33,0,0,0,0,0,0,0,0,0,0
123,AgentA wins,18.33,0,0,0,0,0,0,0,0,0,0
124,AgentA wins,18.33,0,0,0,0,0,0,0,0,0,0
125,AgentA wins,18.33,0,0,0,0,0,0,0,0,0,0
126,AgentA wins,18.33,0,0,0,0,0,0,0,0,0,0
127,AgentA wins,18.33,0,0,0,0,0,0,0,0,0,0
128,AgentA wins,18.33,0,0,0,0,0,0,0,0,0,0
129,AgentA wins,18.33,0,0,0,0,0,0,0,0,0,0
130,AgentA wins,18.33,0,0,0,0,0,0,0,0,0,0
91,AgentA wins,22.33,0,0,0,0,0,0,0,0,0,0
92,AgentA wins,25.33,0,0,0,0,0,0,0,0,0,0
93,AgentA wins,22.33,0,0,0,0,0,0,0,0,0,0
94,AgentA wins,19.33,0,0,0,0,0,0,0,0,0,0
95,AgentA wins,31.33,0,0,0,0,0,0,0,0,0,0
96,AgentA wins,25.33,0,0,0,0,0,0,0,0,0,0
97,AgentA wins,25.33,0,0,0,0,0,0,0,0,0,0
98,AgentA wins,19.00,0,0,0,0,0,0,0,0,0,0
99,AgentA wins,22.33,0,0,0,0,0,0,0,0,0,0
100,AgentA wins,18.00,0,0,0,0,0,0,0,0,0,0
91,AgentA wins,19.33,0,0,0,0,0,0,0,0,0,0
92,AgentA wins,16.33,0,0,0,0,0,0,0,0,0,0
93,AgentA wins,19.00,0,0,0,0,0,0,0,0,0,0
94,AgentA wins,38.33,0,0,0,0,0,0,0,0,0,0
95,AgentA wins,18.00,0,0,0,0,0,0,0,0,0,0
96,AgentA wins,19.33,0,0,0,0,0,0,0,0,0,0
97,AgentA wins,30.33,0,0,0,0,0,0,0,0,0,0
98,AgentA wins,22.33,0,0,0,0,0,0,0,0,0,0
99,AgentA wins,24.00,0,0,0,0,0,0,0,0,0,0
100,AgentA wins,22.33,0,0,0,0,0,0,0,0,0,0
121,AgentA wins,18.33,0,0,0,0,0,0,0,0,0,0
122,AgentA wins,18.33,0,0,0,0,0,0,0,0,0,0
123,AgentA wins,18.33,0,0,0,0,0,0,0,0,0,0
124,AgentA wins,18.33,0,0,0,0,0,0,0,0,0,0
125,AgentA wins,18.33,0,0,0,0,0,0,0,0,0,0
126,AgentA wins,18.33,0,0,0,0,0,0,0,0,0,0
127,AgentA wins,18.33,0,0,0,0,0,0,0,0,0,0
128,AgentA wins,18.33,0,0,0,0,0,0,0,0,0,0
129,AgentA wins,18.33,0,0,0,0,0,0,0,0,0,0
130,AgentA wins,18.00,0,0,0,0,0,0,0,0,0,0
121,AgentA wins,18.33,0,0,0,0,0,0,0,0,0,0
122,AgentA wins,18.33,0,0,0,0,0,0,0,0,0,0
123,AgentA wins,18.33,0,0,0,0,0,0,0,0,0,0
124,AgentA wins,18.33,0,0,0,0,0,0,0,0,0,0
125,AgentA wins,18.33,0,0,0,0,0,0,0,0,0,0
126,AgentA wins,18.00,0,0,0,0,0,0,0,0,0,0
127,AgentA wins,18.33,0,0,0,0,0,0,0,0,0,0
128,AgentA wins,18.33,0,0,0,0,0,0,0,0,0,0
129,AgentA wins,18.33,0,0,0,0,0,0,0,0,0,0
130,AgentA wins,18.33,0,0,0,0,0,0,0,0,0,0
91,AgentA wins,26.67,0,0,0,0,0,0,0,0,0,0
92,AgentA wins,32.33,0,0,0,0,0,0,0,0,0,0
93,AgentA wins,19.33,0,0,0,0,0,0,0,0,0,0
94,AgentA wins,27.33,0,0,0,0,0,0,0,0,0,0
95,AgentA wins,22.33,0,0,0,0,0,0,0,0,0,0
96,AgentA wins,28.33,0,0,0,0,0,0,0,0,0,0
97,AgentA wins,19.33,0,0,0,0,0,0,0,0,0,0
98,AgentA wins,18.00,0,0,0,0,0,0,0,0,0,0
99,AgentA wins,19.33,0,0,0,0,0,0,0,0,0,0
100,AgentA wins,32.33,0,0,0,0,0,0,0,0,0,0
121,AgentA wins,18.33,0,0,0,0,0,0,0,0,0,0
122,AgentA wins,18.33,0,0,0,0,0,0,0,0,0,0
123,AgentA wins,18.33,0,0,0,0,0,0,0,0,0,0
124,AgentA wins,18.33,0,0,0,0,0,0,0,0,0,0
125,AgentA wins,18.33,0,0,0,0,0,0,0,0,0,0
126,AgentA wins,18.33,0,0,0,0,0,0,0,0,0,0
127,AgentA wins,18.33,0,0,0,0,0,0,0,0,0,0
128,AgentA wins,18.00,0,0,0,0,0,0,0,0,0,0
129,AgentA wins,18.00,0,0,0,0,0,0,0,0,0,0
130,AgentA wins,18.33,0,0,0,0,0,0,0,0,0,0
121,AgentA wins,18.33,0,0,0,0,0,0,0,0,0,0
122,AgentA wins,18.33,0,0,0,0,0,0,0,0,0,0
123,AgentA wins,18.33,0,0,0,0,0,0,0,0,0,0
124,AgentA wins,18.33,0,0,0,0,0,0,0,0,0,0
125,AgentA wins,18.33,0,0,0,0,0,0,0,0,0,0
126,AgentA wins,18.33,0,0,0,0,0,0,0,0,0,0
127,AgentA wins,18.33,0,0,0,0,0,0,0,0,0,0
128,AgentA wins,18.33,0,0,0,0,0,0,0,0,0,0
129,AgentA wins,18.33,0,0,0,0,0,0,0,0,0,0
130,AgentA wins,18.33,0,0,0,0,0,0,0,0,0,0
121,AgentA wins,18.00,0,0,0,0,0,0,0,0,0,0
122,AgentA wins,18.33,0,0,0,0,0,0,0,0,0,0
123,AgentA wins,18.33,0,0,0,0,0,0,0,0,0,0
124,AgentA wins,18.33,0,0,0,0,0,0,0,0,0,0
125,AgentA wins,18.33,0,0,0,0,0,0,0,0,0,0
126,AgentA wins,18.33,0,0,0,0,0,0,0,0,0,0
127,AgentA wins,18.33,0,0,0,0,0,0,0,0,0,0
128,AgentA wins,18.33,0,0,0,0,0,0,0,0,0,0
129,AgentA wins,18.33,0,0,0,0,0,0,0,0,0,0
130,AgentA wins,18.33,0,0,0,0,0,0,0,0,0,0
121,AgentA wins,18.33,0,0,0,0,0,0,0,0,0,0
122,AgentA wins,18.33,0,0,0,0,0,0,0,0,0,0
123,AgentA wins,18.33,0,0,0,0,0,0,0,0,0,0
124,AgentA wins,18.33,0,0,0,0,0,0,0,0,0,0
125,AgentA wins,18.33,0,0,0,0,0,0,0,0,0,0
126,AgentA wins,18.00,0,0,0,0,0,0,0,0,0,0
127,AgentA wins,18.33,0,0,0,0,0,0,0,0,0,0
128,AgentA wins,18.00,0,0,0,0,0,0,0,0,0,0
129,AgentA wins,18.33,0,0,0,0,0,0,0,0,0,0
130,AgentA wins,18.00,0,0,0,0,0,0,0,0,0,0
121,AgentA wins,18.33,0,0,0,0,0,0,0,0,0,0
122,AgentA wins,18.33,0,0,0,0,0,0,0,0,0,0
123,AgentB wins,20.67,0,0,0,0,0,0,0,0,0,0
124,AgentA wins,18.33,0,0,0,0,0,0,0,0,0,0
125,AgentA wins,18.33,0,0,0,0,0,0,0,0,0,0
126,AgentA wins,18.33,0,0,0,0,0,0,0,0,0,0
127,AgentA wins,18.33,0,0,0,0,0,0,0,0,0,0
128,AgentA wins,18.33,0,0,0,0,0,0,0,0,0,0
129,AgentA wins,18.33,0,0,0,0,0,0,0,0,0,0
130,AgentA wins,18.33,0,0,0,0,0,0,0,0,0,0
121,AgentA wins,18.33,0,0,0,0,0,0,0,0,0,0
122,AgentA wins,18.33,0,0,0,0,0,0,0,0,0,0
123,AgentA wins,18.33,0,0,0,0,0,0,0,0,0,0
124,AgentA wins,18.33,0,0,0,0,0,0,0,0,0,0
125,AgentA wins,18.33,0,0,0,0,0,0,0,0,0,0
126,AgentA wins,18.33,0,0,0,0,0,0,0,0,0,0
127,AgentA wins,18.33,0,0,0,0,0,0,0,0,0,0
128,AgentA wins,18.33,0,0,0,0,0,0,0,0,0,0
129,AgentA wins,18.33,0,0,0,0,0,0,0,0,0,0
130,AgentA wins,18.00,0,0,0,0,0,0,0,0,0,0
121,AgentA wins,18.33,0,0,0,0,0,0,0,0,0,0
122,AgentA wins,18.33,0,0,0,0,0,0,0,0,0,0
123,AgentA wins,18.33,0,0,0,0,0,0,0,0,0,0
124,AgentA wins,18.33,0,0,0,0,0,0,0,0,0,0
125,AgentA wins,18.33,0,0,0,0,0,0,0,0,0,0
126,AgentA wins,18.33,0,0,0,0,0,0,0,0,0,0
127,AgentA wins,18.33,0,0,0,0,0,0,0,0,0,0
128,AgentA wins,18.33,0,0,0,0,0,0,0,0,0,0
129,AgentA wins,18.33,0,0,0,0,0,0,0,0,0,0
130,AgentA wins,18.33,0,0,0,0,0,0,0,0,0,0
121,AgentA wins,18.33,0,0,0,0,0,0,0,0,0,0
122,AgentA wins,18.33,0,0,0,0,0,0,0,0,0,0
123,AgentA wins,18.33,0,0,0,0,0,0,0,0,0,0
124,AgentA wins,18.33,0,0,0,0,0,0,0,0,0,0
125,AgentA wins,18.33,0,0,0,0,0,0,0,0,0,0
126,AgentA wins,18.33,0,0,0,0,0,0,0,0,0,0
127,AgentA wins,18.00,0,0,0,0,0,0,0,0,0,0
128,AgentA wins,18.33,0,0,0,0,0,0,0,0,0,0
129,AgentA wins,18.33,0,0,0,0,0,0,0,0,0,0
130,AgentA wins,18.33,0,0,0,0,0,0,0,0,0,0
91,AgentA wins,19.33,0,0,0,0,0,0,0,0,0,0
92,AgentA wins,19.33,0,0,0,0,0,0,0,0,0,0
93,AgentA wins,22.33,0,0,0,0,0,0,0,0,0,0
94,AgentA wins,19.33,0,0,0,0,0,0,0,0,0,0
95,AgentB wins,22.00,0,0,0,0,0,0,0,0,0,0
96,AgentA wins,18.00,0,0,0,0,0,0,0,0,0,0
97,AgentA wins,18.00,0,0,0,0,0,0,0,0,0,0
98,AgentA wins,18.00,0,0,0,0,0,0,0,0,0,0
99,AgentA wins,25.33,0,0,0,0,0,0,0,0,0,0
100,AgentA wins,31.00,0,0,0,0,0,0,0,0,0,0
121,AgentA wins,18.33,0,0,0,0,0,0,0,0,0,0
122,AgentA wins,18.33,0,0,0,0,0,0,0,0,0,0
123,AgentA wins,18.33,0,0,0,0,0,0,0,0,0,0
124,AgentA wins,18.33,0,0,0,0,0,0,0,0,0,0
125,AgentA wins,18.00,0,0,0,0,0,0,0,0,0,0
126,AgentA wins,18.00,0,0,0,0,0,0,0,0,0,0
127,AgentA wins,18.33,0,0,0,0,0,0,0,0,0,0
128,AgentA wins,18.33,0,0,0,0,0,0,0,0,0,0
129,AgentA wins,18.33,0,0,0,0,0,0,0,0,0,0
130,AgentA wins,18.33,0,0,0,0,0,0,0,0,0,0
91,AgentA wins,26.00,248,225,0,142,0,178,0,29,28,13
92,AgentA wins,22.33,219,194,1,119,0,154,0,21,27,8
93,AgentA wins,27.67,272,235,0,154,0,197,0,30,32,12
94,AgentA wins,29.33,285,251,0,165,0,205,0,32,35,14
95,AgentA wins,35.33,339,308,0,199,0,243,0,45,40,25
96,AgentA wins,18.00,170,157,0,99,0,121,0,20,27,20
97,AgentA wins,22.33,216,195,0,131,0,151,0,26,24,24
98,AgentA wins,35.00,334,303,0,188,0,227,0,45,45,33
99,AgentA wins,30.67,291,262,1,166,0,207,0,35,44,41
100,AgentA wins,22.33,212,191,0,124,0,158,0,22,29,24
91,AgentA wins,27.00,0,0,0,0,0,0,0,0,0,0
92,AgentA wins,31.33,0,0,0,0,0,0,0,0,0,0
93,AgentA wins,19.00,0,0,0,0,0,0,0,0,0,0
94,AgentA wins,25.33,0,0,0,0,0,0,0,0,0,0
95,AgentA wins,19.33,0,0,0,0,0,0,0,0,0,0
96,AgentA wins,19.00,0,0,0,0,0,0,0,0,0,0
97,AgentA wins,22.33,0,0,0,0,0,0,0,0,0,0
98,AgentA wins,41.67,0,0,0,0,0,0,0,0,0,0
99,AgentB wins,23.67,0,0,0,0,0,0,0,0,0,0
100,AgentA wins,30.33,0,0,0,0,0,0,0,0,0,0
131,AgentA wins,18.33,0,0,0,0,0,0,0,0,0,0
132,AgentA wins,18.33,0,0,0,0,0,0,0,0,0,0
133,AgentA wins,18.00,0,0,0,0,0,0,0,0,0,0
134,AgentA wins,18.33,0,0,0,0,0,0,0,0,0,0
135,AgentA wins,18.00,0,0,0,0,0,0,0,0,0,0
136,AgentA wins,18.33,0,0,0,0,0,0,0,0,0,0
137,AgentA wins,18.33,0,0,0,0,0,0,0,0,0,0
138,AgentA wins,18.00,0,0,0,0,0,0,0,0,0,0
139,AgentA wins,18.00,0,0,0,0,0,0,0,0,0,0
140,AgentA wins,18.33,0,0,0,0,0,0,0,0,0,0
91,AgentA wins,22.33,0,0,0,0,0,0,0,0,0,0
92,AgentA wins,25.33,0,0,0,0,0,0,0,0,0,0
93,AgentA wins,22.33,0,0,0,0,0,0,0,0,0,0
94,AgentA wins,22.33,0,0,0,0,0,0,0,0,0,0
95,AgentA wins,22.33,0,0,0,0,0,0,0,0,0,0
96,AgentB wins,34.33,0,0,0,0,0,0,0,0,0,0
97,AgentA wins,31.33,0,0,0,0,0,0,0,0,0,0
98,AgentB wins,32.00,0,0,0,0,0,0,0,0,0,0
99,AgentA wins,38.67,0,0,0,0,0,0,0,0,0,0
100,AgentA wins,19.00,0,0,0,0,0,0,0,0,0,0
121,AgentA wins,18.33,0,0,0,0,0,0,0,0,0,0
122,AgentA wins,18.33,0,0,0,0,0,0,0,0,0,0
123,AgentA wins,18.33,0,0,0,0,0,0,0,0,0,0
124,AgentA wins,18.33,0,0,0,0,0,0,0,0,0,0
125,AgentA wins,18.33,0,0,0,0,0,0,0,0,0,0
126,AgentA wins,18.00,0,0,0,0,0,0,0,0,0,0
127,AgentA wins,18.00,0,0,0,0,0,0,0,0,0,0
128,AgentA wins,18.00,0,0,0,0,0,0,0,0,0,0
129,AgentA wins,18.00,0,0,0,0,0,0,0,0,0,0
130,AgentA wins,18.33,0,0,0,0,0,0,0,0,0,0
121,AgentA wins,18.33,0,0,0,0,0,0,0,0,0,0
122,AgentA wins,18.33,0,0,0,0,0,0,0,0,0,0
123,AgentA wins,18.33,0,0,0,0,0,0,0,0,0,0
124,AgentA wins,18.00,0,0,0,0,0,0,0,0,0,0
125,AgentA wins,18.33,0,0,0,0,0,0,0,0,0,0
126,AgentA wins,18.00,0,0,0,0,0,0,0,0,0,0
127,AgentA wins,18.33,0,0,0,0,0,0,0,0,0,0
128,AgentA wins,18.33,0,0,0,0,0,0,0,0,0,0
129,AgentA wins,18.33,0,0,0,0,0,0,0,0,0,0
130,AgentA wins,18.00,0,0,0,0,0,0,0,0,0,0
131,AgentA wins,18.33,0,0,0,0,0,0,0,0,0,0
132,AgentA wins,18.00,0,0,0,0,0,0,0,0,0,0
133,AgentA wins,18.33,0,0,0,0,0,0,0,0,0,0
134,AgentA wins,18.33,0,0,0,0,0,0,0,0,0,0
135,AgentA wins,18.00,0,0,0,0,0,0,0,0,0,0
136,AgentA wins,18.33,0,0,0,0,0,0,0,0,0,0
137,AgentA wins,18.33,0,0,0,0,0,0,0,0,0,0
138,AgentA wins,18.00,0,0,0,0,0,0,0,0,0,0
139,AgentA wins,18.00,0,0,0,0,0,0,0,0,0,0
140,AgentA wins,18.00,0,0,0,0,0,0,0,0,0,0
91,AgentA wins,31.33,0,0,0,0,0,0,0,0,0,0
92,AgentA wins,24.00,0,0,0,0,0,0,0,0,0,0
93,AgentA wins,21.33,0,0,0,0,0,0,0,0,0,0
94,AgentA wins,18.00,0,0,0,0,0,0,0,0,0,0
95,AgentA wins,16.33,0,0,0,0,0,0,0,0,0,0
96,AgentA wins,22.33,0,0,0,0,0,0,0,0,0,0
97,AgentA wins,19.33,0,0,0,0,0,0,0,0,0,0
98,AgentA wins,25.00,0,0,0,0,0,0,0,0,0,0
99,AgentA wins,18.00,0,0,0,0,0,0,0,0,0,0
100,AgentA wins,19.00,0,0,0,0,0,0,0,0,0,0
91,AgentA wins,24.33,0,0,0,0,0,0,0,0,0,0
92,timeout draw,60.00,0,0,0,0,0,0,0,0,0,0
93,AgentA wins,19.33,0,0,0,0,0,0,0,0,0,0
94,AgentA wins,19.33,0,0,0,0,0,0,0,0,0,0
95,AgentA wins,25.00,0,0,0,0,0,0,0,0,0,0
96,AgentA wins,31.00,0,0,0,0,0,0,0,0,0,0
97,AgentB wins,29.33,0,0,0,0,0,0,0,0,0,0
98,AgentA wins,16.33,0,0,0,0,0,0,0,0,0,0
99,AgentA wins,27.67,0,0,0,0,0,0,0,0,0,0
100,AgentA wins,18.00,0,0,0,0,0,0,0,0,0,0
101,AgentA wins,25.00,0,0,0,0,0,0,0,0,0,0
102,AgentA wins,19.33,0,0,0,0,0,0,0,0,0,0
103,AgentA wins,22.33,0,0,0,0,0,0,0,0,0,0
104,AgentA wins,25.33,0,0,0,0,0,0,0,0,0,0
105,AgentA wins,18.00,0,0,0,0,0,0,0,0,0,0
106,AgentA wins,22.33,0,0,0,0,0,0,0,0,0,0
107,AgentA wins,18.00,0,0,0,0,0,0,0,0,0,0
108,AgentA wins,19.33,0,0,0,0,0,0,0,0,0,0
109,AgentA wins,18.00,0,0,0,0,0,0,0,0,0,0
110,AgentA wins,18.00,0,0,0,0,0,0,0,0,0,0
131,AgentA wins,18.00,0,0,0,0,0,0,0,0,0,0
132,AgentA wins,18.33,0,0,0,0,0,0,0,0,0,0
133,AgentA wins,18.33,0,0,0,0,0,0,0,0,0,0
134,AgentA wins,18.00,0,0,0,0,0,0,0,0,0,0
135,AgentA wins,18.33,0,0,0,0,0,0,0,0,0,0
136,AgentA wins,18.33,0,0,0,0,0,0,0,0,0,0
137,AgentA wins,18.33,0,0,0,0,0,0,0,0,0,0
138,AgentA wins,18.33,0,0,0,0,0,0,0,0,0,0
139,AgentA wins,18.00,0,0,0,0,0,0,0,0,0,0
140,AgentA wins,18.33,0,0,0,0,0,0,0,0,0,0
131,AgentA wins,18.33,0,0,0,0,0,0,0,0,0,0
132,AgentA wins,18.33,0,0,0,0,0,0,0,0,0,0
133,AgentA wins,18.33,0,0,0,0,0,0,0,0,0,0
134,AgentA wins,18.33,0,0,0,0,0,0,0,0,0,0
135,AgentA wins,18.33,0,0,0,0,0,0,0,0,0,0
136,AgentA wins,18.33,0,0,0,0,0,0,0,0,0,0
137,AgentA wins,18.33,0,0,0,0,0,0,0,0,0,0
138,AgentA wins,18.00,0,0,0,0,0,0,0,0,0,0
139,AgentA wins,18.00,0,0,0,0,0,0,0,0,0,0
140,AgentA wins,18.33,0,0,0,0,0,0,0,0,0,0
131,AgentA wins,18.33,0,0,0,0,0,0,0,0,0,0
132,AgentA wins,18.33,0,0,0,0,0,0,0,0,0,0
133,AgentA wins,18.00,0,0,0,0,0,0,0,0,0,0
134,AgentA wins,18.00,0,0,0,0,0,0,0,0,0,0
135,AgentA wins,18.33,0,0,0,0,0,0,0,0,0,0
136,AgentA wins,18.00,0,0,0,0,0,0,0,0,0,0
137,AgentA wins,18.33,0,0,0,0,0,0,0,0,0,0
138,AgentA wins,18.33,0,0,0,0,0,0,0,0,0,0
139,AgentA wins,18.00,0,0,0,0,0,0,0,0,0,0
140,AgentA wins,18.00,0,0,0,0,0,0,0,0,0,0
131,AgentA wins,18.33,0,0,0,0,0,0,0,0,0,0
132,AgentA wins,18.33,0,0,0,0,0,0,0,0,0,0
133,AgentA wins,18.33,0,0,0,0,0,0,0,0,0,0
134,AgentA wins,18.33,0,0,0,0,0,0,0,0,0,0
135,AgentA wins,18.33,0,0,0,0,0,0,0,0,0,0
136,AgentA wins,18.00,0,0,0,0,0,0,0,0,0,0
137,AgentA wins,18.00,0,0,0,0,0,0,0,0,0,0
138,AgentA wins,18.00,0,0,0,0,0,0,0,0,0,0
139,AgentA wins,18.33,0,0,0,0,0,0,0,0,0,0
140,AgentA wins,18.00,0,0,0,0,0,0,0,0,0,0
131,AgentA wins,18.33,0,0,0,0,0,0,0,0,0,0
132,AgentA wins,18.33,0,0,0,0,0,0,0,0,0,0
133,AgentA wins,18.33,0,0,0,0,0,0,0,0,0,0
134,AgentA wins,18.00,0,0,0,0,0,0,0,0,0,0
135,AgentA wins,18.33,0,0,0,0,0,0,0,0,0,0
136,AgentA wins,18.33,0,0,0,0,0,0,0,0,0,0
137,AgentA wins,18.00,0,0,0,0,0,0,0,0,0,0
138,AgentA wins,18.33,0,0,0,0,0,0,0,0,0,0
139,AgentA wins,18.33,0,0,0,0,0,0,0,0,0,0
140,AgentA wins,18.33,0,0,0,0,0,0,0,0,0,0
131,AgentA wins,18.00,0,0,0,0,0,0,0,0,0,0
132,AgentA wins,18.00,0,0,0,0,0,0,0,0,0,0
133,AgentA wins,18.33,0,0,0,0,0,0,0,0,0,0
134,AgentA wins,18.00,0,0,0,0,0,0,0,0,0,0
135,AgentA wins,18.33,0,0,0,0,0,0,0,0,0,0
136,AgentA wins,18.00,0,0,0,0,0,0,0,0,0,0
137,AgentA wins,18.00,0,0,0,0,0,0,0,0,0,0
138,AgentA wins,18.00,0,0,0,0,0,0,0,0,0,0
139,AgentA wins,18.33,0,0,0,0,0,0,0,0,0,0
140,AgentA wins,18.33,0,0,0,0,0,0,0,0,0,0
131,AgentA wins,18.00,0,0,0,0,0,0,0,0,0,0
132,AgentA wins,18.33,0,0,0,0,0,0,0,0,0,0
133,AgentA wins,18.33,0,0,0,0,0,0,0,0,0,0
134,AgentA wins,18.00,0,0,0,0,0,0,0,0,0,0
135,AgentA wins,18.33,0,0,0,0,0,0,0,0,0,0
136,AgentA wins,18.33,0,0,0,0,0,0,0,0,0,0
137,AgentA wins,18.00,0,0,0,0,0,0,0,0,0,0
138,AgentA wins,18.33,0,0,0,0,0,0,0,0,0,0
139,AgentA wins,18.00,0,0,0,0,0,0,0,0,0,0
140,AgentA wins,18.00,0,0,0,0,0,0,0,0,0,0
131,AgentA wins,18.33,0,0,0,0,0,0,0,0,0,0
132,AgentA wins,18.33,0,0,0,0,0,0,0,0,0,0
133,AgentA wins,18.33,0,0,0,0,0,0,0,0,0,0
134,AgentA wins,18.33,0,0,0,0,0,0,0,0,0,0
135,AgentA wins,18.00,0,0,0,0,0,0,0,0,0,0
136,AgentA wins,18.00,0,0,0,0,0,0,0,0,0,0
137,AgentA wins,18.00,0,0,0,0,0,0,0,0,0,0
138,AgentA wins,18.00,0,0,0,0,0,0,0,0,0,0
139,AgentA wins,18.33,0,0,0,0,0,0,0,0,0,0
140,AgentA wins,18.33,0,0,0,0,0,0,0,0,0,0
101,AgentA wins,31.33,0,0,0,0,0,0,0,0,0,0
102,AgentA wins,28.33,0,0,0,0,0,0,0,0,0,0
103,timeout draw,60.00,0,0,0,0,0,0,0,0,0,0
104,AgentA wins,33.67,0,0,0,0,0,0,0,0,0,0
105,AgentA wins,22.33,0,0,0,0,0,0,0,0,0,0
106,AgentA wins,18.00,0,0,0,0,0,0,0,0,0,0
107,AgentA wins,27.67,0,0,0,0,0,0,0,0,0,0
108,AgentA wins,18.00,0,0,0,0,0,0,0,0,0,0
109,AgentA wins,22.67,0,0,0,0,0,0,0,0,0,0
110,AgentA wins,22.33,0,0,0,0,0,0,0,0,0,0
131,AgentA wins,18.33,0,0,0,0,0,0,0,0,0,0
132,AgentA wins,18.33,0,0,0,0,0,0,0,0,0,0
133,AgentA wins,18.00,0,0,0,0,0,0,0,0,0,0
134,AgentA wins,18.33,0,0,0,0,0,0,0,0,0,0
135,AgentA wins,18.33,0,0,0,0,0,0,0,0,0,0
136,AgentA wins,18.33,0,0,0,0,0,0,0,0,0,0
137,AgentA wins,18.00,0,0,0,0,0,0,0,0,0,0
138,AgentA wins,18.33,0,0,0,0,0,0,0,0,0,0
139,AgentA wins,18.33,0,0,0,0,0,0,0,0,0,0
140,AgentA wins,18.00,0,0,0,0,0,0,0,0,0,0
101,AgentA wins,18.00,0,0,0,0,0,0,0,0,0,0
102,AgentA wins,19.33,0,0,0,0,0,0,0,0,0,0
103,AgentA wins,28.00,0,0,0,0,0,0,0,0,0,0
104,AgentA wins,25.33,0,0,0,0,0,0,0,0,0,0
105,AgentA wins,33.33,0,0,0,0,0,0,0,0,0,0
106,AgentA wins,18.00,0,0,0,0,0,0,0,0,0,0
107,AgentA wins,19.33,0,0,0,0,0,0,0,0,0,0
108,AgentA wins,29.00,0,0,0,0,0,0,0,0,0,0
109,AgentA wins,18.00,0,0,0,0,0,0,0,0,0,0
110,AgentA wins,28.67,0,0,0,0,0,0,0,0,0,0
131,AgentA wins,18.33,0,0,0,0,0,0,0,0,0,0
132,AgentA wins,18.00,0,0,0,0,0,0,0,0,0,0
133,AgentA wins,18.33,0,0,0,0,0,0,0,0,0,0
134,AgentA wins,18.00,0,0,0,0,0,0,0,0,0,0
135,AgentA wins,18.00,0,0,0,0,0,0,0,0,0,0
136,AgentA wins,18.00,0,0,0,0,0,0,0,0,0,0
137,AgentA wins,18.33,0,0,0,0,0,0,0,0,0,0
138,AgentA wins,18.00,0,0,0,0,0,0,0,0,0,0
139,AgentA wins,18.33,0,0,0,0,0,0,0,0,0,0
140,AgentA wins,18.00,0,0,0,0,0,0,0,0,0,0
101,AgentA wins,28.33,0,0,0,0,0,0,0,0,0,0
102,AgentA wins,21.33,0,0,0,0,0,0,0,0,0,0
103,AgentA wins,25.00,0,0,0,0,0,0,0,0,0,0
104,AgentA wins,25.33,0,0,0,0,0,0,0,0,0,0
105,AgentA wins,18.00,0,0,0,0,0,0,0,0,0,0
106,AgentA wins,32.67,0,0,0,0,0,0,0,0,0,0
107,AgentA wins,28.67,0,0,0,0,0,0,0,0,0,0
108,AgentA wins,18.00,0,0,0,0,0,0,0,0,0,0
109,AgentA wins,27.67,0,0,0,0,0,0,0,0,0,0
110,AgentA wins,30.00,0,0,0,0,0,0,0,0,0,0
131,AgentA wins,18.00,0,0,0,0,0,0,0,0,0,0
132,AgentA wins,18.33,0,0,0,0,0,0,0,0,0,0
133,AgentA wins,18.33,0,0,0,0,0,0,0,0,0,0
134,AgentA wins,18.00,0,0,0,0,0,0,0,0,0,0
135,AgentA wins,18.00,0,0,0,0,0,0,0,0,0,0
136,AgentA wins,18.33,0,0,0,0,0,0,0,0,0,0
137,AgentA wins,18.33,0,0,0,0,0,0,0,0,0,0
138,AgentA wins,18.33,0,0,0,0,0,0,0,0,0,0
139,AgentA wins,18.00,0,0,0,0,0,0,0,0,0,0
140,AgentA wins,18.00,0,0,0,0,0,0,0,0,0,0
141,AgentA wins,18.00,0,0,0,0,0,0,0,0,0,0
142,AgentA wins,18.33,0,0,0,0,0,0,0,0,0,0
143,AgentA wins,18.00,0,0,0,0,0,0,0,0,0,0
144,AgentA wins,18.00,0,0,0,0,0,0,0,0,0,0
145,AgentA wins,18.00,0,0,0,0,0,0,0,0,0,0
146,AgentA wins,18.00,0,0,0,0,0,0,0,0,0,0
147,AgentA wins,18.33,0,0,0,0,0,0,0,0,0,0
148,AgentA wins,18.00,0,0,0,0,0,0,0,0,0,0
149,AgentA wins,18.00,0,0,0,0,0,0,0,0,0,0
150,AgentA wins,18.33,0,0,0,0,0,0,0,0,0,0
101,AgentA wins,30.00,280,259,0,180,0,206,0,37,39,54
102,AgentA wins,25.33,232,218,0,141,0,172,0,27,31,47
103,AgentA wins,25.00,235,219,0,140,0,161,0,25,36,48
104,AgentA wins,25.33,240,219,0,154,0,165,0,29,25,40
105,AgentA wins,22.33,200,195,0,120,0,149,0,27,36,46
106,AgentA wins,26.33,248,234,0,144,0,172,0,27,39,53
107,AgentA wins,18.00,167,161,0,101,0,121,0,20,32,38
108,AgentA wins,18.00,167,158,0,109,0,118,0,23,22,41
109,AgentA wins,16.33,151,146,0,94,0,106,0,18,23,36
110,AgentA wins,16.33,152,137,0,90,0,100,0,19,20,32
131,AgentA wins,18.33,0,0,0,0,0,0,0,0,0,0
132,AgentA wins,18.33,0,0,0,0,0,0,0,0,0,0
133,AgentA wins,18.00,0,0,0,0,0,0,0,0,0,0
134,AgentA wins,18.00,0,0,0,0,0,0,0,0,0,0
135,AgentA wins,18.33,0,0,0,0,0,0,0,0,0,0
136,AgentA wins,18.00,0,0,0,0,0,0,0,0,0,0
137,AgentA wins,18.33,0,0,0,0,0,0,0,0,0,0
138,AgentA wins,18.33,0,0,0,0,0,0,0,0,0,0
139,AgentA wins,18.33,0,0,0,0,0,0,0,0,0,0
140,AgentA wins,18.33,0,0,0,0,0,0,0,0,0,0
131,AgentA wins,18.00,0,0,0,0,0,0,0,0,0,0
132,AgentA wins,18.00,0,0,0,0,0,0,0,0,0,0
133,AgentA wins,18.33,0,0,0,0,0,0,0,0,0,0
134,AgentA wins,18.33,0,0,0,0,0,0,0,0,0,0
135,AgentA wins,18.33,0,0,0,0,0,0,0,0,0,0
136,AgentA wins,18.00,0,0,0,0,0,0,0,0,0,0
137,AgentA wins,18.33,0,0,0,0,0,0,0,0,0,0
138,AgentA wins,18.00,0,0,0,0,0,0,0,0,0,0
139,AgentA wins,18.33,0,0,0,0,0,0,0,0,0,0
140,AgentA wins,18.00,0,0,0,0,0,0,0,0,0,0
141,AgentA wins,18.00,0,0,0,0,0,0,0,0,0,0
142,AgentA wins,18.33,0,0,0,0,0,0,0,0,0,0
143,AgentA wins,18.33,0,0,0,0,0,0,0,0,0,0
144,AgentA wins,18.33,0,0,0,0,0,0,0,0,0,0
145,AgentA wins,18.00,0,0,0,0,0,0,0,0,0,0
146,AgentA wins,18.33,0,0,0,0,0,0,0,0,0,0
147,AgentA wins,18.00,0,0,0,0,0,0,0,0,0,0
148,AgentA wins,18.33,0,0,0,0,0,0,0,0,0,0
149,AgentA wins,18.00,0,0,0,0,0,0,0,0,0,0
150,AgentA wins,18.00,0,0,0,0,0,0,0,0,0,0
101,AgentA wins,18.00,0,0,0,0,0,0,0,0,0,0
102,AgentA wins,19.33,0,0,0,0,0,0,0,0,0,0
103,AgentA wins,26.67,0,0,0,0,0,0,0,0,0,0
104,AgentA wins,18.00,0,0,0,0,0,0,0,0,0,0
105,AgentA wins,19.00,0,0,0,0,0,0,0,0,0,0
106,AgentA wins,25.00,0,0,0,0,0,0,0,0,0,0
107,AgentA wins,22.33,0,0,0,0,0,0,0,0,0,0
108,AgentA wins,19.00,0,0,0,0,0,0,0,0,0,0
109,AgentA wins,20.00,0,0,0,0,0,0,0,0,0,0
110,timeout draw,60.00,0,0,0,0,0,0,0,0,0,0
101,AgentB wins,32.00,0,0,0,0,0,0,0,0,0,0
102,AgentA wins,25.33,0,0,0,0,0,0,0,0,0,0
103,AgentA wins,25.33,0,0,0,0,0,0,0,0,0,0
104,AgentA wins,19.33,0,0,0,0,0,0,0,0,0,0
105,AgentA wins,33.67,0,0,0,0,0,0,0,0,0,0
106,AgentA wins,37.33,0,0,0,0,0,0,0,0,0,0
107,AgentA wins,18.00,0,0,0,0,0,0,0,0,0,0
108,AgentA wins,22.33,0,0,0,0,0,0,0,0,0,0
109,AgentA wins,22.00,0,0,0,0,0,0,0,0,0,0
110,AgentA wins,18.00,0,0,0,0,0,0,0,0,0,0
101,AgentA wins,25.33,0,0,0,0,0,0,0,0,0,0
102,AgentA wins,25.33,0,0,0,0,0,0,0,0,0,0
103,AgentA wins,18.00,0,0,0,0,0,0,0,0,0,0
104,AgentA wins,30.67,0,0,0,0,0,0,0,0,0,0
105,AgentA wins,18.00,0,0,0,0,0,0,0,0,0,0
106,AgentA wins,18.00,0,0,0,0,0,0,0,0,0,0
107,AgentA wins,24.00,0,0,0,0,0,0,0,0,0,0
108,AgentA wins,22.33,0,0,0,0,0,0,0,0,0,0
109,AgentA wins,29.00,0,0,0,0,0,0,0,0,0,0
110,AgentA wins,18.00,0,0,0,0,0,0,0,0,0,0
141,AgentA wins,18.00,0,0,0,0,0,0,0,0,0,0
142,AgentA wins,18.00,0,0,0,0,0,0,0,0,0,0
143,AgentA wins,18.33,0,0,0,0,0,0,0,0,0,0
144,AgentA wins,18.33,0,0,0,0,0,0,0,0,0,0
145,AgentA wins,18.33,0,0,0,0,0,0,0,0,0,0
146,AgentA wins,18.33,0,0,0,0,0,0,0,0,0,0
147,AgentA wins,18.00,0,0,0,0,0,0,0,0,0,0
148,AgentA wins,18.33,0,0,0,0,0,0,0,0,0,0
149,AgentA wins,18.00,0,0,0,0,0,0,0,0,0,0
150,AgentA wins,18.00,0,0,0,0,0,0,0,0,0,0
141,AgentA wins,18.00,0,0,0,0,0,0,0,0,0,0
142,AgentA wins,18.00,0,0,0,0,0,0,0,0,0,0
143,AgentA wins,18.00,0,0,0,0,0,0,0,0,0,0
144,AgentA wins,18.00,0,0,0,0,0,0,0,0,0,0
145,AgentA wins,18.00,0,0,0,0,0,0,0,0,0,0
146,AgentA wins,18.33,0,0,0,0,0,0,0,0,0,0
147,AgentA wins,18.00,0,0,0,0,0,0,0,0,0,0
148,AgentA wins,18.33,0,0,0,0,0,0,0,0,0,0
149,AgentA wins,18.33,0,0,0,0,0,0,0,0,0,0
150,AgentA wins,18.00,0,0,0,0,0,0,0,0,0,0
141,AgentA wins,18.33,0,0,0,0,0,0,0,0,0,0
142,AgentA wins,18.00,0,0,0,0,0,0,0,0,0,0
143,AgentA wins,18.00,0,0,0,0,0,0,0,0,0,0
144,AgentA wins,18.33,0,0,0,0,0,0,0,0,0,0
145,AgentA wins,18.00,0,0,0,0,0,0,0,0,0,0
146,AgentA wins,18.00,0,0,0,0,0,0,0,0,0,0
147,AgentA wins,18.00,0,0,0,0,0,0,0,0,0,0
148,AgentA wins,18.33,0,0,0,0,0,0,0,0,0,0
149,AgentA wins,18.00,0,0,0,0,0,0,0,0,0,0
150,AgentA wins,18.33,0,0,0,0,0,0,0,0,0,0
141,AgentA wins,18.33,0,0,0,0,0,0,0,0,0,0
142,AgentA wins,18.00,0,0,0,0,0,0,0,0,0,0
143,AgentA wins,18.00,0,0,0,0,0,0,0,0,0,0
144,AgentA wins,18.33,0,0,0,0,0,0,0,0,0,0
145,AgentA wins,18.33,0,0,0,0,0,0,0,0,0,0
146,AgentA wins,18.00,0,0,0,0,0,0,0,0,0,0
147,AgentA wins,18.00,0,0,0,0,0,0,0,0,0,0
148,AgentA wins,18.33,0,0,0,0,0,0,0,0,0,0
149,AgentA wins,18.00,0,0,0,0,0,0,0,0,0,0
150,AgentA wins,18.00,0,0,0,0,0,0,0,0,0,0
141,AgentA wins,18.00,0,0,0,0,0,0,0,0,0,0
142,AgentA wins,18.00,0,0,0,0,0,0,0,0,0,0
143,AgentA wins,18.33,0,0,0,0,0,0,0,0,0,0
144,AgentA wins,18.00,0,0,0,0,0,0,0,0,0,0
145,AgentA wins,18.00,0,0,0,0,0,0,0,0,0,0
146,AgentA wins,18.00,0,0,0,0,0,0,0,0,0,0
147,AgentA wins,18.33,0,0,0,0,0,0,0,0,0,0
148,AgentA wins,18.00,0,0,0,0,0,0,0,0,0,0
149,AgentA wins,18.00,0,0,0,0,0,0,0,0,0,0
150,AgentA wins,18.33,0,0,0,0,0,0,0,0,0,0
141,AgentA wins,18.00,0,0,0,0,0,0,0,0,0,0
142,AgentA wins,18.00,0,0,0,0,0,0,0,0,0,0
143,AgentA wins,18.33,0,0,0,0,0,0,0,0,0,0
144,AgentA wins,18.00,0,0,0,0,0,0,0,0,0,0
145,AgentA wins,18.00,0,0,0,0,0,0,0,0,0,0
146,AgentA wins,18.00,0,0,0,0,0,0,0,0,0,0
147,AgentA wins,18.00,0,0,0,0,0,0,0,0,0,0
148,AgentA wins,18.00,0,0,0,0,0,0,0,0,0,0
149,AgentA wins,18.33,0,0,0,0,0,0,0,0,0,0
150,AgentA wins,18.00,0,0,0,0,0,0,0,0,0,0
141,AgentA wins,18.33,0,0,0,0,0,0,0,0,0,0
142,AgentA wins,18.00,0,0,0,0,0,0,0,0,0,0
143,AgentA wins,18.33,0,0,0,0,0,0,0,0,0,0
144,AgentA wins,18.33,0,0,0,0,0,0,0,0,0,0
145,AgentA wins,18.00,0,0,0,0,0,0,0,0,0,0
146,AgentA wins,18.00,0,0,0,0,0,0,0,0,0,0
147,AgentA wins,18.00,0,0,0,0,0,0,0,0,0,0
148,AgentA wins,18.33,0,0,0,0,0,0,0,0,0,0
149,AgentA wins,18.33,0,0,0,0,0,0,0,0,0,0
150,AgentA wins,18.00,0,0,0,0,0,0,0,0,0,0
141,AgentA wins,18.00,0,0,0,0,0,0,0,0,0,0
142,AgentA wins,18.00,0,0,0,0,0,0,0,0,0,0
143,AgentA wins,18.00,0,0,0,0,0,0,0,0,0,0
144,AgentA wins,18.33,0,0,0,0,0,0,0,0,0,0
145,AgentA wins,18.00,0,0,0,0,0,0,0,0,0,0
146,AgentA wins,18.00,0,0,0,0,0,0,0,0,0,0
147,AgentA wins,18.00,0,0,0,0,0,0,0,0,0,0
148,AgentA wins,18.00,0,0,0,0,0,0,0,0,0,0
149,AgentA wins,18.00,0,0,0,0,0,0,0,0,0,0
150,AgentA wins,18.33,0,0,0,0,0,0,0,0,0,0
141,AgentA wins,18.00,0,0,0,0,0,0,0,0,0,0
142,AgentA wins,18.00,0,0,0,0,0,0,0,0,0,0
143,AgentA wins,18.00,0,0,0,0,0,0,0,0,0,0
144,AgentA wins,18.33,0,0,0,0,0,0,0,0,0,0
145,AgentA wins,18.00,0,0,0,0,0,0,0,0,0,0
146,AgentA wins,18.33,0,0,0,0,0,0,0,0,0,0
147,AgentA wins,18.33,0,0,0,0,0,0,0,0,0,0
148,AgentA wins,18.33,0,0,0,0,0,0,0,0,0,0
149,AgentA wins,18.00,0,0,0,0,0,0,0,0,0,0
150,AgentA wins,18.00,0,0,0,0,0,0,0,0,0,0
101,AgentA wins,18.00,0,0,0,0,0,0,0,0,0,0
102,AgentA wins,37.00,0,0,0,0,0,0,0,0,0,0
103,AgentA wins,37.33,0,0,0,0,0,0,0,0,0,0
104,AgentB wins,24.00,0,0,0,0,0,0,0,0,0,0
105,AgentA wins,18.00,0,0,0,0,0,0,0,0,0,0
106,AgentA wins,18.00,0,0,0,0,0,0,0,0,0,0
107,AgentA wins,18.00,0,0,0,0,0,0,0,0,0,0
108,AgentB wins,46.33,0,0,0,0,0,0,0,0,0,0
109,AgentA wins,18.00,0,0,0,0,0,0,0,0,0,0
110,AgentB wins,23.00,0,0,0,0,0,0,0,0,0,0
141,AgentA wins,18.00,0,0,0,0,0,0,0,0,0,0
142,AgentA wins,18.33,0,0,0,0,0,0,0,0,0,0
143,AgentA wins,18.00,0,0,0,0,0,0,0,0,0,0
144,AgentA wins,18.00,0,0,0,0,0,0,0,0,0,0
145,AgentA wins,18.00,0,0,0,0,0,0,0,0,0,0
146,AgentA wins,18.00,0,0,0,0,0,0,0,0,0,0
147,AgentA wins,18.00,0,0,0,0,0,0,0,0,0,0
148,AgentA wins,18.00,0,0,0,0,0,0,0,0,0,0
149,AgentA wins,18.00,0,0,0,0,0,0,0,0,0,0
150,AgentA wins,18.00,0,0,0,0,0,0,0,0,0,0
111,AgentA wins,22.33,0,0,0,0,0,0,0,0,0,0
112,AgentA wins,18.00,0,0,0,0,0,0,0,0,0,0
113,AgentA wins,32.00,0,0,0,0,0,0,0,0,0,0
114,AgentA wins,28.33,0,0,0,0,0,0,0,0,0,0
115,AgentA wins,18.00,0,0,0,0,0,0,0,0,0,0
116,AgentA wins,28.33,0,0,0,0,0,0,0,0,0,0
117,AgentA wins,20.00,0,0,0,0,0,0,0,0,0,0
118,AgentA wins,19.33,0,0,0,0,0,0,0,0,0,0
119,AgentA wins,34.67,0,0,0,0,0,0,0,0,0,0
120,AgentA wins,18.00,0,0,0,0,0,0,0,0,0,0
111,AgentA wins,18.00,0,0,0,0,0,0,0,0,0,0
112,AgentA wins,25.33,0,0,0,0,0,0,0,0,0,0
113,AgentA wins,18.00,0,0,0,0,0,0,0,0,0,0
114,AgentA wins,32.00,0,0,0,0,0,0,0,0,0,0
115,AgentA wins,25.33,0,0,0,0,0,0,0,0,0,0
116,AgentA wins,18.00,0,0,0,0,0,0,0,0,0,0
117,AgentA wins,30.33,0,0,0,0,0,0,0,0,0,0
118,AgentA wins,18.00,0,0,0,0,0,0,0,0,0,0
119,AgentA wins,18.00,0,0,0,0,0,0,0,0,0,0
120,AgentA wins,24.00,0,0,0,0,0,0,0,0,0,0
101,AgentA wins,35.00,0,0,0,0,0,0,0,0,0,0
102,AgentA wins,45.00,0,0,0,0,0,0,0,0,0,0
103,AgentA wins,22.00,0,0,0,0,0,0,0,0,0,0
104,AgentA wins,18.00,0,0,0,0,0,0,0,0,0,0
105,AgentA wins,18.00,0,0,0,0,0,0,0,0,0,0
106,AgentB wins,25.67,0,0,0,0,0,0,0,0,0,0
107,AgentA wins,36.33,0,0,0,0,0,0,0,0,0,0
108,AgentA wins,18.00,0,0,0,0,0,0,0,0,0,0
109,AgentA wins,25.00,0,0,0,0,0,0,0,0,0,0
110,AgentA wins,54.33,0,0,0,0,0,0,0,0,0,0
111,AgentA wins,43.00,0,0,0,0,0,0,0,0,0,0
112,AgentA wins,22.33,0,0,0,0,0,0,0,0,0,0
113,AgentA wins,22.67,0,0,0,0,0,0,0,0,0,0
114,AgentA wins,24.00,0,0,0,0,0,0,0,0,0,0
115,AgentA wins,18.00,0,0,0,0,0,0,0,0,0,0
116,AgentA wins,18.00,0,0,0,0,0,0,0,0,0,0
117,AgentA wins,24.00,0,0,0,0,0,0,0,0,0,0
118,AgentA wins,27.00,0,0,0,0,0,0,0,0,0,0
119,AgentB wins,22.00,0,0,0,0,0,0,0,0,0,0
120,AgentA wins,19.33,0,0,0,0,0,0,0,0,0,0
141,AgentA wins,18.33,0,0,0,0,0,0,0,0,0,0
142,AgentA wins,18.00,0,0,0,0,0,0,0,0,0,0
143,AgentA wins,18.00,0,0,0,0,0,0,0,0,0,0
144,AgentA wins,18.33,0,0,0,0,0,0,0,0,0,0
145,AgentA wins,18.33,0,0,0,0,0,0,0,0,0,0
146,AgentA wins,18.00,0,0,0,0,0,0,0,0,0,0
147,AgentA wins,18.00,0,0,0,0,0,0,0,0,0,0
148,AgentA wins,18.00,0,0,0,0,0,0,0,0,0,0
149,AgentA wins,18.00,0,0,0,0,0,0,0,0,0,0
150,AgentA wins,18.00,0,0,0,0,0,0,0,0,0,0
151,AgentA wins,18.00,0,0,0,0,0,0,0,0,0,0
152,AgentA wins,18.00,0,0,0,0,0,0,0,0,0,0
153,AgentA wins,18.00,0,0,0,0,0,0,0,0,0,0
154,AgentA wins,18.00,0,0,0,0,0,0,0,0,0,0
155,AgentA wins,18.00,0,0,0,0,0,0,0,0,0,0
156,AgentA wins,18.00,0,0,0,0,0,0,0,0,0,0
157,AgentA wins,18.00,0,0,0,0,0,0,0,0,0,0
158,AgentA wins,18.33,0,0,0,0,0,0,0,0,0,0
159,AgentA wins,18.33,0,0,0,0,0,0,0,0,0,0
160,AgentA wins,18.00,0,0,0,0,0,0,0,0,0,0
111,AgentA wins,18.00,0,0,0,0,0,0,0,0,0,0
112,AgentA wins,22.33,0,0,0,0,0,0,0,0,0,0
113,AgentB wins,43.00,0,0,0,0,0,0,0,0,0,0
114,AgentA wins,18.00,0,0,0,0,0,0,0,0,0,0
115,AgentA wins,22.33,0,0,0,0,0,0,0,0,0,0
116,AgentA wins,25.00,0,0,0,0,0,0,0,0,0,0
117,AgentA wins,29.00,0,0,0,0,0,0,0,0,0,0
118,AgentA wins,18.00,0,0,0,0,0,0,0,0,0,0
119,AgentA wins,26.00,0,0,0,0,0,0,0,0,0,0
120,AgentA wins,18.00,0,0,0,0,0,0,0,0,0,0
141,AgentA wins,18.00,0,0,0,0,0,0,0,0,0,0
142,AgentA wins,18.00,0,0,0,0,0,0,0,0,0,0
143,AgentA wins,18.33,0,0,0,0,0,0,0,0,0,0
144,AgentA wins,18.00,0,0,0,0,0,0,0,0,0,0
145,AgentA wins,18.00,0,0,0,0,0,0,0,0,0,0
146,AgentA wins,18.00,0,0,0,0,0,0,0,0,0,0
147,AgentA wins,18.00,0,0,0,0,0,0,0,0,0,0
148,AgentA wins,18.00,0,0,0,0,0,0,0,0,0,0
149,AgentA wins,18.00,0,0,0,0,0,0,0,0,0,0
150,AgentA wins,18.00,0,0,0,0,0,0,0,0,0,0
141,AgentA wins,18.33,0,0,0,0,0,0,0,0,0,0
142,AgentA wins,18.33,0,0,0,0,0,0,0,0,0,0
143,AgentA wins,18.33,0,0,0,0,0,0,0,0,0,0
144,AgentA wins,18.00,0,0,0,0,0,0,0,0,0,0
145,AgentA wins,18.00,0,0,0,0,0,0,0,0,0,0
146,AgentA wins,18.33,0,0,0,0,0,0,0,0,0,0
147,AgentA wins,18.00,0,0,0,0,0,0,0,0,0,0
148,AgentA wins,18.00,0,0,0,0,0,0,0,0,0,0
149,AgentA wins,18.00,0,0,0,0,0,0,0,0,0,0
150,AgentA wins,18.00,0,0,0,0,0,0,0,0,0,0
151,AgentA wins,18.00,0,0,0,0,0,0,0,0,0,0
152,AgentA wins,18.00,0,0,0,0,0,0,0,0,0,0
153,AgentA wins,18.33,0,0,0,0,0,0,0,0,0,0
154,AgentA wins,18.00,0,0,0,0,0,0,0,0,0,0
155,AgentA wins,18.00,0,0,0,0,0,0,0,0,0,0
156,AgentA wins,18.33,0,0,0,0,0,0,0,0,0,0
157,AgentA wins,18.00,0,0,0,0,0,0,0,0,0,0
158,AgentA wins,18.33,0,0,0,0,0,0,0,0,0,0
159,AgentA wins,18.00,0,0,0,0,0,0,0,0,0,0
160,AgentA wins,18.33,0,0,0,0,0,0,0,0,0,0
151,AgentA wins,18.00,0,0,0,0,0,0,0,0,0,0
152,AgentA wins,18.33,0,0,0,0,0,0,0,0,0,0
153,AgentA wins,18.00,0,0,0,0,0,0,0,0,0,0
154,AgentA wins,18.00,0,0,0,0,0,0,0,0,0,0
155,AgentA wins,18.00,0,0,0,0,0,0,0,0,0,0
156,AgentA wins,18.00,0,0,0,0,0,0,0,0,0,0
157,AgentA wins,18.33,0,0,0,0,0,0,0,0,0,0
158,AgentA wins,18.00,0,0,0,0,0,0,0,0,0,0
159,AgentA wins,18.00,0,0,0,0,0,0,0,0,0,0
160,AgentA wins,18.00,0,0,0,0,0,0,0,0,0,0
151,AgentA wins,18.33,0,0,0,0,0,0,0,0,0,0
152,AgentA wins,18.33,0,0,0,0,0,0,0,0,0,0
153,AgentA wins,18.00,0,0,0,0,0,0,0,0,0,0
154,AgentA wins,18.00,0,0,0,0,0,0,0,0,0,0
155,AgentA wins,18.00,0,0,0,0,0,0,0,0,0,0
156,AgentA wins,18.00,0,0,0,0,0,0,0,0,0,0
157,AgentA wins,18.00,0,0,0,0,0,0,0,0,0,0
158,AgentA wins,18.33,0,0,0,0,0,0,0,0,0,0
159,AgentA wins,18.00,0,0,0,0,0,0,0,0,0,0
160,AgentA wins,18.33,0,0,0,0,0,0,0,0,0,0
151,AgentA wins,18.33,0,0,0,0,0,0,0,0,0,0
152,AgentA wins,18.33,0,0,0,0,0,0,0,0,0,0
153,AgentA wins,18.00,0,0,0,0,0,0,0,0,0,0
154,AgentA wins,18.00,0,0,0,0,0,0,0,0,0,0
155,AgentA wins,18.33,0,0,0,0,0,0,0,0,0,0
156,AgentA wins,18.00,0,0,0,0,0,0,0,0,0,0
157,AgentA wins,18.00,0,0,0,0,0,0,0,0,0,0
158,AgentA wins,18.00,0,0,0,0,0,0,0,0,0,0
159,AgentA wins,18.00,0,0,0,0,0,0,0,0,0,0
160,AgentA wins,18.00,0,0,0,0,0,0,0,0,0,0
151,AgentA wins,18.00,0,0,0,0,0,0,0,0,0,0
152,AgentA wins,18.00,0,0,0,0,0,0,0,0,0,0
153,AgentA wins,18.33,0,0,0,0,0,0,0,0,0,0
154,AgentA wins,18.00,0,0,0,0,0,0,0,0,0,0
155,AgentA wins,18.00,0,0,0,0,0,0,0,0,0,0
156,AgentA wins,18.33,0,0,0,0,0,0,0,0,0,0
157,AgentA wins,18.00,0,0,0,0,0,0,0,0,0,0
158,AgentA wins,18.00,0,0,0,0,0,0,0,0,0,0
159,AgentA wins,18.00,0,0,0,0,0,0,0,0,0,0
160,AgentA wins,18.33,0,0,0,0,0,0,0,0,0,0
151,AgentA wins,18.00,0,0,0,0,0,0,0,0,0,0
152,AgentA wins,18.00,0,0,0,0,0,0,0,0,0,0
153,AgentA wins,18.00,0,0,0,0,0,0,0,0,0,0
154,AgentA wins,18.00,0,0,0,0,0,0,0,0,0,0
155,AgentA wins,18.00,0,0,0,0,0,0,0,0,0,0
156,AgentA wins,18.00,0,0,0,0,0,0,0,0,0,0
157,AgentA wins,18.33,0,0,0,0,0,0,0,0,0,0
158,AgentA wins,18.00,0,0,0,0,0,0,0,0,0,0
159,AgentA wins,18.00,0,0,0,0,0,0,0,0,0,0
160,AgentA wins,18.00,0,0,0,0,0,0,0,0,0,0
151,AgentA wins,18.00,0,0,0,0,0,0,0,0,0,0
152,AgentA wins,18.00,0,0,0,0,0,0,0,0,0,0
153,AgentA wins,18.00,0,0,0,0,0,0,0,0,0,0
154,AgentA wins,18.00,0,0,0,0,0,0,0,0,0,0
155,AgentA wins,18.00,0,0,0,0,0,0,0,0,0,0
156,AgentA wins,18.00,0,0,0,0,0,0,0,0,0,0
157,AgentA wins,18.33,0,0,0,0,0,0,0,0,0,0
158,AgentA wins,18.00,0,0,0,0,0,0,0,0,0,0
159,AgentA wins,18.00,0,0,0,0,0,0,0,0,0,0
160,AgentA wins,18.00,0,0,0,0,0,0,0,0,0,0
151,AgentA wins,18.00,0,0,0,0,0,0,0,0,0,0
152,AgentA wins,18.33,0,0,0,0,0,0,0,0,0,0
153,AgentA wins,18.00,0,0,0,0,0,0,0,0,0,0
154,AgentA wins,18.00,0,0,0,0,0,0,0,0,0,0
155,AgentA wins,18.00,0,0,0,0,0,0,0,0,0,0
156,AgentA wins,18.00,0,0,0,0,0,0,0,0,0,0
157,AgentA wins,18.00,0,0,0,0,0,0,0,0,0,0
158,AgentA wins,18.00,0,0,0,0,0,0,0,0,0,0
159,AgentA wins,18.00,0,0,0,0,0,0,0,0,0,0
160,AgentA wins,18.00,0,0,0,0,0,0,0,0,0,0
151,AgentA wins,18.00,0,0,0,0,0,0,0,0,0,0
152,AgentA wins,18.00,0,0,0,0,0,0,0,0,0,0
153,AgentA wins,18.33,0,0,0,0,0,0,0,0,0,0
154,AgentA wins,18.00,0,0,0,0,0,0,0,0,0,0
155,AgentA wins,18.33,0,0,0,0,0,0,0,0,0,0
156,AgentA wins,18.00,0,0,0,0,0,0,0,0,0,0
157,AgentA wins,18.00,0,0,0,0,0,0,0,0,0,0
158,AgentA wins,18.33,0,0,0,0,0,0,0,0,0,0
159,AgentA wins,18.00,0,0,0,0,0,0,0,0,0,0
160,AgentA wins,18.00,0,0,0,0,0,0,0,0,0,0
111,AgentA wins,18.00,0,0,0,0,0,0,0,0,0,0
112,AgentA wins,30.00,0,0,0,0,0,0,0,0,0,0
113,AgentA wins,18.00,0,0,0,0,0,0,0,0,0,0
114,AgentA wins,18.00,0,0,0,0,0,0,0,0,0,0
115,AgentA wins,18.00,0,0,0,0,0,0,0,0,0,0
116,AgentA wins,18.00,0,0,0,0,0,0,0,0,0,0
117,AgentA wins,18.00,0,0,0,0,0,0,0,0,0,0
118,AgentA wins,26.00,0,0,0,0,0,0,0,0,0,0
119,AgentA wins,26.00,0,0,0,0,0,0,0,0,0,0
120,AgentA wins,32.33,0,0,0,0,0,0,0,0,0,0
111,AgentA wins,18.00,168,160,0,93,0,113,0,22,27,28
112,AgentA wins,29.67,271,262,0,176,0,199,0,35,35,67
113,AgentB wins,22.00,200,197,0,125,0,145,0,25,35,46
114,AgentA wins,21.00,189,186,0,115,0,135,0,24,30,56
115,AgentA wins,18.00,162,158,0,99,0,113,0,20,24,44
116,AgentA wins,18.00,162,156,0,99,0,112,0,21,29,44
117,AgentA wins,53.67,485,477,0,308,0,334,0,65,74,144
118,AgentA wins,28.67,257,254,0,164,0,185,0,33,45,76
119,AgentA wins,38.00,339,337,0,214,0,240,0,42,57,97
120,AgentB wins,16.00,144,144,0,93,0,107,0,15,24,45
151,AgentA wins,18.00,0,0,0,0,0,0,0,0,0,0
152,AgentA wins,18.00,0,0,0,0,0,0,0,0,0,0
153,AgentA wins,18.00,0,0,0,0,0,0,0,0,0,0
154,AgentA wins,18.00,0,0,0,0,0,0,0,0,0,0
155,AgentA wins,18.00,0,0,0,0,0,0,0,0,0,0
156,AgentA wins,18.00,0,0,0,0,0,0,0,0,0,0
157,AgentA wins,18.00,0,0,0,0,0,0,0,0,0,0
158,AgentA wins,18.00,0,0,0,0,0,0,0,0,0,0
159,AgentA wins,18.00,0,0,0,0,0,0,0,0,0,0
160,AgentA wins,18.00,0,0,0,0,0,0,0,0,0,0
151,AgentA wins,18.33,0,0,0,0,0,0,0,0,0,0
152,AgentA wins,18.33,0,0,0,0,0,0,0,0,0,0
153,AgentA wins,18.00,0,0,0,0,0,0,0,0,0,0
154,AgentA wins,18.00,0,0,0,0,0,0,0,0,0,0
155,AgentA wins,18.00,0,0,0,0,0,0,0,0,0,0
156,AgentA wins,18.00,0,0,0,0,0,0,0,0,0,0
157,AgentA wins,18.00,0,0,0,0,0,0,0,0,0,0
158,AgentA wins,18.00,0,0,0,0,0,0,0,0,0,0
159,AgentA wins,18.00,0,0,0,0,0,0,0,0,0,0
160,AgentA wins,18.00,0,0,0,0,0,0,0,0,0,0
111,AgentA wins,22.33,0,0,0,0,0,0,0,0,0,0
112,AgentA wins,29.00,0,0,0,0,0,0,0,0,0,0
113,AgentA wins,22.33,0,0,0,0,0,0,0,0,0,0
114,AgentA wins,22.67,0,0,0,0,0,0,0,0,0,0
115,AgentA wins,44.00,0,0,0,0,0,0,0,0,0,0
116,AgentA wins,18.00,0,0,0,0,0,0,0,0,0,0
117,AgentA wins,25.33,0,0,0,0,0,0,0,0,0,0
118,AgentA wins,34.00,0,0,0,0,0,0,0,0,0,0
119,AgentA wins,32.00,0,0,0,0,0,0,0,0,0,0
120,AgentA wins,18.00,0,0,0,0,0,0,0,0,0,0
111,AgentA wins,22.33,0,0,0,0,0,0,0,0,0,0
112,AgentA wins,34.67,0,0,0,0,0,0,0,0,0,0
113,AgentB wins,29.67,0,0,0,0,0,0,0,0,0,0
114,AgentA wins,19.00,0,0,0,0,0,0,0,0,0,0
115,AgentA wins,18.00,0,0,0,0,0,0,0,0,0,0
116,AgentA wins,24.00,0,0,0,0,0,0,0,0,0,0
117,AgentA wins,31.67,0,0,0,0,0,0,0,0,0,0
118,AgentB wins,31.67,0,0,0,0,0,0,0,0,0,0
119,AgentB wins,30.33,0,0,0,0,0,0,0,0,0,0
120,AgentA wins,18.00,0,0,0,0,0,0,0,0,0,0
121,AgentA wins,22.33,0,0,0,0,0,0,0,0,0,0
122,AgentA wins,18.00,0,0,0,0,0,0,0,0,0,0
123,AgentA wins,18.00,0,0,0,0,0,0,0,0,0,0
124,AgentA wins,24.00,0,0,0,0,0,0,0,0,0,0
125,AgentA wins,25.00,0,0,0,0,0,0,0,0,0,0
126,AgentA wins,18.00,0,0,0,0,0,0,0,0,0,0
127,AgentA wins,18.00,0,0,0,0,0,0,0,0,0,0
128,AgentA wins,26.00,0,0,0,0,0,0,0,0,0,0
129,AgentA wins,18.00,0,0,0,0,0,0,0,0,0,0
130,AgentA wins,18.00,0,0,0,0,0,0,0,0,0,0
121,AgentA wins,18.00,0,0,0,0,0,0,0,0,0,0
122,AgentB wins,31.33,0,0,0,0,0,0,0,0,0,0
123,AgentA wins,18.00,0,0,0,0,0,0,0,0,0,0
124,AgentA wins,18.00,0,0,0,0,0,0,0,0,0,0
125,AgentA wins,18.00,0,0,0,0,0,0,0,0,0,0
126,AgentA wins,21.00,0,0,0,0,0,0,0,0,0,0
127,AgentA wins,18.00,0,0,0,0,0,0,0,0,0,0
128,AgentA wins,18.00,0,0,0,0,0,0,0,0,0,0
129,AgentA wins,18.00,0,0,0,0,0,0,0,0,0,0
130,AgentA wins,18.00,0,0,0,0,0,0,0,0,0,0
121,AgentA wins,18.00,0,0,0,0,0,0,0,0,0,0
122,AgentA wins,18.00,0,0,0,0,0,0,0,0,0,0
123,AgentA wins,18.00,0,0,0,0,0,0,0,0,0,0
124,AgentA wins,18.00,0,0,0,0,0,0,0,0,0,0
125,AgentA wins,18.00,0,0,0,0,0,0,0,0,0,0
126,AgentA wins,18.00,0,0,0,0,0,0,0,0,0,0
127,AgentA wins,18.00,0,0,0,0,0,0,0,0,0,0
128,AgentA wins,18.00,0,0,0,0,0,0,0,0,0,0
129,AgentA wins,18.00,0,0,0,0,0,0,0,0,0,0
130,AgentA wins,18.00,0,0,0,0,0,0,0,0,0,0
151,AgentA wins,18.00,0,0,0,0,0,0,0,0,0,0
152,AgentA wins,18.00,0,0,0,0,0,0,0,0,0,0
153,AgentA wins,18.33,0,0,0,0,0,0,0,0,0,0
154,AgentA wins,18.00,0,0,0,0,0,0,0,0,0,0
155,AgentA wins,18.00,0,0,0,0,0,0,0,0,0,0
156,AgentA wins,18.00,0,0,0,0,0,0,0,0,0,0
157,AgentA wins,18.00,0,0,0,0,0,0,0,0,0,0
158,AgentA wins,18.00,0,0,0,0,0,0,0,0,0,0
159,AgentA wins,18.00,0,0,0,0,0,0,0,0,0,0
160,AgentA wins,18.00,0,0,0,0,0,0,0,0,0,0
111,AgentA wins,30.00,0,0,0,0,0,0,0,0,0,0
112,AgentA wins,42.33,0,0,0,0,0,0,0,0,0,0
113,AgentA wins,18.00,0,0,0,0,0,0,0,0,0,0
114,AgentA wins,18.00,0,0,0,0,0,0,0,0,0,0
115,AgentA wins,37.67,0,0,0,0,0,0,0,0,0,0
116,AgentA wins,18.00,0,0,0,0,0,0,0,0,0,0
117,AgentA wins,32.00,0,0,0,0,0,0,0,0,0,0
118,AgentA wins,19.33,0,0,0,0,0,0,0,0,0,0
119,AgentA wins,18.00,0,0,0,0,0,0,0,0,0,0
120,AgentA wins,18.00,0,0,0,0,0,0,0,0,0,0
161,AgentA wins,18.00,0,0,0,0,0,0,0,0,0,0
162,AgentA wins,18.00,0,0,0,0,0,0,0,0,0,0
163,AgentA wins,18.33,0,0,0,0,0,0,0,0,0,0
164,AgentA wins,18.00,0,0,0,0,0,0,0,0,0,0
165,AgentA wins,18.00,0,0,0,0,0,0,0,0,0,0
166,AgentA wins,18.00,0,0,0,0,0,0,0,0,0,0
167,AgentA wins,18.00,0,0,0,0,0,0,0,0,0,0
168,AgentA wins,18.00,0,0,0,0,0,0,0,0,0,0
169,AgentA wins,18.00,0,0,0,0,0,0,0,0,0,0
170,AgentA wins,18.00,0,0,0,0,0,0,0,0,0,0
151,AgentA wins,18.00,0,0,0,0,0,0,0,0,0,0
152,AgentA wins,18.33,0,0,0,0,0,0,0,0,0,0
153,AgentA wins,18.00,0,0,0,0,0,0,0,0,0,0
154,AgentA wins,18.00,0,0,0,0,0,0,0,0,0,0
155,AgentA wins,18.00,0,0,0,0,0,0,0,0,0,0
156,AgentA wins,18.00,0,0,0,0,0,0,0,0,0,0
157,AgentA wins,18.00,0,0,0,0,0,0,0,0,0,0
158,AgentA wins,18.00,0,0,0,0,0,0,0,0,0,0
159,AgentA wins,18.33,0,0,0,0,0,0,0,0,0,0
160,AgentA wins,18.00,0,0,0,0,0,0,0,0,0,0
151,AgentA wins,18.00,0,0,0,0,0,0,0,0,0,0
152,AgentA wins,18.33,0,0,0,0,0,0,0,0,0,0
153,AgentA wins,18.00,0,0,0,0,0,0,0,0,0,0
154,AgentA wins,18.00,0,0,0,0,0,0,0,0,0,0
155,AgentA wins,18.33,0,0,0,0,0,0,0,0,0,0
156,AgentA wins,18.00,0,0,0,0,0,0,0,0,0,0
157,AgentA wins,18.00,0,0,0,0,0,0,0,0,0,0
158,AgentA wins,18.00,0,0,0,0,0,0,0,0,0,0
159,AgentA wins,18.33,0,0,0,0,0,0,0,0,0,0
160,AgentA wins,18.00,0,0,0,0,0,0,0,0,0,0
111,AgentA wins,29.00,0,0,0,0,0,0,0,0,0,0
112,AgentA wins,18.00,0,0,0,0,0,0,0,0,0,0
113,AgentA wins,39.00,0,0,0,0,0,0,0,0,0,0
114,AgentB wins,27.33,0,0,0,0,0,0,0,0,0,0
115,AgentA wins,35.00,0,0,0,0,0,0,0,0,0,0
116,AgentA wins,22.67,0,0,0,0,0,0,0,0,0,0
117,AgentA wins,18.00,0,0,0,0,0,0,0,0,0,0
118,AgentA wins,18.00,0,0,0,0,0,0,0,0,0,0
119,AgentA wins,20.00,0,0,0,0,0,0,0,0,0,0
120,AgentB wins,25.00,0,0,0,0,0,0,0,0,0,0
161,AgentA wins,18.00,0,0,0,0,0,0,0,0,0,0
162,AgentA wins,18.00,0,0,0,0,0,0,0,0,0,0
163,AgentA wins,18.00,0,0,0,0,0,0,0,0,0,0
164,AgentA wins,18.00,0,0,0,0,0,0,0,0,0,0
165,AgentA wins,18.00,0,0,0,0,0,0,0,0,0,0
166,AgentA wins,18.00,0,0,0,0,0,0,0,0,0,0
167,AgentA wins,18.00,0,0,0,0,0,0,0,0,0,0
168,AgentA wins,18.00,0,0,0,0,0,0,0,0,0,0
169,AgentA wins,18.00,0,0,0,0,0,0,0,0,0,0
170,AgentA wins,18.00,0,0,0,0,0,0,0,0,0,0
121,AgentA wins,20.00,0,0,0,0,0,0,0,0,0,0
122,AgentA wins,22.33,0,0,0,0,0,0,0,0,0,0
123,AgentA wins,18.00,0,0,0,0,0,0,0,0,0,0
124,AgentA wins,18.00,0,0,0,0,0,0,0,0,0,0
125,AgentA wins,30.33,0,0,0,0,0,0,0,0,0,0
126,AgentA wins,30.00,0,0,0,0,0,0,0,0,0,0
127,AgentA wins,18.00,0,0,0,0,0,0,0,0,0,0
128,AgentA wins,24.00,0,0,0,0,0,0,0,0,0,0
129,AgentA wins,21.00,0,0,0,0,0,0,0,0,0,0
130,AgentB wins,21.33,0,0,0,0,0,0,0,0,0,0
161,AgentA wins,18.00,0,0,0,0,0,0,0,0,0,0
162,AgentA wins,18.00,0,0,0,0,0,0,0,0,0,0
163,AgentA wins,18.00,0,0,0,0,0,0,0,0,0,0
164,AgentA wins,18.00,0,0,0,0,0,0,0,0,0,0
165,AgentA wins,18.00,0,0,0,0,0,0,0,0,0,0
166,AgentA wins,18.00,0,0,0,0,0,0,0,0,0,0
167,AgentA wins,18.33,0,0,0,0,0,0,0,0,0,0
168,AgentA wins,18.00,0,0,0,0,0,0,0,0,0,0
169,AgentA wins,18.00,0,0,0,0,0,0,0,0,0,0
170,AgentA wins,18.00,0,0,0,0,0,0,0,0,0,0
161,AgentA wins,18.00,0,0,0,0,0,0,0,0,0,0
162,AgentA wins,18.33,0,0,0,0,0,0,0,0,0,0
163,AgentA wins,18.00,0,0,0,0,0,0,0,0,0,0
164,AgentA wins,18.00,0,0,0,0,0,0,0,0,0,0
165,AgentA wins,18.00,0,0,0,0,0,0,0,0,0,0
166,AgentA wins,18.00,0,0,0,0,0,0,0,0,0,0
167,AgentA wins,18.00,0,0,0,0,0,0,0,0,0,0
168,AgentA wins,18.33,0,0,0,0,0,0,0,0,0,0
169,AgentA wins,18.00,0,0,0,0,0,0,0,0,0,0
170,AgentA wins,18.00,0,0,0,0,0,0,0,0,0,0
161,AgentA wins,18.00,0,0,0,0,0,0,0,0,0,0
162,AgentA wins,18.00,0,0,0,0,0,0,0,0,0,0
163,AgentA wins,18.00,0,0,0,0,0,0,0,0,0,0
164,AgentA wins,18.00,0,0,0,0,0,0,0,0,0,0
165,AgentA wins,18.00,0,0,0,0,0,0,0,0,0,0
166,AgentA wins,18.00,0,0,0,0,0,0,0,0,0,0
167,AgentA wins,18.00,0,0,0,0,0,0,0,0,0,0
168,AgentA wins,18.00,0,0,0,0,0,0,0,0,0,0
169,AgentA wins,18.00,0,0,0,0,0,0,0,0,0,0
170,AgentA wins,18.00,0,0,0,0,0,0,0,0,0,0
161,AgentA wins,18.00,0,0,0,0,0,0,0,0,0,0
162,AgentA wins,18.00,0,0,0,0,0,0,0,0,0,0
163,AgentA wins,18.00,0,0,0,0,0,0,0,0,0,0
164,AgentA wins,18.00,0,0,0,0,0,0,0,0,0,0
165,AgentA wins,18.00,0,0,0,0,0,0,0,0,0,0
166,AgentA wins,18.00,0,0,0,0,0,0,0,0,0,0
167,AgentA wins,18.00,0,0,0,0,0,0,0,0,0,0
168,AgentA wins,18.00,0,0,0,0,0,0,0,0,0,0
169,AgentA wins,18.00,0,0,0,0,0,0,0,0,0,0
170,AgentA wins,18.00,0,0,0,0,0,0,0,0,0,0
161,AgentA wins,18.00,0,0,0,0,0,0,0,0,0,0
162,AgentA wins,18.00,0,0,0,0,0,0,0,0,0,0
163,AgentA wins,18.00,0,0,0,0,0,0,0,0,0,0
164,AgentA wins,18.33,0,0,0,0,0,0,0,0,0,0
165,AgentA wins,18.00,0,0,0,0,0,0,0,0,0,0
166,AgentA wins,18.00,0,0,0,0,0,0,0,0,0,0
167,AgentA wins,18.00,0,0,0,0,0,0,0,0,0,0
168,AgentA wins,18.00,0,0,0,0,0,0,0,0,0,0
169,AgentA wins,18.00,0,0,0,0,0,0,0,0,0,0
170,AgentA wins,18.00,0,0,0,0,0,0,0,0,0,0
161,AgentA wins,18.00,0,0,0,0,0,0,0,0,0,0
162,AgentA wins,18.00,0,0,0,0,0,0,0,0,0,0
163,AgentA wins,18.00,0,0,0,0,0,0,0,0,0,0
164,AgentA wins,18.00,0,0,0,0,0,0,0,0,0,0
165,AgentA wins,18.00,0,0,0,0,0,0,0,0,0,0
166,AgentA wins,18.00,0,0,0,0,0,0,0,0,0,0
167,AgentA wins,18.00,0,0,0,0,0,0,0,0,0,0
168,AgentA wins,18.00,0,0,0,0,0,0,0,0,0,0
169,AgentA wins,18.00,0,0,0,0,0,0,0,0,0,0
170,AgentA wins,18.00,0,0,0,0,0,0,0,0,0,0
161,AgentA wins,18.00,0,0,0,0,0,0,0,0,0,0
162,AgentA wins,18.33,0,0,0,0,0,0,0,0,0,0
163,AgentA wins,18.00,0,0,0,0,0,0,0,0,0,0
164,AgentA wins,18.00,0,0,0,0,0,0,0,0,0,0
165,AgentA wins,18.33,0,0,0,0,0,0,0,0,0,0
166,AgentA wins,18.00,0,0,0,0,0,0,0,0,0,0
167,AgentA wins,18.00,0,0,0,0,0,0,0,0,0,0
168,AgentA wins,18.00,0,0,0,0,0,0,0,0,0,0
169,AgentA wins,18.00,0,0,0,0,0,0,0,0,0,0
170,AgentA wins,18.00,0,0,0,0,0,0,0,0,0,0
161,AgentA wins,18.00,0,0,0,0,0,0,0,0,0,0
162,AgentA wins,18.00,0,0,0,0,0,0,0,0,0,0
163,AgentA wins,18.00,0,0,0,0,0,0,0,0,0,0
164,AgentA wins,18.00,0,0,0,0,0,0,0,0,0,0
165,AgentA wins,18.00,0,0,0,0,0,0,0,0,0,0
166,AgentA wins,18.00,0,0,0,0,0,0,0,0,0,0
167,AgentA wins,18.00,0,0,0,0,0,0,0,0,0,0
168,AgentA wins,18.00,0,0,0,0,0,0,0,0,0,0
169,AgentA wins,18.00,0,0,0,0,0,0,0,0,0,0
170,AgentA wins,18.00,0,0,0,0,0,0,0,0,0,0
161,AgentA wins,18.00,0,0,0,0,0,0,0,0,0,0
162,AgentA wins,18.00,0,0,0,0,0,0,0,0,0,0
163,AgentA wins,18.00,0,0,0,0,0,0,0,0,0,0
164,AgentA wins,18.00,0,0,0,0,0,0,0,0,0,0
165,AgentA wins,18.00,0,0,0,0,0,0,0,0,0,0
166,AgentA wins,18.00,0,0,0,0,0,0,0,0,0,0
167,AgentA wins,18.00,0,0,0,0,0,0,0,0,0,0
168,AgentA wins,18.00,0,0,0,0,0,0,0,0,0,0
169,AgentA wins,18.00,0,0,0,0,0,0,0,0,0,0
170,AgentA wins,18.00,0,0,0,0,0,0,0,0,0,0
161,AgentA wins,18.00,0,0,0,0,0,0,0,0,0,0
162,AgentA wins,18.00,0,0,0,0,0,0,0,0,0,0
163,AgentA wins,18.33,0,0,0,0,0,0,0,0,0,0
164,AgentA wins,18.00,0,0,0,0,0,0,0,0,0,0
165,AgentA wins,18.00,0,0,0,0,0,0,0,0,0,0
166,AgentA wins,18.00,0,0,0,0,0,0,0,0,0,0
167,AgentA wins,18.00,0,0,0,0,0,0,0,0,0,0
168,AgentA wins,18.00,0,0,0,0,0,0,0,0,0,0
169,AgentA wins,18.33,0,0,0,0,0,0,0,0,0,0
170,AgentA wins,18.00,0,0,0,0,0,0,0,0,0,0
121,AgentA wins,18.00,0,0,0,0,0,0,0,0,0,0
122,AgentA wins,18.00,0,0,0,0,0,0,0,0,0,0
123,AgentA wins,18.00,0,0,0,0,0,0,0,0,0,0
124,AgentA wins,18.00,0,0,0,0,0,0,0,0,0,0
125,AgentA wins,18.00,0,0,0,0,0,0,0,0,0,0
126,AgentA wins,18.00,0,0,0,0,0,0,0,0,0,0
127,AgentA wins,29.67,0,0,0,0,0,0,0,0,0,0
128,AgentA wins,20.00,0,0,0,0,0,0,0,0,0,0
129,AgentA wins,18.00,0,0,0,0,0,0,0,0,0,0
130,AgentA wins,33.67,0,0,0,0,0,0,0,0,0,0
121,AgentA wins,18.00,0,0,0,0,0,0,0,0,0,0
122,AgentA wins,31.00,0,0,0,0,0,0,0,0,0,0
123,AgentA wins,18.00,0,0,0,0,0,0,0,0,0,0
124,AgentA wins,35.67,0,0,0,0,0,0,0,0,0,0
125,AgentA wins,22.00,0,0,0,0,0,0,0,0,0,0
126,AgentB wins,30.67,0,0,0,0,0,0,0,0,0,0
127,AgentA wins,18.00,0,0,0,0,0,0,0,0,0,0
128,AgentA wins,18.00,0,0,0,0,0,0,0,0,0,0
129,AgentA wins,25.33,0,0,0,0,0,0,0,0,0,0
130,AgentA wins,18.00,0,0,0,0,0,0,0,0,0,0
161,AgentA wins,18.00,0,0,0,0,0,0,0,0,0,0
162,AgentA wins,18.00,0,0,0,0,0,0,0,0,0,0
163,AgentA wins,18.00,0,0,0,0,0,0,0,0,0,0
164,AgentA wins,18.00,0,0,0,0,0,0,0,0,0,0
165,AgentA wins,18.00,0,0,0,0,0,0,0,0,0,0
166,AgentA wins,18.00,0,0,0,0,0,0,0,0,0,0
167,AgentA wins,18.00,0,0,0,0,0,0,0,0,0,0
168,AgentA wins,18.00,0,0,0,0,0,0,0,0,0,0
169,AgentA wins,18.00,0,0,0,0,0,0,0,0,0,0
170,AgentA wins,18.00,0,0,0,0,0,0,0,0,0,0
121,AgentA wins,19.33,0,0,0,0,0,0,0,0,0,0
122,AgentA wins,26.00,0,0,0,0,0,0,0,0,0,0
123,AgentA wins,18.00,0,0,0,0,0,0,0,0,0,0
124,AgentB wins,31.00,0,0,0,0,0,0,0,0,0,0
125,AgentA wins,18.00,0,0,0,0,0,0,0,0,0,0
126,AgentA wins,18.00,0,0,0,0,0,0,0,0,0,0
127,AgentA wins,18.00,0,0,0,0,0,0,0,0,0,0
128,AgentA wins,37.00,0,0,0,0,0,0,0,0,0,0
129,AgentA wins,18.00,0,0,0,0,0,0,0,0,0,0
130,AgentA wins,24.00,0,0,0,0,0,0,0,0,0,0
121,AgentA wins,35.67,322,311,1,204,0,229,0,43,52,105
122,AgentA wins,31.00,285,277,0,184,0,198,0,39,46,97
123,AgentA wins,29.33,262,260,0,173,0,181,0,35,40,78
124,AgentA wins,24.00,217,212,0,128,0,148,0,27,40,64
125,AgentA wins,18.00,160,157,0,103,0,117,0,21,31,58
126,AgentA wins,18.00,161,159,0,101,0,117,0,19,30,54
127,AgentA wins,34.67,308,311,0,203,0,226,0,41,57,102
128,AgentA wins,34.67,307,312,0,192,0,225,0,38,62,96
129,AgentA wins,18.00,159,161,0,111,0,118,0,25,24,58
130,AgentA wins,18.00,158,159,0,101,0,122,0,19,27,63
131,AgentB wins,24.67,0,0,0,0,0,0,0,0,0,0
132,AgentA wins,18.00,0,0,0,0,0,0,0,0,0,0
133,AgentA wins,28.33,0,0,0,0,0,0,0,0,0,0
134,AgentA wins,18.00,0,0,0,0,0,0,0,0,0,0
135,AgentB wins,24.33,0,0,0,0,0,0,0,0,0,0
136,AgentA wins,18.00,0,0,0,0,0,0,0,0,0,0
137,AgentA wins,18.00,0,0,0,0,0,0,0,0,0,0
138,AgentA wins,18.00,0,0,0,0,0,0,0,0,0,0
139,AgentA wins,30.00,0,0,0,0,0,0,0,0,0,0
140,AgentA wins,23.00,0,0,0,0,0,0,0,0,0,0
171,AgentA wins,18.00,0,0,0,0,0,0,0,0,0,0
172,AgentA wins,18.00,0,0,0,0,0,0,0,0,0,0
173,AgentA wins,18.00,0,0,0,0,0,0,0,0,0,0
174,AgentA wins,18.00,0,0,0,0,0,0,0,0,0,0
175,AgentA wins,18.00,0,0,0,0,0,0,0,0,0,0
176,AgentA wins,18.00,0,0,0,0,0,0,0,0,0,0
177,AgentA wins,18.00,0,0,0,0,0,0,0,0,0,0
178,AgentA wins,18.33,0,0,0,0,0,0,0,0,0,0
179,AgentA wins,18.00,0,0,0,0,0,0,0,0,0,0
180,AgentA wins,18.00,0,0,0,0,0,0,0,0,0,0
161,AgentA wins,18.00,0,0,0,0,0,0,0,0,0,0
162,AgentA wins,18.00,0,0,0,0,0,0,0,0,0,0
163,AgentA wins,18.33,0,0,0,0,0,0,0,0,0,0
164,AgentA wins,18.00,0,0,0,0,0,0,0,0,0,0
165,AgentA wins,18.00,0,0,0,0,0,0,0,0,0,0
166,AgentA wins,18.00,0,0,0,0,0,0,0,0,0,0
167,AgentA wins,18.00,0,0,0,0,0,0,0,0,0,0
168,AgentA wins,18.33,0,0,0,0,0,0,0,0,0,0
169,AgentA wins,18.33,0,0,0,0,0,0,0,0,0,0
170,AgentA wins,18.00,0,0,0,0,0,0,0,0,0,0
161,AgentA wins,18.00,0,0,0,0,0,0,0,0,0,0
162,AgentA wins,18.00,0,0,0,0,0,0,0,0,0,0
163,AgentA wins,18.00,0,0,0,0,0,0,0,0,0,0
164,AgentA wins,18.00,0,0,0,0,0,0,0,0,0,0
165,AgentA wins,18.00,0,0,0,0,0,0,0,0,0,0
166,AgentA wins,18.00,0,0,0,0,0,0,0,0,0,0
167,AgentA wins,18.00,0,0,0,0,0,0,0,0,0,0
168,AgentA wins,18.00,0,0,0,0,0,0,0,0,0,0
169,AgentA wins,18.00,0,0,0,0,0,0,0,0,0,0
170,AgentA wins,18.00,0,0,0,0,0,0,0,0,0,0
131,AgentA wins,18.00,0,0,0,0,0,0,0,0,0,0
132,AgentA wins,34.33,0,0,0,0,0,0,0,0,0,0
133,AgentA wins,18.00,0,0,0,0,0,0,0,0,0,0
134,AgentA wins,18.00,0,0,0,0,0,0,0,0,0,0
135,AgentA wins,27.33,0,0,0,0,0,0,0,0,0,0
136,AgentA wins,26.33,0,0,0,0,0,0,0,0,0,0
137,AgentA wins,20.00,0,0,0,0,0,0,0,0,0,0
138,AgentA wins,18.00,0,0,0,0,0,0,0,0,0,0
139,AgentA wins,28.67,0,0,0,0,0,0,0,0,0,0
140,AgentA wins,25.33,0,0,0,0,0,0,0,0,0,0
171,AgentA wins,18.00,0,0,0,0,0,0,0,0,0,0
172,AgentA wins,18.00,0,0,0,0,0,0,0,0,0,0
173,AgentA wins,18.00,0,0,0,0,0,0,0,0,0,0
174,AgentA wins,18.00,0,0,0,0,0,0,0,0,0,0
175,AgentA wins,18.00,0,0,0,0,0,0,0,0,0,0
176,AgentA wins,18.00,0,0,0,0,0,0,0,0,0,0
177,AgentA wins,18.00,0,0,0,0,0,0,0,0,0,0
178,AgentA wins,18.00,0,0,0,0,0,0,0,0,0,0
179,AgentA wins,18.00,0,0,0,0,0,0,0,0,0,0
180,AgentA wins,18.00,0,0,0,0,0,0,0,0,0,0
131,AgentA wins,18.00,0,0,0,0,0,0,0,0,0,0
132,AgentA wins,28.33,0,0,0,0,0,0,0,0,0,0
133,AgentA wins,32.00,0,0,0,0,0,0,0,0,0,0
134,AgentA wins,27.00,0,0,0,0,0,0,0,0,0,0
135,AgentA wins,30.67,0,0,0,0,0,0,0,0,0,0
136,AgentA wins,29.00,0,0,0,0,0,0,0,0,0,0
137,AgentA wins,18.00,0,0,0,0,0,0,0,0,0,0
138,AgentA wins,18.00,0,0,0,0,0,0,0,0,0,0
139,AgentA wins,20.00,0,0,0,0,0,0,0,0,0,0
140,AgentB wins,31.00,0,0,0,0,0,0,0,0,0,0
171,AgentA wins,18.00,0,0,0,0,0,0,0,0,0,0
172,AgentA wins,18.00,0,0,0,0,0,0,0,0,0,0
173,AgentA wins,18.00,0,0,0,0,0,0,0,0,0,0
174,AgentA wins,18.00,0,0,0,0,0,0,0,0,0,0
175,AgentA wins,18.00,0,0,0,0,0,0,0,0,0,0
176,AgentA wins,18.00,0,0,0,0,0,0,0,0,0,0
177,AgentA wins,18.00,0,0,0,0,0,0,0,0,0,0
178,AgentA wins,18.00,0,0,0,0,0,0,0,0,0,0
179,AgentA wins,18.00,0,0,0,0,0,0,0,0,0,0
180,AgentA wins,18.00,0,0,0,0,0,0,0,0,0,0
171,AgentA wins,18.00,0,0,0,0,0,0,0,0,0,0
172,AgentA wins,18.00,0,0,0,0,0,0,0,0,0,0
173,AgentA wins,18.33,0,0,0,0,0,0,0,0,0,0
174,AgentA wins,18.00,0,0,0,0,0,0,0,0,0,0
175,AgentA wins,18.00,0,0,0,0,0,0,0,0,0,0
176,AgentA wins,18.00,0,0,0,0,0,0,0,0,0,0
177,AgentA wins,18.00,0,0,0,0,0,0,0,0,0,0
178,AgentA wins,18.33,0,0,0,0,0,0,0,0,0,0
179,AgentA wins,18.00,0,0,0,0,0,0,0,0,0,0
180,AgentA wins,18.00,0,0,0,0,0,0,0,0,0,0
171,AgentA wins,18.00,0,0,0,0,0,0,0,0,0,0
172,AgentA wins,18.00,0,0,0,0,0,0,0,0,0,0
173,AgentA wins,18.00,0,0,0,0,0,0,0,0,0,0
174,AgentA wins,18.00,0,0,0,0,0,0,0,0,0,0
175,AgentA wins,18.00,0,0,0,0,0,0,0,0,0,0
176,AgentA wins,18.00,0,0,0,0,0,0,0,0,0,0
177,AgentA wins,18.00,0,0,0,0,0,0,0,0,0,0
178,AgentA wins,18.00,0,0,0,0,0,0,0,0,0,0
179,AgentA wins,18.00,0,0,0,0,0,0,0,0,0,0
180,AgentA wins,18.00,0,0,0,0,0,0,0,0,0,0
171,AgentA wins,18.00,0,0,0,0,0,0,0,0,0,0
172,AgentA wins,18.00,0,0,0,0,0,0,0,0,0,0
173,AgentA wins,18.00,0,0,0,0,0,0,0,0,0,0
174,AgentA wins,18.00,0,0,0,0,0,0,0,0,0,0
175,AgentA wins,18.00,0,0,0,0,0,0,0,0,0,0
176,AgentA wins,18.00,0,0,0,0,0,0,0,0,0,0
177,AgentA wins,18.00,0,0,0,0,0,0,0,0,0,0
178,AgentA wins,18.00,0,0,0,0,0,0,0,0,0,0
179,AgentA wins,18.00,0,0,0,0,0,0,0,0,0,0
180,AgentA wins,18.00,0,0,0,0,0,0,0,0,0,0
171,AgentA wins,18.00,0,0,0,0,0,0,0,0,0,0
172,AgentA wins,18.00,0,0,0,0,0,0,0,0,0,0
173,AgentA wins,18.00,0,0,0,0,0,0,0,0,0,0
174,AgentA wins,18.00,0,0,0,0,0,0,0,0,0,0
175,AgentA wins,18.00,0,0,0,0,0,0,0,0,0,0
176,AgentA wins,18.00,0,0,0,0,0,0,0,0,0,0
177,AgentA wins,18.00,0,0,0,0,0,0,0,0,0,0
178,AgentA wins,18.00,0,0,0,0,0,0,0,0,0,0
179,AgentA wins,18.00,0,0,0,0,0,0,0,0,0,0
180,AgentA wins,18.00,0,0,0,0,0,0,0,0,0,0
171,AgentA wins,18.00,0,0,0,0,0,0,0,0,0,0
172,AgentA wins,18.00,0,0,0,0,0,0,0,0,0,0
173,AgentA wins,18.00,0,0,0,0,0,0,0,0,0,0
174,AgentA wins,18.00,0,0,0,0,0,0,0,0,0,0
175,AgentA wins,18.00,0,0,0,0,0,0,0,0,0,0
176,AgentA wins,18.00,0,0,0,0,0,0,0,0,0,0
177,AgentA wins,18.00,0,0,0,0,0,0,0,0,0,0
178,AgentA wins,18.00,0,0,0,0,0,0,0,0,0,0
179,AgentA wins,18.00,0,0,0,0,0,0,0,0,0,0
180,AgentA wins,18.00,0,0,0,0,0,0,0,0,0,0
171,AgentA wins,18.00,0,0,0,0,0,0,0,0,0,0
172,AgentA wins,18.00,0,0,0,0,0,0,0,0,0,0
173,AgentA wins,18.00,0,0,0,0,0,0,0,0,0,0
174,AgentA wins,18.00,0,0,0,0,0,0,0,0,0,0
175,AgentA wins,18.00,0,0,0,0,0,0,0,0,0,0
176,AgentA wins,18.00,0,0,0,0,0,0,0,0,0,0
177,AgentA wins,18.00,0,0,0,0,0,0,0,0,0,0
178,AgentA wins,18.00,0,0,0,0,0,0,0,0,0,0
179,AgentA wins,18.00,0,0,0,0,0,0,0,0,0,0
180,AgentA wins,18.00,0,0,0,0,0,0,0,0,0,0
171,AgentA wins,18.00,0,0,0,0,0,0,0,0,0,0
172,AgentA wins,18.00,0,0,0,0,0,0,0,0,0,0
173,AgentA wins,18.00,0,0,0,0,0,0,0,0,0,0
174,AgentA wins,18.00,0,0,0,0,0,0,0,0,0,0
175,AgentA wins,18.00,0,0,0,0,0,0,0,0,0,0
176,AgentA wins,18.00,0,0,0,0,0,0,0,0,0,0
177,AgentA wins,18.00,0,0,0,0,0,0,0,0,0,0
178,AgentA wins,18.00,0,0,0,0,0,0,0,0,0,0
179,AgentA wins,18.00,0,0,0,0,0,0,0,0,0,0
180,AgentA wins,18.33,0,0,0,0,0,0,0,0,0,0
121,AgentA wins,46.33,0,0,0,0,0,0,0,0,0,0
122,AgentA wins,27.33,0,0,0,0,0,0,0,0,0,0
123,AgentA wins,21.00,0,0,0,0,0,0,0,0,0,0
124,AgentB wins,22.33,0,0,0,0,0,0,0,0,0,0
125,AgentA wins,29.00,0,0,0,0,0,0,0,0,0,0
126,AgentA wins,18.00,0,0,0,0,0,0,0,0,0,0
127,timeout draw,60.00,0,0,0,0,0,0,0,0,0,0
128,AgentB wins,22.00,0,0,0,0,0,0,0,0,0,0
129,AgentA wins,18.00,0,0,0,0,0,0,0,0,0,0
130,AgentA wins,34.33,0,0,0,0,0,0,0,0,0,0
121,AgentA wins,31.33,0,0,0,0,0,0,0,0,0,0
122,AgentA wins,18.00,0,0,0,0,0,0,0,0,0,0
123,AgentA wins,25.00,0,0,0,0,0,0,0,0,0,0
124,AgentB wins,56.33,0,0,0,0,0,0,0,0,0,0
125,AgentA wins,18.00,0,0,0,0,0,0,0,0,0,0
126,AgentA wins,18.00,0,0,0,0,0,0,0,0,0,0
127,AgentB wins,19.33,0,0,0,0,0,0,0,0,0,0
128,AgentA wins,18.00,0,0,0,0,0,0,0,0,0,0
129,AgentB wins,22.33,0,0,0,0,0,0,0,0,0,0
130,AgentA wins,27.00,0,0,0,0,0,0,0,0,0,0
171,AgentA wins,18.00,0,0,0,0,0,0,0,0,0,0
172,AgentA wins,18.00,0,0,0,0,0,0,0,0,0,0
173,AgentA wins,18.00,0,0,0,0,0,0,0,0,0,0
174,AgentA wins,18.00,0,0,0,0,0,0,0,0,0,0
175,AgentA wins,18.00,0,0,0,0,0,0,0,0,0,0
176,AgentA wins,18.00,0,0,0,0,0,0,0,0,0,0
177,AgentA wins,18.00,0,0,0,0,0,0,0,0,0,0
178,AgentA wins,18.00,0,0,0,0,0,0,0,0,0,0
179,AgentA wins,18.33,0,0,0,0,0,0,0,0,0,0
180,AgentA wins,18.00,0,0,0,0,0,0,0,0,0,0
131,AgentA wins,31.67,0,0,0,0,0,0,0,0,0,0
132,AgentA wins,18.00,0,0,0,0,0,0,0,0,0,0
133,AgentA wins,18.00,0,0,0,0,0,0,0,0,0,0
134,AgentB wins,18.67,0,0,0,0,0,0,0,0,0,0
135,AgentA wins,18.00,0,0,0,0,0,0,0,0,0,0
136,AgentA wins,41.00,0,0,0,0,0,0,0,0,0,0
137,AgentA wins,20.00,0,0,0,0,0,0,0,0,0,0
138,AgentA wins,18.00,0,0,0,0,0,0,0,0,0,0
139,AgentB wins,27.67,0,0,0,0,0,0,0,0,0,0
140,AgentA wins,26.00,0,0,0,0,0,0,0,0,0,0
171,AgentA wins,18.00,0,0,0,0,0,0,0,0,0,0
172,AgentA wins,18.00,0,0,0,0,0,0,0,0,0,0
173,AgentA wins,18.00,0,0,0,0,0,0,0,0,0,0
174,AgentA wins,18.00,0,0,0,0,0,0,0,0,0,0
175,AgentA wins,18.00,0,0,0,0,0,0,0,0,0,0
176,AgentA wins,18.00,0,0,0,0,0,0,0,0,0,0
177,AgentA wins,18.00,0,0,0,0,0,0,0,0,0,0
178,AgentA wins,18.00,0,0,0,0,0,0,0,0,0,0
179,AgentA wins,18.00,0,0,0,0,0,0,0,0,0,0
180,AgentA wins,18.00,0,0,0,0,0,0,0,0,0,0
171,AgentA wins,18.00,0,0,0,0,0,0,0,0,0,0
172,AgentA wins,18.00,0,0,0,0,0,0,0,0,0,0
173,AgentA wins,18.00,0,0,0,0,0,0,0,0,0,0
174,AgentA wins,18.00,0,0,0,0,0,0,0,0,0,0
175,AgentA wins,18.00,0,0,0,0,0,0,0,0,0,0
176,AgentA wins,18.00,0,0,0,0,0,0,0,0,0,0
177,AgentA wins,18.00,0,0,0,0,0,0,0,0,0,0
178,AgentA wins,18.00,0,0,0,0,0,0,0,0,0,0
179,AgentA wins,18.33,0,0,0,0,0,0,0,0,0,0
180,AgentA wins,18.00,0,0,0,0,0,0,0,0,0,0
181,AgentA wins,18.00,0,0,0,0,0,0,0,0,0,0
182,AgentA wins,18.00,0,0,0,0,0,0,0,0,0,0
183,AgentA wins,18.00,0,0,0,0,0,0,0,0,0,0
184,AgentA wins,18.00,0,0,0,0,0,0,0,0,0,0
185,AgentA wins,18.00,0,0,0,0,0,0,0,0,0,0
186,AgentA wins,18.00,0,0,0,0,0,0,0,0,0,0
187,AgentA wins,18.00,0,0,0,0,0,0,0,0,0,0
188,AgentA wins,18.00,0,0,0,0,0,0,0,0,0,0
189,AgentA wins,18.00,0,0,0,0,0,0,0,0,0,0
190,AgentA wins,18.00,0,0,0,0,0,0,0,0,0,0
131,AgentA wins,30.00,0,0,0,0,0,0,0,0,0,0
132,AgentA wins,18.00,0,0,0,0,0,0,0,0,0,0
133,AgentA wins,18.00,0,0,0,0,0,0,0,0,0,0
134,AgentA wins,46.33,0,0,0,0,0,0,0,0,0,0
135,AgentA wins,24.00,0,0,0,0,0,0,0,0,0,0
136,AgentA wins,18.00,0,0,0,0,0,0,0,0,0,0
137,AgentA wins,18.00,0,0,0,0,0,0,0,0,0,0
138,AgentA wins,18.00,0,0,0,0,0,0,0,0,0,0
139,AgentA wins,26.67,0,0,0,0,0,0,0,0,0,0
140,AgentA wins,18.00,0,0,0,0,0,0,0,0,0,0
131,AgentA wins,18.00,0,0,0,0,0,0,0,0,0,0
132,AgentA wins,27.00,0,0,0,0,0,0,0,0,0,0
133,AgentA wins,18.00,0,0,0,0,0,0,0,0,0,0
134,AgentA wins,28.00,0,0,0,0,0,0,0,0,0,0
135,AgentA wins,28.33,0,0,0,0,0,0,0,0,0,0
136,AgentA wins,18.00,0,0,0,0,0,0,0,0,0,0
137,AgentA wins,28.00,0,0,0,0,0,0,0,0,0,0
138,AgentA wins,26.00,0,0,0,0,0,0,0,0,0,0
139,AgentB wins,22.00,0,0,0,0,0,0,0,0,0,0
140,AgentA wins,18.00,0,0,0,0,0,0,0,0,0,0
141,AgentA wins,18.00,0,0,0,0,0,0,0,0,0,0
142,AgentA wins,24.00,0,0,0,0,0,0,0,0,0,0
143,AgentA wins,18.00,0,0,0,0,0,0,0,0,0,0
144,AgentA wins,18.00,0,0,0,0,0,0,0,0,0,0
145,AgentA wins,27.00,0,0,0,0,0,0,0,0,0,0
146,AgentA wins,18.00,0,0,0,0,0,0,0,0,0,0
147,AgentA wins,22.33,0,0,0,0,0,0,0,0,0,0
148,AgentA wins,23.00,0,0,0,0,0,0,0,0,0,0
149,AgentA wins,18.00,0,0,0,0,0,0,0,0,0,0
150,AgentA wins,18.00,0,0,0,0,0,0,0,0,0,0
171,AgentA wins,18.00,0,0,0,0,0,0,0,0,0,0
172,AgentA wins,18.00,0,0,0,0,0,0,0,0,0,0
173,AgentA wins,18.00,0,0,0,0,0,0,0,0,0,0
174,AgentA wins,18.00,0,0,0,0,0,0,0,0,0,0
175,AgentA wins,18.00,0,0,0,0,0,0,0,0,0,0
176,AgentA wins,18.00,0,0,0,0,0,0,0,0,0,0
177,AgentA wins,18.00,0,0,0,0,0,0,0,0,0,0
178,AgentA wins,18.00,0,0,0,0,0,0,0,0,0,0
179,AgentA wins,18.00,0,0,0,0,0,0,0,0,0,0
180,AgentA wins,18.00,0,0,0,0,0,0,0,0,0,0
171,AgentA wins,18.00,0,0,0,0,0,0,0,0,0,0
172,AgentA wins,18.00,0,0,0,0,0,0,0,0,0,0
173,AgentA wins,18.00,0,0,0,0,0,0,0,0,0,0
174,AgentA wins,18.00,0,0,0,0,0,0,0,0,0,0
175,AgentA wins,18.00,0,0,0,0,0,0,0,0,0,0
176,AgentA wins,18.00,0,0,0,0,0,0,0,0,0,0
177,AgentA wins,18.00,0,0,0,0,0,0,0,0,0,0
178,AgentA wins,18.00,0,0,0,0,0,0,0,0,0,0
179,AgentA wins,18.00,0,0,0,0,0,0,0,0,0,0
180,AgentA wins,18.00,0,0,0,0,0,0,0,0,0,0
131,AgentA wins,35.00,0,0,0,0,0,0,0,0,0,0
132,AgentA wins,18.00,0,0,0,0,0,0,0,0,0,0
133,AgentB wins,23.67,0,0,0,0,0,0,0,0,0,0
134,AgentA wins,18.00,0,0,0,0,0,0,0,0,0,0
135,AgentA wins,18.00,0,0,0,0,0,0,0,0,0,0
136,AgentA wins,34.67,0,0,0,0,0,0,0,0,0,0
137,AgentA wins,27.00,0,0,0,0,0,0,0,0,0,0
138,AgentA wins,18.00,0,0,0,0,0,0,0,0,0,0
139,AgentA wins,18.00,0,0,0,0,0,0,0,0,0,0
140,AgentA wins,18.00,0,0,0,0,0,0,0,0,0,0
181,AgentA wins,18.00,0,0,0,0,0,0,0,0,0,0
182,AgentA wins,18.00,0,0,0,0,0,0,0,0,0,0
183,AgentA wins,18.00,0,0,0,0,0,0,0,0,0,0
184,AgentA wins,18.33,0,0,0,0,0,0,0,0,0,0
185,AgentA wins,18.00,0,0,0,0,0,0,0,0,0,0
186,AgentA wins,18.00,0,0,0,0,0,0,0,0,0,0
187,AgentA wins,18.00,0,0,0,0,0,0,0,0,0,0
188,AgentA wins,18.00,0,0,0,0,0,0,0,0,0,0
189,AgentA wins,18.00,0,0,0,0,0,0,0,0,0,0
190,AgentA wins,18.00,0,0,0,0,0,0,0,0,0,0
131,AgentA wins,31.67,283,283,0,176,0,199,0,39,48,85
132,AgentA wins,18.00,161,161,0,105,0,115,0,22,30,49
133,AgentB wins,24.33,212,217,1,136,0,155,0,28,43,75
134,AgentA wins,18.00,160,160,0,100,0,112,0,21,29,56
135,AgentA wins,35.33,316,317,0,207,0,218,0,41,49,114
136,AgentA wins,18.00,162,161,0,105,0,112,0,21,25,55
137,AgentA wins,18.00,159,161,0,108,0,118,0,20,27,62
138,AgentA wins,18.00,160,159,0,101,0,113,0,18,30,55
139,AgentA wins,22.67,200,202,0,143,0,144,0,31,34,70
140,AgentA wins,31.00,277,273,0,183,0,195,0,35,45,97
141,AgentA wins,18.00,0,0,0,0,0,0,0,0,0,0
142,AgentA wins,18.00,0,0,0,0,0,0,0,0,0,0
143,AgentA wins,18.00,0,0,0,0,0,0,0,0,0,0
144,AgentA wins,18.00,0,0,0,0,0,0,0,0,0,0
145,AgentA wins,18.00,0,0,0,0,0,0,0,0,0,0
146,AgentA wins,18.00,0,0,0,0,0,0,0,0,0,0
147,AgentA wins,18.00,0,0,0,0,0,0,0,0,0,0
148,AgentA wins,30.00,0,0,0,0,0,0,0,0,0,0
149,AgentA wins,18.00,0,0,0,0,0,0,0,0,0,0
150,AgentA wins,21.33,0,0,0,0,0,0,0,0,0,0
181,AgentA wins,18.00,0,0,0,0,0,0,0,0,0,0
182,AgentA wins,18.00,0,0,0,0,0,0,0,0,0,0
183,AgentA wins,18.00,0,0,0,0,0,0,0,0,0,0
184,AgentA wins,18.00,0,0,0,0,0,0,0,0,0,0
185,AgentA wins,18.00,0,0,0,0,0,0,0,0,0,0
186,AgentA wins,18.00,0,0,0,0,0,0,0,0,0,0
187,AgentA wins,18.00,0,0,0,0,0,0,0,0,0,0
188,AgentA wins,18.00,0,0,0,0,0,0,0,0,0,0
189,AgentA wins,18.00,0,0,0,0,0,0,0,0,0,0
190,AgentA wins,18.00,0,0,0,0,0,0,0,0,0,0
181,AgentA wins,18.00,0,0,0,0,0,0,0,0,0,0
182,AgentA wins,18.00,0,0,0,0,0,0,0,0,0,0
183,AgentA wins,18.00,0,0,0,0,0,0,0,0,0,0
184,AgentA wins,18.00,0,0,0,0,0,0,0,0,0,0
185,AgentA wins,18.00,0,0,0,0,0,0,0,0,0,0
186,AgentA wins,18.33,0,0,0,0,0,0,0,0,0,0
187,AgentA wins,18.00,0,0,0,0,0,0,0,0,0,0
188,AgentA wins,18.00,0,0,0,0,0,0,0,0,0,0
189,AgentA wins,18.00,0,0,0,0,0,0,0,0,0,0
190,AgentA wins,18.00,0,0,0,0,0,0,0,0,0,0
181,AgentA wins,18.00,0,0,0,0,0,0,0,0,0,0
182,AgentA wins,18.00,0,0,0,0,0,0,0,0,0,0
183,AgentA wins,18.00,0,0,0,0,0,0,0,0,0,0
184,AgentA wins,18.00,0,0,0,0,0,0,0,0,0,0
185,AgentA wins,18.00,0,0,0,0,0,0,0,0,0,0
186,AgentA wins,18.00,0,0,0,0,0,0,0,0,0,0
187,AgentA wins,18.00,0,0,0,0,0,0,0,0,0,0
188,AgentA wins,18.00,0,0,0,0,0,0,0,0,0,0
189,AgentA wins,18.00,0,0,0,0,0,0,0,0,0,0
190,AgentA wins,18.00,0,0,0,0,0,0,0,0,0,0
181,AgentA wins,18.00,0,0,0,0,0,0,0,0,0,0
182,AgentA wins,18.00,0,0,0,0,0,0,0,0,0,0
183,AgentA wins,18.00,0,0,0,0,0,0,0,0,0,0
184,AgentA wins,18.00,0,0,0,0,0,0,0,0,0,0
185,AgentA wins,18.00,0,0,0,0,0,0,0,0,0,0
186,AgentA wins,18.00,0,0,0,0,0,0,0,0,0,0
187,AgentA wins,18.00,0,0,0,0,0,0,0,0,0,0
188,AgentA wins,18.00,0,0,0,0,0,0,0,0,0,0
189,AgentA wins,18.00,0,0,0,0,0,0,0,0,0,0
190,AgentA wins,18.00,0,0,0,0,0,0,0,0,0,0
181,AgentA wins,18.00,0,0,0,0,0,0,0,0,0,0
182,AgentA wins,18.00,0,0,0,0,0,0,0,0,0,0
183,AgentA wins,18.00,0,0,0,0,0,0,0,0,0,0
184,AgentA wins,18.00,0,0,0,0,0,0,0,0,0,0
185,AgentA wins,18.00,0,0,0,0,0,0,0,0,0,0
186,AgentA wins,18.00,0,0,0,0,0,0,0,0,0,0
187,AgentA wins,18.00,0,0,0,0,0,0,0,0,0,0
188,AgentA wins,18.00,0,0,0,0,0,0,0,0,0,0
189,AgentA wins,18.00,0,0,0,0,0,0,0,0,0,0
190,AgentA wins,18.00,0,0,0,0,0,0,0,0,0,0
181,AgentA wins,18.00,0,0,0,0,0,0,0,0,0,0
182,AgentA wins,18.00,0,0,0,0,0,0,0,0,0,0
183,AgentA wins,18.00,0,0,0,0,0,0,0,0,0,0
184,AgentA wins,18.00,0,0,0,0,0,0,0,0,0,0
185,AgentA wins,18.00,0,0,0,0,0,0,0,0,0,0
186,AgentA wins,18.00,0,0,0,0,0,0,0,0,0,0
187,AgentA wins,18.00,0,0,0,0,0,0,0,0,0,0
188,AgentA wins,18.00,0,0,0,0,0,0,0,0,0,0
189,AgentA wins,18.00,0,0,0,0,0,0,0,0,0,0
190,AgentA wins,18.00,0,0,0,0,0,0,0,0,0,0
181,AgentA wins,18.00,0,0,0,0,0,0,0,0,0,0
182,AgentA wins,18.00,0,0,0,0,0,0,0,0,0,0
183,AgentA wins,18.33,0,0,0,0,0,0,0,0,0,0
184,AgentA wins,18.00,0,0,0,0,0,0,0,0,0,0
185,AgentA wins,18.00,0,0,0,0,0,0,0,0,0,0
186,AgentA wins,18.00,0,0,0,0,0,0,0,0,0,0
187,AgentA wins,18.00,0,0,0,0,0,0,0,0,0,0
188,AgentA wins,18.00,0,0,0,0,0,0,0,0,0,0
189,AgentA wins,18.00,0,0,0,0,0,0,0,0,0,0
190,AgentA wins,18.00,0,0,0,0,0,0,0,0,0,0
141,AgentA wins,23.67,0,0,0,0,0,0,0,0,0,0
142,AgentA wins,18.00,0,0,0,0,0,0,0,0,0,0
143,AgentA wins,26.67,0,0,0,0,0,0,0,0,0,0
144,AgentA wins,28.33,0,0,0,0,0,0,0,0,0,0
145,AgentA wins,18.00,0,0,0,0,0,0,0,0,0,0
146,AgentA wins,18.00,0,0,0,0,0,0,0,0,0,0
147,AgentA wins,18.00,0,0,0,0,0,0,0,0,0,0
148,AgentA wins,50.00,0,0,0,0,0,0,0,0,0,0
149,AgentA wins,21.00,0,0,0,0,0,0,0,0,0,0
150,AgentA wins,18.00,0,0,0,0,0,0,0,0,0,0
181,AgentA wins,18.00,0,0,0,0,0,0,0,0,0,0
182,AgentA wins,18.00,0,0,0,0,0,0,0,0,0,0
183,AgentA wins,18.00,0,0,0,0,0,0,0,0,0,0
184,AgentA wins,18.00,0,0,0,0,0,0,0,0,0,0
185,AgentA wins,18.00,0,0,0,0,0,0,0,0,0,0
186,AgentA wins,18.00,0,0,0,0,0,0,0,0,0,0
187,AgentA wins,18.00,0,0,0,0,0,0,0,0,0,0
188,AgentA wins,18.00,0,0,0,0,0,0,0,0,0,0
189,AgentA wins,18.00,0,0,0,0,0,0,0,0,0,0
190,AgentA wins,18.00,0,0,0,0,0,0,0,0,0,0
181,AgentA wins,18.00,0,0,0,0,0,0,0,0,0,0
182,AgentA wins,18.00,0,0,0,0,0,0,0,0,0,0
183,AgentA wins,18.00,0,0,0,0,0,0,0,0,0,0
184,AgentA wins,18.00,0,0,0,0,0,0,0,0,0,0
185,AgentA wins,18.00,0,0,0,0,0,0,0,0,0,0
186,AgentA wins,18.00,0,0,0,0,0,0,0,0,0,0
187,AgentA wins,18.00,0,0,0,0,0,0,0,0,0,0
188,AgentA wins,18.00,0,0,0,0,0,0,0,0,0,0
189,AgentA wins,18.33,0,0,0,0,0,0,0,0,0,0
190,AgentA wins,18.00,0,0,0,0,0,0,0,0,0,0
131,AgentA wins,18.00,0,0,0,0,0,0,0,0,0,0
132,AgentA wins,18.00,0,0,0,0,0,0,0,0,0,0
133,AgentB wins,32.00,0,0,0,0,0,0,0,0,0,0
134,AgentA wins,18.00,0,0,0,0,0,0,0,0,0,0
135,AgentA wins,18.00,0,0,0,0,0,0,0,0,0,0
136,AgentA wins,32.67,0,0,0,0,0,0,0,0,0,0
137,AgentA wins,18.00,0,0,0,0,0,0,0,0,0,0
138,AgentA wins,18.00,0,0,0,0,0,0,0,0,0,0
141,AgentA wins,29.00,0,0,0,0,0,0,0,0,0,0
142,AgentA wins,18.00,0,0,0,0,0,0,0,0,0,0
143,AgentA wins,18.00,0,0,0,0,0,0,0,0,0,0
191,AgentA wins,18.00,0,0,0,0,0,0,0,0,0,0
181,AgentA wins,18.00,0,0,0,0,0,0,0,0,0,0
182,AgentA wins,18.00,0,0,0,0,0,0,0,0,0,0
183,AgentA wins,18.00,0,0,0,0,0,0,0,0,0,0
184,AgentA wins,18.00,0,0,0,0,0,0,0,0,0,0
151,AgentA wins,18.00,0,0,0,0,0,0,0,0,0,0
152,AgentA wins,18.00,0,0,0,0,0,0,0,0,0,0
153,AgentA wins,18.00,0,0,0,0,0,0,0,0,0,0
151,AgentA wins,18.00,0,0,0,0,0,0,0,0,0,0
152,AgentA wins,33.67,0,0,0,0,0,0,0,0,0,0
153,AgentA wins,18.00,0,0,0,0,0,0,0,0,0,0
154,AgentA wins,18.00,0,0,0,0,0,0,0,0,0,0
191,AgentA wins,18.00,0,0,0,0,0,0,0,0,0,0
141,AgentA wins,18.00,0,0,0,0,0,0,0,0,0,0
142,AgentA wins,18.00,0,0,0,0,0,0,0,0,0,0
143,AgentA wins,18.00,0,0,0,0,0,0,0,0,0,0
144,AgentA wins,18.00,0,0,0,0,0,0,0,0,0,0
145,AgentA wins,18.00,0,0,0,0,0,0,0,0,0,0
146,AgentA wins,18.00,0,0,0,0,0,0,0,0,0,0
147,AgentA wins,21.00,0,0,0,0,0,0,0,0,0,0
148,AgentA wins,18.00,0,0,0,0,0,0,0,0,0,0
149,AgentA wins,37.67,0,0,0,0,0,0,0,0,0,0
191,AgentA wins,18.00,0,0,0,0,0,0,0,0,0,0
141,AgentA wins,18.00,0,0,0,0,0,0,0,0,0,0
142,AgentA wins,18.00,0,0,0,0,0,0,0,0,0,0
143,AgentA wins,18.00,0,0,0,0,0,0,0,0,0,0
144,AgentA wins,18.00,0,0,0,0,0,0,0,0,0,0
145,AgentA wins,18.00,0,0,0,0,0,0,0,0,0,0
181,AgentA wins,18.00,0,0,0,0,0,0,0,0,0,0
182,AgentA wins,18.00,0,0,0,0,0,0,0,0,0,0
183,AgentA wins,18.00,0,0,0,0,0,0,0,0,0,0
184,AgentA wins,18.00,0,0,0,0,0,0,0,0,0,0
185,AgentA wins,18.00,0,0,0,0,0,0,0,0,0,0
186,AgentA wins,18.00,0,0,0,0,0,0,0,0,0,0
191,AgentA wins,18.00,0,0,0,0,0,0,0,0,0,0
192,AgentA wins,18.00,0,0,0,0,0,0,0,0,0,0
193,AgentA wins,18.00,0,0,0,0,0,0,0,0,0,0
194,AgentA wins,18.00,0,0,0,0,0,0,0,0,0,0
195,AgentA wins,18.00,0,0,0,0,0,0,0,0,0,0
191,AgentA wins,18.00,0,0,0,0,0,0,0,0,0,0
191,AgentA wins,18.00,0,0,0,0,0,0,0,0,0,0
191,AgentA wins,18.00,0,0,0,0,0,0,0,0,0,0
191,AgentA wins,18.00,0,0,0,0,0,0,0,0,0,0
192,AgentA wins,18.00,0,0,0,0,0,0,0,0,0,0
131,AgentA wins,18.00,0,0,0,0,0,0,0,0,0,0
132,AgentA wins,24.00,0,0,0,0,0,0,0,0,0,0
133,AgentA wins,18.00,0,0,0,0,0,0,0,0,0,0
134,AgentA wins,24.00,0,0,0,0,0,0,0,0,0,0
135,AgentA wins,18.00,0,0,0,0,0,0,0,0,0,0
136,AgentA wins,26.00,0,0,0,0,0,0,0,0,0,0
137,AgentA wins,23.67,0,0,0,0,0,0,0,0,0,0
138,AgentA wins,25.67,0,0,0,0,0,0,0,0,0,0
181,AgentA wins,18.00,0,0,0,0,0,0,0,0,0,0
182,AgentA wins,18.00,0,0,0,0,0,0,0,0,0,0
183,AgentA wins,18.00,0,0,0,0,0,0,0,0,0,0
184,AgentA wins,18.00,0,0,0,0,0,0,0,0,0,0
185,AgentA wins,18.00,0,0,0,0,0,0,0,0,0,0
186,AgentA wins,18.00,0,0,0,0,0,0,0,0,0,0
187,AgentA wins,18.00,0,0,0,0,0,0,0,0,0,0
188,AgentA wins,18.00,0,0,0,0,0,0,0,0,0,0
189,AgentA wins,18.00,0,0,0,0,0,0,0,0,0,0
181,AgentA wins,18.00,0,0,0,0,0,0,0,0,0,0
182,AgentA wins,18.00,0,0,0,0,0,0,0,0,0,0
183,AgentA wins,18.00,0,0,0,0,0,0,0,0,0,0
184,AgentA wins,18.00,0,0,0,0,0,0,0,0,0,0
141,AgentA wins,18.00,0,0,0,0,0,0,0,0,0,0
142,AgentA wins,18.00,0,0,0,0,0,0,0,0,0,0
143,AgentA wins,18.00,0,0,0,0,0,0,0,0,0,0
144,AgentA wins,26.00,0,0,0,0,0,0,0,0,0,0
191,AgentA wins,18.00,0,0,0,0,0,0,0,0,0,0
192,AgentA wins,18.00,0,0,0,0,0,0,0,0,0,0
193,AgentA wins,18.00,0,0,0,0,0,0,0,0,0,0
194,AgentA wins,18.00,0,0,0,0,0,0,0,0,0,0
141,AgentA wins,18.00,160,155,1,105,0,109,0,21,24,54
142,AgentA wins,18.00,160,156,0,113,0,113,0,23,26,58
143,AgentA wins,18.00,159,155,0,110,0,111,0,22,22,65
