Episode,Result,Duration,A_Attack,A_Block,A_Dodge,A_Hit,A_Blocked,B_Attack,B_Block,B_Dodge,B_Hit,B_Blocked
1,AgentA wins,14.67,0,0,0,0,0,0,0,0,0,0
2,AgentA wins,15.00,0,0,0,0,0,0,0,0,0,0
3,AgentA wins,19.67,0,0,0,0,0,0,0,0,0,0
4,AgentA wins,18.00,0,0,0,0,0,0,0,0,0,0
5,AgentA wins,18.00,0,0,0,0,0,0,0,0,0,0
6,AgentA wins,15.00,0,0,0,0,0,0,0,0,0,0
7,AgentA wins,18.00,0,0,0,0,0,0,0,0,0,0
8,AgentA wins,19.67,0,0,0,0,0,0,0,0,0,0
9,AgentA wins,15.00,0,0,0,0,0,0,0,0,0,0
10,AgentA wins,20.00,0,0,0,0,0,0,0,0,0,0
1,AgentA wins,14.67,0,0,0,0,0,0,0,0,0,0
2,AgentA wins,15.00,0,0,0,0,0,0,0,0,0,0
3,AgentA wins,20.00,0,0,0,0,0,0,0,0,0,0
4,AgentA wins,17.00,0,0,0,0,0,0,0,0,0,0
5,AgentA wins,15.00,0,0,0,0,0,0,0,0,0,0
6,AgentA wins,20.00,0,0,0,0,0,0,0,0,0,0
7,AgentA wins,15.00,0,0,0,0,0,0,0,0,0,0
8,AgentA wins,18.00,0,0,0,0,0,0,0,0,0,0
9,AgentA wins,19.67,0,0,0,0,0,0,0,0,0,0
10,AgentA wins,19.67,0,0,0,0,0,0,0,0,0,0
1,AgentA wins,19.67,0,0,0,0,0,0,0,0,0,0
2,AgentA wins,20.00,0,0,0,0,0,0,0,0,0,0
3,AgentA wins,15.00,0,0,0,0,0,0,0,0,0,0
4,AgentA wins,22.33,0,0,0,0,0,0,0,0,0,0
5,AgentA wins,15.00,0,0,0,0,0,0,0,0,0,0
6,AgentA wins,18.00,0,0,0,0,0,0,0,0,0,0
7,AgentA wins,17.00,0,0,0,0,0,0,0,0,0,0
8,AgentA wins,20.00,0,0,0,0,0,0,0,0,0,0
9,AgentA wins,15.00,0,0,0,0,0,0,0,0,0,0
10,AgentA wins,15.00,0,0,0,0,0,0,0,0,0,0
1,AgentA wins,17.67,0,0,0,0,0,0,0,0,0,0
2,AgentA wins,20.00,0,0,0,0,0,0,0,0,0,0
3,AgentA wins,19.67,0,0,0,0,0,0,0,0,0,0
4,AgentA wins,19.67,0,0,0,0,0,0,0,0,0,0
5,AgentA wins,15.00,0,0,0,0,0,0,0,0,0,0
6,AgentA wins,20.00,0,0,0,0,0,0,0,0,0,0
7,AgentA wins,15.00,0,0,0,0,0,0,0,0,0,0
8,AgentA wins,17.00,0,0,0,0,0,0,0,0,0,0
9,AgentA wins,20.00,0,0,0,0,0,0,0,0,0,0
10,AgentA wins,15.00,0,0,0,0,0,0,0,0,0,0
1,AgentA wins,16.67,0,0,0,0,0,0,0,0,0,0
2,AgentA wins,20.00,0,0,0,0,0,0,0,0,0,0
3,AgentA wins,20.00,0,0,0,0,0,0,0,0,0,0
4,AgentA wins,15.00,0,0,0,0,0,0,0,0,0,0
5,AgentA wins,15.00,0,0,0,0,0,0,0,0,0,0
6,AgentA wins,20.00,0,0,0,0,0,0,0,0,0,0
7,AgentA wins,19.67,0,0,0,0,0,0,0,0,0,0
8,AgentA wins,17.00,0,0,0,0,0,0,0,0,0,0
9,AgentA wins,18.00,0,0,0,0,0,0,0,0,0,0
10,AgentA wins,20.00,0,0,0,0,0,0,0,0,0,0
1,AgentA wins,19.67,0,0,0,0,0,0,0,0,0,0
2,AgentA wins,15.00,0,0,0,0,0,0,0,0,0,0
3,AgentA wins,18.00,0,0,0,0,0,0,0,0,0,0
4,AgentA wins,18.00,0,0,0,0,0,0,0,0,0,0
5,AgentA wins,15.00,0,0,0,0,0,0,0,0,0,0
6,AgentA wins,19.67,0,0,0,0,0,0,0,0,0,0
7,AgentA wins,20.00,0,0,0,0,0,0,0,0,0,0
8,AgentA wins,19.67,0,0,0,0,0,0,0,0,0,0
9,AgentA wins,19.67,0,0,0,0,0,0,0,0,0,0
10,AgentA wins,18.00,0,0,0,0,0,0,0,0,0,0
1,AgentA wins,19.33,0,0,0,0,0,0,0,0,0,0
2,AgentA wins,20.00,0,0,0,0,0,0,0,0,0,0
3,AgentA wins,17.00,0,0,0,0,0,0,0,0,0,0
4,AgentA wins,18.00,0,0,0,0,0,0,0,0,0,0
5,AgentA wins,18.00,0,0,0,0,0,0,0,0,0,0
6,AgentA wins,20.00,0,0,0,0,0,0,0,0,0,0
7,AgentA wins,20.00,0,0,0,0,0,0,0,0,0,0
8,AgentA wins,15.00,0,0,0,0,0,0,0,0,0,0
9,AgentA wins,20.00,0,0,0,0,0,0,0,0,0,0
10,AgentA wins,20.00,0,0,0,0,0,0,0,0,0,0
1,AgentA wins,19.67,0,0,0,0,0,0,0,0,0,0
2,AgentA wins,19.67,0,0,0,0,0,0,0,0,0,0
3,AgentA wins,20.00,0,0,0,0,0,0,0,0,0,0
4,AgentA wins,19.67,0,0,0,0,0,0,0,0,0,0
5,AgentA wins,20.00,0,0,0,0,0,0,0,0,0,0
6,AgentA wins,20.00,0,0,0,0,0,0,0,0,0,0
7,AgentA wins,15.00,0,0,0,0,0,0,0,0,0,0
8,AgentA wins,15.00,0,0,0,0,0,0,0,0,0,0
9,AgentA wins,19.67,0,0,0,0,0,0,0,0,0,0
10,AgentA wins,20.00,0,0,0,0,0,0,0,0,0,0
1,AgentA wins,14.67,0,0,0,0,0,0,0,0,0,0
2,AgentA wins,15.00,0,0,0,0,0,0,0,0,0,0
3,AgentA wins,15.67,0,0,0,0,0,0,0,0,0,0
4,AgentA wins,20.67,0,0,0,0,0,0,0,0,0,0
5,AgentA wins,15.00,0,0,0,0,0,0,0,0,0,0
6,AgentA wins,15.00,0,0,0,0,0,0,0,0,0,0
7,AgentA wins,18.00,0,0,0,0,0,0,0,0,0,0
8,AgentA wins,15.00,0,0,0,0,0,0,0,0,0,0
9,AgentB wins,40.33,0,0,0,0,0,0,0,0,0,0
10,AgentA wins,20.00,0,0,0,0,0,0,0,0,0,0
1,AgentB wins,26.67,0,0,0,0,0,0,0,0,0,0
2,AgentA wins,29.00,0,0,0,0,0,0,0,0,0,0
3,AgentA wins,15.00,0,0,0,0,0,0,0,0,0,0
4,AgentA wins,15.00,0,0,0,0,0,0,0,0,0,0
5,AgentA wins,20.33,0,0,0,0,0,0,0,0,0,0
6,AgentA wins,15.00,0,0,0,0,0,0,0,0,0,0
7,AgentA wins,20.00,0,0,0,0,0,0,0,0,0,0
8,AgentA wins,26.00,0,0,0,0,0,0,0,0,0,0
9,AgentA wins,15.00,0,0,0,0,0,0,0,0,0,0
10,AgentB wins,29.67,0,0,0,0,0,0,0,0,0,0
1,AgentA wins,14.67,0,0,0,0,0,0,0,0,0,0
2,AgentA wins,36.00,0,0,0,0,0,0,0,0,0,0
3,AgentA wins,32.67,0,0,0,0,0,0,0,0,0,0
4,AgentA wins,15.00,0,0,0,0,0,0,0,0,0,0
5,AgentA wins,26.33,0,0,0,0,0,0,0,0,0,0
6,AgentA wins,15.00,0,0,0,0,0,0,0,0,0,0
7,AgentA wins,27.00,0,0,0,0,0,0,0,0,0,0
8,AgentA wins,15.00,0,0,0,0,0,0,0,0,0,0
9,AgentA wins,15.00,0,0,0,0,0,0,0,0,0,0
10,AgentB wins,21.67,0,0,0,0,0,0,0,0,0,0
1,AgentA wins,34.67,303,320,0,161,0,222,0,25,36,90
2,AgentA wins,35.33,311,317,0,164,0,228,0,38,45,70
3,AgentA wins,29.33,265,262,0,146,0,174,0,35,30,64
4,AgentA wins,15.00,134,129,0,69,0,98,0,15,17,35
5,AgentA wins,24.67,221,217,0,116,0,154,0,28,30,50
6,AgentA wins,18.00,160,159,0,79,0,110,0,19,21,43
7,AgentA wins,15.00,133,135,0,71,0,94,0,13,18,25
8,AgentA wins,27.00,240,239,0,138,0,177,0,29,27,63
9,AgentA wins,15.00,136,134,0,65,0,96,0,14,25,25
10,AgentA wins,18.00,161,160,0,81,0,114,0,20,26,36
1,AgentA wins,14.67,0,0,0,0,0,0,0,0,0,0
2,AgentA wins,15.00,0,0,0,0,0,0,0,0,0,0
3,AgentA wins,27.33,0,0,0,0,0,0,0,0,0,0
4,AgentA wins,26.00,0,0,0,0,0,0,0,0,0,0
5,AgentA wins,36.00,0,0,0,0,0,0,0,0,0,0
6,AgentA wins,15.00,0,0,0,0,0,0,0,0,0,0
7,AgentB wins,53.33,0,0,0,0,0,0,0,0,0,0
8,AgentA wins,20.67,0,0,0,0,0,0,0,0,0,0
9,AgentA wins,27.00,0,0,0,0,0,0,0,0,0,0
10,AgentA wins,15.00,0,0,0,0,0,0,0,0,0,0
1,AgentA wins,31.67,0,0,0,0,0,0,0,0,0,0
2,AgentA wins,30.00,0,0,0,0,0,0,0,0,0,0
3,AgentA wins,21.00,0,0,0,0,0,0,0,0,0,0
4,AgentA wins,53.00,0,0,0,0,0,0,0,0,0,0
5,AgentA wins,18.00,0,0,0,0,0,0,0,0,0,0
6,AgentA wins,24.33,0,0,0,0,0,0,0,0,0,0
7,AgentA wins,15.00,0,0,0,0,0,0,0,0,0,0
8,AgentA wins,15.00,0,0,0,0,0,0,0,0,0,0
9,AgentA wins,15.00,0,0,0,0,0,0,0,0,0,0
10,AgentA wins,28.00,0,0,0,0,0,0,0,0,0,0
1,AgentB wins,22.00,0,0,0,0,0,0,0,0,0,0
2,AgentA wins,36.00,0,0,0,0,0,0,0,0,0,0
3,AgentA wins,15.00,0,0,0,0,0,0,0,0,0,0
4,AgentA wins,15.00,0,0,0,0,0,0,0,0,0,0
5,AgentA wins,20.67,0,0,0,0,0,0,0,0,0,0
6,AgentA wins,15.00,0,0,0,0,0,0,0,0,0,0
7,AgentA wins,40.00,0,0,0,0,0,0,0,0,0,0
8,AgentB wins,45.67,0,0,0,0,0,0,0,0,0,0
9,AgentA wins,15.00,0,0,0,0,0,0,0,0,0,0
10,AgentA wins,40.00,0,0,0,0,0,0,0,0,0,0
1,AgentA wins,14.67,0,0,0,0,0,0,0,0,0,0
2,AgentA wins,44.33,0,0,0,0,0,0,0,0,0,0
3,AgentA wins,30.67,0,0,0,0,0,0,0,0,0,0
4,AgentB wins,53.33,0,0,0,0,0,0,0,0,0,0
5,AgentA wins,23.67,0,0,0,0,0,0,0,0,0,0
6,AgentA wins,15.00,0,0,0,0,0,0,0,0,0,0
7,AgentA wins,19.67,0,0,0,0,0,0,0,0,0,0
8,AgentA wins,32.00,0,0,0,0,0,0,0,0,0,0
9,AgentA wins,24.00,0,0,0,0,0,0,0,0,0,0
10,AgentA wins,15.00,0,0,0,0,0,0,0,0,0,0
1,AgentA wins,52.00,0,0,0,0,0,0,0,0,0,0
2,AgentA wins,20.00,0,0,0,0,0,0,0,0,0,0
3,AgentA wins,41.00,0,0,0,0,0,0,0,0,0,0
4,AgentA wins,32.00,0,0,0,0,0,0,0,0,0,0
5,AgentA wins,15.00,0,0,0,0,0,0,0,0,0,0
6,AgentA wins,21.67,0,0,0,0,0,0,0,0,0,0
7,AgentA wins,20.00,0,0,0,0,0,0,0,0,0,0
8,AgentA wins,23.00,0,0,0,0,0,0,0,0,0,0
9,AgentA wins,29.67,0,0,0,0,0,0,0,0,0,0
10,AgentA wins,24.00,0,0,0,0,0,0,0,0,0,0
1,AgentA wins,14.67,0,0,0,0,0,0,0,0,0,0
2,AgentA wins,20.00,0,0,0,0,0,0,0,0,0,0
3,AgentA wins,36.00,0,0,0,0,0,0,0,0,0,0
4,AgentB wins,36.00,0,0,0,0,0,0,0,0,0,0
5,AgentA wins,56.33,0,0,0,0,0,0,0,0,0,0
6,AgentB wins,50.00,0,0,0,0,0,0,0,0,0,0
7,AgentA wins,15.00,0,0,0,0,0,0,0,0,0,0
8,AgentA wins,15.00,0,0,0,0,0,0,0,0,0,0
9,AgentA wins,21.00,0,0,0,0,0,0,0,0,0,0
10,AgentA wins,30.67,0,0,0,0,0,0,0,0,0,0
1,AgentA wins,17.67,0,0,0,0,0,0,0,0,0,0
2,AgentA wins,49.00,0,0,0,0,0,0,0,0,0,0
3,AgentA wins,20.67,0,0,0,0,0,0,0,0,0,0
4,AgentA wins,26.33,0,0,0,0,0,0,0,0,0,0
5,AgentA wins,18.00,0,0,0,0,0,0,0,0,0,0
6,AgentA wins,15.00,0,0,0,0,0,0,0,0,0,0
7,AgentA wins,33.00,0,0,0,0,0,0,0,0,0,0
8,AgentA wins,38.67,0,0,0,0,0,0,0,0,0,0
9,AgentA wins,31.33,0,0,0,0,0,0,0,0,0,0
10,AgentB wins,49.00,0,0,0,0,0,0,0,0,0,0
1,AgentA wins,19.67,0,0,0,0,0,0,0,0,0,0
2,AgentA wins,18.00,0,0,0,0,0,0,0,0,0,0
3,AgentA wins,54.67,0,0,0,0,0,0,0,0,0,0
4,AgentB wins,46.67,0,0,0,0,0,0,0,0,0,0
5,AgentB wins,48.67,0,0,0,0,0,0,0,0,0,0
6,AgentA wins,15.00,0,0,0,0,0,0,0,0,0,0
7,AgentA wins,46.00,0,0,0,0,0,0,0,0,0,0
8,AgentA wins,24.00,0,0,0,0,0,0,0,0,0,0
9,AgentA wins,15.00,0,0,0,0,0,0,0,0,0,0
10,AgentB wins,23.67,0,0,0,0,0,0,0,0,0,0
1,AgentA wins,14.67,0,0,0,0,0,0,0,0,0,0
2,AgentB wins,34.33,0,0,0,0,0,0,0,0,0,0
3,AgentA wins,31.00,0,0,0,0,0,0,0,0,0,0
4,AgentA wins,17.00,0,0,0,0,0,0,0,0,0,0
5,AgentA wins,15.00,0,0,0,0,0,0,0,0,0,0
6,AgentA wins,55.67,0,0,0,0,0,0,0,0,0,0
7,AgentA wins,15.00,0,0,0,0,0,0,0,0,0,0
8,timeout draw,60.00,0,0,0,0,0,0,0,0,0,0
9,AgentB wins,40.67,0,0,0,0,0,0,0,0,0,0
10,AgentA wins,35.00,0,0,0,0,0,0,0,0,0,0
1,AgentA wins,14.67,0,0,0,0,0,0,0,0,0,0
2,AgentB wins,49.67,0,0,0,0,0,0,0,0,0,0
3,AgentB wins,40.67,0,0,0,0,0,0,0,0,0,0
4,AgentA wins,15.00,0,0,0,0,0,0,0,0,0,0
5,AgentA wins,31.33,0,0,0,0,0,0,0,0,0,0
6,AgentA wins,21.00,0,0,0,0,0,0,0,0,0,0
7,timeout draw,60.00,0,0,0,0,0,0,0,0,0,0
8,AgentB wins,48.67,0,0,0,0,0,0,0,0,0,0
9,AgentA wins,20.00,0,0,0,0,0,0,0,0,0,0
10,AgentA wins,18.00,0,0,0,0,0,0,0,0,0,0
1,AgentA wins,41.00,0,0,0,0,0,0,0,0,0,0
2,timeout draw,60.00,0,0,0,0,0,0,0,0,0,0
3,AgentA wins,27.00,0,0,0,0,0,0,0,0,0,0
4,AgentA wins,29.67,0,0,0,0,0,0,0,0,0,0
5,AgentA wins,21.00,0,0,0,0,0,0,0,0,0,0
6,AgentA wins,30.00,0,0,0,0,0,0,0,0,0,0
7,AgentA wins,34.67,0,0,0,0,0,0,0,0,0,0
8,AgentA wins,46.00,0,0,0,0,0,0,0,0,0,0
9,AgentA wins,20.33,0,0,0,0,0,0,0,0,0,0
10,AgentA wins,27.00,0,0,0,0,0,0,0,0,0,0
1,AgentA wins,50.33,0,0,0,0,0,0,0,0,0,0
2,AgentA wins,20.00,0,0,0,0,0,0,0,0,0,0
3,timeout draw,60.00,0,0,0,0,0,0,0,0,0,0
4,AgentA wins,15.00,0,0,0,0,0,0,0,0,0,0
5,AgentA wins,46.67,0,0,0,0,0,0,0,0,0,0
6,AgentA wins,18.00,0,0,0,0,0,0,0,0,0,0
7,AgentB wins,34.33,0,0,0,0,0,0,0,0,0,0
8,AgentA wins,25.67,0,0,0,0,0,0,0,0,0,0
9,AgentB wins,33.00,0,0,0,0,0,0,0,0,0,0
10,AgentA wins,52.00,0,0,0,0,0,0,0,0,0,0
11,AgentA wins,15.00,0,0,0,0,0,0,0,0,0,0
12,AgentA wins,15.00,0,0,0,0,0,0,0,0,0,0
13,AgentA wins,20.00,0,0,0,0,0,0,0,0,0,0
14,AgentA wins,17.00,0,0,0,0,0,0,0,0,0,0
15,AgentA wins,19.67,0,0,0,0,0,0,0,0,0,0
16,AgentA wins,15.00,0,0,0,0,0,0,0,0,0,0
17,AgentA wins,20.00,0,0,0,0,0,0,0,0,0,0
18,AgentA wins,20.00,0,0,0,0,0,0,0,0,0,0
19,AgentA wins,20.00,0,0,0,0,0,0,0,0,0,0
20,AgentA wins,20.00,0,0,0,0,0,0,0,0,0,0
11,AgentA wins,19.67,0,0,0,0,0,0,0,0,0,0
12,AgentA wins,19.67,0,0,0,0,0,0,0,0,0,0
13,AgentA wins,18.00,0,0,0,0,0,0,0,0,0,0
14,AgentA wins,19.67,0,0,0,0,0,0,0,0,0,0
15,AgentA wins,19.67,0,0,0,0,0,0,0,0,0,0
16,AgentA wins,15.00,0,0,0,0,0,0,0,0,0,0
17,AgentA wins,15.00,0,0,0,0,0,0,0,0,0,0
18,AgentA wins,15.00,0,0,0,0,0,0,0,0,0,0
19,AgentA wins,15.00,0,0,0,0,0,0,0,0,0,0
20,AgentA wins,20.00,0,0,0,0,0,0,0,0,0,0
11,AgentA wins,15.00,0,0,0,0,0,0,0,0,0,0
12,AgentA wins,20.00,0,0,0,0,0,0,0,0,0,0
13,AgentA wins,19.67,0,0,0,0,0,0,0,0,0,0
14,AgentA wins,17.00,0,0,0,0,0,0,0,0,0,0
15,AgentA wins,20.00,0,0,0,0,0,0,0,0,0,0
16,AgentA wins,15.00,0,0,0,0,0,0,0,0,0,0
17,AgentA wins,15.00,0,0,0,0,0,0,0,0,0,0
18,AgentA wins,20.00,0,0,0,0,0,0,0,0,0,0
19,AgentA wins,20.00,0,0,0,0,0,0,0,0,0,0
20,AgentA wins,18.00,0,0,0,0,0,0,0,0,0,0
11,AgentA wins,20.00,0,0,0,0,0,0,0,0,0,0
12,AgentA wins,20.00,0,0,0,0,0,0,0,0,0,0
13,AgentA wins,20.00,0,0,0,0,0,0,0,0,0,0
14,AgentA wins,18.00,0,0,0,0,0,0,0,0,0,0
15,AgentA wins,20.00,0,0,0,0,0,0,0,0,0,0
16,AgentA wins,17.00,0,0,0,0,0,0,0,0,0,0
17,AgentA wins,15.00,0,0,0,0,0,0,0,0,0,0
18,AgentA wins,20.00,0,0,0,0,0,0,0,0,0,0
19,AgentA wins,18.00,0,0,0,0,0,0,0,0,0,0
20,AgentA wins,18.00,0,0,0,0,0,0,0,0,0,0
11,AgentA wins,20.00,0,0,0,0,0,0,0,0,0,0
12,AgentA wins,22.33,0,0,0,0,0,0,0,0,0,0
13,AgentA wins,15.00,0,0,0,0,0,0,0,0,0,0
14,AgentA wins,20.00,0,0,0,0,0,0,0,0,0,0
15,AgentA wins,20.00,0,0,0,0,0,0,0,0,0,0
16,AgentA wins,20.00,0,0,0,0,0,0,0,0,0,0
17,AgentA wins,18.00,0,0,0,0,0,0,0,0,0,0
18,AgentA wins,15.00,0,0,0,0,0,0,0,0,0,0
19,AgentA wins,20.00,0,0,0,0,0,0,0,0,0,0
20,AgentA wins,20.00,0,0,0,0,0,0,0,0,0,0
11,AgentA wins,20.00,0,0,0,0,0,0,0,0,0,0
12,AgentA wins,18.00,0,0,0,0,0,0,0,0,0,0
13,AgentA wins,17.00,0,0,0,0,0,0,0,0,0,0
14,AgentA wins,15.00,0,0,0,0,0,0,0,0,0,0
15,AgentA wins,20.00,0,0,0,0,0,0,0,0,0,0
16,AgentA wins,17.00,0,0,0,0,0,0,0,0,0,0
17,AgentA wins,20.00,0,0,0,0,0,0,0,0,0,0
18,AgentA wins,20.00,0,0,0,0,0,0,0,0,0,0
19,AgentA wins,15.00,0,0,0,0,0,0,0,0,0,0
20,AgentA wins,18.00,0,0,0,0,0,0,0,0,0,0
1,AgentA wins,52.00,0,0,0,0,0,0,0,0,0,0
2,AgentA wins,15.00,0,0,0,0,0,0,0,0,0,0
3,AgentB wins,52.33,0,0,0,0,0,0,0,0,0,0
4,AgentB wins,35.00,0,0,0,0,0,0,0,0,0,0
5,AgentA wins,31.67,0,0,0,0,0,0,0,0,0,0
6,AgentA wins,23.00,0,0,0,0,0,0,0,0,0,0
7,AgentA wins,57.00,0,0,0,0,0,0,0,0,0,0
8,AgentB wins,39.00,0,0,0,0,0,0,0,0,0,0
9,AgentA wins,27.00,0,0,0,0,0,0,0,0,0,0
10,AgentB wins,53.67,0,0,0,0,0,0,0,0,0,0
11,AgentA wins,20.00,0,0,0,0,0,0,0,0,0,0
12,AgentA wins,15.00,0,0,0,0,0,0,0,0,0,0
13,AgentA wins,18.00,0,0,0,0,0,0,0,0,0,0
14,AgentA wins,19.67,0,0,0,0,0,0,0,0,0,0
15,AgentA wins,20.00,0,0,0,0,0,0,0,0,0,0
16,AgentA wins,18.00,0,0,0,0,0,0,0,0,0,0
17,AgentA wins,20.00,0,0,0,0,0,0,0,0,0,0
18,AgentA wins,20.00,0,0,0,0,0,0,0,0,0,0
19,AgentA wins,20.00,0,0,0,0,0,0,0,0,0,0
20,AgentA wins,18.00,0,0,0,0,0,0,0,0,0,0
11,AgentA wins,20.00,0,0,0,0,0,0,0,0,0,0
12,AgentA wins,19.67,0,0,0,0,0,0,0,0,0,0
13,AgentA wins,19.67,0,0,0,0,0,0,0,0,0,0
14,AgentA wins,18.00,0,0,0,0,0,0,0,0,0,0
15,AgentA wins,15.00,0,0,0,0,0,0,0,0,0,0
16,AgentA wins,20.00,0,0,0,0,0,0,0,0,0,0
17,AgentA wins,18.00,0,0,0,0,0,0,0,0,0,0
18,AgentA wins,20.00,0,0,0,0,0,0,0,0,0,0
19,AgentA wins,20.00,0,0,0,0,0,0,0,0,0,0
20,AgentA wins,15.00,0,0,0,0,0,0,0,0,0,0
11,AgentB wins,38.67,0,0,0,0,0,0,0,0,0,0
12,AgentA wins,15.00,0,0,0,0,0,0,0,0,0,0
13,AgentA wins,26.67,0,0,0,0,0,0,0,0,0,0
14,AgentA wins,18.00,0,0,0,0,0,0,0,0,0,0
15,AgentA wins,17.00,0,0,0,0,0,0,0,0,0,0
16,AgentA wins,21.00,0,0,0,0,0,0,0,0,0,0
17,AgentA wins,18.00,0,0,0,0,0,0,0,0,0,0
18,AgentB wins,51.33,0,0,0,0,0,0,0,0,0,0
19,AgentA wins,20.00,0,0,0,0,0,0,0,0,0,0
20,AgentA wins,30.67,0,0,0,0,0,0,0,0,0,0
11,AgentA wins,15.00,135,134,0,74,0,104,0,16,19,32
12,AgentA wins,18.00,163,158,0,80,0,122,0,17,23,43
13,AgentA wins,40.67,362,361,0,185,0,274,0,33,60,82
14,AgentA wins,18.00,157,163,0,94,0,113,0,17,17,39
15,AgentA wins,30.00,267,270,0,137,0,193,0,27,32,71
16,AgentA wins,33.00,295,292,0,148,0,202,0,30,34,94
17,AgentA wins,27.00,241,241,0,131,0,180,0,23,37,66
18,AgentA wins,26.33,236,234,0,123,0,172,0,28,32,59
19,AgentA wins,15.00,131,133,0,72,0,99,0,17,16,39
20,AgentA wins,24.00,215,219,0,107,0,160,0,20,31,46
11,AgentA wins,15.00,0,0,0,0,0,0,0,0,0,0
12,AgentA wins,18.00,0,0,0,0,0,0,0,0,0,0
13,AgentA wins,26.00,0,0,0,0,0,0,0,0,0,0
14,AgentA wins,37.00,0,0,0,0,0,0,0,0,0,0
15,AgentA wins,21.00,0,0,0,0,0,0,0,0,0,0
16,AgentB wins,27.67,0,0,0,0,0,0,0,0,0,0
17,AgentA wins,26.67,0,0,0,0,0,0,0,0,0,0
18,AgentA wins,15.00,0,0,0,0,0,0,0,0,0,0
19,timeout draw,60.00,0,0,0,0,0,0,0,0,0,0
20,AgentA wins,15.00,0,0,0,0,0,0,0,0,0,0
11,AgentB wins,24.67,0,0,0,0,0,0,0,0,0,0
12,AgentB wins,27.67,0,0,0,0,0,0,0,0,0,0
13,AgentA wins,18.00,0,0,0,0,0,0,0,0,0,0
14,AgentA wins,32.33,0,0,0,0,0,0,0,0,0,0
15,AgentA wins,15.00,0,0,0,0,0,0,0,0,0,0
16,AgentB wins,21.67,0,0,0,0,0,0,0,0,0,0
17,AgentB wins,33.33,0,0,0,0,0,0,0,0,0,0
18,AgentA wins,20.00,0,0,0,0,0,0,0,0,0,0
19,AgentA wins,24.00,0,0,0,0,0,0,0,0,0,0
20,AgentA wins,15.00,0,0,0,0,0,0,0,0,0,0
11,AgentA wins,30.00,0,0,0,0,0,0,0,0,0,0
12,AgentA wins,34.67,0,0,0,0,0,0,0,0,0,0
13,AgentA wins,15.00,0,0,0,0,0,0,0,0,0,0
14,AgentA wins,18.00,0,0,0,0,0,0,0,0,0,0
15,AgentA wins,15.00,0,0,0,0,0,0,0,0,0,0
16,AgentA wins,18.00,0,0,0,0,0,0,0,0,0,0
17,AgentA wins,30.00,0,0,0,0,0,0,0,0,0,0
18,AgentB wins,36.00,0,0,0,0,0,0,0,0,0,0
19,AgentB wins,42.33,0,0,0,0,0,0,0,0,0,0
20,AgentA wins,27.00,0,0,0,0,0,0,0,0,0,0
11,AgentB wins,32.67,0,0,0,0,0,0,0,0,0,0
12,AgentA wins,18.00,0,0,0,0,0,0,0,0,0,0
13,AgentA wins,20.00,0,0,0,0,0,0,0,0,0,0
14,AgentA wins,20.00,0,0,0,0,0,0,0,0,0,0
15,AgentA wins,20.00,0,0,0,0,0,0,0,0,0,0
16,AgentA wins,21.00,0,0,0,0,0,0,0,0,0,0
17,AgentB wins,25.33,0,0,0,0,0,0,0,0,0,0
18,AgentA wins,30.00,0,0,0,0,0,0,0,0,0,0
19,AgentA wins,15.00,0,0,0,0,0,0,0,0,0,0
20,AgentA wins,15.00,0,0,0,0,0,0,0,0,0,0
11,AgentA wins,15.00,0,0,0,0,0,0,0,0,0,0
12,AgentA wins,20.00,0,0,0,0,0,0,0,0,0,0
13,AgentB wins,46.00,0,0,0,0,0,0,0,0,0,0
14,AgentA wins,24.00,0,0,0,0,0,0,0,0,0,0
15,AgentA wins,15.00,0,0,0,0,0,0,0,0,0,0
16,AgentA wins,15.00,0,0,0,0,0,0,0,0,0,0
17,AgentA wins,34.67,0,0,0,0,0,0,0,0,0,0
18,AgentA wins,18.67,0,0,0,0,0,0,0,0,0,0
19,AgentA wins,28.67,0,0,0,0,0,0,0,0,0,0
20,AgentA wins,47.00,0,0,0,0,0,0,0,0,0,0
11,AgentA wins,20.00,0,0,0,0,0,0,0,0,0,0
12,AgentA wins,15.00,0,0,0,0,0,0,0,0,0,0
13,AgentA wins,27.00,0,0,0,0,0,0,0,0,0,0
14,AgentA wins,47.00,0,0,0,0,0,0,0,0,0,0
15,AgentA wins,18.00,0,0,0,0,0,0,0,0,0,0
16,AgentA wins,18.00,0,0,0,0,0,0,0,0,0,0
17,AgentA wins,15.00,0,0,0,0,0,0,0,0,0,0
18,AgentA wins,30.00,0,0,0,0,0,0,0,0,0,0
19,AgentA wins,25.67,0,0,0,0,0,0,0,0,0,0
20,AgentB wins,46.00,0,0,0,0,0,0,0,0,0,0
21,AgentA wins,18.00,0,0,0,0,0,0,0,0,0,0
22,AgentA wins,15.00,0,0,0,0,0,0,0,0,0,0
23,AgentA wins,18.00,0,0,0,0,0,0,0,0,0,0
24,AgentA wins,15.00,0,0,0,0,0,0,0,0,0,0
25,AgentA wins,20.00,0,0,0,0,0,0,0,0,0,0
26,AgentA wins,17.00,0,0,0,0,0,0,0,0,0,0
27,AgentA wins,20.00,0,0,0,0,0,0,0,0,0,0
28,AgentA wins,19.67,0,0,0,0,0,0,0,0,0,0
29,AgentA wins,20.00,0,0,0,0,0,0,0,0,0,0
30,AgentA wins,20.00,0,0,0,0,0,0,0,0,0,0
11,AgentA wins,20.00,0,0,0,0,0,0,0,0,0,0
12,AgentA wins,25.33,0,0,0,0,0,0,0,0,0,0
13,AgentA wins,15.00,0,0,0,0,0,0,0,0,0,0
14,timeout draw,60.00,0,0,0,0,0,0,0,0,0,0
15,AgentA wins,27.00,0,0,0,0,0,0,0,0,0,0
16,AgentB wins,47.00,0,0,0,0,0,0,0,0,0,0
17,timeout draw,60.00,0,0,0,0,0,0,0,0,0,0
18,AgentA wins,25.00,0,0,0,0,0,0,0,0,0,0
19,AgentA wins,24.00,0,0,0,0,0,0,0,0,0,0
20,AgentB wins,39.33,0,0,0,0,0,0,0,0,0,0
21,AgentA wins,18.00,0,0,0,0,0,0,0,0,0,0
22,AgentA wins,20.00,0,0,0,0,0,0,0,0,0,0
23,AgentA wins,15.00,0,0,0,0,0,0,0,0,0,0
24,AgentA wins,15.00,0,0,0,0,0,0,0,0,0,0
25,AgentA wins,15.00,0,0,0,0,0,0,0,0,0,0
26,AgentA wins,20.00,0,0,0,0,0,0,0,0,0,0
27,AgentA wins,20.00,0,0,0,0,0,0,0,0,0,0
28,AgentA wins,20.00,0,0,0,0,0,0,0,0,0,0
29,AgentA wins,15.00,0,0,0,0,0,0,0,0,0,0
30,AgentA wins,20.00,0,0,0,0,0,0,0,0,0,0
11,AgentA wins,21.00,0,0,0,0,0,0,0,0,0,0
12,AgentA wins,18.67,0,0,0,0,0,0,0,0,0,0
13,AgentA wins,32.00,0,0,0,0,0,0,0,0,0,0
14,AgentB wins,35.67,0,0,0,0,0,0,0,0,0,0
15,AgentA wins,15.00,0,0,0,0,0,0,0,0,0,0
16,AgentA wins,23.00,0,0,0,0,0,0,0,0,0,0
17,AgentA wins,15.00,0,0,0,0,0,0,0,0,0,0
18,AgentA wins,18.00,0,0,0,0,0,0,0,0,0,0
19,AgentA wins,34.00,0,0,0,0,0,0,0,0,0,0
20,AgentA wins,46.33,0,0,0,0,0,0,0,0,0,0
21,AgentA wins,20.00,0,0,0,0,0,0,0,0,0,0
22,AgentA wins,20.00,0,0,0,0,0,0,0,0,0,0
23,AgentA wins,20.00,0,0,0,0,0,0,0,0,0,0
24,AgentA wins,20.00,0,0,0,0,0,0,0,0,0,0
25,AgentA wins,17.00,0,0,0,0,0,0,0,0,0,0
26,AgentA wins,20.00,0,0,0,0,0,0,0,0,0,0
27,AgentA wins,17.00,0,0,0,0,0,0,0,0,0,0
28,AgentA wins,15.00,0,0,0,0,0,0,0,0,0,0
29,AgentA wins,17.00,0,0,0,0,0,0,0,0,0,0
30,AgentA wins,20.00,0,0,0,0,0,0,0,0,0,0
21,AgentA wins,15.00,0,0,0,0,0,0,0,0,0,0
22,AgentA wins,20.00,0,0,0,0,0,0,0,0,0,0
23,AgentA wins,20.00,0,0,0,0,0,0,0,0,0,0
24,AgentA wins,20.00,0,0,0,0,0,0,0,0,0,0
25,AgentA wins,15.00,0,0,0,0,0,0,0,0,0,0
26,AgentA wins,20.00,0,0,0,0,0,0,0,0,0,0
27,AgentA wins,18.00,0,0,0,0,0,0,0,0,0,0
28,AgentA wins,20.00,0,0,0,0,0,0,0,0,0,0
29,AgentA wins,18.00,0,0,0,0,0,0,0,0,0,0
30,AgentA wins,18.00,0,0,0,0,0,0,0,0,0,0
21,AgentA wins,20.00,0,0,0,0,0,0,0,0,0,0
22,AgentA wins,20.00,0,0,0,0,0,0,0,0,0,0
23,AgentA wins,20.00,0,0,0,0,0,0,0,0,0,0
24,AgentA wins,15.00,0,0,0,0,0,0,0,0,0,0
25,AgentA wins,20.00,0,0,0,0,0,0,0,0,0,0
26,AgentA wins,15.00,0,0,0,0,0,0,0,0,0,0
27,AgentA wins,15.00,0,0,0,0,0,0,0,0,0,0
28,AgentA wins,20.00,0,0,0,0,0,0,0,0,0,0
29,AgentA wins,19.67,0,0,0,0,0,0,0,0,0,0
30,AgentA wins,15.00,0,0,0,0,0,0,0,0,0,0
21,AgentA wins,18.00,0,0,0,0,0,0,0,0,0,0
22,AgentA wins,20.00,0,0,0,0,0,0,0,0,0,0
23,AgentA wins,20.00,0,0,0,0,0,0,0,0,0,0
24,AgentA wins,18.00,0,0,0,0,0,0,0,0,0,0
25,AgentA wins,18.00,0,0,0,0,0,0,0,0,0,0
26,AgentA wins,15.00,0,0,0,0,0,0,0,0,0,0
27,AgentA wins,18.00,0,0,0,0,0,0,0,0,0,0
28,AgentA wins,20.00,0,0,0,0,0,0,0,0,0,0
29,AgentA wins,20.00,0,0,0,0,0,0,0,0,0,0
30,AgentA wins,19.67,0,0,0,0,0,0,0,0,0,0
21,AgentA wins,18.00,0,0,0,0,0,0,0,0,0,0
22,AgentA wins,18.00,0,0,0,0,0,0,0,0,0,0
23,AgentA wins,15.00,0,0,0,0,0,0,0,0,0,0
24,AgentA wins,20.00,0,0,0,0,0,0,0,0,0,0
25,AgentA wins,20.00,0,0,0,0,0,0,0,0,0,0
26,AgentA wins,20.00,0,0,0,0,0,0,0,0,0,0
27,AgentA wins,20.00,0,0,0,0,0,0,0,0,0,0
28,AgentA wins,20.00,0,0,0,0,0,0,0,0,0,0
29,AgentA wins,20.00,0,0,0,0,0,0,0,0,0,0
30,AgentA wins,20.00,0,0,0,0,0,0,0,0,0,0
21,AgentA wins,19.67,0,0,0,0,0,0,0,0,0,0
22,AgentA wins,18.00,0,0,0,0,0,0,0,0,0,0
23,AgentA wins,18.00,0,0,0,0,0,0,0,0,0,0
24,AgentA wins,20.00,0,0,0,0,0,0,0,0,0,0
25,AgentA wins,15.00,0,0,0,0,0,0,0,0,0,0
26,AgentA wins,15.00,0,0,0,0,0,0,0,0,0,0
27,AgentA wins,15.00,0,0,0,0,0,0,0,0,0,0
28,AgentA wins,25.67,0,0,0,0,0,0,0,0,0,0
29,AgentA wins,25.67,0,0,0,0,0,0,0,0,0,0
30,AgentA wins,15.00,0,0,0,0,0,0,0,0,0,0
11,AgentA wins,27.00,0,0,0,0,0,0,0,0,0,0
12,AgentB wins,49.67,0,0,0,0,0,0,0,0,0,0
13,AgentA wins,20.00,0,0,0,0,0,0,0,0,0,0
14,timeout draw,60.00,0,0,0,0,0,0,0,0,0,0
15,AgentA wins,15.00,0,0,0,0,0,0,0,0,0,0
16,AgentA wins,24.00,0,0,0,0,0,0,0,0,0,0
17,AgentB wins,45.00,0,0,0,0,0,0,0,0,0,0
18,AgentA wins,17.00,0,0,0,0,0,0,0,0,0,0
19,AgentA wins,45.00,0,0,0,0,0,0,0,0,0,0
20,AgentA wins,15.00,0,0,0,0,0,0,0,0,0,0
11,AgentA wins,18.00,0,0,0,0,0,0,0,0,0,0
12,AgentA wins,15.00,0,0,0,0,0,0,0,0,0,0
13,AgentA wins,15.00,0,0,0,0,0,0,0,0,0,0
14,AgentA wins,15.00,0,0,0,0,0,0,0,0,0,0
15,AgentA wins,27.00,0,0,0,0,0,0,0,0,0,0
16,AgentA wins,20.00,0,0,0,0,0,0,0,0,0,0
17,AgentA wins,43.00,0,0,0,0,0,0,0,0,0,0
18,AgentA wins,21.00,0,0,0,0,0,0,0,0,0,0
19,AgentA wins,24.00,0,0,0,0,0,0,0,0,0,0
20,timeout draw,60.00,0,0,0,0,0,0,0,0,0,0
11,AgentB wins,28.33,0,0,0,0,0,0,0,0,0,0
12,AgentA wins,21.00,0,0,0,0,0,0,0,0,0,0
13,AgentA wins,18.00,0,0,0,0,0,0,0,0,0,0
14,AgentA wins,15.00,0,0,0,0,0,0,0,0,0,0
15,AgentA wins,21.00,0,0,0,0,0,0,0,0,0,0
16,AgentA wins,28.00,0,0,0,0,0,0,0,0,0,0
17,AgentA wins,31.00,0,0,0,0,0,0,0,0,0,0
18,AgentA wins,20.33,0,0,0,0,0,0,0,0,0,0
19,AgentB wins,51.33,0,0,0,0,0,0,0,0,0,0
20,AgentA wins,15.00,0,0,0,0,0,0,0,0,0,0
11,AgentA wins,36.00,0,0,0,0,0,0,0,0,0,0
12,AgentA wins,44.00,0,0,0,0,0,0,0,0,0,0
13,AgentA wins,15.00,0,0,0,0,0,0,0,0,0,0
14,AgentA wins,25.33,0,0,0,0,0,0,0,0,0,0
15,AgentA wins,26.00,0,0,0,0,0,0,0,0,0,0
16,AgentA wins,58.67,0,0,0,0,0,0,0,0,0,0
17,AgentA wins,18.00,0,0,0,0,0,0,0,0,0,0
18,timeout draw,60.00,0,0,0,0,0,0,0,0,0,0
19,AgentA wins,41.00,0,0,0,0,0,0,0,0,0,0
20,AgentA wins,20.00,0,0,0,0,0,0,0,0,0,0
11,AgentA wins,21.00,0,0,0,0,0,0,0,0,0,0
12,AgentA wins,37.00,0,0,0,0,0,0,0,0,0,0
13,AgentA wins,15.00,0,0,0,0,0,0,0,0,0,0
14,AgentA wins,25.67,0,0,0,0,0,0,0,0,0,0
15,AgentB wins,40.00,0,0,0,0,0,0,0,0,0,0
16,AgentB wins,37.33,0,0,0,0,0,0,0,0,0,0
17,AgentA wins,24.00,0,0,0,0,0,0,0,0,0,0
18,AgentA wins,32.67,0,0,0,0,0,0,0,0,0,0
19,timeout draw,60.00,0,0,0,0,0,0,0,0,0,0
20,timeout draw,60.00,0,0,0,0,0,0,0,0,0,0
11,AgentA wins,52.00,0,0,0,0,0,0,0,0,0,0
12,AgentA wins,41.67,0,0,0,0,0,0,0,0,0,0
13,AgentA wins,41.67,0,0,0,0,0,0,0,0,0,0
14,AgentA wins,51.00,0,0,0,0,0,0,0,0,0,0
15,AgentA wins,18.67,0,0,0,0,0,0,0,0,0,0
16,AgentA wins,15.00,0,0,0,0,0,0,0,0,0,0
17,timeout draw,60.00,0,0,0,0,0,0,0,0,0,0
18,AgentB wins,25.00,0,0,0,0,0,0,0,0,0,0
19,AgentA wins,20.00,0,0,0,0,0,0,0,0,0,0
20,AgentB wins,32.67,0,0,0,0,0,0,0,0,0,0
11,AgentA wins,37.00,0,0,0,0,0,0,0,0,0,0
12,AgentA wins,53.67,0,0,0,0,0,0,0,0,0,0
13,AgentA wins,45.00,0,0,0,0,0,0,0,0,0,0
14,AgentA wins,15.00,0,0,0,0,0,0,0,0,0,0
15,AgentA wins,37.33,0,0,0,0,0,0,0,0,0,0
16,AgentA wins,31.67,0,0,0,0,0,0,0,0,0,0
17,AgentA wins,36.00,0,0,0,0,0,0,0,0,0,0
18,AgentA wins,18.00,0,0,0,0,0,0,0,0,0,0
19,AgentB wins,25.00,0,0,0,0,0,0,0,0,0,0
20,AgentB wins,38.33,0,0,0,0,0,0,0,0,0,0
31,AgentA wins,20.00,0,0,0,0,0,0,0,0,0,0
32,AgentA wins,18.00,0,0,0,0,0,0,0,0,0,0
33,AgentA wins,18.00,0,0,0,0,0,0,0,0,0,0
34,AgentA wins,20.00,0,0,0,0,0,0,0,0,0,0
35,AgentA wins,15.00,0,0,0,0,0,0,0,0,0,0
36,AgentA wins,20.00,0,0,0,0,0,0,0,0,0,0
37,AgentA wins,17.00,0,0,0,0,0,0,0,0,0,0
38,AgentA wins,15.00,0,0,0,0,0,0,0,0,0,0
39,AgentA wins,15.00,0,0,0,0,0,0,0,0,0,0
40,AgentA wins,18.00,0,0,0,0,0,0,0,0,0,0
21,AgentA wins,18.00,161,162,0,84,0,117,0,18,21,36
22,AgentA wins,21.00,187,189,0,114,0,139,0,22,15,56
23,AgentA wins,15.00,134,133,0,70,0,97,0,17,14,40
24,timeout draw,60.00,537,533,0,245,0,364,0,50,75,115
25,AgentA wins,38.33,337,338,0,156,0,240,0,28,44,77
26,AgentA wins,18.00,160,161,0,90,0,112,0,19,17,42
27,AgentA wins,18.00,164,161,0,74,0,116,0,15,26,39
28,AgentA wins,15.00,134,130,0,74,0,94,0,18,14,32
29,AgentA wins,37.67,337,338,0,174,0,254,0,39,44,87
30,AgentA wins,15.00,133,135,0,77,0,104,0,16,19,45
31,AgentA wins,15.00,0,0,0,0,0,0,0,0,0,0
32,AgentA wins,18.00,0,0,0,0,0,0,0,0,0,0
33,AgentA wins,18.00,0,0,0,0,0,0,0,0,0,0
34,AgentA wins,17.00,0,0,0,0,0,0,0,0,0,0
35,AgentA wins,15.00,0,0,0,0,0,0,0,0,0,0
36,AgentA wins,15.00,0,0,0,0,0,0,0,0,0,0
37,AgentA wins,15.00,0,0,0,0,0,0,0,0,0,0
38,AgentA wins,20.00,0,0,0,0,0,0,0,0,0,0
39,AgentA wins,15.00,0,0,0,0,0,0,0,0,0,0
40,AgentA wins,18.00,0,0,0,0,0,0,0,0,0,0
21,AgentA wins,18.00,0,0,0,0,0,0,0,0,0,0
22,AgentA wins,15.00,0,0,0,0,0,0,0,0,0,0
23,AgentA wins,25.67,0,0,0,0,0,0,0,0,0,0
24,AgentA wins,22.33,0,0,0,0,0,0,0,0,0,0
25,AgentA wins,15.00,0,0,0,0,0,0,0,0,0,0
26,AgentA wins,20.00,0,0,0,0,0,0,0,0,0,0
27,AgentA wins,18.00,0,0,0,0,0,0,0,0,0,0
28,AgentA wins,20.67,0,0,0,0,0,0,0,0,0,0
29,AgentA wins,15.00,0,0,0,0,0,0,0,0,0,0
30,AgentA wins,15.00,0,0,0,0,0,0,0,0,0,0
31,AgentA wins,20.00,0,0,0,0,0,0,0,0,0,0
32,AgentA wins,15.00,0,0,0,0,0,0,0,0,0,0
33,AgentA wins,15.00,0,0,0,0,0,0,0,0,0,0
34,AgentA wins,20.00,0,0,0,0,0,0,0,0,0,0
35,AgentA wins,17.00,0,0,0,0,0,0,0,0,0,0
36,AgentA wins,20.00,0,0,0,0,0,0,0,0,0,0
37,AgentA wins,20.00,0,0,0,0,0,0,0,0,0,0
38,AgentA wins,20.00,0,0,0,0,0,0,0,0,0,0
39,AgentA wins,18.00,0,0,0,0,0,0,0,0,0,0
40,AgentA wins,20.00,0,0,0,0,0,0,0,0,0,0
21,AgentA wins,24.00,0,0,0,0,0,0,0,0,0,0
22,AgentA wins,20.00,0,0,0,0,0,0,0,0,0,0
23,AgentA wins,25.00,0,0,0,0,0,0,0,0,0,0
24,AgentA wins,20.00,0,0,0,0,0,0,0,0,0,0
25,AgentA wins,34.00,0,0,0,0,0,0,0,0,0,0
26,AgentA wins,34.00,0,0,0,0,0,0,0,0,0,0
27,AgentA wins,31.00,0,0,0,0,0,0,0,0,0,0
28,AgentA wins,30.00,0,0,0,0,0,0,0,0,0,0
29,AgentA wins,18.00,0,0,0,0,0,0,0,0,0,0
30,AgentA wins,24.00,0,0,0,0,0,0,0,0,0,0
31,AgentA wins,20.00,0,0,0,0,0,0,0,0,0,0
32,AgentA wins,20.00,0,0,0,0,0,0,0,0,0,0
33,AgentA wins,20.00,0,0,0,0,0,0,0,0,0,0
34,AgentA wins,15.00,0,0,0,0,0,0,0,0,0,0
35,AgentA wins,20.00,0,0,0,0,0,0,0,0,0,0
36,AgentA wins,19.67,0,0,0,0,0,0,0,0,0,0
37,AgentA wins,20.00,0,0,0,0,0,0,0,0,0,0
38,AgentA wins,20.00,0,0,0,0,0,0,0,0,0,0
39,AgentA wins,20.00,0,0,0,0,0,0,0,0,0,0
40,AgentA wins,17.00,0,0,0,0,0,0,0,0,0,0
31,AgentA wins,20.00,0,0,0,0,0,0,0,0,0,0
32,AgentA wins,20.00,0,0,0,0,0,0,0,0,0,0
33,AgentA wins,18.00,0,0,0,0,0,0,0,0,0,0
34,AgentA wins,20.00,0,0,0,0,0,0,0,0,0,0
35,AgentA wins,19.67,0,0,0,0,0,0,0,0,0,0
36,AgentA wins,20.00,0,0,0,0,0,0,0,0,0,0
37,AgentA wins,18.00,0,0,0,0,0,0,0,0,0,0
38,AgentA wins,20.00,0,0,0,0,0,0,0,0,0,0
39,AgentA wins,15.00,0,0,0,0,0,0,0,0,0,0
40,AgentA wins,17.00,0,0,0,0,0,0,0,0,0,0
21,AgentA wins,21.67,0,0,0,0,0,0,0,0,0,0
22,AgentA wins,18.00,0,0,0,0,0,0,0,0,0,0
23,AgentA wins,18.00,0,0,0,0,0,0,0,0,0,0
24,AgentA wins,56.33,0,0,0,0,0,0,0,0,0,0
25,AgentA wins,33.00,0,0,0,0,0,0,0,0,0,0
26,AgentA wins,24.00,0,0,0,0,0,0,0,0,0,0
27,AgentA wins,15.00,0,0,0,0,0,0,0,0,0,0
28,AgentA wins,44.67,0,0,0,0,0,0,0,0,0,0
29,AgentA wins,27.00,0,0,0,0,0,0,0,0,0,0
30,AgentA wins,15.00,0,0,0,0,0,0,0,0,0,0
31,AgentA wins,20.00,0,0,0,0,0,0,0,0,0,0
32,AgentA wins,17.00,0,0,0,0,0,0,0,0,0,0
33,AgentA wins,15.00,0,0,0,0,0,0,0,0,0,0
34,AgentA wins,20.00,0,0,0,0,0,0,0,0,0,0
35,AgentA wins,20.00,0,0,0,0,0,0,0,0,0,0
36,AgentA wins,20.00,0,0,0,0,0,0,0,0,0,0
37,AgentA wins,17.00,0,0,0,0,0,0,0,0,0,0
38,AgentA wins,20.00,0,0,0,0,0,0,0,0,0,0
39,AgentA wins,20.00,0,0,0,0,0,0,0,0,0,0
40,AgentA wins,15.00,0,0,0,0,0,0,0,0,0,0
31,AgentA wins,20.00,0,0,0,0,0,0,0,0,0,0
32,AgentA wins,20.00,0,0,0,0,0,0,0,0,0,0
33,AgentA wins,15.00,0,0,0,0,0,0,0,0,0,0
34,AgentA wins,18.00,0,0,0,0,0,0,0,0,0,0
35,AgentA wins,20.00,0,0,0,0,0,0,0,0,0,0
36,AgentA wins,17.00,0,0,0,0,0,0,0,0,0,0
37,AgentA wins,17.00,0,0,0,0,0,0,0,0,0,0
38,AgentA wins,20.00,0,0,0,0,0,0,0,0,0,0
39,AgentA wins,15.00,0,0,0,0,0,0,0,0,0,0
40,AgentA wins,20.00,0,0,0,0,0,0,0,0,0,0
21,AgentA wins,23.00,0,0,0,0,0,0,0,0,0,0
22,AgentA wins,25.67,0,0,0,0,0,0,0,0,0,0
23,AgentA wins,32.00,0,0,0,0,0,0,0,0,0,0
24,AgentA wins,15.00,0,0,0,0,0,0,0,0,0,0
25,AgentA wins,30.00,0,0,0,0,0,0,0,0,0,0
26,AgentB wins,51.33,0,0,0,0,0,0,0,0,0,0
27,timeout draw,60.00,0,0,0,0,0,0,0,0,0,0
28,AgentA wins,23.00,0,0,0,0,0,0,0,0,0,0
29,AgentA wins,22.67,0,0,0,0,0,0,0,0,0,0
30,AgentA wins,26.00,0,0,0,0,0,0,0,0,0,0
21,AgentA wins,18.00,0,0,0,0,0,0,0,0,0,0
22,AgentA wins,15.00,0,0,0,0,0,0,0,0,0,0
23,AgentA wins,18.00,0,0,0,0,0,0,0,0,0,0
24,AgentA wins,15.00,0,0,0,0,0,0,0,0,0,0
25,AgentA wins,29.67,0,0,0,0,0,0,0,0,0,0
26,AgentA wins,20.00,0,0,0,0,0,0,0,0,0,0
27,AgentA wins,29.67,0,0,0,0,0,0,0,0,0,0
28,AgentA wins,26.00,0,0,0,0,0,0,0,0,0,0
29,AgentA wins,45.67,0,0,0,0,0,0,0,0,0,0
30,AgentA wins,33.33,0,0,0,0,0,0,0,0,0,0
21,AgentA wins,18.00,0,0,0,0,0,0,0,0,0,0
22,AgentA wins,20.00,0,0,0,0,0,0,0,0,0,0
23,AgentA wins,15.00,0,0,0,0,0,0,0,0,0,0
24,AgentB wins,25.33,0,0,0,0,0,0,0,0,0,0
25,AgentA wins,27.00,0,0,0,0,0,0,0,0,0,0
26,AgentA wins,39.00,0,0,0,0,0,0,0,0,0,0
27,AgentA wins,28.67,0,0,0,0,0,0,0,0,0,0
28,AgentA wins,23.67,0,0,0,0,0,0,0,0,0,0
29,AgentA wins,18.00,0,0,0,0,0,0,0,0,0,0
30,AgentA wins,34.67,0,0,0,0,0,0,0,0,0,0
21,AgentA wins,20.00,0,0,0,0,0,0,0,0,0,0
22,AgentA wins,22.67,0,0,0,0,0,0,0,0,0,0
23,AgentA wins,15.00,0,0,0,0,0,0,0,0,0,0
24,AgentA wins,15.00,0,0,0,0,0,0,0,0,0,0
25,AgentA wins,38.33,0,0,0,0,0,0,0,0,0,0
26,AgentA wins,15.00,0,0,0,0,0,0,0,0,0,0
27,AgentA wins,30.00,0,0,0,0,0,0,0,0,0,0
28,AgentA wins,23.00,0,0,0,0,0,0,0,0,0,0
29,AgentA wins,18.00,0,0,0,0,0,0,0,0,0,0
30,AgentA wins,27.00,0,0,0,0,0,0,0,0,0,0
21,AgentB wins,48.33,0,0,0,0,0,0,0,0,0,0
22,AgentA wins,15.00,0,0,0,0,0,0,0,0,0,0
23,AgentA wins,35.33,0,0,0,0,0,0,0,0,0,0
24,AgentA wins,21.00,0,0,0,0,0,0,0,0,0,0
25,AgentA wins,29.67,0,0,0,0,0,0,0,0,0,0
26,AgentA wins,23.00,0,0,0,0,0,0,0,0,0,0
27,AgentA wins,24.00,0,0,0,0,0,0,0,0,0,0
28,AgentA wins,18.00,0,0,0,0,0,0,0,0,0,0
29,AgentA wins,34.00,0,0,0,0,0,0,0,0,0,0
30,AgentA wins,42.00,0,0,0,0,0,0,0,0,0,0
21,AgentA wins,18.00,0,0,0,0,0,0,0,0,0,0
22,timeout draw,60.00,0,0,0,0,0,0,0,0,0,0
23,AgentA wins,38.33,0,0,0,0,0,0,0,0,0,0
24,AgentA wins,35.67,0,0,0,0,0,0,0,0,0,0
25,AgentA wins,18.00,0,0,0,0,0,0,0,0,0,0
26,AgentA wins,31.33,0,0,0,0,0,0,0,0,0,0
27,AgentA wins,15.00,0,0,0,0,0,0,0,0,0,0
28,AgentA wins,29.00,0,0,0,0,0,0,0,0,0,0
29,AgentA wins,39.00,0,0,0,0,0,0,0,0,0,0
30,AgentA wins,20.00,0,0,0,0,0,0,0,0,0,0
21,AgentA wins,21.00,0,0,0,0,0,0,0,0,0,0
22,AgentA wins,15.00,0,0,0,0,0,0,0,0,0,0
23,AgentB wins,54.33,0,0,0,0,0,0,0,0,0,0
24,AgentA wins,31.33,0,0,0,0,0,0,0,0,0,0
25,AgentA wins,21.00,0,0,0,0,0,0,0,0,0,0
26,AgentA wins,21.67,0,0,0,0,0,0,0,0,0,0
27,AgentA wins,34.67,0,0,0,0,0,0,0,0,0,0
28,AgentA wins,28.00,0,0,0,0,0,0,0,0,0,0
29,AgentA wins,15.00,0,0,0,0,0,0,0,0,0,0
30,AgentA wins,15.00,0,0,0,0,0,0,0,0,0,0
21,AgentA wins,20.00,0,0,0,0,0,0,0,0,0,0
22,AgentA wins,17.00,0,0,0,0,0,0,0,0,0,0
23,AgentA wins,60.00,0,0,0,0,0,0,0,0,0,0
24,AgentA wins,30.00,0,0,0,0,0,0,0,0,0,0
25,AgentA wins,40.33,0,0,0,0,0,0,0,0,0,0
26,AgentA wins,38.00,0,0,0,0,0,0,0,0,0,0
27,AgentA wins,36.67,0,0,0,0,0,0,0,0,0,0
28,AgentA wins,24.00,0,0,0,0,0,0,0,0,0,0
29,AgentB wins,31.33,0,0,0,0,0,0,0,0,0,0
30,AgentA wins,15.00,0,0,0,0,0,0,0,0,0,0
31,timeout draw,60.00,0,0,0,0,0,0,0,0,0,0
32,AgentA wins,28.67,0,0,0,0,0,0,0,0,0,0
33,AgentA wins,18.00,0,0,0,0,0,0,0,0,0,0
34,AgentA wins,30.00,0,0,0,0,0,0,0,0,0,0
35,AgentA wins,31.33,0,0,0,0,0,0,0,0,0,0
36,AgentA wins,27.00,0,0,0,0,0,0,0,0,0,0
37,AgentA wins,31.67,0,0,0,0,0,0,0,0,0,0
38,AgentA wins,26.00,0,0,0,0,0,0,0,0,0,0
39,AgentA wins,23.00,0,0,0,0,0,0,0,0,0,0
40,AgentA wins,23.67,0,0,0,0,0,0,0,0,0,0
41,AgentA wins,17.00,0,0,0,0,0,0,0,0,0,0
42,AgentA wins,15.00,0,0,0,0,0,0,0,0,0,0
43,AgentA wins,18.00,0,0,0,0,0,0,0,0,0,0
44,AgentA wins,20.00,0,0,0,0,0,0,0,0,0,0
45,AgentA wins,20.00,0,0,0,0,0,0,0,0,0,0
46,AgentA wins,19.67,0,0,0,0,0,0,0,0,0,0
47,AgentA wins,18.00,0,0,0,0,0,0,0,0,0,0
48,AgentA wins,18.00,0,0,0,0,0,0,0,0,0,0
49,AgentA wins,20.00,0,0,0,0,0,0,0,0,0,0
50,AgentA wins,19.67,0,0,0,0,0,0,0,0,0,0
41,AgentA wins,17.00,0,0,0,0,0,0,0,0,0,0
42,AgentA wins,15.00,0,0,0,0,0,0,0,0,0,0
43,AgentA wins,20.00,0,0,0,0,0,0,0,0,0,0
44,AgentA wins,15.00,0,0,0,0,0,0,0,0,0,0
45,AgentA wins,20.00,0,0,0,0,0,0,0,0,0,0
46,AgentA wins,20.00,0,0,0,0,0,0,0,0,0,0
47,AgentA wins,20.00,0,0,0,0,0,0,0,0,0,0
48,AgentA wins,15.00,0,0,0,0,0,0,0,0,0,0
49,AgentA wins,20.00,0,0,0,0,0,0,0,0,0,0
50,AgentA wins,20.00,0,0,0,0,0,0,0,0,0,0
21,timeout draw,60.00,0,0,0,0,0,0,0,0,0,0
22,AgentA wins,15.00,0,0,0,0,0,0,0,0,0,0
23,AgentA wins,37.00,0,0,0,0,0,0,0,0,0,0
24,AgentA wins,15.00,0,0,0,0,0,0,0,0,0,0
25,AgentA wins,29.33,0,0,0,0,0,0,0,0,0,0
26,AgentA wins,40.00,0,0,0,0,0,0,0,0,0,0
27,AgentA wins,27.00,0,0,0,0,0,0,0,0,0,0
28,AgentA wins,53.33,0,0,0,0,0,0,0,0,0,0
29,AgentA wins,20.00,0,0,0,0,0,0,0,0,0,0
30,AgentA wins,47.67,0,0,0,0,0,0,0,0,0,0
41,AgentA wins,20.00,0,0,0,0,0,0,0,0,0,0
42,AgentA wins,20.00,0,0,0,0,0,0,0,0,0,0
43,AgentA wins,17.00,0,0,0,0,0,0,0,0,0,0
44,AgentA wins,17.00,0,0,0,0,0,0,0,0,0,0
45,AgentA wins,15.00,0,0,0,0,0,0,0,0,0,0
46,AgentA wins,15.00,0,0,0,0,0,0,0,0,0,0
47,AgentA wins,17.00,0,0,0,0,0,0,0,0,0,0
48,AgentA wins,19.67,0,0,0,0,0,0,0,0,0,0
49,AgentA wins,20.00,0,0,0,0,0,0,0,0,0,0
50,AgentA wins,22.33,0,0,0,0,0,0,0,0,0,0
41,AgentA wins,20.00,0,0,0,0,0,0,0,0,0,0
42,AgentA wins,20.00,0,0,0,0,0,0,0,0,0,0
43,AgentA wins,18.00,0,0,0,0,0,0,0,0,0,0
44,AgentA wins,20.00,0,0,0,0,0,0,0,0,0,0
45,AgentA wins,18.00,0,0,0,0,0,0,0,0,0,0
46,AgentA wins,17.00,0,0,0,0,0,0,0,0,0,0
47,AgentA wins,20.00,0,0,0,0,0,0,0,0,0,0
48,AgentA wins,15.00,0,0,0,0,0,0,0,0,0,0
49,AgentA wins,19.67,0,0,0,0,0,0,0,0,0,0
50,AgentA wins,15.00,0,0,0,0,0,0,0,0,0,0
41,AgentA wins,20.00,0,0,0,0,0,0,0,0,0,0
42,AgentA wins,18.00,0,0,0,0,0,0,0,0,0,0
43,AgentA wins,20.00,0,0,0,0,0,0,0,0,0,0
44,AgentA wins,18.00,0,0,0,0,0,0,0,0,0,0
45,AgentA wins,19.67,0,0,0,0,0,0,0,0,0,0
46,AgentA wins,19.67,0,0,0,0,0,0,0,0,0,0
47,AgentA wins,19.67,0,0,0,0,0,0,0,0,0,0
48,AgentA wins,17.00,0,0,0,0,0,0,0,0,0,0
49,AgentA wins,17.00,0,0,0,0,0,0,0,0,0,0
50,AgentA wins,18.00,0,0,0,0,0,0,0,0,0,0
41,AgentA wins,17.00,0,0,0,0,0,0,0,0,0,0
42,AgentA wins,18.00,0,0,0,0,0,0,0,0,0,0
43,AgentA wins,19.67,0,0,0,0,0,0,0,0,0,0
44,AgentA wins,20.00,0,0,0,0,0,0,0,0,0,0
45,AgentA wins,20.00,0,0,0,0,0,0,0,0,0,0
46,AgentA wins,20.00,0,0,0,0,0,0,0,0,0,0
47,AgentA wins,20.00,0,0,0,0,0,0,0,0,0,0
48,AgentA wins,20.00,0,0,0,0,0,0,0,0,0,0
49,AgentA wins,20.33,0,0,0,0,0,0,0,0,0,0
50,AgentA wins,20.00,0,0,0,0,0,0,0,0,0,0
41,AgentA wins,18.00,0,0,0,0,0,0,0,0,0,0
42,AgentA wins,20.00,0,0,0,0,0,0,0,0,0,0
43,AgentA wins,20.00,0,0,0,0,0,0,0,0,0,0
44,AgentA wins,19.67,0,0,0,0,0,0,0,0,0,0
45,AgentA wins,18.00,0,0,0,0,0,0,0,0,0,0
46,AgentA wins,15.00,0,0,0,0,0,0,0,0,0,0
47,AgentA wins,20.00,0,0,0,0,0,0,0,0,0,0
48,AgentA wins,19.67,0,0,0,0,0,0,0,0,0,0
49,AgentA wins,20.00,0,0,0,0,0,0,0,0,0,0
50,AgentA wins,22.33,0,0,0,0,0,0,0,0,0,0
21,AgentA wins,20.00,0,0,0,0,0,0,0,0,0,0
22,AgentA wins,20.00,0,0,0,0,0,0,0,0,0,0
23,AgentA wins,20.00,0,0,0,0,0,0,0,0,0,0
24,AgentA wins,15.00,0,0,0,0,0,0,0,0,0,0
25,AgentA wins,33.00,0,0,0,0,0,0,0,0,0,0
26,timeout draw,60.00,0,0,0,0,0,0,0,0,0,0
27,AgentB wins,40.00,0,0,0,0,0,0,0,0,0,0
28,AgentA wins,55.67,0,0,0,0,0,0,0,0,0,0
29,AgentA wins,15.00,0,0,0,0,0,0,0,0,0,0
30,timeout draw,60.00,0,0,0,0,0,0,0,0,0,0
21,AgentA wins,20.67,0,0,0,0,0,0,0,0,0,0
22,AgentA wins,23.00,0,0,0,0,0,0,0,0,0,0
23,AgentA wins,34.67,0,0,0,0,0,0,0,0,0,0
24,AgentA wins,15.00,0,0,0,0,0,0,0,0,0,0
25,AgentA wins,24.67,0,0,0,0,0,0,0,0,0,0
26,AgentA wins,31.00,0,0,0,0,0,0,0,0,0,0
27,AgentA wins,21.67,0,0,0,0,0,0,0,0,0,0
28,AgentA wins,15.00,0,0,0,0,0,0,0,0,0,0
29,AgentA wins,29.67,0,0,0,0,0,0,0,0,0,0
30,AgentA wins,42.67,0,0,0,0,0,0,0,0,0,0
31,AgentA wins,30.00,0,0,0,0,0,0,0,0,0,0
32,AgentA wins,30.00,0,0,0,0,0,0,0,0,0,0
33,AgentA wins,15.00,0,0,0,0,0,0,0,0,0,0
34,AgentA wins,22.67,0,0,0,0,0,0,0,0,0,0
35,AgentA wins,15.00,0,0,0,0,0,0,0,0,0,0
36,AgentA wins,20.00,0,0,0,0,0,0,0,0,0,0
37,AgentA wins,15.00,0,0,0,0,0,0,0,0,0,0
38,AgentA wins,24.67,0,0,0,0,0,0,0,0,0,0
39,AgentA wins,28.33,0,0,0,0,0,0,0,0,0,0
40,AgentA wins,15.00,0,0,0,0,0,0,0,0,0,0
31,AgentA wins,15.00,137,132,0,79,0,102,0,16,16,31
32,AgentA wins,21.00,190,184,0,90,0,134,0,21,24,50
33,AgentA wins,18.00,166,159,0,77,0,115,0,21,24,36
34,timeout draw,60.00,534,536,0,256,0,372,0,52,78,111
35,AgentA wins,34.67,312,314,0,185,0,225,0,40,40,57
36,AgentA wins,15.00,132,131,0,67,0,101,0,13,26,27
37,AgentA wins,18.00,160,158,0,70,0,114,0,14,34,21
38,AgentA wins,24.00,213,215,0,103,0,155,0,21,42,38
39,AgentA wins,15.00,134,133,0,65,0,95,0,14,20,28
40,AgentA wins,15.00,133,134,0,76,0,94,0,15,12,34
21,AgentA wins,15.00,0,0,0,0,0,0,0,0,0,0
22,AgentA wins,54.00,0,0,0,0,0,0,0,0,0,0
23,AgentA wins,34.67,0,0,0,0,0,0,0,0,0,0
24,AgentB wins,37.33,0,0,0,0,0,0,0,0,0,0
25,AgentA wins,15.00,0,0,0,0,0,0,0,0,0,0
26,AgentA wins,42.00,0,0,0,0,0,0,0,0,0,0
27,AgentB wins,39.33,0,0,0,0,0,0,0,0,0,0
28,AgentA wins,41.00,0,0,0,0,0,0,0,0,0,0
29,AgentA wins,20.00,0,0,0,0,0,0,0,0,0,0
30,AgentA wins,24.00,0,0,0,0,0,0,0,0,0,0
31,AgentA wins,15.00,0,0,0,0,0,0,0,0,0,0
32,AgentB wins,31.33,0,0,0,0,0,0,0,0,0,0
33,AgentA wins,15.00,0,0,0,0,0,0,0,0,0,0
34,AgentA wins,15.00,0,0,0,0,0,0,0,0,0,0
35,timeout draw,60.00,0,0,0,0,0,0,0,0,0,0
36,AgentA wins,26.67,0,0,0,0,0,0,0,0,0,0
37,AgentA wins,18.00,0,0,0,0,0,0,0,0,0,0
38,AgentA wins,15.00,0,0,0,0,0,0,0,0,0,0
39,AgentA wins,15.00,0,0,0,0,0,0,0,0,0,0
40,AgentA wins,15.00,0,0,0,0,0,0,0,0,0,0
31,AgentA wins,24.00,0,0,0,0,0,0,0,0,0,0
32,AgentA wins,29.33,0,0,0,0,0,0,0,0,0,0
33,AgentA wins,21.00,0,0,0,0,0,0,0,0,0,0
34,AgentA wins,41.00,0,0,0,0,0,0,0,0,0,0
35,AgentA wins,17.00,0,0,0,0,0,0,0,0,0,0
36,AgentB wins,18.67,0,0,0,0,0,0,0,0,0,0
37,AgentA wins,29.00,0,0,0,0,0,0,0,0,0,0
38,AgentB wins,32.67,0,0,0,0,0,0,0,0,0,0
39,AgentA wins,15.00,0,0,0,0,0,0,0,0,0,0
40,AgentA wins,26.67,0,0,0,0,0,0,0,0,0,0
31,AgentA wins,18.00,0,0,0,0,0,0,0,0,0,0
32,AgentA wins,20.00,0,0,0,0,0,0,0,0,0,0
33,AgentA wins,18.00,0,0,0,0,0,0,0,0,0,0
34,AgentA wins,19.67,0,0,0,0,0,0,0,0,0,0
35,AgentA wins,35.00,0,0,0,0,0,0,0,0,0,0
36,AgentB wins,21.33,0,0,0,0,0,0,0,0,0,0
37,AgentA wins,15.00,0,0,0,0,0,0,0,0,0,0
38,AgentA wins,15.00,0,0,0,0,0,0,0,0,0,0
39,AgentA wins,18.67,0,0,0,0,0,0,0,0,0,0
40,AgentB wins,24.67,0,0,0,0,0,0,0,0,0,0
31,AgentA wins,27.00,0,0,0,0,0,0,0,0,0,0
32,AgentA wins,24.00,0,0,0,0,0,0,0,0,0,0
33,AgentA wins,55.00,0,0,0,0,0,0,0,0,0,0
34,AgentA wins,18.00,0,0,0,0,0,0,0,0,0,0
35,AgentA wins,21.00,0,0,0,0,0,0,0,0,0,0
36,AgentA wins,15.00,0,0,0,0,0,0,0,0,0,0
37,AgentA wins,15.00,0,0,0,0,0,0,0,0,0,0
38,AgentA wins,47.33,0,0,0,0,0,0,0,0,0,0
39,AgentA wins,28.33,0,0,0,0,0,0,0,0,0,0
40,AgentA wins,20.00,0,0,0,0,0,0,0,0,0,0
21,AgentA wins,33.00,0,0,0,0,0,0,0,0,0,0
22,timeout draw,60.00,0,0,0,0,0,0,0,0,0,0
23,AgentA wins,35.00,0,0,0,0,0,0,0,0,0,0
24,timeout draw,60.00,0,0,0,0,0,0,0,0,0,0
25,AgentA wins,38.00,0,0,0,0,0,0,0,0,0,0
26,AgentB wins,42.00,0,0,0,0,0,0,0,0,0,0
27,AgentA wins,20.67,0,0,0,0,0,0,0,0,0,0
28,AgentA wins,15.00,0,0,0,0,0,0,0,0,0,0
29,AgentB wins,39.67,0,0,0,0,0,0,0,0,0,0
30,AgentA wins,42.67,0,0,0,0,0,0,0,0,0,0
31,AgentA wins,15.00,0,0,0,0,0,0,0,0,0,0
32,AgentA wins,41.00,0,0,0,0,0,0,0,0,0,0
33,AgentA wins,24.00,0,0,0,0,0,0,0,0,0,0
34,AgentA wins,33.67,0,0,0,0,0,0,0,0,0,0
35,AgentA wins,20.33,0,0,0,0,0,0,0,0,0,0
36,AgentB wins,24.00,0,0,0,0,0,0,0,0,0,0
37,AgentA wins,29.67,0,0,0,0,0,0,0,0,0,0
38,AgentA wins,48.33,0,0,0,0,0,0,0,0,0,0
39,AgentA wins,30.67,0,0,0,0,0,0,0,0,0,0
40,AgentA wins,15.00,0,0,0,0,0,0,0,0,0,0
31,AgentA wins,18.33,0,0,0,0,0,0,0,0,0,0
32,AgentA wins,27.00,0,0,0,0,0,0,0,0,0,0
33,AgentA wins,15.00,0,0,0,0,0,0,0,0,0,0
34,AgentB wins,31.00,0,0,0,0,0,0,0,0,0,0
35,AgentA wins,40.67,0,0,0,0,0,0,0,0,0,0
36,AgentA wins,34.00,0,0,0,0,0,0,0,0,0,0
37,AgentA wins,15.00,0,0,0,0,0,0,0,0,0,0
38,AgentA wins,24.67,0,0,0,0,0,0,0,0,0,0
39,AgentA wins,15.00,0,0,0,0,0,0,0,0,0,0
40,AgentA wins,44.00,0,0,0,0,0,0,0,0,0,0
41,AgentA wins,15.00,0,0,0,0,0,0,0,0,0,0
42,AgentB wins,24.33,0,0,0,0,0,0,0,0,0,0
43,AgentA wins,26.33,0,0,0,0,0,0,0,0,0,0
44,AgentA wins,15.00,0,0,0,0,0,0,0,0,0,0
45,AgentB wins,39.67,0,0,0,0,0,0,0,0,0,0
46,AgentA wins,15.00,0,0,0,0,0,0,0,0,0,0
47,AgentA wins,21.00,0,0,0,0,0,0,0,0,0,0
48,AgentA wins,21.00,0,0,0,0,0,0,0,0,0,0
49,AgentA wins,35.67,0,0,0,0,0,0,0,0,0,0
50,AgentB wins,31.33,0,0,0,0,0,0,0,0,0,0
51,AgentA wins,19.67,0,0,0,0,0,0,0,0,0,0
52,AgentA wins,20.00,0,0,0,0,0,0,0,0,0,0
53,AgentA wins,15.00,0,0,0,0,0,0,0,0,0,0
54,AgentA wins,15.00,0,0,0,0,0,0,0,0,0,0
55,AgentA wins,19.67,0,0,0,0,0,0,0,0,0,0
56,AgentA wins,15.00,0,0,0,0,0,0,0,0,0,0
57,AgentA wins,19.67,0,0,0,0,0,0,0,0,0,0
58,AgentA wins,20.00,0,0,0,0,0,0,0,0,0,0
59,AgentA wins,20.00,0,0,0,0,0,0,0,0,0,0
60,AgentA wins,18.00,0,0,0,0,0,0,0,0,0,0
51,AgentA wins,19.67,0,0,0,0,0,0,0,0,0,0
52,AgentA wins,20.00,0,0,0,0,0,0,0,0,0,0
53,AgentA wins,20.00,0,0,0,0,0,0,0,0,0,0
54,AgentA wins,20.00,0,0,0,0,0,0,0,0,0,0
55,AgentA wins,20.00,0,0,0,0,0,0,0,0,0,0
56,AgentA wins,20.00,0,0,0,0,0,0,0,0,0,0
57,AgentA wins,15.00,0,0,0,0,0,0,0,0,0,0
58,AgentA wins,20.00,0,0,0,0,0,0,0,0,0,0
59,AgentA wins,20.00,0,0,0,0,0,0,0,0,0,0
60,AgentA wins,19.67,0,0,0,0,0,0,0,0,0,0
51,AgentA wins,18.00,0,0,0,0,0,0,0,0,0,0
52,AgentA wins,20.00,0,0,0,0,0,0,0,0,0,0
53,AgentA wins,20.00,0,0,0,0,0,0,0,0,0,0
54,AgentA wins,20.00,0,0,0,0,0,0,0,0,0,0
55,AgentA wins,19.67,0,0,0,0,0,0,0,0,0,0
56,AgentA wins,15.00,0,0,0,0,0,0,0,0,0,0
57,AgentA wins,20.00,0,0,0,0,0,0,0,0,0,0
58,AgentA wins,17.00,0,0,0,0,0,0,0,0,0,0
59,AgentA wins,20.00,0,0,0,0,0,0,0,0,0,0
60,AgentA wins,20.00,0,0,0,0,0,0,0,0,0,0
31,AgentA wins,24.00,0,0,0,0,0,0,0,0,0,0
32,timeout draw,60.00,0,0,0,0,0,0,0,0,0,0
33,AgentA wins,15.00,0,0,0,0,0,0,0,0,0,0
34,AgentA wins,33.00,0,0,0,0,0,0,0,0,0,0
35,AgentB wins,36.33,0,0,0,0,0,0,0,0,0,0
36,AgentA wins,60.00,0,0,0,0,0,0,0,0,0,0
37,AgentA wins,36.67,0,0,0,0,0,0,0,0,0,0
38,timeout draw,60.00,0,0,0,0,0,0,0,0,0,0
39,AgentA wins,18.00,0,0,0,0,0,0,0,0,0,0
40,AgentA wins,49.00,0,0,0,0,0,0,0,0,0,0
31,AgentA wins,19.67,0,0,0,0,0,0,0,0,0,0
32,AgentA wins,20.00,0,0,0,0,0,0,0,0,0,0
33,AgentA wins,33.67,0,0,0,0,0,0,0,0,0,0
34,AgentA wins,43.00,0,0,0,0,0,0,0,0,0,0
35,AgentA wins,24.33,0,0,0,0,0,0,0,0,0,0
36,AgentA wins,15.00,0,0,0,0,0,0,0,0,0,0
37,AgentA wins,18.00,0,0,0,0,0,0,0,0,0,0
38,AgentA wins,38.33,0,0,0,0,0,0,0,0,0,0
39,AgentA wins,33.33,0,0,0,0,0,0,0,0,0,0
40,AgentB wins,49.00,0,0,0,0,0,0,0,0,0,0
51,AgentA wins,20.00,0,0,0,0,0,0,0,0,0,0
52,AgentA wins,20.00,0,0,0,0,0,0,0,0,0,0
53,AgentA wins,18.00,0,0,0,0,0,0,0,0,0,0
54,AgentA wins,20.00,0,0,0,0,0,0,0,0,0,0
55,AgentA wins,19.67,0,0,0,0,0,0,0,0,0,0
56,AgentA wins,18.00,0,0,0,0,0,0,0,0,0,0
57,AgentA wins,20.00,0,0,0,0,0,0,0,0,0,0
58,AgentA wins,15.00,0,0,0,0,0,0,0,0,0,0
59,AgentA wins,15.00,0,0,0,0,0,0,0,0,0,0
60,AgentA wins,20.00,0,0,0,0,0,0,0,0,0,0
51,AgentA wins,18.00,0,0,0,0,0,0,0,0,0,0
52,AgentA wins,20.00,0,0,0,0,0,0,0,0,0,0
53,AgentA wins,20.00,0,0,0,0,0,0,0,0,0,0
54,AgentA wins,15.00,0,0,0,0,0,0,0,0,0,0
55,AgentA wins,15.00,0,0,0,0,0,0,0,0,0,0
56,AgentA wins,20.00,0,0,0,0,0,0,0,0,0,0
57,AgentA wins,15.00,0,0,0,0,0,0,0,0,0,0
58,AgentA wins,15.00,0,0,0,0,0,0,0,0,0,0
59,AgentA wins,20.00,0,0,0,0,0,0,0,0,0,0
60,AgentA wins,19.67,0,0,0,0,0,0,0,0,0,0
51,AgentA wins,20.00,0,0,0,0,0,0,0,0,0,0
52,AgentA wins,20.00,0,0,0,0,0,0,0,0,0,0
53,AgentA wins,19.67,0,0,0,0,0,0,0,0,0,0
54,AgentA wins,15.00,0,0,0,0,0,0,0,0,0,0
55,AgentA wins,20.00,0,0,0,0,0,0,0,0,0,0
56,AgentA wins,18.00,0,0,0,0,0,0,0,0,0,0
57,AgentA wins,20.00,0,0,0,0,0,0,0,0,0,0
58,AgentA wins,20.00,0,0,0,0,0,0,0,0,0,0
59,AgentA wins,18.00,0,0,0,0,0,0,0,0,0,0
60,AgentA wins,18.00,0,0,0,0,0,0,0,0,0,0
51,AgentA wins,19.67,0,0,0,0,0,0,0,0,0,0
52,AgentA wins,20.00,0,0,0,0,0,0,0,0,0,0
53,AgentA wins,20.00,0,0,0,0,0,0,0,0,0,0
54,AgentA wins,17.00,0,0,0,0,0,0,0,0,0,0
55,AgentA wins,19.67,0,0,0,0,0,0,0,0,0,0
56,AgentA wins,20.00,0,0,0,0,0,0,0,0,0,0
57,AgentA wins,20.00,0,0,0,0,0,0,0,0,0,0
58,AgentA wins,15.00,0,0,0,0,0,0,0,0,0,0
59,AgentA wins,20.00,0,0,0,0,0,0,0,0,0,0
60,AgentA wins,18.00,0,0,0,0,0,0,0,0,0,0
31,AgentA wins,20.00,0,0,0,0,0,0,0,0,0,0
32,AgentA wins,37.00,0,0,0,0,0,0,0,0,0,0
33,AgentB wins,19.67,0,0,0,0,0,0,0,0,0,0
34,AgentA wins,17.00,0,0,0,0,0,0,0,0,0,0
35,AgentB wins,33.67,0,0,0,0,0,0,0,0,0,0
36,AgentA wins,20.00,0,0,0,0,0,0,0,0,0,0
37,AgentA wins,52.33,0,0,0,0,0,0,0,0,0,0
38,AgentA wins,17.00,0,0,0,0,0,0,0,0,0,0
39,AgentA wins,15.00,0,0,0,0,0,0,0,0,0,0
40,timeout draw,60.00,0,0,0,0,0,0,0,0,0,0
31,AgentB wins,25.00,0,0,0,0,0,0,0,0,0,0
32,AgentA wins,35.33,0,0,0,0,0,0,0,0,0,0
33,AgentA wins,34.33,0,0,0,0,0,0,0,0,0,0
34,AgentA wins,27.00,0,0,0,0,0,0,0,0,0,0
35,AgentB wins,25.33,0,0,0,0,0,0,0,0,0,0
36,AgentA wins,29.00,0,0,0,0,0,0,0,0,0,0
37,AgentA wins,29.00,0,0,0,0,0,0,0,0,0,0
38,AgentA wins,17.67,0,0,0,0,0,0,0,0,0,0
39,AgentA wins,29.00,0,0,0,0,0,0,0,0,0,0
40,AgentB wins,48.67,0,0,0,0,0,0,0,0,0,0
31,AgentA wins,30.00,0,0,0,0,0,0,0,0,0,0
32,AgentA wins,15.00,0,0,0,0,0,0,0,0,0,0
33,AgentB wins,30.67,0,0,0,0,0,0,0,0,0,0
34,timeout draw,60.00,0,0,0,0,0,0,0,0,0,0
35,AgentA wins,15.00,0,0,0,0,0,0,0,0,0,0
36,AgentA wins,15.00,0,0,0,0,0,0,0,0,0,0
37,AgentB wins,24.33,0,0,0,0,0,0,0,0,0,0
38,AgentA wins,15.00,0,0,0,0,0,0,0,0,0,0
39,AgentA wins,15.00,0,0,0,0,0,0,0,0,0,0
40,AgentA wins,15.00,0,0,0,0,0,0,0,0,0,0
41,AgentA wins,15.00,0,0,0,0,0,0,0,0,0,0
42,AgentA wins,28.33,0,0,0,0,0,0,0,0,0,0
43,AgentA wins,15.00,0,0,0,0,0,0,0,0,0,0
44,AgentA wins,20.00,0,0,0,0,0,0,0,0,0,0
45,AgentB wins,33.00,0,0,0,0,0,0,0,0,0,0
46,AgentA wins,18.00,0,0,0,0,0,0,0,0,0,0
47,AgentA wins,30.00,0,0,0,0,0,0,0,0,0,0
48,AgentA wins,15.00,0,0,0,0,0,0,0,0,0,0
49,AgentA wins,41.33,0,0,0,0,0,0,0,0,0,0
50,AgentA wins,26.33,0,0,0,0,0,0,0,0,0,0
31,AgentA wins,15.00,0,0,0,0,0,0,0,0,0,0
32,AgentA wins,29.00,0,0,0,0,0,0,0,0,0,0
33,AgentA wins,15.00,0,0,0,0,0,0,0,0,0,0
34,AgentA wins,15.00,0,0,0,0,0,0,0,0,0,0
35,timeout draw,60.00,0,0,0,0,0,0,0,0,0,0
36,AgentA wins,15.00,0,0,0,0,0,0,0,0,0,0
37,AgentA wins,26.00,0,0,0,0,0,0,0,0,0,0
38,AgentA wins,32.00,0,0,0,0,0,0,0,0,0,0
39,AgentA wins,51.67,0,0,0,0,0,0,0,0,0,0
40,AgentA wins,32.67,0,0,0,0,0,0,0,0,0,0
41,AgentA wins,44.00,0,0,0,0,0,0,0,0,0,0
42,AgentA wins,15.00,0,0,0,0,0,0,0,0,0,0
43,AgentA wins,33.00,0,0,0,0,0,0,0,0,0,0
44,AgentA wins,18.67,0,0,0,0,0,0,0,0,0,0
45,AgentA wins,15.00,0,0,0,0,0,0,0,0,0,0
46,AgentA wins,15.00,0,0,0,0,0,0,0,0,0,0
47,AgentA wins,20.00,0,0,0,0,0,0,0,0,0,0
48,AgentA wins,20.00,0,0,0,0,0,0,0,0,0,0
49,AgentA wins,25.33,0,0,0,0,0,0,0,0,0,0
50,AgentA wins,15.00,0,0,0,0,0,0,0,0,0,0
31,AgentA wins,29.00,0,0,0,0,0,0,0,0,0,0
32,AgentA wins,20.00,0,0,0,0,0,0,0,0,0,0
33,AgentA wins,34.33,0,0,0,0,0,0,0,0,0,0
34,AgentA wins,26.00,0,0,0,0,0,0,0,0,0,0
35,AgentA wins,18.00,0,0,0,0,0,0,0,0,0,0
36,AgentA wins,30.33,0,0,0,0,0,0,0,0,0,0
37,AgentA wins,20.00,0,0,0,0,0,0,0,0,0,0
38,AgentA wins,18.00,0,0,0,0,0,0,0,0,0,0
39,AgentA wins,24.67,0,0,0,0,0,0,0,0,0,0
40,AgentA wins,15.00,0,0,0,0,0,0,0,0,0,0
41,AgentA wins,18.00,0,0,0,0,0,0,0,0,0,0
42,AgentA wins,28.67,0,0,0,0,0,0,0,0,0,0
43,AgentA wins,15.00,0,0,0,0,0,0,0,0,0,0
44,AgentA wins,18.00,0,0,0,0,0,0,0,0,0,0
45,AgentB wins,19.33,0,0,0,0,0,0,0,0,0,0
46,AgentA wins,15.00,0,0,0,0,0,0,0,0,0,0
47,AgentA wins,15.00,0,0,0,0,0,0,0,0,0,0
48,AgentA wins,15.00,0,0,0,0,0,0,0,0,0,0
49,AgentA wins,15.00,0,0,0,0,0,0,0,0,0,0
50,AgentA wins,34.33,0,0,0,0,0,0,0,0,0,0
41,AgentA wins,24.33,215,220,0,123,0,157,0,24,36,55
42,AgentA wins,31.33,281,278,0,141,0,199,0,28,44,51
43,AgentA wins,24.00,213,211,0,107,0,158,0,22,35,47
44,AgentA wins,21.67,193,196,1,92,0,138,0,20,28,37
45,AgentA wins,18.00,158,162,0,89,0,119,0,16,16,41
46,AgentA wins,35.00,312,311,0,150,0,234,0,32,56,78
47,AgentA wins,46.33,412,416,0,201,0,314,0,40,82,78
48,AgentA wins,24.00,220,216,0,110,0,161,0,21,37,39
49,AgentA wins,34.00,303,305,0,160,0,214,0,32,36,76
50,AgentA wins,24.00,211,214,0,99,0,152,0,17,33,41
41,AgentA wins,15.00,0,0,0,0,0,0,0,0,0,0
42,AgentA wins,30.00,0,0,0,0,0,0,0,0,0,0
43,AgentA wins,20.00,0,0,0,0,0,0,0,0,0,0
44,AgentA wins,15.00,0,0,0,0,0,0,0,0,0,0
45,AgentA wins,43.00,0,0,0,0,0,0,0,0,0,0
46,AgentA wins,31.33,0,0,0,0,0,0,0,0,0,0
47,AgentA wins,15.00,0,0,0,0,0,0,0,0,0,0
48,AgentA wins,20.00,0,0,0,0,0,0,0,0,0,0
49,AgentB wins,37.67,0,0,0,0,0,0,0,0,0,0
50,AgentA wins,28.67,0,0,0,0,0,0,0,0,0,0
31,AgentA wins,29.67,0,0,0,0,0,0,0,0,0,0
32,AgentB wins,46.33,0,0,0,0,0,0,0,0,0,0
33,AgentB wins,40.67,0,0,0,0,0,0,0,0,0,0
34,AgentA wins,21.33,0,0,0,0,0,0,0,0,0,0
35,AgentB wins,33.67,0,0,0,0,0,0,0,0,0,0
36,AgentA wins,30.00,0,0,0,0,0,0,0,0,0,0
37,AgentA wins,21.67,0,0,0,0,0,0,0,0,0,0
38,AgentB wins,24.00,0,0,0,0,0,0,0,0,0,0
39,timeout draw,60.00,0,0,0,0,0,0,0,0,0,0
40,AgentA wins,15.00,0,0,0,0,0,0,0,0,0,0
61,AgentA wins,20.00,0,0,0,0,0,0,0,0,0,0
62,AgentA wins,20.00,0,0,0,0,0,0,0,0,0,0
63,AgentA wins,15.00,0,0,0,0,0,0,0,0,0,0
64,AgentA wins,17.00,0,0,0,0,0,0,0,0,0,0
65,AgentA wins,18.00,0,0,0,0,0,0,0,0,0,0
66,AgentA wins,20.00,0,0,0,0,0,0,0,0,0,0
67,AgentA wins,15.00,0,0,0,0,0,0,0,0,0,0
68,AgentA wins,19.67,0,0,0,0,0,0,0,0,0,0
69,AgentA wins,20.00,0,0,0,0,0,0,0,0,0,0
70,AgentA wins,20.00,0,0,0,0,0,0,0,0,0,0
61,AgentA wins,20.00,0,0,0,0,0,0,0,0,0,0
62,AgentA wins,22.33,0,0,0,0,0,0,0,0,0,0
63,AgentA wins,20.00,0,0,0,0,0,0,0,0,0,0
64,AgentA wins,19.67,0,0,0,0,0,0,0,0,0,0
65,AgentA wins,17.00,0,0,0,0,0,0,0,0,0,0
66,AgentA wins,19.67,0,0,0,0,0,0,0,0,0,0
67,AgentA wins,17.00,0,0,0,0,0,0,0,0,0,0
68,AgentA wins,19.67,0,0,0,0,0,0,0,0,0,0
69,AgentA wins,15.00,0,0,0,0,0,0,0,0,0,0
70,AgentA wins,20.00,0,0,0,0,0,0,0,0,0,0
31,AgentA wins,17.33,0,0,0,0,0,0,0,0,0,0
32,AgentA wins,27.67,0,0,0,0,0,0,0,0,0,0
33,AgentA wins,24.00,0,0,0,0,0,0,0,0,0,0
34,AgentA wins,17.00,0,0,0,0,0,0,0,0,0,0
35,AgentA wins,34.00,0,0,0,0,0,0,0,0,0,0
36,AgentA wins,34.00,0,0,0,0,0,0,0,0,0,0
37,AgentA wins,15.00,0,0,0,0,0,0,0,0,0,0
38,AgentA wins,32.67,0,0,0,0,0,0,0,0,0,0
39,AgentA wins,23.00,0,0,0,0,0,0,0,0,0,0
40,AgentB wins,53.67,0,0,0,0,0,0,0,0,0,0
61,AgentA wins,20.00,0,0,0,0,0,0,0,0,0,0
62,AgentA wins,20.00,0,0,0,0,0,0,0,0,0,0
63,AgentA wins,20.00,0,0,0,0,0,0,0,0,0,0
64,AgentA wins,22.33,0,0,0,0,0,0,0,0,0,0
65,AgentA wins,15.00,0,0,0,0,0,0,0,0,0,0
66,AgentA wins,17.00,0,0,0,0,0,0,0,0,0,0
67,AgentA wins,20.00,0,0,0,0,0,0,0,0,0,0
68,AgentA wins,20.00,0,0,0,0,0,0,0,0,0,0
69,AgentA wins,17.00,0,0,0,0,0,0,0,0,0,0
70,AgentA wins,18.00,0,0,0,0,0,0,0,0,0,0
61,AgentA wins,19.67,0,0,0,0,0,0,0,0,0,0
62,AgentA wins,20.00,0,0,0,0,0,0,0,0,0,0
63,AgentA wins,20.00,0,0,0,0,0,0,0,0,0,0
64,AgentA wins,22.33,0,0,0,0,0,0,0,0,0,0
65,AgentA wins,15.00,0,0,0,0,0,0,0,0,0,0
66,AgentA wins,17.00,0,0,0,0,0,0,0,0,0,0
67,AgentA wins,15.00,0,0,0,0,0,0,0,0,0,0
68,AgentA wins,15.00,0,0,0,0,0,0,0,0,0,0
69,AgentA wins,20.00,0,0,0,0,0,0,0,0,0,0
70,AgentA wins,20.00,0,0,0,0,0,0,0,0,0,0
61,AgentA wins,18.00,0,0,0,0,0,0,0,0,0,0
62,AgentA wins,22.33,0,0,0,0,0,0,0,0,0,0
63,AgentA wins,20.00,0,0,0,0,0,0,0,0,0,0
64,AgentA wins,15.00,0,0,0,0,0,0,0,0,0,0
65,AgentA wins,20.00,0,0,0,0,0,0,0,0,0,0
66,AgentA wins,17.00,0,0,0,0,0,0,0,0,0,0
67,AgentA wins,17.00,0,0,0,0,0,0,0,0,0,0
68,AgentA wins,20.00,0,0,0,0,0,0,0,0,0,0
69,AgentA wins,19.67,0,0,0,0,0,0,0,0,0,0
70,AgentA wins,20.00,0,0,0,0,0,0,0,0,0,0
61,AgentA wins,20.00,0,0,0,0,0,0,0,0,0,0
62,AgentA wins,20.00,0,0,0,0,0,0,0,0,0,0
63,AgentA wins,19.67,0,0,0,0,0,0,0,0,0,0
64,AgentA wins,20.00,0,0,0,0,0,0,0,0,0,0
65,AgentA wins,20.00,0,0,0,0,0,0,0,0,0,0
66,AgentA wins,15.00,0,0,0,0,0,0,0,0,0,0
67,AgentA wins,20.00,0,0,0,0,0,0,0,0,0,0
68,AgentA wins,18.00,0,0,0,0,0,0,0,0,0,0
69,AgentA wins,20.00,0,0,0,0,0,0,0,0,0,0
70,AgentA wins,19.67,0,0,0,0,0,0,0,0,0,0
41,AgentA wins,30.33,0,0,0,0,0,0,0,0,0,0
42,AgentA wins,35.00,0,0,0,0,0,0,0,0,0,0
43,AgentA wins,30.00,0,0,0,0,0,0,0,0,0,0
44,AgentA wins,15.00,0,0,0,0,0,0,0,0,0,0
45,AgentB wins,35.33,0,0,0,0,0,0,0,0,0,0
46,timeout draw,60.00,0,0,0,0,0,0,0,0,0,0
47,AgentA wins,48.00,0,0,0,0,0,0,0,0,0,0
48,AgentA wins,37.00,0,0,0,0,0,0,0,0,0,0
49,AgentB wins,28.33,0,0,0,0,0,0,0,0,0,0
50,AgentB wins,33.67,0,0,0,0,0,0,0,0,0,0
41,AgentA wins,34.67,0,0,0,0,0,0,0,0,0,0
42,AgentB wins,25.33,0,0,0,0,0,0,0,0,0,0
43,AgentB wins,45.33,0,0,0,0,0,0,0,0,0,0
44,AgentA wins,23.00,0,0,0,0,0,0,0,0,0,0
45,AgentB wins,42.67,0,0,0,0,0,0,0,0,0,0
46,AgentA wins,26.00,0,0,0,0,0,0,0,0,0,0
47,AgentA wins,27.00,0,0,0,0,0,0,0,0,0,0
48,AgentB wins,27.67,0,0,0,0,0,0,0,0,0,0
49,AgentA wins,15.00,0,0,0,0,0,0,0,0,0,0
50,AgentA wins,15.00,0,0,0,0,0,0,0,0,0,0
41,AgentA wins,27.00,0,0,0,0,0,0,0,0,0,0
42,AgentA wins,20.00,0,0,0,0,0,0,0,0,0,0
43,AgentA wins,29.33,0,0,0,0,0,0,0,0,0,0
44,AgentA wins,24.67,0,0,0,0,0,0,0,0,0,0
45,AgentA wins,42.33,0,0,0,0,0,0,0,0,0,0
46,AgentA wins,18.00,0,0,0,0,0,0,0,0,0,0
47,AgentB wins,36.00,0,0,0,0,0,0,0,0,0,0
48,AgentA wins,15.00,0,0,0,0,0,0,0,0,0,0
49,AgentA wins,15.00,0,0,0,0,0,0,0,0,0,0
50,AgentB wins,24.00,0,0,0,0,0,0,0,0,0,0
41,AgentA wins,15.00,0,0,0,0,0,0,0,0,0,0
42,AgentA wins,59.67,0,0,0,0,0,0,0,0,0,0
43,AgentA wins,15.00,0,0,0,0,0,0,0,0,0,0
44,AgentA wins,15.00,0,0,0,0,0,0,0,0,0,0
45,AgentB wins,33.33,0,0,0,0,0,0,0,0,0,0
46,AgentA wins,38.00,0,0,0,0,0,0,0,0,0,0
47,AgentA wins,34.00,0,0,0,0,0,0,0,0,0,0
48,AgentB wins,28.33,0,0,0,0,0,0,0,0,0,0
49,AgentA wins,18.00,0,0,0,0,0,0,0,0,0,0
50,AgentA wins,15.00,0,0,0,0,0,0,0,0,0,0
51,AgentA wins,15.00,0,0,0,0,0,0,0,0,0,0
52,AgentA wins,15.00,0,0,0,0,0,0,0,0,0,0
53,AgentA wins,15.00,0,0,0,0,0,0,0,0,0,0
54,AgentA wins,15.00,0,0,0,0,0,0,0,0,0,0
55,AgentA wins,23.67,0,0,0,0,0,0,0,0,0,0
56,AgentA wins,18.00,0,0,0,0,0,0,0,0,0,0
57,AgentA wins,23.00,0,0,0,0,0,0,0,0,0,0
58,AgentA wins,18.00,0,0,0,0,0,0,0,0,0,0
59,AgentA wins,19.67,0,0,0,0,0,0,0,0,0,0
60,AgentA wins,26.67,0,0,0,0,0,0,0,0,0,0
51,AgentA wins,27.00,0,0,0,0,0,0,0,0,0,0
52,AgentB wins,28.00,0,0,0,0,0,0,0,0,0,0
53,AgentA wins,29.33,0,0,0,0,0,0,0,0,0,0
54,AgentB wins,36.33,0,0,0,0,0,0,0,0,0,0
55,AgentB wins,32.00,0,0,0,0,0,0,0,0,0,0
56,AgentA wins,21.00,0,0,0,0,0,0,0,0,0,0
57,AgentB wins,48.33,0,0,0,0,0,0,0,0,0,0
58,AgentA wins,15.00,0,0,0,0,0,0,0,0,0,0
59,AgentB wins,55.00,0,0,0,0,0,0,0,0,0,0
60,AgentA wins,24.67,0,0,0,0,0,0,0,0,0,0
41,AgentA wins,29.00,0,0,0,0,0,0,0,0,0,0
42,AgentB wins,56.00,0,0,0,0,0,0,0,0,0,0
43,AgentA wins,26.00,0,0,0,0,0,0,0,0,0,0
44,AgentA wins,15.00,0,0,0,0,0,0,0,0,0,0
45,AgentB wins,53.00,0,0,0,0,0,0,0,0,0,0
46,AgentB wins,46.67,0,0,0,0,0,0,0,0,0,0
47,AgentB wins,49.33,0,0,0,0,0,0,0,0,0,0
48,AgentA wins,15.00,0,0,0,0,0,0,0,0,0,0
49,AgentB wins,40.33,0,0,0,0,0,0,0,0,0,0
50,AgentA wins,24.00,0,0,0,0,0,0,0,0,0,0
61,AgentA wins,19.67,0,0,0,0,0,0,0,0,0,0
62,AgentA wins,17.00,0,0,0,0,0,0,0,0,0,0
63,AgentA wins,20.00,0,0,0,0,0,0,0,0,0,0
64,AgentA wins,15.00,0,0,0,0,0,0,0,0,0,0
65,AgentA wins,39.00,0,0,0,0,0,0,0,0,0,0
66,AgentA wins,17.67,0,0,0,0,0,0,0,0,0,0
67,timeout draw,60.00,0,0,0,0,0,0,0,0,0,0
68,AgentA wins,40.67,0,0,0,0,0,0,0,0,0,0
69,AgentA wins,47.00,0,0,0,0,0,0,0,0,0,0
70,AgentA wins,24.00,0,0,0,0,0,0,0,0,0,0
51,AgentA wins,15.00,0,0,0,0,0,0,0,0,0,0
52,AgentA wins,29.00,0,0,0,0,0,0,0,0,0,0
53,AgentA wins,15.00,0,0,0,0,0,0,0,0,0,0
54,AgentA wins,18.00,0,0,0,0,0,0,0,0,0,0
55,AgentA wins,15.00,0,0,0,0,0,0,0,0,0,0
56,AgentA wins,18.00,0,0,0,0,0,0,0,0,0,0
57,AgentA wins,27.00,0,0,0,0,0,0,0,0,0,0
58,AgentA wins,56.67,0,0,0,0,0,0,0,0,0,0
59,AgentA wins,18.00,0,0,0,0,0,0,0,0,0,0
60,AgentA wins,15.00,0,0,0,0,0,0,0,0,0,0
41,AgentA wins,31.67,0,0,0,0,0,0,0,0,0,0
42,AgentA wins,29.67,0,0,0,0,0,0,0,0,0,0
43,AgentA wins,15.00,0,0,0,0,0,0,0,0,0,0
44,timeout draw,60.00,0,0,0,0,0,0,0,0,0,0
45,AgentA wins,32.67,0,0,0,0,0,0,0,0,0,0
46,AgentA wins,25.67,0,0,0,0,0,0,0,0,0,0
47,AgentA wins,20.00,0,0,0,0,0,0,0,0,0,0
48,AgentB wins,46.33,0,0,0,0,0,0,0,0,0,0
49,AgentA wins,30.33,0,0,0,0,0,0,0,0,0,0
50,AgentA wins,15.00,0,0,0,0,0,0,0,0,0,0
41,AgentA wins,30.00,0,0,0,0,0,0,0,0,0,0
42,AgentA wins,29.33,0,0,0,0,0,0,0,0,0,0
43,AgentA wins,15.00,0,0,0,0,0,0,0,0,0,0
44,AgentA wins,18.00,0,0,0,0,0,0,0,0,0,0
45,AgentA wins,51.33,0,0,0,0,0,0,0,0,0,0
46,AgentA wins,15.00,0,0,0,0,0,0,0,0,0,0
47,AgentA wins,15.00,0,0,0,0,0,0,0,0,0,0
48,AgentA wins,38.67,0,0,0,0,0,0,0,0,0,0
49,AgentA wins,15.67,0,0,0,0,0,0,0,0,0,0
50,AgentA wins,18.00,0,0,0,0,0,0,0,0,0,0
51,AgentA wins,15.00,135,133,0,60,0,96,0,12,20,31
52,AgentA wins,18.00,163,162,0,79,0,106,0,16,23,40
53,AgentA wins,24.00,216,215,0,90,0,155,0,17,39,41
54,AgentA wins,21.00,187,182,0,83,0,136,0,15,27,43
55,AgentA wins,28.67,256,258,0,128,0,198,0,28,48,50
56,AgentA wins,27.00,241,244,0,116,0,177,0,21,41,43
57,AgentA wins,31.00,274,272,0,121,0,192,0,25,45,47
58,AgentA wins,15.00,137,131,0,69,0,103,0,11,30,25
59,AgentA wins,18.67,164,163,0,86,0,134,0,15,30,31
60,AgentA wins,27.00,240,240,0,121,0,173,0,30,34,53
51,AgentA wins,23.33,0,0,0,0,0,0,0,0,0,0
52,AgentA wins,20.00,0,0,0,0,0,0,0,0,0,0
53,AgentA wins,41.00,0,0,0,0,0,0,0,0,0,0
54,AgentA wins,24.00,0,0,0,0,0,0,0,0,0,0
55,AgentA wins,18.00,0,0,0,0,0,0,0,0,0,0
56,AgentA wins,29.00,0,0,0,0,0,0,0,0,0,0
57,AgentA wins,27.00,0,0,0,0,0,0,0,0,0,0
58,AgentA wins,41.67,0,0,0,0,0,0,0,0,0,0
59,AgentA wins,36.33,0,0,0,0,0,0,0,0,0,0
60,AgentA wins,15.00,0,0,0,0,0,0,0,0,0,0
71,AgentA wins,20.00,0,0,0,0,0,0,0,0,0,0
72,AgentA wins,20.00,0,0,0,0,0,0,0,0,0,0
73,AgentA wins,20.00,0,0,0,0,0,0,0,0,0,0
74,AgentA wins,17.00,0,0,0,0,0,0,0,0,0,0
75,AgentA wins,15.00,0,0,0,0,0,0,0,0,0,0
76,AgentA wins,15.00,0,0,0,0,0,0,0,0,0,0
77,AgentA wins,19.67,0,0,0,0,0,0,0,0,0,0
78,AgentA wins,19.67,0,0,0,0,0,0,0,0,0,0
79,AgentA wins,15.00,0,0,0,0,0,0,0,0,0,0
80,AgentA wins,15.00,0,0,0,0,0,0,0,0,0,0
71,AgentA wins,15.00,0,0,0,0,0,0,0,0,0,0
72,AgentA wins,20.00,0,0,0,0,0,0,0,0,0,0
73,AgentA wins,15.00,0,0,0,0,0,0,0,0,0,0
74,AgentA wins,15.00,0,0,0,0,0,0,0,0,0,0
75,AgentA wins,20.00,0,0,0,0,0,0,0,0,0,0
76,AgentA wins,19.67,0,0,0,0,0,0,0,0,0,0
77,AgentA wins,15.00,0,0,0,0,0,0,0,0,0,0
78,AgentA wins,19.67,0,0,0,0,0,0,0,0,0,0
79,AgentA wins,20.00,0,0,0,0,0,0,0,0,0,0
80,AgentA wins,20.00,0,0,0,0,0,0,0,0,0,0
71,AgentA wins,20.00,0,0,0,0,0,0,0,0,0,0
72,AgentA wins,20.00,0,0,0,0,0,0,0,0,0,0
73,AgentA wins,20.00,0,0,0,0,0,0,0,0,0,0
74,AgentA wins,20.00,0,0,0,0,0,0,0,0,0,0
75,AgentA wins,19.67,0,0,0,0,0,0,0,0,0,0
76,AgentA wins,19.67,0,0,0,0,0,0,0,0,0,0
77,AgentA wins,17.00,0,0,0,0,0,0,0,0,0,0
78,AgentA wins,20.00,0,0,0,0,0,0,0,0,0,0
79,AgentA wins,19.67,0,0,0,0,0,0,0,0,0,0
80,AgentA wins,20.00,0,0,0,0,0,0,0,0,0,0
41,AgentA wins,19.67,0,0,0,0,0,0,0,0,0,0
42,AgentA wins,44.00,0,0,0,0,0,0,0,0,0,0
43,timeout draw,60.00,0,0,0,0,0,0,0,0,0,0
44,AgentA wins,36.00,0,0,0,0,0,0,0,0,0,0
45,AgentA wins,38.33,0,0,0,0,0,0,0,0,0,0
46,timeout draw,60.00,0,0,0,0,0,0,0,0,0,0
47,AgentA wins,22.33,0,0,0,0,0,0,0,0,0,0
48,AgentA wins,30.00,0,0,0,0,0,0,0,0,0,0
49,AgentA wins,21.00,0,0,0,0,0,0,0,0,0,0
50,AgentB wins,38.33,0,0,0,0,0,0,0,0,0,0
71,AgentA wins,20.00,0,0,0,0,0,0,0,0,0,0
72,AgentA wins,19.67,0,0,0,0,0,0,0,0,0,0
73,AgentA wins,19.67,0,0,0,0,0,0,0,0,0,0
74,AgentA wins,20.00,0,0,0,0,0,0,0,0,0,0
75,AgentA wins,18.00,0,0,0,0,0,0,0,0,0,0
76,AgentA wins,15.00,0,0,0,0,0,0,0,0,0,0
77,AgentA wins,19.67,0,0,0,0,0,0,0,0,0,0
78,AgentA wins,20.00,0,0,0,0,0,0,0,0,0,0
79,AgentA wins,15.00,0,0,0,0,0,0,0,0,0,0
80,AgentA wins,15.00,0,0,0,0,0,0,0,0,0,0
71,AgentA wins,19.67,0,0,0,0,0,0,0,0,0,0
72,AgentA wins,20.00,0,0,0,0,0,0,0,0,0,0
73,AgentA wins,17.00,0,0,0,0,0,0,0,0,0,0
74,AgentA wins,15.00,0,0,0,0,0,0,0,0,0,0
75,AgentA wins,19.67,0,0,0,0,0,0,0,0,0,0
76,AgentA wins,17.00,0,0,0,0,0,0,0,0,0,0
77,AgentA wins,20.00,0,0,0,0,0,0,0,0,0,0
78,AgentA wins,20.00,0,0,0,0,0,0,0,0,0,0
79,AgentA wins,17.00,0,0,0,0,0,0,0,0,0,0
80,AgentA wins,20.00,0,0,0,0,0,0,0,0,0,0
71,AgentA wins,20.00,0,0,0,0,0,0,0,0,0,0
72,AgentA wins,15.00,0,0,0,0,0,0,0,0,0,0
73,AgentA wins,19.67,0,0,0,0,0,0,0,0,0,0
74,AgentA wins,22.33,0,0,0,0,0,0,0,0,0,0
75,AgentA wins,19.67,0,0,0,0,0,0,0,0,0,0
76,AgentA wins,20.00,0,0,0,0,0,0,0,0,0,0
77,AgentA wins,20.00,0,0,0,0,0,0,0,0,0,0
78,AgentA wins,22.33,0,0,0,0,0,0,0,0,0,0
79,AgentA wins,20.00,0,0,0,0,0,0,0,0,0,0
80,AgentA wins,20.00,0,0,0,0,0,0,0,0,0,0
41,timeout draw,60.00,0,0,0,0,0,0,0,0,0,0
42,AgentA wins,31.00,0,0,0,0,0,0,0,0,0,0
43,AgentA wins,18.00,0,0,0,0,0,0,0,0,0,0
44,AgentA wins,29.00,0,0,0,0,0,0,0,0,0,0
45,AgentA wins,25.33,0,0,0,0,0,0,0,0,0,0
46,AgentA wins,15.00,0,0,0,0,0,0,0,0,0,0
47,AgentA wins,28.00,0,0,0,0,0,0,0,0,0,0
48,AgentA wins,33.67,0,0,0,0,0,0,0,0,0,0
49,AgentA wins,28.67,0,0,0,0,0,0,0,0,0,0
50,AgentA wins,42.67,0,0,0,0,0,0,0,0,0,0
41,AgentA wins,20.00,0,0,0,0,0,0,0,0,0,0
42,AgentA wins,15.00,0,0,0,0,0,0,0,0,0,0
43,AgentA wins,39.67,0,0,0,0,0,0,0,0,0,0
44,timeout draw,60.00,0,0,0,0,0,0,0,0,0,0
45,AgentA wins,29.00,0,0,0,0,0,0,0,0,0,0
46,AgentA wins,31.67,0,0,0,0,0,0,0,0,0,0
47,AgentB wins,45.67,0,0,0,0,0,0,0,0,0,0
48,AgentA wins,52.67,0,0,0,0,0,0,0,0,0,0
49,AgentA wins,30.00,0,0,0,0,0,0,0,0,0,0
50,AgentA wins,26.33,0,0,0,0,0,0,0,0,0,0
41,AgentA wins,30.67,0,0,0,0,0,0,0,0,0,0
42,AgentA wins,17.00,0,0,0,0,0,0,0,0,0,0
43,AgentA wins,34.00,0,0,0,0,0,0,0,0,0,0
44,AgentA wins,37.00,0,0,0,0,0,0,0,0,0,0
45,AgentA wins,20.33,0,0,0,0,0,0,0,0,0,0
46,AgentA wins,15.00,0,0,0,0,0,0,0,0,0,0
47,AgentA wins,20.33,0,0,0,0,0,0,0,0,0,0
48,AgentA wins,15.00,0,0,0,0,0,0,0,0,0,0
49,AgentA wins,28.00,0,0,0,0,0,0,0,0,0,0
50,AgentA wins,17.00,0,0,0,0,0,0,0,0,0,0
51,AgentA wins,42.33,0,0,0,0,0,0,0,0,0,0
52,AgentA wins,26.00,0,0,0,0,0,0,0,0,0,0
53,AgentA wins,25.67,0,0,0,0,0,0,0,0,0,0
54,AgentA wins,46.33,0,0,0,0,0,0,0,0,0,0
55,AgentA wins,33.67,0,0,0,0,0,0,0,0,0,0
56,AgentB wins,36.33,0,0,0,0,0,0,0,0,0,0
57,AgentA wins,15.00,0,0,0,0,0,0,0,0,0,0
58,AgentA wins,30.00,0,0,0,0,0,0,0,0,0,0
59,AgentA wins,20.00,0,0,0,0,0,0,0,0,0,0
60,AgentA wins,18.00,0,0,0,0,0,0,0,0,0,0
51,AgentA wins,22.67,0,0,0,0,0,0,0,0,0,0
52,AgentA wins,20.00,0,0,0,0,0,0,0,0,0,0
53,AgentB wins,33.00,0,0,0,0,0,0,0,0,0,0
54,AgentA wins,15.00,0,0,0,0,0,0,0,0,0,0
55,AgentA wins,15.00,0,0,0,0,0,0,0,0,0,0
56,AgentA wins,29.67,0,0,0,0,0,0,0,0,0,0
57,AgentA wins,26.67,0,0,0,0,0,0,0,0,0,0
58,AgentA wins,15.00,0,0,0,0,0,0,0,0,0,0
59,AgentA wins,49.00,0,0,0,0,0,0,0,0,0,0
60,AgentA wins,32.00,0,0,0,0,0,0,0,0,0,0
51,AgentA wins,15.00,0,0,0,0,0,0,0,0,0,0
52,AgentA wins,15.00,0,0,0,0,0,0,0,0,0,0
53,AgentB wins,27.67,0,0,0,0,0,0,0,0,0,0
54,AgentB wins,34.00,0,0,0,0,0,0,0,0,0,0
55,AgentA wins,15.00,0,0,0,0,0,0,0,0,0,0
56,AgentA wins,41.00,0,0,0,0,0,0,0,0,0,0
57,AgentA wins,15.00,0,0,0,0,0,0,0,0,0,0
58,AgentA wins,20.00,0,0,0,0,0,0,0,0,0,0
59,AgentA wins,29.33,0,0,0,0,0,0,0,0,0,0
60,AgentB wins,25.67,0,0,0,0,0,0,0,0,0,0
41,timeout draw,60.00,0,0,0,0,0,0,0,0,0,0
42,AgentB wins,60.00,0,0,0,0,0,0,0,0,0,0
43,AgentA wins,22.67,0,0,0,0,0,0,0,0,0,0
44,AgentA wins,25.33,0,0,0,0,0,0,0,0,0,0
45,AgentA wins,20.33,0,0,0,0,0,0,0,0,0,0
46,AgentA wins,15.00,0,0,0,0,0,0,0,0,0,0
47,AgentA wins,15.00,0,0,0,0,0,0,0,0,0,0
48,AgentA wins,22.33,0,0,0,0,0,0,0,0,0,0
49,AgentB wins,44.33,0,0,0,0,0,0,0,0,0,0
50,timeout draw,60.00,0,0,0,0,0,0,0,0,0,0
51,AgentA wins,38.33,0,0,0,0,0,0,0,0,0,0
52,timeout draw,60.00,0,0,0,0,0,0,0,0,0,0
53,AgentA wins,29.00,0,0,0,0,0,0,0,0,0,0
54,AgentA wins,18.00,0,0,0,0,0,0,0,0,0,0
55,AgentB wins,34.33,0,0,0,0,0,0,0,0,0,0
56,AgentA wins,15.00,0,0,0,0,0,0,0,0,0,0
57,AgentA wins,15.00,0,0,0,0,0,0,0,0,0,0
58,AgentA wins,57.00,0,0,0,0,0,0,0,0,0,0
59,AgentA wins,15.00,0,0,0,0,0,0,0,0,0,0
60,AgentA wins,15.00,0,0,0,0,0,0,0,0,0,0
61,AgentB wins,53.33,0,0,0,0,0,0,0,0,0,0
62,AgentA wins,21.00,0,0,0,0,0,0,0,0,0,0
63,AgentA wins,20.00,0,0,0,0,0,0,0,0,0,0
64,AgentA wins,15.00,0,0,0,0,0,0,0,0,0,0
65,AgentA wins,15.00,0,0,0,0,0,0,0,0,0,0
66,AgentA wins,19.67,0,0,0,0,0,0,0,0,0,0
67,AgentA wins,19.67,0,0,0,0,0,0,0,0,0,0
68,AgentA wins,20.00,0,0,0,0,0,0,0,0,0,0
69,AgentA wins,20.00,0,0,0,0,0,0,0,0,0,0
70,AgentA wins,19.67,0,0,0,0,0,0,0,0,0,0
61,AgentB wins,19.33,0,0,0,0,0,0,0,0,0,0
62,AgentA wins,20.00,0,0,0,0,0,0,0,0,0,0
63,AgentA wins,21.67,0,0,0,0,0,0,0,0,0,0
64,AgentA wins,46.33,0,0,0,0,0,0,0,0,0,0
65,AgentA wins,15.00,0,0,0,0,0,0,0,0,0,0
66,AgentA wins,19.67,0,0,0,0,0,0,0,0,0,0
67,AgentA wins,15.00,0,0,0,0,0,0,0,0,0,0
68,AgentA wins,41.00,0,0,0,0,0,0,0,0,0,0
69,AgentB wins,39.67,0,0,0,0,0,0,0,0,0,0
70,AgentA wins,20.00,0,0,0,0,0,0,0,0,0,0
81,AgentA wins,18.00,0,0,0,0,0,0,0,0,0,0
82,AgentA wins,20.00,0,0,0,0,0,0,0,0,0,0
83,AgentA wins,15.00,0,0,0,0,0,0,0,0,0,0
84,AgentA wins,18.00,0,0,0,0,0,0,0,0,0,0
85,AgentA wins,15.00,0,0,0,0,0,0,0,0,0,0
86,AgentA wins,20.00,0,0,0,0,0,0,0,0,0,0
87,AgentA wins,15.00,0,0,0,0,0,0,0,0,0,0
88,AgentA wins,20.00,0,0,0,0,0,0,0,0,0,0
89,AgentA wins,20.00,0,0,0,0,0,0,0,0,0,0
90,AgentA wins,20.00,0,0,0,0,0,0,0,0,0,0
81,AgentA wins,17.00,0,0,0,0,0,0,0,0,0,0
82,AgentA wins,18.00,0,0,0,0,0,0,0,0,0,0
83,AgentA wins,18.00,0,0,0,0,0,0,0,0,0,0
84,AgentA wins,20.00,0,0,0,0,0,0,0,0,0,0
85,AgentA wins,20.00,0,0,0,0,0,0,0,0,0,0
86,AgentA wins,15.00,0,0,0,0,0,0,0,0,0,0
87,AgentA wins,19.67,0,0,0,0,0,0,0,0,0,0
88,AgentA wins,20.00,0,0,0,0,0,0,0,0,0,0
89,AgentA wins,20.00,0,0,0,0,0,0,0,0,0,0
90,AgentA wins,20.00,0,0,0,0,0,0,0,0,0,0
81,AgentA wins,15.00,0,0,0,0,0,0,0,0,0,0
82,AgentA wins,20.00,0,0,0,0,0,0,0,0,0,0
83,AgentA wins,20.00,0,0,0,0,0,0,0,0,0,0
84,AgentA wins,20.00,0,0,0,0,0,0,0,0,0,0
85,AgentA wins,17.00,0,0,0,0,0,0,0,0,0,0
86,AgentA wins,20.00,0,0,0,0,0,0,0,0,0,0
87,AgentA wins,18.00,0,0,0,0,0,0,0,0,0,0
88,AgentA wins,19.67,0,0,0,0,0,0,0,0,0,0
89,AgentA wins,20.00,0,0,0,0,0,0,0,0,0,0
90,AgentA wins,20.00,0,0,0,0,0,0,0,0,0,0
81,AgentA wins,18.00,0,0,0,0,0,0,0,0,0,0
82,AgentA wins,15.00,0,0,0,0,0,0,0,0,0,0
83,AgentA wins,18.00,0,0,0,0,0,0,0,0,0,0
84,AgentA wins,15.00,0,0,0,0,0,0,0,0,0,0
85,AgentA wins,17.00,0,0,0,0,0,0,0,0,0,0
86,AgentA wins,15.00,0,0,0,0,0,0,0,0,0,0
87,AgentA wins,15.00,0,0,0,0,0,0,0,0,0,0
88,AgentA wins,17.00,0,0,0,0,0,0,0,0,0,0
89,AgentA wins,15.00,0,0,0,0,0,0,0,0,0,0
90,AgentA wins,20.00,0,0,0,0,0,0,0,0,0,0
51,AgentB wins,27.67,0,0,0,0,0,0,0,0,0,0
52,AgentA wins,15.00,0,0,0,0,0,0,0,0,0,0
53,AgentA wins,29.33,0,0,0,0,0,0,0,0,0,0
54,AgentA wins,24.00,0,0,0,0,0,0,0,0,0,0
55,AgentB wins,29.67,0,0,0,0,0,0,0,0,0,0
56,AgentA wins,23.00,0,0,0,0,0,0,0,0,0,0
57,AgentB wins,31.00,0,0,0,0,0,0,0,0,0,0
58,AgentA wins,18.00,0,0,0,0,0,0,0,0,0,0
59,AgentA wins,15.00,0,0,0,0,0,0,0,0,0,0
60,AgentA wins,23.33,0,0,0,0,0,0,0,0,0,0
81,AgentA wins,18.00,0,0,0,0,0,0,0,0,0,0
82,AgentA wins,20.00,0,0,0,0,0,0,0,0,0,0
83,AgentA wins,15.00,0,0,0,0,0,0,0,0,0,0
84,AgentA wins,20.00,0,0,0,0,0,0,0,0,0,0
85,AgentA wins,20.00,0,0,0,0,0,0,0,0,0,0
86,AgentA wins,19.67,0,0,0,0,0,0,0,0,0,0
87,AgentA wins,20.00,0,0,0,0,0,0,0,0,0,0
88,AgentA wins,17.00,0,0,0,0,0,0,0,0,0,0
89,AgentA wins,20.00,0,0,0,0,0,0,0,0,0,0
90,AgentA wins,20.00,0,0,0,0,0,0,0,0,0,0
81,AgentA wins,15.00,0,0,0,0,0,0,0,0,0,0
82,AgentA wins,15.00,0,0,0,0,0,0,0,0,0,0
83,AgentA wins,20.00,0,0,0,0,0,0,0,0,0,0
84,AgentA wins,15.00,0,0,0,0,0,0,0,0,0,0
85,AgentA wins,19.67,0,0,0,0,0,0,0,0,0,0
86,AgentA wins,19.67,0,0,0,0,0,0,0,0,0,0
87,AgentA wins,19.67,0,0,0,0,0,0,0,0,0,0
88,AgentA wins,15.00,0,0,0,0,0,0,0,0,0,0
89,AgentA wins,20.00,0,0,0,0,0,0,0,0,0,0
90,AgentA wins,20.00,0,0,0,0,0,0,0,0,0,0
51,AgentA wins,50.00,0,0,0,0,0,0,0,0,0,0
52,AgentB wins,25.67,0,0,0,0,0,0,0,0,0,0
53,AgentA wins,25.67,0,0,0,0,0,0,0,0,0,0
54,AgentA wins,18.00,0,0,0,0,0,0,0,0,0,0
55,AgentA wins,15.00,0,0,0,0,0,0,0,0,0,0
56,timeout draw,60.00,0,0,0,0,0,0,0,0,0,0
57,AgentA wins,15.00,0,0,0,0,0,0,0,0,0,0
58,AgentA wins,31.00,0,0,0,0,0,0,0,0,0,0
59,AgentA wins,20.00,0,0,0,0,0,0,0,0,0,0
60,AgentA wins,18.00,0,0,0,0,0,0,0,0,0,0
61,AgentA wins,26.00,0,0,0,0,0,0,0,0,0,0
62,AgentA wins,15.00,0,0,0,0,0,0,0,0,0,0
63,AgentB wins,36.67,0,0,0,0,0,0,0,0,0,0
64,AgentA wins,15.00,0,0,0,0,0,0,0,0,0,0
65,AgentA wins,15.00,0,0,0,0,0,0,0,0,0,0
66,AgentA wins,37.33,0,0,0,0,0,0,0,0,0,0
67,AgentA wins,20.00,0,0,0,0,0,0,0,0,0,0
68,AgentB wins,35.00,0,0,0,0,0,0,0,0,0,0
69,AgentA wins,18.00,0,0,0,0,0,0,0,0,0,0
70,AgentA wins,18.00,0,0,0,0,0,0,0,0,0,0
51,AgentB wins,33.33,0,0,0,0,0,0,0,0,0,0
52,AgentB wins,34.00,0,0,0,0,0,0,0,0,0,0
53,AgentA wins,15.00,0,0,0,0,0,0,0,0,0,0
54,AgentA wins,27.00,0,0,0,0,0,0,0,0,0,0
55,AgentB wins,30.00,0,0,0,0,0,0,0,0,0,0
56,AgentA wins,35.00,0,0,0,0,0,0,0,0,0,0
57,AgentA wins,20.00,0,0,0,0,0,0,0,0,0,0
58,timeout draw,60.00,0,0,0,0,0,0,0,0,0,0
59,AgentA wins,25.67,0,0,0,0,0,0,0,0,0,0
60,AgentB wins,59.33,0,0,0,0,0,0,0,0,0,0
61,AgentA wins,32.00,0,0,0,0,0,0,0,0,0,0
62,AgentA wins,18.00,0,0,0,0,0,0,0,0,0,0
63,AgentA wins,22.67,0,0,0,0,0,0,0,0,0,0
64,AgentB wins,52.00,0,0,0,0,0,0,0,0,0,0
65,AgentA wins,31.00,0,0,0,0,0,0,0,0,0,0
66,AgentA wins,23.67,0,0,0,0,0,0,0,0,0,0
67,AgentA wins,15.00,0,0,0,0,0,0,0,0,0,0
68,AgentA wins,26.67,0,0,0,0,0,0,0,0,0,0
69,AgentA wins,32.33,0,0,0,0,0,0,0,0,0,0
70,AgentA wins,47.33,0,0,0,0,0,0,0,0,0,0
51,AgentA wins,27.00,0,0,0,0,0,0,0,0,0,0
52,AgentA wins,20.00,0,0,0,0,0,0,0,0,0,0
53,AgentB wins,57.33,0,0,0,0,0,0,0,0,0,0
54,AgentA wins,18.00,0,0,0,0,0,0,0,0,0,0
55,AgentA wins,23.33,0,0,0,0,0,0,0,0,0,0
56,AgentA wins,22.67,0,0,0,0,0,0,0,0,0,0
57,AgentA wins,15.00,0,0,0,0,0,0,0,0,0,0
58,AgentA wins,30.00,0,0,0,0,0,0,0,0,0,0
59,AgentB wins,47.33,0,0,0,0,0,0,0,0,0,0
60,AgentB wins,30.33,0,0,0,0,0,0,0,0,0,0
61,AgentA wins,30.00,261,269,0,139,0,198,0,26,35,72
62,AgentA wins,50.33,445,453,2,234,0,319,0,46,61,120
63,AgentA wins,33.00,289,297,1,149,0,219,0,29,50,68
64,AgentA wins,24.00,212,213,2,99,0,157,0,19,42,37
65,AgentA wins,32.33,286,293,0,143,0,204,0,29,46,56
66,AgentA wins,21.00,186,189,0,100,0,145,0,20,28,46
67,AgentA wins,18.00,162,165,0,81,0,121,0,16,25,31
68,AgentA wins,18.00,159,159,1,88,0,134,0,16,26,44
69,AgentA wins,27.00,240,237,0,109,0,180,0,24,29,66
70,AgentA wins,24.00,213,217,2,104,0,161,0,28,38,58
51,AgentA wins,21.00,0,0,0,0,0,0,0,0,0,0
52,AgentB wins,29.67,0,0,0,0,0,0,0,0,0,0
53,AgentA wins,24.00,0,0,0,0,0,0,0,0,0,0
54,AgentA wins,15.00,0,0,0,0,0,0,0,0,0,0
55,AgentA wins,18.00,0,0,0,0,0,0,0,0,0,0
56,AgentB wins,31.33,0,0,0,0,0,0,0,0,0,0
57,AgentA wins,21.00,0,0,0,0,0,0,0,0,0,0
58,AgentA wins,15.00,0,0,0,0,0,0,0,0,0,0
59,AgentA wins,15.00,0,0,0,0,0,0,0,0,0,0
60,AgentA wins,28.00,0,0,0,0,0,0,0,0,0,0
51,AgentA wins,36.00,0,0,0,0,0,0,0,0,0,0
52,AgentA wins,23.00,0,0,0,0,0,0,0,0,0,0
53,AgentA wins,15.00,0,0,0,0,0,0,0,0,0,0
54,AgentA wins,32.00,0,0,0,0,0,0,0,0,0,0
55,AgentA wins,27.33,0,0,0,0,0,0,0,0,0,0
56,AgentA wins,25.00,0,0,0,0,0,0,0,0,0,0
57,AgentA wins,15.00,0,0,0,0,0,0,0,0,0,0
58,AgentA wins,34.67,0,0,0,0,0,0,0,0,0,0
59,AgentA wins,18.00,0,0,0,0,0,0,0,0,0,0
60,AgentA wins,20.00,0,0,0,0,0,0,0,0,0,0
51,AgentA wins,20.00,0,0,0,0,0,0,0,0,0,0
52,AgentA wins,18.00,0,0,0,0,0,0,0,0,0,0
53,AgentA wins,15.00,0,0,0,0,0,0,0,0,0,0
54,AgentA wins,15.00,0,0,0,0,0,0,0,0,0,0
55,AgentB wins,43.67,0,0,0,0,0,0,0,0,0,0
56,AgentA wins,24.00,0,0,0,0,0,0,0,0,0,0
57,AgentA wins,34.00,0,0,0,0,0,0,0,0,0,0
58,AgentA wins,18.00,0,0,0,0,0,0,0,0,0,0
59,AgentB wins,34.00,0,0,0,0,0,0,0,0,0,0
60,timeout draw,60.00,0,0,0,0,0,0,0,0,0,0
71,AgentA wins,18.00,0,0,0,0,0,0,0,0,0,0
72,timeout draw,60.00,0,0,0,0,0,0,0,0,0,0
73,AgentA wins,31.67,0,0,0,0,0,0,0,0,0,0
74,AgentA wins,18.00,0,0,0,0,0,0,0,0,0,0
75,AgentA wins,53.00,0,0,0,0,0,0,0,0,0,0
76,timeout draw,60.00,0,0,0,0,0,0,0,0,0,0
77,AgentA wins,24.00,0,0,0,0,0,0,0,0,0,0
78,AgentA wins,43.00,0,0,0,0,0,0,0,0,0,0
79,AgentA wins,15.00,0,0,0,0,0,0,0,0,0,0
80,AgentA wins,51.67,0,0,0,0,0,0,0,0,0,0
61,AgentA wins,18.00,0,0,0,0,0,0,0,0,0,0
62,AgentA wins,20.00,0,0,0,0,0,0,0,0,0,0
63,AgentA wins,18.00,0,0,0,0,0,0,0,0,0,0
64,AgentA wins,15.00,0,0,0,0,0,0,0,0,0,0
65,AgentB wins,31.33,0,0,0,0,0,0,0,0,0,0
66,AgentB wins,40.00,0,0,0,0,0,0,0,0,0,0
67,AgentB wins,52.67,0,0,0,0,0,0,0,0,0,0
68,AgentA wins,21.00,0,0,0,0,0,0,0,0,0,0
69,AgentA wins,40.00,0,0,0,0,0,0,0,0,0,0
70,AgentA wins,18.00,0,0,0,0,0,0,0,0,0,0
51,AgentB wins,56.33,0,0,0,0,0,0,0,0,0,0
52,timeout draw,60.00,0,0,0,0,0,0,0,0,0,0
53,AgentA wins,29.33,0,0,0,0,0,0,0,0,0,0
54,AgentA wins,40.00,0,0,0,0,0,0,0,0,0,0
55,AgentA wins,36.67,0,0,0,0,0,0,0,0,0,0
56,AgentA wins,32.33,0,0,0,0,0,0,0,0,0,0
57,AgentA wins,15.00,0,0,0,0,0,0,0,0,0,0
58,AgentA wins,20.00,0,0,0,0,0,0,0,0,0,0
59,AgentA wins,34.00,0,0,0,0,0,0,0,0,0,0
60,AgentA wins,15.00,0,0,0,0,0,0,0,0,0,0
71,AgentA wins,20.00,0,0,0,0,0,0,0,0,0,0
72,AgentA wins,18.00,0,0,0,0,0,0,0,0,0,0
73,AgentA wins,20.00,0,0,0,0,0,0,0,0,0,0
74,AgentA wins,20.00,0,0,0,0,0,0,0,0,0,0
75,AgentA wins,20.00,0,0,0,0,0,0,0,0,0,0
76,AgentA wins,20.00,0,0,0,0,0,0,0,0,0,0
77,AgentA wins,20.00,0,0,0,0,0,0,0,0,0,0
78,AgentA wins,26.00,0,0,0,0,0,0,0,0,0,0
79,AgentA wins,23.00,0,0,0,0,0,0,0,0,0,0
80,AgentA wins,20.00,0,0,0,0,0,0,0,0,0,0
61,AgentA wins,34.00,0,0,0,0,0,0,0,0,0,0
62,AgentA wins,34.67,0,0,0,0,0,0,0,0,0,0
63,AgentB wins,28.00,0,0,0,0,0,0,0,0,0,0
64,AgentA wins,20.00,0,0,0,0,0,0,0,0,0,0
65,AgentA wins,18.00,0,0,0,0,0,0,0,0,0,0
66,AgentA wins,27.00,0,0,0,0,0,0,0,0,0,0
67,AgentA wins,18.00,0,0,0,0,0,0,0,0,0,0
68,AgentA wins,34.00,0,0,0,0,0,0,0,0,0,0
69,AgentB wins,22.00,0,0,0,0,0,0,0,0,0,0
70,AgentA wins,15.00,0,0,0,0,0,0,0,0,0,0
91,AgentA wins,18.00,0,0,0,0,0,0,0,0,0,0
92,AgentA wins,20.00,0,0,0,0,0,0,0,0,0,0
93,AgentA wins,18.00,0,0,0,0,0,0,0,0,0,0
94,AgentA wins,18.00,0,0,0,0,0,0,0,0,0,0
95,AgentA wins,18.00,0,0,0,0,0,0,0,0,0,0
96,AgentA wins,18.00,0,0,0,0,0,0,0,0,0,0
97,AgentA wins,20.00,0,0,0,0,0,0,0,0,0,0
98,AgentA wins,15.00,0,0,0,0,0,0,0,0,0,0
99,AgentA wins,20.00,0,0,0,0,0,0,0,0,0,0
100,AgentA wins,20.00,0,0,0,0,0,0,0,0,0,0
91,AgentA wins,20.00,0,0,0,0,0,0,0,0,0,0
92,AgentA wins,20.00,0,0,0,0,0,0,0,0,0,0
93,AgentA wins,18.00,0,0,0,0,0,0,0,0,0,0
94,AgentA wins,20.00,0,0,0,0,0,0,0,0,0,0
95,AgentA wins,20.00,0,0,0,0,0,0,0,0,0,0
96,AgentA wins,20.00,0,0,0,0,0,0,0,0,0,0
97,AgentA wins,20.00,0,0,0,0,0,0,0,0,0,0
98,AgentA wins,18.00,0,0,0,0,0,0,0,0,0,0
99,AgentA wins,18.00,0,0,0,0,0,0,0,0,0,0
100,AgentA wins,20.00,0,0,0,0,0,0,0,0,0,0
61,AgentA wins,18.00,0,0,0,0,0,0,0,0,0,0
62,AgentA wins,28.67,0,0,0,0,0,0,0,0,0,0
63,AgentA wins,26.33,0,0,0,0,0,0,0,0,0,0
64,AgentA wins,35.00,0,0,0,0,0,0,0,0,0,0
65,AgentA wins,18.00,0,0,0,0,0,0,0,0,0,0
66,AgentB wins,30.33,0,0,0,0,0,0,0,0,0,0
67,AgentA wins,18.00,0,0,0,0,0,0,0,0,0,0
68,AgentA wins,41.67,0,0,0,0,0,0,0,0,0,0
69,AgentA wins,15.00,0,0,0,0,0,0,0,0,0,0
70,AgentA wins,18.00,0,0,0,0,0,0,0,0,0,0
91,AgentA wins,20.00,0,0,0,0,0,0,0,0,0,0
92,AgentA wins,20.00,0,0,0,0,0,0,0,0,0,0
93,AgentA wins,18.00,0,0,0,0,0,0,0,0,0,0
94,AgentA wins,20.00,0,0,0,0,0,0,0,0,0,0
95,AgentA wins,20.00,0,0,0,0,0,0,0,0,0,0
96,AgentA wins,20.00,0,0,0,0,0,0,0,0,0,0
97,AgentA wins,18.00,0,0,0,0,0,0,0,0,0,0
98,AgentA wins,20.00,0,0,0,0,0,0,0,0,0,0
99,AgentA wins,20.00,0,0,0,0,0,0,0,0,0,0
100,AgentA wins,18.00,0,0,0,0,0,0,0,0,0,0
91,AgentA wins,20.00,0,0,0,0,0,0,0,0,0,0
92,AgentA wins,20.00,0,0,0,0,0,0,0,0,0,0
93,AgentA wins,20.00,0,0,0,0,0,0,0,0,0,0
94,AgentA wins,18.00,0,0,0,0,0,0,0,0,0,0
95,AgentA wins,18.00,0,0,0,0,0,0,0,0,0,0
96,AgentA wins,20.00,0,0,0,0,0,0,0,0,0,0
97,AgentA wins,20.00,0,0,0,0,0,0,0,0,0,0
98,AgentA wins,20.00,0,0,0,0,0,0,0,0,0,0
99,AgentA wins,20.00,0,0,0,0,0,0,0,0,0,0
100,AgentA wins,20.00,0,0,0,0,0,0,0,0,0,0
91,AgentA wins,20.00,0,0,0,0,0,0,0,0,0,0
92,AgentA wins,20.00,0,0,0,0,0,0,0,0,0,0
93,AgentA wins,18.00,0,0,0,0,0,0,0,0,0,0
94,AgentA wins,18.00,0,0,0,0,0,0,0,0,0,0
95,AgentA wins,18.00,0,0,0,0,0,0,0,0,0,0
96,AgentA wins,18.00,0,0,0,0,0,0,0,0,0,0
97,AgentA wins,20.00,0,0,0,0,0,0,0,0,0,0
98,AgentA wins,19.67,0,0,0,0,0,0,0,0,0,0
99,AgentA wins,20.00,0,0,0,0,0,0,0,0,0,0
100,AgentA wins,15.00,0,0,0,0,0,0,0,0,0,0
91,AgentA wins,20.00,0,0,0,0,0,0,0,0,0,0
92,AgentA wins,20.00,0,0,0,0,0,0,0,0,0,0
93,AgentA wins,20.00,0,0,0,0,0,0,0,0,0,0
94,AgentA wins,18.00,0,0,0,0,0,0,0,0,0,0
95,AgentA wins,20.00,0,0,0,0,0,0,0,0,0,0
96,AgentA wins,18.00,0,0,0,0,0,0,0,0,0,0
97,AgentA wins,18.00,0,0,0,0,0,0,0,0,0,0
98,AgentA wins,15.00,0,0,0,0,0,0,0,0,0,0
99,AgentA wins,20.00,0,0,0,0,0,0,0,0,0,0
100,AgentA wins,18.00,0,0,0,0,0,0,0,0,0,0
51,AgentA wins,21.00,0,0,0,0,0,0,0,0,0,0
52,AgentA wins,15.00,0,0,0,0,0,0,0,0,0,0
53,AgentA wins,33.00,0,0,0,0,0,0,0,0,0,0
54,AgentB wins,30.67,0,0,0,0,0,0,0,0,0,0
55,AgentA wins,39.67,0,0,0,0,0,0,0,0,0,0
56,AgentA wins,15.00,0,0,0,0,0,0,0,0,0,0
57,AgentB wins,57.33,0,0,0,0,0,0,0,0,0,0
58,timeout draw,60.00,0,0,0,0,0,0,0,0,0,0
59,AgentA wins,15.00,0,0,0,0,0,0,0,0,0,0
60,AgentB wins,25.33,0,0,0,0,0,0,0,0,0,0
61,timeout draw,60.00,0,0,0,0,0,0,0,0,0,0
62,AgentA wins,23.00,0,0,0,0,0,0,0,0,0,0
63,AgentB wins,59.33,0,0,0,0,0,0,0,0,0,0
64,AgentA wins,30.00,0,0,0,0,0,0,0,0,0,0
65,AgentA wins,18.00,0,0,0,0,0,0,0,0,0,0
66,AgentA wins,18.00,0,0,0,0,0,0,0,0,0,0
67,AgentA wins,55.33,0,0,0,0,0,0,0,0,0,0
68,AgentA wins,20.00,0,0,0,0,0,0,0,0,0,0
69,AgentA wins,21.00,0,0,0,0,0,0,0,0,0,0
70,AgentA wins,38.67,0,0,0,0,0,0,0,0,0,0
71,AgentA wins,23.33,0,0,0,0,0,0,0,0,0,0
72,AgentA wins,15.00,0,0,0,0,0,0,0,0,0,0
73,AgentA wins,18.00,0,0,0,0,0,0,0,0,0,0
74,AgentA wins,36.67,0,0,0,0,0,0,0,0,0,0
75,AgentA wins,45.67,0,0,0,0,0,0,0,0,0,0
76,AgentA wins,32.67,0,0,0,0,0,0,0,0,0,0
77,AgentA wins,24.00,0,0,0,0,0,0,0,0,0,0
78,AgentA wins,46.33,0,0,0,0,0,0,0,0,0,0
79,AgentA wins,18.00,0,0,0,0,0,0,0,0,0,0
80,AgentA wins,20.00,0,0,0,0,0,0,0,0,0,0
61,AgentB wins,50.00,0,0,0,0,0,0,0,0,0,0
62,AgentB wins,33.33,0,0,0,0,0,0,0,0,0,0
63,AgentA wins,15.00,0,0,0,0,0,0,0,0,0,0
64,AgentA wins,18.00,0,0,0,0,0,0,0,0,0,0
65,AgentA wins,20.00,0,0,0,0,0,0,0,0,0,0
66,AgentA wins,15.00,0,0,0,0,0,0,0,0,0,0
67,AgentB wins,35.67,0,0,0,0,0,0,0,0,0,0
68,AgentA wins,18.00,0,0,0,0,0,0,0,0,0,0
69,AgentA wins,23.00,0,0,0,0,0,0,0,0,0,0
70,AgentA wins,24.00,0,0,0,0,0,0,0,0,0,0
61,AgentA wins,18.00,0,0,0,0,0,0,0,0,0,0
62,AgentA wins,27.00,0,0,0,0,0,0,0,0,0,0
63,AgentB wins,19.00,0,0,0,0,0,0,0,0,0,0
64,AgentA wins,18.00,0,0,0,0,0,0,0,0,0,0
65,AgentB wins,51.67,0,0,0,0,0,0,0,0,0,0
66,AgentB wins,34.00,0,0,0,0,0,0,0,0,0,0
67,AgentA wins,27.00,0,0,0,0,0,0,0,0,0,0
68,AgentA wins,27.00,0,0,0,0,0,0,0,0,0,0
69,AgentA wins,24.00,0,0,0,0,0,0,0,0,0,0
70,AgentA wins,18.00,0,0,0,0,0,0,0,0,0,0
71,AgentA wins,18.00,0,0,0,0,0,0,0,0,0,0
72,AgentA wins,35.67,0,0,0,0,0,0,0,0,0,0
73,AgentB wins,35.33,0,0,0,0,0,0,0,0,0,0
74,AgentA wins,18.00,0,0,0,0,0,0,0,0,0,0
75,AgentA wins,30.00,0,0,0,0,0,0,0,0,0,0
76,AgentA wins,18.00,0,0,0,0,0,0,0,0,0,0
77,AgentA wins,40.33,0,0,0,0,0,0,0,0,0,0
78,AgentA wins,24.00,0,0,0,0,0,0,0,0,0,0
79,AgentA wins,15.00,0,0,0,0,0,0,0,0,0,0
80,AgentB wins,38.33,0,0,0,0,0,0,0,0,0,0
61,AgentA wins,23.00,0,0,0,0,0,0,0,0,0,0
62,AgentA wins,18.00,0,0,0,0,0,0,0,0,0,0
63,AgentB wins,51.67,0,0,0,0,0,0,0,0,0,0
64,AgentA wins,15.00,0,0,0,0,0,0,0,0,0,0
65,AgentB wins,50.00,0,0,0,0,0,0,0,0,0,0
66,AgentA wins,32.67,0,0,0,0,0,0,0,0,0,0
67,AgentA wins,27.00,0,0,0,0,0,0,0,0,0,0
68,AgentA wins,20.00,0,0,0,0,0,0,0,0,0,0
69,AgentA wins,18.00,0,0,0,0,0,0,0,0,0,0
70,AgentA wins,20.67,0,0,0,0,0,0,0,0,0,0
71,AgentA wins,33.00,294,295,1,150,0,206,0,36,36,81
72,AgentA wins,21.00,192,185,2,91,0,144,0,22,29,46
73,AgentA wins,18.00,160,158,0,72,0,115,0,13,24,47
74,AgentB wins,33.00,296,292,1,135,0,200,0,29,40,63
75,AgentA wins,27.00,241,242,0,113,0,173,0,31,39,62
76,AgentA wins,18.00,156,162,0,89,0,117,0,17,22,48
77,AgentA wins,18.00,159,159,0,90,0,119,0,17,15,57
78,AgentA wins,42.00,376,374,0,196,0,277,0,42,37,104
79,AgentB wins,27.33,247,244,0,121,0,173,0,24,36,78
80,AgentA wins,18.00,158,157,0,70,0,115,0,9,22,40
61,AgentA wins,24.00,0,0,0,0,0,0,0,0,0,0
62,AgentA wins,23.00,0,0,0,0,0,0,0,0,0,0
63,AgentA wins,34.67,0,0,0,0,0,0,0,0,0,0
64,AgentA wins,58.00,0,0,0,0,0,0,0,0,0,0
65,AgentA wins,18.00,0,0,0,0,0,0,0,0,0,0
66,AgentA wins,21.00,0,0,0,0,0,0,0,0,0,0
67,AgentB wins,37.00,0,0,0,0,0,0,0,0,0,0
68,AgentA wins,18.00,0,0,0,0,0,0,0,0,0,0
69,AgentB wins,35.00,0,0,0,0,0,0,0,0,0,0
70,AgentA wins,15.00,0,0,0,0,0,0,0,0,0,0
71,AgentA wins,43.00,0,0,0,0,0,0,0,0,0,0
72,timeout draw,60.00,0,0,0,0,0,0,0,0,0,0
73,AgentB wins,40.33,0,0,0,0,0,0,0,0,0,0
74,AgentA wins,35.67,0,0,0,0,0,0,0,0,0,0
75,AgentA wins,18.00,0,0,0,0,0,0,0,0,0,0
76,AgentA wins,18.00,0,0,0,0,0,0,0,0,0,0
77,AgentA wins,24.00,0,0,0,0,0,0,0,0,0,0
78,AgentA wins,18.00,0,0,0,0,0,0,0,0,0,0
79,AgentA wins,24.00,0,0,0,0,0,0,0,0,0,0
80,AgentB wins,32.67,0,0,0,0,0,0,0,0,0,0
101,AgentA wins,18.00,0,0,0,0,0,0,0,0,0,0
102,AgentA wins,15.00,0,0,0,0,0,0,0,0,0,0
103,AgentA wins,20.00,0,0,0,0,0,0,0,0,0,0
104,AgentA wins,20.00,0,0,0,0,0,0,0,0,0,0
105,AgentA wins,18.00,0,0,0,0,0,0,0,0,0,0
106,AgentA wins,18.00,0,0,0,0,0,0,0,0,0,0
107,AgentA wins,18.00,0,0,0,0,0,0,0,0,0,0
108,AgentA wins,18.00,0,0,0,0,0,0,0,0,0,0
109,AgentA wins,20.00,0,0,0,0,0,0,0,0,0,0
110,AgentA wins,18.00,0,0,0,0,0,0,0,0,0,0
101,AgentA wins,20.00,0,0,0,0,0,0,0,0,0,0
102,AgentA wins,20.00,0,0,0,0,0,0,0,0,0,0
103,AgentA wins,20.00,0,0,0,0,0,0,0,0,0,0
104,AgentA wins,20.00,0,0,0,0,0,0,0,0,0,0
105,AgentA wins,18.00,0,0,0,0,0,0,0,0,0,0
106,AgentA wins,20.00,0,0,0,0,0,0,0,0,0,0
107,AgentA wins,20.00,0,0,0,0,0,0,0,0,0,0
108,AgentA wins,18.00,0,0,0,0,0,0,0,0,0,0
109,AgentA wins,20.00,0,0,0,0,0,0,0,0,0,0
110,AgentA wins,17.00,0,0,0,0,0,0,0,0,0,0
61,AgentA wins,18.00,0,0,0,0,0,0,0,0,0,0
62,AgentA wins,27.00,0,0,0,0,0,0,0,0,0,0
63,AgentA wins,36.00,0,0,0,0,0,0,0,0,0,0
64,AgentB wins,26.67,0,0,0,0,0,0,0,0,0,0
65,AgentA wins,15.00,0,0,0,0,0,0,0,0,0,0
66,AgentA wins,18.00,0,0,0,0,0,0,0,0,0,0
67,AgentA wins,24.00,0,0,0,0,0,0,0,0,0,0
68,AgentA wins,31.67,0,0,0,0,0,0,0,0,0,0
69,AgentA wins,29.67,0,0,0,0,0,0,0,0,0,0
70,AgentA wins,56.00,0,0,0,0,0,0,0,0,0,0
101,AgentA wins,20.00,0,0,0,0,0,0,0,0,0,0
102,AgentA wins,18.00,0,0,0,0,0,0,0,0,0,0
103,AgentA wins,18.00,0,0,0,0,0,0,0,0,0,0
104,AgentA wins,20.00,0,0,0,0,0,0,0,0,0,0
105,AgentA wins,20.00,0,0,0,0,0,0,0,0,0,0
106,AgentA wins,18.00,0,0,0,0,0,0,0,0,0,0
107,AgentA wins,15.00,0,0,0,0,0,0,0,0,0,0
108,AgentA wins,20.00,0,0,0,0,0,0,0,0,0,0
109,AgentA wins,18.00,0,0,0,0,0,0,0,0,0,0
110,AgentA wins,18.00,0,0,0,0,0,0,0,0,0,0
101,AgentA wins,18.00,0,0,0,0,0,0,0,0,0,0
102,AgentA wins,20.00,0,0,0,0,0,0,0,0,0,0
103,AgentA wins,15.00,0,0,0,0,0,0,0,0,0,0
104,AgentA wins,15.00,0,0,0,0,0,0,0,0,0,0
105,AgentA wins,15.00,0,0,0,0,0,0,0,0,0,0
106,AgentA wins,20.00,0,0,0,0,0,0,0,0,0,0
107,AgentA wins,20.00,0,0,0,0,0,0,0,0,0,0
108,AgentA wins,20.00,0,0,0,0,0,0,0,0,0,0
109,AgentA wins,20.00,0,0,0,0,0,0,0,0,0,0
110,AgentA wins,20.00,0,0,0,0,0,0,0,0,0,0
101,AgentA wins,18.00,0,0,0,0,0,0,0,0,0,0
102,AgentA wins,15.00,0,0,0,0,0,0,0,0,0,0
103,AgentA wins,18.00,0,0,0,0,0,0,0,0,0,0
104,AgentA wins,20.00,0,0,0,0,0,0,0,0,0,0
105,AgentA wins,18.00,0,0,0,0,0,0,0,0,0,0
106,AgentA wins,20.00,0,0,0,0,0,0,0,0,0,0
107,AgentA wins,18.00,0,0,0,0,0,0,0,0,0,0
108,AgentB wins,28.00,0,0,0,0,0,0,0,0,0,0
109,AgentA wins,18.00,0,0,0,0,0,0,0,0,0,0
110,AgentA wins,20.00,0,0,0,0,0,0,0,0,0,0
101,AgentA wins,20.00,0,0,0,0,0,0,0,0,0,0
102,AgentA wins,20.00,0,0,0,0,0,0,0,0,0,0
103,AgentA wins,20.00,0,0,0,0,0,0,0,0,0,0
104,AgentA wins,20.00,0,0,0,0,0,0,0,0,0,0
105,AgentA wins,18.00,0,0,0,0,0,0,0,0,0,0
106,AgentA wins,18.00,0,0,0,0,0,0,0,0,0,0
107,AgentA wins,20.00,0,0,0,0,0,0,0,0,0,0
108,AgentA wins,20.00,0,0,0,0,0,0,0,0,0,0
109,AgentA wins,18.00,0,0,0,0,0,0,0,0,0,0
110,AgentA wins,20.00,0,0,0,0,0,0,0,0,0,0
81,AgentB wins,33.67,0,0,0,0,0,0,0,0,0,0
82,AgentA wins,31.00,0,0,0,0,0,0,0,0,0,0
83,AgentA wins,15.00,0,0,0,0,0,0,0,0,0,0
84,AgentA wins,46.33,0,0,0,0,0,0,0,0,0,0
85,AgentA wins,29.00,0,0,0,0,0,0,0,0,0,0
86,AgentA wins,27.00,0,0,0,0,0,0,0,0,0,0
87,AgentB wins,47.33,0,0,0,0,0,0,0,0,0,0
88,AgentA wins,15.00,0,0,0,0,0,0,0,0,0,0
89,AgentA wins,32.00,0,0,0,0,0,0,0,0,0,0
90,AgentA wins,15.00,0,0,0,0,0,0,0,0,0,0
61,AgentA wins,23.67,0,0,0,0,0,0,0,0,0,0
62,AgentA wins,40.00,0,0,0,0,0,0,0,0,0,0
63,AgentA wins,25.33,0,0,0,0,0,0,0,0,0,0
64,AgentA wins,15.00,0,0,0,0,0,0,0,0,0,0
65,AgentA wins,25.67,0,0,0,0,0,0,0,0,0,0
66,AgentA wins,15.00,0,0,0,0,0,0,0,0,0,0
67,timeout draw,60.33,0,0,0,0,0,0,0,0,0,0
68,AgentA wins,43.67,0,0,0,0,0,0,0,0,0,0
69,AgentA wins,42.33,0,0,0,0,0,0,0,0,0,0
70,AgentB wins,43.67,0,0,0,0,0,0,0,0,0,0
61,AgentA wins,30.00,0,0,0,0,0,0,0,0,0,0
62,AgentB wins,36.00,0,0,0,0,0,0,0,0,0,0
63,AgentA wins,18.00,0,0,0,0,0,0,0,0,0,0
64,AgentA wins,15.00,0,0,0,0,0,0,0,0,0,0
65,AgentA wins,20.00,0,0,0,0,0,0,0,0,0,0
66,AgentA wins,31.00,0,0,0,0,0,0,0,0,0,0
67,AgentA wins,47.00,0,0,0,0,0,0,0,0,0,0
68,AgentA wins,35.00,0,0,0,0,0,0,0,0,0,0
69,AgentA wins,27.67,0,0,0,0,0,0,0,0,0,0
70,AgentA wins,15.00,0,0,0,0,0,0,0,0,0,0
81,AgentA wins,20.00,0,0,0,0,0,0,0,0,0,0
82,AgentA wins,20.00,0,0,0,0,0,0,0,0,0,0
83,AgentA wins,18.00,0,0,0,0,0,0,0,0,0,0
84,AgentA wins,18.00,0,0,0,0,0,0,0,0,0,0
85,AgentA wins,20.00,0,0,0,0,0,0,0,0,0,0
86,AgentA wins,18.00,0,0,0,0,0,0,0,0,0,0
87,AgentA wins,27.00,0,0,0,0,0,0,0,0,0,0
88,AgentA wins,32.67,0,0,0,0,0,0,0,0,0,0
89,timeout draw,60.00,0,0,0,0,0,0,0,0,0,0
90,AgentA wins,21.00,0,0,0,0,0,0,0,0,0,0
71,AgentA wins,24.00,0,0,0,0,0,0,0,0,0,0
72,AgentA wins,18.00,0,0,0,0,0,0,0,0,0,0
73,AgentA wins,21.00,0,0,0,0,0,0,0,0,0,0
74,AgentA wins,15.00,0,0,0,0,0,0,0,0,0,0
75,AgentA wins,18.00,0,0,0,0,0,0,0,0,0,0
76,timeout draw,60.00,0,0,0,0,0,0,0,0,0,0
77,AgentA wins,31.33,0,0,0,0,0,0,0,0,0,0
78,AgentA wins,31.67,0,0,0,0,0,0,0,0,0,0
79,AgentB wins,32.00,0,0,0,0,0,0,0,0,0,0
80,AgentB wins,39.67,0,0,0,0,0,0,0,0,0,0
71,AgentA wins,15.00,0,0,0,0,0,0,0,0,0,0
72,AgentA wins,27.00,0,0,0,0,0,0,0,0,0,0
73,AgentA wins,38.67,0,0,0,0,0,0,0,0,0,0
74,AgentB wins,36.00,0,0,0,0,0,0,0,0,0,0
75,AgentA wins,18.00,0,0,0,0,0,0,0,0,0,0
76,AgentA wins,20.00,0,0,0,0,0,0,0,0,0,0
77,AgentA wins,15.00,0,0,0,0,0,0,0,0,0,0
78,AgentA wins,24.00,0,0,0,0,0,0,0,0,0,0
79,AgentA wins,18.00,0,0,0,0,0,0,0,0,0,0
80,AgentA wins,33.67,0,0,0,0,0,0,0,0,0,0
71,AgentA wins,18.00,0,0,0,0,0,0,0,0,0,0
72,AgentA wins,23.00,0,0,0,0,0,0,0,0,0,0
73,AgentA wins,18.00,0,0,0,0,0,0,0,0,0,0
74,AgentB wins,47.33,0,0,0,0,0,0,0,0,0,0
75,AgentA wins,18.00,0,0,0,0,0,0,0,0,0,0
76,AgentA wins,24.00,0,0,0,0,0,0,0,0,0,0
77,timeout draw,60.00,0,0,0,0,0,0,0,0,0,0
78,AgentB wins,31.33,0,0,0,0,0,0,0,0,0,0
79,AgentA wins,18.00,0,0,0,0,0,0,0,0,0,0
80,AgentA wins,26.00,0,0,0,0,0,0,0,0,0,0
61,AgentA wins,35.67,0,0,0,0,0,0,0,0,0,0
62,AgentB wins,41.67,0,0,0,0,0,0,0,0,0,0
63,AgentA wins,51.00,0,0,0,0,0,0,0,0,0,0
64,AgentA wins,40.00,0,0,0,0,0,0,0,0,0,0
65,AgentB wins,54.67,0,0,0,0,0,0,0,0,0,0
66,AgentA wins,22.67,0,0,0,0,0,0,0,0,0,0
67,AgentA wins,15.00,0,0,0,0,0,0,0,0,0,0
68,AgentA wins,37.67,0,0,0,0,0,0,0,0,0,0
69,AgentA wins,15.00,0,0,0,0,0,0,0,0,0,0
70,AgentA wins,35.33,0,0,0,0,0,0,0,0,0,0
61,AgentA wins,20.00,0,0,0,0,0,0,0,0,0,0
62,AgentA wins,18.00,0,0,0,0,0,0,0,0,0,0
63,AgentA wins,18.00,0,0,0,0,0,0,0,0,0,0
64,AgentB wins,47.33,0,0,0,0,0,0,0,0,0,0
65,AgentA wins,30.00,0,0,0,0,0,0,0,0,0,0
66,AgentA wins,18.00,0,0,0,0,0,0,0,0,0,0
67,AgentA wins,30.67,0,0,0,0,0,0,0,0,0,0
68,AgentA wins,15.00,0,0,0,0,0,0,0,0,0,0
69,AgentA wins,15.00,0,0,0,0,0,0,0,0,0,0
70,AgentA wins,15.00,0,0,0,0,0,0,0,0,0,0
71,AgentA wins,18.00,0,0,0,0,0,0,0,0,0,0
72,AgentA wins,18.00,0,0,0,0,0,0,0,0,0,0
73,AgentA wins,18.00,0,0,0,0,0,0,0,0,0,0
74,AgentB wins,50.67,0,0,0,0,0,0,0,0,0,0
75,AgentA wins,28.00,0,0,0,0,0,0,0,0,0,0
76,AgentA wins,20.00,0,0,0,0,0,0,0,0,0,0
77,AgentA wins,15.00,0,0,0,0,0,0,0,0,0,0
78,AgentA wins,20.67,0,0,0,0,0,0,0,0,0,0
79,AgentA wins,37.33,0,0,0,0,0,0,0,0,0,0
80,AgentA wins,15.00,0,0,0,0,0,0,0,0,0,0
81,AgentA wins,38.67,0,0,0,0,0,0,0,0,0,0
82,AgentA wins,15.00,0,0,0,0,0,0,0,0,0,0
83,AgentA wins,32.00,0,0,0,0,0,0,0,0,0,0
84,AgentB wins,41.33,0,0,0,0,0,0,0,0,0,0
85,AgentA wins,31.00,0,0,0,0,0,0,0,0,0,0
86,AgentA wins,18.00,0,0,0,0,0,0,0,0,0,0
87,AgentA wins,15.00,0,0,0,0,0,0,0,0,0,0
88,AgentA wins,15.00,0,0,0,0,0,0,0,0,0,0
89,AgentA wins,15.00,0,0,0,0,0,0,0,0,0,0
90,AgentA wins,23.67,0,0,0,0,0,0,0,0,0,0
71,AgentA wins,21.00,0,0,0,0,0,0,0,0,0,0
72,AgentA wins,15.00,0,0,0,0,0,0,0,0,0,0
73,AgentA wins,18.00,0,0,0,0,0,0,0,0,0,0
74,AgentA wins,46.00,0,0,0,0,0,0,0,0,0,0
75,AgentA wins,15.00,0,0,0,0,0,0,0,0,0,0
76,AgentA wins,15.00,0,0,0,0,0,0,0,0,0,0
77,AgentA wins,15.00,0,0,0,0,0,0,0,0,0,0
78,AgentA wins,15.00,0,0,0,0,0,0,0,0,0,0
79,AgentA wins,30.33,0,0,0,0,0,0,0,0,0,0
80,AgentA wins,27.00,0,0,0,0,0,0,0,0,0,0
111,AgentA wins,18.00,0,0,0,0,0,0,0,0,0,0
112,AgentA wins,20.00,0,0,0,0,0,0,0,0,0,0
113,AgentA wins,20.00,0,0,0,0,0,0,0,0,0,0
114,AgentA wins,15.00,0,0,0,0,0,0,0,0,0,0
115,AgentA wins,18.00,0,0,0,0,0,0,0,0,0,0
116,AgentA wins,15.00,0,0,0,0,0,0,0,0,0,0
117,AgentA wins,19.67,0,0,0,0,0,0,0,0,0,0
118,AgentA wins,19.67,0,0,0,0,0,0,0,0,0,0
119,AgentA wins,20.00,0,0,0,0,0,0,0,0,0,0
120,AgentA wins,17.00,0,0,0,0,0,0,0,0,0,0
111,AgentA wins,18.00,0,0,0,0,0,0,0,0,0,0
112,AgentA wins,20.00,0,0,0,0,0,0,0,0,0,0
113,AgentA wins,20.00,0,0,0,0,0,0,0,0,0,0
114,AgentA wins,17.00,0,0,0,0,0,0,0,0,0,0
115,AgentA wins,18.00,0,0,0,0,0,0,0,0,0,0
116,AgentA wins,17.00,0,0,0,0,0,0,0,0,0,0
117,AgentA wins,15.00,0,0,0,0,0,0,0,0,0,0
118,AgentA wins,20.00,0,0,0,0,0,0,0,0,0,0
119,AgentA wins,20.00,0,0,0,0,0,0,0,0,0,0
120,AgentA wins,18.00,0,0,0,0,0,0,0,0,0,0
81,AgentA wins,20.00,0,0,0,0,0,0,0,0,0,0
82,AgentA wins,18.00,0,0,0,0,0,0,0,0,0,0
83,AgentA wins,24.00,0,0,0,0,0,0,0,0,0,0
84,AgentA wins,25.00,0,0,0,0,0,0,0,0,0,0
85,AgentA wins,32.67,0,0,0,0,0,0,0,0,0,0
86,AgentA wins,59.33,0,0,0,0,0,0,0,0,0,0
87,AgentA wins,35.33,0,0,0,0,0,0,0,0,0,0
88,AgentA wins,52.33,0,0,0,0,0,0,0,0,0,0
89,AgentA wins,32.67,0,0,0,0,0,0,0,0,0,0
90,AgentA wins,18.00,0,0,0,0,0,0,0,0,0,0
111,AgentA wins,20.00,0,0,0,0,0,0,0,0,0,0
112,AgentA wins,15.00,0,0,0,0,0,0,0,0,0,0
113,AgentA wins,18.00,0,0,0,0,0,0,0,0,0,0
114,AgentA wins,15.00,0,0,0,0,0,0,0,0,0,0
115,AgentA wins,20.00,0,0,0,0,0,0,0,0,0,0
116,AgentA wins,15.00,0,0,0,0,0,0,0,0,0,0
117,AgentA wins,17.00,0,0,0,0,0,0,0,0,0,0
118,AgentA wins,20.00,0,0,0,0,0,0,0,0,0,0
119,AgentA wins,20.00,0,0,0,0,0,0,0,0,0,0
120,AgentA wins,18.00,0,0,0,0,0,0,0,0,0,0
71,AgentA wins,33.00,0,0,0,0,0,0,0,0,0,0
72,AgentA wins,23.33,0,0,0,0,0,0,0,0,0,0
73,AgentA wins,18.00,0,0,0,0,0,0,0,0,0,0
74,AgentA wins,35.67,0,0,0,0,0,0,0,0,0,0
75,AgentA wins,20.00,0,0,0,0,0,0,0,0,0,0
76,AgentA wins,60.00,0,0,0,0,0,0,0,0,0,0
77,AgentA wins,21.00,0,0,0,0,0,0,0,0,0,0
78,AgentA wins,15.67,0,0,0,0,0,0,0,0,0,0
79,AgentA wins,33.00,0,0,0,0,0,0,0,0,0,0
80,AgentA wins,46.00,0,0,0,0,0,0,0,0,0,0
111,AgentA wins,18.00,0,0,0,0,0,0,0,0,0,0
112,AgentA wins,17.00,0,0,0,0,0,0,0,0,0,0
113,AgentA wins,15.00,0,0,0,0,0,0,0,0,0,0
114,AgentA wins,20.00,0,0,0,0,0,0,0,0,0,0
115,AgentA wins,20.00,0,0,0,0,0,0,0,0,0,0
116,AgentA wins,15.00,0,0,0,0,0,0,0,0,0,0
117,AgentA wins,20.00,0,0,0,0,0,0,0,0,0,0
118,AgentA wins,17.00,0,0,0,0,0,0,0,0,0,0
119,AgentA wins,20.00,0,0,0,0,0,0,0,0,0,0
120,AgentA wins,20.00,0,0,0,0,0,0,0,0,0,0
71,AgentA wins,49.33,0,0,0,0,0,0,0,0,0,0
72,AgentA wins,40.00,0,0,0,0,0,0,0,0,0,0
73,AgentA wins,24.00,0,0,0,0,0,0,0,0,0,0
74,AgentA wins,18.00,0,0,0,0,0,0,0,0,0,0
75,AgentA wins,19.67,0,0,0,0,0,0,0,0,0,0
76,AgentA wins,15.00,0,0,0,0,0,0,0,0,0,0
77,AgentA wins,15.00,0,0,0,0,0,0,0,0,0,0
78,AgentA wins,15.00,0,0,0,0,0,0,0,0,0,0
79,AgentB wins,33.33,0,0,0,0,0,0,0,0,0,0
80,AgentA wins,43.00,0,0,0,0,0,0,0,0,0,0
111,AgentA wins,20.00,0,0,0,0,0,0,0,0,0,0
112,AgentA wins,20.00,0,0,0,0,0,0,0,0,0,0
113,AgentA wins,15.00,0,0,0,0,0,0,0,0,0,0
114,AgentA wins,17.00,0,0,0,0,0,0,0,0,0,0
115,AgentA wins,20.00,0,0,0,0,0,0,0,0,0,0
116,AgentA wins,20.00,0,0,0,0,0,0,0,0,0,0
117,AgentA wins,15.00,0,0,0,0,0,0,0,0,0,0
118,AgentA wins,20.00,0,0,0,0,0,0,0,0,0,0
119,AgentA wins,20.00,0,0,0,0,0,0,0,0,0,0
120,AgentA wins,15.00,0,0,0,0,0,0,0,0,0,0
111,AgentA wins,20.00,0,0,0,0,0,0,0,0,0,0
112,AgentA wins,20.00,0,0,0,0,0,0,0,0,0,0
113,AgentA wins,20.00,0,0,0,0,0,0,0,0,0,0
114,AgentA wins,15.00,0,0,0,0,0,0,0,0,0,0
115,AgentA wins,15.00,0,0,0,0,0,0,0,0,0,0
116,AgentA wins,20.00,0,0,0,0,0,0,0,0,0,0
117,AgentA wins,15.00,0,0,0,0,0,0,0,0,0,0
118,AgentA wins,20.00,0,0,0,0,0,0,0,0,0,0
119,AgentA wins,19.67,0,0,0,0,0,0,0,0,0,0
120,AgentA wins,20.00,0,0,0,0,0,0,0,0,0,0
81,AgentA wins,24.00,210,212,2,101,0,141,0,22,30,55
82,AgentB wins,27.33,244,244,1,106,0,168,0,23,37,61
83,AgentA wins,29.00,260,255,0,139,0,183,0,33,32,71
84,AgentA wins,30.00,267,263,1,106,0,187,0,23,41,74
85,AgentA wins,30.00,267,266,1,133,0,178,0,32,36,61
86,AgentA wins,15.00,134,129,1,77,0,102,0,18,19,41
87,AgentA wins,30.67,277,269,1,141,0,196,0,30,36,71
88,AgentA wins,18.00,161,154,1,71,0,118,0,18,25,46
89,AgentA wins,32.67,287,292,1,141,0,210,0,31,40,65
90,AgentA wins,36.67,328,330,0,164,0,228,0,34,41,82
71,AgentA wins,15.00,0,0,0,0,0,0,0,0,0,0
72,timeout draw,60.00,0,0,0,0,0,0,0,0,0,0
73,AgentA wins,25.67,0,0,0,0,0,0,0,0,0,0
74,AgentA wins,15.00,0,0,0,0,0,0,0,0,0,0
75,AgentA wins,24.00,0,0,0,0,0,0,0,0,0,0
76,AgentA wins,25.00,0,0,0,0,0,0,0,0,0,0
77,AgentA wins,15.00,0,0,0,0,0,0,0,0,0,0
78,AgentA wins,15.00,0,0,0,0,0,0,0,0,0,0
79,AgentA wins,15.00,0,0,0,0,0,0,0,0,0,0
80,AgentA wins,28.67,0,0,0,0,0,0,0,0,0,0
71,AgentA wins,28.00,0,0,0,0,0,0,0,0,0,0
72,AgentA wins,39.67,0,0,0,0,0,0,0,0,0,0
73,AgentA wins,30.00,0,0,0,0,0,0,0,0,0,0
74,AgentA wins,18.00,0,0,0,0,0,0,0,0,0,0
75,timeout draw,60.00,0,0,0,0,0,0,0,0,0,0
76,timeout draw,60.00,0,0,0,0,0,0,0,0,0,0
77,timeout draw,60.00,0,0,0,0,0,0,0,0,0,0
78,AgentA wins,33.00,0,0,0,0,0,0,0,0,0,0
79,AgentA wins,15.00,0,0,0,0,0,0,0,0,0,0
80,AgentB wins,44.67,0,0,0,0,0,0,0,0,0,0
81,AgentA wins,18.00,0,0,0,0,0,0,0,0,0,0
82,AgentA wins,21.00,0,0,0,0,0,0,0,0,0,0
83,timeout draw,60.00,0,0,0,0,0,0,0,0,0,0
84,AgentA wins,18.00,0,0,0,0,0,0,0,0,0,0
85,AgentA wins,43.00,0,0,0,0,0,0,0,0,0,0
86,AgentA wins,53.33,0,0,0,0,0,0,0,0,0,0
87,AgentB wins,35.67,0,0,0,0,0,0,0,0,0,0
88,AgentA wins,18.00,0,0,0,0,0,0,0,0,0,0
89,AgentA wins,18.00,0,0,0,0,0,0,0,0,0,0
90,AgentA wins,30.67,0,0,0,0,0,0,0,0,0,0
81,AgentA wins,15.00,0,0,0,0,0,0,0,0,0,0
82,AgentA wins,15.00,0,0,0,0,0,0,0,0,0,0
83,AgentA wins,18.00,0,0,0,0,0,0,0,0,0,0
84,AgentA wins,20.00,0,0,0,0,0,0,0,0,0,0
85,AgentA wins,36.00,0,0,0,0,0,0,0,0,0,0
86,AgentA wins,23.00,0,0,0,0,0,0,0,0,0,0
87,AgentB wins,56.67,0,0,0,0,0,0,0,0,0,0
88,AgentA wins,15.00,0,0,0,0,0,0,0,0,0,0
89,AgentB wins,30.67,0,0,0,0,0,0,0,0,0,0
90,AgentA wins,18.00,0,0,0,0,0,0,0,0,0,0
71,timeout draw,60.00,0,0,0,0,0,0,0,0,0,0
72,timeout draw,60.00,0,0,0,0,0,0,0,0,0,0
73,AgentA wins,20.00,0,0,0,0,0,0,0,0,0,0
74,AgentA wins,18.00,0,0,0,0,0,0,0,0,0,0
75,AgentA wins,18.00,0,0,0,0,0,0,0,0,0,0
76,AgentA wins,18.00,0,0,0,0,0,0,0,0,0,0
77,AgentB wins,50.67,0,0,0,0,0,0,0,0,0,0
78,AgentA wins,15.00,0,0,0,0,0,0,0,0,0,0
79,AgentA wins,15.00,0,0,0,0,0,0,0,0,0,0
80,AgentA wins,15.00,0,0,0,0,0,0,0,0,0,0
91,AgentB wins,36.33,0,0,0,0,0,0,0,0,0,0
92,AgentB wins,29.67,0,0,0,0,0,0,0,0,0,0
93,AgentB wins,36.67,0,0,0,0,0,0,0,0,0,0
94,AgentA wins,21.00,0,0,0,0,0,0,0,0,0,0
95,AgentA wins,31.00,0,0,0,0,0,0,0,0,0,0
96,AgentA wins,15.00,0,0,0,0,0,0,0,0,0,0
97,AgentA wins,45.00,0,0,0,0,0,0,0,0,0,0
98,AgentA wins,24.00,0,0,0,0,0,0,0,0,0,0
99,AgentA wins,18.67,0,0,0,0,0,0,0,0,0,0
100,AgentA wins,38.00,0,0,0,0,0,0,0,0,0,0
71,AgentB wins,35.67,0,0,0,0,0,0,0,0,0,0
72,AgentA wins,26.00,0,0,0,0,0,0,0,0,0,0
73,AgentB wins,28.67,0,0,0,0,0,0,0,0,0,0
74,AgentB wins,30.67,0,0,0,0,0,0,0,0,0,0
75,AgentA wins,20.00,0,0,0,0,0,0,0,0,0,0
76,AgentB wins,36.67,0,0,0,0,0,0,0,0,0,0
77,AgentA wins,23.67,0,0,0,0,0,0,0,0,0,0
78,AgentB wins,48.67,0,0,0,0,0,0,0,0,0,0
79,AgentA wins,15.67,0,0,0,0,0,0,0,0,0,0
80,AgentA wins,15.00,0,0,0,0,0,0,0,0,0,0
71,AgentB wins,32.67,0,0,0,0,0,0,0,0,0,0
72,AgentB wins,34.00,0,0,0,0,0,0,0,0,0,0
73,AgentA wins,49.33,0,0,0,0,0,0,0,0,0,0
74,AgentB wins,27.67,0,0,0,0,0,0,0,0,0,0
75,AgentA wins,33.67,0,0,0,0,0,0,0,0,0,0
76,AgentA wins,15.00,0,0,0,0,0,0,0,0,0,0
77,AgentA wins,18.00,0,0,0,0,0,0,0,0,0,0
78,AgentA wins,26.00,0,0,0,0,0,0,0,0,0,0
79,AgentA wins,24.00,0,0,0,0,0,0,0,0,0,0
80,AgentA wins,15.00,0,0,0,0,0,0,0,0,0,0
81,AgentA wins,26.33,0,0,0,0,0,0,0,0,0,0
82,AgentA wins,20.00,0,0,0,0,0,0,0,0,0,0
83,timeout draw,60.00,0,0,0,0,0,0,0,0,0,0
84,AgentA wins,20.00,0,0,0,0,0,0,0,0,0,0
85,AgentA wins,15.00,0,0,0,0,0,0,0,0,0,0
86,AgentA wins,15.00,0,0,0,0,0,0,0,0,0,0
87,AgentA wins,44.00,0,0,0,0,0,0,0,0,0,0
88,AgentA wins,30.00,0,0,0,0,0,0,0,0,0,0
89,AgentA wins,18.00,0,0,0,0,0,0,0,0,0,0
90,AgentA wins,30.00,0,0,0,0,0,0,0,0,0,0
71,AgentA wins,41.67,0,0,0,0,0,0,0,0,0,0
72,AgentA wins,18.00,0,0,0,0,0,0,0,0,0,0
73,AgentA wins,15.00,0,0,0,0,0,0,0,0,0,0
74,AgentA wins,19.67,0,0,0,0,0,0,0,0,0,0
75,timeout draw,60.00,0,0,0,0,0,0,0,0,0,0
76,AgentA wins,24.00,0,0,0,0,0,0,0,0,0,0
77,AgentA wins,21.00,0,0,0,0,0,0,0,0,0,0
78,AgentA wins,23.67,0,0,0,0,0,0,0,0,0,0
79,AgentB wins,27.67,0,0,0,0,0,0,0,0,0,0
80,AgentA wins,29.00,0,0,0,0,0,0,0,0,0,0
121,AgentA wins,15.00,0,0,0,0,0,0,0,0,0,0
122,AgentA wins,15.00,0,0,0,0,0,0,0,0,0,0
123,AgentA wins,15.00,0,0,0,0,0,0,0,0,0,0
124,AgentA wins,17.00,0,0,0,0,0,0,0,0,0,0
125,AgentA wins,18.00,0,0,0,0,0,0,0,0,0,0
126,AgentA wins,15.00,0,0,0,0,0,0,0,0,0,0
127,AgentA wins,18.00,0,0,0,0,0,0,0,0,0,0
128,AgentA wins,19.67,0,0,0,0,0,0,0,0,0,0
129,AgentA wins,20.00,0,0,0,0,0,0,0,0,0,0
130,AgentA wins,20.00,0,0,0,0,0,0,0,0,0,0
121,AgentA wins,15.00,0,0,0,0,0,0,0,0,0,0
122,AgentA wins,18.00,0,0,0,0,0,0,0,0,0,0
123,AgentA wins,20.00,0,0,0,0,0,0,0,0,0,0
124,AgentA wins,20.00,0,0,0,0,0,0,0,0,0,0
125,AgentA wins,20.00,0,0,0,0,0,0,0,0,0,0
126,AgentA wins,15.00,0,0,0,0,0,0,0,0,0,0
127,AgentA wins,20.00,0,0,0,0,0,0,0,0,0,0
128,AgentA wins,18.00,0,0,0,0,0,0,0,0,0,0
129,AgentA wins,19.67,0,0,0,0,0,0,0,0,0,0
130,AgentA wins,20.00,0,0,0,0,0,0,0,0,0,0
91,AgentA wins,48.00,0,0,0,0,0,0,0,0,0,0
92,timeout draw,60.00,0,0,0,0,0,0,0,0,0,0
93,AgentA wins,15.00,0,0,0,0,0,0,0,0,0,0
94,AgentA wins,15.00,0,0,0,0,0,0,0,0,0,0
95,timeout draw,60.00,0,0,0,0,0,0,0,0,0,0
96,AgentB wins,36.67,0,0,0,0,0,0,0,0,0,0
97,AgentA wins,59.67,0,0,0,0,0,0,0,0,0,0
98,AgentA wins,15.00,0,0,0,0,0,0,0,0,0,0
99,AgentA wins,15.00,0,0,0,0,0,0,0,0,0,0
100,AgentA wins,15.00,0,0,0,0,0,0,0,0,0,0
81,AgentA wins,20.00,0,0,0,0,0,0,0,0,0,0
82,AgentA wins,18.00,0,0,0,0,0,0,0,0,0,0
83,AgentA wins,15.00,0,0,0,0,0,0,0,0,0,0
84,AgentA wins,24.00,0,0,0,0,0,0,0,0,0,0
85,AgentA wins,15.67,0,0,0,0,0,0,0,0,0,0
86,AgentA wins,38.33,0,0,0,0,0,0,0,0,0,0
87,AgentB wins,37.33,0,0,0,0,0,0,0,0,0,0
88,AgentB wins,39.33,0,0,0,0,0,0,0,0,0,0
89,AgentB wins,42.67,0,0,0,0,0,0,0,0,0,0
90,AgentA wins,18.00,0,0,0,0,0,0,0,0,0,0
121,AgentA wins,18.00,0,0,0,0,0,0,0,0,0,0
122,AgentA wins,20.00,0,0,0,0,0,0,0,0,0,0
123,AgentA wins,19.67,0,0,0,0,0,0,0,0,0,0
124,AgentA wins,15.00,0,0,0,0,0,0,0,0,0,0
125,AgentA wins,18.00,0,0,0,0,0,0,0,0,0,0
126,AgentA wins,19.67,0,0,0,0,0,0,0,0,0,0
127,AgentA wins,20.00,0,0,0,0,0,0,0,0,0,0
128,AgentA wins,15.00,0,0,0,0,0,0,0,0,0,0
129,AgentA wins,20.00,0,0,0,0,0,0,0,0,0,0
130,AgentA wins,15.00,0,0,0,0,0,0,0,0,0,0
121,AgentA wins,20.00,0,0,0,0,0,0,0,0,0,0
122,AgentA wins,15.00,0,0,0,0,0,0,0,0,0,0
123,AgentA wins,15.00,0,0,0,0,0,0,0,0,0,0
124,AgentA wins,17.00,0,0,0,0,0,0,0,0,0,0
125,AgentA wins,15.00,0,0,0,0,0,0,0,0,0,0
126,AgentA wins,19.67,0,0,0,0,0,0,0,0,0,0
127,AgentA wins,20.00,0,0,0,0,0,0,0,0,0,0
128,AgentA wins,15.00,0,0,0,0,0,0,0,0,0,0
129,AgentA wins,20.00,0,0,0,0,0,0,0,0,0,0
130,AgentA wins,20.00,0,0,0,0,0,0,0,0,0,0
121,AgentA wins,20.00,0,0,0,0,0,0,0,0,0,0
122,AgentA wins,17.00,0,0,0,0,0,0,0,0,0,0
123,AgentA wins,23.00,0,0,0,0,0,0,0,0,0,0
124,AgentA wins,20.00,0,0,0,0,0,0,0,0,0,0
125,AgentA wins,15.00,0,0,0,0,0,0,0,0,0,0
126,AgentA wins,20.00,0,0,0,0,0,0,0,0,0,0
127,AgentA wins,19.67,0,0,0,0,0,0,0,0,0,0
128,AgentA wins,20.00,0,0,0,0,0,0,0,0,0,0
129,AgentA wins,20.00,0,0,0,0,0,0,0,0,0,0
130,AgentA wins,19.67,0,0,0,0,0,0,0,0,0,0
81,AgentA wins,21.00,0,0,0,0,0,0,0,0,0,0
82,AgentA wins,25.00,0,0,0,0,0,0,0,0,0,0
83,AgentA wins,18.00,0,0,0,0,0,0,0,0,0,0
84,AgentA wins,31.67,0,0,0,0,0,0,0,0,0,0
85,AgentA wins,15.00,0,0,0,0,0,0,0,0,0,0
86,AgentA wins,15.00,0,0,0,0,0,0,0,0,0,0
87,AgentA wins,15.00,0,0,0,0,0,0,0,0,0,0
88,AgentB wins,19.00,0,0,0,0,0,0,0,0,0,0
89,AgentA wins,18.00,0,0,0,0,0,0,0,0,0,0
90,AgentA wins,29.00,0,0,0,0,0,0,0,0,0,0
121,AgentA wins,20.00,0,0,0,0,0,0,0,0,0,0
122,AgentA wins,20.00,0,0,0,0,0,0,0,0,0,0
123,AgentA wins,15.00,0,0,0,0,0,0,0,0,0,0
124,AgentA wins,20.00,0,0,0,0,0,0,0,0,0,0
125,AgentA wins,18.00,0,0,0,0,0,0,0,0,0,0
126,AgentA wins,20.00,0,0,0,0,0,0,0,0,0,0
127,AgentA wins,15.00,0,0,0,0,0,0,0,0,0,0
128,AgentA wins,15.00,0,0,0,0,0,0,0,0,0,0
129,AgentA wins,18.00,0,0,0,0,0,0,0,0,0,0
130,AgentA wins,18.00,0,0,0,0,0,0,0,0,0,0
91,AgentA wins,15.00,0,0,0,0,0,0,0,0,0,0
92,AgentA wins,15.00,0,0,0,0,0,0,0,0,0,0
93,AgentA wins,23.33,0,0,0,0,0,0,0,0,0,0
94,AgentA wins,27.00,0,0,0,0,0,0,0,0,0,0
95,AgentA wins,18.00,0,0,0,0,0,0,0,0,0,0
96,AgentA wins,18.67,0,0,0,0,0,0,0,0,0,0
97,AgentA wins,18.00,0,0,0,0,0,0,0,0,0,0
98,AgentA wins,18.00,0,0,0,0,0,0,0,0,0,0
99,AgentB wins,31.33,0,0,0,0,0,0,0,0,0,0
100,AgentA wins,44.67,0,0,0,0,0,0,0,0,0,0
81,AgentA wins,39.67,0,0,0,0,0,0,0,0,0,0
82,timeout draw,60.00,0,0,0,0,0,0,0,0,0,0
83,AgentA wins,18.00,0,0,0,0,0,0,0,0,0,0
84,AgentA wins,46.67,0,0,0,0,0,0,0,0,0,0
85,AgentB wins,38.33,0,0,0,0,0,0,0,0,0,0
86,AgentA wins,28.67,0,0,0,0,0,0,0,0,0,0
87,AgentA wins,47.00,0,0,0,0,0,0,0,0,0,0
88,AgentA wins,24.00,0,0,0,0,0,0,0,0,0,0
89,AgentA wins,21.00,0,0,0,0,0,0,0,0,0,0
90,AgentB wins,39.33,0,0,0,0,0,0,0,0,0,0
91,AgentA wins,15.00,129,133,1,60,0,97,0,12,25,22
92,AgentA wins,21.00,185,188,1,86,0,140,0,18,35,39
93,AgentA wins,29.67,260,257,4,122,0,185,0,21,49,68
94,AgentB wins,25.00,222,222,0,122,0,168,0,23,32,63
95,AgentA wins,15.00,134,135,0,72,0,97,0,12,22,32
96,AgentA wins,30.00,268,270,1,130,0,189,0,26,47,62
97,AgentB wins,28.33,248,251,0,129,0,194,0,28,39,67
98,AgentA wins,15.67,137,141,0,66,0,104,0,11,24,23
99,AgentA wins,34.00,296,303,4,138,0,217,0,32,53,60
100,AgentA wins,24.00,212,214,1,115,0,155,0,29,33,48
91,AgentA wins,47.67,0,0,0,0,0,0,0,0,0,0
92,AgentB wins,36.67,0,0,0,0,0,0,0,0,0,0
93,AgentA wins,21.00,0,0,0,0,0,0,0,0,0,0
94,AgentA wins,26.00,0,0,0,0,0,0,0,0,0,0
95,AgentB wins,30.00,0,0,0,0,0,0,0,0,0,0
96,AgentA wins,15.00,0,0,0,0,0,0,0,0,0,0
97,AgentA wins,17.67,0,0,0,0,0,0,0,0,0,0
98,AgentB wins,53.33,0,0,0,0,0,0,0,0,0,0
99,AgentA wins,15.00,0,0,0,0,0,0,0,0,0,0
100,AgentA wins,15.00,0,0,0,0,0,0,0,0,0,0
81,AgentB wins,30.00,0,0,0,0,0,0,0,0,0,0
82,AgentB wins,34.33,0,0,0,0,0,0,0,0,0,0
83,AgentA wins,15.00,0,0,0,0,0,0,0,0,0,0
84,AgentA wins,26.33,0,0,0,0,0,0,0,0,0,0
85,AgentA wins,21.00,0,0,0,0,0,0,0,0,0,0
86,AgentA wins,30.33,0,0,0,0,0,0,0,0,0,0
87,AgentB wins,39.67,0,0,0,0,0,0,0,0,0,0
88,AgentA wins,24.00,0,0,0,0,0,0,0,0,0,0
89,AgentB wins,35.00,0,0,0,0,0,0,0,0,0,0
90,AgentA wins,26.00,0,0,0,0,0,0,0,0,0,0
81,AgentB wins,37.00,0,0,0,0,0,0,0,0,0,0
82,AgentB wins,32.00,0,0,0,0,0,0,0,0,0,0
83,AgentA wins,23.67,0,0,0,0,0,0,0,0,0,0
84,AgentA wins,33.67,0,0,0,0,0,0,0,0,0,0
85,AgentA wins,15.00,0,0,0,0,0,0,0,0,0,0
86,timeout draw,60.00,0,0,0,0,0,0,0,0,0,0
87,AgentA wins,18.00,0,0,0,0,0,0,0,0,0,0
88,AgentA wins,18.00,0,0,0,0,0,0,0,0,0,0
89,AgentB wins,25.67,0,0,0,0,0,0,0,0,0,0
90,AgentB wins,25.00,0,0,0,0,0,0,0,0,0,0
81,AgentA wins,38.00,0,0,0,0,0,0,0,0,0,0
82,AgentB wins,29.67,0,0,0,0,0,0,0,0,0,0
83,AgentB wins,29.00,0,0,0,0,0,0,0,0,0,0
84,AgentA wins,18.00,0,0,0,0,0,0,0,0,0,0
85,AgentA wins,15.00,0,0,0,0,0,0,0,0,0,0
86,AgentB wins,31.33,0,0,0,0,0,0,0,0,0,0
87,AgentA wins,15.00,0,0,0,0,0,0,0,0,0,0
88,AgentA wins,28.67,0,0,0,0,0,0,0,0,0,0
89,AgentA wins,20.00,0,0,0,0,0,0,0,0,0,0
90,AgentA wins,30.00,0,0,0,0,0,0,0,0,0,0
81,AgentA wins,15.00,0,0,0,0,0,0,0,0,0,0
82,AgentA wins,48.00,0,0,0,0,0,0,0,0,0,0
83,AgentA wins,15.00,0,0,0,0,0,0,0,0,0,0
84,AgentA wins,18.00,0,0,0,0,0,0,0,0,0,0
85,AgentA wins,18.00,0,0,0,0,0,0,0,0,0,0
86,AgentA wins,15.00,0,0,0,0,0,0,0,0,0,0
87,AgentA wins,20.00,0,0,0,0,0,0,0,0,0,0
88,AgentA wins,18.00,0,0,0,0,0,0,0,0,0,0
89,AgentA wins,29.67,0,0,0,0,0,0,0,0,0,0
90,AgentB wins,25.33,0,0,0,0,0,0,0,0,0,0
131,AgentA wins,18.00,0,0,0,0,0,0,0,0,0,0
132,AgentA wins,20.00,0,0,0,0,0,0,0,0,0,0
133,AgentA wins,20.00,0,0,0,0,0,0,0,0,0,0
134,AgentA wins,20.00,0,0,0,0,0,0,0,0,0,0
135,AgentA wins,20.00,0,0,0,0,0,0,0,0,0,0
136,AgentA wins,15.00,0,0,0,0,0,0,0,0,0,0
137,AgentA wins,17.00,0,0,0,0,0,0,0,0,0,0
138,AgentA wins,18.00,0,0,0,0,0,0,0,0,0,0
139,AgentA wins,17.00,0,0,0,0,0,0,0,0,0,0
140,AgentA wins,19.67,0,0,0,0,0,0,0,0,0,0
81,AgentA wins,18.00,0,0,0,0,0,0,0,0,0,0
82,AgentA wins,25.67,0,0,0,0,0,0,0,0,0,0
83,AgentA wins,31.00,0,0,0,0,0,0,0,0,0,0
84,AgentA wins,18.00,0,0,0,0,0,0,0,0,0,0
85,AgentA wins,20.33,0,0,0,0,0,0,0,0,0,0
86,timeout draw,60.00,0,0,0,0,0,0,0,0,0,0
87,AgentA wins,57.33,0,0,0,0,0,0,0,0,0,0
88,AgentB wins,36.33,0,0,0,0,0,0,0,0,0,0
89,AgentA wins,19.67,0,0,0,0,0,0,0,0,0,0
90,AgentA wins,15.00,0,0,0,0,0,0,0,0,0,0
81,AgentA wins,15.00,0,0,0,0,0,0,0,0,0,0
82,AgentA wins,40.67,0,0,0,0,0,0,0,0,0,0
83,AgentA wins,30.00,0,0,0,0,0,0,0,0,0,0
84,AgentA wins,20.00,0,0,0,0,0,0,0,0,0,0
85,AgentA wins,15.00,0,0,0,0,0,0,0,0,0,0
86,AgentA wins,26.00,0,0,0,0,0,0,0,0,0,0
87,AgentB wins,33.67,0,0,0,0,0,0,0,0,0,0
88,AgentA wins,18.00,0,0,0,0,0,0,0,0,0,0
89,AgentA wins,41.00,0,0,0,0,0,0,0,0,0,0
90,AgentA wins,15.00,0,0,0,0,0,0,0,0,0,0
91,AgentA wins,15.00,0,0,0,0,0,0,0,0,0,0
92,AgentA wins,26.00,0,0,0,0,0,0,0,0,0,0
93,AgentB wins,36.67,0,0,0,0,0,0,0,0,0,0
94,AgentB wins,35.33,0,0,0,0,0,0,0,0,0,0
95,AgentB wins,21.33,0,0,0,0,0,0,0,0,0,0
96,AgentB wins,45.00,0,0,0,0,0,0,0,0,0,0
97,AgentA wins,15.00,0,0,0,0,0,0,0,0,0,0
98,AgentA wins,31.00,0,0,0,0,0,0,0,0,0,0
99,AgentA wins,27.00,0,0,0,0,0,0,0,0,0,0
100,AgentA wins,28.00,0,0,0,0,0,0,0,0,0,0
131,AgentA wins,15.00,0,0,0,0,0,0,0,0,0,0
132,AgentA wins,15.00,0,0,0,0,0,0,0,0,0,0
133,AgentA wins,19.67,0,0,0,0,0,0,0,0,0,0
134,AgentA wins,20.00,0,0,0,0,0,0,0,0,0,0
135,AgentA wins,20.00,0,0,0,0,0,0,0,0,0,0
136,AgentA wins,20.00,0,0,0,0,0,0,0,0,0,0
137,AgentA wins,17.00,0,0,0,0,0,0,0,0,0,0
138,AgentA wins,15.00,0,0,0,0,0,0,0,0,0,0
139,AgentA wins,22.33,0,0,0,0,0,0,0,0,0,0
140,AgentA wins,15.00,0,0,0,0,0,0,0,0,0,0
131,AgentA wins,20.00,0,0,0,0,0,0,0,0,0,0
132,AgentA wins,18.00,0,0,0,0,0,0,0,0,0,0
133,AgentA wins,15.00,0,0,0,0,0,0,0,0,0,0
134,AgentA wins,18.00,0,0,0,0,0,0,0,0,0,0
135,AgentA wins,17.00,0,0,0,0,0,0,0,0,0,0
136,AgentA wins,20.00,0,0,0,0,0,0,0,0,0,0
137,AgentA wins,15.00,0,0,0,0,0,0,0,0,0,0
138,AgentB wins,24.67,0,0,0,0,0,0,0,0,0,0
139,AgentA wins,18.00,0,0,0,0,0,0,0,0,0,0
140,AgentA wins,17.00,0,0,0,0,0,0,0,0,0,0
131,AgentA wins,17.00,0,0,0,0,0,0,0,0,0,0
132,AgentA wins,20.00,0,0,0,0,0,0,0,0,0,0
133,AgentA wins,20.00,0,0,0,0,0,0,0,0,0,0
134,AgentA wins,20.00,0,0,0,0,0,0,0,0,0,0
135,AgentA wins,20.00,0,0,0,0,0,0,0,0,0,0
136,AgentA wins,20.00,0,0,0,0,0,0,0,0,0,0
137,AgentA wins,19.67,0,0,0,0,0,0,0,0,0,0
138,AgentA wins,19.67,0,0,0,0,0,0,0,0,0,0
139,AgentA wins,22.33,0,0,0,0,0,0,0,0,0,0
140,AgentA wins,20.00,0,0,0,0,0,0,0,0,0,0
131,AgentA wins,20.00,0,0,0,0,0,0,0,0,0,0
132,AgentA wins,20.00,0,0,0,0,0,0,0,0,0,0
133,AgentA wins,19.67,0,0,0,0,0,0,0,0,0,0
134,AgentA wins,20.00,0,0,0,0,0,0,0,0,0,0
135,AgentA wins,18.00,0,0,0,0,0,0,0,0,0,0
136,AgentA wins,20.00,0,0,0,0,0,0,0,0,0,0
137,AgentA wins,18.00,0,0,0,0,0,0,0,0,0,0
138,AgentA wins,20.00,0,0,0,0,0,0,0,0,0,0
139,AgentA wins,19.67,0,0,0,0,0,0,0,0,0,0
140,AgentA wins,19.67,0,0,0,0,0,0,0,0,0,0
131,AgentA wins,19.67,0,0,0,0,0,0,0,0,0,0
132,AgentA wins,20.00,0,0,0,0,0,0,0,0,0,0
133,AgentA wins,18.00,0,0,0,0,0,0,0,0,0,0
134,AgentA wins,15.00,0,0,0,0,0,0,0,0,0,0
135,AgentA wins,20.00,0,0,0,0,0,0,0,0,0,0
136,AgentA wins,20.00,0,0,0,0,0,0,0,0,0,0
137,AgentA wins,18.00,0,0,0,0,0,0,0,0,0,0
138,AgentA wins,15.00,0,0,0,0,0,0,0,0,0,0
139,AgentA wins,20.00,0,0,0,0,0,0,0,0,0,0
140,AgentA wins,22.33,0,0,0,0,0,0,0,0,0,0
91,AgentA wins,15.00,0,0,0,0,0,0,0,0,0,0
92,AgentB wins,24.67,0,0,0,0,0,0,0,0,0,0
93,AgentA wins,15.00,0,0,0,0,0,0,0,0,0,0
94,AgentA wins,28.67,0,0,0,0,0,0,0,0,0,0
95,AgentA wins,15.00,0,0,0,0,0,0,0,0,0,0
96,AgentA wins,19.67,0,0,0,0,0,0,0,0,0,0
97,timeout draw,60.00,0,0,0,0,0,0,0,0,0,0
98,AgentB wins,31.33,0,0,0,0,0,0,0,0,0,0
99,AgentA wins,18.00,0,0,0,0,0,0,0,0,0,0
100,AgentA wins,18.00,0,0,0,0,0,0,0,0,0,0
91,AgentA wins,27.00,0,0,0,0,0,0,0,0,0,0
92,AgentA wins,34.33,0,0,0,0,0,0,0,0,0,0
93,AgentA wins,37.00,0,0,0,0,0,0,0,0,0,0
94,AgentA wins,48.33,0,0,0,0,0,0,0,0,0,0
95,AgentA wins,24.00,0,0,0,0,0,0,0,0,0,0
96,AgentA wins,58.00,0,0,0,0,0,0,0,0,0,0
97,AgentB wins,16.67,0,0,0,0,0,0,0,0,0,0
98,AgentA wins,54.67,0,0,0,0,0,0,0,0,0,0
99,AgentA wins,15.00,0,0,0,0,0,0,0,0,0,0
100,AgentA wins,15.00,0,0,0,0,0,0,0,0,0,0
91,timeout draw,60.00,0,0,0,0,0,0,0,0,0,0
92,AgentA wins,20.67,0,0,0,0,0,0,0,0,0,0
93,AgentA wins,15.00,0,0,0,0,0,0,0,0,0,0
94,AgentA wins,15.00,0,0,0,0,0,0,0,0,0,0
95,AgentA wins,18.00,0,0,0,0,0,0,0,0,0,0
96,AgentA wins,15.00,0,0,0,0,0,0,0,0,0,0
97,AgentA wins,23.33,0,0,0,0,0,0,0,0,0,0
98,AgentA wins,23.33,0,0,0,0,0,0,0,0,0,0
99,AgentA wins,29.00,0,0,0,0,0,0,0,0,0,0
100,AgentB wins,33.33,0,0,0,0,0,0,0,0,0,0
91,AgentA wins,23.33,0,0,0,0,0,0,0,0,0,0
92,AgentA wins,15.00,0,0,0,0,0,0,0,0,0,0
93,AgentA wins,27.67,0,0,0,0,0,0,0,0,0,0
94,AgentA wins,15.00,0,0,0,0,0,0,0,0,0,0
95,timeout draw,60.00,0,0,0,0,0,0,0,0,0,0
96,AgentB wins,28.67,0,0,0,0,0,0,0,0,0,0
97,AgentA wins,15.00,0,0,0,0,0,0,0,0,0,0
98,AgentA wins,21.00,0,0,0,0,0,0,0,0,0,0
99,AgentA wins,31.00,0,0,0,0,0,0,0,0,0,0
100,AgentA wins,29.00,0,0,0,0,0,0,0,0,0,0
81,AgentA wins,20.00,0,0,0,0,0,0,0,0,0,0
82,AgentA wins,28.67,0,0,0,0,0,0,0,0,0,0
83,AgentA wins,20.00,0,0,0,0,0,0,0,0,0,0
84,AgentA wins,23.33,0,0,0,0,0,0,0,0,0,0
85,AgentB wins,42.67,0,0,0,0,0,0,0,0,0,0
86,AgentA wins,46.00,0,0,0,0,0,0,0,0,0,0
87,AgentA wins,23.33,0,0,0,0,0,0,0,0,0,0
88,AgentA wins,35.67,0,0,0,0,0,0,0,0,0,0
89,AgentA wins,23.00,0,0,0,0,0,0,0,0,0,0
90,AgentA wins,46.67,0,0,0,0,0,0,0,0,0,0
101,AgentB wins,56.67,0,0,0,0,0,0,0,0,0,0
102,AgentA wins,15.00,0,0,0,0,0,0,0,0,0,0
103,AgentB wins,51.33,0,0,0,0,0,0,0,0,0,0
104,AgentB wins,33.33,0,0,0,0,0,0,0,0,0,0
105,AgentA wins,15.00,0,0,0,0,0,0,0,0,0,0
106,AgentB wins,25.67,0,0,0,0,0,0,0,0,0,0
107,AgentA wins,49.67,0,0,0,0,0,0,0,0,0,0
108,AgentA wins,15.00,0,0,0,0,0,0,0,0,0,0
109,AgentA wins,15.00,0,0,0,0,0,0,0,0,0,0
110,AgentA wins,15.00,0,0,0,0,0,0,0,0,0,0
91,AgentA wins,21.00,0,0,0,0,0,0,0,0,0,0
92,AgentA wins,15.00,0,0,0,0,0,0,0,0,0,0
93,AgentB wins,36.67,0,0,0,0,0,0,0,0,0,0
94,AgentA wins,28.67,0,0,0,0,0,0,0,0,0,0
95,AgentA wins,31.33,0,0,0,0,0,0,0,0,0,0
96,AgentA wins,15.00,0,0,0,0,0,0,0,0,0,0
97,AgentA wins,21.00,0,0,0,0,0,0,0,0,0,0
98,timeout draw,60.00,0,0,0,0,0,0,0,0,0,0
99,AgentA wins,15.00,0,0,0,0,0,0,0,0,0,0
100,AgentA wins,15.00,0,0,0,0,0,0,0,0,0,0
81,timeout draw,60.00,0,0,0,0,0,0,0,0,0,0
82,AgentA wins,33.00,0,0,0,0,0,0,0,0,0,0
83,AgentA wins,24.67,0,0,0,0,0,0,0,0,0,0
84,AgentA wins,38.00,0,0,0,0,0,0,0,0,0,0
85,AgentB wins,31.33,0,0,0,0,0,0,0,0,0,0
86,AgentA wins,32.67,0,0,0,0,0,0,0,0,0,0
87,AgentA wins,24.00,0,0,0,0,0,0,0,0,0,0
88,AgentA wins,20.67,0,0,0,0,0,0,0,0,0,0
89,timeout draw,60.00,0,0,0,0,0,0,0,0,0,0
90,AgentA wins,15.00,0,0,0,0,0,0,0,0,0,0
101,AgentA wins,24.00,209,214,0,99,0,157,0,19,39,40
102,AgentA wins,32.67,289,286,1,118,0,201,0,19,59,45
103,AgentA wins,34.00,300,301,1,136,0,211,0,33,70,57
104,AgentA wins,24.67,214,216,1,113,0,162,0,19,40,45
105,AgentA wins,15.00,133,133,0,72,0,104,0,22,15,35
106,AgentA wins,40.00,357,358,1,169,0,249,0,34,52,80
107,AgentA wins,32.33,288,286,0,145,0,187,0,28,41,66
108,AgentA wins,18.00,163,161,1,78,0,109,0,17,24,35
109,AgentA wins,32.33,287,286,0,132,0,199,0,31,46,53
110,AgentA wins,21.00,185,185,0,92,0,143,0,18,33,35
101,AgentB wins,36.67,0,0,0,0,0,0,0,0,0,0
102,AgentA wins,36.67,0,0,0,0,0,0,0,0,0,0
103,AgentB wins,26.67,0,0,0,0,0,0,0,0,0,0
104,AgentB wins,45.33,0,0,0,0,0,0,0,0,0,0
105,AgentA wins,57.67,0,0,0,0,0,0,0,0,0,0
106,AgentA wins,15.00,0,0,0,0,0,0,0,0,0,0
107,timeout draw,60.00,0,0,0,0,0,0,0,0,0,0
108,AgentB wins,24.33,0,0,0,0,0,0,0,0,0,0
109,timeout draw,60.00,0,0,0,0,0,0,0,0,0,0
110,timeout draw,60.00,0,0,0,0,0,0,0,0,0,0
141,AgentA wins,17.00,0,0,0,0,0,0,0,0,0,0
142,AgentA wins,18.00,0,0,0,0,0,0,0,0,0,0
143,AgentA wins,19.67,0,0,0,0,0,0,0,0,0,0
144,AgentA wins,19.67,0,0,0,0,0,0,0,0,0,0
145,AgentA wins,18.00,0,0,0,0,0,0,0,0,0,0
146,AgentA wins,17.00,0,0,0,0,0,0,0,0,0,0
147,AgentA wins,20.00,0,0,0,0,0,0,0,0,0,0
148,AgentA wins,19.67,0,0,0,0,0,0,0,0,0,0
149,AgentA wins,20.00,0,0,0,0,0,0,0,0,0,0
150,AgentA wins,15.00,0,0,0,0,0,0,0,0,0,0
101,AgentA wins,40.67,0,0,0,0,0,0,0,0,0,0
102,AgentB wins,40.00,0,0,0,0,0,0,0,0,0,0
103,AgentB wins,53.67,0,0,0,0,0,0,0,0,0,0
104,AgentA wins,30.33,0,0,0,0,0,0,0,0,0,0
105,AgentA wins,17.00,0,0,0,0,0,0,0,0,0,0
106,AgentA wins,53.67,0,0,0,0,0,0,0,0,0,0
107,AgentA wins,15.00,0,0,0,0,0,0,0,0,0,0
108,AgentA wins,28.00,0,0,0,0,0,0,0,0,0,0
109,timeout draw,60.00,0,0,0,0,0,0,0,0,0,0
110,AgentA wins,15.00,0,0,0,0,0,0,0,0,0,0
141,AgentA wins,20.00,0,0,0,0,0,0,0,0,0,0
142,AgentA wins,15.00,0,0,0,0,0,0,0,0,0,0
143,AgentA wins,19.67,0,0,0,0,0,0,0,0,0,0
144,AgentA wins,15.00,0,0,0,0,0,0,0,0,0,0
145,AgentA wins,20.00,0,0,0,0,0,0,0,0,0,0
146,AgentA wins,15.00,0,0,0,0,0,0,0,0,0,0
147,AgentA wins,15.00,0,0,0,0,0,0,0,0,0,0
148,AgentA wins,20.00,0,0,0,0,0,0,0,0,0,0
149,AgentA wins,20.00,0,0,0,0,0,0,0,0,0,0
150,AgentA wins,15.00,0,0,0,0,0,0,0,0,0,0
91,AgentB wins,37.00,0,0,0,0,0,0,0,0,0,0
92,AgentA wins,27.00,0,0,0,0,0,0,0,0,0,0
93,AgentA wins,35.33,0,0,0,0,0,0,0,0,0,0
94,timeout draw,60.00,0,0,0,0,0,0,0,0,0,0
95,AgentB wins,26.00,0,0,0,0,0,0,0,0,0,0
96,AgentA wins,28.33,0,0,0,0,0,0,0,0,0,0
97,AgentA wins,15.00,0,0,0,0,0,0,0,0,0,0
98,AgentA wins,21.67,0,0,0,0,0,0,0,0,0,0
99,AgentA wins,18.00,0,0,0,0,0,0,0,0,0,0
100,AgentA wins,15.00,0,0,0,0,0,0,0,0,0,0
141,AgentA wins,15.00,0,0,0,0,0,0,0,0,0,0
142,AgentA wins,15.00,0,0,0,0,0,0,0,0,0,0
143,AgentA wins,17.00,0,0,0,0,0,0,0,0,0,0
144,AgentA wins,17.00,0,0,0,0,0,0,0,0,0,0
145,AgentA wins,20.00,0,0,0,0,0,0,0,0,0,0
146,AgentA wins,20.00,0,0,0,0,0,0,0,0,0,0
147,AgentA wins,20.00,0,0,0,0,0,0,0,0,0,0
148,AgentA wins,20.00,0,0,0,0,0,0,0,0,0,0
149,AgentA wins,18.00,0,0,0,0,0,0,0,0,0,0
150,AgentA wins,19.67,0,0,0,0,0,0,0,0,0,0
91,AgentA wins,19.67,0,0,0,0,0,0,0,0,0,0
92,AgentA wins,19.67,0,0,0,0,0,0,0,0,0,0
93,AgentA wins,15.00,0,0,0,0,0,0,0,0,0,0
94,AgentA wins,15.00,0,0,0,0,0,0,0,0,0,0
95,AgentA wins,22.33,0,0,0,0,0,0,0,0,0,0
96,AgentA wins,15.00,0,0,0,0,0,0,0,0,0,0
97,AgentA wins,17.00,0,0,0,0,0,0,0,0,0,0
98,AgentA wins,19.67,0,0,0,0,0,0,0,0,0,0
99,AgentA wins,15.00,0,0,0,0,0,0,0,0,0,0
100,AgentB wins,40.00,0,0,0,0,0,0,0,0,0,0
91,AgentA wins,15.00,0,0,0,0,0,0,0,0,0,0
92,AgentB wins,45.33,0,0,0,0,0,0,0,0,0,0
93,AgentB wins,14.00,0,0,0,0,0,0,0,0,0,0
94,AgentA wins,18.00,0,0,0,0,0,0,0,0,0,0
95,AgentA wins,58.67,0,0,0,0,0,0,0,0,0,0
96,timeout draw,60.00,0,0,0,0,0,0,0,0,0,0
97,AgentA wins,15.00,0,0,0,0,0,0,0,0,0,0
98,AgentA wins,20.33,0,0,0,0,0,0,0,0,0,0
99,AgentA wins,15.00,0,0,0,0,0,0,0,0,0,0
100,AgentA wins,21.00,0,0,0,0,0,0,0,0,0,0
141,AgentA wins,20.00,0,0,0,0,0,0,0,0,0,0
142,AgentA wins,20.00,0,0,0,0,0,0,0,0,0,0
143,AgentA wins,20.00,0,0,0,0,0,0,0,0,0,0
144,AgentA wins,18.00,0,0,0,0,0,0,0,0,0,0
145,AgentA wins,19.67,0,0,0,0,0,0,0,0,0,0
146,AgentA wins,20.00,0,0,0,0,0,0,0,0,0,0
147,AgentA wins,19.67,0,0,0,0,0,0,0,0,0,0
148,AgentA wins,17.00,0,0,0,0,0,0,0,0,0,0
149,AgentA wins,19.67,0,0,0,0,0,0,0,0,0,0
150,AgentA wins,17.00,0,0,0,0,0,0,0,0,0,0
141,AgentA wins,23.00,0,0,0,0,0,0,0,0,0,0
142,AgentA wins,15.00,0,0,0,0,0,0,0,0,0,0
143,AgentA wins,20.00,0,0,0,0,0,0,0,0,0,0
144,AgentA wins,18.00,0,0,0,0,0,0,0,0,0,0
145,AgentA wins,20.00,0,0,0,0,0,0,0,0,0,0
146,AgentA wins,22.33,0,0,0,0,0,0,0,0,0,0
147,AgentA wins,19.67,0,0,0,0,0,0,0,0,0,0
148,AgentA wins,19.67,0,0,0,0,0,0,0,0,0,0
149,AgentA wins,19.67,0,0,0,0,0,0,0,0,0,0
150,AgentA wins,15.00,0,0,0,0,0,0,0,0,0,0
141,AgentA wins,20.00,0,0,0,0,0,0,0,0,0,0
142,AgentA wins,20.00,0,0,0,0,0,0,0,0,0,0
143,AgentA wins,15.00,0,0,0,0,0,0,0,0,0,0
144,AgentA wins,18.00,0,0,0,0,0,0,0,0,0,0
145,AgentA wins,19.67,0,0,0,0,0,0,0,0,0,0
146,AgentA wins,22.33,0,0,0,0,0,0,0,0,0,0
147,AgentA wins,17.00,0,0,0,0,0,0,0,0,0,0
148,AgentB wins,24.67,0,0,0,0,0,0,0,0,0,0
149,AgentA wins,20.00,0,0,0,0,0,0,0,0,0,0
150,AgentA wins,19.67,0,0,0,0,0,0,0,0,0,0
101,AgentA wins,20.67,0,0,0,0,0,0,0,0,0,0
102,AgentA wins,26.00,0,0,0,0,0,0,0,0,0,0
103,AgentA wins,19.67,0,0,0,0,0,0,0,0,0,0
104,AgentA wins,15.00,0,0,0,0,0,0,0,0,0,0
105,AgentA wins,33.00,0,0,0,0,0,0,0,0,0,0
106,timeout draw,60.00,0,0,0,0,0,0,0,0,0,0
107,AgentB wins,51.67,0,0,0,0,0,0,0,0,0,0
108,AgentA wins,18.00,0,0,0,0,0,0,0,0,0,0
109,AgentB wins,55.33,0,0,0,0,0,0,0,0,0,0
110,AgentA wins,35.67,0,0,0,0,0,0,0,0,0,0
91,AgentB wins,56.00,0,0,0,0,0,0,0,0,0,0
92,AgentA wins,30.00,0,0,0,0,0,0,0,0,0,0
93,AgentB wins,33.67,0,0,0,0,0,0,0,0,0,0
94,timeout draw,60.00,0,0,0,0,0,0,0,0,0,0
95,AgentA wins,53.67,0,0,0,0,0,0,0,0,0,0
96,AgentA wins,18.00,0,0,0,0,0,0,0,0,0,0
97,AgentA wins,15.00,0,0,0,0,0,0,0,0,0,0
98,AgentA wins,15.00,0,0,0,0,0,0,0,0,0,0
99,AgentA wins,15.00,0,0,0,0,0,0,0,0,0,0
100,AgentB wins,31.00,0,0,0,0,0,0,0,0,0,0
91,AgentA wins,18.67,0,0,0,0,0,0,0,0,0,0
92,AgentA wins,52.67,0,0,0,0,0,0,0,0,0,0
93,AgentA wins,26.00,0,0,0,0,0,0,0,0,0,0
94,AgentA wins,24.00,0,0,0,0,0,0,0,0,0,0
95,AgentA wins,15.00,0,0,0,0,0,0,0,0,0,0
96,AgentA wins,15.00,0,0,0,0,0,0,0,0,0,0
97,AgentA wins,20.00,0,0,0,0,0,0,0,0,0,0
98,AgentA wins,47.33,0,0,0,0,0,0,0,0,0,0
99,AgentA wins,15.00,0,0,0,0,0,0,0,0,0,0
100,AgentA wins,15.00,0,0,0,0,0,0,0,0,0,0
101,AgentA wins,24.00,0,0,0,0,0,0,0,0,0,0
102,AgentA wins,20.00,0,0,0,0,0,0,0,0,0,0
103,AgentA wins,15.00,0,0,0,0,0,0,0,0,0,0
104,AgentA wins,15.00,0,0,0,0,0,0,0,0,0,0
105,AgentA wins,18.00,0,0,0,0,0,0,0,0,0,0
106,AgentB wins,43.00,0,0,0,0,0,0,0,0,0,0
107,AgentA wins,25.67,0,0,0,0,0,0,0,0,0,0
108,AgentA wins,54.00,0,0,0,0,0,0,0,0,0,0
109,AgentB wins,37.67,0,0,0,0,0,0,0,0,0,0
110,AgentA wins,23.33,0,0,0,0,0,0,0,0,0,0
111,AgentA wins,15.00,0,0,0,0,0,0,0,0,0,0
112,AgentA wins,29.33,0,0,0,0,0,0,0,0,0,0
113,AgentA wins,20.00,0,0,0,0,0,0,0,0,0,0
114,AgentA wins,15.00,0,0,0,0,0,0,0,0,0,0
115,AgentA wins,20.00,0,0,0,0,0,0,0,0,0,0
116,AgentA wins,15.00,0,0,0,0,0,0,0,0,0,0
117,AgentA wins,15.00,0,0,0,0,0,0,0,0,0,0
118,AgentA wins,20.00,0,0,0,0,0,0,0,0,0,0
119,AgentA wins,20.00,0,0,0,0,0,0,0,0,0,0
120,AgentA wins,19.67,0,0,0,0,0,0,0,0,0,0
91,AgentB wins,49.67,0,0,0,0,0,0,0,0,0,0
92,AgentA wins,15.00,0,0,0,0,0,0,0,0,0,0
93,AgentA wins,15.00,0,0,0,0,0,0,0,0,0,0
94,AgentA wins,15.00,0,0,0,0,0,0,0,0,0,0
95,AgentA wins,39.33,0,0,0,0,0,0,0,0,0,0
96,AgentB wins,42.67,0,0,0,0,0,0,0,0,0,0
97,AgentB wins,45.33,0,0,0,0,0,0,0,0,0,0
98,AgentA wins,17.00,0,0,0,0,0,0,0,0,0,0
99,AgentA wins,48.33,0,0,0,0,0,0,0,0,0,0
100,AgentB wins,33.67,0,0,0,0,0,0,0,0,0,0
101,AgentA wins,18.00,0,0,0,0,0,0,0,0,0,0
102,AgentA wins,18.00,0,0,0,0,0,0,0,0,0,0
103,AgentA wins,22.33,0,0,0,0,0,0,0,0,0,0
104,AgentA wins,43.33,0,0,0,0,0,0,0,0,0,0
105,AgentA wins,29.67,0,0,0,0,0,0,0,0,0,0
106,AgentB wins,41.67,0,0,0,0,0,0,0,0,0,0
107,AgentA wins,26.67,0,0,0,0,0,0,0,0,0,0
108,AgentA wins,20.00,0,0,0,0,0,0,0,0,0,0
109,AgentA wins,15.00,0,0,0,0,0,0,0,0,0,0
110,AgentA wins,34.67,0,0,0,0,0,0,0,0,0,0
101,AgentA wins,18.33,0,0,0,0,0,0,0,0,0,0
102,AgentA wins,29.67,0,0,0,0,0,0,0,0,0,0
103,AgentA wins,15.00,0,0,0,0,0,0,0,0,0,0
104,AgentA wins,23.33,0,0,0,0,0,0,0,0,0,0
105,AgentA wins,55.33,0,0,0,0,0,0,0,0,0,0
106,AgentA wins,28.33,0,0,0,0,0,0,0,0,0,0
107,AgentA wins,25.67,0,0,0,0,0,0,0,0,0,0
108,AgentB wins,16.67,0,0,0,0,0,0,0,0,0,0
109,AgentA wins,24.00,0,0,0,0,0,0,0,0,0,0
110,AgentA wins,24.00,0,0,0,0,0,0,0,0,0,0
91,AgentA wins,15.00,0,0,0,0,0,0,0,0,0,0
92,AgentA wins,57.67,0,0,0,0,0,0,0,0,0,0
93,AgentA wins,20.00,0,0,0,0,0,0,0,0,0,0
94,AgentA wins,20.00,0,0,0,0,0,0,0,0,0,0
95,AgentA wins,18.00,0,0,0,0,0,0,0,0,0,0
96,AgentB wins,25.33,0,0,0,0,0,0,0,0,0,0
97,AgentA wins,24.00,0,0,0,0,0,0,0,0,0,0
98,AgentA wins,17.67,0,0,0,0,0,0,0,0,0,0
99,AgentA wins,15.00,0,0,0,0,0,0,0,0,0,0
100,AgentA wins,20.00,0,0,0,0,0,0,0,0,0,0
101,AgentA wins,21.67,0,0,0,0,0,0,0,0,0,0
102,AgentB wins,19.33,0,0,0,0,0,0,0,0,0,0
103,AgentA wins,33.33,0,0,0,0,0,0,0,0,0,0
104,AgentA wins,20.33,0,0,0,0,0,0,0,0,0,0
105,AgentA wins,25.00,0,0,0,0,0,0,0,0,0,0
106,AgentA wins,15.00,0,0,0,0,0,0,0,0,0,0
107,AgentA wins,15.00,0,0,0,0,0,0,0,0,0,0
108,AgentA wins,31.67,0,0,0,0,0,0,0,0,0,0
109,AgentA wins,32.00,0,0,0,0,0,0,0,0,0,0
110,AgentA wins,15.00,0,0,0,0,0,0,0,0,0,0
151,AgentA wins,18.00,0,0,0,0,0,0,0,0,0,0
152,AgentA wins,17.00,0,0,0,0,0,0,0,0,0,0
153,AgentA wins,15.00,0,0,0,0,0,0,0,0,0,0
154,AgentA wins,19.67,0,0,0,0,0,0,0,0,0,0
155,AgentA wins,17.00,0,0,0,0,0,0,0,0,0,0
156,AgentA wins,19.67,0,0,0,0,0,0,0,0,0,0
157,AgentA wins,20.00,0,0,0,0,0,0,0,0,0,0
158,AgentA wins,15.00,0,0,0,0,0,0,0,0,0,0
159,AgentA wins,20.00,0,0,0,0,0,0,0,0,0,0
160,AgentA wins,20.00,0,0,0,0,0,0,0,0,0,0
151,AgentA wins,15.00,0,0,0,0,0,0,0,0,0,0
152,AgentA wins,19.67,0,0,0,0,0,0,0,0,0,0
153,AgentA wins,17.00,0,0,0,0,0,0,0,0,0,0
154,AgentA wins,20.00,0,0,0,0,0,0,0,0,0,0
155,AgentA wins,15.00,0,0,0,0,0,0,0,0,0,0
156,AgentA wins,15.00,0,0,0,0,0,0,0,0,0,0
157,AgentA wins,18.00,0,0,0,0,0,0,0,0,0,0
158,AgentA wins,15.00,0,0,0,0,0,0,0,0,0,0
159,AgentA wins,20.00,0,0,0,0,0,0,0,0,0,0
160,AgentA wins,15.00,0,0,0,0,0,0,0,0,0,0
101,AgentB wins,33.00,0,0,0,0,0,0,0,0,0,0
102,AgentA wins,39.00,0,0,0,0,0,0,0,0,0,0
103,AgentA wins,26.00,0,0,0,0,0,0,0,0,0,0
104,AgentB wins,44.67,0,0,0,0,0,0,0,0,0,0
105,AgentA wins,15.00,0,0,0,0,0,0,0,0,0,0
106,AgentA wins,35.00,0,0,0,0,0,0,0,0,0,0
107,AgentA wins,22.67,0,0,0,0,0,0,0,0,0,0
108,AgentA wins,18.00,0,0,0,0,0,0,0,0,0,0
109,AgentA wins,36.67,0,0,0,0,0,0,0,0,0,0
110,AgentA wins,23.33,0,0,0,0,0,0,0,0,0,0
151,AgentA wins,17.00,0,0,0,0,0,0,0,0,0,0
152,AgentA wins,19.67,0,0,0,0,0,0,0,0,0,0
153,AgentA wins,20.00,0,0,0,0,0,0,0,0,0,0
154,AgentA wins,15.00,0,0,0,0,0,0,0,0,0,0
155,AgentA wins,19.67,0,0,0,0,0,0,0,0,0,0
156,AgentA wins,20.00,0,0,0,0,0,0,0,0,0,0
157,AgentA wins,20.00,0,0,0,0,0,0,0,0,0,0
158,AgentA wins,18.00,0,0,0,0,0,0,0,0,0,0
159,AgentA wins,19.67,0,0,0,0,0,0,0,0,0,0
160,AgentA wins,15.00,0,0,0,0,0,0,0,0,0,0
151,AgentA wins,22.33,0,0,0,0,0,0,0,0,0,0
152,AgentA wins,15.00,0,0,0,0,0,0,0,0,0,0
153,AgentA wins,17.00,0,0,0,0,0,0,0,0,0,0
154,AgentA wins,20.00,0,0,0,0,0,0,0,0,0,0
155,AgentA wins,18.00,0,0,0,0,0,0,0,0,0,0
156,AgentA wins,19.67,0,0,0,0,0,0,0,0,0,0
157,AgentA wins,15.00,0,0,0,0,0,0,0,0,0,0
158,AgentA wins,19.67,0,0,0,0,0,0,0,0,0,0
159,AgentA wins,15.00,0,0,0,0,0,0,0,0,0,0
160,AgentA wins,17.00,0,0,0,0,0,0,0,0,0,0
151,AgentA wins,18.00,0,0,0,0,0,0,0,0,0,0
152,AgentA wins,15.00,0,0,0,0,0,0,0,0,0,0
153,AgentA wins,17.00,0,0,0,0,0,0,0,0,0,0
154,AgentA wins,19.67,0,0,0,0,0,0,0,0,0,0
155,AgentA wins,20.00,0,0,0,0,0,0,0,0,0,0
156,AgentA wins,20.00,0,0,0,0,0,0,0,0,0,0
157,AgentA wins,18.00,0,0,0,0,0,0,0,0,0,0
158,AgentA wins,17.00,0,0,0,0,0,0,0,0,0,0
159,AgentA wins,20.00,0,0,0,0,0,0,0,0,0,0
160,AgentA wins,20.00,0,0,0,0,0,0,0,0,0,0
101,AgentA wins,32.33,0,0,0,0,0,0,0,0,0,0
102,AgentB wins,41.67,0,0,0,0,0,0,0,0,0,0
103,AgentA wins,29.33,0,0,0,0,0,0,0,0,0,0
104,AgentA wins,15.00,0,0,0,0,0,0,0,0,0,0
105,AgentA wins,20.00,0,0,0,0,0,0,0,0,0,0
106,AgentA wins,53.67,0,0,0,0,0,0,0,0,0,0
107,AgentA wins,22.67,0,0,0,0,0,0,0,0,0,0
108,AgentA wins,42.00,0,0,0,0,0,0,0,0,0,0
109,AgentA wins,31.67,0,0,0,0,0,0,0,0,0,0
110,AgentA wins,35.67,0,0,0,0,0,0,0,0,0,0
151,AgentA wins,15.00,0,0,0,0,0,0,0,0,0,0
152,AgentA wins,18.00,0,0,0,0,0,0,0,0,0,0
153,AgentA wins,19.67,0,0,0,0,0,0,0,0,0,0
154,AgentA wins,17.00,0,0,0,0,0,0,0,0,0,0
155,AgentA wins,15.00,0,0,0,0,0,0,0,0,0,0
156,AgentA wins,22.33,0,0,0,0,0,0,0,0,0,0
157,AgentA wins,20.00,0,0,0,0,0,0,0,0,0,0
158,AgentA wins,18.00,0,0,0,0,0,0,0,0,0,0
159,AgentA wins,18.00,0,0,0,0,0,0,0,0,0,0
160,AgentA wins,19.67,0,0,0,0,0,0,0,0,0,0
111,AgentA wins,26.00,233,236,0,125,0,171,0,23,39,51
112,AgentA wins,35.00,312,310,0,161,0,228,0,36,51,71
113,AgentA wins,34.67,308,307,1,161,0,219,0,35,48,63
114,AgentA wins,30.00,265,269,0,142,0,198,0,27,40,56
115,AgentA wins,15.00,133,133,0,70,0,94,0,13,14,32
116,AgentA wins,40.00,354,359,0,182,0,257,0,34,45,96
117,AgentA wins,21.00,187,186,0,94,0,126,0,17,20,42
118,AgentA wins,18.00,159,160,1,87,0,111,0,20,19,38
119,AgentA wins,18.00,157,164,0,97,0,117,0,23,18,39
120,AgentA wins,29.33,259,267,0,138,0,183,0,36,36,62
101,AgentA wins,15.00,0,0,0,0,0,0,0,0,0,0
102,AgentA wins,15.00,0,0,0,0,0,0,0,0,0,0
103,AgentA wins,31.67,0,0,0,0,0,0,0,0,0,0
104,AgentA wins,37.67,0,0,0,0,0,0,0,0,0,0
105,AgentA wins,21.67,0,0,0,0,0,0,0,0,0,0
106,AgentA wins,26.33,0,0,0,0,0,0,0,0,0,0
107,AgentA wins,27.00,0,0,0,0,0,0,0,0,0,0
108,AgentA wins,15.00,0,0,0,0,0,0,0,0,0,0
109,AgentA wins,26.33,0,0,0,0,0,0,0,0,0,0
110,AgentB wins,22.00,0,0,0,0,0,0,0,0,0,0
111,AgentA wins,30.00,0,0,0,0,0,0,0,0,0,0
112,AgentA wins,15.00,0,0,0,0,0,0,0,0,0,0
113,AgentA wins,15.00,0,0,0,0,0,0,0,0,0,0
114,AgentA wins,15.00,0,0,0,0,0,0,0,0,0,0
115,timeout draw,60.00,0,0,0,0,0,0,0,0,0,0
116,AgentA wins,15.00,0,0,0,0,0,0,0,0,0,0
117,AgentA wins,15.00,0,0,0,0,0,0,0,0,0,0
118,timeout draw,60.00,0,0,0,0,0,0,0,0,0,0
119,AgentA wins,27.00,0,0,0,0,0,0,0,0,0,0
120,AgentA wins,15.00,0,0,0,0,0,0,0,0,0,0
111,AgentB wins,46.00,0,0,0,0,0,0,0,0,0,0
112,AgentA wins,15.00,0,0,0,0,0,0,0,0,0,0
113,AgentA wins,38.67,0,0,0,0,0,0,0,0,0,0
114,AgentA wins,24.67,0,0,0,0,0,0,0,0,0,0
115,AgentA wins,45.67,0,0,0,0,0,0,0,0,0,0
116,AgentA wins,34.67,0,0,0,0,0,0,0,0,0,0
117,AgentA wins,18.00,0,0,0,0,0,0,0,0,0,0
118,AgentA wins,18.00,0,0,0,0,0,0,0,0,0,0
119,AgentA wins,21.00,0,0,0,0,0,0,0,0,0,0
120,AgentA wins,18.00,0,0,0,0,0,0,0,0,0,0
101,AgentB wins,28.67,0,0,0,0,0,0,0,0,0,0
102,AgentA wins,43.33,0,0,0,0,0,0,0,0,0,0
103,AgentA wins,15.00,0,0,0,0,0,0,0,0,0,0
104,AgentA wins,24.00,0,0,0,0,0,0,0,0,0,0
105,AgentA wins,18.00,0,0,0,0,0,0,0,0,0,0
106,AgentA wins,15.00,0,0,0,0,0,0,0,0,0,0
107,timeout draw,60.00,0,0,0,0,0,0,0,0,0,0
108,AgentA wins,38.00,0,0,0,0,0,0,0,0,0,0
109,AgentA wins,18.00,0,0,0,0,0,0,0,0,0,0
110,AgentA wins,15.00,0,0,0,0,0,0,0,0,0,0
101,AgentA wins,25.33,0,0,0,0,0,0,0,0,0,0
102,AgentA wins,22.33,0,0,0,0,0,0,0,0,0,0
103,AgentA wins,38.00,0,0,0,0,0,0,0,0,0,0
104,AgentA wins,15.00,0,0,0,0,0,0,0,0,0,0
105,AgentA wins,15.00,0,0,0,0,0,0,0,0,0,0
106,timeout draw,60.00,0,0,0,0,0,0,0,0,0,0
107,AgentA wins,15.00,0,0,0,0,0,0,0,0,0,0
108,AgentA wins,15.00,0,0,0,0,0,0,0,0,0,0
109,AgentA wins,27.00,0,0,0,0,0,0,0,0,0,0
110,AgentB wins,40.67,0,0,0,0,0,0,0,0,0,0
121,AgentA wins,19.67,0,0,0,0,0,0,0,0,0,0
122,AgentA wins,20.00,0,0,0,0,0,0,0,0,0,0
123,AgentA wins,18.00,0,0,0,0,0,0,0,0,0,0
124,AgentA wins,18.00,0,0,0,0,0,0,0,0,0,0
125,AgentA wins,20.00,0,0,0,0,0,0,0,0,0,0
126,AgentA wins,15.00,0,0,0,0,0,0,0,0,0,0
127,AgentA wins,15.00,0,0,0,0,0,0,0,0,0,0
128,AgentA wins,15.00,0,0,0,0,0,0,0,0,0,0
129,AgentA wins,18.00,0,0,0,0,0,0,0,0,0,0
130,AgentA wins,20.00,0,0,0,0,0,0,0,0,0,0
91,AgentA wins,15.00,0,0,0,0,0,0,0,0,0,0
92,AgentA wins,18.00,0,0,0,0,0,0,0,0,0,0
93,AgentA wins,42.67,0,0,0,0,0,0,0,0,0,0
94,AgentA wins,45.00,0,0,0,0,0,0,0,0,0,0
95,AgentA wins,15.00,0,0,0,0,0,0,0,0,0,0
96,timeout draw,60.00,0,0,0,0,0,0,0,0,0,0
97,timeout draw,60.00,0,0,0,0,0,0,0,0,0,0
98,AgentA wins,24.00,0,0,0,0,0,0,0,0,0,0
99,AgentA wins,46.00,0,0,0,0,0,0,0,0,0,0
100,AgentA wins,49.67,0,0,0,0,0,0,0,0,0,0
101,AgentA wins,18.67,0,0,0,0,0,0,0,0,0,0
102,AgentA wins,20.00,0,0,0,0,0,0,0,0,0,0
103,AgentA wins,15.00,0,0,0,0,0,0,0,0,0,0
104,AgentA wins,18.00,0,0,0,0,0,0,0,0,0,0
105,AgentA wins,18.00,0,0,0,0,0,0,0,0,0,0
106,AgentA wins,15.00,0,0,0,0,0,0,0,0,0,0
107,AgentA wins,17.00,0,0,0,0,0,0,0,0,0,0
108,AgentA wins,15.00,0,0,0,0,0,0,0,0,0,0
109,AgentA wins,40.33,0,0,0,0,0,0,0,0,0,0
110,AgentA wins,31.00,0,0,0,0,0,0,0,0,0,0
111,AgentA wins,29.33,0,0,0,0,0,0,0,0,0,0
112,AgentA wins,26.00,0,0,0,0,0,0,0,0,0,0
113,AgentA wins,36.33,0,0,0,0,0,0,0,0,0,0
114,AgentA wins,18.00,0,0,0,0,0,0,0,0,0,0
115,AgentA wins,23.00,0,0,0,0,0,0,0,0,0,0
116,AgentB wins,45.33,0,0,0,0,0,0,0,0,0,0
117,AgentA wins,20.00,0,0,0,0,0,0,0,0,0,0
118,AgentB wins,31.33,0,0,0,0,0,0,0,0,0,0
119,AgentA wins,24.33,0,0,0,0,0,0,0,0,0,0
120,AgentB wins,38.33,0,0,0,0,0,0,0,0,0,0
101,AgentA wins,15.00,0,0,0,0,0,0,0,0,0,0
102,AgentA wins,26.00,0,0,0,0,0,0,0,0,0,0
103,AgentA wins,50.67,0,0,0,0,0,0,0,0,0,0
104,AgentA wins,39.67,0,0,0,0,0,0,0,0,0,0
105,AgentA wins,31.00,0,0,0,0,0,0,0,0,0,0
106,AgentA wins,23.00,0,0,0,0,0,0,0,0,0,0
107,AgentA wins,15.00,0,0,0,0,0,0,0,0,0,0
108,AgentA wins,30.00,0,0,0,0,0,0,0,0,0,0
109,AgentB wins,24.00,0,0,0,0,0,0,0,0,0,0
110,AgentA wins,15.00,0,0,0,0,0,0,0,0,0,0
161,AgentA wins,20.00,0,0,0,0,0,0,0,0,0,0
162,AgentA wins,20.00,0,0,0,0,0,0,0,0,0,0
163,AgentA wins,15.00,0,0,0,0,0,0,0,0,0,0
164,AgentA wins,18.00,0,0,0,0,0,0,0,0,0,0
165,AgentA wins,15.00,0,0,0,0,0,0,0,0,0,0
166,AgentA wins,19.67,0,0,0,0,0,0,0,0,0,0
167,AgentA wins,15.00,0,0,0,0,0,0,0,0,0,0
168,AgentA wins,20.00,0,0,0,0,0,0,0,0,0,0
169,AgentA wins,15.00,0,0,0,0,0,0,0,0,0,0
170,AgentA wins,20.00,0,0,0,0,0,0,0,0,0,0
161,AgentA wins,20.00,0,0,0,0,0,0,0,0,0,0
162,AgentA wins,20.00,0,0,0,0,0,0,0,0,0,0
163,AgentA wins,19.67,0,0,0,0,0,0,0,0,0,0
164,AgentA wins,15.00,0,0,0,0,0,0,0,0,0,0
165,AgentA wins,20.00,0,0,0,0,0,0,0,0,0,0
166,AgentA wins,15.00,0,0,0,0,0,0,0,0,0,0
167,AgentA wins,20.00,0,0,0,0,0,0,0,0,0,0
168,AgentA wins,15.00,0,0,0,0,0,0,0,0,0,0
169,AgentA wins,20.00,0,0,0,0,0,0,0,0,0,0
170,AgentA wins,20.00,0,0,0,0,0,0,0,0,0,0
101,AgentA wins,15.00,0,0,0,0,0,0,0,0,0,0
102,AgentA wins,23.67,0,0,0,0,0,0,0,0,0,0
103,AgentA wins,18.00,0,0,0,0,0,0,0,0,0,0
104,AgentA wins,15.00,0,0,0,0,0,0,0,0,0,0
105,AgentA wins,15.00,0,0,0,0,0,0,0,0,0,0
106,AgentB wins,34.00,0,0,0,0,0,0,0,0,0,0
107,AgentA wins,44.00,0,0,0,0,0,0,0,0,0,0
108,AgentA wins,31.00,0,0,0,0,0,0,0,0,0,0
109,AgentA wins,15.00,0,0,0,0,0,0,0,0,0,0
110,AgentA wins,15.00,0,0,0,0,0,0,0,0,0,0
161,AgentA wins,15.00,0,0,0,0,0,0,0,0,0,0
162,AgentA wins,15.00,0,0,0,0,0,0,0,0,0,0
163,AgentA wins,20.00,0,0,0,0,0,0,0,0,0,0
164,AgentA wins,18.00,0,0,0,0,0,0,0,0,0,0
165,AgentA wins,20.00,0,0,0,0,0,0,0,0,0,0
166,AgentA wins,18.00,0,0,0,0,0,0,0,0,0,0
167,AgentA wins,15.00,0,0,0,0,0,0,0,0,0,0
168,AgentA wins,20.00,0,0,0,0,0,0,0,0,0,0
169,AgentA wins,18.00,0,0,0,0,0,0,0,0,0,0
170,AgentA wins,20.00,0,0,0,0,0,0,0,0,0,0
111,AgentA wins,45.67,0,0,0,0,0,0,0,0,0,0
112,AgentA wins,24.00,0,0,0,0,0,0,0,0,0,0
113,AgentA wins,15.00,0,0,0,0,0,0,0,0,0,0
114,AgentA wins,18.00,0,0,0,0,0,0,0,0,0,0
115,AgentA wins,20.00,0,0,0,0,0,0,0,0,0,0
116,AgentB wins,28.00,0,0,0,0,0,0,0,0,0,0
117,AgentB wins,33.33,0,0,0,0,0,0,0,0,0,0
118,AgentA wins,15.00,0,0,0,0,0,0,0,0,0,0
119,AgentB wins,52.00,0,0,0,0,0,0,0,0,0,0
120,AgentA wins,24.00,0,0,0,0,0,0,0,0,0,0
161,AgentA wins,19.67,0,0,0,0,0,0,0,0,0,0
162,AgentA wins,15.00,0,0,0,0,0,0,0,0,0,0
163,AgentA wins,20.00,0,0,0,0,0,0,0,0,0,0
164,AgentA wins,19.67,0,0,0,0,0,0,0,0,0,0
165,AgentA wins,15.00,0,0,0,0,0,0,0,0,0,0
166,AgentA wins,19.67,0,0,0,0,0,0,0,0,0,0
167,AgentA wins,20.00,0,0,0,0,0,0,0,0,0,0
168,AgentA wins,18.00,0,0,0,0,0,0,0,0,0,0
169,AgentA wins,15.00,0,0,0,0,0,0,0,0,0,0
170,AgentA wins,15.00,0,0,0,0,0,0,0,0,0,0
111,AgentA wins,32.33,0,0,0,0,0,0,0,0,0,0
112,AgentA wins,22.67,0,0,0,0,0,0,0,0,0,0
113,AgentA wins,15.00,0,0,0,0,0,0,0,0,0,0
114,AgentA wins,28.00,0,0,0,0,0,0,0,0,0,0
115,AgentA wins,18.00,0,0,0,0,0,0,0,0,0,0
116,AgentB wins,18.67,0,0,0,0,0,0,0,0,0,0
117,AgentA wins,31.67,0,0,0,0,0,0,0,0,0,0
118,AgentA wins,27.00,0,0,0,0,0,0,0,0,0,0
119,AgentA wins,48.00,0,0,0,0,0,0,0,0,0,0
120,AgentA wins,27.00,0,0,0,0,0,0,0,0,0,0
161,AgentA wins,18.00,0,0,0,0,0,0,0,0,0,0
162,AgentA wins,15.00,0,0,0,0,0,0,0,0,0,0
163,AgentA wins,20.00,0,0,0,0,0,0,0,0,0,0
164,AgentA wins,20.00,0,0,0,0,0,0,0,0,0,0
165,AgentA wins,20.00,0,0,0,0,0,0,0,0,0,0
166,AgentA wins,20.00,0,0,0,0,0,0,0,0,0,0
167,AgentA wins,15.00,0,0,0,0,0,0,0,0,0,0
168,AgentA wins,18.00,0,0,0,0,0,0,0,0,0,0
169,AgentA wins,20.00,0,0,0,0,0,0,0,0,0,0
170,AgentA wins,20.00,0,0,0,0,0,0,0,0,0,0
161,AgentA wins,18.00,0,0,0,0,0,0,0,0,0,0
162,AgentA wins,20.00,0,0,0,0,0,0,0,0,0,0
163,AgentA wins,18.00,0,0,0,0,0,0,0,0,0,0
164,AgentA wins,20.00,0,0,0,0,0,0,0,0,0,0
165,AgentA wins,15.00,0,0,0,0,0,0,0,0,0,0
166,AgentA wins,17.00,0,0,0,0,0,0,0,0,0,0
167,AgentA wins,19.67,0,0,0,0,0,0,0,0,0,0
168,AgentA wins,20.00,0,0,0,0,0,0,0,0,0,0
169,AgentA wins,20.00,0,0,0,0,0,0,0,0,0,0
170,AgentA wins,18.00,0,0,0,0,0,0,0,0,0,0
111,AgentA wins,15.00,0,0,0,0,0,0,0,0,0,0
112,AgentA wins,33.00,0,0,0,0,0,0,0,0,0,0
113,AgentB wins,43.67,0,0,0,0,0,0,0,0,0,0
114,AgentA wins,24.00,0,0,0,0,0,0,0,0,0,0
115,AgentA wins,15.00,0,0,0,0,0,0,0,0,0,0
116,AgentA wins,18.67,0,0,0,0,0,0,0,0,0,0
117,AgentB wins,21.67,0,0,0,0,0,0,0,0,0,0
118,timeout draw,60.00,0,0,0,0,0,0,0,0,0,0
119,AgentA wins,27.00,0,0,0,0,0,0,0,0,0,0
120,AgentA wins,18.00,0,0,0,0,0,0,0,0,0,0
101,AgentA wins,15.00,0,0,0,0,0,0,0,0,0,0
102,timeout draw,60.00,0,0,0,0,0,0,0,0,0,0
103,AgentA wins,41.00,0,0,0,0,0,0,0,0,0,0
104,AgentB wins,52.67,0,0,0,0,0,0,0,0,0,0
105,AgentB wins,47.33,0,0,0,0,0,0,0,0,0,0
106,AgentB wins,51.67,0,0,0,0,0,0,0,0,0,0
107,AgentA wins,15.00,0,0,0,0,0,0,0,0,0,0
108,AgentA wins,21.00,0,0,0,0,0,0,0,0,0,0
109,timeout draw,60.00,0,0,0,0,0,0,0,0,0,0
110,AgentB wins,28.00,0,0,0,0,0,0,0,0,0,0
111,AgentA wins,18.00,0,0,0,0,0,0,0,0,0,0
112,AgentB wins,51.00,0,0,0,0,0,0,0,0,0,0
113,AgentB wins,39.00,0,0,0,0,0,0,0,0,0,0
114,AgentA wins,43.67,0,0,0,0,0,0,0,0,0,0
115,AgentA wins,18.00,0,0,0,0,0,0,0,0,0,0
116,AgentA wins,29.67,0,0,0,0,0,0,0,0,0,0
117,AgentB wins,30.67,0,0,0,0,0,0,0,0,0,0
118,AgentA wins,32.67,0,0,0,0,0,0,0,0,0,0
119,AgentA wins,15.00,0,0,0,0,0,0,0,0,0,0
120,AgentA wins,18.00,0,0,0,0,0,0,0,0,0,0
121,AgentA wins,44.33,387,392,0,177,0,274,0,30,69,101
122,AgentA wins,21.00,184,185,1,98,0,134,0,22,30,49
123,AgentA wins,15.00,134,132,0,72,0,98,0,12,19,28
124,AgentA wins,15.00,132,133,0,68,0,97,0,13,16,34
125,AgentB wins,34.00,303,308,0,155,0,220,0,32,46,77
126,AgentA wins,33.00,292,289,0,133,0,206,0,31,29,103
127,AgentA wins,24.00,213,211,1,100,0,144,0,19,32,40
128,AgentA wins,18.00,160,164,0,91,0,120,0,18,25,43
129,AgentA wins,15.00,128,133,0,67,0,96,0,13,14,32
130,AgentA wins,21.00,182,189,0,86,0,116,0,23,20,41
131,AgentA wins,15.00,0,0,0,0,0,0,0,0,0,0
132,AgentA wins,20.00,0,0,0,0,0,0,0,0,0,0
133,AgentA wins,22.33,0,0,0,0,0,0,0,0,0,0
134,AgentA wins,18.00,0,0,0,0,0,0,0,0,0,0
135,AgentA wins,20.00,0,0,0,0,0,0,0,0,0,0
136,AgentA wins,18.00,0,0,0,0,0,0,0,0,0,0
137,AgentA wins,20.00,0,0,0,0,0,0,0,0,0,0
138,AgentA wins,18.00,0,0,0,0,0,0,0,0,0,0
139,AgentA wins,20.00,0,0,0,0,0,0,0,0,0,0
140,AgentA wins,15.00,0,0,0,0,0,0,0,0,0,0
111,AgentB wins,46.00,0,0,0,0,0,0,0,0,0,0
112,AgentA wins,50.00,0,0,0,0,0,0,0,0,0,0
113,AgentA wins,46.67,0,0,0,0,0,0,0,0,0,0
114,AgentB wins,57.00,0,0,0,0,0,0,0,0,0,0
115,AgentA wins,15.00,0,0,0,0,0,0,0,0,0,0
116,AgentA wins,45.00,0,0,0,0,0,0,0,0,0,0
117,AgentA wins,18.00,0,0,0,0,0,0,0,0,0,0
118,timeout draw,60.00,0,0,0,0,0,0,0,0,0,0
119,AgentA wins,36.67,0,0,0,0,0,0,0,0,0,0
120,AgentA wins,27.00,0,0,0,0,0,0,0,0,0,0
111,AgentB wins,51.33,0,0,0,0,0,0,0,0,0,0
112,AgentA wins,15.00,0,0,0,0,0,0,0,0,0,0
113,AgentA wins,34.67,0,0,0,0,0,0,0,0,0,0
114,AgentA wins,15.00,0,0,0,0,0,0,0,0,0,0
115,AgentA wins,55.33,0,0,0,0,0,0,0,0,0,0
116,AgentA wins,37.00,0,0,0,0,0,0,0,0,0,0
117,AgentA wins,15.00,0,0,0,0,0,0,0,0,0,0
118,AgentA wins,15.00,0,0,0,0,0,0,0,0,0,0
119,AgentB wins,33.67,0,0,0,0,0,0,0,0,0,0
120,AgentA wins,29.00,0,0,0,0,0,0,0,0,0,0
111,AgentA wins,37.33,0,0,0,0,0,0,0,0,0,0
112,AgentA wins,24.00,0,0,0,0,0,0,0,0,0,0
113,AgentA wins,27.00,0,0,0,0,0,0,0,0,0,0
114,AgentA wins,27.67,0,0,0,0,0,0,0,0,0,0
115,AgentA wins,15.00,0,0,0,0,0,0,0,0,0,0
116,AgentA wins,37.00,0,0,0,0,0,0,0,0,0,0
117,AgentA wins,27.67,0,0,0,0,0,0,0,0,0,0
118,AgentA wins,35.33,0,0,0,0,0,0,0,0,0,0
119,AgentA wins,26.67,0,0,0,0,0,0,0,0,0,0
120,AgentA wins,18.00,0,0,0,0,0,0,0,0,0,0
111,AgentA wins,18.00,0,0,0,0,0,0,0,0,0,0
112,AgentA wins,15.00,0,0,0,0,0,0,0,0,0,0
113,AgentA wins,17.00,0,0,0,0,0,0,0,0,0,0
114,AgentA wins,19.67,0,0,0,0,0,0,0,0,0,0
115,AgentA wins,18.00,0,0,0,0,0,0,0,0,0,0
116,AgentA wins,20.00,0,0,0,0,0,0,0,0,0,0
117,AgentA wins,23.00,0,0,0,0,0,0,0,0,0,0
118,AgentA wins,19.67,0,0,0,0,0,0,0,0,0,0
119,AgentA wins,20.00,0,0,0,0,0,0,0,0,0,0
120,AgentA wins,60.00,0,0,0,0,0,0,0,0,0,0
121,AgentA wins,17.67,0,0,0,0,0,0,0,0,0,0
122,AgentA wins,30.00,0,0,0,0,0,0,0,0,0,0
123,AgentA wins,18.00,0,0,0,0,0,0,0,0,0,0
124,AgentA wins,28.33,0,0,0,0,0,0,0,0,0,0
125,AgentA wins,18.00,0,0,0,0,0,0,0,0,0,0
126,AgentA wins,29.00,0,0,0,0,0,0,0,0,0,0
127,AgentB wins,31.33,0,0,0,0,0,0,0,0,0,0
128,AgentA wins,21.00,0,0,0,0,0,0,0,0,0,0
129,AgentA wins,23.00,0,0,0,0,0,0,0,0,0,0
130,AgentA wins,28.67,0,0,0,0,0,0,0,0,0,0
171,AgentA wins,15.00,0,0,0,0,0,0,0,0,0,0
172,AgentA wins,15.00,0,0,0,0,0,0,0,0,0,0
173,AgentA wins,20.00,0,0,0,0,0,0,0,0,0,0
174,AgentA wins,18.00,0,0,0,0,0,0,0,0,0,0
175,AgentA wins,20.00,0,0,0,0,0,0,0,0,0,0
176,AgentA wins,15.00,0,0,0,0,0,0,0,0,0,0
177,AgentA wins,15.00,0,0,0,0,0,0,0,0,0,0
178,AgentA wins,18.00,0,0,0,0,0,0,0,0,0,0
179,AgentA wins,15.00,0,0,0,0,0,0,0,0,0,0
180,AgentA wins,18.00,0,0,0,0,0,0,0,0,0,0
171,AgentA wins,18.00,0,0,0,0,0,0,0,0,0,0
172,AgentA wins,15.00,0,0,0,0,0,0,0,0,0,0
173,AgentA wins,19.67,0,0,0,0,0,0,0,0,0,0
174,AgentA wins,20.00,0,0,0,0,0,0,0,0,0,0
175,AgentA wins,18.00,0,0,0,0,0,0,0,0,0,0
176,AgentA wins,18.00,0,0,0,0,0,0,0,0,0,0
177,AgentA wins,20.00,0,0,0,0,0,0,0,0,0,0
178,AgentA wins,20.00,0,0,0,0,0,0,0,0,0,0
179,AgentA wins,20.00,0,0,0,0,0,0,0,0,0,0
180,AgentA wins,15.00,0,0,0,0,0,0,0,0,0,0
171,AgentA wins,18.00,0,0,0,0,0,0,0,0,0,0
172,AgentA wins,15.00,0,0,0,0,0,0,0,0,0,0
173,AgentA wins,15.00,0,0,0,0,0,0,0,0,0,0
174,AgentA wins,15.00,0,0,0,0,0,0,0,0,0,0
175,AgentA wins,20.00,0,0,0,0,0,0,0,0,0,0
176,AgentA wins,20.00,0,0,0,0,0,0,0,0,0,0
177,AgentA wins,18.00,0,0,0,0,0,0,0,0,0,0
178,AgentA wins,20.00,0,0,0,0,0,0,0,0,0,0
179,AgentA wins,18.00,0,0,0,0,0,0,0,0,0,0
180,AgentA wins,20.00,0,0,0,0,0,0,0,0,0,0
111,AgentA wins,20.00,0,0,0,0,0,0,0,0,0,0
112,AgentA wins,15.00,0,0,0,0,0,0,0,0,0,0
113,AgentB wins,45.67,0,0,0,0,0,0,0,0,0,0
114,AgentA wins,15.00,0,0,0,0,0,0,0,0,0,0
115,AgentA wins,15.00,0,0,0,0,0,0,0,0,0,0
116,AgentA wins,50.00,0,0,0,0,0,0,0,0,0,0
117,AgentA wins,23.67,0,0,0,0,0,0,0,0,0,0
118,AgentA wins,15.00,0,0,0,0,0,0,0,0,0,0
119,AgentA wins,15.00,0,0,0,0,0,0,0,0,0,0
120,AgentA wins,23.00,0,0,0,0,0,0,0,0,0,0
111,AgentA wins,23.00,0,0,0,0,0,0,0,0,0,0
112,AgentA wins,15.00,0,0,0,0,0,0,0,0,0,0
113,AgentA wins,18.00,0,0,0,0,0,0,0,0,0,0
114,timeout draw,60.00,0,0,0,0,0,0,0,0,0,0
115,timeout draw,60.00,0,0,0,0,0,0,0,0,0,0
116,AgentA wins,38.00,0,0,0,0,0,0,0,0,0,0
117,AgentA wins,21.00,0,0,0,0,0,0,0,0,0,0
118,AgentA wins,15.00,0,0,0,0,0,0,0,0,0,0
119,AgentA wins,24.00,0,0,0,0,0,0,0,0,0,0
120,AgentA wins,18.00,0,0,0,0,0,0,0,0,0,0
171,AgentA wins,15.00,0,0,0,0,0,0,0,0,0,0
172,AgentA wins,17.00,0,0,0,0,0,0,0,0,0,0
173,AgentA wins,18.00,0,0,0,0,0,0,0,0,0,0
174,AgentA wins,20.00,0,0,0,0,0,0,0,0,0,0
175,AgentA wins,20.00,0,0,0,0,0,0,0,0,0,0
176,AgentA wins,20.00,0,0,0,0,0,0,0,0,0,0
177,AgentA wins,20.00,0,0,0,0,0,0,0,0,0,0
178,AgentA wins,15.00,0,0,0,0,0,0,0,0,0,0
179,AgentA wins,19.67,0,0,0,0,0,0,0,0,0,0
180,AgentA wins,20.00,0,0,0,0,0,0,0,0,0,0
171,AgentA wins,15.00,0,0,0,0,0,0,0,0,0,0
172,AgentA wins,20.00,0,0,0,0,0,0,0,0,0,0
173,AgentA wins,20.00,0,0,0,0,0,0,0,0,0,0
174,AgentA wins,20.00,0,0,0,0,0,0,0,0,0,0
175,AgentA wins,20.00,0,0,0,0,0,0,0,0,0,0
176,AgentA wins,15.00,0,0,0,0,0,0,0,0,0,0
177,AgentA wins,15.00,0,0,0,0,0,0,0,0,0,0
178,AgentA wins,20.00,0,0,0,0,0,0,0,0,0,0
179,AgentA wins,22.33,0,0,0,0,0,0,0,0,0,0
180,AgentA wins,15.00,0,0,0,0,0,0,0,0,0,0
171,AgentA wins,20.00,0,0,0,0,0,0,0,0,0,0
172,AgentA wins,20.00,0,0,0,0,0,0,0,0,0,0
173,AgentA wins,20.00,0,0,0,0,0,0,0,0,0,0
174,AgentA wins,15.00,0,0,0,0,0,0,0,0,0,0
175,AgentA wins,20.00,0,0,0,0,0,0,0,0,0,0
176,AgentA wins,20.00,0,0,0,0,0,0,0,0,0,0
177,AgentA wins,20.00,0,0,0,0,0,0,0,0,0,0
178,AgentA wins,18.00,0,0,0,0,0,0,0,0,0,0
179,AgentA wins,18.00,0,0,0,0,0,0,0,0,0,0
180,AgentA wins,17.00,0,0,0,0,0,0,0,0,0,0
111,AgentA wins,15.00,0,0,0,0,0,0,0,0,0,0
112,AgentA wins,18.00,0,0,0,0,0,0,0,0,0,0
113,AgentA wins,21.00,0,0,0,0,0,0,0,0,0,0
114,AgentA wins,18.00,0,0,0,0,0,0,0,0,0,0
115,AgentA wins,43.00,0,0,0,0,0,0,0,0,0,0
116,timeout draw,60.00,0,0,0,0,0,0,0,0,0,0
117,AgentA wins,24.00,0,0,0,0,0,0,0,0,0,0
118,AgentA wins,15.00,0,0,0,0,0,0,0,0,0,0
119,AgentA wins,41.67,0,0,0,0,0,0,0,0,0,0
120,AgentB wins,27.00,0,0,0,0,0,0,0,0,0,0
121,AgentA wins,15.00,0,0,0,0,0,0,0,0,0,0
122,AgentA wins,43.67,0,0,0,0,0,0,0,0,0,0
123,AgentA wins,27.00,0,0,0,0,0,0,0,0,0,0
124,AgentA wins,24.00,0,0,0,0,0,0,0,0,0,0
125,AgentA wins,24.00,0,0,0,0,0,0,0,0,0,0
126,AgentA wins,20.00,0,0,0,0,0,0,0,0,0,0
127,AgentA wins,15.00,0,0,0,0,0,0,0,0,0,0
128,AgentA wins,28.00,0,0,0,0,0,0,0,0,0,0
129,AgentA wins,18.00,0,0,0,0,0,0,0,0,0,0
130,AgentA wins,20.00,0,0,0,0,0,0,0,0,0,0
101,AgentB wins,50.67,0,0,0,0,0,0,0,0,0,0
102,AgentB wins,24.00,0,0,0,0,0,0,0,0,0,0
103,AgentA wins,18.00,0,0,0,0,0,0,0,0,0,0
104,AgentA wins,37.33,0,0,0,0,0,0,0,0,0,0
105,timeout draw,60.00,0,0,0,0,0,0,0,0,0,0
106,AgentA wins,36.00,0,0,0,0,0,0,0,0,0,0
107,AgentA wins,18.00,0,0,0,0,0,0,0,0,0,0
108,AgentA wins,15.00,0,0,0,0,0,0,0,0,0,0
109,AgentA wins,39.67,0,0,0,0,0,0,0,0,0,0
110,AgentA wins,18.00,0,0,0,0,0,0,0,0,0,0
121,AgentA wins,52.00,0,0,0,0,0,0,0,0,0,0
122,AgentA wins,48.33,0,0,0,0,0,0,0,0,0,0
123,AgentA wins,15.00,0,0,0,0,0,0,0,0,0,0
124,AgentA wins,41.67,0,0,0,0,0,0,0,0,0,0
125,AgentA wins,24.00,0,0,0,0,0,0,0,0,0,0
126,AgentA wins,35.67,0,0,0,0,0,0,0,0,0,0
127,AgentA wins,34.33,0,0,0,0,0,0,0,0,0,0
128,AgentA wins,18.00,0,0,0,0,0,0,0,0,0,0
129,AgentA wins,18.00,0,0,0,0,0,0,0,0,0,0
130,AgentA wins,27.00,0,0,0,0,0,0,0,0,0,0
121,AgentA wins,27.00,0,0,0,0,0,0,0,0,0,0
122,AgentA wins,18.00,0,0,0,0,0,0,0,0,0,0
123,AgentA wins,37.00,0,0,0,0,0,0,0,0,0,0
124,AgentA wins,37.33,0,0,0,0,0,0,0,0,0,0
125,AgentA wins,43.00,0,0,0,0,0,0,0,0,0,0
126,AgentA wins,26.33,0,0,0,0,0,0,0,0,0,0
127,AgentA wins,18.00,0,0,0,0,0,0,0,0,0,0
128,AgentA wins,24.00,0,0,0,0,0,0,0,0,0,0
129,AgentA wins,18.00,0,0,0,0,0,0,0,0,0,0
130,AgentA wins,15.00,0,0,0,0,0,0,0,0,0,0
121,timeout draw,60.00,0,0,0,0,0,0,0,0,0,0
122,AgentB wins,33.33,0,0,0,0,0,0,0,0,0,0
123,timeout draw,60.00,0,0,0,0,0,0,0,0,0,0
124,AgentA wins,48.00,0,0,0,0,0,0,0,0,0,0
125,timeout draw,60.00,0,0,0,0,0,0,0,0,0,0
126,AgentB wins,24.67,0,0,0,0,0,0,0,0,0,0
127,AgentA wins,15.00,0,0,0,0,0,0,0,0,0,0
128,AgentA wins,15.00,0,0,0,0,0,0,0,0,0,0
129,AgentB wins,60.00,0,0,0,0,0,0,0,0,0,0
130,timeout draw,60.00,0,0,0,0,0,0,0,0,0,0
111,AgentA wins,15.00,0,0,0,0,0,0,0,0,0,0
112,AgentA wins,41.00,0,0,0,0,0,0,0,0,0,0
113,timeout draw,60.00,0,0,0,0,0,0,0,0,0,0
114,AgentA wins,21.00,0,0,0,0,0,0,0,0,0,0
115,AgentB wins,47.33,0,0,0,0,0,0,0,0,0,0
116,AgentA wins,26.33,0,0,0,0,0,0,0,0,0,0
117,AgentA wins,23.00,0,0,0,0,0,0,0,0,0,0
118,AgentA wins,20.00,0,0,0,0,0,0,0,0,0,0
119,AgentB wins,41.33,0,0,0,0,0,0,0,0,0,0
120,AgentA wins,15.00,0,0,0,0,0,0,0,0,0,0
121,AgentA wins,28.00,0,0,0,0,0,0,0,0,0,0
122,AgentA wins,37.33,0,0,0,0,0,0,0,0,0,0
123,AgentA wins,15.00,0,0,0,0,0,0,0,0,0,0
124,AgentA wins,32.00,0,0,0,0,0,0,0,0,0,0
125,AgentA wins,31.00,0,0,0,0,0,0,0,0,0,0
126,AgentA wins,29.33,0,0,0,0,0,0,0,0,0,0
127,AgentA wins,40.33,0,0,0,0,0,0,0,0,0,0
128,AgentA wins,18.00,0,0,0,0,0,0,0,0,0,0
129,AgentA wins,15.00,0,0,0,0,0,0,0,0,0,0
130,AgentA wins,20.00,0,0,0,0,0,0,0,0,0,0
121,AgentA wins,15.00,0,0,0,0,0,0,0,0,0,0
122,AgentA wins,15.00,0,0,0,0,0,0,0,0,0,0
123,timeout draw,60.00,0,0,0,0,0,0,0,0,0,0
124,AgentA wins,18.00,0,0,0,0,0,0,0,0,0,0
125,AgentA wins,18.00,0,0,0,0,0,0,0,0,0,0
126,AgentA wins,15.00,0,0,0,0,0,0,0,0,0,0
127,AgentA wins,23.67,0,0,0,0,0,0,0,0,0,0
128,AgentA wins,20.00,0,0,0,0,0,0,0,0,0,0
129,AgentA wins,22.67,0,0,0,0,0,0,0,0,0,0
130,AgentA wins,27.00,0,0,0,0,0,0,0,0,0,0
181,AgentA wins,18.00,0,0,0,0,0,0,0,0,0,0
182,AgentA wins,19.67,0,0,0,0,0,0,0,0,0,0
183,AgentA wins,20.00,0,0,0,0,0,0,0,0,0,0
184,AgentA wins,20.00,0,0,0,0,0,0,0,0,0,0
185,AgentA wins,20.00,0,0,0,0,0,0,0,0,0,0
186,AgentA wins,20.00,0,0,0,0,0,0,0,0,0,0
187,AgentA wins,20.00,0,0,0,0,0,0,0,0,0,0
188,AgentA wins,20.00,0,0,0,0,0,0,0,0,0,0
189,AgentA wins,20.00,0,0,0,0,0,0,0,0,0,0
190,AgentA wins,20.00,0,0,0,0,0,0,0,0,0,0
181,AgentA wins,20.00,0,0,0,0,0,0,0,0,0,0
182,AgentA wins,18.00,0,0,0,0,0,0,0,0,0,0
183,AgentA wins,20.00,0,0,0,0,0,0,0,0,0,0
184,AgentA wins,18.00,0,0,0,0,0,0,0,0,0,0
185,AgentA wins,19.67,0,0,0,0,0,0,0,0,0,0
186,AgentA wins,20.00,0,0,0,0,0,0,0,0,0,0
187,AgentA wins,15.00,0,0,0,0,0,0,0,0,0,0
188,AgentA wins,18.00,0,0,0,0,0,0,0,0,0,0
189,AgentA wins,15.00,0,0,0,0,0,0,0,0,0,0
190,AgentA wins,17.00,0,0,0,0,0,0,0,0,0,0
181,AgentA wins,18.00,0,0,0,0,0,0,0,0,0,0
182,AgentA wins,20.00,0,0,0,0,0,0,0,0,0,0
183,AgentB wins,25.67,0,0,0,0,0,0,0,0,0,0
184,AgentA wins,20.00,0,0,0,0,0,0,0,0,0,0
185,AgentA wins,20.00,0,0,0,0,0,0,0,0,0,0
186,AgentA wins,19.67,0,0,0,0,0,0,0,0,0,0
187,AgentA wins,20.00,0,0,0,0,0,0,0,0,0,0
188,AgentA wins,20.00,0,0,0,0,0,0,0,0,0,0
189,AgentA wins,20.00,0,0,0,0,0,0,0,0,0,0
190,AgentA wins,19.67,0,0,0,0,0,0,0,0,0,0
111,AgentA wins,33.00,0,0,0,0,0,0,0,0,0,0
112,AgentA wins,18.00,0,0,0,0,0,0,0,0,0,0
113,AgentA wins,15.00,0,0,0,0,0,0,0,0,0,0
114,AgentA wins,37.33,0,0,0,0,0,0,0,0,0,0
115,timeout draw,60.00,0,0,0,0,0,0,0,0,0,0
116,AgentA wins,15.00,0,0,0,0,0,0,0,0,0,0
117,timeout draw,60.00,0,0,0,0,0,0,0,0,0,0
118,AgentA wins,21.00,0,0,0,0,0,0,0,0,0,0
119,AgentA wins,47.00,0,0,0,0,0,0,0,0,0,0
120,AgentA wins,15.00,0,0,0,0,0,0,0,0,0,0
131,AgentA wins,25.67,227,231,0,113,0,164,0,28,26,57
132,AgentA wins,40.33,355,361,0,179,0,242,0,35,40,101
133,AgentA wins,27.00,243,240,1,116,0,166,0,28,32,58
134,AgentA wins,18.00,167,160,0,73,0,120,0,12,30,35
135,AgentA wins,38.00,337,336,3,162,0,241,0,32,49,92
136,AgentA wins,18.00,157,160,0,77,0,115,0,16,20,37
137,AgentB wins,42.33,370,377,4,169,0,254,0,28,56,83
138,AgentA wins,30.00,262,265,1,135,0,171,0,26,33,60
139,AgentA wins,33.00,291,292,0,126,0,197,0,31,37,61
140,AgentA wins,18.00,160,162,1,78,0,114,0,13,24,42
181,AgentA wins,20.00,0,0,0,0,0,0,0,0,0,0
182,AgentA wins,20.00,0,0,0,0,0,0,0,0,0,0
183,AgentA wins,20.00,0,0,0,0,0,0,0,0,0,0
184,AgentA wins,20.00,0,0,0,0,0,0,0,0,0,0
185,AgentA wins,20.00,0,0,0,0,0,0,0,0,0,0
186,AgentA wins,20.00,0,0,0,0,0,0,0,0,0,0
187,AgentA wins,15.00,0,0,0,0,0,0,0,0,0,0
188,AgentA wins,17.00,0,0,0,0,0,0,0,0,0,0
189,AgentA wins,20.00,0,0,0,0,0,0,0,0,0,0
190,AgentA wins,15.00,0,0,0,0,0,0,0,0,0,0
121,AgentA wins,27.00,0,0,0,0,0,0,0,0,0,0
122,AgentA wins,52.67,0,0,0,0,0,0,0,0,0,0
123,AgentA wins,20.00,0,0,0,0,0,0,0,0,0,0
124,AgentA wins,18.00,0,0,0,0,0,0,0,0,0,0
125,AgentA wins,18.00,0,0,0,0,0,0,0,0,0,0
126,AgentA wins,20.00,0,0,0,0,0,0,0,0,0,0
127,AgentA wins,27.00,0,0,0,0,0,0,0,0,0,0
128,timeout draw,60.00,0,0,0,0,0,0,0,0,0,0
129,AgentA wins,31.00,0,0,0,0,0,0,0,0,0,0
130,AgentA wins,30.00,0,0,0,0,0,0,0,0,0,0
181,AgentA wins,20.00,0,0,0,0,0,0,0,0,0,0
182,AgentA wins,18.00,0,0,0,0,0,0,0,0,0,0
183,AgentA wins,20.00,0,0,0,0,0,0,0,0,0,0
184,AgentA wins,15.00,0,0,0,0,0,0,0,0,0,0
185,AgentA wins,15.00,0,0,0,0,0,0,0,0,0,0
186,AgentA wins,15.00,0,0,0,0,0,0,0,0,0,0
187,AgentA wins,20.00,0,0,0,0,0,0,0,0,0,0
188,AgentA wins,20.00,0,0,0,0,0,0,0,0,0,0
189,AgentA wins,17.00,0,0,0,0,0,0,0,0,0,0
190,AgentA wins,18.00,0,0,0,0,0,0,0,0,0,0
181,AgentA wins,20.00,0,0,0,0,0,0,0,0,0,0
182,AgentA wins,20.00,0,0,0,0,0,0,0,0,0,0
183,AgentA wins,20.00,0,0,0,0,0,0,0,0,0,0
184,AgentA wins,20.00,0,0,0,0,0,0,0,0,0,0
185,AgentA wins,15.00,0,0,0,0,0,0,0,0,0,0
186,AgentA wins,19.67,0,0,0,0,0,0,0,0,0,0
187,AgentA wins,19.67,0,0,0,0,0,0,0,0,0,0
188,AgentA wins,20.00,0,0,0,0,0,0,0,0,0,0
189,AgentA wins,17.00,0,0,0,0,0,0,0,0,0,0
190,AgentA wins,19.67,0,0,0,0,0,0,0,0,0,0
131,AgentA wins,15.00,0,0,0,0,0,0,0,0,0,0
132,AgentA wins,20.67,0,0,0,0,0,0,0,0,0,0
133,AgentA wins,42.00,0,0,0,0,0,0,0,0,0,0
134,AgentA wins,53.00,0,0,0,0,0,0,0,0,0,0
135,AgentA wins,15.00,0,0,0,0,0,0,0,0,0,0
136,AgentA wins,27.00,0,0,0,0,0,0,0,0,0,0
137,AgentA wins,21.00,0,0,0,0,0,0,0,0,0,0
138,AgentA wins,47.33,0,0,0,0,0,0,0,0,0,0
139,AgentA wins,15.00,0,0,0,0,0,0,0,0,0,0
140,AgentA wins,28.33,0,0,0,0,0,0,0,0,0,0
121,AgentA wins,27.00,0,0,0,0,0,0,0,0,0,0
122,AgentA wins,38.33,0,0,0,0,0,0,0,0,0,0
123,AgentA wins,15.00,0,0,0,0,0,0,0,0,0,0
124,AgentA wins,15.67,0,0,0,0,0,0,0,0,0,0
125,AgentA wins,15.00,0,0,0,0,0,0,0,0,0,0
126,AgentA wins,30.00,0,0,0,0,0,0,0,0,0,0
127,AgentA wins,20.00,0,0,0,0,0,0,0,0,0,0
128,AgentA wins,28.67,0,0,0,0,0,0,0,0,0,0
129,AgentA wins,18.00,0,0,0,0,0,0,0,0,0,0
130,AgentA wins,20.00,0,0,0,0,0,0,0,0,0,0
121,AgentA wins,41.00,0,0,0,0,0,0,0,0,0,0
122,AgentA wins,21.00,0,0,0,0,0,0,0,0,0,0
123,AgentB wins,30.33,0,0,0,0,0,0,0,0,0,0
124,AgentB wins,27.67,0,0,0,0,0,0,0,0,0,0
125,AgentB wins,36.67,0,0,0,0,0,0,0,0,0,0
126,AgentB wins,39.00,0,0,0,0,0,0,0,0,0,0
127,AgentA wins,21.00,0,0,0,0,0,0,0,0,0,0
128,AgentA wins,27.00,0,0,0,0,0,0,0,0,0,0
129,AgentB wins,35.33,0,0,0,0,0,0,0,0,0,0
130,AgentA wins,15.00,0,0,0,0,0,0,0,0,0,0
121,AgentA wins,33.00,0,0,0,0,0,0,0,0,0,0
122,AgentA wins,21.00,0,0,0,0,0,0,0,0,0,0
123,AgentA wins,23.67,0,0,0,0,0,0,0,0,0,0
124,AgentB wins,38.00,0,0,0,0,0,0,0,0,0,0
125,AgentA wins,15.00,0,0,0,0,0,0,0,0,0,0
126,AgentA wins,23.67,0,0,0,0,0,0,0,0,0,0
127,AgentA wins,20.00,0,0,0,0,0,0,0,0,0,0
128,AgentA wins,34.67,0,0,0,0,0,0,0,0,0,0
129,AgentA wins,17.00,0,0,0,0,0,0,0,0,0,0
130,AgentA wins,23.00,0,0,0,0,0,0,0,0,0,0
141,AgentA wins,15.00,0,0,0,0,0,0,0,0,0,0
142,AgentA wins,54.33,0,0,0,0,0,0,0,0,0,0
143,AgentB wins,35.00,0,0,0,0,0,0,0,0,0,0
144,AgentA wins,34.00,0,0,0,0,0,0,0,0,0,0
145,AgentB wins,30.33,0,0,0,0,0,0,0,0,0,0
146,AgentA wins,15.00,0,0,0,0,0,0,0,0,0,0
147,AgentB wins,42.33,0,0,0,0,0,0,0,0,0,0
148,AgentB wins,45.67,0,0,0,0,0,0,0,0,0,0
149,AgentA wins,52.00,0,0,0,0,0,0,0,0,0,0
150,AgentB wins,43.33,0,0,0,0,0,0,0,0,0,0
121,AgentA wins,29.00,0,0,0,0,0,0,0,0,0,0
122,AgentA wins,20.00,0,0,0,0,0,0,0,0,0,0
123,AgentB wins,29.67,0,0,0,0,0,0,0,0,0,0
124,AgentA wins,20.67,0,0,0,0,0,0,0,0,0,0
125,AgentA wins,15.00,0,0,0,0,0,0,0,0,0,0
126,AgentB wins,42.00,0,0,0,0,0,0,0,0,0,0
127,AgentA wins,18.00,0,0,0,0,0,0,0,0,0,0
128,AgentA wins,26.67,0,0,0,0,0,0,0,0,0,0
129,AgentA wins,30.00,0,0,0,0,0,0,0,0,0,0
130,AgentA wins,15.00,0,0,0,0,0,0,0,0,0,0
121,AgentA wins,46.00,0,0,0,0,0,0,0,0,0,0
122,AgentB wins,32.33,0,0,0,0,0,0,0,0,0,0
123,AgentA wins,30.00,0,0,0,0,0,0,0,0,0,0
124,timeout draw,60.00,0,0,0,0,0,0,0,0,0,0
125,AgentA wins,21.00,0,0,0,0,0,0,0,0,0,0
126,timeout draw,60.00,0,0,0,0,0,0,0,0,0,0
127,timeout draw,60.00,0,0,0,0,0,0,0,0,0,0
128,AgentA wins,19.67,0,0,0,0,0,0,0,0,0,0
129,AgentA wins,17.00,0,0,0,0,0,0,0,0,0,0
130,AgentA wins,20.00,0,0,0,0,0,0,0,0,0,0
121,timeout draw,60.00,0,0,0,0,0,0,0,0,0,0
122,AgentA wins,18.00,0,0,0,0,0,0,0,0,0,0
123,AgentB wins,27.67,0,0,0,0,0,0,0,0,0,0
124,timeout draw,60.00,0,0,0,0,0,0,0,0,0,0
125,AgentA wins,59.00,0,0,0,0,0,0,0,0,0,0
126,AgentA wins,24.00,0,0,0,0,0,0,0,0,0,0
127,AgentA wins,15.00,0,0,0,0,0,0,0,0,0,0
128,AgentA wins,34.33,0,0,0,0,0,0,0,0,0,0
129,AgentA wins,18.00,0,0,0,0,0,0,0,0,0,0
130,timeout draw,60.00,0,0,0,0,0,0,0,0,0,0
131,AgentA wins,15.00,0,0,0,0,0,0,0,0,0,0
132,AgentA wins,15.00,0,0,0,0,0,0,0,0,0,0
133,AgentA wins,44.00,0,0,0,0,0,0,0,0,0,0
134,AgentA wins,15.00,0,0,0,0,0,0,0,0,0,0
135,AgentB wins,24.67,0,0,0,0,0,0,0,0,0,0
136,AgentA wins,24.00,0,0,0,0,0,0,0,0,0,0
137,AgentA wins,38.00,0,0,0,0,0,0,0,0,0,0
138,AgentA wins,27.00,0,0,0,0,0,0,0,0,0,0
139,AgentB wins,52.33,0,0,0,0,0,0,0,0,0,0
140,AgentA wins,15.00,0,0,0,0,0,0,0,0,0,0
121,AgentA wins,15.00,0,0,0,0,0,0,0,0,0,0
122,AgentA wins,20.00,0,0,0,0,0,0,0,0,0,0
123,AgentA wins,15.00,0,0,0,0,0,0,0,0,0,0
124,AgentA wins,55.00,0,0,0,0,0,0,0,0,0,0
125,AgentA wins,34.67,0,0,0,0,0,0,0,0,0,0
126,AgentA wins,22.67,0,0,0,0,0,0,0,0,0,0
127,AgentA wins,20.00,0,0,0,0,0,0,0,0,0,0
128,AgentA wins,15.00,0,0,0,0,0,0,0,0,0,0
129,AgentA wins,15.00,0,0,0,0,0,0,0,0,0,0
130,AgentA wins,15.00,0,0,0,0,0,0,0,0,0,0
191,AgentA wins,15.00,0,0,0,0,0,0,0,0,0,0
192,AgentA wins,15.00,0,0,0,0,0,0,0,0,0,0
193,AgentA wins,15.00,0,0,0,0,0,0,0,0,0,0
194,AgentA wins,20.00,0,0,0,0,0,0,0,0,0,0
195,AgentA wins,15.00,0,0,0,0,0,0,0,0,0,0
196,AgentA wins,20.00,0,0,0,0,0,0,0,0,0,0
197,AgentA wins,18.00,0,0,0,0,0,0,0,0,0,0
198,AgentA wins,20.00,0,0,0,0,0,0,0,0,0,0
199,AgentA wins,17.00,0,0,0,0,0,0,0,0,0,0
200,AgentA wins,20.00,0,0,0,0,0,0,0,0,0,0
191,AgentA wins,17.00,0,0,0,0,0,0,0,0,0,0
192,AgentA wins,15.00,0,0,0,0,0,0,0,0,0,0
193,AgentA wins,20.00,0,0,0,0,0,0,0,0,0,0
194,AgentA wins,20.00,0,0,0,0,0,0,0,0,0,0
195,AgentA wins,20.00,0,0,0,0,0,0,0,0,0,0
196,AgentA wins,18.00,0,0,0,0,0,0,0,0,0,0
197,AgentA wins,19.67,0,0,0,0,0,0,0,0,0,0
198,AgentA wins,20.00,0,0,0,0,0,0,0,0,0,0
199,AgentA wins,17.00,0,0,0,0,0,0,0,0,0,0
200,AgentA wins,17.00,0,0,0,0,0,0,0,0,0,0
131,AgentA wins,35.00,0,0,0,0,0,0,0,0,0,0
132,AgentA wins,24.00,0,0,0,0,0,0,0,0,0,0
133,AgentA wins,36.00,0,0,0,0,0,0,0,0,0,0
134,AgentA wins,15.00,0,0,0,0,0,0,0,0,0,0
135,AgentA wins,27.00,0,0,0,0,0,0,0,0,0,0
136,AgentA wins,15.00,0,0,0,0,0,0,0,0,0,0
137,AgentA wins,15.00,0,0,0,0,0,0,0,0,0,0
138,AgentA wins,27.00,0,0,0,0,0,0,0,0,0,0
139,AgentA wins,15.00,0,0,0,0,0,0,0,0,0,0
140,AgentA wins,42.33,0,0,0,0,0,0,0,0,0,0
191,AgentA wins,15.00,0,0,0,0,0,0,0,0,0,0
192,AgentA wins,19.67,0,0,0,0,0,0,0,0,0,0
193,AgentA wins,20.00,0,0,0,0,0,0,0,0,0,0
194,AgentA wins,15.00,0,0,0,0,0,0,0,0,0,0
195,AgentA wins,15.00,0,0,0,0,0,0,0,0,0,0
196,AgentA wins,17.00,0,0,0,0,0,0,0,0,0,0
197,AgentA wins,19.67,0,0,0,0,0,0,0,0,0,0
198,AgentA wins,20.00,0,0,0,0,0,0,0,0,0,0
199,AgentA wins,20.00,0,0,0,0,0,0,0,0,0,0
200,AgentA wins,19.67,0,0,0,0,0,0,0,0,0,0
131,AgentB wins,43.33,0,0,0,0,0,0,0,0,0,0
132,timeout draw,60.00,0,0,0,0,0,0,0,0,0,0
133,AgentA wins,30.00,0,0,0,0,0,0,0,0,0,0
134,AgentA wins,15.00,0,0,0,0,0,0,0,0,0,0
135,AgentA wins,23.00,0,0,0,0,0,0,0,0,0,0
136,AgentA wins,15.00,0,0,0,0,0,0,0,0,0,0
137,AgentB wins,54.67,0,0,0,0,0,0,0,0,0,0
138,AgentA wins,23.67,0,0,0,0,0,0,0,0,0,0
139,AgentA wins,19.67,0,0,0,0,0,0,0,0,0,0
140,AgentA wins,20.00,0,0,0,0,0,0,0,0,0,0
131,AgentA wins,40.67,0,0,0,0,0,0,0,0,0,0
132,AgentA wins,21.00,0,0,0,0,0,0,0,0,0,0
133,AgentA wins,30.00,0,0,0,0,0,0,0,0,0,0
134,AgentA wins,42.00,0,0,0,0,0,0,0,0,0,0
135,AgentA wins,34.67,0,0,0,0,0,0,0,0,0,0
136,AgentA wins,33.33,0,0,0,0,0,0,0,0,0,0
137,AgentA wins,15.00,0,0,0,0,0,0,0,0,0,0
138,AgentA wins,39.33,0,0,0,0,0,0,0,0,0,0
139,AgentA wins,15.00,0,0,0,0,0,0,0,0,0,0
140,AgentA wins,29.33,0,0,0,0,0,0,0,0,0,0
191,AgentA wins,18.00,0,0,0,0,0,0,0,0,0,0
192,AgentA wins,19.67,0,0,0,0,0,0,0,0,0,0
193,AgentA wins,15.00,0,0,0,0,0,0,0,0,0,0
194,AgentA wins,20.00,0,0,0,0,0,0,0,0,0,0
195,AgentA wins,20.00,0,0,0,0,0,0,0,0,0,0
196,AgentA wins,15.00,0,0,0,0,0,0,0,0,0,0
197,AgentA wins,18.00,0,0,0,0,0,0,0,0,0,0
198,AgentA wins,20.00,0,0,0,0,0,0,0,0,0,0
199,AgentA wins,15.00,0,0,0,0,0,0,0,0,0,0
200,AgentA wins,15.00,0,0,0,0,0,0,0,0,0,0
191,AgentA wins,20.00,0,0,0,0,0,0,0,0,0,0
192,AgentA wins,18.00,0,0,0,0,0,0,0,0,0,0
193,AgentA wins,20.00,0,0,0,0,0,0,0,0,0,0
194,AgentA wins,20.00,0,0,0,0,0,0,0,0,0,0
195,AgentA wins,17.00,0,0,0,0,0,0,0,0,0,0
196,AgentA wins,15.00,0,0,0,0,0,0,0,0,0,0
197,AgentA wins,17.00,0,0,0,0,0,0,0,0,0,0
198,AgentA wins,17.00,0,0,0,0,0,0,0,0,0,0
199,AgentA wins,19.67,0,0,0,0,0,0,0,0,0,0
200,AgentA wins,20.00,0,0,0,0,0,0,0,0,0,0
191,AgentA wins,19.67,0,0,0,0,0,0,0,0,0,0
192,AgentA wins,17.00,0,0,0,0,0,0,0,0,0,0
193,AgentA wins,20.00,0,0,0,0,0,0,0,0,0,0
194,AgentA wins,19.67,0,0,0,0,0,0,0,0,0,0
195,AgentA wins,15.00,0,0,0,0,0,0,0,0,0,0
196,AgentA wins,20.00,0,0,0,0,0,0,0,0,0,0
197,AgentA wins,15.00,0,0,0,0,0,0,0,0,0,0
198,AgentA wins,19.67,0,0,0,0,0,0,0,0,0,0
199,AgentA wins,20.00,0,0,0,0,0,0,0,0,0,0
200,AgentA wins,20.00,0,0,0,0,0,0,0,0,0,0
111,AgentA wins,15.00,0,0,0,0,0,0,0,0,0,0
112,AgentA wins,15.00,0,0,0,0,0,0,0,0,0,0
113,AgentA wins,45.67,0,0,0,0,0,0,0,0,0,0
114,AgentA wins,20.00,0,0,0,0,0,0,0,0,0,0
115,AgentA wins,24.00,0,0,0,0,0,0,0,0,0,0
116,AgentA wins,24.67,0,0,0,0,0,0,0,0,0,0
117,AgentA wins,36.00,0,0,0,0,0,0,0,0,0,0
118,timeout draw,60.00,0,0,0,0,0,0,0,0,0,0
119,AgentA wins,54.00,0,0,0,0,0,0,0,0,0,0
120,timeout draw,60.00,0,0,0,0,0,0,0,0,0,0
141,AgentA wins,15.00,131,133,0,73,0,99,0,12,14,37
142,AgentA wins,21.00,187,190,0,99,0,137,0,21,23,38
143,AgentA wins,21.00,183,188,0,107,0,144,0,19,23,51
144,AgentA wins,27.00,244,242,0,128,0,175,0,24,35,48
145,AgentA wins,24.67,223,223,0,110,0,161,0,28,36,41
146,AgentA wins,18.00,157,158,0,78,0,111,0,13,22,36
147,AgentA wins,27.00,239,243,0,115,0,173,0,26,32,52
148,AgentA wins,23.33,208,205,0,111,0,148,0,23,23,54
149,AgentA wins,26.67,238,235,0,108,0,164,0,22,36,45
150,AgentA wins,18.00,158,155,0,85,0,116,0,20,20,41
131,AgentB wins,51.33,0,0,0,0,0,0,0,0,0,0
132,AgentA wins,27.00,0,0,0,0,0,0,0,0,0,0
133,AgentA wins,34.33,0,0,0,0,0,0,0,0,0,0
134,AgentA wins,20.00,0,0,0,0,0,0,0,0,0,0
135,AgentA wins,33.67,0,0,0,0,0,0,0,0,0,0
136,AgentA wins,32.67,0,0,0,0,0,0,0,0,0,0
137,AgentA wins,21.00,0,0,0,0,0,0,0,0,0,0
138,AgentA wins,21.00,0,0,0,0,0,0,0,0,0,0
139,AgentA wins,22.33,0,0,0,0,0,0,0,0,0,0
140,AgentA wins,15.00,0,0,0,0,0,0,0,0,0,0
131,AgentA wins,15.00,0,0,0,0,0,0,0,0,0,0
132,AgentA wins,41.33,0,0,0,0,0,0,0,0,0,0
133,AgentA wins,19.67,0,0,0,0,0,0,0,0,0,0
134,AgentA wins,19.67,0,0,0,0,0,0,0,0,0,0
135,AgentA wins,18.00,0,0,0,0,0,0,0,0,0,0
136,AgentB wins,29.00,0,0,0,0,0,0,0,0,0,0
137,AgentA wins,35.00,0,0,0,0,0,0,0,0,0,0
138,AgentA wins,21.00,0,0,0,0,0,0,0,0,0,0
139,AgentA wins,24.00,0,0,0,0,0,0,0,0,0,0
140,AgentA wins,15.00,0,0,0,0,0,0,0,0,0,0
121,AgentA wins,26.00,0,0,0,0,0,0,0,0,0,0
122,AgentA wins,15.00,0,0,0,0,0,0,0,0,0,0
123,AgentA wins,19.67,0,0,0,0,0,0,0,0,0,0
124,AgentA wins,46.67,0,0,0,0,0,0,0,0,0,0
125,AgentA wins,36.67,0,0,0,0,0,0,0,0,0,0
126,AgentA wins,24.00,0,0,0,0,0,0,0,0,0,0
127,AgentA wins,15.00,0,0,0,0,0,0,0,0,0,0
128,AgentA wins,31.67,0,0,0,0,0,0,0,0,0,0
129,AgentA wins,36.67,0,0,0,0,0,0,0,0,0,0
130,AgentA wins,15.00,0,0,0,0,0,0,0,0,0,0
141,AgentA wins,21.00,0,0,0,0,0,0,0,0,0,0
142,AgentA wins,18.00,0,0,0,0,0,0,0,0,0,0
143,AgentA wins,18.00,0,0,0,0,0,0,0,0,0,0
144,AgentA wins,20.00,0,0,0,0,0,0,0,0,0,0
145,AgentA wins,24.00,0,0,0,0,0,0,0,0,0,0
146,timeout draw,60.00,0,0,0,0,0,0,0,0,0,0
147,AgentA wins,29.00,0,0,0,0,0,0,0,0,0,0
148,AgentA wins,15.00,0,0,0,0,0,0,0,0,0,0
149,AgentB wins,44.67,0,0,0,0,0,0,0,0,0,0
150,AgentA wins,15.00,0,0,0,0,0,0,0,0,0,0
131,AgentA wins,18.00,0,0,0,0,0,0,0,0,0,0
132,AgentA wins,15.00,0,0,0,0,0,0,0,0,0,0
133,AgentA wins,36.67,0,0,0,0,0,0,0,0,0,0
134,timeout draw,60.00,0,0,0,0,0,0,0,0,0,0
135,AgentB wins,21.33,0,0,0,0,0,0,0,0,0,0
136,AgentA wins,21.67,0,0,0,0,0,0,0,0,0,0
137,AgentA wins,18.00,0,0,0,0,0,0,0,0,0,0
138,AgentB wins,39.00,0,0,0,0,0,0,0,0,0,0
139,AgentA wins,25.00,0,0,0,0,0,0,0,0,0,0
140,AgentA wins,26.00,0,0,0,0,0,0,0,0,0,0
131,AgentB wins,50.67,0,0,0,0,0,0,0,0,0,0
132,AgentB wins,33.33,0,0,0,0,0,0,0,0,0,0
133,timeout draw,60.00,0,0,0,0,0,0,0,0,0,0
134,AgentA wins,15.00,0,0,0,0,0,0,0,0,0,0
135,AgentB wins,57.33,0,0,0,0,0,0,0,0,0,0
136,AgentB wins,54.67,0,0,0,0,0,0,0,0,0,0
137,AgentA wins,53.33,0,0,0,0,0,0,0,0,0,0
138,AgentA wins,24.00,0,0,0,0,0,0,0,0,0,0
139,AgentA wins,45.67,0,0,0,0,0,0,0,0,0,0
140,timeout draw,60.00,0,0,0,0,0,0,0,0,0,0
141,AgentA wins,18.67,0,0,0,0,0,0,0,0,0,0
142,AgentA wins,15.00,0,0,0,0,0,0,0,0,0,0
143,AgentA wins,15.00,0,0,0,0,0,0,0,0,0,0
144,AgentA wins,35.00,0,0,0,0,0,0,0,0,0,0
145,AgentA wins,33.00,0,0,0,0,0,0,0,0,0,0
146,AgentA wins,20.00,0,0,0,0,0,0,0,0,0,0
147,AgentA wins,15.00,0,0,0,0,0,0,0,0,0,0
148,AgentA wins,26.33,0,0,0,0,0,0,0,0,0,0
149,AgentA wins,18.00,0,0,0,0,0,0,0,0,0,0
150,AgentA wins,18.00,0,0,0,0,0,0,0,0,0,0
201,AgentA wins,20.00,0,0,0,0,0,0,0,0,0,0
202,AgentA wins,22.33,0,0,0,0,0,0,0,0,0,0
203,AgentA wins,20.00,0,0,0,0,0,0,0,0,0,0
204,AgentA wins,15.00,0,0,0,0,0,0,0,0,0,0
205,AgentA wins,19.67,0,0,0,0,0,0,0,0,0,0
206,AgentA wins,19.67,0,0,0,0,0,0,0,0,0,0
207,AgentA wins,20.00,0,0,0,0,0,0,0,0,0,0
208,AgentA wins,22.33,0,0,0,0,0,0,0,0,0,0
209,AgentA wins,18.00,0,0,0,0,0,0,0,0,0,0
210,AgentA wins,20.00,0,0,0,0,0,0,0,0,0,0
131,AgentA wins,31.00,0,0,0,0,0,0,0,0,0,0
132,AgentA wins,47.00,0,0,0,0,0,0,0,0,0,0
133,AgentA wins,18.00,0,0,0,0,0,0,0,0,0,0
134,AgentA wins,15.00,0,0,0,0,0,0,0,0,0,0
135,AgentA wins,35.00,0,0,0,0,0,0,0,0,0,0
136,AgentA wins,15.00,0,0,0,0,0,0,0,0,0,0
137,AgentA wins,32.00,0,0,0,0,0,0,0,0,0,0
138,AgentB wins,33.67,0,0,0,0,0,0,0,0,0,0
139,AgentA wins,20.00,0,0,0,0,0,0,0,0,0,0
140,AgentA wins,24.00,0,0,0,0,0,0,0,0,0,0
131,AgentB wins,32.33,0,0,0,0,0,0,0,0,0,0
132,AgentA wins,15.00,0,0,0,0,0,0,0,0,0,0
133,AgentB wins,31.67,0,0,0,0,0,0,0,0,0,0
134,timeout draw,60.00,0,0,0,0,0,0,0,0,0,0
135,AgentA wins,15.00,0,0,0,0,0,0,0,0,0,0
136,AgentA wins,18.00,0,0,0,0,0,0,0,0,0,0
137,AgentA wins,51.67,0,0,0,0,0,0,0,0,0,0
138,AgentA wins,24.00,0,0,0,0,0,0,0,0,0,0
139,AgentA wins,15.00,0,0,0,0,0,0,0,0,0,0
140,AgentB wins,37.00,0,0,0,0,0,0,0,0,0,0
131,AgentA wins,15.00,0,0,0,0,0,0,0,0,0,0
132,AgentA wins,15.00,0,0,0,0,0,0,0,0,0,0
133,AgentA wins,31.67,0,0,0,0,0,0,0,0,0,0
134,AgentA wins,35.00,0,0,0,0,0,0,0,0,0,0
135,AgentA wins,33.00,0,0,0,0,0,0,0,0,0,0
136,AgentA wins,15.00,0,0,0,0,0,0,0,0,0,0
137,timeout draw,60.00,0,0,0,0,0,0,0,0,0,0
138,AgentB wins,18.67,0,0,0,0,0,0,0,0,0,0
139,timeout draw,60.00,0,0,0,0,0,0,0,0,0,0
140,AgentA wins,39.00,0,0,0,0,0,0,0,0,0,0
201,AgentA wins,20.00,0,0,0,0,0,0,0,0,0,0
202,AgentA wins,20.00,0,0,0,0,0,0,0,0,0,0
203,AgentA wins,15.00,0,0,0,0,0,0,0,0,0,0
204,AgentA wins,15.00,0,0,0,0,0,0,0,0,0,0
205,AgentA wins,20.00,0,0,0,0,0,0,0,0,0,0
206,AgentA wins,15.00,0,0,0,0,0,0,0,0,0,0
207,AgentA wins,19.67,0,0,0,0,0,0,0,0,0,0
208,AgentA wins,15.00,0,0,0,0,0,0,0,0,0,0
209,AgentA wins,20.00,0,0,0,0,0,0,0,0,0,0
210,AgentA wins,20.00,0,0,0,0,0,0,0,0,0,0
201,AgentA wins,20.00,0,0,0,0,0,0,0,0,0,0
202,AgentA wins,18.00,0,0,0,0,0,0,0,0,0,0
203,AgentA wins,20.00,0,0,0,0,0,0,0,0,0,0
204,AgentA wins,17.00,0,0,0,0,0,0,0,0,0,0
205,AgentA wins,19.67,0,0,0,0,0,0,0,0,0,0
206,AgentA wins,19.67,0,0,0,0,0,0,0,0,0,0
207,AgentA wins,20.00,0,0,0,0,0,0,0,0,0,0
208,AgentA wins,17.00,0,0,0,0,0,0,0,0,0,0
209,AgentA wins,19.67,0,0,0,0,0,0,0,0,0,0
210,AgentA wins,20.00,0,0,0,0,0,0,0,0,0,0
201,AgentA wins,19.67,0,0,0,0,0,0,0,0,0,0
202,AgentA wins,15.00,0,0,0,0,0,0,0,0,0,0
203,AgentA wins,19.67,0,0,0,0,0,0,0,0,0,0
204,AgentA wins,15.00,0,0,0,0,0,0,0,0,0,0
205,AgentA wins,17.00,0,0,0,0,0,0,0,0,0,0
206,AgentA wins,18.00,0,0,0,0,0,0,0,0,0,0
207,AgentA wins,17.00,0,0,0,0,0,0,0,0,0,0
208,AgentA wins,17.00,0,0,0,0,0,0,0,0,0,0
209,AgentA wins,20.00,0,0,0,0,0,0,0,0,0,0
210,AgentA wins,17.00,0,0,0,0,0,0,0,0,0,0
201,AgentA wins,17.00,0,0,0,0,0,0,0,0,0,0
202,AgentA wins,18.00,0,0,0,0,0,0,0,0,0,0
203,AgentA wins,15.00,0,0,0,0,0,0,0,0,0,0
204,AgentA wins,20.00,0,0,0,0,0,0,0,0,0,0
205,AgentA wins,18.00,0,0,0,0,0,0,0,0,0,0
206,AgentA wins,20.00,0,0,0,0,0,0,0,0,0,0
207,AgentA wins,19.67,0,0,0,0,0,0,0,0,0,0
208,AgentA wins,20.00,0,0,0,0,0,0,0,0,0,0
209,AgentA wins,17.00,0,0,0,0,0,0,0,0,0,0
210,AgentA wins,19.67,0,0,0,0,0,0,0,0,0,0
131,AgentA wins,35.00,0,0,0,0,0,0,0,0,0,0
132,AgentA wins,18.00,0,0,0,0,0,0,0,0,0,0
133,AgentA wins,32.67,0,0,0,0,0,0,0,0,0,0
134,AgentA wins,39.00,0,0,0,0,0,0,0,0,0,0
135,AgentA wins,31.00,0,0,0,0,0,0,0,0,0,0
136,AgentA wins,25.00,0,0,0,0,0,0,0,0,0,0
137,AgentA wins,21.00,0,0,0,0,0,0,0,0,0,0
138,AgentA wins,26.00,0,0,0,0,0,0,0,0,0,0
139,AgentA wins,15.00,0,0,0,0,0,0,0,0,0,0
140,AgentB wins,28.67,0,0,0,0,0,0,0,0,0,0
121,AgentA wins,15.00,0,0,0,0,0,0,0,0,0,0
122,AgentA wins,18.00,0,0,0,0,0,0,0,0,0,0
123,AgentA wins,17.00,0,0,0,0,0,0,0,0,0,0
124,AgentA wins,19.67,0,0,0,0,0,0,0,0,0,0
125,AgentA wins,20.00,0,0,0,0,0,0,0,0,0,0
126,AgentA wins,15.00,0,0,0,0,0,0,0,0,0,0
127,AgentA wins,22.33,0,0,0,0,0,0,0,0,0,0
128,AgentA wins,18.00,0,0,0,0,0,0,0,0,0,0
129,AgentA wins,20.00,0,0,0,0,0,0,0,0,0,0
130,AgentA wins,20.00,0,0,0,0,0,0,0,0,0,0
201,AgentA wins,20.00,0,0,0,0,0,0,0,0,0,0
202,AgentA wins,20.00,0,0,0,0,0,0,0,0,0,0
203,AgentA wins,20.00,0,0,0,0,0,0,0,0,0,0
204,AgentA wins,19.67,0,0,0,0,0,0,0,0,0,0
205,AgentA wins,20.00,0,0,0,0,0,0,0,0,0,0
206,AgentA wins,20.00,0,0,0,0,0,0,0,0,0,0
207,AgentA wins,18.00,0,0,0,0,0,0,0,0,0,0
208,AgentA wins,20.00,0,0,0,0,0,0,0,0,0,0
209,AgentA wins,20.00,0,0,0,0,0,0,0,0,0,0
210,AgentA wins,18.00,0,0,0,0,0,0,0,0,0,0
131,AgentA wins,20.00,0,0,0,0,0,0,0,0,0,0
132,AgentA wins,17.00,0,0,0,0,0,0,0,0,0,0
133,AgentA wins,18.00,0,0,0,0,0,0,0,0,0,0
134,AgentA wins,15.00,0,0,0,0,0,0,0,0,0,0
135,AgentB wins,59.00,0,0,0,0,0,0,0,0,0,0
136,AgentB wins,27.67,0,0,0,0,0,0,0,0,0,0
137,AgentB wins,33.33,0,0,0,0,0,0,0,0,0,0
138,AgentB wins,30.00,0,0,0,0,0,0,0,0,0,0
139,AgentB wins,36.00,0,0,0,0,0,0,0,0,0,0
140,AgentB wins,46.33,0,0,0,0,0,0,0,0,0,0
151,AgentA wins,15.00,0,0,0,0,0,0,0,0,0,0
152,AgentA wins,21.00,0,0,0,0,0,0,0,0,0,0
153,AgentA wins,56.33,0,0,0,0,0,0,0,0,0,0
154,AgentB wins,58.00,0,0,0,0,0,0,0,0,0,0
155,AgentB wins,34.33,0,0,0,0,0,0,0,0,0,0
156,AgentA wins,27.00,0,0,0,0,0,0,0,0,0,0
157,AgentA wins,28.67,0,0,0,0,0,0,0,0,0,0
158,AgentA wins,15.00,0,0,0,0,0,0,0,0,0,0
159,AgentB wins,50.67,0,0,0,0,0,0,0,0,0,0
160,AgentB wins,45.67,0,0,0,0,0,0,0,0,0,0
141,AgentB wins,24.33,0,0,0,0,0,0,0,0,0,0
142,AgentA wins,15.00,0,0,0,0,0,0,0,0,0,0
143,AgentA wins,28.67,0,0,0,0,0,0,0,0,0,0
144,AgentA wins,36.00,0,0,0,0,0,0,0,0,0,0
145,AgentA wins,32.00,0,0,0,0,0,0,0,0,0,0
146,AgentA wins,15.00,0,0,0,0,0,0,0,0,0,0
147,AgentA wins,15.00,0,0,0,0,0,0,0,0,0,0
148,AgentA wins,15.00,0,0,0,0,0,0,0,0,0,0
149,AgentA wins,32.67,0,0,0,0,0,0,0,0,0,0
150,AgentA wins,38.67,0,0,0,0,0,0,0,0,0,0
141,AgentA wins,15.00,0,0,0,0,0,0,0,0,0,0
142,AgentA wins,31.00,0,0,0,0,0,0,0,0,0,0
143,AgentA wins,29.33,0,0,0,0,0,0,0,0,0,0
144,AgentA wins,18.00,0,0,0,0,0,0,0,0,0,0
145,AgentA wins,26.33,0,0,0,0,0,0,0,0,0,0
146,AgentA wins,43.67,0,0,0,0,0,0,0,0,0,0
147,AgentA wins,15.00,0,0,0,0,0,0,0,0,0,0
148,AgentA wins,15.00,0,0,0,0,0,0,0,0,0,0
149,AgentA wins,40.67,0,0,0,0,0,0,0,0,0,0
150,AgentB wins,27.67,0,0,0,0,0,0,0,0,0,0
141,AgentB wins,41.00,0,0,0,0,0,0,0,0,0,0
142,AgentA wins,41.67,0,0,0,0,0,0,0,0,0,0
143,AgentA wins,15.00,0,0,0,0,0,0,0,0,0,0
144,AgentA wins,41.00,0,0,0,0,0,0,0,0,0,0
145,AgentB wins,42.33,0,0,0,0,0,0,0,0,0,0
146,AgentA wins,45.67,0,0,0,0,0,0,0,0,0,0
147,AgentB wins,21.67,0,0,0,0,0,0,0,0,0,0
148,AgentA wins,27.00,0,0,0,0,0,0,0,0,0,0
149,AgentA wins,17.00,0,0,0,0,0,0,0,0,0,0
150,AgentA wins,18.67,0,0,0,0,0,0,0,0,0,0
151,AgentB wins,39.33,351,351,1,161,0,256,0,31,71,68
152,AgentA wins,23.67,213,213,0,102,0,143,0,23,41,39
153,AgentA wins,15.00,131,132,0,67,0,102,0,6,27,24
154,AgentA wins,36.67,328,329,1,160,0,242,0,36,52,64
155,AgentA wins,24.00,214,214,1,105,0,153,0,26,37,46
156,AgentA wins,29.67,260,260,0,119,0,186,0,20,44,57
157,AgentA wins,21.00,191,186,0,82,0,135,0,15,34,41
158,AgentA wins,26.00,235,226,1,100,0,163,0,18,45,45
159,AgentA wins,32.00,281,281,1,125,0,191,0,24,53,39
160,AgentA wins,18.00,160,160,1,80,0,119,0,16,26,36
131,AgentA wins,20.00,0,0,0,0,0,0,0,0,0,0
132,AgentA wins,15.00,0,0,0,0,0,0,0,0,0,0
133,AgentA wins,21.00,0,0,0,0,0,0,0,0,0,0
134,timeout draw,60.00,0,0,0,0,0,0,0,0,0,0
135,AgentB wins,38.33,0,0,0,0,0,0,0,0,0,0
136,AgentA wins,56.00,0,0,0,0,0,0,0,0,0,0
137,AgentB wins,33.33,0,0,0,0,0,0,0,0,0,0
138,AgentA wins,15.00,0,0,0,0,0,0,0,0,0,0
139,AgentA wins,44.33,0,0,0,0,0,0,0,0,0,0
140,AgentA wins,59.00,0,0,0,0,0,0,0,0,0,0
141,AgentA wins,33.33,0,0,0,0,0,0,0,0,0,0
142,AgentA wins,24.00,0,0,0,0,0,0,0,0,0,0
143,AgentB wins,22.33,0,0,0,0,0,0,0,0,0,0
144,AgentA wins,17.00,0,0,0,0,0,0,0,0,0,0
145,AgentA wins,15.00,0,0,0,0,0,0,0,0,0,0
146,AgentA wins,15.00,0,0,0,0,0,0,0,0,0,0
147,AgentB wins,28.33,0,0,0,0,0,0,0,0,0,0
148,AgentB wins,48.67,0,0,0,0,0,0,0,0,0,0
149,AgentA wins,25.67,0,0,0,0,0,0,0,0,0,0
150,AgentA wins,18.00,0,0,0,0,0,0,0,0,0,0
141,AgentA wins,23.67,0,0,0,0,0,0,0,0,0,0
142,AgentA wins,23.33,0,0,0,0,0,0,0,0,0,0
143,AgentA wins,38.00,0,0,0,0,0,0,0,0,0,0
144,AgentA wins,45.00,0,0,0,0,0,0,0,0,0,0
145,AgentA wins,15.00,0,0,0,0,0,0,0,0,0,0
146,AgentB wins,31.33,0,0,0,0,0,0,0,0,0,0
147,AgentA wins,15.00,0,0,0,0,0,0,0,0,0,0
148,AgentA wins,26.67,0,0,0,0,0,0,0,0,0,0
149,AgentA wins,19.67,0,0,0,0,0,0,0,0,0,0
150,AgentA wins,27.00,0,0,0,0,0,0,0,0,0,0
211,AgentA wins,17.00,0,0,0,0,0,0,0,0,0,0
212,AgentA wins,19.67,0,0,0,0,0,0,0,0,0,0
213,AgentA wins,20.00,0,0,0,0,0,0,0,0,0,0
214,AgentA wins,15.00,0,0,0,0,0,0,0,0,0,0
215,AgentA wins,20.00,0,0,0,0,0,0,0,0,0,0
216,AgentA wins,22.33,0,0,0,0,0,0,0,0,0,0
217,AgentA wins,19.67,0,0,0,0,0,0,0,0,0,0
218,AgentA wins,19.67,0,0,0,0,0,0,0,0,0,0
219,AgentA wins,20.00,0,0,0,0,0,0,0,0,0,0
220,AgentA wins,15.00,0,0,0,0,0,0,0,0,0,0
211,AgentA wins,20.00,0,0,0,0,0,0,0,0,0,0
212,AgentA wins,18.00,0,0,0,0,0,0,0,0,0,0
213,AgentA wins,20.00,0,0,0,0,0,0,0,0,0,0
214,AgentA wins,15.00,0,0,0,0,0,0,0,0,0,0
215,AgentA wins,15.00,0,0,0,0,0,0,0,0,0,0
216,AgentA wins,19.67,0,0,0,0,0,0,0,0,0,0
217,AgentA wins,19.67,0,0,0,0,0,0,0,0,0,0
218,AgentA wins,19.67,0,0,0,0,0,0,0,0,0,0
219,AgentA wins,19.67,0,0,0,0,0,0,0,0,0,0
220,AgentA wins,15.00,0,0,0,0,0,0,0,0,0,0
211,AgentA wins,19.67,0,0,0,0,0,0,0,0,0,0
212,AgentA wins,19.67,0,0,0,0,0,0,0,0,0,0
213,AgentA wins,20.00,0,0,0,0,0,0,0,0,0,0
214,AgentA wins,15.00,0,0,0,0,0,0,0,0,0,0
215,AgentA wins,22.33,0,0,0,0,0,0,0,0,0,0
216,AgentA wins,19.67,0,0,0,0,0,0,0,0,0,0
217,AgentA wins,18.00,0,0,0,0,0,0,0,0,0,0
218,AgentA wins,18.00,0,0,0,0,0,0,0,0,0,0
219,AgentA wins,17.00,0,0,0,0,0,0,0,0,0,0
220,AgentA wins,15.00,0,0,0,0,0,0,0,0,0,0
211,AgentA wins,20.00,0,0,0,0,0,0,0,0,0,0
212,AgentA wins,15.00,0,0,0,0,0,0,0,0,0,0
213,AgentA wins,15.00,0,0,0,0,0,0,0,0,0,0
214,AgentA wins,20.00,0,0,0,0,0,0,0,0,0,0
215,AgentA wins,20.00,0,0,0,0,0,0,0,0,0,0
216,AgentA wins,20.00,0,0,0,0,0,0,0,0,0,0
217,AgentA wins,19.67,0,0,0,0,0,0,0,0,0,0
218,AgentA wins,19.67,0,0,0,0,0,0,0,0,0,0
219,AgentA wins,17.00,0,0,0,0,0,0,0,0,0,0
220,AgentA wins,20.00,0,0,0,0,0,0,0,0,0,0
211,AgentA wins,20.00,0,0,0,0,0,0,0,0,0,0
212,AgentA wins,15.00,0,0,0,0,0,0,0,0,0,0
213,AgentA wins,20.00,0,0,0,0,0,0,0,0,0,0
214,AgentA wins,15.00,0,0,0,0,0,0,0,0,0,0
215,AgentA wins,20.00,0,0,0,0,0,0,0,0,0,0
216,AgentA wins,22.33,0,0,0,0,0,0,0,0,0,0
217,AgentA wins,15.00,0,0,0,0,0,0,0,0,0,0
218,AgentA wins,20.00,0,0,0,0,0,0,0,0,0,0
219,AgentA wins,19.67,0,0,0,0,0,0,0,0,0,0
220,AgentA wins,15.00,0,0,0,0,0,0,0,0,0,0
141,AgentA wins,19.67,0,0,0,0,0,0,0,0,0,0
142,AgentA wins,42.33,0,0,0,0,0,0,0,0,0,0
143,AgentB wins,37.67,0,0,0,0,0,0,0,0,0,0
144,AgentA wins,17.00,0,0,0,0,0,0,0,0,0,0
145,AgentA wins,21.00,0,0,0,0,0,0,0,0,0,0
146,AgentA wins,26.00,0,0,0,0,0,0,0,0,0,0
147,AgentA wins,18.00,0,0,0,0,0,0,0,0,0,0
148,AgentB wins,30.67,0,0,0,0,0,0,0,0,0,0
149,AgentA wins,15.00,0,0,0,0,0,0,0,0,0,0
150,AgentA wins,49.00,0,0,0,0,0,0,0,0,0,0
211,AgentA wins,19.67,0,0,0,0,0,0,0,0,0,0
212,AgentA wins,19.67,0,0,0,0,0,0,0,0,0,0
213,AgentA wins,17.00,0,0,0,0,0,0,0,0,0,0
214,AgentA wins,18.00,0,0,0,0,0,0,0,0,0,0
215,AgentA wins,20.00,0,0,0,0,0,0,0,0,0,0
216,AgentA wins,20.00,0,0,0,0,0,0,0,0,0,0
217,AgentA wins,22.33,0,0,0,0,0,0,0,0,0,0
218,AgentA wins,20.00,0,0,0,0,0,0,0,0,0,0
219,AgentA wins,15.00,0,0,0,0,0,0,0,0,0,0
220,AgentA wins,18.00,0,0,0,0,0,0,0,0,0,0
151,AgentA wins,24.67,0,0,0,0,0,0,0,0,0,0
152,AgentB wins,27.33,0,0,0,0,0,0,0,0,0,0
153,AgentA wins,27.00,0,0,0,0,0,0,0,0,0,0
154,AgentA wins,57.00,0,0,0,0,0,0,0,0,0,0
155,AgentA wins,15.00,0,0,0,0,0,0,0,0,0,0
156,AgentA wins,45.00,0,0,0,0,0,0,0,0,0,0
157,AgentA wins,27.00,0,0,0,0,0,0,0,0,0,0
158,AgentA wins,25.67,0,0,0,0,0,0,0,0,0,0
159,AgentA wins,18.00,0,0,0,0,0,0,0,0,0,0
160,AgentA wins,39.33,0,0,0,0,0,0,0,0,0,0
131,AgentA wins,49.00,0,0,0,0,0,0,0,0,0,0
132,AgentA wins,26.00,0,0,0,0,0,0,0,0,0,0
133,AgentA wins,15.00,0,0,0,0,0,0,0,0,0,0
134,AgentA wins,55.67,0,0,0,0,0,0,0,0,0,0
135,AgentA wins,26.33,0,0,0,0,0,0,0,0,0,0
136,AgentA wins,27.00,0,0,0,0,0,0,0,0,0,0
137,AgentA wins,21.00,0,0,0,0,0,0,0,0,0,0
138,AgentA wins,24.00,0,0,0,0,0,0,0,0,0,0
139,timeout draw,60.00,0,0,0,0,0,0,0,0,0,0
140,AgentA wins,38.00,0,0,0,0,0,0,0,0,0,0
141,AgentA wins,30.00,0,0,0,0,0,0,0,0,0,0
142,AgentA wins,15.00,0,0,0,0,0,0,0,0,0,0
143,AgentA wins,43.33,0,0,0,0,0,0,0,0,0,0
144,AgentA wins,46.33,0,0,0,0,0,0,0,0,0,0
145,AgentA wins,15.00,0,0,0,0,0,0,0,0,0,0
146,AgentA wins,32.00,0,0,0,0,0,0,0,0,0,0
147,AgentA wins,27.00,0,0,0,0,0,0,0,0,0,0
148,AgentA wins,22.67,0,0,0,0,0,0,0,0,0,0
149,AgentA wins,15.00,0,0,0,0,0,0,0,0,0,0
150,AgentA wins,15.00,0,0,0,0,0,0,0,0,0,0
141,AgentA wins,21.00,0,0,0,0,0,0,0,0,0,0
142,AgentA wins,15.00,0,0,0,0,0,0,0,0,0,0
143,AgentA wins,20.00,0,0,0,0,0,0,0,0,0,0
144,timeout draw,60.00,0,0,0,0,0,0,0,0,0,0
145,AgentA wins,24.00,0,0,0,0,0,0,0,0,0,0
146,AgentA wins,15.00,0,0,0,0,0,0,0,0,0,0
147,AgentA wins,49.00,0,0,0,0,0,0,0,0,0,0
148,AgentA wins,31.00,0,0,0,0,0,0,0,0,0,0
149,AgentA wins,15.00,0,0,0,0,0,0,0,0,0,0
150,AgentA wins,15.00,0,0,0,0,0,0,0,0,0,0
141,AgentB wins,30.00,0,0,0,0,0,0,0,0,0,0
142,AgentA wins,15.00,0,0,0,0,0,0,0,0,0,0
143,AgentB wins,39.00,0,0,0,0,0,0,0,0,0,0
144,AgentB wins,36.67,0,0,0,0,0,0,0,0,0,0
145,AgentA wins,32.00,0,0,0,0,0,0,0,0,0,0
146,AgentA wins,15.00,0,0,0,0,0,0,0,0,0,0
147,AgentA wins,15.00,0,0,0,0,0,0,0,0,0,0
148,AgentA wins,23.00,0,0,0,0,0,0,0,0,0,0
149,AgentB wins,41.67,0,0,0,0,0,0,0,0,0,0
150,AgentB wins,28.00,0,0,0,0,0,0,0,0,0,0
141,AgentA wins,30.00,0,0,0,0,0,0,0,0,0,0
142,AgentA wins,23.33,0,0,0,0,0,0,0,0,0,0
143,AgentA wins,23.00,0,0,0,0,0,0,0,0,0,0
144,AgentA wins,20.00,0,0,0,0,0,0,0,0,0,0
145,AgentA wins,23.00,0,0,0,0,0,0,0,0,0,0
146,AgentA wins,28.00,0,0,0,0,0,0,0,0,0,0
147,AgentA wins,24.00,0,0,0,0,0,0,0,0,0,0
148,AgentA wins,18.00,0,0,0,0,0,0,0,0,0,0
149,AgentA wins,49.33,0,0,0,0,0,0,0,0,0,0
150,AgentA wins,29.00,0,0,0,0,0,0,0,0,0,0
151,timeout draw,60.00,0,0,0,0,0,0,0,0,0,0
152,AgentA wins,15.00,0,0,0,0,0,0,0,0,0,0
153,AgentA wins,52.00,0,0,0,0,0,0,0,0,0,0
154,AgentB wins,44.67,0,0,0,0,0,0,0,0,0,0
155,AgentA wins,24.00,0,0,0,0,0,0,0,0,0,0
156,AgentA wins,18.00,0,0,0,0,0,0,0,0,0,0
157,AgentA wins,15.00,0,0,0,0,0,0,0,0,0,0
158,AgentA wins,35.00,0,0,0,0,0,0,0,0,0,0
159,AgentA wins,21.00,0,0,0,0,0,0,0,0,0,0
160,AgentA wins,36.67,0,0,0,0,0,0,0,0,0,0
131,AgentA wins,15.00,0,0,0,0,0,0,0,0,0,0
132,AgentA wins,43.33,0,0,0,0,0,0,0,0,0,0
133,AgentA wins,29.67,0,0,0,0,0,0,0,0,0,0
134,AgentA wins,15.00,0,0,0,0,0,0,0,0,0,0
135,AgentA wins,24.00,0,0,0,0,0,0,0,0,0,0
136,AgentA wins,21.00,0,0,0,0,0,0,0,0,0,0
137,AgentA wins,15.00,0,0,0,0,0,0,0,0,0,0
138,AgentA wins,45.67,0,0,0,0,0,0,0,0,0,0
139,AgentA wins,26.00,0,0,0,0,0,0,0,0,0,0
140,AgentA wins,40.00,0,0,0,0,0,0,0,0,0,0
141,timeout draw,60.00,0,0,0,0,0,0,0,0,0,0
142,AgentA wins,27.00,0,0,0,0,0,0,0,0,0,0
143,AgentB wins,20.67,0,0,0,0,0,0,0,0,0,0
144,AgentA wins,15.00,0,0,0,0,0,0,0,0,0,0
145,AgentA wins,28.33,0,0,0,0,0,0,0,0,0,0
146,AgentA wins,20.00,0,0,0,0,0,0,0,0,0,0
147,AgentA wins,15.00,0,0,0,0,0,0,0,0,0,0
148,AgentA wins,25.00,0,0,0,0,0,0,0,0,0,0
149,AgentA wins,25.67,0,0,0,0,0,0,0,0,0,0
150,AgentB wins,57.00,0,0,0,0,0,0,0,0,0,0
151,AgentA wins,22.00,0,0,0,0,0,0,0,0,0,0
152,AgentA wins,15.00,0,0,0,0,0,0,0,0,0,0
153,AgentA wins,18.00,0,0,0,0,0,0,0,0,0,0
154,AgentA wins,33.33,0,0,0,0,0,0,0,0,0,0
155,AgentA wins,24.67,0,0,0,0,0,0,0,0,0,0
156,AgentB wins,33.67,0,0,0,0,0,0,0,0,0,0
157,AgentA wins,27.00,0,0,0,0,0,0,0,0,0,0
158,timeout draw,60.00,0,0,0,0,0,0,0,0,0,0
159,AgentB wins,26.33,0,0,0,0,0,0,0,0,0,0
160,AgentA wins,32.00,0,0,0,0,0,0,0,0,0,0
221,AgentA wins,15.00,0,0,0,0,0,0,0,0,0,0
222,AgentA wins,20.00,0,0,0,0,0,0,0,0,0,0
223,AgentA wins,17.00,0,0,0,0,0,0,0,0,0,0
224,AgentA wins,17.00,0,0,0,0,0,0,0,0,0,0
225,AgentA wins,20.00,0,0,0,0,0,0,0,0,0,0
226,AgentA wins,15.00,0,0,0,0,0,0,0,0,0,0
227,AgentA wins,17.00,0,0,0,0,0,0,0,0,0,0
228,AgentA wins,18.00,0,0,0,0,0,0,0,0,0,0
229,AgentA wins,20.00,0,0,0,0,0,0,0,0,0,0
230,AgentA wins,20.00,0,0,0,0,0,0,0,0,0,0
221,AgentA wins,18.00,0,0,0,0,0,0,0,0,0,0
222,AgentA wins,19.67,0,0,0,0,0,0,0,0,0,0
223,AgentA wins,18.00,0,0,0,0,0,0,0,0,0,0
224,AgentA wins,20.00,0,0,0,0,0,0,0,0,0,0
225,AgentA wins,15.00,0,0,0,0,0,0,0,0,0,0
226,AgentA wins,15.00,0,0,0,0,0,0,0,0,0,0
227,AgentA wins,20.00,0,0,0,0,0,0,0,0,0,0
228,AgentA wins,20.00,0,0,0,0,0,0,0,0,0,0
229,AgentA wins,15.00,0,0,0,0,0,0,0,0,0,0
230,AgentA wins,15.00,0,0,0,0,0,0,0,0,0,0
151,AgentA wins,20.00,0,0,0,0,0,0,0,0,0,0
152,AgentA wins,15.00,0,0,0,0,0,0,0,0,0,0
153,AgentA wins,32.33,0,0,0,0,0,0,0,0,0,0
154,AgentA wins,24.33,0,0,0,0,0,0,0,0,0,0
155,AgentA wins,29.67,0,0,0,0,0,0,0,0,0,0
156,AgentA wins,15.00,0,0,0,0,0,0,0,0,0,0
157,AgentA wins,20.67,0,0,0,0,0,0,0,0,0,0
158,AgentA wins,46.67,0,0,0,0,0,0,0,0,0,0
159,AgentA wins,30.00,0,0,0,0,0,0,0,0,0,0
160,timeout draw,60.00,0,0,0,0,0,0,0,0,0,0
221,AgentA wins,17.00,0,0,0,0,0,0,0,0,0,0
222,AgentA wins,19.67,0,0,0,0,0,0,0,0,0,0
223,AgentA wins,20.00,0,0,0,0,0,0,0,0,0,0
224,AgentA wins,20.00,0,0,0,0,0,0,0,0,0,0
225,AgentA wins,18.00,0,0,0,0,0,0,0,0,0,0
226,AgentA wins,20.00,0,0,0,0,0,0,0,0,0,0
227,AgentA wins,15.00,0,0,0,0,0,0,0,0,0,0
228,AgentA wins,19.67,0,0,0,0,0,0,0,0,0,0
229,AgentA wins,20.00,0,0,0,0,0,0,0,0,0,0
230,AgentA wins,20.00,0,0,0,0,0,0,0,0,0,0
141,AgentB wins,30.67,0,0,0,0,0,0,0,0,0,0
142,AgentA wins,27.00,0,0,0,0,0,0,0,0,0,0
143,AgentB wins,34.00,0,0,0,0,0,0,0,0,0,0
144,timeout draw,60.00,0,0,0,0,0,0,0,0,0,0
145,timeout draw,60.00,0,0,0,0,0,0,0,0,0,0
146,AgentA wins,15.00,0,0,0,0,0,0,0,0,0,0
147,AgentB wins,22.33,0,0,0,0,0,0,0,0,0,0
148,timeout draw,60.00,0,0,0,0,0,0,0,0,0,0
149,AgentB wins,42.00,0,0,0,0,0,0,0,0,0,0
150,timeout draw,60.00,0,0,0,0,0,0,0,0,0,0
221,AgentA wins,15.00,0,0,0,0,0,0,0,0,0,0
222,AgentA wins,22.33,0,0,0,0,0,0,0,0,0,0
223,AgentA wins,15.00,0,0,0,0,0,0,0,0,0,0
224,AgentA wins,20.00,0,0,0,0,0,0,0,0,0,0
225,AgentA wins,15.00,0,0,0,0,0,0,0,0,0,0
226,AgentA wins,15.00,0,0,0,0,0,0,0,0,0,0
227,AgentA wins,20.00,0,0,0,0,0,0,0,0,0,0
228,AgentA wins,20.00,0,0,0,0,0,0,0,0,0,0
229,AgentA wins,20.00,0,0,0,0,0,0,0,0,0,0
230,AgentA wins,20.00,0,0,0,0,0,0,0,0,0,0
161,AgentA wins,18.00,164,159,0,89,0,121,0,17,20,40
162,AgentA wins,29.00,257,254,0,128,0,182,0,23,40,52
163,AgentA wins,15.00,133,135,0,72,0,94,0,13,12,38
164,AgentB wins,28.33,254,251,1,125,0,183,0,25,38,52
165,AgentA wins,15.00,134,130,0,72,0,101,0,14,23,32
166,AgentA wins,31.33,276,277,1,134,0,192,0,27,40,64
167,AgentA wins,24.00,211,222,0,100,0,157,0,27,42,32
168,AgentA wins,34.67,305,305,0,137,0,209,0,33,47,66
169,AgentA wins,44.33,392,392,0,196,0,281,0,40,48,100
170,AgentA wins,28.33,253,254,0,127,0,180,0,25,29,54
221,AgentA wins,20.00,0,0,0,0,0,0,0,0,0,0
222,AgentA wins,20.00,0,0,0,0,0,0,0,0,0,0
223,AgentA wins,20.00,0,0,0,0,0,0,0,0,0,0
224,AgentA wins,20.00,0,0,0,0,0,0,0,0,0,0
225,AgentA wins,20.00,0,0,0,0,0,0,0,0,0,0
226,AgentA wins,20.00,0,0,0,0,0,0,0,0,0,0
227,AgentA wins,15.00,0,0,0,0,0,0,0,0,0,0
228,AgentA wins,15.00,0,0,0,0,0,0,0,0,0,0
229,AgentA wins,20.00,0,0,0,0,0,0,0,0,0,0
230,AgentA wins,20.00,0,0,0,0,0,0,0,0,0,0
151,AgentA wins,21.67,0,0,0,0,0,0,0,0,0,0
152,AgentA wins,18.00,0,0,0,0,0,0,0,0,0,0
153,AgentA wins,27.00,0,0,0,0,0,0,0,0,0,0
154,AgentA wins,50.00,0,0,0,0,0,0,0,0,0,0
155,AgentA wins,29.67,0,0,0,0,0,0,0,0,0,0
156,AgentA wins,20.00,0,0,0,0,0,0,0,0,0,0
157,AgentA wins,41.00,0,0,0,0,0,0,0,0,0,0
158,AgentA wins,15.00,0,0,0,0,0,0,0,0,0,0
159,AgentA wins,15.00,0,0,0,0,0,0,0,0,0,0
160,AgentA wins,39.00,0,0,0,0,0,0,0,0,0,0
141,AgentB wins,38.00,0,0,0,0,0,0,0,0,0,0
142,AgentA wins,31.67,0,0,0,0,0,0,0,0,0,0
143,AgentA wins,15.00,0,0,0,0,0,0,0,0,0,0
144,AgentA wins,15.00,0,0,0,0,0,0,0,0,0,0
145,AgentB wins,34.00,0,0,0,0,0,0,0,0,0,0
146,AgentA wins,22.33,0,0,0,0,0,0,0,0,0,0
147,AgentA wins,49.00,0,0,0,0,0,0,0,0,0,0
148,AgentB wins,30.67,0,0,0,0,0,0,0,0,0,0
149,AgentA wins,15.00,0,0,0,0,0,0,0,0,0,0
150,AgentA wins,25.67,0,0,0,0,0,0,0,0,0,0
151,AgentA wins,36.67,0,0,0,0,0,0,0,0,0,0
152,AgentA wins,18.00,0,0,0,0,0,0,0,0,0,0
153,AgentA wins,26.00,0,0,0,0,0,0,0,0,0,0
154,AgentA wins,15.00,0,0,0,0,0,0,0,0,0,0
155,AgentA wins,18.00,0,0,0,0,0,0,0,0,0,0
156,AgentA wins,31.33,0,0,0,0,0,0,0,0,0,0
157,AgentA wins,53.33,0,0,0,0,0,0,0,0,0,0
158,AgentA wins,31.33,0,0,0,0,0,0,0,0,0,0
159,AgentA wins,40.00,0,0,0,0,0,0,0,0,0,0
160,AgentA wins,21.00,0,0,0,0,0,0,0,0,0,0
221,AgentA wins,18.00,0,0,0,0,0,0,0,0,0,0
222,AgentA wins,19.67,0,0,0,0,0,0,0,0,0,0
223,AgentA wins,20.00,0,0,0,0,0,0,0,0,0,0
224,AgentA wins,20.00,0,0,0,0,0,0,0,0,0,0
225,AgentA wins,20.00,0,0,0,0,0,0,0,0,0,0
226,AgentA wins,20.00,0,0,0,0,0,0,0,0,0,0
227,AgentA wins,18.00,0,0,0,0,0,0,0,0,0,0
228,AgentA wins,20.00,0,0,0,0,0,0,0,0,0,0
229,AgentA wins,15.00,0,0,0,0,0,0,0,0,0,0
230,AgentA wins,20.00,0,0,0,0,0,0,0,0,0,0
161,AgentB wins,38.00,0,0,0,0,0,0,0,0,0,0
162,AgentB wins,29.33,0,0,0,0,0,0,0,0,0,0
163,AgentA wins,44.33,0,0,0,0,0,0,0,0,0,0
164,AgentB wins,46.00,0,0,0,0,0,0,0,0,0,0
165,AgentA wins,26.33,0,0,0,0,0,0,0,0,0,0
166,AgentA wins,49.00,0,0,0,0,0,0,0,0,0,0
167,AgentB wins,37.67,0,0,0,0,0,0,0,0,0,0
168,AgentB wins,40.67,0,0,0,0,0,0,0,0,0,0
169,AgentA wins,43.00,0,0,0,0,0,0,0,0,0,0
170,AgentB wins,47.00,0,0,0,0,0,0,0,0,0,0
151,AgentA wins,43.67,0,0,0,0,0,0,0,0,0,0
152,AgentA wins,32.00,0,0,0,0,0,0,0,0,0,0
153,AgentA wins,24.00,0,0,0,0,0,0,0,0,0,0
154,AgentB wins,40.00,0,0,0,0,0,0,0,0,0,0
155,AgentA wins,55.67,0,0,0,0,0,0,0,0,0,0
156,AgentA wins,36.00,0,0,0,0,0,0,0,0,0,0
157,AgentA wins,15.00,0,0,0,0,0,0,0,0,0,0
158,AgentA wins,20.00,0,0,0,0,0,0,0,0,0,0
159,AgentA wins,41.67,0,0,0,0,0,0,0,0,0,0
160,AgentA wins,27.67,0,0,0,0,0,0,0,0,0,0
141,AgentB wins,31.00,0,0,0,0,0,0,0,0,0,0
142,AgentA wins,20.00,0,0,0,0,0,0,0,0,0,0
143,AgentB wins,30.33,0,0,0,0,0,0,0,0,0,0
144,AgentA wins,32.67,0,0,0,0,0,0,0,0,0,0
145,AgentA wins,23.00,0,0,0,0,0,0,0,0,0,0
146,AgentA wins,20.00,0,0,0,0,0,0,0,0,0,0
147,AgentA wins,40.00,0,0,0,0,0,0,0,0,0,0
148,AgentA wins,15.00,0,0,0,0,0,0,0,0,0,0
149,AgentA wins,20.33,0,0,0,0,0,0,0,0,0,0
150,AgentA wins,18.00,0,0,0,0,0,0,0,0,0,0
141,AgentA wins,15.00,0,0,0,0,0,0,0,0,0,0
142,AgentA wins,15.00,0,0,0,0,0,0,0,0,0,0
143,AgentA wins,15.00,0,0,0,0,0,0,0,0,0,0
144,AgentA wins,29.67,0,0,0,0,0,0,0,0,0,0
145,AgentA wins,17.00,0,0,0,0,0,0,0,0,0,0
146,AgentA wins,15.00,0,0,0,0,0,0,0,0,0,0
147,AgentA wins,18.00,0,0,0,0,0,0,0,0,0,0
148,AgentA wins,18.00,0,0,0,0,0,0,0,0,0,0
149,AgentA wins,20.00,0,0,0,0,0,0,0,0,0,0
150,AgentA wins,20.00,0,0,0,0,0,0,0,0,0,0
161,AgentA wins,21.00,0,0,0,0,0,0,0,0,0,0
162,AgentA wins,28.33,0,0,0,0,0,0,0,0,0,0
163,AgentB wins,30.67,0,0,0,0,0,0,0,0,0,0
164,AgentA wins,24.00,0,0,0,0,0,0,0,0,0,0
165,AgentA wins,18.00,0,0,0,0,0,0,0,0,0,0
166,AgentA wins,18.00,0,0,0,0,0,0,0,0,0,0
167,AgentA wins,48.33,0,0,0,0,0,0,0,0,0,0
168,AgentA wins,15.00,0,0,0,0,0,0,0,0,0,0
169,AgentA wins,33.00,0,0,0,0,0,0,0,0,0,0
170,AgentA wins,48.67,0,0,0,0,0,0,0,0,0,0
151,AgentA wins,47.33,0,0,0,0,0,0,0,0,0,0
152,AgentA wins,20.00,0,0,0,0,0,0,0,0,0,0
153,AgentA wins,15.00,0,0,0,0,0,0,0,0,0,0
154,AgentA wins,44.00,0,0,0,0,0,0,0,0,0,0
155,AgentB wins,24.67,0,0,0,0,0,0,0,0,0,0
156,AgentA wins,18.00,0,0,0,0,0,0,0,0,0,0
157,AgentA wins,18.00,0,0,0,0,0,0,0,0,0,0
158,AgentA wins,21.00,0,0,0,0,0,0,0,0,0,0
159,AgentB wins,45.00,0,0,0,0,0,0,0,0,0,0
160,AgentB wins,55.00,0,0,0,0,0,0,0,0,0,0
151,AgentA wins,20.33,0,0,0,0,0,0,0,0,0,0
152,AgentA wins,32.00,0,0,0,0,0,0,0,0,0,0
153,AgentA wins,28.33,0,0,0,0,0,0,0,0,0,0
154,AgentA wins,15.00,0,0,0,0,0,0,0,0,0,0
155,AgentA wins,15.00,0,0,0,0,0,0,0,0,0,0
156,AgentA wins,15.00,0,0,0,0,0,0,0,0,0,0
157,AgentA wins,15.00,0,0,0,0,0,0,0,0,0,0
158,AgentA wins,18.00,0,0,0,0,0,0,0,0,0,0
159,timeout draw,60.00,0,0,0,0,0,0,0,0,0,0
160,AgentB wins,60.00,0,0,0,0,0,0,0,0,0,0
231,AgentA wins,20.00,0,0,0,0,0,0,0,0,0,0
232,AgentA wins,20.00,0,0,0,0,0,0,0,0,0,0
233,AgentA wins,20.00,0,0,0,0,0,0,0,0,0,0
234,AgentA wins,15.00,0,0,0,0,0,0,0,0,0,0
235,AgentA wins,20.00,0,0,0,0,0,0,0,0,0,0
236,AgentA wins,20.00,0,0,0,0,0,0,0,0,0,0
237,AgentA wins,20.00,0,0,0,0,0,0,0,0,0,0
238,AgentA wins,20.00,0,0,0,0,0,0,0,0,0,0
239,AgentA wins,20.00,0,0,0,0,0,0,0,0,0,0
240,AgentA wins,20.00,0,0,0,0,0,0,0,0,0,0
151,AgentA wins,27.00,0,0,0,0,0,0,0,0,0,0
152,AgentA wins,27.00,0,0,0,0,0,0,0,0,0,0
153,AgentA wins,21.00,0,0,0,0,0,0,0,0,0,0
154,AgentA wins,15.00,0,0,0,0,0,0,0,0,0,0
155,AgentA wins,15.00,0,0,0,0,0,0,0,0,0,0
156,AgentA wins,38.00,0,0,0,0,0,0,0,0,0,0
157,AgentA wins,39.00,0,0,0,0,0,0,0,0,0,0
158,AgentA wins,39.00,0,0,0,0,0,0,0,0,0,0
159,AgentA wins,58.00,0,0,0,0,0,0,0,0,0,0
160,AgentA wins,27.67,0,0,0,0,0,0,0,0,0,0
151,AgentA wins,18.00,0,0,0,0,0,0,0,0,0,0
152,AgentA wins,15.00,0,0,0,0,0,0,0,0,0,0
153,AgentA wins,18.67,0,0,0,0,0,0,0,0,0,0
154,AgentA wins,15.00,0,0,0,0,0,0,0,0,0,0
155,AgentA wins,18.00,0,0,0,0,0,0,0,0,0,0
156,AgentA wins,50.00,0,0,0,0,0,0,0,0,0,0
157,AgentA wins,27.00,0,0,0,0,0,0,0,0,0,0
158,AgentA wins,35.67,0,0,0,0,0,0,0,0,0,0
159,AgentB wins,42.00,0,0,0,0,0,0,0,0,0,0
160,AgentB wins,42.33,0,0,0,0,0,0,0,0,0,0
161,AgentB wins,34.33,0,0,0,0,0,0,0,0,0,0
162,AgentA wins,38.00,0,0,0,0,0,0,0,0,0,0
163,AgentB wins,27.33,0,0,0,0,0,0,0,0,0,0
164,AgentA wins,15.00,0,0,0,0,0,0,0,0,0,0
165,AgentA wins,21.00,0,0,0,0,0,0,0,0,0,0
166,AgentA wins,21.00,0,0,0,0,0,0,0,0,0,0
167,timeout draw,60.00,0,0,0,0,0,0,0,0,0,0
168,AgentA wins,18.00,0,0,0,0,0,0,0,0,0,0
169,AgentA wins,15.00,0,0,0,0,0,0,0,0,0,0
170,AgentA wins,21.00,0,0,0,0,0,0,0,0,0,0
231,AgentA wins,20.00,0,0,0,0,0,0,0,0,0,0
232,AgentA wins,15.00,0,0,0,0,0,0,0,0,0,0
233,AgentA wins,20.00,0,0,0,0,0,0,0,0,0,0
234,AgentA wins,18.00,0,0,0,0,0,0,0,0,0,0
235,AgentA wins,15.00,0,0,0,0,0,0,0,0,0,0
236,AgentA wins,20.00,0,0,0,0,0,0,0,0,0,0
237,AgentA wins,20.00,0,0,0,0,0,0,0,0,0,0
238,AgentA wins,31.00,0,0,0,0,0,0,0,0,0,0
239,AgentA wins,15.00,0,0,0,0,0,0,0,0,0,0
240,AgentA wins,24.00,0,0,0,0,0,0,0,0,0,0
231,AgentA wins,20.00,0,0,0,0,0,0,0,0,0,0
232,AgentA wins,20.00,0,0,0,0,0,0,0,0,0,0
233,AgentA wins,20.00,0,0,0,0,0,0,0,0,0,0
234,AgentA wins,20.00,0,0,0,0,0,0,0,0,0,0
235,AgentA wins,20.00,0,0,0,0,0,0,0,0,0,0
236,AgentA wins,20.00,0,0,0,0,0,0,0,0,0,0
237,AgentA wins,15.00,0,0,0,0,0,0,0,0,0,0
238,AgentA wins,21.00,0,0,0,0,0,0,0,0,0,0
239,AgentA wins,15.00,0,0,0,0,0,0,0,0,0,0
240,AgentA wins,21.00,0,0,0,0,0,0,0,0,0,0
231,AgentA wins,18.00,0,0,0,0,0,0,0,0,0,0
232,AgentA wins,20.00,0,0,0,0,0,0,0,0,0,0
233,AgentA wins,20.00,0,0,0,0,0,0,0,0,0,0
234,AgentA wins,15.00,0,0,0,0,0,0,0,0,0,0
235,AgentA wins,15.00,0,0,0,0,0,0,0,0,0,0
236,AgentA wins,18.00,0,0,0,0,0,0,0,0,0,0
237,AgentA wins,20.00,0,0,0,0,0,0,0,0,0,0
238,AgentA wins,18.00,0,0,0,0,0,0,0,0,0,0
239,AgentA wins,20.00,0,0,0,0,0,0,0,0,0,0
240,AgentA wins,15.00,0,0,0,0,0,0,0,0,0,0
151,AgentA wins,29.00,0,0,0,0,0,0,0,0,0,0
152,AgentA wins,42.00,0,0,0,0,0,0,0,0,0,0
153,AgentA wins,15.00,0,0,0,0,0,0,0,0,0,0
154,AgentA wins,29.00,0,0,0,0,0,0,0,0,0,0
155,AgentA wins,15.00,0,0,0,0,0,0,0,0,0,0
156,timeout draw,60.00,0,0,0,0,0,0,0,0,0,0
157,AgentA wins,52.33,0,0,0,0,0,0,0,0,0,0
158,timeout draw,60.00,0,0,0,0,0,0,0,0,0,0
159,AgentA wins,27.00,0,0,0,0,0,0,0,0,0,0
160,AgentA wins,21.00,0,0,0,0,0,0,0,0,0,0
231,AgentA wins,17.00,0,0,0,0,0,0,0,0,0,0
232,AgentA wins,20.00,0,0,0,0,0,0,0,0,0,0
233,AgentA wins,15.00,0,0,0,0,0,0,0,0,0,0
234,AgentA wins,20.00,0,0,0,0,0,0,0,0,0,0
235,AgentA wins,18.00,0,0,0,0,0,0,0,0,0,0
236,AgentA wins,20.00,0,0,0,0,0,0,0,0,0,0
237,AgentA wins,20.00,0,0,0,0,0,0,0,0,0,0
238,AgentA wins,18.00,0,0,0,0,0,0,0,0,0,0
239,AgentA wins,20.00,0,0,0,0,0,0,0,0,0,0
240,AgentA wins,19.67,0,0,0,0,0,0,0,0,0,0
161,AgentA wins,18.00,0,0,0,0,0,0,0,0,0,0
162,AgentA wins,37.00,0,0,0,0,0,0,0,0,0,0
163,AgentB wins,27.67,0,0,0,0,0,0,0,0,0,0
164,AgentA wins,37.33,0,0,0,0,0,0,0,0,0,0
165,AgentA wins,20.00,0,0,0,0,0,0,0,0,0,0
166,AgentA wins,15.00,0,0,0,0,0,0,0,0,0,0
167,AgentA wins,24.00,0,0,0,0,0,0,0,0,0,0
168,AgentB wins,33.67,0,0,0,0,0,0,0,0,0,0
169,AgentA wins,24.00,0,0,0,0,0,0,0,0,0,0
170,AgentA wins,27.00,0,0,0,0,0,0,0,0,0,0
161,AgentA wins,29.33,0,0,0,0,0,0,0,0,0,0
162,AgentA wins,15.00,0,0,0,0,0,0,0,0,0,0
163,AgentA wins,29.00,0,0,0,0,0,0,0,0,0,0
164,AgentA wins,18.00,0,0,0,0,0,0,0,0,0,0
165,AgentA wins,36.00,0,0,0,0,0,0,0,0,0,0
166,AgentA wins,18.00,0,0,0,0,0,0,0,0,0,0
167,AgentA wins,15.00,0,0,0,0,0,0,0,0,0,0
168,AgentA wins,21.00,0,0,0,0,0,0,0,0,0,0
169,AgentA wins,15.00,0,0,0,0,0,0,0,0,0,0
170,AgentA wins,32.00,0,0,0,0,0,0,0,0,0,0
151,timeout draw,60.00,0,0,0,0,0,0,0,0,0,0
152,AgentA wins,15.00,0,0,0,0,0,0,0,0,0,0
153,timeout draw,60.00,0,0,0,0,0,0,0,0,0,0
154,AgentB wins,24.33,0,0,0,0,0,0,0,0,0,0
155,AgentA wins,15.00,0,0,0,0,0,0,0,0,0,0
156,AgentA wins,15.00,0,0,0,0,0,0,0,0,0,0
157,timeout draw,60.00,0,0,0,0,0,0,0,0,0,0
158,AgentA wins,15.00,0,0,0,0,0,0,0,0,0,0
159,AgentA wins,31.00,0,0,0,0,0,0,0,0,0,0
160,AgentA wins,15.00,0,0,0,0,0,0,0,0,0,0
161,AgentA wins,30.00,0,0,0,0,0,0,0,0,0,0
162,AgentA wins,18.00,0,0,0,0,0,0,0,0,0,0
163,AgentA wins,18.00,0,0,0,0,0,0,0,0,0,0
164,timeout draw,60.00,0,0,0,0,0,0,0,0,0,0
165,AgentA wins,29.00,0,0,0,0,0,0,0,0,0,0
166,AgentA wins,30.67,0,0,0,0,0,0,0,0,0,0
167,AgentA wins,44.33,0,0,0,0,0,0,0,0,0,0
168,AgentA wins,15.00,0,0,0,0,0,0,0,0,0,0
169,AgentA wins,15.00,0,0,0,0,0,0,0,0,0,0
170,AgentA wins,18.00,0,0,0,0,0,0,0,0,0,0
231,AgentA wins,18.00,0,0,0,0,0,0,0,0,0,0
232,AgentA wins,20.00,0,0,0,0,0,0,0,0,0,0
233,AgentA wins,17.00,0,0,0,0,0,0,0,0,0,0
234,AgentA wins,20.00,0,0,0,0,0,0,0,0,0,0
235,AgentA wins,18.00,0,0,0,0,0,0,0,0,0,0
236,AgentA wins,20.00,0,0,0,0,0,0,0,0,0,0
237,AgentA wins,48.00,0,0,0,0,0,0,0,0,0,0
238,AgentB wins,27.67,0,0,0,0,0,0,0,0,0,0
239,AgentA wins,15.00,0,0,0,0,0,0,0,0,0,0
240,timeout draw,60.00,0,0,0,0,0,0,0,0,0,0
151,AgentA wins,15.00,0,0,0,0,0,0,0,0,0,0
152,AgentA wins,20.00,0,0,0,0,0,0,0,0,0,0
153,AgentB wins,37.00,0,0,0,0,0,0,0,0,0,0
154,AgentA wins,15.00,0,0,0,0,0,0,0,0,0,0
155,AgentA wins,36.67,0,0,0,0,0,0,0,0,0,0
156,AgentA wins,29.00,0,0,0,0,0,0,0,0,0,0
157,AgentB wins,19.00,0,0,0,0,0,0,0,0,0,0
158,AgentA wins,18.00,0,0,0,0,0,0,0,0,0,0
159,AgentA wins,15.00,0,0,0,0,0,0,0,0,0,0
160,timeout draw,60.00,0,0,0,0,0,0,0,0,0,0
171,AgentA wins,33.00,293,296,0,151,0,204,0,31,33,81
172,AgentA wins,15.00,133,133,0,74,0,91,0,14,18,34
173,AgentA wins,27.00,241,239,0,108,0,173,0,18,31,55
174,AgentA wins,46.00,409,406,0,170,0,269,0,45,55,109
175,AgentA wins,15.00,131,134,0,62,0,97,0,13,19,33
176,AgentA wins,38.33,341,337,0,152,0,226,0,38,48,86
177,AgentA wins,26.67,234,230,0,118,0,174,0,19,42,71
178,AgentA wins,18.00,162,159,0,79,0,116,0,13,22,45
179,AgentA wins,32.33,285,288,1,133,0,188,0,27,29,62
180,AgentA wins,29.33,258,263,0,115,0,169,0,26,41,57
171,AgentA wins,18.67,0,0,0,0,0,0,0,0,0,0
172,AgentA wins,20.00,0,0,0,0,0,0,0,0,0,0
173,AgentA wins,15.00,0,0,0,0,0,0,0,0,0,0
174,AgentA wins,18.00,0,0,0,0,0,0,0,0,0,0
175,AgentA wins,18.00,0,0,0,0,0,0,0,0,0,0
176,AgentA wins,24.00,0,0,0,0,0,0,0,0,0,0
177,AgentA wins,18.00,0,0,0,0,0,0,0,0,0,0
178,AgentA wins,15.00,0,0,0,0,0,0,0,0,0,0
179,AgentA wins,15.67,0,0,0,0,0,0,0,0,0,0
180,AgentA wins,35.67,0,0,0,0,0,0,0,0,0,0
151,AgentA wins,15.00,0,0,0,0,0,0,0,0,0,0
152,AgentA wins,20.00,0,0,0,0,0,0,0,0,0,0
153,AgentA wins,20.00,0,0,0,0,0,0,0,0,0,0
154,AgentA wins,18.00,0,0,0,0,0,0,0,0,0,0
155,AgentA wins,31.00,0,0,0,0,0,0,0,0,0,0
156,AgentA wins,15.00,0,0,0,0,0,0,0,0,0,0
157,AgentA wins,23.00,0,0,0,0,0,0,0,0,0,0
158,AgentA wins,45.00,0,0,0,0,0,0,0,0,0,0
159,AgentA wins,26.33,0,0,0,0,0,0,0,0,0,0
160,AgentA wins,22.00,0,0,0,0,0,0,0,0,0,0
151,AgentA wins,18.00,0,0,0,0,0,0,0,0,0,0
152,AgentB wins,27.33,0,0,0,0,0,0,0,0,0,0
153,AgentA wins,18.00,0,0,0,0,0,0,0,0,0,0
154,AgentA wins,21.00,0,0,0,0,0,0,0,0,0,0
155,AgentA wins,15.00,0,0,0,0,0,0,0,0,0,0
156,AgentA wins,42.00,0,0,0,0,0,0,0,0,0,0
157,AgentA wins,15.00,0,0,0,0,0,0,0,0,0,0
158,AgentB wins,39.33,0,0,0,0,0,0,0,0,0,0
159,AgentB wins,19.33,0,0,0,0,0,0,0,0,0,0
160,AgentB wins,27.00,0,0,0,0,0,0,0,0,0,0
241,AgentA wins,20.00,0,0,0,0,0,0,0,0,0,0
242,AgentA wins,15.00,0,0,0,0,0,0,0,0,0,0
243,AgentA wins,15.00,0,0,0,0,0,0,0,0,0,0
244,AgentA wins,15.00,0,0,0,0,0,0,0,0,0,0
245,AgentA wins,20.00,0,0,0,0,0,0,0,0,0,0
246,AgentA wins,18.00,0,0,0,0,0,0,0,0,0,0
247,AgentA wins,20.00,0,0,0,0,0,0,0,0,0,0
248,AgentA wins,20.00,0,0,0,0,0,0,0,0,0,0
249,AgentA wins,15.00,0,0,0,0,0,0,0,0,0,0
250,AgentA wins,20.00,0,0,0,0,0,0,0,0,0,0
161,AgentA wins,31.00,0,0,0,0,0,0,0,0,0,0
162,AgentA wins,15.00,0,0,0,0,0,0,0,0,0,0
163,AgentB wins,44.67,0,0,0,0,0,0,0,0,0,0
164,AgentA wins,43.00,0,0,0,0,0,0,0,0,0,0
165,timeout draw,60.00,0,0,0,0,0,0,0,0,0,0
166,AgentA wins,26.00,0,0,0,0,0,0,0,0,0,0
167,AgentA wins,15.00,0,0,0,0,0,0,0,0,0,0
168,AgentA wins,30.33,0,0,0,0,0,0,0,0,0,0
169,AgentA wins,27.00,0,0,0,0,0,0,0,0,0,0
170,AgentB wins,41.67,0,0,0,0,0,0,0,0,0,0
151,AgentA wins,34.33,0,0,0,0,0,0,0,0,0,0
152,timeout draw,60.00,0,0,0,0,0,0,0,0,0,0
153,AgentB wins,28.00,0,0,0,0,0,0,0,0,0,0
154,timeout draw,60.00,0,0,0,0,0,0,0,0,0,0
155,AgentB wins,33.00,0,0,0,0,0,0,0,0,0,0
156,AgentA wins,39.67,0,0,0,0,0,0,0,0,0,0
157,AgentA wins,31.00,0,0,0,0,0,0,0,0,0,0
158,AgentA wins,32.00,0,0,0,0,0,0,0,0,0,0
159,AgentA wins,32.33,0,0,0,0,0,0,0,0,0,0
160,AgentA wins,38.00,0,0,0,0,0,0,0,0,0,0
161,AgentA wins,15.00,0,0,0,0,0,0,0,0,0,0
162,AgentA wins,43.67,0,0,0,0,0,0,0,0,0,0
163,AgentA wins,33.67,0,0,0,0,0,0,0,0,0,0
164,AgentA wins,15.00,0,0,0,0,0,0,0,0,0,0
165,AgentA wins,15.00,0,0,0,0,0,0,0,0,0,0
166,AgentA wins,24.00,0,0,0,0,0,0,0,0,0,0
167,AgentA wins,18.00,0,0,0,0,0,0,0,0,0,0
168,AgentA wins,27.00,0,0,0,0,0,0,0,0,0,0
169,AgentA wins,18.00,0,0,0,0,0,0,0,0,0,0
170,AgentA wins,18.00,0,0,0,0,0,0,0,0,0,0
161,AgentA wins,36.00,0,0,0,0,0,0,0,0,0,0
162,AgentA wins,24.00,0,0,0,0,0,0,0,0,0,0
163,AgentB wins,54.33,0,0,0,0,0,0,0,0,0,0
164,AgentA wins,20.00,0,0,0,0,0,0,0,0,0,0
165,AgentA wins,15.00,0,0,0,0,0,0,0,0,0,0
166,timeout draw,60.00,0,0,0,0,0,0,0,0,0,0
167,AgentA wins,25.67,0,0,0,0,0,0,0,0,0,0
168,AgentA wins,24.00,0,0,0,0,0,0,0,0,0,0
169,AgentA wins,24.00,0,0,0,0,0,0,0,0,0,0
170,AgentA wins,20.00,0,0,0,0,0,0,0,0,0,0
241,AgentA wins,18.00,0,0,0,0,0,0,0,0,0,0
242,AgentA wins,20.00,0,0,0,0,0,0,0,0,0,0
243,AgentA wins,18.00,0,0,0,0,0,0,0,0,0,0
244,AgentA wins,17.00,0,0,0,0,0,0,0,0,0,0
245,AgentA wins,17.00,0,0,0,0,0,0,0,0,0,0
246,AgentA wins,20.00,0,0,0,0,0,0,0,0,0,0
247,AgentA wins,19.67,0,0,0,0,0,0,0,0,0,0
248,AgentA wins,20.00,0,0,0,0,0,0,0,0,0,0
249,AgentA wins,18.00,0,0,0,0,0,0,0,0,0,0
250,AgentA wins,20.00,0,0,0,0,0,0,0,0,0,0
161,AgentA wins,29.00,0,0,0,0,0,0,0,0,0,0
162,AgentA wins,15.00,0,0,0,0,0,0,0,0,0,0
163,AgentB wins,37.67,0,0,0,0,0,0,0,0,0,0
164,AgentA wins,20.00,0,0,0,0,0,0,0,0,0,0
165,AgentA wins,18.00,0,0,0,0,0,0,0,0,0,0
166,AgentA wins,15.00,0,0,0,0,0,0,0,0,0,0
167,AgentA wins,15.67,0,0,0,0,0,0,0,0,0,0
168,AgentA wins,17.67,0,0,0,0,0,0,0,0,0,0
169,timeout draw,60.00,0,0,0,0,0,0,0,0,0,0
170,AgentA wins,15.00,0,0,0,0,0,0,0,0,0,0
241,AgentA wins,20.00,0,0,0,0,0,0,0,0,0,0
242,AgentA wins,20.00,0,0,0,0,0,0,0,0,0,0
243,AgentA wins,20.00,0,0,0,0,0,0,0,0,0,0
244,AgentA wins,20.00,0,0,0,0,0,0,0,0,0,0
245,AgentA wins,20.00,0,0,0,0,0,0,0,0,0,0
246,AgentA wins,20.00,0,0,0,0,0,0,0,0,0,0
247,AgentA wins,20.00,0,0,0,0,0,0,0,0,0,0
248,AgentA wins,20.00,0,0,0,0,0,0,0,0,0,0
249,AgentA wins,20.00,0,0,0,0,0,0,0,0,0,0
250,AgentA wins,20.00,0,0,0,0,0,0,0,0,0,0
161,AgentA wins,26.33,0,0,0,0,0,0,0,0,0,0
162,AgentA wins,15.00,0,0,0,0,0,0,0,0,0,0
163,AgentA wins,15.00,0,0,0,0,0,0,0,0,0,0
164,AgentA wins,28.00,0,0,0,0,0,0,0,0,0,0
165,AgentA wins,37.33,0,0,0,0,0,0,0,0,0,0
166,AgentA wins,52.33,0,0,0,0,0,0,0,0,0,0
167,AgentA wins,32.00,0,0,0,0,0,0,0,0,0,0
168,AgentA wins,15.00,0,0,0,0,0,0,0,0,0,0
169,AgentA wins,36.00,0,0,0,0,0,0,0,0,0,0
170,AgentA wins,21.00,0,0,0,0,0,0,0,0,0,0
171,AgentA wins,37.67,0,0,0,0,0,0,0,0,0,0
172,AgentA wins,21.00,0,0,0,0,0,0,0,0,0,0
173,AgentA wins,51.00,0,0,0,0,0,0,0,0,0,0
174,AgentA wins,18.00,0,0,0,0,0,0,0,0,0,0
175,AgentA wins,35.00,0,0,0,0,0,0,0,0,0,0
176,timeout draw,60.00,0,0,0,0,0,0,0,0,0,0
177,AgentA wins,60.00,0,0,0,0,0,0,0,0,0,0
178,AgentA wins,15.00,0,0,0,0,0,0,0,0,0,0
179,timeout draw,60.00,0,0,0,0,0,0,0,0,0,0
180,AgentA wins,46.67,0,0,0,0,0,0,0,0,0,0
171,AgentA wins,18.00,0,0,0,0,0,0,0,0,0,0
172,AgentA wins,27.00,0,0,0,0,0,0,0,0,0,0
173,AgentA wins,48.33,0,0,0,0,0,0,0,0,0,0
174,AgentA wins,15.00,0,0,0,0,0,0,0,0,0,0
175,AgentA wins,30.00,0,0,0,0,0,0,0,0,0,0
176,AgentA wins,34.00,0,0,0,0,0,0,0,0,0,0
177,AgentA wins,46.33,0,0,0,0,0,0,0,0,0,0
178,AgentB wins,34.33,0,0,0,0,0,0,0,0,0,0
179,AgentA wins,15.00,0,0,0,0,0,0,0,0,0,0
180,AgentA wins,15.00,0,0,0,0,0,0,0,0,0,0
171,AgentA wins,26.00,0,0,0,0,0,0,0,0,0,0
172,AgentB wins,20.67,0,0,0,0,0,0,0,0,0,0
173,AgentA wins,15.00,0,0,0,0,0,0,0,0,0,0
174,AgentA wins,18.00,0,0,0,0,0,0,0,0,0,0
175,AgentA wins,29.67,0,0,0,0,0,0,0,0,0,0
176,AgentA wins,38.00,0,0,0,0,0,0,0,0,0,0
177,AgentA wins,18.00,0,0,0,0,0,0,0,0,0,0
178,AgentA wins,28.67,0,0,0,0,0,0,0,0,0,0
179,AgentA wins,18.00,0,0,0,0,0,0,0,0,0,0
180,AgentA wins,15.00,0,0,0,0,0,0,0,0,0,0
161,AgentB wins,25.33,0,0,0,0,0,0,0,0,0,0
162,AgentB wins,27.67,0,0,0,0,0,0,0,0,0,0
163,AgentA wins,18.00,0,0,0,0,0,0,0,0,0,0
164,AgentA wins,34.00,0,0,0,0,0,0,0,0,0,0
165,AgentA wins,29.67,0,0,0,0,0,0,0,0,0,0
166,AgentA wins,43.00,0,0,0,0,0,0,0,0,0,0
167,timeout draw,60.00,0,0,0,0,0,0,0,0,0,0
168,AgentA wins,15.00,0,0,0,0,0,0,0,0,0,0
169,AgentA wins,15.00,0,0,0,0,0,0,0,0,0,0
170,AgentB wins,43.00,0,0,0,0,0,0,0,0,0,0
161,AgentA wins,15.00,0,0,0,0,0,0,0,0,0,0
162,AgentB wins,25.33,0,0,0,0,0,0,0,0,0,0
163,AgentA wins,28.33,0,0,0,0,0,0,0,0,0,0
164,AgentA wins,31.33,0,0,0,0,0,0,0,0,0,0
165,AgentB wins,25.33,0,0,0,0,0,0,0,0,0,0
166,AgentA wins,29.00,0,0,0,0,0,0,0,0,0,0
167,AgentA wins,19.67,0,0,0,0,0,0,0,0,0,0
168,AgentA wins,20.00,0,0,0,0,0,0,0,0,0,0
169,AgentA wins,15.00,0,0,0,0,0,0,0,0,0,0
170,AgentA wins,23.00,0,0,0,0,0,0,0,0,0,0
241,AgentB wins,34.67,0,0,0,0,0,0,0,0,0,0
242,AgentA wins,39.00,0,0,0,0,0,0,0,0,0,0
243,AgentA wins,32.00,0,0,0,0,0,0,0,0,0,0
244,AgentA wins,36.67,0,0,0,0,0,0,0,0,0,0
245,AgentA wins,15.00,0,0,0,0,0,0,0,0,0,0
246,AgentA wins,29.67,0,0,0,0,0,0,0,0,0,0
247,AgentA wins,23.00,0,0,0,0,0,0,0,0,0,0
248,AgentA wins,31.00,0,0,0,0,0,0,0,0,0,0
249,AgentA wins,51.00,0,0,0,0,0,0,0,0,0,0
250,AgentA wins,18.00,0,0,0,0,0,0,0,0,0,0
181,AgentA wins,24.00,213,212,0,96,0,148,0,22,35,45
182,AgentA wins,18.00,160,157,0,69,0,116,0,14,32,36
183,AgentA wins,18.00,158,157,1,85,0,117,0,19,23,37
184,AgentA wins,34.33,305,307,0,116,0,189,0,30,51,57
185,AgentA wins,18.00,155,157,0,75,0,102,0,13,15,38
186,AgentA wins,26.67,237,238,0,93,0,158,0,24,43,37
187,AgentA wins,41.67,363,372,1,163,0,258,0,32,59,86
188,AgentA wins,27.00,232,237,1,93,0,159,0,16,34,69
189,AgentA wins,18.00,154,160,0,69,0,115,0,13,29,40
190,AgentA wins,15.00,130,132,0,63,0,86,0,10,18,38
251,AgentA wins,20.00,0,0,0,0,0,0,0,0,0,0
252,AgentA wins,20.00,0,0,0,0,0,0,0,0,0,0
253,AgentA wins,20.00,0,0,0,0,0,0,0,0,0,0
254,AgentA wins,20.00,0,0,0,0,0,0,0,0,0,0
255,AgentA wins,19.67,0,0,0,0,0,0,0,0,0,0
256,AgentA wins,18.00,0,0,0,0,0,0,0,0,0,0
257,AgentA wins,18.00,0,0,0,0,0,0,0,0,0,0
258,AgentA wins,20.00,0,0,0,0,0,0,0,0,0,0
259,AgentA wins,15.00,0,0,0,0,0,0,0,0,0,0
260,AgentA wins,20.00,0,0,0,0,0,0,0,0,0,0
161,AgentA wins,29.00,0,0,0,0,0,0,0,0,0,0
162,AgentA wins,28.00,0,0,0,0,0,0,0,0,0,0
163,AgentB wins,45.00,0,0,0,0,0,0,0,0,0,0
164,AgentA wins,49.33,0,0,0,0,0,0,0,0,0,0
165,AgentA wins,26.00,0,0,0,0,0,0,0,0,0,0
166,AgentA wins,25.00,0,0,0,0,0,0,0,0,0,0
167,AgentA wins,15.00,0,0,0,0,0,0,0,0,0,0
168,AgentB wins,49.00,0,0,0,0,0,0,0,0,0,0
169,timeout draw,60.00,0,0,0,0,0,0,0,0,0,0
170,AgentA wins,15.00,0,0,0,0,0,0,0,0,0,0
171,AgentB wins,41.67,0,0,0,0,0,0,0,0,0,0
172,AgentA wins,37.67,0,0,0,0,0,0,0,0,0,0
173,AgentA wins,37.67,0,0,0,0,0,0,0,0,0,0
174,timeout draw,60.00,0,0,0,0,0,0,0,0,0,0
175,AgentA wins,24.00,0,0,0,0,0,0,0,0,0,0
176,AgentA wins,15.00,0,0,0,0,0,0,0,0,0,0
177,AgentA wins,20.00,0,0,0,0,0,0,0,0,0,0
178,AgentA wins,18.00,0,0,0,0,0,0,0,0,0,0
179,AgentA wins,35.00,0,0,0,0,0,0,0,0,0,0
180,AgentA wins,41.00,0,0,0,0,0,0,0,0,0,0
171,AgentA wins,20.00,0,0,0,0,0,0,0,0,0,0
172,AgentB wins,36.33,0,0,0,0,0,0,0,0,0,0
173,AgentA wins,18.67,0,0,0,0,0,0,0,0,0,0
174,AgentA wins,52.00,0,0,0,0,0,0,0,0,0,0
175,AgentB wins,21.67,0,0,0,0,0,0,0,0,0,0
176,AgentA wins,18.00,0,0,0,0,0,0,0,0,0,0
177,AgentA wins,28.33,0,0,0,0,0,0,0,0,0,0
178,AgentB wins,45.67,0,0,0,0,0,0,0,0,0,0
179,AgentA wins,32.33,0,0,0,0,0,0,0,0,0,0
180,AgentB wins,27.00,0,0,0,0,0,0,0,0,0,0
251,AgentA wins,20.00,0,0,0,0,0,0,0,0,0,0
252,AgentA wins,15.00,0,0,0,0,0,0,0,0,0,0
253,AgentA wins,20.00,0,0,0,0,0,0,0,0,0,0
254,AgentA wins,20.00,0,0,0,0,0,0,0,0,0,0
255,AgentA wins,15.00,0,0,0,0,0,0,0,0,0,0
256,AgentA wins,20.00,0,0,0,0,0,0,0,0,0,0
257,AgentA wins,20.00,0,0,0,0,0,0,0,0,0,0
258,AgentA wins,18.00,0,0,0,0,0,0,0,0,0,0
259,AgentA wins,17.00,0,0,0,0,0,0,0,0,0,0
260,AgentA wins,18.00,0,0,0,0,0,0,0,0,0,0
241,AgentA wins,45.33,0,0,0,0,0,0,0,0,0,0
242,AgentA wins,59.00,0,0,0,0,0,0,0,0,0,0
243,AgentB wins,56.33,0,0,0,0,0,0,0,0,0,0
244,AgentA wins,27.00,0,0,0,0,0,0,0,0,0,0
245,AgentA wins,42.67,0,0,0,0,0,0,0,0,0,0
246,AgentB wins,21.67,0,0,0,0,0,0,0,0,0,0
247,AgentA wins,15.00,0,0,0,0,0,0,0,0,0,0
248,AgentB wins,31.67,0,0,0,0,0,0,0,0,0,0
249,AgentB wins,60.00,0,0,0,0,0,0,0,0,0,0
250,AgentA wins,52.33,0,0,0,0,0,0,0,0,0,0
161,AgentA wins,37.67,0,0,0,0,0,0,0,0,0,0
162,AgentA wins,24.00,0,0,0,0,0,0,0,0,0,0
163,AgentA wins,31.33,0,0,0,0,0,0,0,0,0,0
164,AgentB wins,47.00,0,0,0,0,0,0,0,0,0,0
165,AgentA wins,33.00,0,0,0,0,0,0,0,0,0,0
166,AgentB wins,45.33,0,0,0,0,0,0,0,0,0,0
167,AgentA wins,15.00,0,0,0,0,0,0,0,0,0,0
168,AgentB wins,27.33,0,0,0,0,0,0,0,0,0,0
169,AgentA wins,28.67,0,0,0,0,0,0,0,0,0,0
170,AgentB wins,26.67,0,0,0,0,0,0,0,0,0,0
181,AgentA wins,15.00,0,0,0,0,0,0,0,0,0,0
182,AgentA wins,15.00,0,0,0,0,0,0,0,0,0,0
183,AgentA wins,39.00,0,0,0,0,0,0,0,0,0,0
184,AgentA wins,27.00,0,0,0,0,0,0,0,0,0,0
185,timeout draw,60.00,0,0,0,0,0,0,0,0,0,0
186,AgentA wins,27.67,0,0,0,0,0,0,0,0,0,0
187,AgentA wins,27.00,0,0,0,0,0,0,0,0,0,0
188,AgentA wins,27.00,0,0,0,0,0,0,0,0,0,0
189,AgentA wins,15.00,0,0,0,0,0,0,0,0,0,0
190,AgentA wins,21.00,0,0,0,0,0,0,0,0,0,0
251,AgentA wins,20.00,0,0,0,0,0,0,0,0,0,0
252,AgentA wins,18.00,0,0,0,0,0,0,0,0,0,0
253,AgentA wins,18.00,0,0,0,0,0,0,0,0,0,0
254,AgentA wins,15.00,0,0,0,0,0,0,0,0,0,0
255,AgentA wins,18.00,0,0,0,0,0,0,0,0,0,0
256,AgentA wins,15.00,0,0,0,0,0,0,0,0,0,0
257,AgentA wins,20.00,0,0,0,0,0,0,0,0,0,0
258,AgentA wins,18.00,0,0,0,0,0,0,0,0,0,0
259,AgentA wins,20.00,0,0,0,0,0,0,0,0,0,0
260,AgentA wins,20.00,0,0,0,0,0,0,0,0,0,0
161,AgentB wins,55.67,0,0,0,0,0,0,0,0,0,0
162,AgentB wins,45.00,0,0,0,0,0,0,0,0,0,0
163,AgentA wins,18.00,0,0,0,0,0,0,0,0,0,0
164,AgentA wins,42.00,0,0,0,0,0,0,0,0,0,0
165,AgentA wins,29.00,0,0,0,0,0,0,0,0,0,0
166,AgentA wins,18.00,0,0,0,0,0,0,0,0,0,0
167,AgentA wins,18.00,0,0,0,0,0,0,0,0,0,0
168,AgentA wins,15.00,0,0,0,0,0,0,0,0,0,0
169,AgentA wins,15.00,0,0,0,0,0,0,0,0,0,0
170,AgentA wins,33.00,0,0,0,0,0,0,0,0,0,0
171,AgentA wins,24.00,0,0,0,0,0,0,0,0,0,0
172,AgentA wins,15.00,0,0,0,0,0,0,0,0,0,0
173,AgentB wins,37.67,0,0,0,0,0,0,0,0,0,0
174,AgentB wins,38.67,0,0,0,0,0,0,0,0,0,0
175,AgentA wins,18.00,0,0,0,0,0,0,0,0,0,0
176,AgentA wins,18.00,0,0,0,0,0,0,0,0,0,0
177,AgentA wins,18.00,0,0,0,0,0,0,0,0,0,0
178,AgentA wins,17.00,0,0,0,0,0,0,0,0,0,0
179,AgentA wins,55.67,0,0,0,0,0,0,0,0,0,0
180,AgentA wins,26.00,0,0,0,0,0,0,0,0,0,0
161,AgentA wins,34.00,0,0,0,0,0,0,0,0,0,0
162,AgentA wins,15.00,0,0,0,0,0,0,0,0,0,0
163,AgentA wins,26.33,0,0,0,0,0,0,0,0,0,0
164,AgentB wins,56.67,0,0,0,0,0,0,0,0,0,0
165,AgentA wins,20.00,0,0,0,0,0,0,0,0,0,0
166,AgentA wins,19.67,0,0,0,0,0,0,0,0,0,0
167,AgentA wins,18.00,0,0,0,0,0,0,0,0,0,0
168,AgentA wins,27.00,0,0,0,0,0,0,0,0,0,0
169,timeout draw,60.00,0,0,0,0,0,0,0,0,0,0
170,AgentB wins,49.67,0,0,0,0,0,0,0,0,0,0
171,timeout draw,60.00,0,0,0,0,0,0,0,0,0,0
172,AgentA wins,38.00,0,0,0,0,0,0,0,0,0,0
173,AgentA wins,21.00,0,0,0,0,0,0,0,0,0,0
174,AgentA wins,30.00,0,0,0,0,0,0,0,0,0,0
175,AgentA wins,15.00,0,0,0,0,0,0,0,0,0,0
176,AgentB wins,37.00,0,0,0,0,0,0,0,0,0,0
177,AgentA wins,15.00,0,0,0,0,0,0,0,0,0,0
178,AgentA wins,18.00,0,0,0,0,0,0,0,0,0,0
179,AgentA wins,20.00,0,0,0,0,0,0,0,0,0,0
180,timeout draw,60.00,0,0,0,0,0,0,0,0,0,0
171,AgentA wins,24.00,0,0,0,0,0,0,0,0,0,0
172,AgentB wins,25.00,0,0,0,0,0,0,0,0,0,0
173,AgentA wins,20.00,0,0,0,0,0,0,0,0,0,0
174,AgentA wins,20.00,0,0,0,0,0,0,0,0,0,0
175,AgentB wins,46.67,0,0,0,0,0,0,0,0,0,0
176,AgentA wins,27.00,0,0,0,0,0,0,0,0,0,0
177,AgentA wins,20.00,0,0,0,0,0,0,0,0,0,0
178,AgentA wins,21.67,0,0,0,0,0,0,0,0,0,0
179,timeout draw,60.00,0,0,0,0,0,0,0,0,0,0
180,AgentB wins,48.33,0,0,0,0,0,0,0,0,0,0
171,AgentA wins,21.00,0,0,0,0,0,0,0,0,0,0
172,AgentA wins,27.00,0,0,0,0,0,0,0,0,0,0
173,AgentA wins,28.67,0,0,0,0,0,0,0,0,0,0
174,AgentA wins,18.00,0,0,0,0,0,0,0,0,0,0
175,AgentA wins,15.00,0,0,0,0,0,0,0,0,0,0
176,AgentA wins,32.67,0,0,0,0,0,0,0,0,0,0
177,AgentA wins,15.00,0,0,0,0,0,0,0,0,0,0
178,AgentB wins,39.00,0,0,0,0,0,0,0,0,0,0
179,AgentA wins,18.00,0,0,0,0,0,0,0,0,0,0
180,AgentA wins,37.00,0,0,0,0,0,0,0,0,0,0
171,AgentA wins,33.33,0,0,0,0,0,0,0,0,0,0
172,AgentA wins,44.00,0,0,0,0,0,0,0,0,0,0
173,AgentA wins,42.00,0,0,0,0,0,0,0,0,0,0
174,AgentA wins,29.00,0,0,0,0,0,0,0,0,0,0
175,AgentA wins,20.00,0,0,0,0,0,0,0,0,0,0
176,AgentA wins,15.00,0,0,0,0,0,0,0,0,0,0
177,AgentA wins,27.00,0,0,0,0,0,0,0,0,0,0
178,AgentA wins,28.33,0,0,0,0,0,0,0,0,0,0
179,AgentA wins,36.00,0,0,0,0,0,0,0,0,0,0
180,AgentA wins,42.67,0,0,0,0,0,0,0,0,0,0
241,AgentB wins,44.33,0,0,0,0,0,0,0,0,0,0
242,AgentA wins,24.00,0,0,0,0,0,0,0,0,0,0
243,timeout draw,60.00,0,0,0,0,0,0,0,0,0,0
244,timeout draw,60.00,0,0,0,0,0,0,0,0,0,0
245,AgentA wins,15.00,0,0,0,0,0,0,0,0,0,0
246,timeout draw,60.00,0,0,0,0,0,0,0,0,0,0
247,timeout draw,60.00,0,0,0,0,0,0,0,0,0,0
248,timeout draw,60.00,0,0,0,0,0,0,0,0,0,0
249,AgentA wins,15.00,0,0,0,0,0,0,0,0,0,0
250,AgentB wins,55.67,0,0,0,0,0,0,0,0,0,0
181,AgentA wins,38.00,0,0,0,0,0,0,0,0,0,0
182,AgentA wins,32.00,0,0,0,0,0,0,0,0,0,0
183,AgentA wins,38.67,0,0,0,0,0,0,0,0,0,0
184,AgentA wins,24.00,0,0,0,0,0,0,0,0,0,0
185,AgentA wins,20.00,0,0,0,0,0,0,0,0,0,0
186,AgentA wins,20.00,0,0,0,0,0,0,0,0,0,0
187,AgentA wins,15.00,0,0,0,0,0,0,0,0,0,0
188,AgentA wins,20.00,0,0,0,0,0,0,0,0,0,0
189,AgentA wins,15.00,0,0,0,0,0,0,0,0,0,0
190,AgentA wins,26.00,0,0,0,0,0,0,0,0,0,0
171,AgentA wins,18.00,0,0,0,0,0,0,0,0,0,0
172,AgentA wins,33.00,0,0,0,0,0,0,0,0,0,0
173,AgentA wins,15.00,0,0,0,0,0,0,0,0,0,0
174,AgentA wins,18.00,0,0,0,0,0,0,0,0,0,0
175,AgentA wins,15.00,0,0,0,0,0,0,0,0,0,0
176,AgentA wins,29.67,0,0,0,0,0,0,0,0,0,0
177,AgentB wins,19.00,0,0,0,0,0,0,0,0,0,0
178,timeout draw,60.00,0,0,0,0,0,0,0,0,0,0
179,AgentA wins,15.00,0,0,0,0,0,0,0,0,0,0
180,AgentA wins,24.67,0,0,0,0,0,0,0,0,0,0
181,AgentA wins,40.33,0,0,0,0,0,0,0,0,0,0
182,AgentA wins,18.00,0,0,0,0,0,0,0,0,0,0
183,AgentA wins,18.00,0,0,0,0,0,0,0,0,0,0
184,AgentB wins,24.67,0,0,0,0,0,0,0,0,0,0
185,AgentA wins,15.00,0,0,0,0,0,0,0,0,0,0
186,AgentB wins,28.00,0,0,0,0,0,0,0,0,0,0
187,AgentA wins,20.33,0,0,0,0,0,0,0,0,0,0
188,AgentA wins,52.67,0,0,0,0,0,0,0,0,0,0
189,AgentA wins,27.00,0,0,0,0,0,0,0,0,0,0
190,AgentA wins,15.00,0,0,0,0,0,0,0,0,0,0
261,AgentA wins,20.00,0,0,0,0,0,0,0,0,0,0
262,AgentA wins,19.67,0,0,0,0,0,0,0,0,0,0
263,AgentA wins,17.00,0,0,0,0,0,0,0,0,0,0
264,AgentA wins,20.00,0,0,0,0,0,0,0,0,0,0
265,AgentA wins,20.00,0,0,0,0,0,0,0,0,0,0
266,AgentA wins,20.00,0,0,0,0,0,0,0,0,0,0
267,AgentA wins,18.00,0,0,0,0,0,0,0,0,0,0
268,AgentA wins,15.00,0,0,0,0,0,0,0,0,0,0
269,AgentA wins,20.00,0,0,0,0,0,0,0,0,0,0
270,AgentA wins,20.00,0,0,0,0,0,0,0,0,0,0
261,AgentA wins,20.00,0,0,0,0,0,0,0,0,0,0
262,AgentA wins,20.00,0,0,0,0,0,0,0,0,0,0
263,AgentA wins,15.00,0,0,0,0,0,0,0,0,0,0
264,AgentA wins,20.00,0,0,0,0,0,0,0,0,0,0
265,AgentA wins,15.00,0,0,0,0,0,0,0,0,0,0
266,AgentA wins,18.00,0,0,0,0,0,0,0,0,0,0
267,AgentA wins,18.00,0,0,0,0,0,0,0,0,0,0
268,AgentA wins,20.00,0,0,0,0,0,0,0,0,0,0
269,AgentA wins,15.00,0,0,0,0,0,0,0,0,0,0
270,AgentA wins,17.00,0,0,0,0,0,0,0,0,0,0
161,AgentB wins,56.67,0,0,0,0,0,0,0,0,0,0
162,AgentB wins,41.33,0,0,0,0,0,0,0,0,0,0
163,AgentA wins,44.67,0,0,0,0,0,0,0,0,0,0
164,AgentA wins,15.00,0,0,0,0,0,0,0,0,0,0
165,AgentA wins,15.00,0,0,0,0,0,0,0,0,0,0
166,timeout draw,60.00,0,0,0,0,0,0,0,0,0,0
167,timeout draw,60.00,0,0,0,0,0,0,0,0,0,0
168,AgentB wins,36.33,0,0,0,0,0,0,0,0,0,0
169,AgentA wins,15.00,0,0,0,0,0,0,0,0,0,0
170,timeout draw,60.00,0,0,0,0,0,0,0,0,0,0
191,AgentA wins,29.33,258,260,0,129,0,184,0,25,36,77
192,AgentA wins,15.00,131,131,0,67,0,92,0,14,19,40
193,AgentA wins,24.00,208,212,0,100,0,140,0,19,26,55
194,AgentA wins,42.67,377,385,1,138,0,253,0,31,69,71
195,AgentA wins,32.00,277,285,0,85,0,163,0,17,53,54
196,AgentA wins,32.33,281,288,0,109,0,190,0,19,53,65
197,AgentA wins,15.00,127,133,0,61,0,102,0,10,21,41
198,AgentA wins,27.00,241,243,0,108,0,160,0,21,37,64
199,AgentA wins,21.00,188,186,0,79,0,130,0,16,30,49
200,AgentA wins,18.00,156,159,0,66,0,110,0,10,27,44
181,AgentB wins,33.33,0,0,0,0,0,0,0,0,0,0
182,AgentB wins,31.00,0,0,0,0,0,0,0,0,0,0
183,AgentB wins,52.33,0,0,0,0,0,0,0,0,0,0
184,AgentA wins,21.00,0,0,0,0,0,0,0,0,0,0
185,AgentA wins,15.00,0,0,0,0,0,0,0,0,0,0
186,AgentB wins,34.00,0,0,0,0,0,0,0,0,0,0
187,AgentB wins,25.33,0,0,0,0,0,0,0,0,0,0
188,AgentB wins,42.67,0,0,0,0,0,0,0,0,0,0
189,AgentA wins,43.33,0,0,0,0,0,0,0,0,0,0
190,AgentA wins,43.00,0,0,0,0,0,0,0,0,0,0
261,AgentA wins,17.00,0,0,0,0,0,0,0,0,0,0
262,AgentA wins,18.00,0,0,0,0,0,0,0,0,0,0
263,AgentA wins,19.67,0,0,0,0,0,0,0,0,0,0
264,AgentA wins,20.00,0,0,0,0,0,0,0,0,0,0
265,AgentA wins,18.00,0,0,0,0,0,0,0,0,0,0
266,AgentA wins,18.00,0,0,0,0,0,0,0,0,0,0
267,AgentA wins,18.00,0,0,0,0,0,0,0,0,0,0
268,AgentA wins,15.00,0,0,0,0,0,0,0,0,0,0
269,AgentA wins,18.00,0,0,0,0,0,0,0,0,0,0
270,AgentA wins,15.00,0,0,0,0,0,0,0,0,0,0
171,AgentB wins,24.67,0,0,0,0,0,0,0,0,0,0
172,AgentA wins,29.00,0,0,0,0,0,0,0,0,0,0
173,AgentB wins,44.33,0,0,0,0,0,0,0,0,0,0
174,AgentA wins,18.00,0,0,0,0,0,0,0,0,0,0
175,AgentA wins,15.00,0,0,0,0,0,0,0,0,0,0
176,AgentA wins,20.00,0,0,0,0,0,0,0,0,0,0
177,AgentB wins,19.00,0,0,0,0,0,0,0,0,0,0
178,AgentA wins,42.67,0,0,0,0,0,0,0,0,0,0
179,AgentA wins,37.00,0,0,0,0,0,0,0,0,0,0
180,AgentA wins,15.00,0,0,0,0,0,0,0,0,0,0
251,AgentA wins,27.00,0,0,0,0,0,0,0,0,0,0
252,AgentA wins,36.00,0,0,0,0,0,0,0,0,0,0
253,AgentA wins,24.00,0,0,0,0,0,0,0,0,0,0
254,AgentB wins,55.67,0,0,0,0,0,0,0,0,0,0
255,AgentB wins,47.33,0,0,0,0,0,0,0,0,0,0
256,AgentA wins,18.00,0,0,0,0,0,0,0,0,0,0
257,AgentA wins,26.00,0,0,0,0,0,0,0,0,0,0
258,AgentA wins,15.00,0,0,0,0,0,0,0,0,0,0
259,AgentB wins,31.33,0,0,0,0,0,0,0,0,0,0
260,AgentA wins,46.67,0,0,0,0,0,0,0,0,0,0
171,AgentB wins,45.67,0,0,0,0,0,0,0,0,0,0
172,AgentA wins,20.00,0,0,0,0,0,0,0,0,0,0
173,AgentA wins,18.00,0,0,0,0,0,0,0,0,0,0
174,AgentA wins,52.67,0,0,0,0,0,0,0,0,0,0
175,AgentB wins,29.67,0,0,0,0,0,0,0,0,0,0
176,AgentB wins,36.00,0,0,0,0,0,0,0,0,0,0
177,AgentA wins,17.67,0,0,0,0,0,0,0,0,0,0
178,AgentA wins,20.00,0,0,0,0,0,0,0,0,0,0
179,timeout draw,60.00,0,0,0,0,0,0,0,0,0,0
180,AgentB wins,56.00,0,0,0,0,0,0,0,0,0,0
181,AgentA wins,40.00,0,0,0,0,0,0,0,0,0,0
182,AgentA wins,18.00,0,0,0,0,0,0,0,0,0,0
183,timeout draw,60.00,0,0,0,0,0,0,0,0,0,0
184,AgentA wins,19.67,0,0,0,0,0,0,0,0,0,0
185,AgentA wins,41.33,0,0,0,0,0,0,0,0,0,0
186,AgentA wins,18.00,0,0,0,0,0,0,0,0,0,0
187,AgentA wins,34.33,0,0,0,0,0,0,0,0,0,0
188,AgentA wins,27.00,0,0,0,0,0,0,0,0,0,0
189,AgentA wins,15.00,0,0,0,0,0,0,0,0,0,0
190,AgentA wins,30.00,0,0,0,0,0,0,0,0,0,0
171,timeout draw,60.00,0,0,0,0,0,0,0,0,0,0
172,AgentA wins,31.33,0,0,0,0,0,0,0,0,0,0
173,AgentA wins,23.00,0,0,0,0,0,0,0,0,0,0
174,AgentA wins,31.00,0,0,0,0,0,0,0,0,0,0
175,AgentA wins,15.00,0,0,0,0,0,0,0,0,0,0
176,AgentA wins,15.00,0,0,0,0,0,0,0,0,0,0
177,AgentA wins,30.00,0,0,0,0,0,0,0,0,0,0
178,AgentA wins,47.33,0,0,0,0,0,0,0,0,0,0
179,AgentA wins,15.00,0,0,0,0,0,0,0,0,0,0
180,AgentA wins,15.67,0,0,0,0,0,0,0,0,0,0
191,AgentA wins,33.00,0,0,0,0,0,0,0,0,0,0
192,AgentA wins,24.00,0,0,0,0,0,0,0,0,0,0
193,AgentA wins,18.00,0,0,0,0,0,0,0,0,0,0
194,AgentA wins,34.67,0,0,0,0,0,0,0,0,0,0
195,AgentA wins,24.00,0,0,0,0,0,0,0,0,0,0
196,AgentA wins,15.00,0,0,0,0,0,0,0,0,0,0
197,AgentA wins,29.67,0,0,0,0,0,0,0,0,0,0
198,AgentB wins,36.33,0,0,0,0,0,0,0,0,0,0
199,AgentA wins,58.33,0,0,0,0,0,0,0,0,0,0
200,AgentA wins,15.00,0,0,0,0,0,0,0,0,0,0
181,AgentA wins,15.00,0,0,0,0,0,0,0,0,0,0
182,AgentA wins,24.00,0,0,0,0,0,0,0,0,0,0
183,AgentB wins,48.33,0,0,0,0,0,0,0,0,0,0
184,AgentB wins,46.33,0,0,0,0,0,0,0,0,0,0
185,AgentA wins,41.00,0,0,0,0,0,0,0,0,0,0
186,AgentB wins,41.67,0,0,0,0,0,0,0,0,0,0
187,AgentA wins,15.00,0,0,0,0,0,0,0,0,0,0
188,AgentA wins,29.00,0,0,0,0,0,0,0,0,0,0
189,AgentA wins,15.00,0,0,0,0,0,0,0,0,0,0
190,timeout draw,60.00,0,0,0,0,0,0,0,0,0,0
251,AgentB wins,39.67,0,0,0,0,0,0,0,0,0,0
252,AgentB wins,56.33,0,0,0,0,0,0,0,0,0,0
253,AgentB wins,39.33,0,0,0,0,0,0,0,0,0,0
254,AgentA wins,15.00,0,0,0,0,0,0,0,0,0,0
255,AgentB wins,27.67,0,0,0,0,0,0,0,0,0,0
256,AgentA wins,15.00,0,0,0,0,0,0,0,0,0,0
257,AgentA wins,32.67,0,0,0,0,0,0,0,0,0,0
258,AgentB wins,27.67,0,0,0,0,0,0,0,0,0,0
259,AgentA wins,21.00,0,0,0,0,0,0,0,0,0,0
260,AgentA wins,49.00,0,0,0,0,0,0,0,0,0,0
171,timeout draw,60.00,0,0,0,0,0,0,0,0,0,0
172,AgentA wins,33.00,0,0,0,0,0,0,0,0,0,0
173,AgentA wins,15.00,0,0,0,0,0,0,0,0,0,0
174,AgentA wins,32.00,0,0,0,0,0,0,0,0,0,0
175,AgentA wins,31.67,0,0,0,0,0,0,0,0,0,0
176,AgentA wins,21.00,0,0,0,0,0,0,0,0,0,0
177,AgentA wins,23.00,0,0,0,0,0,0,0,0,0,0
178,AgentA wins,20.00,0,0,0,0,0,0,0,0,0,0
179,AgentA wins,15.00,0,0,0,0,0,0,0,0,0,0
180,AgentB wins,36.00,0,0,0,0,0,0,0,0,0,0
271,AgentA wins,20.00,0,0,0,0,0,0,0,0,0,0
272,AgentA wins,20.00,0,0,0,0,0,0,0,0,0,0
273,AgentA wins,18.00,0,0,0,0,0,0,0,0,0,0
274,AgentA wins,20.00,0,0,0,0,0,0,0,0,0,0
275,AgentA wins,20.00,0,0,0,0,0,0,0,0,0,0
276,AgentA wins,20.00,0,0,0,0,0,0,0,0,0,0
277,AgentA wins,20.00,0,0,0,0,0,0,0,0,0,0
278,AgentA wins,18.00,0,0,0,0,0,0,0,0,0,0
279,AgentA wins,15.00,0,0,0,0,0,0,0,0,0,0
280,AgentA wins,15.00,0,0,0,0,0,0,0,0,0,0
181,AgentA wins,35.00,0,0,0,0,0,0,0,0,0,0
182,AgentA wins,29.00,0,0,0,0,0,0,0,0,0,0
183,AgentB wins,31.67,0,0,0,0,0,0,0,0,0,0
184,AgentA wins,18.00,0,0,0,0,0,0,0,0,0,0
185,AgentA wins,20.00,0,0,0,0,0,0,0,0,0,0
186,AgentA wins,21.00,0,0,0,0,0,0,0,0,0,0
187,AgentA wins,20.00,0,0,0,0,0,0,0,0,0,0
188,AgentA wins,15.00,0,0,0,0,0,0,0,0,0,0
189,AgentA wins,39.00,0,0,0,0,0,0,0,0,0,0
190,AgentA wins,23.00,0,0,0,0,0,0,0,0,0,0
271,AgentA wins,18.00,0,0,0,0,0,0,0,0,0,0
272,AgentA wins,20.00,0,0,0,0,0,0,0,0,0,0
273,AgentA wins,18.00,0,0,0,0,0,0,0,0,0,0
274,AgentA wins,19.67,0,0,0,0,0,0,0,0,0,0
275,AgentA wins,20.00,0,0,0,0,0,0,0,0,0,0
276,AgentA wins,20.00,0,0,0,0,0,0,0,0,0,0
277,AgentA wins,18.00,0,0,0,0,0,0,0,0,0,0
278,AgentA wins,15.00,0,0,0,0,0,0,0,0,0,0
279,AgentA wins,20.00,0,0,0,0,0,0,0,0,0,0
280,AgentA wins,18.00,0,0,0,0,0,0,0,0,0,0
191,AgentA wins,15.00,0,0,0,0,0,0,0,0,0,0
192,AgentA wins,23.00,0,0,0,0,0,0,0,0,0,0
193,AgentA wins,20.00,0,0,0,0,0,0,0,0,0,0
194,AgentA wins,18.00,0,0,0,0,0,0,0,0,0,0
195,AgentB wins,52.00,0,0,0,0,0,0,0,0,0,0
196,AgentB wins,32.67,0,0,0,0,0,0,0,0,0,0
197,AgentA wins,29.00,0,0,0,0,0,0,0,0,0,0
198,AgentA wins,15.00,0,0,0,0,0,0,0,0,0,0
199,AgentA wins,15.00,0,0,0,0,0,0,0,0,0,0
200,AgentA wins,33.00,0,0,0,0,0,0,0,0,0,0
171,AgentA wins,15.00,0,0,0,0,0,0,0,0,0,0
172,AgentA wins,45.00,0,0,0,0,0,0,0,0,0,0
173,AgentA wins,24.00,0,0,0,0,0,0,0,0,0,0
174,AgentB wins,53.67,0,0,0,0,0,0,0,0,0,0
175,AgentA wins,36.00,0,0,0,0,0,0,0,0,0,0
176,AgentA wins,15.00,0,0,0,0,0,0,0,0,0,0
177,AgentB wins,49.33,0,0,0,0,0,0,0,0,0,0
178,AgentA wins,31.33,0,0,0,0,0,0,0,0,0,0
179,AgentA wins,18.00,0,0,0,0,0,0,0,0,0,0
180,AgentA wins,20.00,0,0,0,0,0,0,0,0,0,0
181,timeout draw,60.00,0,0,0,0,0,0,0,0,0,0
182,AgentA wins,37.00,0,0,0,0,0,0,0,0,0,0
183,AgentA wins,38.00,0,0,0,0,0,0,0,0,0,0
184,timeout draw,60.00,0,0,0,0,0,0,0,0,0,0
185,AgentB wins,43.00,0,0,0,0,0,0,0,0,0,0
186,AgentA wins,24.00,0,0,0,0,0,0,0,0,0,0
187,AgentA wins,28.67,0,0,0,0,0,0,0,0,0,0
188,AgentA wins,15.00,0,0,0,0,0,0,0,0,0,0
189,AgentA wins,15.00,0,0,0,0,0,0,0,0,0,0
190,AgentA wins,15.00,0,0,0,0,0,0,0,0,0,0
271,AgentA wins,18.00,0,0,0,0,0,0,0,0,0,0
272,AgentA wins,20.00,0,0,0,0,0,0,0,0,0,0
273,AgentA wins,15.00,0,0,0,0,0,0,0,0,0,0
274,AgentA wins,17.00,0,0,0,0,0,0,0,0,0,0
275,AgentA wins,15.00,0,0,0,0,0,0,0,0,0,0
276,AgentA wins,19.67,0,0,0,0,0,0,0,0,0,0
277,AgentA wins,15.00,0,0,0,0,0,0,0,0,0,0
278,AgentA wins,20.00,0,0,0,0,0,0,0,0,0,0
279,AgentA wins,20.00,0,0,0,0,0,0,0,0,0,0
280,AgentA wins,15.00,0,0,0,0,0,0,0,0,0,0
181,AgentB wins,36.33,0,0,0,0,0,0,0,0,0,0
182,AgentA wins,37.00,0,0,0,0,0,0,0,0,0,0
183,AgentA wins,21.00,0,0,0,0,0,0,0,0,0,0
184,AgentB wins,45.00,0,0,0,0,0,0,0,0,0,0
185,AgentA wins,36.00,0,0,0,0,0,0,0,0,0,0
186,AgentA wins,20.00,0,0,0,0,0,0,0,0,0,0
187,AgentB wins,34.67,0,0,0,0,0,0,0,0,0,0
188,AgentA wins,24.00,0,0,0,0,0,0,0,0,0,0
189,AgentA wins,31.33,0,0,0,0,0,0,0,0,0,0
190,AgentA wins,38.00,0,0,0,0,0,0,0,0,0,0
191,AgentB wins,39.33,0,0,0,0,0,0,0,0,0,0
192,AgentA wins,15.00,0,0,0,0,0,0,0,0,0,0
193,AgentA wins,29.00,0,0,0,0,0,0,0,0,0,0
194,AgentA wins,15.00,0,0,0,0,0,0,0,0,0,0
195,timeout draw,60.00,0,0,0,0,0,0,0,0,0,0
196,AgentA wins,36.00,0,0,0,0,0,0,0,0,0,0
197,AgentA wins,21.00,0,0,0,0,0,0,0,0,0,0
198,AgentA wins,18.00,0,0,0,0,0,0,0,0,0,0
199,AgentA wins,18.00,0,0,0,0,0,0,0,0,0,0
200,AgentA wins,15.00,0,0,0,0,0,0,0,0,0,0
181,AgentA wins,24.00,0,0,0,0,0,0,0,0,0,0
182,AgentA wins,23.00,0,0,0,0,0,0,0,0,0,0
183,AgentA wins,26.00,0,0,0,0,0,0,0,0,0,0
184,AgentA wins,15.00,0,0,0,0,0,0,0,0,0,0
185,AgentA wins,15.00,0,0,0,0,0,0,0,0,0,0
186,AgentA wins,55.33,0,0,0,0,0,0,0,0,0,0
187,AgentA wins,15.00,0,0,0,0,0,0,0,0,0,0
188,AgentA wins,47.33,0,0,0,0,0,0,0,0,0,0
189,AgentA wins,33.00,0,0,0,0,0,0,0,0,0,0
190,AgentA wins,18.67,0,0,0,0,0,0,0,0,0,0
181,AgentB wins,39.00,0,0,0,0,0,0,0,0,0,0
182,AgentB wins,47.67,0,0,0,0,0,0,0,0,0,0
183,AgentA wins,33.00,0,0,0,0,0,0,0,0,0,0
184,AgentA wins,18.00,0,0,0,0,0,0,0,0,0,0
185,AgentA wins,29.33,0,0,0,0,0,0,0,0,0,0
186,AgentA wins,15.00,0,0,0,0,0,0,0,0,0,0
187,AgentA wins,37.00,0,0,0,0,0,0,0,0,0,0
188,AgentB wins,22.00,0,0,0,0,0,0,0,0,0,0
189,AgentA wins,39.33,0,0,0,0,0,0,0,0,0,0
190,AgentA wins,18.00,0,0,0,0,0,0,0,0,0,0
201,AgentA wins,18.00,156,162,0,66,0,98,0,15,17,42
202,AgentA wins,28.67,251,255,0,103,0,157,0,28,37,61
203,AgentA wins,35.67,315,313,0,132,0,215,0,25,53,62
204,AgentA wins,18.00,157,155,0,59,0,97,0,10,20,38
205,AgentA wins,24.00,205,211,0,83,0,127,0,19,27,57
206,AgentA wins,26.00,230,232,0,120,0,160,0,27,34,63
207,AgentA wins,18.00,158,157,0,76,0,113,0,17,29,40
208,AgentA wins,18.00,160,161,0,83,0,111,0,19,18,40
209,AgentA wins,18.00,159,161,0,72,0,110,0,12,22,44
210,AgentA wins,15.00,133,132,0,63,0,92,0,12,17,32
181,AgentA wins,44.33,0,0,0,0,0,0,0,0,0,0
182,AgentA wins,23.00,0,0,0,0,0,0,0,0,0,0
183,AgentA wins,15.00,0,0,0,0,0,0,0,0,0,0
184,AgentB wins,48.00,0,0,0,0,0,0,0,0,0,0
185,AgentA wins,15.00,0,0,0,0,0,0,0,0,0,0
186,AgentA wins,15.00,0,0,0,0,0,0,0,0,0,0
187,timeout draw,60.00,0,0,0,0,0,0,0,0,0,0
188,AgentA wins,42.67,0,0,0,0,0,0,0,0,0,0
189,AgentA wins,26.67,0,0,0,0,0,0,0,0,0,0
190,AgentA wins,15.00,0,0,0,0,0,0,0,0,0,0
181,AgentA wins,22.67,0,0,0,0,0,0,0,0,0,0
182,AgentA wins,25.33,0,0,0,0,0,0,0,0,0,0
183,AgentA wins,19.67,0,0,0,0,0,0,0,0,0,0
184,AgentA wins,35.67,0,0,0,0,0,0,0,0,0,0
185,AgentB wins,28.00,0,0,0,0,0,0,0,0,0,0
186,AgentA wins,15.00,0,0,0,0,0,0,0,0,0,0
187,AgentA wins,21.00,0,0,0,0,0,0,0,0,0,0
188,AgentB wins,36.33,0,0,0,0,0,0,0,0,0,0
189,AgentA wins,38.00,0,0,0,0,0,0,0,0,0,0
190,AgentA wins,24.00,0,0,0,0,0,0,0,0,0,0
281,AgentA wins,18.00,0,0,0,0,0,0,0,0,0,0
282,AgentA wins,17.00,0,0,0,0,0,0,0,0,0,0
283,AgentA wins,17.00,0,0,0,0,0,0,0,0,0,0
284,AgentA wins,18.00,0,0,0,0,0,0,0,0,0,0
285,AgentA wins,17.00,0,0,0,0,0,0,0,0,0,0
286,AgentA wins,15.00,0,0,0,0,0,0,0,0,0,0
287,AgentA wins,18.00,0,0,0,0,0,0,0,0,0,0
288,AgentA wins,15.00,0,0,0,0,0,0,0,0,0,0
289,AgentA wins,20.00,0,0,0,0,0,0,0,0,0,0
290,AgentA wins,15.00,0,0,0,0,0,0,0,0,0,0
281,AgentA wins,17.00,0,0,0,0,0,0,0,0,0,0
282,AgentA wins,20.00,0,0,0,0,0,0,0,0,0,0
283,AgentA wins,20.00,0,0,0,0,0,0,0,0,0,0
284,AgentA wins,20.00,0,0,0,0,0,0,0,0,0,0
285,AgentA wins,18.00,0,0,0,0,0,0,0,0,0,0
286,AgentA wins,18.00,0,0,0,0,0,0,0,0,0,0
287,AgentA wins,15.00,0,0,0,0,0,0,0,0,0,0
288,AgentA wins,20.00,0,0,0,0,0,0,0,0,0,0
289,AgentA wins,20.00,0,0,0,0,0,0,0,0,0,0
290,AgentA wins,15.00,0,0,0,0,0,0,0,0,0,0
201,AgentA wins,15.00,0,0,0,0,0,0,0,0,0,0
202,AgentA wins,15.00,0,0,0,0,0,0,0,0,0,0
203,AgentA wins,27.00,0,0,0,0,0,0,0,0,0,0
204,AgentA wins,15.00,0,0,0,0,0,0,0,0,0,0
205,AgentA wins,18.00,0,0,0,0,0,0,0,0,0,0
206,AgentA wins,15.00,0,0,0,0,0,0,0,0,0,0
207,AgentA wins,43.33,0,0,0,0,0,0,0,0,0,0
208,AgentA wins,23.67,0,0,0,0,0,0,0,0,0,0
209,AgentA wins,15.00,0,0,0,0,0,0,0,0,0,0
210,AgentA wins,42.33,0,0,0,0,0,0,0,0,0,0
171,timeout draw,60.00,0,0,0,0,0,0,0,0,0,0
172,timeout draw,60.00,0,0,0,0,0,0,0,0,0,0
173,AgentA wins,15.00,0,0,0,0,0,0,0,0,0,0
174,AgentA wins,27.00,0,0,0,0,0,0,0,0,0,0
175,AgentA wins,15.00,0,0,0,0,0,0,0,0,0,0
176,AgentA wins,15.00,0,0,0,0,0,0,0,0,0,0
177,AgentB wins,49.33,0,0,0,0,0,0,0,0,0,0
178,AgentA wins,15.00,0,0,0,0,0,0,0,0,0,0
179,AgentA wins,58.67,0,0,0,0,0,0,0,0,0,0
180,AgentB wins,56.67,0,0,0,0,0,0,0,0,0,0
191,AgentA wins,35.67,0,0,0,0,0,0,0,0,0,0
192,AgentA wins,33.33,0,0,0,0,0,0,0,0,0,0
193,AgentA wins,21.00,0,0,0,0,0,0,0,0,0,0
194,AgentA wins,15.00,0,0,0,0,0,0,0,0,0,0
195,AgentA wins,18.00,0,0,0,0,0,0,0,0,0,0
196,AgentA wins,43.00,0,0,0,0,0,0,0,0,0,0
197,AgentA wins,36.67,0,0,0,0,0,0,0,0,0,0
198,AgentA wins,26.67,0,0,0,0,0,0,0,0,0,0
199,AgentA wins,18.00,0,0,0,0,0,0,0,0,0,0
200,AgentA wins,34.67,0,0,0,0,0,0,0,0,0,0
191,AgentA wins,15.00,0,0,0,0,0,0,0,0,0,0
192,AgentA wins,15.00,0,0,0,0,0,0,0,0,0,0
193,AgentA wins,29.33,0,0,0,0,0,0,0,0,0,0
194,AgentA wins,42.00,0,0,0,0,0,0,0,0,0,0
195,AgentA wins,26.00,0,0,0,0,0,0,0,0,0,0
196,AgentA wins,21.00,0,0,0,0,0,0,0,0,0,0
197,AgentA wins,23.00,0,0,0,0,0,0,0,0,0,0
198,AgentA wins,18.00,0,0,0,0,0,0,0,0,0,0
199,AgentA wins,24.00,0,0,0,0,0,0,0,0,0,0
200,AgentA wins,32.67,0,0,0,0,0,0,0,0,0,0
251,timeout draw,60.00,0,0,0,0,0,0,0,0,0,0
252,timeout draw,60.00,0,0,0,0,0,0,0,0,0,0
253,AgentA wins,33.00,0,0,0,0,0,0,0,0,0,0
254,AgentB wins,45.67,0,0,0,0,0,0,0,0,0,0
255,timeout draw,60.00,0,0,0,0,0,0,0,0,0,0
256,AgentA wins,23.00,0,0,0,0,0,0,0,0,0,0
257,AgentB wins,47.67,0,0,0,0,0,0,0,0,0,0
258,AgentB wins,51.00,0,0,0,0,0,0,0,0,0,0
259,AgentA wins,18.00,0,0,0,0,0,0,0,0,0,0
260,timeout draw,60.00,0,0,0,0,0,0,0,0,0,0
281,AgentA wins,20.00,0,0,0,0,0,0,0,0,0,0
282,AgentA wins,20.00,0,0,0,0,0,0,0,0,0,0
283,AgentA wins,17.00,0,0,0,0,0,0,0,0,0,0
284,AgentA wins,18.00,0,0,0,0,0,0,0,0,0,0
285,AgentA wins,20.00,0,0,0,0,0,0,0,0,0,0
286,AgentA wins,20.00,0,0,0,0,0,0,0,0,0,0
287,AgentA wins,20.00,0,0,0,0,0,0,0,0,0,0
288,AgentA wins,20.00,0,0,0,0,0,0,0,0,0,0
289,AgentA wins,18.00,0,0,0,0,0,0,0,0,0,0
290,AgentA wins,15.00,0,0,0,0,0,0,0,0,0,0
191,AgentA wins,26.00,0,0,0,0,0,0,0,0,0,0
192,AgentA wins,24.00,0,0,0,0,0,0,0,0,0,0
193,AgentB wins,39.67,0,0,0,0,0,0,0,0,0,0
194,AgentA wins,20.00,0,0,0,0,0,0,0,0,0,0
195,AgentB wins,45.33,0,0,0,0,0,0,0,0,0,0
196,AgentA wins,15.00,0,0,0,0,0,0,0,0,0,0
197,AgentA wins,18.00,0,0,0,0,0,0,0,0,0,0
198,AgentA wins,15.00,0,0,0,0,0,0,0,0,0,0
199,AgentA wins,24.00,0,0,0,0,0,0,0,0,0,0
200,AgentA wins,18.00,0,0,0,0,0,0,0,0,0,0
261,AgentB wins,30.00,0,0,0,0,0,0,0,0,0,0
262,AgentB wins,41.33,0,0,0,0,0,0,0,0,0,0
263,AgentA wins,37.67,0,0,0,0,0,0,0,0,0,0
264,AgentA wins,34.67,0,0,0,0,0,0,0,0,0,0
265,AgentA wins,41.00,0,0,0,0,0,0,0,0,0,0
266,AgentA wins,39.00,0,0,0,0,0,0,0,0,0,0
267,AgentB wins,26.67,0,0,0,0,0,0,0,0,0,0
268,AgentA wins,35.00,0,0,0,0,0,0,0,0,0,0
269,AgentA wins,47.00,0,0,0,0,0,0,0,0,0,0
270,timeout draw,60.00,0,0,0,0,0,0,0,0,0,0
181,AgentA wins,15.00,0,0,0,0,0,0,0,0,0,0
182,AgentA wins,15.00,0,0,0,0,0,0,0,0,0,0
183,AgentB wins,59.00,0,0,0,0,0,0,0,0,0,0
184,AgentA wins,15.00,0,0,0,0,0,0,0,0,0,0
185,timeout draw,60.00,0,0,0,0,0,0,0,0,0,0
186,AgentB wins,30.33,0,0,0,0,0,0,0,0,0,0
187,AgentA wins,24.00,0,0,0,0,0,0,0,0,0,0
188,AgentB wins,28.33,0,0,0,0,0,0,0,0,0,0
189,AgentA wins,15.00,0,0,0,0,0,0,0,0,0,0
190,AgentA wins,31.00,0,0,0,0,0,0,0,0,0,0
191,AgentA wins,29.00,0,0,0,0,0,0,0,0,0,0
192,AgentA wins,15.00,0,0,0,0,0,0,0,0,0,0
193,AgentA wins,24.00,0,0,0,0,0,0,0,0,0,0
194,AgentA wins,18.67,0,0,0,0,0,0,0,0,0,0
195,AgentA wins,18.00,0,0,0,0,0,0,0,0,0,0
196,AgentA wins,15.00,0,0,0,0,0,0,0,0,0,0
197,AgentA wins,18.00,0,0,0,0,0,0,0,0,0,0
198,AgentA wins,28.67,0,0,0,0,0,0,0,0,0,0
199,AgentB wins,38.33,0,0,0,0,0,0,0,0,0,0
200,AgentA wins,15.00,0,0,0,0,0,0,0,0,0,0
181,AgentB wins,53.67,0,0,0,0,0,0,0,0,0,0
182,AgentA wins,21.00,0,0,0,0,0,0,0,0,0,0
183,AgentB wins,44.33,0,0,0,0,0,0,0,0,0,0
184,AgentA wins,38.00,0,0,0,0,0,0,0,0,0,0
185,AgentA wins,20.00,0,0,0,0,0,0,0,0,0,0
186,AgentA wins,53.00,0,0,0,0,0,0,0,0,0,0
187,AgentA wins,35.00,0,0,0,0,0,0,0,0,0,0
188,AgentA wins,36.33,0,0,0,0,0,0,0,0,0,0
189,AgentA wins,51.00,0,0,0,0,0,0,0,0,0,0
190,AgentB wins,21.67,0,0,0,0,0,0,0,0,0,0
181,AgentA wins,18.00,0,0,0,0,0,0,0,0,0,0
182,AgentA wins,20.00,0,0,0,0,0,0,0,0,0,0
183,AgentA wins,39.00,0,0,0,0,0,0,0,0,0,0
184,timeout draw,60.00,0,0,0,0,0,0,0,0,0,0
185,AgentA wins,15.00,0,0,0,0,0,0,0,0,0,0
186,AgentB wins,31.33,0,0,0,0,0,0,0,0,0,0
187,AgentA wins,42.67,0,0,0,0,0,0,0,0,0,0
188,AgentA wins,18.00,0,0,0,0,0,0,0,0,0,0
189,AgentA wins,15.00,0,0,0,0,0,0,0,0,0,0
190,AgentA wins,20.00,0,0,0,0,0,0,0,0,0,0
211,AgentA wins,49.00,428,433,0,172,0,288,0,42,70,98
212,AgentA wins,30.00,254,260,0,104,0,155,0,26,40,64
213,AgentA wins,15.00,129,137,0,54,0,93,0,10,25,33
214,AgentA wins,15.00,129,136,0,60,0,82,0,14,11,31
215,AgentA wins,18.00,152,159,0,75,0,110,0,21,20,50
216,AgentA wins,18.00,157,164,0,62,0,100,0,17,23,34
217,AgentA wins,18.00,155,159,0,65,0,112,0,14,21,40
218,AgentB wins,21.67,193,195,0,68,0,117,0,15,33,34
219,AgentA wins,35.00,311,313,0,132,0,210,0,28,49,70
220,AgentA wins,24.00,213,211,0,97,0,157,0,17,41,47
191,AgentA wins,18.00,0,0,0,0,0,0,0,0,0,0
192,AgentA wins,28.33,0,0,0,0,0,0,0,0,0,0
193,AgentB wins,39.33,0,0,0,0,0,0,0,0,0,0
194,AgentA wins,30.67,0,0,0,0,0,0,0,0,0,0
195,AgentA wins,15.00,0,0,0,0,0,0,0,0,0,0
196,AgentA wins,35.00,0,0,0,0,0,0,0,0,0,0
197,AgentA wins,43.67,0,0,0,0,0,0,0,0,0,0
198,AgentA wins,21.00,0,0,0,0,0,0,0,0,0,0
199,AgentA wins,15.00,0,0,0,0,0,0,0,0,0,0
200,AgentA wins,15.00,0,0,0,0,0,0,0,0,0,0
201,AgentA wins,39.00,0,0,0,0,0,0,0,0,0,0
202,AgentB wins,45.33,0,0,0,0,0,0,0,0,0,0
203,AgentA wins,18.00,0,0,0,0,0,0,0,0,0,0
204,AgentA wins,43.00,0,0,0,0,0,0,0,0,0,0
205,AgentA wins,40.00,0,0,0,0,0,0,0,0,0,0
206,AgentA wins,18.00,0,0,0,0,0,0,0,0,0,0
207,AgentA wins,24.00,0,0,0,0,0,0,0,0,0,0
208,AgentA wins,18.00,0,0,0,0,0,0,0,0,0,0
209,AgentA wins,27.00,0,0,0,0,0,0,0,0,0,0
210,AgentA wins,20.00,0,0,0,0,0,0,0,0,0,0
191,timeout draw,60.00,0,0,0,0,0,0,0,0,0,0
192,timeout draw,60.00,0,0,0,0,0,0,0,0,0,0
193,AgentB wins,48.00,0,0,0,0,0,0,0,0,0,0
194,AgentA wins,50.67,0,0,0,0,0,0,0,0,0,0
195,AgentA wins,15.00,0,0,0,0,0,0,0,0,0,0
196,AgentB wins,51.33,0,0,0,0,0,0,0,0,0,0
197,timeout draw,60.00,0,0,0,0,0,0,0,0,0,0
198,timeout draw,60.00,0,0,0,0,0,0,0,0,0,0
199,timeout draw,60.00,0,0,0,0,0,0,0,0,0,0
200,AgentA wins,21.00,0,0,0,0,0,0,0,0,0,0
181,AgentA wins,59.33,0,0,0,0,0,0,0,0,0,0
182,AgentA wins,15.00,0,0,0,0,0,0,0,0,0,0
183,AgentA wins,15.00,0,0,0,0,0,0,0,0,0,0
184,AgentA wins,35.33,0,0,0,0,0,0,0,0,0,0
185,timeout draw,60.00,0,0,0,0,0,0,0,0,0,0
186,AgentA wins,45.00,0,0,0,0,0,0,0,0,0,0
187,timeout draw,60.00,0,0,0,0,0,0,0,0,0,0
188,AgentB wins,56.67,0,0,0,0,0,0,0,0,0,0
189,AgentB wins,30.33,0,0,0,0,0,0,0,0,0,0
190,timeout draw,60.00,0,0,0,0,0,0,0,0,0,0
191,AgentA wins,30.00,0,0,0,0,0,0,0,0,0,0
192,AgentA wins,15.00,0,0,0,0,0,0,0,0,0,0
193,timeout draw,60.00,0,0,0,0,0,0,0,0,0,0
194,AgentA wins,18.00,0,0,0,0,0,0,0,0,0,0
195,AgentA wins,15.00,0,0,0,0,0,0,0,0,0,0
196,AgentA wins,18.00,0,0,0,0,0,0,0,0,0,0
197,AgentA wins,18.00,0,0,0,0,0,0,0,0,0,0
198,AgentA wins,21.00,0,0,0,0,0,0,0,0,0,0
199,timeout draw,60.00,0,0,0,0,0,0,0,0,0,0
200,AgentA wins,15.00,0,0,0,0,0,0,0,0,0,0
201,AgentB wins,46.33,0,0,0,0,0,0,0,0,0,0
202,AgentA wins,38.33,0,0,0,0,0,0,0,0,0,0
203,AgentB wins,41.00,0,0,0,0,0,0,0,0,0,0
204,AgentA wins,18.00,0,0,0,0,0,0,0,0,0,0
205,AgentA wins,18.00,0,0,0,0,0,0,0,0,0,0
206,AgentA wins,31.00,0,0,0,0,0,0,0,0,0,0
207,AgentA wins,18.00,0,0,0,0,0,0,0,0,0,0
208,AgentA wins,20.00,0,0,0,0,0,0,0,0,0,0
209,AgentA wins,15.00,0,0,0,0,0,0,0,0,0,0
210,AgentB wins,32.33,0,0,0,0,0,0,0,0,0,0
191,AgentA wins,23.00,0,0,0,0,0,0,0,0,0,0
192,AgentA wins,23.00,0,0,0,0,0,0,0,0,0,0
193,AgentA wins,18.00,0,0,0,0,0,0,0,0,0,0
194,AgentA wins,30.00,0,0,0,0,0,0,0,0,0,0
195,AgentA wins,30.00,0,0,0,0,0,0,0,0,0,0
196,AgentA wins,24.00,0,0,0,0,0,0,0,0,0,0
197,AgentA wins,40.00,0,0,0,0,0,0,0,0,0,0
198,AgentA wins,41.67,0,0,0,0,0,0,0,0,0,0
199,AgentA wins,32.33,0,0,0,0,0,0,0,0,0,0
200,AgentA wins,15.00,0,0,0,0,0,0,0,0,0,0
261,AgentB wins,33.33,0,0,0,0,0,0,0,0,0,0
262,AgentA wins,29.67,0,0,0,0,0,0,0,0,0,0
263,AgentA wins,48.67,0,0,0,0,0,0,0,0,0,0
264,AgentB wins,43.00,0,0,0,0,0,0,0,0,0,0
265,AgentA wins,45.67,0,0,0,0,0,0,0,0,0,0
266,timeout draw,60.00,0,0,0,0,0,0,0,0,0,0
267,timeout draw,60.00,0,0,0,0,0,0,0,0,0,0
268,AgentA wins,15.00,0,0,0,0,0,0,0,0,0,0
269,AgentA wins,27.00,0,0,0,0,0,0,0,0,0,0
270,AgentA wins,32.00,0,0,0,0,0,0,0,0,0,0
191,AgentA wins,44.67,0,0,0,0,0,0,0,0,0,0
192,AgentB wins,43.33,0,0,0,0,0,0,0,0,0,0
193,AgentA wins,36.00,0,0,0,0,0,0,0,0,0,0
194,AgentA wins,24.00,0,0,0,0,0,0,0,0,0,0
195,AgentA wins,26.67,0,0,0,0,0,0,0,0,0,0
196,AgentA wins,38.00,0,0,0,0,0,0,0,0,0,0
197,AgentA wins,21.00,0,0,0,0,0,0,0,0,0,0
198,AgentA wins,22.67,0,0,0,0,0,0,0,0,0,0
199,AgentA wins,27.00,0,0,0,0,0,0,0,0,0,0
200,AgentB wins,53.67,0,0,0,0,0,0,0,0,0,0
291,AgentA wins,20.00,0,0,0,0,0,0,0,0,0,0
292,AgentA wins,20.00,0,0,0,0,0,0,0,0,0,0
293,AgentA wins,18.00,0,0,0,0,0,0,0,0,0,0
294,AgentA wins,20.00,0,0,0,0,0,0,0,0,0,0
295,AgentA wins,20.00,0,0,0,0,0,0,0,0,0,0
296,AgentA wins,20.00,0,0,0,0,0,0,0,0,0,0
297,AgentA wins,20.00,0,0,0,0,0,0,0,0,0,0
298,AgentA wins,15.00,0,0,0,0,0,0,0,0,0,0
299,AgentA wins,19.67,0,0,0,0,0,0,0,0,0,0
300,AgentA wins,17.00,0,0,0,0,0,0,0,0,0,0
291,AgentA wins,20.00,0,0,0,0,0,0,0,0,0,0
292,AgentA wins,20.00,0,0,0,0,0,0,0,0,0,0
293,AgentA wins,20.00,0,0,0,0,0,0,0,0,0,0
294,AgentA wins,15.00,0,0,0,0,0,0,0,0,0,0
295,AgentA wins,20.00,0,0,0,0,0,0,0,0,0,0
296,AgentA wins,19.67,0,0,0,0,0,0,0,0,0,0
297,AgentA wins,20.00,0,0,0,0,0,0,0,0,0,0
298,AgentA wins,20.00,0,0,0,0,0,0,0,0,0,0
299,AgentA wins,20.00,0,0,0,0,0,0,0,0,0,0
300,AgentA wins,20.00,0,0,0,0,0,0,0,0,0,0
291,AgentA wins,19.67,0,0,0,0,0,0,0,0,0,0
292,AgentA wins,19.67,0,0,0,0,0,0,0,0,0,0
293,AgentA wins,20.00,0,0,0,0,0,0,0,0,0,0
294,AgentA wins,20.00,0,0,0,0,0,0,0,0,0,0
295,AgentA wins,20.00,0,0,0,0,0,0,0,0,0,0
296,AgentA wins,20.00,0,0,0,0,0,0,0,0,0,0
297,AgentA wins,19.67,0,0,0,0,0,0,0,0,0,0
298,AgentA wins,15.00,0,0,0,0,0,0,0,0,0,0
299,AgentA wins,20.00,0,0,0,0,0,0,0,0,0,0
300,AgentA wins,18.00,0,0,0,0,0,0,0,0,0,0
201,AgentA wins,24.00,0,0,0,0,0,0,0,0,0,0
202,AgentA wins,18.00,0,0,0,0,0,0,0,0,0,0
203,AgentA wins,30.67,0,0,0,0,0,0,0,0,0,0
204,AgentA wins,15.00,0,0,0,0,0,0,0,0,0,0
205,AgentA wins,25.67,0,0,0,0,0,0,0,0,0,0
206,AgentA wins,15.00,0,0,0,0,0,0,0,0,0,0
207,AgentA wins,36.00,0,0,0,0,0,0,0,0,0,0
208,AgentA wins,24.00,0,0,0,0,0,0,0,0,0,0
209,AgentA wins,48.00,0,0,0,0,0,0,0,0,0,0
210,AgentA wins,28.33,0,0,0,0,0,0,0,0,0,0
211,AgentA wins,36.67,0,0,0,0,0,0,0,0,0,0
212,AgentA wins,43.00,0,0,0,0,0,0,0,0,0,0
213,AgentA wins,15.00,0,0,0,0,0,0,0,0,0,0
214,AgentA wins,31.00,0,0,0,0,0,0,0,0,0,0
215,AgentA wins,15.00,0,0,0,0,0,0,0,0,0,0
216,AgentA wins,17.00,0,0,0,0,0,0,0,0,0,0
217,AgentA wins,15.00,0,0,0,0,0,0,0,0,0,0
218,AgentA wins,29.67,0,0,0,0,0,0,0,0,0,0
219,timeout draw,60.00,0,0,0,0,0,0,0,0,0,0
220,AgentA wins,18.00,0,0,0,0,0,0,0,0,0,0
271,AgentA wins,21.00,0,0,0,0,0,0,0,0,0,0
272,AgentA wins,15.67,0,0,0,0,0,0,0,0,0,0
273,AgentA wins,20.00,0,0,0,0,0,0,0,0,0,0
274,AgentA wins,25.00,0,0,0,0,0,0,0,0,0,0
275,AgentA wins,15.00,0,0,0,0,0,0,0,0,0,0
276,AgentA wins,15.00,0,0,0,0,0,0,0,0,0,0
277,AgentA wins,15.00,0,0,0,0,0,0,0,0,0,0
278,AgentA wins,32.00,0,0,0,0,0,0,0,0,0,0
279,AgentA wins,15.00,0,0,0,0,0,0,0,0,0,0
280,AgentA wins,47.00,0,0,0,0,0,0,0,0,0,0
201,AgentA wins,41.00,0,0,0,0,0,0,0,0,0,0
202,AgentA wins,18.00,0,0,0,0,0,0,0,0,0,0
203,AgentB wins,40.33,0,0,0,0,0,0,0,0,0,0
204,AgentB wins,40.33,0,0,0,0,0,0,0,0,0,0
205,AgentA wins,15.00,0,0,0,0,0,0,0,0,0,0
206,AgentA wins,29.67,0,0,0,0,0,0,0,0,0,0
207,AgentA wins,40.00,0,0,0,0,0,0,0,0,0,0
208,AgentA wins,23.67,0,0,0,0,0,0,0,0,0,0
209,AgentA wins,35.67,0,0,0,0,0,0,0,0,0,0
210,AgentA wins,48.00,0,0,0,0,0,0,0,0,0,0
191,timeout draw,60.00,0,0,0,0,0,0,0,0,0,0
192,timeout draw,60.00,0,0,0,0,0,0,0,0,0,0
193,AgentA wins,41.33,0,0,0,0,0,0,0,0,0,0
194,timeout draw,60.00,0,0,0,0,0,0,0,0,0,0
195,AgentB wins,39.33,0,0,0,0,0,0,0,0,0,0
196,AgentA wins,15.00,0,0,0,0,0,0,0,0,0,0
197,AgentA wins,44.67,0,0,0,0,0,0,0,0,0,0
198,AgentA wins,15.00,0,0,0,0,0,0,0,0,0,0
199,AgentA wins,51.67,0,0,0,0,0,0,0,0,0,0
200,AgentA wins,38.67,0,0,0,0,0,0,0,0,0,0
201,AgentB wins,30.33,0,0,0,0,0,0,0,0,0,0
202,AgentA wins,15.00,0,0,0,0,0,0,0,0,0,0
203,AgentB wins,48.67,0,0,0,0,0,0,0,0,0,0
204,AgentA wins,18.00,0,0,0,0,0,0,0,0,0,0
205,AgentA wins,28.33,0,0,0,0,0,0,0,0,0,0
206,AgentA wins,15.00,0,0,0,0,0,0,0,0,0,0
207,AgentA wins,38.00,0,0,0,0,0,0,0,0,0,0
208,AgentA wins,18.00,0,0,0,0,0,0,0,0,0,0
209,AgentB wins,45.33,0,0,0,0,0,0,0,0,0,0
210,AgentA wins,15.00,0,0,0,0,0,0,0,0,0,0
191,AgentA wins,19.67,0,0,0,0,0,0,0,0,0,0
192,AgentA wins,18.00,0,0,0,0,0,0,0,0,0,0
193,AgentA wins,20.00,0,0,0,0,0,0,0,0,0,0
194,AgentA wins,17.00,0,0,0,0,0,0,0,0,0,0
195,AgentA wins,18.00,0,0,0,0,0,0,0,0,0,0
196,AgentA wins,30.00,0,0,0,0,0,0,0,0,0,0
197,timeout draw,60.00,0,0,0,0,0,0,0,0,0,0
198,AgentA wins,18.00,0,0,0,0,0,0,0,0,0,0
199,AgentA wins,20.00,0,0,0,0,0,0,0,0,0,0
200,AgentA wins,34.00,0,0,0,0,0,0,0,0,0,0
191,AgentA wins,18.00,0,0,0,0,0,0,0,0,0,0
192,AgentA wins,28.67,0,0,0,0,0,0,0,0,0,0
193,AgentA wins,17.00,0,0,0,0,0,0,0,0,0,0
194,AgentA wins,20.00,0,0,0,0,0,0,0,0,0,0
195,AgentA wins,15.00,0,0,0,0,0,0,0,0,0,0
196,AgentA wins,15.00,0,0,0,0,0,0,0,0,0,0
197,AgentB wins,42.67,0,0,0,0,0,0,0,0,0,0
198,AgentA wins,44.00,0,0,0,0,0,0,0,0,0,0
199,timeout draw,60.00,0,0,0,0,0,0,0,0,0,0
200,AgentB wins,40.33,0,0,0,0,0,0,0,0,0,0
301,AgentA wins,20.00,0,0,0,0,0,0,0,0,0,0
302,AgentA wins,15.00,0,0,0,0,0,0,0,0,0,0
303,AgentA wins,18.00,0,0,0,0,0,0,0,0,0,0
304,AgentA wins,20.00,0,0,0,0,0,0,0,0,0,0
305,AgentA wins,20.00,0,0,0,0,0,0,0,0,0,0
306,AgentA wins,20.00,0,0,0,0,0,0,0,0,0,0
307,AgentA wins,15.00,0,0,0,0,0,0,0,0,0,0
308,AgentA wins,19.67,0,0,0,0,0,0,0,0,0,0
309,AgentA wins,20.00,0,0,0,0,0,0,0,0,0,0
310,AgentA wins,20.00,0,0,0,0,0,0,0,0,0,0
301,AgentA wins,20.00,0,0,0,0,0,0,0,0,0,0
302,AgentA wins,20.00,0,0,0,0,0,0,0,0,0,0
303,AgentA wins,20.00,0,0,0,0,0,0,0,0,0,0
304,AgentA wins,20.00,0,0,0,0,0,0,0,0,0,0
305,AgentA wins,15.00,0,0,0,0,0,0,0,0,0,0
306,AgentA wins,20.00,0,0,0,0,0,0,0,0,0,0
307,AgentA wins,20.00,0,0,0,0,0,0,0,0,0,0
308,AgentA wins,15.00,0,0,0,0,0,0,0,0,0,0
309,AgentA wins,20.00,0,0,0,0,0,0,0,0,0,0
310,AgentA wins,20.00,0,0,0,0,0,0,0,0,0,0
221,AgentA wins,42.00,375,373,0,174,0,257,0,37,62,84
222,AgentA wins,18.00,161,158,0,71,0,122,0,14,27,42
223,AgentA wins,15.00,132,128,0,60,0,98,0,11,29,34
224,AgentA wins,43.00,380,379,0,151,0,260,0,28,60,84
225,AgentA wins,18.00,160,155,0,72,0,102,0,14,15,35
226,AgentA wins,33.00,293,289,0,116,0,176,0,32,33,71
227,AgentA wins,15.00,132,133,0,54,0,92,0,8,22,31
228,AgentA wins,27.00,239,237,0,101,0,162,0,22,32,57
229,AgentA wins,27.00,238,240,0,91,0,170,0,16,42,39
230,AgentA wins,37.33,329,329,0,139,0,221,0,34,47,74
201,AgentA wins,37.67,0,0,0,0,0,0,0,0,0,0
202,AgentA wins,29.00,0,0,0,0,0,0,0,0,0,0
203,AgentA wins,39.00,0,0,0,0,0,0,0,0,0,0
204,AgentA wins,32.00,0,0,0,0,0,0,0,0,0,0
205,AgentA wins,15.00,0,0,0,0,0,0,0,0,0,0
206,AgentA wins,15.00,0,0,0,0,0,0,0,0,0,0
207,AgentA wins,15.00,0,0,0,0,0,0,0,0,0,0
208,AgentA wins,18.00,0,0,0,0,0,0,0,0,0,0
209,AgentA wins,39.00,0,0,0,0,0,0,0,0,0,0
210,AgentA wins,18.00,0,0,0,0,0,0,0,0,0,0
181,timeout draw,60.00,0,0,0,0,0,0,0,0,0,0
182,AgentB wins,28.33,0,0,0,0,0,0,0,0,0,0
183,AgentB wins,49.00,0,0,0,0,0,0,0,0,0,0
184,AgentA wins,15.00,0,0,0,0,0,0,0,0,0,0
185,timeout draw,60.00,0,0,0,0,0,0,0,0,0,0
186,timeout draw,60.00,0,0,0,0,0,0,0,0,0,0
187,AgentA wins,15.00,0,0,0,0,0,0,0,0,0,0
188,AgentA wins,21.00,0,0,0,0,0,0,0,0,0,0
189,AgentB wins,55.00,0,0,0,0,0,0,0,0,0,0
190,AgentB wins,39.00,0,0,0,0,0,0,0,0,0,0
211,AgentA wins,15.00,0,0,0,0,0,0,0,0,0,0
212,AgentA wins,37.67,0,0,0,0,0,0,0,0,0,0
213,AgentA wins,18.00,0,0,0,0,0,0,0,0,0,0
214,AgentB wins,49.67,0,0,0,0,0,0,0,0,0,0
215,AgentA wins,15.00,0,0,0,0,0,0,0,0,0,0
216,AgentB wins,37.00,0,0,0,0,0,0,0,0,0,0
217,AgentA wins,25.67,0,0,0,0,0,0,0,0,0,0
218,AgentA wins,26.33,0,0,0,0,0,0,0,0,0,0
219,AgentA wins,21.00,0,0,0,0,0,0,0,0,0,0
220,AgentA wins,37.33,0,0,0,0,0,0,0,0,0,0
201,AgentB wins,28.00,0,0,0,0,0,0,0,0,0,0
202,AgentA wins,27.00,0,0,0,0,0,0,0,0,0,0
203,AgentA wins,15.00,0,0,0,0,0,0,0,0,0,0
204,AgentA wins,18.00,0,0,0,0,0,0,0,0,0,0
205,AgentA wins,38.33,0,0,0,0,0,0,0,0,0,0
206,AgentA wins,28.33,0,0,0,0,0,0,0,0,0,0
207,AgentA wins,24.00,0,0,0,0,0,0,0,0,0,0
208,AgentB wins,38.33,0,0,0,0,0,0,0,0,0,0
209,AgentA wins,15.00,0,0,0,0,0,0,0,0,0,0
210,AgentA wins,24.00,0,0,0,0,0,0,0,0,0,0
201,timeout draw,60.00,0,0,0,0,0,0,0,0,0,0
202,AgentA wins,15.00,0,0,0,0,0,0,0,0,0,0
203,AgentA wins,51.00,0,0,0,0,0,0,0,0,0,0
204,AgentA wins,31.00,0,0,0,0,0,0,0,0,0,0
205,AgentA wins,20.00,0,0,0,0,0,0,0,0,0,0
206,timeout draw,60.00,0,0,0,0,0,0,0,0,0,0
207,AgentA wins,39.67,0,0,0,0,0,0,0,0,0,0
208,AgentA wins,31.67,0,0,0,0,0,0,0,0,0,0
209,AgentB wins,43.67,0,0,0,0,0,0,0,0,0,0
210,AgentA wins,15.00,0,0,0,0,0,0,0,0,0,0
201,AgentA wins,29.00,0,0,0,0,0,0,0,0,0,0
202,AgentA wins,17.00,0,0,0,0,0,0,0,0,0,0
203,AgentA wins,25.33,0,0,0,0,0,0,0,0,0,0
204,AgentA wins,18.00,0,0,0,0,0,0,0,0,0,0
205,AgentA wins,15.00,0,0,0,0,0,0,0,0,0,0
206,AgentA wins,31.00,0,0,0,0,0,0,0,0,0,0
207,AgentB wins,40.00,0,0,0,0,0,0,0,0,0,0
208,AgentA wins,18.00,0,0,0,0,0,0,0,0,0,0
209,AgentA wins,20.00,0,0,0,0,0,0,0,0,0,0
210,AgentA wins,28.67,0,0,0,0,0,0,0,0,0,0
301,AgentA wins,19.67,0,0,0,0,0,0,0,0,0,0
302,AgentA wins,20.00,0,0,0,0,0,0,0,0,0,0
303,AgentA wins,20.00,0,0,0,0,0,0,0,0,0,0
304,AgentA wins,15.00,0,0,0,0,0,0,0,0,0,0
305,AgentA wins,17.00,0,0,0,0,0,0,0,0,0,0
306,AgentA wins,20.00,0,0,0,0,0,0,0,0,0,0
307,AgentA wins,20.00,0,0,0,0,0,0,0,0,0,0
308,AgentA wins,18.00,0,0,0,0,0,0,0,0,0,0
309,AgentA wins,19.67,0,0,0,0,0,0,0,0,0,0
310,AgentA wins,15.00,0,0,0,0,0,0,0,0,0,0
211,AgentA wins,33.00,0,0,0,0,0,0,0,0,0,0
212,AgentB wins,36.33,0,0,0,0,0,0,0,0,0,0
213,timeout draw,60.00,0,0,0,0,0,0,0,0,0,0
214,AgentA wins,38.67,0,0,0,0,0,0,0,0,0,0
215,AgentA wins,27.00,0,0,0,0,0,0,0,0,0,0
216,AgentA wins,17.00,0,0,0,0,0,0,0,0,0,0
217,AgentA wins,21.00,0,0,0,0,0,0,0,0,0,0
218,AgentA wins,20.00,0,0,0,0,0,0,0,0,0,0
219,AgentA wins,15.00,0,0,0,0,0,0,0,0,0,0
220,AgentA wins,29.33,0,0,0,0,0,0,0,0,0,0
191,AgentA wins,31.00,0,0,0,0,0,0,0,0,0,0
192,AgentA wins,15.00,0,0,0,0,0,0,0,0,0,0
193,AgentB wins,40.00,0,0,0,0,0,0,0,0,0,0
194,AgentA wins,15.00,0,0,0,0,0,0,0,0,0,0
195,AgentA wins,27.33,0,0,0,0,0,0,0,0,0,0
196,timeout draw,60.00,0,0,0,0,0,0,0,0,0,0
197,AgentA wins,30.00,0,0,0,0,0,0,0,0,0,0
198,timeout draw,60.00,0,0,0,0,0,0,0,0,0,0
199,AgentB wins,41.33,0,0,0,0,0,0,0,0,0,0
200,AgentA wins,15.00,0,0,0,0,0,0,0,0,0,0
201,AgentA wins,18.00,0,0,0,0,0,0,0,0,0,0
202,AgentA wins,18.00,0,0,0,0,0,0,0,0,0,0
203,AgentA wins,35.00,0,0,0,0,0,0,0,0,0,0
204,timeout draw,60.00,0,0,0,0,0,0,0,0,0,0
205,AgentA wins,32.67,0,0,0,0,0,0,0,0,0,0
206,AgentA wins,26.00,0,0,0,0,0,0,0,0,0,0
207,AgentA wins,21.00,0,0,0,0,0,0,0,0,0,0
208,timeout draw,60.00,0,0,0,0,0,0,0,0,0,0
209,AgentB wins,33.67,0,0,0,0,0,0,0,0,0,0
210,AgentA wins,27.00,0,0,0,0,0,0,0,0,0,0
261,timeout draw,60.00,0,0,0,0,0,0,0,0,0,0
262,AgentA wins,15.00,0,0,0,0,0,0,0,0,0,0
263,AgentB wins,51.33,0,0,0,0,0,0,0,0,0,0
264,AgentB wins,37.00,0,0,0,0,0,0,0,0,0,0
265,timeout draw,60.00,0,0,0,0,0,0,0,0,0,0
266,AgentA wins,29.67,0,0,0,0,0,0,0,0,0,0
267,timeout draw,60.00,0,0,0,0,0,0,0,0,0,0
268,timeout draw,60.00,0,0,0,0,0,0,0,0,0,0
269,timeout draw,60.00,0,0,0,0,0,0,0,0,0,0
270,AgentA wins,15.00,0,0,0,0,0,0,0,0,0,0
191,AgentA wins,45.67,0,0,0,0,0,0,0,0,0,0
192,AgentA wins,18.00,0,0,0,0,0,0,0,0,0,0
193,AgentA wins,24.00,0,0,0,0,0,0,0,0,0,0
194,AgentA wins,32.00,0,0,0,0,0,0,0,0,0,0
195,timeout draw,60.00,0,0,0,0,0,0,0,0,0,0
196,AgentA wins,42.67,0,0,0,0,0,0,0,0,0,0
197,AgentA wins,21.00,0,0,0,0,0,0,0,0,0,0
198,AgentA wins,41.00,0,0,0,0,0,0,0,0,0,0
199,AgentB wins,40.00,0,0,0,0,0,0,0,0,0,0
200,AgentA wins,15.00,0,0,0,0,0,0,0,0,0,0
221,AgentA wins,24.00,0,0,0,0,0,0,0,0,0,0
222,AgentA wins,15.00,0,0,0,0,0,0,0,0,0,0
223,AgentA wins,27.00,0,0,0,0,0,0,0,0,0,0
224,AgentA wins,25.67,0,0,0,0,0,0,0,0,0,0
225,AgentA wins,15.00,0,0,0,0,0,0,0,0,0,0
226,AgentA wins,18.00,0,0,0,0,0,0,0,0,0,0
227,AgentA wins,35.00,0,0,0,0,0,0,0,0,0,0
228,AgentA wins,15.00,0,0,0,0,0,0,0,0,0,0
229,AgentA wins,17.00,0,0,0,0,0,0,0,0,0,0
230,AgentA wins,20.00,0,0,0,0,0,0,0,0,0,0
271,AgentB wins,25.00,0,0,0,0,0,0,0,0,0,0
272,AgentA wins,42.00,0,0,0,0,0,0,0,0,0,0
273,AgentA wins,21.00,0,0,0,0,0,0,0,0,0,0
274,AgentA wins,15.00,0,0,0,0,0,0,0,0,0,0
275,AgentB wins,48.33,0,0,0,0,0,0,0,0,0,0
276,AgentB wins,56.33,0,0,0,0,0,0,0,0,0,0
277,AgentA wins,27.67,0,0,0,0,0,0,0,0,0,0
278,AgentB wins,37.33,0,0,0,0,0,0,0,0,0,0
279,AgentA wins,28.00,0,0,0,0,0,0,0,0,0,0
280,timeout draw,60.00,0,0,0,0,0,0,0,0,0,0
201,AgentA wins,52.00,0,0,0,0,0,0,0,0,0,0
202,AgentB wins,53.00,0,0,0,0,0,0,0,0,0,0
203,AgentA wins,15.00,0,0,0,0,0,0,0,0,0,0
204,AgentA wins,24.00,0,0,0,0,0,0,0,0,0,0
205,timeout draw,60.00,0,0,0,0,0,0,0,0,0,0
206,AgentB wins,50.33,0,0,0,0,0,0,0,0,0,0
207,AgentB wins,43.00,0,0,0,0,0,0,0,0,0,0
208,AgentA wins,15.00,0,0,0,0,0,0,0,0,0,0
209,timeout draw,60.00,0,0,0,0,0,0,0,0,0,0
210,AgentA wins,44.67,0,0,0,0,0,0,0,0,0,0
311,AgentA wins,18.00,0,0,0,0,0,0,0,0,0,0
312,AgentA wins,20.00,0,0,0,0,0,0,0,0,0,0
313,AgentA wins,20.00,0,0,0,0,0,0,0,0,0,0
314,AgentA wins,17.00,0,0,0,0,0,0,0,0,0,0
315,AgentA wins,15.00,0,0,0,0,0,0,0,0,0,0
316,AgentA wins,17.00,0,0,0,0,0,0,0,0,0,0
317,AgentA wins,15.00,0,0,0,0,0,0,0,0,0,0
318,AgentA wins,19.67,0,0,0,0,0,0,0,0,0,0
319,AgentA wins,15.00,0,0,0,0,0,0,0,0,0,0
320,AgentA wins,20.00,0,0,0,0,0,0,0,0,0,0
311,AgentA wins,15.00,0,0,0,0,0,0,0,0,0,0
312,AgentA wins,17.00,0,0,0,0,0,0,0,0,0,0
313,AgentA wins,20.00,0,0,0,0,0,0,0,0,0,0
314,AgentA wins,18.00,0,0,0,0,0,0,0,0,0,0
315,AgentA wins,18.00,0,0,0,0,0,0,0,0,0,0
316,AgentA wins,20.00,0,0,0,0,0,0,0,0,0,0
317,AgentA wins,20.00,0,0,0,0,0,0,0,0,0,0
318,AgentA wins,20.00,0,0,0,0,0,0,0,0,0,0
319,AgentA wins,20.00,0,0,0,0,0,0,0,0,0,0
320,AgentA wins,19.67,0,0,0,0,0,0,0,0,0,0
211,AgentA wins,29.00,0,0,0,0,0,0,0,0,0,0
212,AgentA wins,15.67,0,0,0,0,0,0,0,0,0,0
213,AgentB wins,45.33,0,0,0,0,0,0,0,0,0,0
214,AgentB wins,54.33,0,0,0,0,0,0,0,0,0,0
215,AgentA wins,26.00,0,0,0,0,0,0,0,0,0,0
216,AgentA wins,20.00,0,0,0,0,0,0,0,0,0,0
217,AgentA wins,19.67,0,0,0,0,0,0,0,0,0,0
218,AgentA wins,35.67,0,0,0,0,0,0,0,0,0,0
219,AgentA wins,15.00,0,0,0,0,0,0,0,0,0,0
220,AgentA wins,40.67,0,0,0,0,0,0,0,0,0,0
281,AgentA wins,37.00,0,0,0,0,0,0,0,0,0,0
282,AgentA wins,20.33,0,0,0,0,0,0,0,0,0,0
283,AgentA wins,35.00,0,0,0,0,0,0,0,0,0,0
284,AgentA wins,46.67,0,0,0,0,0,0,0,0,0,0
285,AgentA wins,15.00,0,0,0,0,0,0,0,0,0,0
286,AgentA wins,31.00,0,0,0,0,0,0,0,0,0,0
287,AgentA wins,15.00,0,0,0,0,0,0,0,0,0,0
288,AgentB wins,27.00,0,0,0,0,0,0,0,0,0,0
289,AgentA wins,33.00,0,0,0,0,0,0,0,0,0,0
290,AgentB wins,21.33,0,0,0,0,0,0,0,0,0,0
221,AgentA wins,15.00,0,0,0,0,0,0,0,0,0,0
222,AgentA wins,18.00,0,0,0,0,0,0,0,0,0,0
223,AgentA wins,26.00,0,0,0,0,0,0,0,0,0,0
224,AgentB wins,20.00,0,0,0,0,0,0,0,0,0,0
225,AgentA wins,18.00,0,0,0,0,0,0,0,0,0,0
226,AgentA wins,18.00,0,0,0,0,0,0,0,0,0,0
227,AgentA wins,15.00,0,0,0,0,0,0,0,0,0,0
228,AgentA wins,15.00,0,0,0,0,0,0,0,0,0,0
229,AgentA wins,18.00,0,0,0,0,0,0,0,0,0,0
230,AgentA wins,15.00,0,0,0,0,0,0,0,0,0,0
311,AgentA wins,20.00,0,0,0,0,0,0,0,0,0,0
312,AgentA wins,15.00,0,0,0,0,0,0,0,0,0,0
313,AgentA wins,20.00,0,0,0,0,0,0,0,0,0,0
314,AgentA wins,20.00,0,0,0,0,0,0,0,0,0,0
315,AgentA wins,20.00,0,0,0,0,0,0,0,0,0,0
316,AgentA wins,15.00,0,0,0,0,0,0,0,0,0,0
317,AgentA wins,20.00,0,0,0,0,0,0,0,0,0,0
318,AgentA wins,15.00,0,0,0,0,0,0,0,0,0,0
319,AgentA wins,18.00,0,0,0,0,0,0,0,0,0,0
320,AgentA wins,20.00,0,0,0,0,0,0,0,0,0,0
211,AgentA wins,15.00,0,0,0,0,0,0,0,0,0,0
212,AgentA wins,20.00,0,0,0,0,0,0,0,0,0,0
213,AgentA wins,15.00,0,0,0,0,0,0,0,0,0,0
214,AgentA wins,15.00,0,0,0,0,0,0,0,0,0,0
215,AgentA wins,21.67,0,0,0,0,0,0,0,0,0,0
216,AgentA wins,15.00,0,0,0,0,0,0,0,0,0,0
217,AgentA wins,39.67,0,0,0,0,0,0,0,0,0,0
218,AgentA wins,15.00,0,0,0,0,0,0,0,0,0,0
219,AgentA wins,20.00,0,0,0,0,0,0,0,0,0,0
220,AgentB wins,19.67,0,0,0,0,0,0,0,0,0,0
201,AgentA wins,15.00,0,0,0,0,0,0,0,0,0,0
202,AgentA wins,18.00,0,0,0,0,0,0,0,0,0,0
203,AgentA wins,15.00,0,0,0,0,0,0,0,0,0,0
204,AgentA wins,33.00,0,0,0,0,0,0,0,0,0,0
205,AgentA wins,38.33,0,0,0,0,0,0,0,0,0,0
206,AgentB wins,21.33,0,0,0,0,0,0,0,0,0,0
207,AgentA wins,15.00,0,0,0,0,0,0,0,0,0,0
208,AgentA wins,15.00,0,0,0,0,0,0,0,0,0,0
209,AgentB wins,57.33,0,0,0,0,0,0,0,0,0,0
210,AgentA wins,15.00,0,0,0,0,0,0,0,0,0,0
201,AgentA wins,15.00,0,0,0,0,0,0,0,0,0,0
202,AgentB wins,43.33,0,0,0,0,0,0,0,0,0,0
203,AgentA wins,21.00,0,0,0,0,0,0,0,0,0,0
204,AgentA wins,20.00,0,0,0,0,0,0,0,0,0,0
205,AgentA wins,19.67,0,0,0,0,0,0,0,0,0,0
206,AgentA wins,15.00,0,0,0,0,0,0,0,0,0,0
207,AgentA wins,20.00,0,0,0,0,0,0,0,0,0,0
208,AgentA wins,20.00,0,0,0,0,0,0,0,0,0,0
209,AgentA wins,20.00,0,0,0,0,0,0,0,0,0,0
210,AgentA wins,52.00,0,0,0,0,0,0,0,0,0,0
211,AgentA wins,20.00,0,0,0,0,0,0,0,0,0,0
212,AgentA wins,15.00,0,0,0,0,0,0,0,0,0,0
213,AgentA wins,45.00,0,0,0,0,0,0,0,0,0,0
214,AgentA wins,17.00,0,0,0,0,0,0,0,0,0,0
215,AgentA wins,18.00,0,0,0,0,0,0,0,0,0,0
216,AgentA wins,15.00,0,0,0,0,0,0,0,0,0,0
217,AgentA wins,46.33,0,0,0,0,0,0,0,0,0,0
218,timeout draw,60.00,0,0,0,0,0,0,0,0,0,0
219,AgentA wins,15.00,0,0,0,0,0,0,0,0,0,0
220,AgentA wins,15.00,0,0,0,0,0,0,0,0,0,0
211,AgentA wins,22.67,0,0,0,0,0,0,0,0,0,0
212,AgentA wins,15.67,0,0,0,0,0,0,0,0,0,0
213,AgentB wins,38.67,0,0,0,0,0,0,0,0,0,0
214,AgentA wins,29.67,0,0,0,0,0,0,0,0,0,0
215,AgentA wins,30.00,0,0,0,0,0,0,0,0,0,0
216,AgentA wins,30.00,0,0,0,0,0,0,0,0,0,0
217,AgentA wins,21.00,0,0,0,0,0,0,0,0,0,0
218,AgentA wins,38.67,0,0,0,0,0,0,0,0,0,0
219,AgentA wins,33.67,0,0,0,0,0,0,0,0,0,0
220,AgentB wins,41.00,0,0,0,0,0,0,0,0,0,0
211,AgentA wins,24.00,0,0,0,0,0,0,0,0,0,0
212,AgentB wins,28.33,0,0,0,0,0,0,0,0,0,0
213,timeout draw,60.00,0,0,0,0,0,0,0,0,0,0
214,AgentA wins,15.00,0,0,0,0,0,0,0,0,0,0
215,AgentB wins,24.33,0,0,0,0,0,0,0,0,0,0
216,AgentA wins,15.00,0,0,0,0,0,0,0,0,0,0
217,AgentA wins,15.00,0,0,0,0,0,0,0,0,0,0
218,AgentA wins,15.00,0,0,0,0,0,0,0,0,0,0
219,AgentA wins,15.00,0,0,0,0,0,0,0,0,0,0
220,AgentA wins,15.00,0,0,0,0,0,0,0,0,0,0
231,AgentA wins,21.00,185,187,0,83,0,126,0,17,35,45
232,AgentA wins,18.00,156,155,0,72,0,112,0,14,23,45
233,AgentB wins,57.00,508,512,0,254,0,352,0,61,79,110
234,AgentA wins,15.00,132,131,0,57,0,85,0,10,13,29
235,AgentA wins,15.00,132,132,0,57,0,88,0,8,22,30
236,AgentA wins,33.33,295,294,0,140,0,194,0,26,37,74
237,AgentA wins,15.00,132,131,0,64,0,99,0,12,24,29
238,AgentA wins,40.00,351,358,0,160,0,238,0,36,62,77
239,AgentA wins,24.00,207,212,0,91,0,139,0,17,29,52
240,AgentA wins,18.67,160,168,0,81,0,113,0,13,25,30
211,AgentA wins,15.00,0,0,0,0,0,0,0,0,0,0
212,timeout draw,60.00,0,0,0,0,0,0,0,0,0,0
213,AgentA wins,32.00,0,0,0,0,0,0,0,0,0,0
214,AgentA wins,15.00,0,0,0,0,0,0,0,0,0,0
215,AgentA wins,24.00,0,0,0,0,0,0,0,0,0,0
216,AgentA wins,23.67,0,0,0,0,0,0,0,0,0,0
217,AgentA wins,15.00,0,0,0,0,0,0,0,0,0,0
218,AgentA wins,15.00,0,0,0,0,0,0,0,0,0,0
219,AgentA wins,38.00,0,0,0,0,0,0,0,0,0,0
220,AgentA wins,28.33,0,0,0,0,0,0,0,0,0,0
201,AgentA wins,60.00,0,0,0,0,0,0,0,0,0,0
202,AgentB wins,16.33,0,0,0,0,0,0,0,0,0,0
203,AgentA wins,19.67,0,0,0,0,0,0,0,0,0,0
204,AgentA wins,19.67,0,0,0,0,0,0,0,0,0,0
205,AgentA wins,18.00,0,0,0,0,0,0,0,0,0,0
206,AgentA wins,20.33,0,0,0,0,0,0,0,0,0,0
207,timeout draw,60.00,0,0,0,0,0,0,0,0,0,0
208,AgentA wins,20.00,0,0,0,0,0,0,0,0,0,0
209,AgentB wins,42.33,0,0,0,0,0,0,0,0,0,0
210,AgentA wins,23.67,0,0,0,0,0,0,0,0,0,0
211,AgentA wins,15.00,0,0,0,0,0,0,0,0,0,0
212,AgentA wins,24.00,0,0,0,0,0,0,0,0,0,0
213,AgentA wins,19.67,0,0,0,0,0,0,0,0,0,0
214,AgentB wins,38.67,0,0,0,0,0,0,0,0,0,0
215,AgentA wins,15.00,0,0,0,0,0,0,0,0,0,0
216,AgentA wins,20.00,0,0,0,0,0,0,0,0,0,0
217,AgentA wins,18.00,0,0,0,0,0,0,0,0,0,0
218,AgentB wins,35.33,0,0,0,0,0,0,0,0,0,0
219,AgentA wins,56.00,0,0,0,0,0,0,0,0,0,0
220,AgentA wins,33.33,0,0,0,0,0,0,0,0,0,0
221,AgentA wins,15.00,0,0,0,0,0,0,0,0,0,0
222,AgentA wins,25.67,0,0,0,0,0,0,0,0,0,0
223,AgentA wins,15.00,0,0,0,0,0,0,0,0,0,0
224,AgentB wins,38.00,0,0,0,0,0,0,0,0,0,0
225,AgentA wins,15.00,0,0,0,0,0,0,0,0,0,0
226,timeout draw,60.00,0,0,0,0,0,0,0,0,0,0
227,AgentA wins,23.00,0,0,0,0,0,0,0,0,0,0
228,AgentA wins,15.00,0,0,0,0,0,0,0,0,0,0
229,AgentA wins,40.33,0,0,0,0,0,0,0,0,0,0
230,AgentA wins,26.67,0,0,0,0,0,0,0,0,0,0
211,AgentA wins,20.00,0,0,0,0,0,0,0,0,0,0
212,AgentA wins,19.67,0,0,0,0,0,0,0,0,0,0
213,AgentA wins,23.67,0,0,0,0,0,0,0,0,0,0
214,AgentA wins,46.00,0,0,0,0,0,0,0,0,0,0
215,AgentA wins,32.00,0,0,0,0,0,0,0,0,0,0
216,AgentA wins,23.67,0,0,0,0,0,0,0,0,0,0
217,AgentB wins,38.67,0,0,0,0,0,0,0,0,0,0
218,AgentA wins,21.00,0,0,0,0,0,0,0,0,0,0
219,AgentA wins,15.00,0,0,0,0,0,0,0,0,0,0
220,AgentB wins,33.67,0,0,0,0,0,0,0,0,0,0
231,AgentA wins,27.00,0,0,0,0,0,0,0,0,0,0
232,AgentA wins,18.00,0,0,0,0,0,0,0,0,0,0
233,AgentA wins,15.00,0,0,0,0,0,0,0,0,0,0
234,AgentA wins,24.00,0,0,0,0,0,0,0,0,0,0
235,AgentA wins,15.00,0,0,0,0,0,0,0,0,0,0
236,AgentA wins,51.67,0,0,0,0,0,0,0,0,0,0
237,AgentA wins,17.00,0,0,0,0,0,0,0,0,0,0
238,AgentB wins,25.33,0,0,0,0,0,0,0,0,0,0
239,AgentA wins,43.00,0,0,0,0,0,0,0,0,0,0
240,AgentA wins,15.00,0,0,0,0,0,0,0,0,0,0
201,AgentB wins,34.00,0,0,0,0,0,0,0,0,0,0
202,AgentB wins,28.00,0,0,0,0,0,0,0,0,0,0
203,AgentA wins,41.00,0,0,0,0,0,0,0,0,0,0
204,AgentA wins,20.00,0,0,0,0,0,0,0,0,0,0
205,AgentA wins,18.00,0,0,0,0,0,0,0,0,0,0
206,AgentA wins,15.00,0,0,0,0,0,0,0,0,0,0
207,timeout draw,60.00,0,0,0,0,0,0,0,0,0,0
208,AgentA wins,15.00,0,0,0,0,0,0,0,0,0,0
209,AgentB wins,25.33,0,0,0,0,0,0,0,0,0,0
210,AgentA wins,23.00,0,0,0,0,0,0,0,0,0,0
321,AgentA wins,15.00,0,0,0,0,0,0,0,0,0,0
322,AgentA wins,19.67,0,0,0,0,0,0,0,0,0,0
323,AgentA wins,18.00,0,0,0,0,0,0,0,0,0,0
324,AgentA wins,18.00,0,0,0,0,0,0,0,0,0,0
325,AgentA wins,17.00,0,0,0,0,0,0,0,0,0,0
326,AgentA wins,17.00,0,0,0,0,0,0,0,0,0,0
327,AgentA wins,15.00,0,0,0,0,0,0,0,0,0,0
328,AgentA wins,20.00,0,0,0,0,0,0,0,0,0,0
329,AgentA wins,20.00,0,0,0,0,0,0,0,0,0,0
330,AgentA wins,20.00,0,0,0,0,0,0,0,0,0,0
321,AgentA wins,19.67,0,0,0,0,0,0,0,0,0,0
322,AgentA wins,19.67,0,0,0,0,0,0,0,0,0,0
323,AgentA wins,20.00,0,0,0,0,0,0,0,0,0,0
324,AgentA wins,17.00,0,0,0,0,0,0,0,0,0,0
325,AgentA wins,18.00,0,0,0,0,0,0,0,0,0,0
326,AgentA wins,20.00,0,0,0,0,0,0,0,0,0,0
327,AgentA wins,20.00,0,0,0,0,0,0,0,0,0,0
328,AgentA wins,15.00,0,0,0,0,0,0,0,0,0,0
329,AgentA wins,18.00,0,0,0,0,0,0,0,0,0,0
330,AgentA wins,20.00,0,0,0,0,0,0,0,0,0,0
201,AgentA wins,15.00,0,0,0,0,0,0,0,0,0,0
202,AgentB wins,45.00,0,0,0,0,0,0,0,0,0,0
203,AgentA wins,38.67,0,0,0,0,0,0,0,0,0,0
204,AgentA wins,31.67,0,0,0,0,0,0,0,0,0,0
205,AgentA wins,38.00,0,0,0,0,0,0,0,0,0,0
206,AgentA wins,50.33,0,0,0,0,0,0,0,0,0,0
207,AgentA wins,29.67,0,0,0,0,0,0,0,0,0,0
208,AgentB wins,28.33,0,0,0,0,0,0,0,0,0,0
209,AgentA wins,20.00,0,0,0,0,0,0,0,0,0,0
210,AgentA wins,23.67,0,0,0,0,0,0,0,0,0,0
321,AgentA wins,19.67,0,0,0,0,0,0,0,0,0,0
322,AgentA wins,19.67,0,0,0,0,0,0,0,0,0,0
323,AgentA wins,18.00,0,0,0,0,0,0,0,0,0,0
324,AgentA wins,15.00,0,0,0,0,0,0,0,0,0,0
325,AgentA wins,20.00,0,0,0,0,0,0,0,0,0,0
326,AgentA wins,15.00,0,0,0,0,0,0,0,0,0,0
327,AgentA wins,19.67,0,0,0,0,0,0,0,0,0,0
328,AgentA wins,20.00,0,0,0,0,0,0,0,0,0,0
329,AgentA wins,20.00,0,0,0,0,0,0,0,0,0,0
330,AgentA wins,19.67,0,0,0,0,0,0,0,0,0,0
291,AgentA wins,25.33,0,0,0,0,0,0,0,0,0,0
292,AgentA wins,24.00,0,0,0,0,0,0,0,0,0,0
293,AgentA wins,20.00,0,0,0,0,0,0,0,0,0,0
294,AgentA wins,15.00,0,0,0,0,0,0,0,0,0,0
295,AgentA wins,36.00,0,0,0,0,0,0,0,0,0,0
296,AgentA wins,29.00,0,0,0,0,0,0,0,0,0,0
297,AgentA wins,15.00,0,0,0,0,0,0,0,0,0,0
298,AgentA wins,15.00,0,0,0,0,0,0,0,0,0,0
299,AgentA wins,21.00,0,0,0,0,0,0,0,0,0,0
300,AgentA wins,39.00,0,0,0,0,0,0,0,0,0,0
281,AgentA wins,59.67,0,0,0,0,0,0,0,0,0,0
282,AgentA wins,21.67,0,0,0,0,0,0,0,0,0,0
283,AgentA wins,15.00,0,0,0,0,0,0,0,0,0,0
284,AgentA wins,24.67,0,0,0,0,0,0,0,0,0,0
285,AgentA wins,15.00,0,0,0,0,0,0,0,0,0,0
286,AgentA wins,21.00,0,0,0,0,0,0,0,0,0,0
287,AgentA wins,15.00,0,0,0,0,0,0,0,0,0,0
288,AgentA wins,37.67,0,0,0,0,0,0,0,0,0,0
289,timeout draw,60.00,0,0,0,0,0,0,0,0,0,0
290,AgentB wins,45.00,0,0,0,0,0,0,0,0,0,0
211,timeout draw,60.00,0,0,0,0,0,0,0,0,0,0
212,AgentA wins,27.00,0,0,0,0,0,0,0,0,0,0
213,AgentA wins,15.00,0,0,0,0,0,0,0,0,0,0
214,AgentA wins,18.00,0,0,0,0,0,0,0,0,0,0
215,AgentA wins,15.00,0,0,0,0,0,0,0,0,0,0
216,AgentA wins,27.00,0,0,0,0,0,0,0,0,0,0
217,AgentA wins,18.00,0,0,0,0,0,0,0,0,0,0
218,AgentA wins,20.00,0,0,0,0,0,0,0,0,0,0
219,AgentA wins,18.00,0,0,0,0,0,0,0,0,0,0
220,AgentA wins,22.67,0,0,0,0,0,0,0,0,0,0
191,AgentA wins,15.00,0,0,0,0,0,0,0,0,0,0
192,AgentB wins,45.67,0,0,0,0,0,0,0,0,0,0
193,timeout draw,60.00,0,0,0,0,0,0,0,0,0,0
194,timeout draw,60.00,0,0,0,0,0,0,0,0,0,0
195,AgentB wins,57.33,0,0,0,0,0,0,0,0,0,0
196,timeout draw,60.00,0,0,0,0,0,0,0,0,0,0
197,AgentA wins,15.00,0,0,0,0,0,0,0,0,0,0
198,AgentB wins,45.67,0,0,0,0,0,0,0,0,0,0
199,timeout draw,60.00,0,0,0,0,0,0,0,0,0,0
200,timeout draw,60.00,0,0,0,0,0,0,0,0,0,0
221,AgentA wins,17.00,0,0,0,0,0,0,0,0,0,0
222,AgentB wins,31.00,0,0,0,0,0,0,0,0,0,0
223,AgentA wins,32.00,0,0,0,0,0,0,0,0,0,0
224,AgentA wins,15.00,0,0,0,0,0,0,0,0,0,0
225,AgentA wins,29.67,0,0,0,0,0,0,0,0,0,0
226,AgentA wins,20.00,0,0,0,0,0,0,0,0,0,0
227,AgentA wins,15.00,0,0,0,0,0,0,0,0,0,0
228,AgentA wins,26.00,0,0,0,0,0,0,0,0,0,0
229,AgentA wins,23.33,0,0,0,0,0,0,0,0,0,0
230,AgentA wins,28.00,0,0,0,0,0,0,0,0,0,0
241,AgentA wins,27.33,240,244,0,101,0,145,0,21,34,49
242,AgentA wins,18.33,160,163,0,72,0,105,0,11,26,34
243,AgentA wins,18.00,156,160,0,74,0,115,0,17,30,29
244,AgentA wins,32.00,282,281,0,129,0,200,0,25,35,71
245,AgentA wins,15.00,133,133,0,58,0,87,0,13,13,28
246,AgentA wins,30.00,266,266,0,111,0,178,0,27,42,47
247,AgentA wins,24.00,213,211,0,84,0,143,0,15,32,51
248,AgentA wins,21.00,181,182,0,91,0,127,0,16,23,45
249,AgentA wins,18.00,160,162,0,75,0,104,0,21,21,36
250,AgentA wins,18.00,159,167,1,74,0,108,0,17,29,25
221,AgentA wins,26.67,0,0,0,0,0,0,0,0,0,0
222,AgentA wins,24.67,0,0,0,0,0,0,0,0,0,0
223,AgentB wins,55.00,0,0,0,0,0,0,0,0,0,0
224,AgentA wins,31.00,0,0,0,0,0,0,0,0,0,0
225,AgentA wins,29.00,0,0,0,0,0,0,0,0,0,0
226,AgentA wins,27.00,0,0,0,0,0,0,0,0,0,0
227,AgentA wins,15.00,0,0,0,0,0,0,0,0,0,0
228,timeout draw,60.00,0,0,0,0,0,0,0,0,0,0
229,AgentA wins,30.00,0,0,0,0,0,0,0,0,0,0
230,AgentA wins,15.00,0,0,0,0,0,0,0,0,0,0
231,AgentA wins,15.00,0,0,0,0,0,0,0,0,0,0
232,AgentA wins,32.33,0,0,0,0,0,0,0,0,0,0
233,AgentA wins,17.00,0,0,0,0,0,0,0,0,0,0
234,AgentA wins,58.00,0,0,0,0,0,0,0,0,0,0
235,AgentA wins,47.33,0,0,0,0,0,0,0,0,0,0
236,AgentA wins,26.67,0,0,0,0,0,0,0,0,0,0
237,AgentA wins,53.67,0,0,0,0,0,0,0,0,0,0
238,AgentA wins,15.00,0,0,0,0,0,0,0,0,0,0
239,AgentA wins,15.00,0,0,0,0,0,0,0,0,0,0
240,AgentA wins,24.00,0,0,0,0,0,0,0,0,0,0
221,AgentB wins,29.67,0,0,0,0,0,0,0,0,0,0
222,AgentA wins,39.67,0,0,0,0,0,0,0,0,0,0
223,AgentA wins,18.00,0,0,0,0,0,0,0,0,0,0
224,AgentA wins,46.33,0,0,0,0,0,0,0,0,0,0
225,AgentA wins,19.67,0,0,0,0,0,0,0,0,0,0
226,AgentA wins,15.00,0,0,0,0,0,0,0,0,0,0
227,AgentB wins,20.00,0,0,0,0,0,0,0,0,0,0
228,AgentA wins,21.67,0,0,0,0,0,0,0,0,0,0
229,AgentA wins,28.67,0,0,0,0,0,0,0,0,0,0
230,AgentA wins,15.00,0,0,0,0,0,0,0,0,0,0
271,AgentA wins,15.00,0,0,0,0,0,0,0,0,0,0
272,timeout draw,60.00,0,0,0,0,0,0,0,0,0,0
273,AgentB wins,53.67,0,0,0,0,0,0,0,0,0,0
274,AgentB wins,32.67,0,0,0,0,0,0,0,0,0,0
275,AgentA wins,15.00,0,0,0,0,0,0,0,0,0,0
276,AgentB wins,59.67,0,0,0,0,0,0,0,0,0,0
277,AgentB wins,53.67,0,0,0,0,0,0,0,0,0,0
278,timeout draw,60.00,0,0,0,0,0,0,0,0,0,0
279,timeout draw,60.00,0,0,0,0,0,0,0,0,0,0
280,timeout draw,60.00,0,0,0,0,0,0,0,0,0,0
221,AgentA wins,23.67,0,0,0,0,0,0,0,0,0,0
222,AgentA wins,18.00,0,0,0,0,0,0,0,0,0,0
223,AgentA wins,28.67,0,0,0,0,0,0,0,0,0,0
224,AgentA wins,15.00,0,0,0,0,0,0,0,0,0,0
225,AgentA wins,15.00,0,0,0,0,0,0,0,0,0,0
226,AgentA wins,30.00,0,0,0,0,0,0,0,0,0,0
227,AgentB wins,46.33,0,0,0,0,0,0,0,0,0,0
228,AgentA wins,31.33,0,0,0,0,0,0,0,0,0,0
229,AgentA wins,45.67,0,0,0,0,0,0,0,0,0,0
230,AgentA wins,30.00,0,0,0,0,0,0,0,0,0,0
221,AgentA wins,15.00,0,0,0,0,0,0,0,0,0,0
222,AgentA wins,18.00,0,0,0,0,0,0,0,0,0,0
223,AgentA wins,15.00,0,0,0,0,0,0,0,0,0,0
224,AgentA wins,38.67,0,0,0,0,0,0,0,0,0,0
225,AgentA wins,27.00,0,0,0,0,0,0,0,0,0,0
226,AgentA wins,32.00,0,0,0,0,0,0,0,0,0,0
227,AgentA wins,30.67,0,0,0,0,0,0,0,0,0,0
228,timeout draw,60.00,0,0,0,0,0,0,0,0,0,0
229,AgentA wins,40.67,0,0,0,0,0,0,0,0,0,0
230,AgentA wins,31.67,0,0,0,0,0,0,0,0,0,0
331,AgentA wins,20.00,0,0,0,0,0,0,0,0,0,0
332,AgentA wins,18.00,0,0,0,0,0,0,0,0,0,0
333,AgentA wins,20.00,0,0,0,0,0,0,0,0,0,0
334,AgentA wins,18.00,0,0,0,0,0,0,0,0,0,0
335,AgentA wins,19.67,0,0,0,0,0,0,0,0,0,0
336,AgentA wins,19.67,0,0,0,0,0,0,0,0,0,0
337,AgentA wins,20.00,0,0,0,0,0,0,0,0,0,0
338,AgentA wins,15.00,0,0,0,0,0,0,0,0,0,0
339,AgentA wins,19.67,0,0,0,0,0,0,0,0,0,0
340,AgentA wins,18.00,0,0,0,0,0,0,0,0,0,0
331,AgentA wins,17.00,0,0,0,0,0,0,0,0,0,0
332,AgentA wins,19.67,0,0,0,0,0,0,0,0,0,0
333,AgentA wins,20.00,0,0,0,0,0,0,0,0,0,0
334,AgentA wins,20.00,0,0,0,0,0,0,0,0,0,0
335,AgentA wins,20.00,0,0,0,0,0,0,0,0,0,0
336,AgentA wins,20.00,0,0,0,0,0,0,0,0,0,0
337,AgentA wins,15.00,0,0,0,0,0,0,0,0,0,0
338,AgentA wins,20.00,0,0,0,0,0,0,0,0,0,0
339,AgentA wins,17.00,0,0,0,0,0,0,0,0,0,0
340,AgentA wins,20.00,0,0,0,0,0,0,0,0,0,0
211,AgentA wins,15.00,0,0,0,0,0,0,0,0,0,0
212,AgentB wins,41.67,0,0,0,0,0,0,0,0,0,0
213,timeout draw,60.00,0,0,0,0,0,0,0,0,0,0
214,AgentA wins,15.00,0,0,0,0,0,0,0,0,0,0
215,AgentB wins,34.67,0,0,0,0,0,0,0,0,0,0
216,AgentA wins,55.67,0,0,0,0,0,0,0,0,0,0
217,timeout draw,60.00,0,0,0,0,0,0,0,0,0,0
218,AgentA wins,15.00,0,0,0,0,0,0,0,0,0,0
219,timeout draw,60.00,0,0,0,0,0,0,0,0,0,0
220,timeout draw,60.00,0,0,0,0,0,0,0,0,0,0
221,AgentA wins,15.00,0,0,0,0,0,0,0,0,0,0
222,AgentB wins,43.33,0,0,0,0,0,0,0,0,0,0
223,AgentA wins,21.00,0,0,0,0,0,0,0,0,0,0
224,AgentA wins,21.00,0,0,0,0,0,0,0,0,0,0
225,AgentA wins,15.00,0,0,0,0,0,0,0,0,0,0
226,AgentA wins,27.00,0,0,0,0,0,0,0,0,0,0
227,AgentA wins,21.00,0,0,0,0,0,0,0,0,0,0
228,AgentA wins,21.00,0,0,0,0,0,0,0,0,0,0
229,AgentA wins,15.00,0,0,0,0,0,0,0,0,0,0
230,AgentA wins,24.00,0,0,0,0,0,0,0,0,0,0
221,AgentA wins,15.00,0,0,0,0,0,0,0,0,0,0
222,AgentB wins,32.67,0,0,0,0,0,0,0,0,0,0
223,AgentA wins,21.67,0,0,0,0,0,0,0,0,0,0
224,AgentA wins,49.00,0,0,0,0,0,0,0,0,0,0
225,AgentA wins,47.33,0,0,0,0,0,0,0,0,0,0
226,AgentA wins,27.00,0,0,0,0,0,0,0,0,0,0
227,AgentB wins,53.33,0,0,0,0,0,0,0,0,0,0
228,AgentA wins,27.00,0,0,0,0,0,0,0,0,0,0
229,AgentA wins,15.00,0,0,0,0,0,0,0,0,0,0
230,AgentA wins,17.00,0,0,0,0,0,0,0,0,0,0
221,AgentA wins,21.00,0,0,0,0,0,0,0,0,0,0
222,timeout draw,60.00,0,0,0,0,0,0,0,0,0,0
223,AgentA wins,41.00,0,0,0,0,0,0,0,0,0,0
224,AgentA wins,21.00,0,0,0,0,0,0,0,0,0,0
225,AgentA wins,15.00,0,0,0,0,0,0,0,0,0,0
226,AgentA wins,15.00,0,0,0,0,0,0,0,0,0,0
227,AgentA wins,20.00,0,0,0,0,0,0,0,0,0,0
228,AgentA wins,24.33,0,0,0,0,0,0,0,0,0,0
229,AgentB wins,42.33,0,0,0,0,0,0,0,0,0,0
230,AgentB wins,36.33,0,0,0,0,0,0,0,0,0,0
211,AgentA wins,23.67,0,0,0,0,0,0,0,0,0,0
212,AgentA wins,29.33,0,0,0,0,0,0,0,0,0,0
213,AgentA wins,29.00,0,0,0,0,0,0,0,0,0,0
214,timeout draw,60.00,0,0,0,0,0,0,0,0,0,0
215,AgentB wins,40.00,0,0,0,0,0,0,0,0,0,0
216,AgentA wins,15.00,0,0,0,0,0,0,0,0,0,0
217,timeout draw,60.00,0,0,0,0,0,0,0,0,0,0
218,timeout draw,60.00,0,0,0,0,0,0,0,0,0,0
219,AgentA wins,29.00,0,0,0,0,0,0,0,0,0,0
220,AgentA wins,30.67,0,0,0,0,0,0,0,0,0,0
331,AgentA wins,15.00,0,0,0,0,0,0,0,0,0,0
332,AgentA wins,17.00,0,0,0,0,0,0,0,0,0,0
333,AgentA wins,19.67,0,0,0,0,0,0,0,0,0,0
334,AgentA wins,19.67,0,0,0,0,0,0,0,0,0,0
335,AgentA wins,15.00,0,0,0,0,0,0,0,0,0,0
336,AgentA wins,20.00,0,0,0,0,0,0,0,0,0,0
337,AgentA wins,20.00,0,0,0,0,0,0,0,0,0,0
338,AgentA wins,20.00,0,0,0,0,0,0,0,0,0,0
339,AgentA wins,18.00,0,0,0,0,0,0,0,0,0,0
340,AgentA wins,18.00,0,0,0,0,0,0,0,0,0,0
211,AgentA wins,15.00,0,0,0,0,0,0,0,0,0,0
212,AgentA wins,31.00,0,0,0,0,0,0,0,0,0,0
213,AgentB wins,22.33,0,0,0,0,0,0,0,0,0,0
214,AgentA wins,20.67,0,0,0,0,0,0,0,0,0,0
215,AgentA wins,15.00,0,0,0,0,0,0,0,0,0,0
216,AgentA wins,25.00,0,0,0,0,0,0,0,0,0,0
217,AgentA wins,20.00,0,0,0,0,0,0,0,0,0,0
218,timeout draw,60.00,0,0,0,0,0,0,0,0,0,0
219,AgentB wins,27.33,0,0,0,0,0,0,0,0,0,0
220,AgentA wins,15.00,0,0,0,0,0,0,0,0,0,0
211,AgentA wins,26.67,0,0,0,0,0,0,0,0,0,0
212,AgentA wins,15.00,0,0,0,0,0,0,0,0,0,0
213,AgentA wins,45.00,0,0,0,0,0,0,0,0,0,0
214,AgentA wins,18.00,0,0,0,0,0,0,0,0,0,0
215,AgentB wins,24.00,0,0,0,0,0,0,0,0,0,0
216,AgentA wins,15.00,0,0,0,0,0,0,0,0,0,0
217,AgentA wins,15.00,0,0,0,0,0,0,0,0,0,0
218,timeout draw,60.00,0,0,0,0,0,0,0,0,0,0
219,AgentA wins,21.00,0,0,0,0,0,0,0,0,0,0
220,AgentA wins,15.00,0,0,0,0,0,0,0,0,0,0
211,AgentA wins,28.67,0,0,0,0,0,0,0,0,0,0
212,AgentA wins,39.00,0,0,0,0,0,0,0,0,0,0
213,timeout draw,60.00,0,0,0,0,0,0,0,0,0,0
214,AgentB wins,48.00,0,0,0,0,0,0,0,0,0,0
215,AgentA wins,15.00,0,0,0,0,0,0,0,0,0,0
216,AgentA wins,27.67,0,0,0,0,0,0,0,0,0,0
217,AgentA wins,15.00,0,0,0,0,0,0,0,0,0,0
218,AgentA wins,35.33,0,0,0,0,0,0,0,0,0,0
219,AgentB wins,45.67,0,0,0,0,0,0,0,0,0,0
220,AgentA wins,40.67,0,0,0,0,0,0,0,0,0,0
231,AgentA wins,15.00,0,0,0,0,0,0,0,0,0,0
232,AgentA wins,17.33,0,0,0,0,0,0,0,0,0,0
233,AgentB wins,58.00,0,0,0,0,0,0,0,0,0,0
234,AgentA wins,27.00,0,0,0,0,0,0,0,0,0,0
235,AgentA wins,20.00,0,0,0,0,0,0,0,0,0,0
236,AgentA wins,49.67,0,0,0,0,0,0,0,0,0,0
237,timeout draw,60.00,0,0,0,0,0,0,0,0,0,0
238,AgentA wins,26.67,0,0,0,0,0,0,0,0,0,0
239,AgentA wins,17.00,0,0,0,0,0,0,0,0,0,0
240,AgentA wins,21.00,0,0,0,0,0,0,0,0,0,0
241,AgentA wins,29.00,0,0,0,0,0,0,0,0,0,0
242,AgentA wins,20.00,0,0,0,0,0,0,0,0,0,0
243,AgentA wins,15.00,0,0,0,0,0,0,0,0,0,0
244,AgentA wins,24.00,0,0,0,0,0,0,0,0,0,0
245,AgentA wins,32.00,0,0,0,0,0,0,0,0,0,0
246,AgentA wins,21.00,0,0,0,0,0,0,0,0,0,0
247,AgentA wins,24.00,0,0,0,0,0,0,0,0,0,0
248,AgentA wins,41.67,0,0,0,0,0,0,0,0,0,0
249,timeout draw,60.00,0,0,0,0,0,0,0,0,0,0
250,AgentB wins,19.00,0,0,0,0,0,0,0,0,0,0
251,AgentA wins,15.00,125,135,0,71,0,94,0,17,17,39
252,AgentA wins,15.00,130,133,0,58,0,83,0,11,12,33
253,AgentA wins,23.67,208,210,0,82,0,123,0,15,30,36
254,AgentA wins,36.67,317,325,0,109,0,195,0,24,49,56
255,AgentA wins,38.67,340,343,0,139,0,227,0,39,65,69
256,AgentA wins,18.00,160,162,0,89,0,114,0,19,27,28
257,AgentA wins,24.67,219,218,0,99,0,150,0,20,34,38
258,AgentA wins,15.00,130,134,0,55,0,90,0,9,23,31
259,AgentA wins,15.67,139,142,0,67,0,89,0,14,16,25
260,AgentB wins,21.33,185,191,0,79,0,123,0,13,35,33
301,AgentA wins,27.00,0,0,0,0,0,0,0,0,0,0
302,AgentA wins,52.00,0,0,0,0,0,0,0,0,0,0
303,AgentA wins,49.00,0,0,0,0,0,0,0,0,0,0
304,AgentA wins,23.67,0,0,0,0,0,0,0,0,0,0
305,AgentB wins,42.33,0,0,0,0,0,0,0,0,0,0
306,AgentA wins,15.00,0,0,0,0,0,0,0,0,0,0
307,AgentA wins,20.33,0,0,0,0,0,0,0,0,0,0
308,AgentA wins,34.00,0,0,0,0,0,0,0,0,0,0
309,AgentA wins,20.33,0,0,0,0,0,0,0,0,0,0
310,AgentA wins,15.00,0,0,0,0,0,0,0,0,0,0
341,AgentA wins,20.00,0,0,0,0,0,0,0,0,0,0
342,AgentA wins,19.67,0,0,0,0,0,0,0,0,0,0
343,AgentA wins,17.00,0,0,0,0,0,0,0,0,0,0
344,AgentA wins,20.00,0,0,0,0,0,0,0,0,0,0
345,AgentA wins,20.00,0,0,0,0,0,0,0,0,0,0
346,AgentA wins,20.00,0,0,0,0,0,0,0,0,0,0
347,AgentA wins,17.00,0,0,0,0,0,0,0,0,0,0
348,AgentA wins,20.00,0,0,0,0,0,0,0,0,0,0
349,AgentA wins,15.00,0,0,0,0,0,0,0,0,0,0
350,AgentA wins,20.00,0,0,0,0,0,0,0,0,0,0
231,AgentA wins,18.67,0,0,0,0,0,0,0,0,0,0
232,AgentA wins,21.67,0,0,0,0,0,0,0,0,0,0
233,AgentB wins,29.67,0,0,0,0,0,0,0,0,0,0
234,AgentB wins,37.33,0,0,0,0,0,0,0,0,0,0
235,AgentA wins,23.00,0,0,0,0,0,0,0,0,0,0
236,AgentA wins,20.00,0,0,0,0,0,0,0,0,0,0
237,timeout draw,60.00,0,0,0,0,0,0,0,0,0,0
238,AgentA wins,15.00,0,0,0,0,0,0,0,0,0,0
239,AgentA wins,15.00,0,0,0,0,0,0,0,0,0,0
240,AgentA wins,15.00,0,0,0,0,0,0,0,0,0,0
341,AgentA wins,20.00,0,0,0,0,0,0,0,0,0,0
342,AgentA wins,20.00,0,0,0,0,0,0,0,0,0,0
343,AgentA wins,19.67,0,0,0,0,0,0,0,0,0,0
344,AgentA wins,20.00,0,0,0,0,0,0,0,0,0,0
345,AgentA wins,20.00,0,0,0,0,0,0,0,0,0,0
346,AgentA wins,19.67,0,0,0,0,0,0,0,0,0,0
347,AgentA wins,20.00,0,0,0,0,0,0,0,0,0,0
348,AgentA wins,19.67,0,0,0,0,0,0,0,0,0,0
349,AgentA wins,19.67,0,0,0,0,0,0,0,0,0,0
350,AgentA wins,19.67,0,0,0,0,0,0,0,0,0,0
231,AgentA wins,27.00,0,0,0,0,0,0,0,0,0,0
232,AgentA wins,33.00,0,0,0,0,0,0,0,0,0,0
233,AgentA wins,17.00,0,0,0,0,0,0,0,0,0,0
234,AgentA wins,26.33,0,0,0,0,0,0,0,0,0,0
235,AgentA wins,20.00,0,0,0,0,0,0,0,0,0,0
236,AgentA wins,18.00,0,0,0,0,0,0,0,0,0,0
237,AgentA wins,46.67,0,0,0,0,0,0,0,0,0,0
238,AgentA wins,33.00,0,0,0,0,0,0,0,0,0,0
239,AgentA wins,20.67,0,0,0,0,0,0,0,0,0,0
240,AgentA wins,35.67,0,0,0,0,0,0,0,0,0,0
221,AgentA wins,17.00,0,0,0,0,0,0,0,0,0,0
222,AgentA wins,24.00,0,0,0,0,0,0,0,0,0,0
223,AgentA wins,15.00,0,0,0,0,0,0,0,0,0,0
224,AgentA wins,51.67,0,0,0,0,0,0,0,0,0,0
225,AgentA wins,43.67,0,0,0,0,0,0,0,0,0,0
226,AgentA wins,49.67,0,0,0,0,0,0,0,0,0,0
227,AgentA wins,21.67,0,0,0,0,0,0,0,0,0,0
228,AgentA wins,42.67,0,0,0,0,0,0,0,0,0,0
229,AgentA wins,15.00,0,0,0,0,0,0,0,0,0,0
230,AgentA wins,24.00,0,0,0,0,0,0,0,0,0,0
231,AgentA wins,21.67,0,0,0,0,0,0,0,0,0,0
232,AgentA wins,21.00,0,0,0,0,0,0,0,0,0,0
233,AgentA wins,18.00,0,0,0,0,0,0,0,0,0,0
234,AgentA wins,43.00,0,0,0,0,0,0,0,0,0,0
235,AgentA wins,15.00,0,0,0,0,0,0,0,0,0,0
236,AgentB wins,42.00,0,0,0,0,0,0,0,0,0,0
237,AgentA wins,15.00,0,0,0,0,0,0,0,0,0,0
238,AgentB wins,54.33,0,0,0,0,0,0,0,0,0,0
239,AgentA wins,39.00,0,0,0,0,0,0,0,0,0,0
240,AgentB wins,28.00,0,0,0,0,0,0,0,0,0,0
341,AgentA wins,15.00,0,0,0,0,0,0,0,0,0,0
342,AgentA wins,17.00,0,0,0,0,0,0,0,0,0,0
343,AgentA wins,20.00,0,0,0,0,0,0,0,0,0,0
344,AgentA wins,20.00,0,0,0,0,0,0,0,0,0,0
345,AgentA wins,15.00,0,0,0,0,0,0,0,0,0,0
346,AgentA wins,15.00,0,0,0,0,0,0,0,0,0,0
347,AgentA wins,18.00,0,0,0,0,0,0,0,0,0,0
348,AgentA wins,15.00,0,0,0,0,0,0,0,0,0,0
349,AgentA wins,20.00,0,0,0,0,0,0,0,0,0,0
350,AgentA wins,19.67,0,0,0,0,0,0,0,0,0,0
221,AgentA wins,18.00,0,0,0,0,0,0,0,0,0,0
222,AgentA wins,19.67,0,0,0,0,0,0,0,0,0,0
223,AgentA wins,18.00,0,0,0,0,0,0,0,0,0,0
224,AgentA wins,19.67,0,0,0,0,0,0,0,0,0,0
225,AgentA wins,15.00,0,0,0,0,0,0,0,0,0,0
226,AgentA wins,19.67,0,0,0,0,0,0,0,0,0,0
227,AgentA wins,19.67,0,0,0,0,0,0,0,0,0,0
228,AgentA wins,17.00,0,0,0,0,0,0,0,0,0,0
229,AgentA wins,20.00,0,0,0,0,0,0,0,0,0,0
230,AgentA wins,19.67,0,0,0,0,0,0,0,0,0,0
231,AgentA wins,26.33,0,0,0,0,0,0,0,0,0,0
232,AgentA wins,19.67,0,0,0,0,0,0,0,0,0,0
233,AgentA wins,17.67,0,0,0,0,0,0,0,0,0,0
234,AgentA wins,29.00,0,0,0,0,0,0,0,0,0,0
235,AgentA wins,15.00,0,0,0,0,0,0,0,0,0,0
236,AgentA wins,38.33,0,0,0,0,0,0,0,0,0,0
237,AgentA wins,15.00,0,0,0,0,0,0,0,0,0,0
238,AgentA wins,42.33,0,0,0,0,0,0,0,0,0,0
239,AgentA wins,39.67,0,0,0,0,0,0,0,0,0,0
240,AgentA wins,20.00,0,0,0,0,0,0,0,0,0,0
231,AgentA wins,23.00,0,0,0,0,0,0,0,0,0,0
232,AgentA wins,18.00,0,0,0,0,0,0,0,0,0,0
233,AgentA wins,28.00,0,0,0,0,0,0,0,0,0,0
234,AgentA wins,28.67,0,0,0,0,0,0,0,0,0,0
235,AgentA wins,18.67,0,0,0,0,0,0,0,0,0,0
236,AgentB wins,19.33,0,0,0,0,0,0,0,0,0,0
237,AgentA wins,33.67,0,0,0,0,0,0,0,0,0,0
238,AgentA wins,15.00,0,0,0,0,0,0,0,0,0,0
239,AgentA wins,31.00,0,0,0,0,0,0,0,0,0,0
240,AgentA wins,15.00,0,0,0,0,0,0,0,0,0,0
221,AgentA wins,20.00,0,0,0,0,0,0,0,0,0,0
222,AgentA wins,15.00,0,0,0,0,0,0,0,0,0,0
223,AgentA wins,20.00,0,0,0,0,0,0,0,0,0,0
224,AgentA wins,15.00,0,0,0,0,0,0,0,0,0,0
225,AgentA wins,22.33,0,0,0,0,0,0,0,0,0,0
226,AgentA wins,20.00,0,0,0,0,0,0,0,0,0,0
227,AgentA wins,17.00,0,0,0,0,0,0,0,0,0,0
228,AgentA wins,22.33,0,0,0,0,0,0,0,0,0,0
229,AgentA wins,19.67,0,0,0,0,0,0,0,0,0,0
230,AgentA wins,20.00,0,0,0,0,0,0,0,0,0,0
231,AgentA wins,47.67,0,0,0,0,0,0,0,0,0,0
232,AgentA wins,15.00,0,0,0,0,0,0,0,0,0,0
233,AgentA wins,15.00,0,0,0,0,0,0,0,0,0,0
234,AgentB wins,25.67,0,0,0,0,0,0,0,0,0,0
235,AgentA wins,41.67,0,0,0,0,0,0,0,0,0,0
236,AgentA wins,21.00,0,0,0,0,0,0,0,0,0,0
237,AgentA wins,15.00,0,0,0,0,0,0,0,0,0,0
238,AgentB wins,49.67,0,0,0,0,0,0,0,0,0,0
239,AgentA wins,19.67,0,0,0,0,0,0,0,0,0,0
240,AgentA wins,24.33,0,0,0,0,0,0,0,0,0,0
291,AgentA wins,29.00,0,0,0,0,0,0,0,0,0,0
292,AgentA wins,32.33,0,0,0,0,0,0,0,0,0,0
293,timeout draw,60.00,0,0,0,0,0,0,0,0,0,0
294,AgentA wins,57.33,0,0,0,0,0,0,0,0,0,0
295,AgentA wins,26.00,0,0,0,0,0,0,0,0,0,0
296,AgentA wins,35.33,0,0,0,0,0,0,0,0,0,0
297,AgentA wins,53.33,0,0,0,0,0,0,0,0,0,0
298,AgentA wins,31.00,0,0,0,0,0,0,0,0,0,0
299,AgentA wins,43.00,0,0,0,0,0,0,0,0,0,0
300,AgentA wins,30.67,0,0,0,0,0,0,0,0,0,0
231,AgentA wins,15.00,0,0,0,0,0,0,0,0,0,0
232,AgentA wins,21.00,0,0,0,0,0,0,0,0,0,0
233,AgentA wins,20.67,0,0,0,0,0,0,0,0,0,0
234,AgentA wins,15.00,0,0,0,0,0,0,0,0,0,0
235,AgentA wins,21.67,0,0,0,0,0,0,0,0,0,0
236,AgentA wins,29.67,0,0,0,0,0,0,0,0,0,0
237,AgentA wins,15.00,0,0,0,0,0,0,0,0,0,0
238,AgentA wins,37.67,0,0,0,0,0,0,0,0,0,0
239,AgentA wins,19.67,0,0,0,0,0,0,0,0,0,0
240,AgentB wins,45.00,0,0,0,0,0,0,0,0,0,0
241,AgentB wins,58.33,0,0,0,0,0,0,0,0,0,0
242,AgentA wins,43.33,0,0,0,0,0,0,0,0,0,0
243,AgentA wins,18.00,0,0,0,0,0,0,0,0,0,0
244,AgentA wins,57.33,0,0,0,0,0,0,0,0,0,0
245,AgentA wins,22.33,0,0,0,0,0,0,0,0,0,0
246,AgentA wins,15.00,0,0,0,0,0,0,0,0,0,0
247,AgentA wins,21.67,0,0,0,0,0,0,0,0,0,0
248,AgentA wins,50.67,0,0,0,0,0,0,0,0,0,0
249,AgentA wins,15.00,0,0,0,0,0,0,0,0,0,0
250,AgentA wins,41.67,0,0,0,0,0,0,0,0,0,0
231,AgentA wins,15.00,0,0,0,0,0,0,0,0,0,0
232,AgentA wins,41.33,0,0,0,0,0,0,0,0,0,0
233,AgentA wins,49.00,0,0,0,0,0,0,0,0,0,0
234,AgentA wins,24.67,0,0,0,0,0,0,0,0,0,0
235,AgentA wins,15.00,0,0,0,0,0,0,0,0,0,0
236,AgentA wins,34.33,0,0,0,0,0,0,0,0,0,0
237,AgentA wins,25.67,0,0,0,0,0,0,0,0,0,0
238,AgentA wins,28.67,0,0,0,0,0,0,0,0,0,0
239,AgentA wins,15.00,0,0,0,0,0,0,0,0,0,0
240,AgentA wins,30.00,0,0,0,0,0,0,0,0,0,0
201,timeout draw,60.00,0,0,0,0,0,0,0,0,0,0
202,AgentA wins,27.00,0,0,0,0,0,0,0,0,0,0
203,AgentB wins,56.33,0,0,0,0,0,0,0,0,0,0
204,AgentA wins,15.00,0,0,0,0,0,0,0,0,0,0
205,timeout draw,60.00,0,0,0,0,0,0,0,0,0,0
206,AgentB wins,40.33,0,0,0,0,0,0,0,0,0,0
207,AgentB wins,21.67,0,0,0,0,0,0,0,0,0,0
208,AgentB wins,44.00,0,0,0,0,0,0,0,0,0,0
209,AgentA wins,27.00,0,0,0,0,0,0,0,0,0,0
210,AgentB wins,46.67,0,0,0,0,0,0,0,0,0,0
241,AgentA wins,23.00,0,0,0,0,0,0,0,0,0,0
242,AgentA wins,29.00,0,0,0,0,0,0,0,0,0,0
243,AgentA wins,38.00,0,0,0,0,0,0,0,0,0,0
244,timeout draw,60.00,0,0,0,0,0,0,0,0,0,0
245,AgentA wins,18.00,0,0,0,0,0,0,0,0,0,0
246,AgentB wins,36.33,0,0,0,0,0,0,0,0,0,0
247,AgentB wins,19.33,0,0,0,0,0,0,0,0,0,0
248,AgentA wins,15.00,0,0,0,0,0,0,0,0,0,0
249,AgentA wins,15.00,0,0,0,0,0,0,0,0,0,0
250,AgentA wins,15.00,0,0,0,0,0,0,0,0,0,0
251,AgentA wins,37.00,0,0,0,0,0,0,0,0,0,0
252,AgentA wins,37.67,0,0,0,0,0,0,0,0,0,0
253,AgentA wins,15.00,0,0,0,0,0,0,0,0,0,0
254,AgentB wins,30.33,0,0,0,0,0,0,0,0,0,0
255,AgentA wins,23.33,0,0,0,0,0,0,0,0,0,0
256,AgentA wins,15.00,0,0,0,0,0,0,0,0,0,0
257,AgentA wins,21.00,0,0,0,0,0,0,0,0,0,0
258,AgentA wins,32.33,0,0,0,0,0,0,0,0,0,0
259,AgentA wins,37.33,0,0,0,0,0,0,0,0,0,0
260,AgentB wins,24.67,0,0,0,0,0,0,0,0,0,0
221,AgentA wins,28.67,0,0,0,0,0,0,0,0,0,0
222,AgentA wins,15.00,0,0,0,0,0,0,0,0,0,0
223,AgentA wins,58.33,0,0,0,0,0,0,0,0,0,0
224,AgentA wins,18.00,0,0,0,0,0,0,0,0,0,0
225,AgentA wins,27.67,0,0,0,0,0,0,0,0,0,0
226,AgentA wins,19.67,0,0,0,0,0,0,0,0,0,0
227,AgentB wins,34.00,0,0,0,0,0,0,0,0,0,0
228,AgentA wins,18.67,0,0,0,0,0,0,0,0,0,0
229,AgentB wins,36.00,0,0,0,0,0,0,0,0,0,0
230,AgentA wins,33.00,0,0,0,0,0,0,0,0,0,0
221,AgentA wins,28.33,0,0,0,0,0,0,0,0,0,0
222,AgentA wins,32.33,0,0,0,0,0,0,0,0,0,0
223,AgentA wins,34.33,0,0,0,0,0,0,0,0,0,0
224,AgentA wins,57.67,0,0,0,0,0,0,0,0,0,0
225,AgentA wins,15.00,0,0,0,0,0,0,0,0,0,0
226,AgentA wins,31.67,0,0,0,0,0,0,0,0,0,0
227,AgentA wins,15.00,0,0,0,0,0,0,0,0,0,0
228,AgentA wins,15.00,0,0,0,0,0,0,0,0,0,0
229,AgentB wins,44.00,0,0,0,0,0,0,0,0,0,0
230,AgentA wins,41.00,0,0,0,0,0,0,0,0,0,0
351,AgentA wins,20.00,0,0,0,0,0,0,0,0,0,0
352,AgentA wins,19.67,0,0,0,0,0,0,0,0,0,0
353,AgentA wins,19.67,0,0,0,0,0,0,0,0,0,0
354,AgentA wins,19.67,0,0,0,0,0,0,0,0,0,0
355,AgentA wins,15.00,0,0,0,0,0,0,0,0,0,0
356,AgentA wins,17.00,0,0,0,0,0,0,0,0,0,0
357,AgentA wins,20.00,0,0,0,0,0,0,0,0,0,0
358,AgentA wins,15.00,0,0,0,0,0,0,0,0,0,0
359,AgentA wins,15.00,0,0,0,0,0,0,0,0,0,0
360,AgentA wins,15.00,0,0,0,0,0,0,0,0,0,0
261,AgentA wins,15.00,131,138,0,70,0,89,0,13,12,35
262,AgentA wins,36.67,329,328,0,134,0,232,0,23,65,61
263,AgentA wins,24.67,222,219,0,121,0,176,0,23,41,32
264,AgentA wins,29.00,261,259,0,126,0,174,0,25,40,35
265,AgentA wins,15.00,130,134,0,65,0,91,0,15,19,28
266,AgentA wins,15.00,132,133,0,66,0,92,0,15,27,25
267,AgentA wins,15.00,131,133,0,69,0,95,0,11,14,26
268,AgentB wins,43.00,382,379,0,127,0,261,0,20,85,56
269,AgentA wins,15.00,127,133,0,76,0,92,0,16,22,28
270,AgentA wins,21.67,188,191,0,92,0,129,0,18,21,50
351,AgentA wins,19.67,0,0,0,0,0,0,0,0,0,0
352,AgentA wins,17.00,0,0,0,0,0,0,0,0,0,0
353,AgentA wins,20.00,0,0,0,0,0,0,0,0,0,0
354,AgentA wins,19.67,0,0,0,0,0,0,0,0,0,0
355,AgentA wins,20.00,0,0,0,0,0,0,0,0,0,0
356,AgentA wins,20.00,0,0,0,0,0,0,0,0,0,0
357,AgentA wins,19.67,0,0,0,0,0,0,0,0,0,0
358,AgentA wins,20.00,0,0,0,0,0,0,0,0,0,0
359,AgentA wins,18.00,0,0,0,0,0,0,0,0,0,0
360,AgentA wins,15.00,0,0,0,0,0,0,0,0,0,0
351,AgentA wins,17.00,0,0,0,0,0,0,0,0,0,0
352,AgentA wins,15.00,0,0,0,0,0,0,0,0,0,0
353,AgentA wins,20.00,0,0,0,0,0,0,0,0,0,0
354,AgentA wins,19.67,0,0,0,0,0,0,0,0,0,0
355,AgentA wins,20.00,0,0,0,0,0,0,0,0,0,0
356,AgentA wins,19.67,0,0,0,0,0,0,0,0,0,0
357,AgentA wins,20.00,0,0,0,0,0,0,0,0,0,0
358,AgentA wins,15.00,0,0,0,0,0,0,0,0,0,0
359,AgentA wins,19.67,0,0,0,0,0,0,0,0,0,0
360,AgentA wins,20.00,0,0,0,0,0,0,0,0,0,0
241,AgentA wins,18.00,0,0,0,0,0,0,0,0,0,0
242,AgentA wins,15.00,0,0,0,0,0,0,0,0,0,0
243,AgentA wins,20.67,0,0,0,0,0,0,0,0,0,0
244,AgentB wins,31.33,0,0,0,0,0,0,0,0,0,0
245,AgentA wins,15.67,0,0,0,0,0,0,0,0,0,0
246,AgentA wins,24.33,0,0,0,0,0,0,0,0,0,0
247,AgentA wins,31.00,0,0,0,0,0,0,0,0,0,0
248,AgentB wins,46.00,0,0,0,0,0,0,0,0,0,0
249,AgentA wins,15.00,0,0,0,0,0,0,0,0,0,0
250,AgentA wins,24.00,0,0,0,0,0,0,0,0,0,0
311,AgentB wins,50.33,0,0,0,0,0,0,0,0,0,0
312,AgentA wins,15.00,0,0,0,0,0,0,0,0,0,0
313,AgentA wins,15.00,0,0,0,0,0,0,0,0,0,0
314,AgentA wins,28.00,0,0,0,0,0,0,0,0,0,0
315,AgentA wins,15.00,0,0,0,0,0,0,0,0,0,0
316,AgentA wins,21.00,0,0,0,0,0,0,0,0,0,0
317,AgentA wins,28.00,0,0,0,0,0,0,0,0,0,0
318,AgentA wins,33.67,0,0,0,0,0,0,0,0,0,0
319,AgentB wins,25.00,0,0,0,0,0,0,0,0,0,0
320,AgentA wins,57.33,0,0,0,0,0,0,0,0,0,0
241,AgentA wins,15.00,0,0,0,0,0,0,0,0,0,0
242,AgentA wins,20.00,0,0,0,0,0,0,0,0,0,0
243,AgentA wins,29.33,0,0,0,0,0,0,0,0,0,0
244,AgentA wins,15.00,0,0,0,0,0,0,0,0,0,0
245,AgentB wins,40.00,0,0,0,0,0,0,0,0,0,0
246,AgentA wins,26.67,0,0,0,0,0,0,0,0,0,0
247,AgentA wins,20.33,0,0,0,0,0,0,0,0,0,0
248,AgentA wins,33.00,0,0,0,0,0,0,0,0,0,0
249,AgentA wins,29.00,0,0,0,0,0,0,0,0,0,0
250,AgentA wins,28.33,0,0,0,0,0,0,0,0,0,0
221,timeout draw,60.00,0,0,0,0,0,0,0,0,0,0
222,AgentB wins,54.00,0,0,0,0,0,0,0,0,0,0
223,timeout draw,60.00,0,0,0,0,0,0,0,0,0,0
224,AgentA wins,15.00,0,0,0,0,0,0,0,0,0,0
225,AgentA wins,18.00,0,0,0,0,0,0,0,0,0,0
226,timeout draw,60.00,0,0,0,0,0,0,0,0,0,0
227,timeout draw,60.00,0,0,0,0,0,0,0,0,0,0
228,timeout draw,60.00,0,0,0,0,0,0,0,0,0,0
229,AgentA wins,46.00,0,0,0,0,0,0,0,0,0,0
230,timeout draw,60.00,0,0,0,0,0,0,0,0,0,0
231,AgentA wins,20.00,0,0,0,0,0,0,0,0,0,0
232,AgentA wins,18.00,0,0,0,0,0,0,0,0,0,0
233,AgentA wins,19.67,0,0,0,0,0,0,0,0,0,0
234,AgentA wins,19.67,0,0,0,0,0,0,0,0,0,0
235,AgentA wins,19.67,0,0,0,0,0,0,0,0,0,0
236,AgentA wins,20.00,0,0,0,0,0,0,0,0,0,0
237,AgentA wins,17.00,0,0,0,0,0,0,0,0,0,0
238,AgentA wins,19.67,0,0,0,0,0,0,0,0,0,0
239,AgentA wins,36.33,0,0,0,0,0,0,0,0,0,0
240,timeout draw,60.00,0,0,0,0,0,0,0,0,0,0
241,AgentA wins,20.00,0,0,0,0,0,0,0,0,0,0
242,AgentA wins,15.67,0,0,0,0,0,0,0,0,0,0
243,AgentA wins,27.00,0,0,0,0,0,0,0,0,0,0
244,AgentA wins,56.00,0,0,0,0,0,0,0,0,0,0
245,AgentA wins,15.00,0,0,0,0,0,0,0,0,0,0
246,AgentA wins,15.00,0,0,0,0,0,0,0,0,0,0
247,AgentA wins,33.33,0,0,0,0,0,0,0,0,0,0
248,AgentB wins,31.00,0,0,0,0,0,0,0,0,0,0
249,AgentB wins,21.67,0,0,0,0,0,0,0,0,0,0
250,AgentA wins,15.00,0,0,0,0,0,0,0,0,0,0
281,timeout draw,60.00,0,0,0,0,0,0,0,0,0,0
282,timeout draw,60.00,0,0,0,0,0,0,0,0,0,0
283,timeout draw,60.00,0,0,0,0,0,0,0,0,0,0
284,timeout draw,60.00,0,0,0,0,0,0,0,0,0,0
285,AgentB wins,57.33,0,0,0,0,0,0,0,0,0,0
286,timeout draw,60.00,0,0,0,0,0,0,0,0,0,0
287,timeout draw,60.00,0,0,0,0,0,0,0,0,0,0
288,AgentA wins,50.00,0,0,0,0,0,0,0,0,0,0
289,timeout draw,60.00,0,0,0,0,0,0,0,0,0,0
290,AgentA wins,21.67,0,0,0,0,0,0,0,0,0,0
231,AgentA wins,20.33,0,0,0,0,0,0,0,0,0,0
232,AgentA wins,31.00,0,0,0,0,0,0,0,0,0,0
233,AgentA wins,27.00,0,0,0,0,0,0,0,0,0,0
234,AgentA wins,15.00,0,0,0,0,0,0,0,0,0,0
235,AgentB wins,42.00,0,0,0,0,0,0,0,0,0,0
236,AgentA wins,39.67,0,0,0,0,0,0,0,0,0,0
237,AgentB wins,24.00,0,0,0,0,0,0,0,0,0,0
238,AgentA wins,23.67,0,0,0,0,0,0,0,0,0,0
239,AgentA wins,15.00,0,0,0,0,0,0,0,0,0,0
240,AgentA wins,51.67,0,0,0,0,0,0,0,0,0,0
231,AgentA wins,19.67,0,0,0,0,0,0,0,0,0,0
232,AgentA wins,15.00,0,0,0,0,0,0,0,0,0,0
233,AgentA wins,20.00,0,0,0,0,0,0,0,0,0,0
234,AgentA wins,22.33,0,0,0,0,0,0,0,0,0,0
235,AgentA wins,19.67,0,0,0,0,0,0,0,0,0,0
236,AgentA wins,17.00,0,0,0,0,0,0,0,0,0,0
237,AgentA wins,19.67,0,0,0,0,0,0,0,0,0,0
238,timeout draw,60.00,0,0,0,0,0,0,0,0,0,0
239,AgentB wins,29.67,0,0,0,0,0,0,0,0,0,0
240,timeout draw,60.00,0,0,0,0,0,0,0,0,0,0
241,AgentA wins,45.00,0,0,0,0,0,0,0,0,0,0
242,AgentA wins,36.33,0,0,0,0,0,0,0,0,0,0
243,AgentB wins,49.00,0,0,0,0,0,0,0,0,0,0
244,AgentA wins,35.00,0,0,0,0,0,0,0,0,0,0
245,AgentA wins,15.00,0,0,0,0,0,0,0,0,0,0
246,AgentA wins,41.00,0,0,0,0,0,0,0,0,0,0
247,AgentA wins,26.67,0,0,0,0,0,0,0,0,0,0
248,AgentB wins,30.67,0,0,0,0,0,0,0,0,0,0
249,AgentA wins,18.33,0,0,0,0,0,0,0,0,0,0
250,AgentA wins,20.00,0,0,0,0,0,0,0,0,0,0
251,AgentA wins,30.33,0,0,0,0,0,0,0,0,0,0
252,AgentA wins,15.00,0,0,0,0,0,0,0,0,0,0
253,AgentA wins,27.33,0,0,0,0,0,0,0,0,0,0
254,AgentA wins,15.00,0,0,0,0,0,0,0,0,0,0
255,AgentA wins,24.00,0,0,0,0,0,0,0,0,0,0
256,AgentA wins,15.00,0,0,0,0,0,0,0,0,0,0
257,AgentB wins,27.33,0,0,0,0,0,0,0,0,0,0
258,timeout draw,60.00,0,0,0,0,0,0,0,0,0,0
259,AgentA wins,34.33,0,0,0,0,0,0,0,0,0,0
260,AgentA wins,26.00,0,0,0,0,0,0,0,0,0,0
241,AgentB wins,42.67,0,0,0,0,0,0,0,0,0,0
242,AgentA wins,27.67,0,0,0,0,0,0,0,0,0,0
243,AgentA wins,29.00,0,0,0,0,0,0,0,0,0,0
244,AgentA wins,15.00,0,0,0,0,0,0,0,0,0,0
245,AgentA wins,21.00,0,0,0,0,0,0,0,0,0,0
246,AgentA wins,15.00,0,0,0,0,0,0,0,0,0,0
247,AgentA wins,29.00,0,0,0,0,0,0,0,0,0,0
248,AgentA wins,23.33,0,0,0,0,0,0,0,0,0,0
249,AgentB wins,31.00,0,0,0,0,0,0,0,0,0,0
250,AgentB wins,33.00,0,0,0,0,0,0,0,0,0,0
361,AgentA wins,22.33,0,0,0,0,0,0,0,0,0,0
362,AgentA wins,15.00,0,0,0,0,0,0,0,0,0,0
363,AgentA wins,19.67,0,0,0,0,0,0,0,0,0,0
364,AgentA wins,15.00,0,0,0,0,0,0,0,0,0,0
365,AgentA wins,19.67,0,0,0,0,0,0,0,0,0,0
366,AgentA wins,15.00,0,0,0,0,0,0,0,0,0,0
367,AgentA wins,20.00,0,0,0,0,0,0,0,0,0,0
368,AgentA wins,19.67,0,0,0,0,0,0,0,0,0,0
369,AgentA wins,20.00,0,0,0,0,0,0,0,0,0,0
370,AgentA wins,17.00,0,0,0,0,0,0,0,0,0,0
361,AgentA wins,19.67,0,0,0,0,0,0,0,0,0,0
362,AgentA wins,20.00,0,0,0,0,0,0,0,0,0,0
363,AgentA wins,20.00,0,0,0,0,0,0,0,0,0,0
364,AgentA wins,18.00,0,0,0,0,0,0,0,0,0,0
365,AgentA wins,15.00,0,0,0,0,0,0,0,0,0,0
366,AgentA wins,20.00,0,0,0,0,0,0,0,0,0,0
367,AgentA wins,20.00,0,0,0,0,0,0,0,0,0,0
368,AgentA wins,19.67,0,0,0,0,0,0,0,0,0,0
369,AgentA wins,20.00,0,0,0,0,0,0,0,0,0,0
370,AgentA wins,17.00,0,0,0,0,0,0,0,0,0,0
241,AgentA wins,31.67,0,0,0,0,0,0,0,0,0,0
242,AgentA wins,53.33,0,0,0,0,0,0,0,0,0,0
243,AgentA wins,15.00,0,0,0,0,0,0,0,0,0,0
244,AgentA wins,21.00,0,0,0,0,0,0,0,0,0,0
245,AgentA wins,15.00,0,0,0,0,0,0,0,0,0,0
246,AgentB wins,26.33,0,0,0,0,0,0,0,0,0,0
247,timeout draw,60.00,0,0,0,0,0,0,0,0,0,0
248,AgentB wins,50.33,0,0,0,0,0,0,0,0,0,0
249,AgentA wins,15.00,0,0,0,0,0,0,0,0,0,0
250,AgentA wins,18.00,0,0,0,0,0,0,0,0,0,0
241,AgentA wins,30.33,0,0,0,0,0,0,0,0,0,0
242,AgentA wins,30.00,0,0,0,0,0,0,0,0,0,0
243,AgentB wins,41.67,0,0,0,0,0,0,0,0,0,0
244,AgentA wins,33.33,0,0,0,0,0,0,0,0,0,0
245,timeout draw,60.00,0,0,0,0,0,0,0,0,0,0
246,AgentA wins,23.00,0,0,0,0,0,0,0,0,0,0
247,AgentA wins,49.00,0,0,0,0,0,0,0,0,0,0
248,AgentA wins,26.67,0,0,0,0,0,0,0,0,0,0
249,AgentA wins,30.00,0,0,0,0,0,0,0,0,0,0
250,AgentA wins,15.00,0,0,0,0,0,0,0,0,0,0
241,AgentA wins,31.00,0,0,0,0,0,0,0,0,0,0
242,AgentA wins,30.00,0,0,0,0,0,0,0,0,0,0
243,AgentB wins,55.00,0,0,0,0,0,0,0,0,0,0
244,AgentA wins,49.67,0,0,0,0,0,0,0,0,0,0
245,AgentA wins,21.67,0,0,0,0,0,0,0,0,0,0
246,AgentB wins,34.67,0,0,0,0,0,0,0,0,0,0
247,AgentA wins,58.00,0,0,0,0,0,0,0,0,0,0
248,AgentA wins,26.00,0,0,0,0,0,0,0,0,0,0
249,AgentA wins,21.00,0,0,0,0,0,0,0,0,0,0
250,AgentA wins,55.00,0,0,0,0,0,0,0,0,0,0
251,AgentA wins,24.00,0,0,0,0,0,0,0,0,0,0
252,AgentA wins,15.00,0,0,0,0,0,0,0,0,0,0
253,AgentA wins,23.33,0,0,0,0,0,0,0,0,0,0
254,AgentA wins,50.67,0,0,0,0,0,0,0,0,0,0
255,AgentA wins,22.67,0,0,0,0,0,0,0,0,0,0
256,AgentB wins,29.00,0,0,0,0,0,0,0,0,0,0
257,AgentA wins,20.00,0,0,0,0,0,0,0,0,0,0
258,AgentA wins,17.00,0,0,0,0,0,0,0,0,0,0
259,AgentA wins,41.33,0,0,0,0,0,0,0,0,0,0
260,AgentA wins,15.00,0,0,0,0,0,0,0,0,0,0
301,AgentA wins,18.00,0,0,0,0,0,0,0,0,0,0
302,AgentA wins,37.67,0,0,0,0,0,0,0,0,0,0
303,AgentA wins,32.00,0,0,0,0,0,0,0,0,0,0
304,AgentA wins,30.00,0,0,0,0,0,0,0,0,0,0
305,AgentA wins,29.00,0,0,0,0,0,0,0,0,0,0
306,AgentA wins,32.67,0,0,0,0,0,0,0,0,0,0
307,AgentB wins,25.00,0,0,0,0,0,0,0,0,0,0
308,AgentA wins,26.67,0,0,0,0,0,0,0,0,0,0
309,AgentB wins,42.67,0,0,0,0,0,0,0,0,0,0
310,timeout draw,60.00,0,0,0,0,0,0,0,0,0,0
361,AgentA wins,20.00,0,0,0,0,0,0,0,0,0,0
362,AgentA wins,19.67,0,0,0,0,0,0,0,0,0,0
363,AgentA wins,15.00,0,0,0,0,0,0,0,0,0,0
364,AgentA wins,17.00,0,0,0,0,0,0,0,0,0,0
365,AgentA wins,18.00,0,0,0,0,0,0,0,0,0,0
366,AgentA wins,20.00,0,0,0,0,0,0,0,0,0,0
367,AgentA wins,19.67,0,0,0,0,0,0,0,0,0,0
368,AgentA wins,20.00,0,0,0,0,0,0,0,0,0,0
369,AgentA wins,20.00,0,0,0,0,0,0,0,0,0,0
370,AgentA wins,20.00,0,0,0,0,0,0,0,0,0,0
261,AgentA wins,15.00,0,0,0,0,0,0,0,0,0,0
262,timeout draw,60.00,0,0,0,0,0,0,0,0,0,0
263,AgentA wins,30.00,0,0,0,0,0,0,0,0,0,0
264,AgentA wins,32.00,0,0,0,0,0,0,0,0,0,0
265,AgentA wins,18.00,0,0,0,0,0,0,0,0,0,0
266,AgentB wins,24.67,0,0,0,0,0,0,0,0,0,0
267,AgentA wins,15.00,0,0,0,0,0,0,0,0,0,0
268,AgentA wins,31.33,0,0,0,0,0,0,0,0,0,0
269,AgentA wins,24.00,0,0,0,0,0,0,0,0,0,0
270,AgentA wins,15.00,0,0,0,0,0,0,0,0,0,0
231,AgentA wins,38.00,0,0,0,0,0,0,0,0,0,0
232,AgentA wins,36.67,0,0,0,0,0,0,0,0,0,0
233,AgentA wins,15.00,0,0,0,0,0,0,0,0,0,0
234,AgentB wins,41.00,0,0,0,0,0,0,0,0,0,0
235,AgentA wins,15.00,0,0,0,0,0,0,0,0,0,0
236,AgentA wins,44.00,0,0,0,0,0,0,0,0,0,0
237,AgentA wins,23.33,0,0,0,0,0,0,0,0,0,0
238,AgentB wins,24.00,0,0,0,0,0,0,0,0,0,0
239,AgentA wins,53.33,0,0,0,0,0,0,0,0,0,0
240,AgentB wins,20.67,0,0,0,0,0,0,0,0,0,0
231,AgentA wins,15.00,0,0,0,0,0,0,0,0,0,0
232,AgentA wins,15.00,0,0,0,0,0,0,0,0,0,0
233,AgentA wins,18.00,0,0,0,0,0,0,0,0,0,0
234,AgentA wins,15.00,0,0,0,0,0,0,0,0,0,0
235,AgentA wins,18.00,0,0,0,0,0,0,0,0,0,0
236,AgentA wins,42.67,0,0,0,0,0,0,0,0,0,0
237,AgentA wins,40.00,0,0,0,0,0,0,0,0,0,0
238,AgentA wins,49.33,0,0,0,0,0,0,0,0,0,0
239,AgentA wins,39.00,0,0,0,0,0,0,0,0,0,0
240,AgentA wins,57.67,0,0,0,0,0,0,0,0,0,0
211,AgentB wins,33.67,0,0,0,0,0,0,0,0,0,0
212,AgentA wins,15.00,0,0,0,0,0,0,0,0,0,0
213,AgentB wins,25.00,0,0,0,0,0,0,0,0,0,0
214,timeout draw,60.00,0,0,0,0,0,0,0,0,0,0
215,AgentA wins,54.33,0,0,0,0,0,0,0,0,0,0
216,timeout draw,60.00,0,0,0,0,0,0,0,0,0,0
217,AgentB wins,33.00,0,0,0,0,0,0,0,0,0,0
218,AgentA wins,15.00,0,0,0,0,0,0,0,0,0,0
219,AgentB wins,54.00,0,0,0,0,0,0,0,0,0,0
220,timeout draw,60.00,0,0,0,0,0,0,0,0,0,0
271,AgentA wins,49.00,438,435,0,176,0,276,0,36,74,92
272,AgentA wins,15.00,130,130,0,53,0,78,0,20,15,27
273,AgentA wins,26.33,228,230,0,84,0,151,0,13,45,39
274,AgentA wins,15.00,132,132,0,58,0,86,0,10,20,34
275,AgentA wins,46.00,407,407,0,158,0,272,0,26,86,61
276,AgentA wins,15.00,135,131,0,53,0,101,0,13,31,23
277,AgentA wins,24.00,212,210,0,77,0,142,0,11,40,36
278,AgentA wins,53.00,463,465,0,187,0,303,0,41,65,98
279,AgentA wins,38.00,336,336,0,143,0,213,0,36,44,65
280,AgentB wins,50.67,453,449,0,186,0,296,0,35,67,94
251,AgentA wins,15.00,0,0,0,0,0,0,0,0,0,0
252,AgentA wins,15.00,0,0,0,0,0,0,0,0,0,0
253,AgentB wins,47.67,0,0,0,0,0,0,0,0,0,0
254,AgentB wins,36.33,0,0,0,0,0,0,0,0,0,0
255,AgentA wins,37.33,0,0,0,0,0,0,0,0,0,0
256,AgentA wins,25.33,0,0,0,0,0,0,0,0,0,0
257,AgentA wins,15.00,0,0,0,0,0,0,0,0,0,0
258,AgentA wins,19.67,0,0,0,0,0,0,0,0,0,0
259,AgentA wins,15.00,0,0,0,0,0,0,0,0,0,0
260,AgentA wins,15.00,0,0,0,0,0,0,0,0,0,0
251,AgentB wins,28.33,0,0,0,0,0,0,0,0,0,0
252,AgentA wins,33.67,0,0,0,0,0,0,0,0,0,0
253,AgentB wins,31.67,0,0,0,0,0,0,0,0,0,0
254,timeout draw,60.00,0,0,0,0,0,0,0,0,0,0
255,AgentA wins,15.00,0,0,0,0,0,0,0,0,0,0
256,AgentA wins,15.00,0,0,0,0,0,0,0,0,0,0
257,AgentA wins,20.00,0,0,0,0,0,0,0,0,0,0
258,AgentA wins,20.00,0,0,0,0,0,0,0,0,0,0
259,AgentA wins,15.00,0,0,0,0,0,0,0,0,0,0
260,AgentA wins,15.00,0,0,0,0,0,0,0,0,0,0
321,AgentA wins,23.67,0,0,0,0,0,0,0,0,0,0
322,AgentA wins,15.00,0,0,0,0,0,0,0,0,0,0
323,AgentA wins,26.33,0,0,0,0,0,0,0,0,0,0
324,AgentA wins,28.67,0,0,0,0,0,0,0,0,0,0
325,AgentA wins,25.00,0,0,0,0,0,0,0,0,0,0
326,AgentA wins,33.00,0,0,0,0,0,0,0,0,0,0
327,AgentA wins,40.67,0,0,0,0,0,0,0,0,0,0
328,AgentA wins,19.67,0,0,0,0,0,0,0,0,0,0
329,AgentA wins,53.00,0,0,0,0,0,0,0,0,0,0
330,AgentA wins,26.33,0,0,0,0,0,0,0,0,0,0
371,AgentA wins,20.00,0,0,0,0,0,0,0,0,0,0
372,AgentA wins,18.00,0,0,0,0,0,0,0,0,0,0
373,AgentA wins,15.00,0,0,0,0,0,0,0,0,0,0
374,AgentA wins,19.67,0,0,0,0,0,0,0,0,0,0
375,AgentA wins,18.00,0,0,0,0,0,0,0,0,0,0
376,AgentA wins,20.00,0,0,0,0,0,0,0,0,0,0
377,AgentA wins,18.00,0,0,0,0,0,0,0,0,0,0
378,AgentA wins,15.00,0,0,0,0,0,0,0,0,0,0
379,AgentA wins,15.00,0,0,0,0,0,0,0,0,0,0
380,AgentA wins,20.00,0,0,0,0,0,0,0,0,0,0
371,AgentA wins,20.00,0,0,0,0,0,0,0,0,0,0
372,AgentA wins,19.67,0,0,0,0,0,0,0,0,0,0
373,AgentA wins,17.00,0,0,0,0,0,0,0,0,0,0
374,AgentA wins,15.00,0,0,0,0,0,0,0,0,0,0
375,AgentA wins,20.00,0,0,0,0,0,0,0,0,0,0
376,AgentA wins,15.00,0,0,0,0,0,0,0,0,0,0
377,AgentA wins,19.67,0,0,0,0,0,0,0,0,0,0
378,AgentA wins,15.00,0,0,0,0,0,0,0,0,0,0
379,AgentA wins,17.00,0,0,0,0,0,0,0,0,0,0
380,AgentA wins,15.00,0,0,0,0,0,0,0,0,0,0
261,AgentA wins,18.00,0,0,0,0,0,0,0,0,0,0
262,AgentA wins,21.67,0,0,0,0,0,0,0,0,0,0
263,AgentA wins,18.00,0,0,0,0,0,0,0,0,0,0
264,AgentA wins,18.00,0,0,0,0,0,0,0,0,0,0
265,AgentA wins,17.00,0,0,0,0,0,0,0,0,0,0
266,AgentA wins,28.00,0,0,0,0,0,0,0,0,0,0
267,AgentA wins,18.00,0,0,0,0,0,0,0,0,0,0
268,AgentA wins,24.67,0,0,0,0,0,0,0,0,0,0
269,AgentB wins,15.67,0,0,0,0,0,0,0,0,0,0
270,AgentA wins,23.00,0,0,0,0,0,0,0,0,0,0
251,AgentA wins,51.00,0,0,0,0,0,0,0,0,0,0
252,AgentA wins,15.00,0,0,0,0,0,0,0,0,0,0
253,AgentB wins,58.00,0,0,0,0,0,0,0,0,0,0
254,AgentA wins,27.00,0,0,0,0,0,0,0,0,0,0
255,timeout draw,60.00,0,0,0,0,0,0,0,0,0,0
256,AgentA wins,20.67,0,0,0,0,0,0,0,0,0,0
257,AgentB wins,49.00,0,0,0,0,0,0,0,0,0,0
258,AgentA wins,33.00,0,0,0,0,0,0,0,0,0,0
259,AgentA wins,15.00,0,0,0,0,0,0,0,0,0,0
260,AgentA wins,18.00,0,0,0,0,0,0,0,0,0,0
251,AgentA wins,21.33,0,0,0,0,0,0,0,0,0,0
252,AgentA wins,31.33,0,0,0,0,0,0,0,0,0,0
253,AgentA wins,21.00,0,0,0,0,0,0,0,0,0,0
254,AgentA wins,15.00,0,0,0,0,0,0,0,0,0,0
255,AgentA wins,38.00,0,0,0,0,0,0,0,0,0,0
256,AgentA wins,18.00,0,0,0,0,0,0,0,0,0,0
257,AgentA wins,32.33,0,0,0,0,0,0,0,0,0,0
258,AgentA wins,15.00,0,0,0,0,0,0,0,0,0,0
259,AgentA wins,15.00,0,0,0,0,0,0,0,0,0,0
260,AgentB wins,25.67,0,0,0,0,0,0,0,0,0,0
241,AgentA wins,28.67,0,0,0,0,0,0,0,0,0,0
242,AgentA wins,23.00,0,0,0,0,0,0,0,0,0,0
243,AgentA wins,43.33,0,0,0,0,0,0,0,0,0,0
244,AgentA wins,15.00,0,0,0,0,0,0,0,0,0,0
245,AgentA wins,20.00,0,0,0,0,0,0,0,0,0,0
246,AgentA wins,15.00,0,0,0,0,0,0,0,0,0,0
247,AgentA wins,55.33,0,0,0,0,0,0,0,0,0,0
248,AgentB wins,31.33,0,0,0,0,0,0,0,0,0,0
249,AgentA wins,48.00,0,0,0,0,0,0,0,0,0,0
250,AgentA wins,18.00,0,0,0,0,0,0,0,0,0,0
371,AgentA wins,22.33,0,0,0,0,0,0,0,0,0,0
372,AgentA wins,19.67,0,0,0,0,0,0,0,0,0,0
373,AgentA wins,17.00,0,0,0,0,0,0,0,0,0,0
374,AgentA wins,18.00,0,0,0,0,0,0,0,0,0,0
375,AgentA wins,20.00,0,0,0,0,0,0,0,0,0,0
376,AgentA wins,19.67,0,0,0,0,0,0,0,0,0,0
377,AgentA wins,20.00,0,0,0,0,0,0,0,0,0,0
378,AgentA wins,17.00,0,0,0,0,0,0,0,0,0,0
379,AgentA wins,15.00,0,0,0,0,0,0,0,0,0,0
380,AgentA wins,19.67,0,0,0,0,0,0,0,0,0,0
271,AgentA wins,15.00,0,0,0,0,0,0,0,0,0,0
272,AgentA wins,15.00,0,0,0,0,0,0,0,0,0,0
273,AgentA wins,20.00,0,0,0,0,0,0,0,0,0,0
274,AgentA wins,57.67,0,0,0,0,0,0,0,0,0,0
275,AgentA wins,18.00,0,0,0,0,0,0,0,0,0,0
276,AgentA wins,15.00,0,0,0,0,0,0,0,0,0,0
277,AgentA wins,15.00,0,0,0,0,0,0,0,0,0,0
278,AgentA wins,15.00,0,0,0,0,0,0,0,0,0,0
279,AgentA wins,27.00,0,0,0,0,0,0,0,0,0,0
280,AgentA wins,18.00,0,0,0,0,0,0,0,0,0,0
231,AgentA wins,41.00,0,0,0,0,0,0,0,0,0,0
232,AgentB wins,45.33,0,0,0,0,0,0,0,0,0,0
233,AgentA wins,15.00,0,0,0,0,0,0,0,0,0,0
234,timeout draw,60.00,0,0,0,0,0,0,0,0,0,0
235,AgentA wins,15.00,0,0,0,0,0,0,0,0,0,0
236,timeout draw,60.00,0,0,0,0,0,0,0,0,0,0
237,AgentA wins,30.00,0,0,0,0,0,0,0,0,0,0
238,AgentA wins,41.67,0,0,0,0,0,0,0,0,0,0
239,AgentB wins,45.33,0,0,0,0,0,0,0,0,0,0
240,AgentA wins,15.00,0,0,0,0,0,0,0,0,0,0
241,timeout draw,60.00,0,0,0,0,0,0,0,0,0,0
242,AgentB wins,49.67,0,0,0,0,0,0,0,0,0,0
243,timeout draw,60.00,0,0,0,0,0,0,0,0,0,0
244,AgentA wins,26.33,0,0,0,0,0,0,0,0,0,0
245,AgentA wins,15.00,0,0,0,0,0,0,0,0,0,0
246,AgentA wins,19.67,0,0,0,0,0,0,0,0,0,0
247,AgentA wins,15.00,0,0,0,0,0,0,0,0,0,0
248,AgentA wins,20.00,0,0,0,0,0,0,0,0,0,0
249,timeout draw,60.00,0,0,0,0,0,0,0,0,0,0
250,AgentB wins,45.67,0,0,0,0,0,0,0,0,0,0
241,AgentB wins,37.00,0,0,0,0,0,0,0,0,0,0
242,timeout draw,60.00,0,0,0,0,0,0,0,0,0,0
243,AgentA wins,49.00,0,0,0,0,0,0,0,0,0,0
244,AgentA wins,18.00,0,0,0,0,0,0,0,0,0,0
245,AgentA wins,15.00,0,0,0,0,0,0,0,0,0,0
246,AgentA wins,15.00,0,0,0,0,0,0,0,0,0,0
247,AgentA wins,20.00,0,0,0,0,0,0,0,0,0,0
248,AgentA wins,15.00,0,0,0,0,0,0,0,0,0,0
249,AgentB wins,45.33,0,0,0,0,0,0,0,0,0,0
250,timeout draw,60.00,0,0,0,0,0,0,0,0,0,0
251,AgentA wins,15.00,0,0,0,0,0,0,0,0,0,0
252,AgentA wins,17.00,0,0,0,0,0,0,0,0,0,0
253,AgentA wins,19.67,0,0,0,0,0,0,0,0,0,0
254,AgentA wins,17.00,0,0,0,0,0,0,0,0,0,0
255,AgentA wins,20.00,0,0,0,0,0,0,0,0,0,0
256,AgentB wins,49.33,0,0,0,0,0,0,0,0,0,0
257,AgentA wins,37.00,0,0,0,0,0,0,0,0,0,0
258,AgentA wins,15.00,0,0,0,0,0,0,0,0,0,0
259,timeout draw,60.00,0,0,0,0,0,0,0,0,0,0
260,AgentA wins,35.00,0,0,0,0,0,0,0,0,0,0
261,timeout draw,60.00,0,0,0,0,0,0,0,0,0,0
262,AgentA wins,26.67,0,0,0,0,0,0,0,0,0,0
263,AgentA wins,19.67,0,0,0,0,0,0,0,0,0,0
264,AgentA wins,18.00,0,0,0,0,0,0,0,0,0,0
265,AgentA wins,18.00,0,0,0,0,0,0,0,0,0,0
266,AgentA wins,15.00,0,0,0,0,0,0,0,0,0,0
267,AgentA wins,20.00,0,0,0,0,0,0,0,0,0,0
268,AgentA wins,21.00,0,0,0,0,0,0,0,0,0,0
269,AgentA wins,34.00,0,0,0,0,0,0,0,0,0,0
270,AgentA wins,38.33,0,0,0,0,0,0,0,0,0,0
251,AgentA wins,52.00,0,0,0,0,0,0,0,0,0,0
252,AgentB wins,28.33,0,0,0,0,0,0,0,0,0,0
253,AgentA wins,30.00,0,0,0,0,0,0,0,0,0,0
254,AgentA wins,34.33,0,0,0,0,0,0,0,0,0,0
255,AgentA wins,33.00,0,0,0,0,0,0,0,0,0,0
256,AgentA wins,18.00,0,0,0,0,0,0,0,0,0,0
257,AgentA wins,21.00,0,0,0,0,0,0,0,0,0,0
258,AgentB wins,38.00,0,0,0,0,0,0,0,0,0,0
259,AgentA wins,24.00,0,0,0,0,0,0,0,0,0,0
260,AgentB wins,30.00,0,0,0,0,0,0,0,0,0,0
251,AgentA wins,38.33,0,0,0,0,0,0,0,0,0,0
252,AgentA wins,15.00,0,0,0,0,0,0,0,0,0,0
253,AgentA wins,19.67,0,0,0,0,0,0,0,0,0,0
254,AgentA wins,50.67,0,0,0,0,0,0,0,0,0,0
255,AgentB wins,24.33,0,0,0,0,0,0,0,0,0,0
256,AgentA wins,23.67,0,0,0,0,0,0,0,0,0,0
257,AgentA wins,52.00,0,0,0,0,0,0,0,0,0,0
258,AgentB wins,22.00,0,0,0,0,0,0,0,0,0,0
259,AgentA wins,51.67,0,0,0,0,0,0,0,0,0,0
260,AgentA wins,51.33,0,0,0,0,0,0,0,0,0,0
241,AgentA wins,18.00,0,0,0,0,0,0,0,0,0,0
242,AgentA wins,20.33,0,0,0,0,0,0,0,0,0,0
243,AgentB wins,26.00,0,0,0,0,0,0,0,0,0,0
244,AgentA wins,15.00,0,0,0,0,0,0,0,0,0,0
245,AgentA wins,15.00,0,0,0,0,0,0,0,0,0,0
246,AgentA wins,22.33,0,0,0,0,0,0,0,0,0,0
247,AgentA wins,26.33,0,0,0,0,0,0,0,0,0,0
248,AgentA wins,29.00,0,0,0,0,0,0,0,0,0,0
249,AgentA wins,35.33,0,0,0,0,0,0,0,0,0,0
250,AgentB wins,39.33,0,0,0,0,0,0,0,0,0,0
251,timeout draw,60.00,0,0,0,0,0,0,0,0,0,0
252,timeout draw,60.00,0,0,0,0,0,0,0,0,0,0
253,AgentB wins,33.33,0,0,0,0,0,0,0,0,0,0
254,AgentA wins,30.00,0,0,0,0,0,0,0,0,0,0
255,AgentA wins,15.00,0,0,0,0,0,0,0,0,0,0
256,AgentA wins,29.33,0,0,0,0,0,0,0,0,0,0
257,AgentA wins,15.00,0,0,0,0,0,0,0,0,0,0
258,AgentA wins,15.67,0,0,0,0,0,0,0,0,0,0
259,AgentA wins,33.33,0,0,0,0,0,0,0,0,0,0
260,timeout draw,60.00,0,0,0,0,0,0,0,0,0,0
381,AgentA wins,19.67,0,0,0,0,0,0,0,0,0,0
382,AgentA wins,15.00,0,0,0,0,0,0,0,0,0,0
383,AgentA wins,15.00,0,0,0,0,0,0,0,0,0,0
384,AgentA wins,19.67,0,0,0,0,0,0,0,0,0,0
385,AgentA wins,15.00,0,0,0,0,0,0,0,0,0,0
386,AgentA wins,15.00,0,0,0,0,0,0,0,0,0,0
387,AgentA wins,18.00,0,0,0,0,0,0,0,0,0,0
388,AgentA wins,19.67,0,0,0,0,0,0,0,0,0,0
389,AgentA wins,15.00,0,0,0,0,0,0,0,0,0,0
390,AgentA wins,20.00,0,0,0,0,0,0,0,0,0,0
381,AgentA wins,20.00,0,0,0,0,0,0,0,0,0,0
382,AgentA wins,17.00,0,0,0,0,0,0,0,0,0,0
383,AgentA wins,20.00,0,0,0,0,0,0,0,0,0,0
384,AgentA wins,19.67,0,0,0,0,0,0,0,0,0,0
385,AgentA wins,19.67,0,0,0,0,0,0,0,0,0,0
386,AgentA wins,15.00,0,0,0,0,0,0,0,0,0,0
387,AgentA wins,17.00,0,0,0,0,0,0,0,0,0,0
388,AgentA wins,15.00,0,0,0,0,0,0,0,0,0,0
389,AgentA wins,22.33,0,0,0,0,0,0,0,0,0,0
390,AgentA wins,22.33,0,0,0,0,0,0,0,0,0,0
311,AgentA wins,15.00,0,0,0,0,0,0,0,0,0,0
312,AgentA wins,56.33,0,0,0,0,0,0,0,0,0,0
313,AgentA wins,15.00,0,0,0,0,0,0,0,0,0,0
314,timeout draw,60.00,0,0,0,0,0,0,0,0,0,0
315,timeout draw,60.00,0,0,0,0,0,0,0,0,0,0
316,AgentA wins,15.00,0,0,0,0,0,0,0,0,0,0
317,AgentB wins,30.00,0,0,0,0,0,0,0,0,0,0
318,AgentA wins,21.00,0,0,0,0,0,0,0,0,0,0
319,AgentA wins,35.00,0,0,0,0,0,0,0,0,0,0
320,AgentB wins,48.33,0,0,0,0,0,0,0,0,0,0
241,AgentA wins,35.67,0,0,0,0,0,0,0,0,0,0
242,AgentA wins,15.00,0,0,0,0,0,0,0,0,0,0
243,AgentA wins,18.00,0,0,0,0,0,0,0,0,0,0
244,AgentA wins,20.00,0,0,0,0,0,0,0,0,0,0
245,AgentA wins,44.00,0,0,0,0,0,0,0,0,0,0
246,AgentA wins,40.33,0,0,0,0,0,0,0,0,0,0
247,AgentA wins,21.67,0,0,0,0,0,0,0,0,0,0
248,AgentA wins,27.00,0,0,0,0,0,0,0,0,0,0
249,AgentA wins,22.67,0,0,0,0,0,0,0,0,0,0
250,AgentB wins,27.00,0,0,0,0,0,0,0,0,0,0
281,AgentA wins,15.00,135,129,0,72,0,94,0,15,26,36
282,AgentA wins,18.00,159,157,0,82,0,116,0,15,26,41
283,AgentA wins,24.00,212,211,0,110,0,156,0,22,25,52
284,AgentA wins,15.67,139,138,0,63,0,91,0,12,26,35
285,AgentA wins,43.00,379,374,0,135,0,238,0,30,71,68
286,AgentA wins,30.00,264,262,0,116,0,175,0,24,44,47
287,AgentA wins,27.00,237,239,1,105,0,165,0,20,36,48
288,AgentA wins,33.67,297,296,0,119,0,202,0,25,63,53
289,AgentA wins,30.00,263,267,0,98,0,163,0,20,52,33
290,AgentA wins,15.00,128,133,0,55,0,94,0,12,28,28
291,AgentA wins,15.00,0,0,0,0,0,0,0,0,0,0
292,AgentB wins,31.00,0,0,0,0,0,0,0,0,0,0
293,timeout draw,60.00,0,0,0,0,0,0,0,0,0,0
294,timeout draw,60.00,0,0,0,0,0,0,0,0,0,0
295,AgentB wins,54.00,0,0,0,0,0,0,0,0,0,0
296,timeout draw,60.00,0,0,0,0,0,0,0,0,0,0
297,timeout draw,60.00,0,0,0,0,0,0,0,0,0,0
298,timeout draw,60.00,0,0,0,0,0,0,0,0,0,0
299,timeout draw,60.00,0,0,0,0,0,0,0,0,0,0
300,AgentA wins,15.00,0,0,0,0,0,0,0,0,0,0
331,AgentA wins,15.00,0,0,0,0,0,0,0,0,0,0
332,AgentA wins,27.33,0,0,0,0,0,0,0,0,0,0
333,AgentB wins,39.67,0,0,0,0,0,0,0,0,0,0
334,AgentA wins,15.00,0,0,0,0,0,0,0,0,0,0
335,AgentA wins,15.00,0,0,0,0,0,0,0,0,0,0
336,AgentA wins,27.00,0,0,0,0,0,0,0,0,0,0
337,AgentA wins,23.33,0,0,0,0,0,0,0,0,0,0
338,AgentA wins,15.00,0,0,0,0,0,0,0,0,0,0
339,AgentA wins,23.00,0,0,0,0,0,0,0,0,0,0
340,AgentA wins,30.00,0,0,0,0,0,0,0,0,0,0
381,AgentA wins,20.00,0,0,0,0,0,0,0,0,0,0
382,AgentA wins,20.00,0,0,0,0,0,0,0,0,0,0
383,AgentA wins,20.00,0,0,0,0,0,0,0,0,0,0
384,AgentA wins,19.67,0,0,0,0,0,0,0,0,0,0
385,AgentA wins,19.67,0,0,0,0,0,0,0,0,0,0
386,AgentA wins,17.00,0,0,0,0,0,0,0,0,0,0
387,AgentA wins,17.00,0,0,0,0,0,0,0,0,0,0
388,AgentA wins,22.33,0,0,0,0,0,0,0,0,0,0
389,AgentA wins,19.67,0,0,0,0,0,0,0,0,0,0
390,AgentA wins,15.00,0,0,0,0,0,0,0,0,0,0
261,AgentB wins,36.33,0,0,0,0,0,0,0,0,0,0
262,AgentA wins,15.00,0,0,0,0,0,0,0,0,0,0
263,AgentA wins,27.00,0,0,0,0,0,0,0,0,0,0
264,AgentA wins,23.67,0,0,0,0,0,0,0,0,0,0
265,AgentA wins,15.00,0,0,0,0,0,0,0,0,0,0
266,AgentB wins,37.00,0,0,0,0,0,0,0,0,0,0
267,AgentA wins,15.00,0,0,0,0,0,0,0,0,0,0
268,AgentA wins,15.00,0,0,0,0,0,0,0,0,0,0
269,AgentA wins,38.00,0,0,0,0,0,0,0,0,0,0
270,AgentB wins,42.00,0,0,0,0,0,0,0,0,0,0
261,AgentA wins,15.00,0,0,0,0,0,0,0,0,0,0
262,AgentA wins,15.00,0,0,0,0,0,0,0,0,0,0
263,AgentB wins,51.33,0,0,0,0,0,0,0,0,0,0
264,AgentA wins,40.33,0,0,0,0,0,0,0,0,0,0
265,AgentA wins,37.67,0,0,0,0,0,0,0,0,0,0
266,AgentA wins,50.00,0,0,0,0,0,0,0,0,0,0
267,AgentB wins,28.67,0,0,0,0,0,0,0,0,0,0
268,AgentA wins,27.00,0,0,0,0,0,0,0,0,0,0
269,AgentA wins,22.67,0,0,0,0,0,0,0,0,0,0
270,AgentA wins,29.33,0,0,0,0,0,0,0,0,0,0
251,AgentA wins,15.00,0,0,0,0,0,0,0,0,0,0
252,timeout draw,60.00,0,0,0,0,0,0,0,0,0,0
253,AgentA wins,39.33,0,0,0,0,0,0,0,0,0,0
254,AgentA wins,15.00,0,0,0,0,0,0,0,0,0,0
255,AgentA wins,19.67,0,0,0,0,0,0,0,0,0,0
256,AgentA wins,15.00,0,0,0,0,0,0,0,0,0,0
257,AgentA wins,15.00,0,0,0,0,0,0,0,0,0,0
258,AgentA wins,57.67,0,0,0,0,0,0,0,0,0,0
259,AgentA wins,15.00,0,0,0,0,0,0,0,0,0,0
260,AgentA wins,28.00,0,0,0,0,0,0,0,0,0,0
261,AgentB wins,24.67,0,0,0,0,0,0,0,0,0,0
262,AgentA wins,22.67,0,0,0,0,0,0,0,0,0,0
263,AgentA wins,18.00,0,0,0,0,0,0,0,0,0,0
264,AgentA wins,27.33,0,0,0,0,0,0,0,0,0,0
265,timeout draw,60.00,0,0,0,0,0,0,0,0,0,0
266,AgentB wins,37.00,0,0,0,0,0,0,0,0,0,0
267,AgentA wins,18.00,0,0,0,0,0,0,0,0,0,0
268,AgentA wins,30.33,0,0,0,0,0,0,0,0,0,0
269,AgentB wins,40.00,0,0,0,0,0,0,0,0,0,0
270,AgentA wins,22.00,0,0,0,0,0,0,0,0,0,0
251,AgentB wins,39.33,0,0,0,0,0,0,0,0,0,0
252,AgentB wins,23.67,0,0,0,0,0,0,0,0,0,0
253,AgentA wins,15.67,0,0,0,0,0,0,0,0,0,0
254,AgentB wins,30.67,0,0,0,0,0,0,0,0,0,0
255,AgentA wins,15.00,0,0,0,0,0,0,0,0,0,0
256,AgentA wins,24.00,0,0,0,0,0,0,0,0,0,0
257,AgentA wins,15.00,0,0,0,0,0,0,0,0,0,0
258,AgentA wins,15.00,0,0,0,0,0,0,0,0,0,0
259,AgentA wins,36.00,0,0,0,0,0,0,0,0,0,0
260,AgentA wins,20.00,0,0,0,0,0,0,0,0,0,0
391,AgentA wins,19.67,0,0,0,0,0,0,0,0,0,0
392,AgentA wins,15.00,0,0,0,0,0,0,0,0,0,0
393,AgentA wins,20.00,0,0,0,0,0,0,0,0,0,0
394,AgentA wins,19.67,0,0,0,0,0,0,0,0,0,0
395,AgentA wins,15.00,0,0,0,0,0,0,0,0,0,0
396,AgentA wins,20.00,0,0,0,0,0,0,0,0,0,0
397,AgentA wins,20.00,0,0,0,0,0,0,0,0,0,0
398,AgentA wins,17.00,0,0,0,0,0,0,0,0,0,0
261,AgentA wins,33.33,0,0,0,0,0,0,0,0,0,0
262,AgentA wins,15.00,0,0,0,0,0,0,0,0,0,0
263,AgentA wins,24.67,0,0,0,0,0,0,0,0,0,0
264,AgentA wins,15.00,0,0,0,0,0,0,0,0,0,0
265,AgentA wins,24.00,0,0,0,0,0,0,0,0,0,0
266,AgentA wins,24.67,0,0,0,0,0,0,0,0,0,0
267,AgentA wins,40.33,0,0,0,0,0,0,0,0,0,0
268,AgentA wins,15.00,0,0,0,0,0,0,0,0,0,0
221,AgentA wins,15.00,0,0,0,0,0,0,0,0,0,0
222,AgentB wins,50.00,0,0,0,0,0,0,0,0,0,0
223,AgentA wins,55.67,0,0,0,0,0,0,0,0,0,0
224,AgentA wins,39.33,0,0,0,0,0,0,0,0,0,0
225,AgentA wins,56.00,0,0,0,0,0,0,0,0,0,0
226,timeout draw,60.00,0,0,0,0,0,0,0,0,0,0
227,AgentB wins,27.67,0,0,0,0,0,0,0,0,0,0
228,timeout draw,60.00,0,0,0,0,0,0,0,0,0,0
261,AgentA wins,28.67,0,0,0,0,0,0,0,0,0,0
262,AgentA wins,40.33,0,0,0,0,0,0,0,0,0,0
263,AgentA wins,24.00,0,0,0,0,0,0,0,0,0,0
264,AgentA wins,18.00,0,0,0,0,0,0,0,0,0,0
265,AgentB wins,21.33,0,0,0,0,0,0,0,0,0,0
266,AgentB wins,39.67,0,0,0,0,0,0,0,0,0,0
267,AgentA wins,27.00,0,0,0,0,0,0,0,0,0,0
261,AgentA wins,15.00,0,0,0,0,0,0,0,0,0,0
262,AgentA wins,32.00,0,0,0,0,0,0,0,0,0,0
263,AgentA wins,29.00,0,0,0,0,0,0,0,0,0,0
264,AgentB wins,19.33,0,0,0,0,0,0,0,0,0,0
265,AgentB wins,36.67,0,0,0,0,0,0,0,0,0,0
266,AgentA wins,15.00,0,0,0,0,0,0,0,0,0,0
267,timeout draw,60.00,0,0,0,0,0,0,0,0,0,0
268,AgentA wins,18.67,0,0,0,0,0,0,0,0,0,0
251,AgentA wins,20.67,0,0,0,0,0,0,0,0,0,0
252,AgentA wins,24.00,0,0,0,0,0,0,0,0,0,0
253,AgentA wins,43.00,0,0,0,0,0,0,0,0,0,0
254,AgentA wins,32.67,0,0,0,0,0,0,0,0,0,0
251,AgentA wins,15.00,0,0,0,0,0,0,0,0,0,0
252,timeout draw,60.00,0,0,0,0,0,0,0,0,0,0
253,timeout draw,60.00,0,0,0,0,0,0,0,0,0,0
254,AgentA wins,41.00,0,0,0,0,0,0,0,0,0,0
255,timeout draw,60.00,0,0,0,0,0,0,0,0,0,0
291,AgentA wins,18.00,157,156,0,72,0,105,0,17,21,42
292,AgentB wins,28.00,245,247,0,103,0,168,0,29,45,50
293,AgentA wins,34.67,301,309,0,112,0,186,0,29,57,49
294,AgentA wins,23.67,204,207,0,71,0,131,0,20,37,33
321,AgentA wins,47.67,0,0,0,0,0,0,0,0,0,0
322,AgentB wins,28.67,0,0,0,0,0,0,0,0,0,0
323,AgentA wins,26.00,0,0,0,0,0,0,0,0,0,0
271,AgentA wins,15.00,0,0,0,0,0,0,0,0,0,0
272,AgentA wins,15.00,0,0,0,0,0,0,0,0,0,0
273,AgentA wins,27.00,0,0,0,0,0,0,0,0,0,0
281,AgentA wins,20.33,0,0,0,0,0,0,0,0,0,0
282,AgentA wins,22.67,0,0,0,0,0,0,0,0,0,0
283,AgentA wins,23.67,0,0,0,0,0,0,0,0,0,0
284,timeout draw,60.00,0,0,0,0,0,0,0,0,0,0
285,AgentA wins,33.00,0,0,0,0,0,0,0,0,0,0
286,AgentA wins,15.00,0,0,0,0,0,0,0,0,0,0
287,AgentA wins,27.00,0,0,0,0,0,0,0,0,0,0
288,AgentA wins,36.00,0,0,0,0,0,0,0,0,0,0
289,AgentA wins,18.00,0,0,0,0,0,0,0,0,0,0
261,AgentA wins,38.67,0,0,0,0,0,0,0,0,0,0
262,AgentA wins,27.00,0,0,0,0,0,0,0,0,0,0
263,AgentA wins,42.00,0,0,0,0,0,0,0,0,0,0
264,AgentA wins,15.00,0,0,0,0,0,0,0,0,0,0
265,AgentA wins,46.33,0,0,0,0,0,0,0,0,0,0
266,AgentA wins,18.67,0,0,0,0,0,0,0,0,0,0
267,AgentA wins,24.33,0,0,0,0,0,0,0,0,0,0
268,timeout draw,60.00,0,0,0,0,0,0,0,0,0,0
271,timeout draw,60.00,0,0,0,0,0,0,0,0,0,0
272,AgentA wins,24.00,0,0,0,0,0,0,0,0,0,0
241,AgentB wins,42.67,0,0,0,0,0,0,0,0,0,0
242,AgentB wins,54.67,0,0,0,0,0,0,0,0,0,0
243,timeout draw,60.00,0,0,0,0,0,0,0,0,0,0
244,AgentA wins,15.00,0,0,0,0,0,0,0,0,0,0
245,AgentB wins,44.33,0,0,0,0,0,0,0,0,0,0
246,AgentB wins,34.67,0,0,0,0,0,0,0,0,0,0
261,AgentB wins,59.00,0,0,0,0,0,0,0,0,0,0
262,AgentB wins,45.67,0,0,0,0,0,0,0,0,0,0
263,AgentA wins,29.00,0,0,0,0,0,0,0,0,0,0
264,AgentB wins,26.00,0,0,0,0,0,0,0,0,0,0
391,AgentA wins,20.00,0,0,0,0,0,0,0,0,0,0
392,AgentA wins,15.00,0,0,0,0,0,0,0,0,0,0
393,AgentA wins,19.67,0,0,0,0,0,0,0,0,0,0
394,AgentA wins,20.00,0,0,0,0,0,0,0,0,0,0
395,AgentA wins,19.67,0,0,0,0,0,0,0,0,0,0
396,AgentA wins,20.00,0,0,0,0,0,0,0,0,0,0
397,AgentA wins,15.00,0,0,0,0,0,0,0,0,0,0
251,AgentA wins,21.33,0,0,0,0,0,0,0,0,0,0
252,AgentA wins,20.00,0,0,0,0,0,0,0,0,0,0
253,AgentA wins,26.00,0,0,0,0,0,0,0,0,0,0
254,AgentA wins,15.00,0,0,0,0,0,0,0,0,0,0
255,AgentA wins,20.00,0,0,0,0,0,0,0,0,0,0
256,AgentA wins,33.00,0,0,0,0,0,0,0,0,0,0
257,AgentB wins,19.67,0,0,0,0,0,0,0,0,0,0
301,timeout draw,60.00,0,0,0,0,0,0,0,0,0,0
302,timeout draw,60.00,0,0,0,0,0,0,0,0,0,0
341,AgentA wins,18.00,0,0,0,0,0,0,0,0,0,0
342,AgentA wins,38.67,0,0,0,0,0,0,0,0,0,0
343,AgentA wins,43.33,0,0,0,0,0,0,0,0,0,0
344,AgentA wins,18.00,0,0,0,0,0,0,0,0,0,0
271,AgentA wins,15.00,0,0,0,0,0,0,0,0,0,0
272,AgentA wins,35.00,0,0,0,0,0,0,0,0,0,0
273,AgentA wins,24.00,0,0,0,0,0,0,0,0,0,0
274,AgentB wins,36.33,0,0,0,0,0,0,0,0,0,0
275,timeout draw,60.00,0,0,0,0,0,0,0,0,0,0
276,AgentA wins,19.67,0,0,0,0,0,0,0,0,0,0
277,AgentA wins,15.00,0,0,0,0,0,0,0,0,0,0
278,AgentA wins,15.00,0,0,0,0,0,0,0,0,0,0
391,AgentA wins,19.67,0,0,0,0,0,0,0,0,0,0
392,AgentA wins,20.00,0,0,0,0,0,0,0,0,0,0
393,AgentA wins,17.00,0,0,0,0,0,0,0,0,0,0
394,AgentA wins,20.00,0,0,0,0,0,0,0,0,0,0
271,AgentA wins,27.00,0,0,0,0,0,0,0,0,0,0
272,AgentA wins,39.67,0,0,0,0,0,0,0,0,0,0
273,timeout draw,60.00,0,0,0,0,0,0,0,0,0,0
274,AgentA wins,21.00,0,0,0,0,0,0,0,0,0,0
275,AgentA wins,20.00,0,0,0,0,0,0,0,0,0,0
276,AgentB wins,49.00,0,0,0,0,0,0,0,0,0,0
277,AgentA wins,40.67,0,0,0,0,0,0,0,0,0,0
278,AgentB wins,50.00,0,0,0,0,0,0,0,0,0,0
261,AgentA wins,15.00,0,0,0,0,0,0,0,0,0,0
