Episode,Result,Duration,A_Attack,A_Block,A_Dodge,A_Hit,A_Blocked,B_Attack,B_Block,B_Dodge,B_Hit,B_Blocked
1,AgentA wins,17.67,0,0,0,0,0,0,0,0,0,0
2,AgentA wins,18.00,0,0,0,0,0,0,0,0,0,0
3,AgentA wins,18.00,0,0,0,0,0,0,0,0,0,0
4,AgentA wins,18.00,0,0,0,0,0,0,0,0,0,0
5,AgentA wins,18.00,0,0,0,0,0,0,0,0,0,0
6,AgentA wins,18.00,0,0,0,0,0,0,0,0,0,0
7,AgentA wins,18.00,0,0,0,0,0,0,0,0,0,0
8,AgentA wins,18.00,0,0,0,0,0,0,0,0,0,0
9,AgentA wins,18.00,0,0,0,0,0,0,0,0,0,0
10,AgentA wins,18.00,0,0,0,0,0,0,0,0,0,0
1,AgentA wins,17.67,0,0,0,0,0,0,0,0,0,0
2,AgentA wins,18.00,0,0,0,0,0,0,0,0,0,0
3,AgentA wins,18.00,0,0,0,0,0,0,0,0,0,0
4,AgentA wins,18.00,0,0,0,0,0,0,0,0,0,0
5,AgentA wins,18.00,0,0,0,0,0,0,0,0,0,0
6,AgentA wins,18.00,0,0,0,0,0,0,0,0,0,0
7,AgentA wins,18.00,0,0,0,0,0,0,0,0,0,0
8,AgentA wins,18.00,0,0,0,0,0,0,0,0,0,0
9,AgentA wins,18.00,0,0,0,0,0,0,0,0,0,0
10,AgentA wins,18.00,0,0,0,0,0,0,0,0,0,0
1,AgentA wins,17.67,0,0,0,0,0,0,0,0,0,0
2,AgentA wins,18.00,0,0,0,0,0,0,0,0,0,0
3,AgentA wins,18.00,0,0,0,0,0,0,0,0,0,0
4,AgentA wins,18.00,0,0,0,0,0,0,0,0,0,0
5,AgentA wins,18.00,0,0,0,0,0,0,0,0,0,0
6,AgentA wins,18.00,0,0,0,0,0,0,0,0,0,0
7,AgentA wins,18.00,0,0,0,0,0,0,0,0,0,0
8,AgentA wins,18.00,0,0,0,0,0,0,0,0,0,0
9,AgentA wins,18.00,0,0,0,0,0,0,0,0,0,0
10,AgentA wins,18.00,0,0,0,0,0,0,0,0,0,0
1,AgentA wins,17.67,0,0,0,0,0,0,0,0,0,0
2,AgentA wins,18.00,0,0,0,0,0,0,0,0,0,0
3,AgentA wins,18.00,0,0,0,0,0,0,0,0,0,0
4,AgentA wins,18.00,0,0,0,0,0,0,0,0,0,0
5,AgentA wins,18.00,0,0,0,0,0,0,0,0,0,0
6,AgentA wins,18.00,0,0,0,0,0,0,0,0,0,0
7,AgentA wins,18.00,0,0,0,0,0,0,0,0,0,0
8,AgentA wins,18.00,0,0,0,0,0,0,0,0,0,0
9,AgentA wins,18.00,0,0,0,0,0,0,0,0,0,0
10,AgentA wins,18.00,0,0,0,0,0,0,0,0,0,0
1,AgentA wins,17.67,0,0,0,0,0,0,0,0,0,0
2,AgentA wins,18.00,0,0,0,0,0,0,0,0,0,0
3,AgentA wins,18.00,0,0,0,0,0,0,0,0,0,0
4,AgentA wins,18.00,0,0,0,0,0,0,0,0,0,0
5,AgentA wins,18.00,0,0,0,0,0,0,0,0,0,0
6,AgentA wins,18.00,0,0,0,0,0,0,0,0,0,0
7,AgentA wins,18.00,0,0,0,0,0,0,0,0,0,0
8,AgentA wins,18.00,0,0,0,0,0,0,0,0,0,0
9,AgentA wins,18.00,0,0,0,0,0,0,0,0,0,0
10,AgentA wins,18.00,0,0,0,0,0,0,0,0,0,0
1,AgentA wins,17.67,0,0,0,0,0,0,0,0,0,0
2,AgentA wins,18.00,0,0,0,0,0,0,0,0,0,0
3,AgentA wins,18.00,0,0,0,0,0,0,0,0,0,0
4,AgentA wins,18.00,0,0,0,0,0,0,0,0,0,0
5,AgentA wins,18.00,0,0,0,0,0,0,0,0,0,0
6,AgentA wins,18.00,0,0,0,0,0,0,0,0,0,0
7,AgentA wins,18.00,0,0,0,0,0,0,0,0,0,0
8,AgentA wins,18.00,0,0,0,0,0,0,0,0,0,0
9,AgentA wins,18.00,0,0,0,0,0,0,0,0,0,0
10,AgentA wins,18.00,0,0,0,0,0,0,0,0,0,0
1,AgentA wins,17.67,0,0,0,0,0,0,0,0,0,0
2,AgentA wins,18.00,0,0,0,0,0,0,0,0,0,0
3,AgentA wins,18.00,0,0,0,0,0,0,0,0,0,0
4,AgentA wins,18.00,0,0,0,0,0,0,0,0,0,0
5,AgentA wins,18.00,0,0,0,0,0,0,0,0,0,0
6,AgentA wins,18.00,0,0,0,0,0,0,0,0,0,0
7,AgentA wins,18.00,0,0,0,0,0,0,0,0,0,0
8,AgentA wins,18.00,0,0,0,0,0,0,0,0,0,0
9,AgentA wins,18.00,0,0,0,0,0,0,0,0,0,0
10,AgentA wins,18.00,0,0,0,0,0,0,0,0,0,0
1,AgentA wins,17.67,0,0,0,0,0,0,0,0,0,0
2,AgentA wins,18.00,0,0,0,0,0,0,0,0,0,0
3,AgentA wins,18.00,0,0,0,0,0,0,0,0,0,0
4,AgentA wins,18.00,0,0,0,0,0,0,0,0,0,0
5,AgentA wins,18.00,0,0,0,0,0,0,0,0,0,0
6,AgentA wins,18.00,0,0,0,0,0,0,0,0,0,0
7,AgentA wins,18.00,0,0,0,0,0,0,0,0,0,0
8,AgentA wins,18.00,0,0,0,0,0,0,0,0,0,0
9,AgentA wins,18.00,0,0,0,0,0,0,0,0,0,0
10,AgentA wins,18.00,0,0,0,0,0,0,0,0,0,0
1,AgentA wins,17.67,0,0,0,0,0,0,0,0,0,0
2,AgentA wins,18.00,0,0,0,0,0,0,0,0,0,0
3,AgentA wins,18.00,0,0,0,0,0,0,0,0,0,0
4,AgentA wins,18.00,0,0,0,0,0,0,0,0,0,0
5,AgentA wins,18.00,0,0,0,0,0,0,0,0,0,0
6,AgentA wins,18.00,0,0,0,0,0,0,0,0,0,0
7,AgentA wins,18.00,0,0,0,0,0,0,0,0,0,0
8,AgentA wins,18.00,0,0,0,0,0,0,0,0,0,0
9,AgentA wins,18.00,0,0,0,0,0,0,0,0,0,0
10,AgentA wins,18.00,0,0,0,0,0,0,0,0,0,0
1,AgentA wins,17.67,0,0,0,0,0,0,0,0,0,0
2,AgentA wins,18.00,0,0,0,0,0,0,0,0,0,0
3,AgentA wins,18.00,0,0,0,0,0,0,0,0,0,0
4,AgentA wins,18.00,0,0,0,0,0,0,0,0,0,0
5,AgentA wins,18.00,0,0,0,0,0,0,0,0,0,0
6,AgentA wins,18.00,0,0,0,0,0,0,0,0,0,0
7,AgentA wins,18.00,0,0,0,0,0,0,0,0,0,0
8,AgentA wins,18.00,0,0,0,0,0,0,0,0,0,0
9,AgentA wins,18.00,0,0,0,0,0,0,0,0,0,0
10,AgentA wins,18.00,0,0,0,0,0,0,0,0,0,0
1,AgentA wins,17.67,0,0,0,0,0,0,0,0,0,0
2,AgentA wins,18.00,0,0,0,0,0,0,0,0,0,0
3,AgentA wins,18.00,0,0,0,0,0,0,0,0,0,0
4,AgentA wins,18.00,0,0,0,0,0,0,0,0,0,0
5,AgentA wins,18.00,0,0,0,0,0,0,0,0,0,0
6,AgentA wins,18.00,0,0,0,0,0,0,0,0,0,0
7,AgentA wins,18.33,0,0,0,0,0,0,0,0,0,0
8,AgentA wins,18.00,0,0,0,0,0,0,0,0,0,0
9,AgentA wins,18.00,0,0,0,0,0,0,0,0,0,0
10,AgentA wins,18.00,0,0,0,0,0,0,0,0,0,0
1,AgentA wins,17.67,0,0,0,0,0,0,0,0,0,0
2,AgentA wins,18.00,0,0,0,0,0,0,0,0,0,0
3,AgentA wins,18.00,0,0,0,0,0,0,0,0,0,0
4,AgentA wins,18.00,0,0,0,0,0,0,0,0,0,0
5,AgentA wins,18.00,0,0,0,0,0,0,0,0,0,0
6,AgentA wins,18.00,0,0,0,0,0,0,0,0,0,0
7,AgentA wins,18.33,0,0,0,0,0,0,0,0,0,0
8,AgentA wins,18.00,0,0,0,0,0,0,0,0,0,0
9,AgentA wins,18.00,0,0,0,0,0,0,0,0,0,0
10,AgentA wins,18.00,0,0,0,0,0,0,0,0,0,0
1,AgentA wins,17.67,0,0,0,0,0,0,0,0,0,0
2,AgentA wins,18.33,0,0,0,0,0,0,0,0,0,0
3,AgentA wins,18.00,0,0,0,0,0,0,0,0,0,0
4,AgentA wins,18.00,0,0,0,0,0,0,0,0,0,0
5,AgentA wins,18.00,0,0,0,0,0,0,0,0,0,0
6,AgentA wins,18.00,0,0,0,0,0,0,0,0,0,0
7,AgentA wins,18.00,0,0,0,0,0,0,0,0,0,0
8,AgentA wins,18.00,0,0,0,0,0,0,0,0,0,0
9,AgentA wins,18.00,0,0,0,0,0,0,0,0,0,0
10,AgentA wins,18.00,0,0,0,0,0,0,0,0,0,0
1,AgentA wins,17.67,0,0,0,0,0,0,0,0,0,0
2,AgentA wins,18.00,0,0,0,0,0,0,0,0,0,0
3,AgentA wins,18.00,0,0,0,0,0,0,0,0,0,0
4,AgentA wins,18.00,0,0,0,0,0,0,0,0,0,0
5,AgentA wins,18.00,0,0,0,0,0,0,0,0,0,0
6,AgentA wins,18.00,0,0,0,0,0,0,0,0,0,0
7,AgentA wins,18.00,0,0,0,0,0,0,0,0,0,0
8,AgentA wins,18.00,0,0,0,0,0,0,0,0,0,0
9,AgentA wins,18.33,0,0,0,0,0,0,0,0,0,0
10,AgentA wins,18.00,0,0,0,0,0,0,0,0,0,0
1,AgentA wins,18.00,0,0,0,0,0,0,0,0,0,0
2,AgentA wins,18.00,0,0,0,0,0,0,0,0,0,0
3,AgentA wins,18.33,0,0,0,0,0,0,0,0,0,0
4,AgentA wins,18.00,0,0,0,0,0,0,0,0,0,0
5,AgentA wins,18.00,0,0,0,0,0,0,0,0,0,0
6,AgentA wins,18.00,0,0,0,0,0,0,0,0,0,0
7,AgentA wins,18.00,0,0,0,0,0,0,0,0,0,0
8,AgentA wins,18.00,0,0,0,0,0,0,0,0,0,0
9,AgentA wins,18.00,0,0,0,0,0,0,0,0,0,0
10,AgentA wins,18.00,0,0,0,0,0,0,0,0,0,0
1,AgentA wins,20.67,180,198,0,110,0,124,0,19,34,56
2,AgentA wins,18.00,154,168,0,115,0,124,0,24,31,55
3,AgentA wins,18.00,157,167,0,114,0,122,0,22,27,57
4,AgentA wins,18.00,156,167,0,105,0,119,0,21,34,59
5,AgentB wins,18.67,170,174,0,113,0,121,0,22,32,62
6,AgentA wins,18.00,167,154,0,106,0,101,0,21,27,63
7,AgentA wins,22.67,199,202,0,138,0,150,0,24,47,65
8,AgentA wins,24.00,206,218,0,160,0,167,0,25,29,87
9,AgentA wins,18.00,154,168,0,116,0,120,0,24,25,50
10,AgentA wins,18.00,154,169,0,112,0,120,0,22,29,44
1,AgentA wins,17.67,0,0,0,0,0,0,0,0,0,0
2,AgentA wins,18.00,0,0,0,0,0,0,0,0,0,0
3,AgentA wins,18.00,0,0,0,0,0,0,0,0,0,0
4,AgentB wins,21.33,0,0,0,0,0,0,0,0,0,0
5,AgentA wins,31.33,0,0,0,0,0,0,0,0,0,0
6,AgentA wins,18.00,0,0,0,0,0,0,0,0,0,0
7,AgentA wins,18.00,0,0,0,0,0,0,0,0,0,0
8,AgentA wins,18.00,0,0,0,0,0,0,0,0,0,0
9,AgentA wins,18.00,0,0,0,0,0,0,0,0,0,0
10,AgentA wins,18.00,0,0,0,0,0,0,0,0,0,0
1,AgentA wins,17.67,0,0,0,0,0,0,0,0,0,0
2,AgentA wins,20.00,0,0,0,0,0,0,0,0,0,0
3,AgentA wins,27.67,0,0,0,0,0,0,0,0,0,0
4,AgentA wins,23.00,0,0,0,0,0,0,0,0,0,0
5,AgentA wins,18.00,0,0,0,0,0,0,0,0,0,0
6,AgentA wins,18.00,0,0,0,0,0,0,0,0,0,0
7,AgentA wins,23.00,0,0,0,0,0,0,0,0,0,0
8,AgentA wins,18.00,0,0,0,0,0,0,0,0,0,0
9,AgentA wins,18.00,0,0,0,0,0,0,0,0,0,0
10,AgentA wins,18.00,0,0,0,0,0,0,0,0,0,0
1,AgentA wins,30.67,0,0,0,0,0,0,0,0,0,0
2,AgentA wins,26.00,0,0,0,0,0,0,0,0,0,0
3,AgentA wins,18.00,0,0,0,0,0,0,0,0,0,0
4,AgentA wins,18.00,0,0,0,0,0,0,0,0,0,0
5,AgentA wins,18.00,0,0,0,0,0,0,0,0,0,0
6,AgentA wins,18.00,0,0,0,0,0,0,0,0,0,0
7,AgentA wins,18.00,0,0,0,0,0,0,0,0,0,0
8,AgentA wins,18.00,0,0,0,0,0,0,0,0,0,0
9,AgentA wins,18.00,0,0,0,0,0,0,0,0,0,0
10,AgentA wins,32.00,0,0,0,0,0,0,0,0,0,0
1,AgentB wins,30.67,0,0,0,0,0,0,0,0,0,0
2,AgentA wins,18.00,0,0,0,0,0,0,0,0,0,0
3,AgentA wins,18.00,0,0,0,0,0,0,0,0,0,0
4,AgentA wins,18.00,0,0,0,0,0,0,0,0,0,0
5,AgentA wins,18.00,0,0,0,0,0,0,0,0,0,0
6,AgentA wins,18.00,0,0,0,0,0,0,0,0,0,0
7,AgentA wins,18.00,0,0,0,0,0,0,0,0,0,0
8,AgentA wins,37.00,0,0,0,0,0,0,0,0,0,0
9,AgentA wins,18.00,0,0,0,0,0,0,0,0,0,0
10,AgentA wins,27.00,0,0,0,0,0,0,0,0,0,0
1,AgentA wins,28.67,0,0,0,0,0,0,0,0,0,0
2,AgentA wins,18.00,0,0,0,0,0,0,0,0,0,0
3,AgentA wins,25.33,0,0,0,0,0,0,0,0,0,0
4,AgentA wins,18.00,0,0,0,0,0,0,0,0,0,0
5,AgentA wins,38.00,0,0,0,0,0,0,0,0,0,0
6,AgentA wins,18.00,0,0,0,0,0,0,0,0,0,0
7,AgentA wins,18.00,0,0,0,0,0,0,0,0,0,0
8,AgentA wins,18.00,0,0,0,0,0,0,0,0,0,0
9,AgentA wins,26.00,0,0,0,0,0,0,0,0,0,0
10,AgentA wins,20.33,0,0,0,0,0,0,0,0,0,0
1,AgentA wins,30.67,0,0,0,0,0,0,0,0,0,0
2,AgentA wins,28.67,0,0,0,0,0,0,0,0,0,0
3,AgentA wins,32.00,0,0,0,0,0,0,0,0,0,0
4,AgentA wins,18.00,0,0,0,0,0,0,0,0,0,0
5,AgentA wins,18.00,0,0,0,0,0,0,0,0,0,0
6,AgentA wins,26.33,0,0,0,0,0,0,0,0,0,0
7,AgentA wins,18.00,0,0,0,0,0,0,0,0,0,0
8,AgentA wins,18.00,0,0,0,0,0,0,0,0,0,0
9,AgentA wins,29.00,0,0,0,0,0,0,0,0,0,0
10,AgentA wins,18.00,0,0,0,0,0,0,0,0,0,0
1,AgentA wins,17.67,0,0,0,0,0,0,0,0,0,0
2,AgentA wins,18.00,0,0,0,0,0,0,0,0,0,0
3,AgentA wins,33.00,0,0,0,0,0,0,0,0,0,0
4,AgentA wins,18.00,0,0,0,0,0,0,0,0,0,0
5,AgentA wins,43.00,0,0,0,0,0,0,0,0,0,0
6,AgentA wins,18.00,0,0,0,0,0,0,0,0,0,0
7,AgentA wins,18.00,0,0,0,0,0,0,0,0,0,0
8,AgentA wins,29.00,0,0,0,0,0,0,0,0,0,0
9,AgentA wins,18.00,0,0,0,0,0,0,0,0,0,0
10,AgentA wins,29.00,0,0,0,0,0,0,0,0,0,0
1,AgentA wins,31.67,0,0,0,0,0,0,0,0,0,0
2,AgentA wins,18.00,0,0,0,0,0,0,0,0,0,0
3,AgentB wins,22.00,0,0,0,0,0,0,0,0,0,0
4,AgentA wins,18.00,0,0,0,0,0,0,0,0,0,0
5,AgentB wins,42.67,0,0,0,0,0,0,0,0,0,0
6,AgentA wins,18.00,0,0,0,0,0,0,0,0,0,0
7,AgentA wins,18.00,0,0,0,0,0,0,0,0,0,0
8,AgentA wins,37.00,0,0,0,0,0,0,0,0,0,0
9,AgentA wins,18.00,0,0,0,0,0,0,0,0,0,0
10,AgentB wins,21.33,0,0,0,0,0,0,0,0,0,0
1,AgentA wins,30.33,0,0,0,0,0,0,0,0,0,0
2,AgentA wins,31.33,0,0,0,0,0,0,0,0,0,0
3,AgentA wins,18.00,0,0,0,0,0,0,0,0,0,0
4,AgentB wins,25.33,0,0,0,0,0,0,0,0,0,0
5,AgentA wins,18.00,0,0,0,0,0,0,0,0,0,0
6,AgentA wins,21.00,0,0,0,0,0,0,0,0,0,0
7,AgentA wins,29.00,0,0,0,0,0,0,0,0,0,0
8,AgentB wins,27.00,0,0,0,0,0,0,0,0,0,0
9,AgentA wins,28.00,0,0,0,0,0,0,0,0,0,0
10,AgentB wins,21.33,0,0,0,0,0,0,0,0,0,0
11,AgentA wins,18.00,0,0,0,0,0,0,0,0,0,0
12,AgentA wins,18.00,0,0,0,0,0,0,0,0,0,0
13,AgentA wins,18.00,0,0,0,0,0,0,0,0,0,0
14,AgentA wins,18.00,0,0,0,0,0,0,0,0,0,0
15,AgentA wins,18.00,0,0,0,0,0,0,0,0,0,0
16,AgentA wins,18.00,0,0,0,0,0,0,0,0,0,0
17,AgentA wins,18.00,0,0,0,0,0,0,0,0,0,0
18,AgentA wins,18.00,0,0,0,0,0,0,0,0,0,0
19,AgentA wins,18.00,0,0,0,0,0,0,0,0,0,0
20,AgentA wins,18.00,0,0,0,0,0,0,0,0,0,0
11,AgentA wins,18.00,0,0,0,0,0,0,0,0,0,0
12,AgentA wins,18.00,0,0,0,0,0,0,0,0,0,0
13,AgentA wins,18.00,0,0,0,0,0,0,0,0,0,0
14,AgentA wins,18.00,0,0,0,0,0,0,0,0,0,0
15,AgentA wins,18.00,0,0,0,0,0,0,0,0,0,0
16,AgentA wins,18.00,0,0,0,0,0,0,0,0,0,0
17,AgentA wins,18.00,0,0,0,0,0,0,0,0,0,0
18,AgentA wins,18.00,0,0,0,0,0,0,0,0,0,0
19,AgentA wins,18.00,0,0,0,0,0,0,0,0,0,0
20,AgentA wins,18.00,0,0,0,0,0,0,0,0,0,0
11,AgentA wins,18.00,0,0,0,0,0,0,0,0,0,0
12,AgentA wins,18.00,0,0,0,0,0,0,0,0,0,0
13,AgentA wins,18.00,0,0,0,0,0,0,0,0,0,0
14,AgentA wins,18.00,0,0,0,0,0,0,0,0,0,0
15,AgentA wins,18.00,0,0,0,0,0,0,0,0,0,0
16,AgentA wins,18.00,0,0,0,0,0,0,0,0,0,0
17,AgentA wins,18.00,0,0,0,0,0,0,0,0,0,0
18,AgentA wins,18.00,0,0,0,0,0,0,0,0,0,0
19,AgentA wins,18.00,0,0,0,0,0,0,0,0,0,0
20,AgentA wins,18.00,0,0,0,0,0,0,0,0,0,0
11,AgentA wins,18.00,0,0,0,0,0,0,0,0,0,0
12,AgentA wins,18.00,0,0,0,0,0,0,0,0,0,0
13,AgentA wins,18.00,0,0,0,0,0,0,0,0,0,0
14,AgentA wins,18.00,0,0,0,0,0,0,0,0,0,0
15,AgentA wins,18.00,0,0,0,0,0,0,0,0,0,0
16,AgentA wins,18.00,0,0,0,0,0,0,0,0,0,0
17,AgentA wins,18.00,0,0,0,0,0,0,0,0,0,0
18,AgentA wins,18.00,0,0,0,0,0,0,0,0,0,0
19,AgentA wins,18.00,0,0,0,0,0,0,0,0,0,0
20,AgentA wins,18.00,0,0,0,0,0,0,0,0,0,0
11,AgentA wins,18.00,0,0,0,0,0,0,0,0,0,0
12,AgentA wins,18.00,0,0,0,0,0,0,0,0,0,0
13,AgentA wins,18.00,0,0,0,0,0,0,0,0,0,0
14,AgentA wins,18.00,0,0,0,0,0,0,0,0,0,0
15,AgentA wins,18.00,0,0,0,0,0,0,0,0,0,0
16,AgentA wins,18.00,0,0,0,0,0,0,0,0,0,0
17,AgentA wins,18.00,0,0,0,0,0,0,0,0,0,0
18,AgentA wins,18.00,0,0,0,0,0,0,0,0,0,0
19,AgentA wins,18.00,0,0,0,0,0,0,0,0,0,0
20,AgentA wins,18.00,0,0,0,0,0,0,0,0,0,0
11,AgentA wins,18.00,0,0,0,0,0,0,0,0,0,0
12,AgentA wins,18.00,0,0,0,0,0,0,0,0,0,0
13,AgentA wins,18.00,0,0,0,0,0,0,0,0,0,0
14,AgentA wins,18.00,0,0,0,0,0,0,0,0,0,0
15,AgentA wins,18.00,0,0,0,0,0,0,0,0,0,0
16,AgentA wins,18.00,0,0,0,0,0,0,0,0,0,0
17,AgentA wins,18.00,0,0,0,0,0,0,0,0,0,0
18,AgentA wins,18.00,0,0,0,0,0,0,0,0,0,0
19,AgentA wins,18.00,0,0,0,0,0,0,0,0,0,0
20,AgentA wins,18.00,0,0,0,0,0,0,0,0,0,0
11,AgentA wins,18.00,0,0,0,0,0,0,0,0,0,0
12,AgentA wins,18.00,0,0,0,0,0,0,0,0,0,0
13,AgentA wins,18.00,0,0,0,0,0,0,0,0,0,0
14,AgentA wins,18.00,0,0,0,0,0,0,0,0,0,0
15,AgentA wins,18.00,0,0,0,0,0,0,0,0,0,0
16,AgentA wins,18.00,0,0,0,0,0,0,0,0,0,0
17,AgentA wins,18.00,0,0,0,0,0,0,0,0,0,0
18,AgentA wins,18.00,0,0,0,0,0,0,0,0,0,0
19,AgentA wins,18.00,0,0,0,0,0,0,0,0,0,0
20,AgentA wins,18.00,0,0,0,0,0,0,0,0,0,0
11,AgentA wins,18.00,0,0,0,0,0,0,0,0,0,0
12,AgentA wins,18.00,0,0,0,0,0,0,0,0,0,0
13,AgentA wins,18.00,0,0,0,0,0,0,0,0,0,0
14,AgentA wins,18.00,0,0,0,0,0,0,0,0,0,0
15,AgentA wins,18.00,0,0,0,0,0,0,0,0,0,0
16,AgentA wins,18.00,0,0,0,0,0,0,0,0,0,0
17,AgentA wins,18.00,0,0,0,0,0,0,0,0,0,0
18,AgentA wins,18.00,0,0,0,0,0,0,0,0,0,0
19,AgentA wins,18.00,0,0,0,0,0,0,0,0,0,0
20,AgentA wins,18.00,0,0,0,0,0,0,0,0,0,0
11,AgentA wins,18.00,0,0,0,0,0,0,0,0,0,0
12,AgentA wins,18.00,0,0,0,0,0,0,0,0,0,0
13,AgentA wins,18.00,0,0,0,0,0,0,0,0,0,0
14,AgentA wins,18.00,0,0,0,0,0,0,0,0,0,0
15,AgentA wins,18.00,0,0,0,0,0,0,0,0,0,0
16,AgentA wins,18.33,0,0,0,0,0,0,0,0,0,0
17,AgentA wins,18.00,0,0,0,0,0,0,0,0,0,0
18,AgentA wins,18.00,0,0,0,0,0,0,0,0,0,0
19,AgentA wins,18.00,0,0,0,0,0,0,0,0,0,0
20,AgentA wins,18.00,0,0,0,0,0,0,0,0,0,0
11,AgentA wins,18.00,0,0,0,0,0,0,0,0,0,0
12,AgentA wins,18.00,0,0,0,0,0,0,0,0,0,0
13,AgentA wins,18.00,0,0,0,0,0,0,0,0,0,0
14,AgentA wins,18.00,0,0,0,0,0,0,0,0,0,0
15,AgentA wins,18.00,0,0,0,0,0,0,0,0,0,0
16,AgentA wins,18.00,0,0,0,0,0,0,0,0,0,0
17,AgentA wins,18.00,0,0,0,0,0,0,0,0,0,0
18,AgentA wins,18.00,0,0,0,0,0,0,0,0,0,0
19,AgentA wins,18.00,0,0,0,0,0,0,0,0,0,0
20,AgentA wins,18.00,0,0,0,0,0,0,0,0,0,0
11,AgentA wins,18.00,0,0,0,0,0,0,0,0,0,0
12,AgentA wins,18.00,0,0,0,0,0,0,0,0,0,0
13,AgentA wins,18.00,0,0,0,0,0,0,0,0,0,0
14,AgentA wins,18.00,0,0,0,0,0,0,0,0,0,0
15,AgentA wins,18.00,0,0,0,0,0,0,0,0,0,0
16,AgentA wins,18.00,0,0,0,0,0,0,0,0,0,0
17,AgentA wins,18.00,0,0,0,0,0,0,0,0,0,0
18,AgentA wins,18.00,0,0,0,0,0,0,0,0,0,0
19,AgentA wins,18.00,0,0,0,0,0,0,0,0,0,0
20,AgentA wins,18.00,0,0,0,0,0,0,0,0,0,0
11,AgentA wins,18.00,0,0,0,0,0,0,0,0,0,0
12,AgentA wins,18.00,0,0,0,0,0,0,0,0,0,0
13,AgentA wins,18.00,0,0,0,0,0,0,0,0,0,0
14,AgentA wins,18.00,0,0,0,0,0,0,0,0,0,0
15,AgentA wins,18.00,0,0,0,0,0,0,0,0,0,0
16,AgentA wins,18.00,0,0,0,0,0,0,0,0,0,0
17,AgentA wins,18.00,0,0,0,0,0,0,0,0,0,0
18,AgentA wins,18.00,0,0,0,0,0,0,0,0,0,0
19,AgentA wins,18.00,0,0,0,0,0,0,0,0,0,0
20,AgentA wins,18.00,0,0,0,0,0,0,0,0,0,0
11,AgentA wins,18.00,0,0,0,0,0,0,0,0,0,0
12,AgentA wins,18.00,0,0,0,0,0,0,0,0,0,0
13,AgentA wins,18.00,0,0,0,0,0,0,0,0,0,0
14,AgentA wins,18.00,0,0,0,0,0,0,0,0,0,0
15,AgentA wins,18.00,0,0,0,0,0,0,0,0,0,0
16,AgentA wins,18.00,0,0,0,0,0,0,0,0,0,0
17,AgentA wins,18.00,0,0,0,0,0,0,0,0,0,0
18,AgentA wins,18.00,0,0,0,0,0,0,0,0,0,0
19,AgentA wins,18.00,0,0,0,0,0,0,0,0,0,0
20,AgentA wins,18.33,0,0,0,0,0,0,0,0,0,0
11,AgentA wins,18.00,0,0,0,0,0,0,0,0,0,0
12,AgentA wins,18.00,0,0,0,0,0,0,0,0,0,0
13,AgentA wins,18.00,0,0,0,0,0,0,0,0,0,0
14,AgentA wins,18.00,0,0,0,0,0,0,0,0,0,0
15,AgentA wins,18.00,0,0,0,0,0,0,0,0,0,0
16,AgentA wins,18.33,0,0,0,0,0,0,0,0,0,0
17,AgentA wins,18.00,0,0,0,0,0,0,0,0,0,0
18,AgentA wins,18.00,0,0,0,0,0,0,0,0,0,0
19,AgentA wins,18.00,0,0,0,0,0,0,0,0,0,0
20,AgentA wins,18.00,0,0,0,0,0,0,0,0,0,0
11,AgentA wins,18.00,0,0,0,0,0,0,0,0,0,0
12,AgentA wins,18.00,0,0,0,0,0,0,0,0,0,0
13,AgentA wins,18.00,0,0,0,0,0,0,0,0,0,0
14,AgentA wins,18.00,0,0,0,0,0,0,0,0,0,0
15,AgentA wins,18.00,0,0,0,0,0,0,0,0,0,0
16,AgentA wins,18.33,0,0,0,0,0,0,0,0,0,0
17,AgentA wins,18.00,0,0,0,0,0,0,0,0,0,0
18,AgentA wins,18.00,0,0,0,0,0,0,0,0,0,0
19,AgentA wins,18.00,0,0,0,0,0,0,0,0,0,0
20,AgentA wins,18.00,0,0,0,0,0,0,0,0,0,0
11,AgentA wins,18.00,152,167,0,107,0,120,0,21,31,40
12,AgentA wins,18.00,157,167,0,112,0,122,0,21,29,42
13,AgentA wins,22.00,194,196,0,133,0,132,0,38,36,63
14,AgentA wins,18.00,165,159,0,99,0,105,0,22,29,59
15,AgentA wins,18.00,168,158,0,96,0,109,0,21,28,47
16,AgentA wins,30.00,273,261,0,164,0,189,0,29,52,86
17,AgentA wins,25.33,215,222,0,155,0,157,0,38,39,83
18,AgentA wins,18.00,154,167,0,101,0,108,0,19,31,64
19,AgentB wins,22.67,202,216,0,123,0,135,0,22,36,61
20,AgentA wins,20.00,175,183,0,111,0,129,0,22,32,61
11,AgentA wins,18.00,0,0,0,0,0,0,0,0,0,0
12,AgentA wins,18.00,0,0,0,0,0,0,0,0,0,0
13,AgentA wins,18.00,0,0,0,0,0,0,0,0,0,0
14,AgentA wins,18.00,0,0,0,0,0,0,0,0,0,0
15,AgentA wins,18.00,0,0,0,0,0,0,0,0,0,0
16,AgentA wins,18.00,0,0,0,0,0,0,0,0,0,0
17,AgentA wins,18.00,0,0,0,0,0,0,0,0,0,0
18,AgentA wins,18.00,0,0,0,0,0,0,0,0,0,0
19,AgentA wins,18.00,0,0,0,0,0,0,0,0,0,0
20,AgentB wins,27.33,0,0,0,0,0,0,0,0,0,0
11,AgentA wins,18.00,0,0,0,0,0,0,0,0,0,0
12,AgentA wins,18.00,0,0,0,0,0,0,0,0,0,0
13,AgentA wins,18.00,0,0,0,0,0,0,0,0,0,0
14,AgentA wins,18.00,0,0,0,0,0,0,0,0,0,0
15,AgentA wins,18.00,0,0,0,0,0,0,0,0,0,0
16,AgentA wins,18.00,0,0,0,0,0,0,0,0,0,0
17,AgentA wins,18.00,0,0,0,0,0,0,0,0,0,0
18,AgentA wins,18.00,0,0,0,0,0,0,0,0,0,0
19,AgentA wins,18.00,0,0,0,0,0,0,0,0,0,0
20,AgentA wins,18.00,0,0,0,0,0,0,0,0,0,0
11,AgentA wins,20.33,0,0,0,0,0,0,0,0,0,0
12,AgentA wins,18.00,0,0,0,0,0,0,0,0,0,0
13,AgentA wins,25.00,0,0,0,0,0,0,0,0,0,0
14,AgentB wins,30.00,0,0,0,0,0,0,0,0,0,0
15,AgentA wins,18.00,0,0,0,0,0,0,0,0,0,0
16,AgentA wins,18.00,0,0,0,0,0,0,0,0,0,0
17,AgentA wins,18.00,0,0,0,0,0,0,0,0,0,0
18,AgentA wins,23.33,0,0,0,0,0,0,0,0,0,0
19,AgentA wins,34.00,0,0,0,0,0,0,0,0,0,0
20,AgentA wins,21.00,0,0,0,0,0,0,0,0,0,0
11,AgentA wins,18.00,0,0,0,0,0,0,0,0,0,0
12,AgentA wins,20.00,0,0,0,0,0,0,0,0,0,0
13,AgentA wins,35.00,0,0,0,0,0,0,0,0,0,0
14,AgentA wins,18.00,0,0,0,0,0,0,0,0,0,0
15,AgentA wins,18.00,0,0,0,0,0,0,0,0,0,0
16,AgentA wins,18.00,0,0,0,0,0,0,0,0,0,0
17,AgentA wins,18.00,0,0,0,0,0,0,0,0,0,0
18,AgentA wins,18.00,0,0,0,0,0,0,0,0,0,0
19,AgentA wins,18.00,0,0,0,0,0,0,0,0,0,0
20,AgentA wins,18.00,0,0,0,0,0,0,0,0,0,0
11,AgentA wins,23.00,0,0,0,0,0,0,0,0,0,0
12,AgentA wins,24.00,0,0,0,0,0,0,0,0,0,0
13,AgentA wins,25.67,0,0,0,0,0,0,0,0,0,0
14,AgentA wins,21.00,0,0,0,0,0,0,0,0,0,0
15,AgentA wins,18.00,0,0,0,0,0,0,0,0,0,0
16,AgentB wins,22.67,0,0,0,0,0,0,0,0,0,0
17,AgentA wins,18.00,0,0,0,0,0,0,0,0,0,0
18,AgentB wins,19.67,0,0,0,0,0,0,0,0,0,0
19,AgentA wins,34.00,0,0,0,0,0,0,0,0,0,0
20,AgentA wins,18.00,0,0,0,0,0,0,0,0,0,0
11,AgentA wins,38.67,0,0,0,0,0,0,0,0,0,0
12,AgentA wins,21.00,0,0,0,0,0,0,0,0,0,0
13,AgentA wins,21.00,0,0,0,0,0,0,0,0,0,0
14,AgentA wins,18.00,0,0,0,0,0,0,0,0,0,0
15,AgentA wins,18.00,0,0,0,0,0,0,0,0,0,0
16,AgentB wins,26.33,0,0,0,0,0,0,0,0,0,0
17,AgentA wins,38.00,0,0,0,0,0,0,0,0,0,0
18,AgentA wins,18.00,0,0,0,0,0,0,0,0,0,0
19,AgentA wins,18.00,0,0,0,0,0,0,0,0,0,0
20,AgentA wins,27.00,0,0,0,0,0,0,0,0,0,0
11,AgentA wins,26.00,0,0,0,0,0,0,0,0,0,0
12,AgentA wins,29.00,0,0,0,0,0,0,0,0,0,0
13,AgentB wins,27.33,0,0,0,0,0,0,0,0,0,0
14,AgentA wins,18.00,0,0,0,0,0,0,0,0,0,0
15,AgentA wins,18.00,0,0,0,0,0,0,0,0,0,0
16,AgentA wins,18.00,0,0,0,0,0,0,0,0,0,0
17,AgentA wins,18.00,0,0,0,0,0,0,0,0,0,0
18,AgentA wins,28.33,0,0,0,0,0,0,0,0,0,0
19,AgentA wins,18.00,0,0,0,0,0,0,0,0,0,0
20,AgentA wins,18.00,0,0,0,0,0,0,0,0,0,0
11,AgentA wins,18.00,0,0,0,0,0,0,0,0,0,0
12,AgentA wins,18.00,0,0,0,0,0,0,0,0,0,0
13,AgentA wins,18.00,0,0,0,0,0,0,0,0,0,0
14,AgentA wins,18.00,0,0,0,0,0,0,0,0,0,0
15,AgentA wins,18.00,0,0,0,0,0,0,0,0,0,0
16,AgentA wins,45.00,0,0,0,0,0,0,0,0,0,0
17,AgentB wins,25.67,0,0,0,0,0,0,0,0,0,0
18,AgentB wins,29.33,0,0,0,0,0,0,0,0,0,0
19,AgentA wins,18.00,0,0,0,0,0,0,0,0,0,0
20,AgentA wins,18.00,0,0,0,0,0,0,0,0,0,0
11,AgentB wins,19.33,0,0,0,0,0,0,0,0,0,0
12,AgentA wins,28.33,0,0,0,0,0,0,0,0,0,0
13,AgentA wins,18.00,0,0,0,0,0,0,0,0,0,0
14,AgentB wins,27.67,0,0,0,0,0,0,0,0,0,0
15,AgentB wins,28.00,0,0,0,0,0,0,0,0,0,0
16,AgentA wins,41.00,0,0,0,0,0,0,0,0,0,0
17,AgentA wins,18.00,0,0,0,0,0,0,0,0,0,0
18,AgentA wins,18.00,0,0,0,0,0,0,0,0,0,0
19,AgentB wins,20.33,0,0,0,0,0,0,0,0,0,0
20,AgentA wins,18.00,0,0,0,0,0,0,0,0,0,0
21,AgentA wins,18.00,0,0,0,0,0,0,0,0,0,0
22,AgentA wins,18.00,0,0,0,0,0,0,0,0,0,0
23,AgentA wins,18.00,0,0,0,0,0,0,0,0,0,0
24,AgentA wins,18.00,0,0,0,0,0,0,0,0,0,0
25,AgentA wins,18.00,0,0,0,0,0,0,0,0,0,0
26,AgentA wins,18.00,0,0,0,0,0,0,0,0,0,0
27,AgentA wins,18.00,0,0,0,0,0,0,0,0,0,0
28,AgentA wins,18.00,0,0,0,0,0,0,0,0,0,0
29,AgentA wins,18.00,0,0,0,0,0,0,0,0,0,0
30,AgentA wins,18.00,0,0,0,0,0,0,0,0,0,0
21,AgentA wins,18.00,0,0,0,0,0,0,0,0,0,0
22,AgentA wins,18.00,0,0,0,0,0,0,0,0,0,0
23,AgentA wins,18.00,0,0,0,0,0,0,0,0,0,0
24,AgentA wins,18.00,0,0,0,0,0,0,0,0,0,0
25,AgentA wins,18.00,0,0,0,0,0,0,0,0,0,0
26,AgentA wins,18.00,0,0,0,0,0,0,0,0,0,0
27,AgentA wins,18.00,0,0,0,0,0,0,0,0,0,0
28,AgentA wins,18.00,0,0,0,0,0,0,0,0,0,0
29,AgentA wins,18.00,0,0,0,0,0,0,0,0,0,0
30,AgentA wins,18.00,0,0,0,0,0,0,0,0,0,0
21,AgentA wins,18.00,0,0,0,0,0,0,0,0,0,0
22,AgentA wins,18.00,0,0,0,0,0,0,0,0,0,0
23,AgentA wins,18.00,0,0,0,0,0,0,0,0,0,0
24,AgentA wins,18.00,0,0,0,0,0,0,0,0,0,0
25,AgentA wins,18.00,0,0,0,0,0,0,0,0,0,0
26,AgentA wins,18.00,0,0,0,0,0,0,0,0,0,0
27,AgentA wins,18.00,0,0,0,0,0,0,0,0,0,0
28,AgentA wins,18.00,0,0,0,0,0,0,0,0,0,0
29,AgentA wins,18.00,0,0,0,0,0,0,0,0,0,0
30,AgentA wins,18.00,0,0,0,0,0,0,0,0,0,0
21,AgentA wins,18.00,0,0,0,0,0,0,0,0,0,0
22,AgentA wins,18.00,0,0,0,0,0,0,0,0,0,0
23,AgentA wins,18.00,0,0,0,0,0,0,0,0,0,0
24,AgentA wins,18.00,0,0,0,0,0,0,0,0,0,0
25,AgentA wins,18.00,0,0,0,0,0,0,0,0,0,0
26,AgentA wins,18.00,0,0,0,0,0,0,0,0,0,0
27,AgentA wins,18.00,0,0,0,0,0,0,0,0,0,0
28,AgentA wins,18.00,0,0,0,0,0,0,0,0,0,0
29,AgentA wins,18.00,0,0,0,0,0,0,0,0,0,0
30,AgentA wins,18.00,0,0,0,0,0,0,0,0,0,0
21,AgentA wins,18.00,0,0,0,0,0,0,0,0,0,0
22,AgentA wins,18.00,0,0,0,0,0,0,0,0,0,0
23,AgentA wins,18.00,0,0,0,0,0,0,0,0,0,0
24,AgentA wins,18.00,0,0,0,0,0,0,0,0,0,0
25,AgentA wins,18.00,0,0,0,0,0,0,0,0,0,0
26,AgentA wins,18.00,0,0,0,0,0,0,0,0,0,0
27,AgentA wins,18.00,0,0,0,0,0,0,0,0,0,0
28,AgentA wins,18.00,0,0,0,0,0,0,0,0,0,0
29,AgentA wins,18.00,0,0,0,0,0,0,0,0,0,0
30,AgentA wins,18.00,0,0,0,0,0,0,0,0,0,0
21,AgentA wins,18.00,0,0,0,0,0,0,0,0,0,0
22,AgentA wins,18.00,0,0,0,0,0,0,0,0,0,0
23,AgentA wins,18.00,0,0,0,0,0,0,0,0,0,0
24,AgentA wins,18.00,0,0,0,0,0,0,0,0,0,0
25,AgentA wins,18.00,0,0,0,0,0,0,0,0,0,0
26,AgentA wins,18.00,0,0,0,0,0,0,0,0,0,0
27,AgentA wins,18.00,0,0,0,0,0,0,0,0,0,0
28,AgentA wins,18.00,0,0,0,0,0,0,0,0,0,0
29,AgentA wins,18.00,0,0,0,0,0,0,0,0,0,0
30,AgentA wins,18.00,0,0,0,0,0,0,0,0,0,0
21,AgentA wins,18.00,0,0,0,0,0,0,0,0,0,0
22,AgentA wins,18.00,0,0,0,0,0,0,0,0,0,0
23,AgentA wins,18.00,0,0,0,0,0,0,0,0,0,0
24,AgentA wins,18.00,0,0,0,0,0,0,0,0,0,0
25,AgentA wins,18.00,0,0,0,0,0,0,0,0,0,0
26,AgentA wins,18.00,0,0,0,0,0,0,0,0,0,0
27,AgentA wins,18.00,0,0,0,0,0,0,0,0,0,0
28,AgentA wins,18.00,0,0,0,0,0,0,0,0,0,0
29,AgentA wins,18.00,0,0,0,0,0,0,0,0,0,0
30,AgentA wins,18.00,0,0,0,0,0,0,0,0,0,0
21,AgentA wins,18.00,0,0,0,0,0,0,0,0,0,0
22,AgentA wins,18.00,0,0,0,0,0,0,0,0,0,0
23,AgentA wins,18.00,0,0,0,0,0,0,0,0,0,0
24,AgentA wins,18.00,0,0,0,0,0,0,0,0,0,0
25,AgentA wins,18.00,0,0,0,0,0,0,0,0,0,0
26,AgentA wins,18.00,0,0,0,0,0,0,0,0,0,0
27,AgentA wins,18.00,0,0,0,0,0,0,0,0,0,0
28,AgentA wins,18.00,0,0,0,0,0,0,0,0,0,0
29,AgentA wins,18.33,0,0,0,0,0,0,0,0,0,0
30,AgentA wins,18.00,0,0,0,0,0,0,0,0,0,0
21,AgentA wins,18.00,0,0,0,0,0,0,0,0,0,0
22,AgentA wins,18.00,0,0,0,0,0,0,0,0,0,0
23,AgentA wins,18.00,0,0,0,0,0,0,0,0,0,0
24,AgentA wins,18.00,0,0,0,0,0,0,0,0,0,0
25,AgentA wins,18.00,0,0,0,0,0,0,0,0,0,0
26,AgentA wins,18.00,0,0,0,0,0,0,0,0,0,0
27,AgentA wins,18.00,0,0,0,0,0,0,0,0,0,0
28,AgentA wins,18.00,0,0,0,0,0,0,0,0,0,0
29,AgentA wins,18.00,0,0,0,0,0,0,0,0,0,0
30,AgentA wins,18.00,0,0,0,0,0,0,0,0,0,0
21,AgentA wins,18.00,0,0,0,0,0,0,0,0,0,0
22,AgentA wins,18.00,0,0,0,0,0,0,0,0,0,0
23,AgentA wins,18.00,0,0,0,0,0,0,0,0,0,0
24,AgentA wins,18.00,0,0,0,0,0,0,0,0,0,0
25,AgentA wins,18.00,0,0,0,0,0,0,0,0,0,0
26,AgentA wins,18.00,0,0,0,0,0,0,0,0,0,0
27,AgentA wins,18.00,0,0,0,0,0,0,0,0,0,0
28,AgentA wins,18.00,0,0,0,0,0,0,0,0,0,0
29,AgentA wins,18.33,0,0,0,0,0,0,0,0,0,0
30,AgentA wins,18.00,0,0,0,0,0,0,0,0,0,0
21,AgentA wins,18.00,0,0,0,0,0,0,0,0,0,0
22,AgentA wins,18.00,0,0,0,0,0,0,0,0,0,0
23,AgentA wins,18.00,0,0,0,0,0,0,0,0,0,0
24,AgentA wins,18.00,0,0,0,0,0,0,0,0,0,0
25,AgentA wins,18.00,0,0,0,0,0,0,0,0,0,0
26,AgentA wins,18.00,0,0,0,0,0,0,0,0,0,0
27,AgentA wins,18.00,0,0,0,0,0,0,0,0,0,0
28,AgentA wins,18.00,0,0,0,0,0,0,0,0,0,0
29,AgentA wins,18.00,0,0,0,0,0,0,0,0,0,0
30,AgentA wins,18.00,0,0,0,0,0,0,0,0,0,0
21,AgentA wins,18.00,0,0,0,0,0,0,0,0,0,0
22,AgentA wins,18.00,0,0,0,0,0,0,0,0,0,0
23,AgentA wins,18.00,0,0,0,0,0,0,0,0,0,0
24,AgentA wins,18.00,0,0,0,0,0,0,0,0,0,0
25,AgentA wins,18.00,0,0,0,0,0,0,0,0,0,0
26,AgentA wins,18.00,0,0,0,0,0,0,0,0,0,0
27,AgentA wins,18.00,0,0,0,0,0,0,0,0,0,0
28,AgentA wins,18.00,0,0,0,0,0,0,0,0,0,0
29,AgentA wins,18.00,0,0,0,0,0,0,0,0,0,0
30,AgentA wins,18.00,0,0,0,0,0,0,0,0,0,0
21,AgentA wins,18.00,0,0,0,0,0,0,0,0,0,0
22,AgentA wins,18.00,0,0,0,0,0,0,0,0,0,0
23,AgentA wins,18.00,0,0,0,0,0,0,0,0,0,0
24,AgentA wins,18.00,0,0,0,0,0,0,0,0,0,0
25,AgentA wins,18.00,0,0,0,0,0,0,0,0,0,0
26,AgentA wins,18.00,0,0,0,0,0,0,0,0,0,0
27,AgentA wins,18.00,0,0,0,0,0,0,0,0,0,0
28,AgentA wins,18.00,0,0,0,0,0,0,0,0,0,0
29,AgentA wins,18.00,0,0,0,0,0,0,0,0,0,0
30,AgentA wins,18.00,0,0,0,0,0,0,0,0,0,0
21,AgentA wins,18.00,0,0,0,0,0,0,0,0,0,0
22,AgentA wins,18.00,0,0,0,0,0,0,0,0,0,0
23,AgentA wins,18.00,0,0,0,0,0,0,0,0,0,0
24,AgentA wins,18.00,0,0,0,0,0,0,0,0,0,0
25,AgentA wins,18.00,0,0,0,0,0,0,0,0,0,0
26,AgentA wins,18.00,0,0,0,0,0,0,0,0,0,0
27,AgentA wins,18.00,0,0,0,0,0,0,0,0,0,0
28,AgentA wins,18.00,0,0,0,0,0,0,0,0,0,0
29,AgentA wins,18.00,0,0,0,0,0,0,0,0,0,0
30,AgentA wins,18.00,0,0,0,0,0,0,0,0,0,0
21,AgentA wins,18.00,0,0,0,0,0,0,0,0,0,0
22,AgentA wins,18.00,0,0,0,0,0,0,0,0,0,0
23,AgentA wins,18.00,0,0,0,0,0,0,0,0,0,0
24,AgentA wins,18.00,0,0,0,0,0,0,0,0,0,0
25,AgentA wins,18.00,0,0,0,0,0,0,0,0,0,0
26,AgentA wins,18.00,0,0,0,0,0,0,0,0,0,0
27,AgentA wins,18.00,0,0,0,0,0,0,0,0,0,0
28,AgentA wins,18.00,0,0,0,0,0,0,0,0,0,0
29,AgentA wins,18.00,0,0,0,0,0,0,0,0,0,0
30,AgentA wins,18.00,0,0,0,0,0,0,0,0,0,0
21,AgentA wins,18.00,155,162,0,110,0,105,0,20,20,57
22,AgentA wins,34.67,301,310,0,222,0,227,0,44,45,124
23,AgentA wins,18.00,152,162,0,121,0,122,0,25,25,69
24,AgentA wins,18.00,153,164,0,115,0,120,0,22,31,56
25,AgentA wins,18.00,155,157,1,107,0,122,0,22,31,61
26,AgentA wins,18.00,157,157,0,112,0,120,0,24,29,54
27,AgentA wins,18.00,154,157,0,108,0,125,0,21,35,60
28,AgentA wins,18.00,153,159,0,115,0,120,0,24,24,65
29,AgentA wins,18.00,154,161,0,118,0,124,0,24,29,57
30,AgentA wins,18.00,152,161,0,120,0,123,0,24,25,69
21,AgentA wins,22.67,0,0,0,0,0,0,0,0,0,0
22,AgentA wins,18.00,0,0,0,0,0,0,0,0,0,0
23,AgentA wins,18.00,0,0,0,0,0,0,0,0,0,0
24,AgentA wins,18.00,0,0,0,0,0,0,0,0,0,0
25,AgentB wins,19.67,0,0,0,0,0,0,0,0,0,0
26,AgentA wins,23.00,0,0,0,0,0,0,0,0,0,0
27,AgentA wins,18.00,0,0,0,0,0,0,0,0,0,0
28,AgentA wins,18.00,0,0,0,0,0,0,0,0,0,0
29,AgentA wins,23.00,0,0,0,0,0,0,0,0,0,0
30,AgentA wins,18.00,0,0,0,0,0,0,0,0,0,0
21,AgentA wins,28.33,0,0,0,0,0,0,0,0,0,0
22,AgentA wins,18.00,0,0,0,0,0,0,0,0,0,0
23,AgentA wins,29.33,0,0,0,0,0,0,0,0,0,0
24,AgentA wins,18.00,0,0,0,0,0,0,0,0,0,0
25,AgentA wins,18.00,0,0,0,0,0,0,0,0,0,0
26,AgentA wins,18.00,0,0,0,0,0,0,0,0,0,0
27,AgentA wins,18.00,0,0,0,0,0,0,0,0,0,0
28,AgentA wins,18.00,0,0,0,0,0,0,0,0,0,0
29,AgentA wins,18.00,0,0,0,0,0,0,0,0,0,0
30,AgentA wins,18.00,0,0,0,0,0,0,0,0,0,0
21,AgentA wins,18.00,0,0,0,0,0,0,0,0,0,0
22,AgentA wins,27.00,0,0,0,0,0,0,0,0,0,0
23,AgentA wins,18.00,0,0,0,0,0,0,0,0,0,0
24,AgentA wins,20.33,0,0,0,0,0,0,0,0,0,0
25,AgentA wins,18.00,0,0,0,0,0,0,0,0,0,0
26,AgentA wins,26.00,0,0,0,0,0,0,0,0,0,0
27,AgentA wins,18.00,0,0,0,0,0,0,0,0,0,0
28,AgentA wins,18.00,0,0,0,0,0,0,0,0,0,0
29,AgentA wins,18.00,0,0,0,0,0,0,0,0,0,0
30,AgentB wins,29.67,0,0,0,0,0,0,0,0,0,0
21,AgentA wins,18.00,0,0,0,0,0,0,0,0,0,0
22,AgentA wins,26.00,0,0,0,0,0,0,0,0,0,0
23,AgentA wins,18.00,0,0,0,0,0,0,0,0,0,0
24,AgentA wins,18.00,0,0,0,0,0,0,0,0,0,0
25,AgentA wins,18.00,0,0,0,0,0,0,0,0,0,0
26,AgentA wins,18.00,0,0,0,0,0,0,0,0,0,0
27,AgentA wins,18.00,0,0,0,0,0,0,0,0,0,0
28,AgentA wins,18.00,0,0,0,0,0,0,0,0,0,0
29,AgentA wins,18.00,0,0,0,0,0,0,0,0,0,0
30,AgentA wins,18.00,0,0,0,0,0,0,0,0,0,0
21,AgentA wins,18.00,0,0,0,0,0,0,0,0,0,0
22,AgentA wins,18.00,0,0,0,0,0,0,0,0,0,0
23,AgentA wins,34.00,0,0,0,0,0,0,0,0,0,0
24,AgentA wins,41.33,0,0,0,0,0,0,0,0,0,0
25,AgentA wins,18.00,0,0,0,0,0,0,0,0,0,0
26,AgentA wins,18.00,0,0,0,0,0,0,0,0,0,0
27,AgentA wins,18.00,0,0,0,0,0,0,0,0,0,0
28,AgentA wins,18.00,0,0,0,0,0,0,0,0,0,0
29,AgentA wins,18.00,0,0,0,0,0,0,0,0,0,0
30,AgentA wins,18.00,0,0,0,0,0,0,0,0,0,0
21,AgentA wins,18.00,0,0,0,0,0,0,0,0,0,0
22,AgentA wins,18.00,0,0,0,0,0,0,0,0,0,0
23,AgentA wins,18.00,0,0,0,0,0,0,0,0,0,0
24,AgentA wins,18.00,0,0,0,0,0,0,0,0,0,0
25,AgentB wins,28.67,0,0,0,0,0,0,0,0,0,0
26,AgentA wins,40.00,0,0,0,0,0,0,0,0,0,0
27,AgentA wins,18.00,0,0,0,0,0,0,0,0,0,0
28,AgentA wins,34.67,0,0,0,0,0,0,0,0,0,0
29,AgentB wins,19.33,0,0,0,0,0,0,0,0,0,0
30,AgentA wins,18.00,0,0,0,0,0,0,0,0,0,0
21,AgentA wins,18.00,0,0,0,0,0,0,0,0,0,0
22,AgentA wins,18.00,0,0,0,0,0,0,0,0,0,0
23,AgentA wins,18.00,0,0,0,0,0,0,0,0,0,0
24,AgentB wins,22.00,0,0,0,0,0,0,0,0,0,0
25,AgentA wins,18.00,0,0,0,0,0,0,0,0,0,0
26,AgentA wins,18.00,0,0,0,0,0,0,0,0,0,0
27,AgentA wins,18.00,0,0,0,0,0,0,0,0,0,0
28,AgentA wins,18.00,0,0,0,0,0,0,0,0,0,0
29,AgentA wins,18.00,0,0,0,0,0,0,0,0,0,0
30,AgentA wins,35.00,0,0,0,0,0,0,0,0,0,0
21,AgentA wins,34.00,0,0,0,0,0,0,0,0,0,0
22,AgentA wins,18.00,0,0,0,0,0,0,0,0,0,0
23,AgentB wins,19.33,0,0,0,0,0,0,0,0,0,0
24,AgentA wins,23.00,0,0,0,0,0,0,0,0,0,0
25,AgentA wins,34.67,0,0,0,0,0,0,0,0,0,0
26,AgentA wins,18.00,0,0,0,0,0,0,0,0,0,0
27,AgentA wins,35.00,0,0,0,0,0,0,0,0,0,0
28,AgentA wins,18.00,0,0,0,0,0,0,0,0,0,0
29,AgentA wins,27.00,0,0,0,0,0,0,0,0,0,0
30,AgentA wins,35.67,0,0,0,0,0,0,0,0,0,0
21,AgentA wins,18.00,0,0,0,0,0,0,0,0,0,0
22,AgentB wins,19.33,0,0,0,0,0,0,0,0,0,0
23,AgentA wins,29.00,0,0,0,0,0,0,0,0,0,0
24,AgentA wins,35.00,0,0,0,0,0,0,0,0,0,0
25,AgentA wins,18.00,0,0,0,0,0,0,0,0,0,0
26,AgentA wins,18.00,0,0,0,0,0,0,0,0,0,0
27,AgentA wins,18.00,0,0,0,0,0,0,0,0,0,0
28,AgentA wins,18.00,0,0,0,0,0,0,0,0,0,0
29,AgentB wins,27.67,0,0,0,0,0,0,0,0,0,0
30,AgentA wins,41.00,0,0,0,0,0,0,0,0,0,0
31,AgentA wins,18.00,0,0,0,0,0,0,0,0,0,0
32,AgentA wins,18.00,0,0,0,0,0,0,0,0,0,0
33,AgentA wins,18.00,0,0,0,0,0,0,0,0,0,0
34,AgentA wins,18.00,0,0,0,0,0,0,0,0,0,0
35,AgentA wins,18.00,0,0,0,0,0,0,0,0,0,0
36,AgentA wins,18.00,0,0,0,0,0,0,0,0,0,0
37,AgentA wins,18.00,0,0,0,0,0,0,0,0,0,0
38,AgentA wins,18.00,0,0,0,0,0,0,0,0,0,0
39,AgentA wins,18.00,0,0,0,0,0,0,0,0,0,0
40,AgentA wins,18.00,0,0,0,0,0,0,0,0,0,0
31,AgentA wins,18.00,0,0,0,0,0,0,0,0,0,0
32,AgentA wins,18.00,0,0,0,0,0,0,0,0,0,0
33,AgentA wins,18.00,0,0,0,0,0,0,0,0,0,0
34,AgentA wins,18.00,0,0,0,0,0,0,0,0,0,0
35,AgentA wins,18.00,0,0,0,0,0,0,0,0,0,0
36,AgentA wins,18.00,0,0,0,0,0,0,0,0,0,0
37,AgentA wins,18.00,0,0,0,0,0,0,0,0,0,0
38,AgentA wins,18.00,0,0,0,0,0,0,0,0,0,0
39,AgentA wins,18.00,0,0,0,0,0,0,0,0,0,0
40,AgentA wins,18.00,0,0,0,0,0,0,0,0,0,0
31,AgentA wins,18.00,0,0,0,0,0,0,0,0,0,0
32,AgentA wins,18.00,0,0,0,0,0,0,0,0,0,0
33,AgentA wins,18.00,0,0,0,0,0,0,0,0,0,0
34,AgentA wins,18.00,0,0,0,0,0,0,0,0,0,0
35,AgentA wins,18.00,0,0,0,0,0,0,0,0,0,0
36,AgentA wins,18.00,0,0,0,0,0,0,0,0,0,0
37,AgentA wins,18.00,0,0,0,0,0,0,0,0,0,0
38,AgentA wins,18.00,0,0,0,0,0,0,0,0,0,0
39,AgentA wins,18.00,0,0,0,0,0,0,0,0,0,0
40,AgentA wins,18.00,0,0,0,0,0,0,0,0,0,0
31,AgentA wins,18.00,0,0,0,0,0,0,0,0,0,0
32,AgentA wins,18.00,0,0,0,0,0,0,0,0,0,0
33,AgentA wins,18.00,0,0,0,0,0,0,0,0,0,0
34,AgentA wins,18.00,0,0,0,0,0,0,0,0,0,0
35,AgentA wins,18.00,0,0,0,0,0,0,0,0,0,0
36,AgentA wins,18.00,0,0,0,0,0,0,0,0,0,0
37,AgentA wins,18.00,0,0,0,0,0,0,0,0,0,0
38,AgentA wins,18.00,0,0,0,0,0,0,0,0,0,0
39,AgentA wins,18.00,0,0,0,0,0,0,0,0,0,0
40,AgentA wins,18.00,0,0,0,0,0,0,0,0,0,0
31,AgentA wins,18.00,0,0,0,0,0,0,0,0,0,0
32,AgentA wins,18.00,0,0,0,0,0,0,0,0,0,0
33,AgentA wins,18.00,0,0,0,0,0,0,0,0,0,0
34,AgentA wins,18.00,0,0,0,0,0,0,0,0,0,0
35,AgentA wins,18.00,0,0,0,0,0,0,0,0,0,0
36,AgentA wins,18.00,0,0,0,0,0,0,0,0,0,0
37,AgentA wins,18.00,0,0,0,0,0,0,0,0,0,0
38,AgentA wins,18.00,0,0,0,0,0,0,0,0,0,0
39,AgentA wins,18.00,0,0,0,0,0,0,0,0,0,0
40,AgentA wins,18.00,0,0,0,0,0,0,0,0,0,0
31,AgentA wins,18.00,0,0,0,0,0,0,0,0,0,0
32,AgentA wins,18.00,0,0,0,0,0,0,0,0,0,0
33,AgentA wins,18.00,0,0,0,0,0,0,0,0,0,0
34,AgentA wins,18.00,0,0,0,0,0,0,0,0,0,0
35,AgentA wins,18.00,0,0,0,0,0,0,0,0,0,0
36,AgentA wins,18.00,0,0,0,0,0,0,0,0,0,0
37,AgentA wins,18.00,0,0,0,0,0,0,0,0,0,0
38,AgentA wins,18.00,0,0,0,0,0,0,0,0,0,0
39,AgentA wins,18.00,0,0,0,0,0,0,0,0,0,0
40,AgentA wins,18.00,0,0,0,0,0,0,0,0,0,0
31,AgentA wins,18.00,0,0,0,0,0,0,0,0,0,0
32,AgentA wins,18.00,0,0,0,0,0,0,0,0,0,0
33,AgentA wins,18.00,0,0,0,0,0,0,0,0,0,0
34,AgentA wins,18.00,0,0,0,0,0,0,0,0,0,0
35,AgentA wins,18.00,0,0,0,0,0,0,0,0,0,0
36,AgentA wins,18.00,0,0,0,0,0,0,0,0,0,0
37,AgentA wins,18.00,0,0,0,0,0,0,0,0,0,0
38,AgentA wins,18.00,0,0,0,0,0,0,0,0,0,0
39,AgentA wins,18.00,0,0,0,0,0,0,0,0,0,0
40,AgentA wins,18.00,0,0,0,0,0,0,0,0,0,0
31,AgentA wins,18.00,0,0,0,0,0,0,0,0,0,0
32,AgentA wins,18.00,0,0,0,0,0,0,0,0,0,0
33,AgentA wins,18.00,0,0,0,0,0,0,0,0,0,0
34,AgentA wins,18.00,0,0,0,0,0,0,0,0,0,0
35,AgentA wins,18.00,0,0,0,0,0,0,0,0,0,0
36,AgentA wins,18.00,0,0,0,0,0,0,0,0,0,0
37,AgentA wins,18.00,0,0,0,0,0,0,0,0,0,0
38,AgentA wins,18.00,0,0,0,0,0,0,0,0,0,0
39,AgentA wins,18.00,0,0,0,0,0,0,0,0,0,0
40,AgentA wins,18.00,0,0,0,0,0,0,0,0,0,0
31,AgentA wins,18.00,0,0,0,0,0,0,0,0,0,0
32,AgentA wins,18.00,0,0,0,0,0,0,0,0,0,0
33,AgentA wins,18.00,0,0,0,0,0,0,0,0,0,0
34,AgentA wins,18.00,0,0,0,0,0,0,0,0,0,0
35,AgentA wins,18.00,0,0,0,0,0,0,0,0,0,0
36,AgentA wins,18.00,0,0,0,0,0,0,0,0,0,0
37,AgentA wins,18.00,0,0,0,0,0,0,0,0,0,0
38,AgentA wins,18.00,0,0,0,0,0,0,0,0,0,0
39,AgentA wins,18.00,0,0,0,0,0,0,0,0,0,0
40,AgentA wins,18.00,0,0,0,0,0,0,0,0,0,0
31,AgentA wins,18.00,0,0,0,0,0,0,0,0,0,0
32,AgentA wins,18.00,0,0,0,0,0,0,0,0,0,0
33,AgentA wins,18.00,0,0,0,0,0,0,0,0,0,0
34,AgentA wins,18.00,0,0,0,0,0,0,0,0,0,0
35,AgentA wins,18.00,0,0,0,0,0,0,0,0,0,0
36,AgentA wins,18.00,0,0,0,0,0,0,0,0,0,0
37,AgentA wins,18.00,0,0,0,0,0,0,0,0,0,0
38,AgentA wins,18.00,0,0,0,0,0,0,0,0,0,0
39,AgentA wins,18.00,0,0,0,0,0,0,0,0,0,0
40,AgentA wins,18.00,0,0,0,0,0,0,0,0,0,0
31,AgentA wins,18.00,0,0,0,0,0,0,0,0,0,0
32,AgentA wins,18.00,0,0,0,0,0,0,0,0,0,0
33,AgentA wins,18.00,0,0,0,0,0,0,0,0,0,0
34,AgentA wins,18.00,0,0,0,0,0,0,0,0,0,0
35,AgentA wins,18.00,0,0,0,0,0,0,0,0,0,0
36,AgentA wins,18.00,0,0,0,0,0,0,0,0,0,0
37,AgentA wins,18.00,0,0,0,0,0,0,0,0,0,0
38,AgentA wins,18.00,0,0,0,0,0,0,0,0,0,0
39,AgentA wins,18.00,0,0,0,0,0,0,0,0,0,0
40,AgentA wins,18.00,0,0,0,0,0,0,0,0,0,0
31,AgentA wins,18.00,0,0,0,0,0,0,0,0,0,0
32,AgentA wins,18.00,0,0,0,0,0,0,0,0,0,0
33,AgentA wins,18.00,0,0,0,0,0,0,0,0,0,0
34,AgentA wins,18.00,0,0,0,0,0,0,0,0,0,0
35,AgentA wins,18.00,0,0,0,0,0,0,0,0,0,0
36,AgentA wins,18.00,0,0,0,0,0,0,0,0,0,0
37,AgentA wins,18.00,0,0,0,0,0,0,0,0,0,0
38,AgentA wins,18.00,0,0,0,0,0,0,0,0,0,0
39,AgentA wins,18.00,0,0,0,0,0,0,0,0,0,0
40,AgentA wins,18.00,0,0,0,0,0,0,0,0,0,0
31,AgentA wins,18.00,0,0,0,0,0,0,0,0,0,0
32,AgentA wins,18.00,0,0,0,0,0,0,0,0,0,0
33,AgentA wins,18.00,0,0,0,0,0,0,0,0,0,0
34,AgentA wins,18.00,0,0,0,0,0,0,0,0,0,0
35,AgentA wins,18.00,0,0,0,0,0,0,0,0,0,0
36,AgentA wins,18.00,0,0,0,0,0,0,0,0,0,0
37,AgentA wins,18.33,0,0,0,0,0,0,0,0,0,0
38,AgentA wins,18.00,0,0,0,0,0,0,0,0,0,0
39,AgentA wins,18.00,0,0,0,0,0,0,0,0,0,0
40,AgentA wins,18.00,0,0,0,0,0,0,0,0,0,0
31,AgentA wins,18.00,0,0,0,0,0,0,0,0,0,0
32,AgentA wins,18.00,0,0,0,0,0,0,0,0,0,0
33,AgentA wins,18.00,0,0,0,0,0,0,0,0,0,0
34,AgentA wins,18.00,0,0,0,0,0,0,0,0,0,0
35,AgentA wins,18.00,0,0,0,0,0,0,0,0,0,0
36,AgentA wins,18.00,0,0,0,0,0,0,0,0,0,0
37,AgentA wins,18.00,0,0,0,0,0,0,0,0,0,0
38,AgentA wins,18.00,0,0,0,0,0,0,0,0,0,0
39,AgentA wins,18.00,0,0,0,0,0,0,0,0,0,0
40,AgentA wins,18.00,0,0,0,0,0,0,0,0,0,0
31,AgentA wins,18.00,0,0,0,0,0,0,0,0,0,0
32,AgentA wins,18.00,0,0,0,0,0,0,0,0,0,0
33,AgentA wins,18.00,0,0,0,0,0,0,0,0,0,0
34,AgentA wins,18.00,0,0,0,0,0,0,0,0,0,0
35,AgentA wins,18.00,0,0,0,0,0,0,0,0,0,0
36,AgentA wins,18.00,0,0,0,0,0,0,0,0,0,0
37,AgentA wins,18.00,0,0,0,0,0,0,0,0,0,0
38,AgentA wins,18.00,0,0,0,0,0,0,0,0,0,0
39,AgentA wins,18.00,0,0,0,0,0,0,0,0,0,0
40,AgentA wins,18.00,0,0,0,0,0,0,0,0,0,0
31,AgentA wins,25.67,0,0,0,0,0,0,0,0,0,0
32,AgentA wins,18.00,0,0,0,0,0,0,0,0,0,0
33,AgentA wins,20.00,0,0,0,0,0,0,0,0,0,0
34,AgentA wins,28.67,0,0,0,0,0,0,0,0,0,0
35,AgentA wins,18.00,0,0,0,0,0,0,0,0,0,0
36,AgentB wins,28.00,0,0,0,0,0,0,0,0,0,0
37,AgentA wins,18.00,0,0,0,0,0,0,0,0,0,0
38,AgentA wins,18.00,0,0,0,0,0,0,0,0,0,0
39,AgentA wins,25.67,0,0,0,0,0,0,0,0,0,0
40,AgentA wins,18.00,0,0,0,0,0,0,0,0,0,0
31,AgentA wins,20.00,0,0,0,0,0,0,0,0,0,0
32,AgentA wins,18.00,0,0,0,0,0,0,0,0,0,0
33,AgentA wins,18.00,0,0,0,0,0,0,0,0,0,0
34,AgentA wins,18.00,0,0,0,0,0,0,0,0,0,0
35,AgentA wins,18.00,0,0,0,0,0,0,0,0,0,0
36,AgentB wins,25.00,0,0,0,0,0,0,0,0,0,0
37,AgentB wins,36.33,0,0,0,0,0,0,0,0,0,0
38,AgentA wins,18.00,0,0,0,0,0,0,0,0,0,0
39,AgentA wins,18.00,0,0,0,0,0,0,0,0,0,0
40,AgentB wins,19.33,0,0,0,0,0,0,0,0,0,0
31,AgentA wins,18.00,152,162,0,118,0,124,0,23,29,67
32,AgentA wins,18.00,152,161,0,113,0,120,0,23,29,61
33,AgentA wins,58.00,509,517,0,322,0,361,0,65,88,178
34,AgentA wins,18.00,155,167,0,117,0,123,0,25,24,66
35,AgentB wins,27.00,233,244,0,155,0,176,0,28,52,85
36,AgentA wins,18.00,151,164,0,108,0,122,0,20,34,53
37,AgentA wins,18.00,154,167,0,116,0,120,0,23,29,47
38,AgentB wins,41.67,372,372,0,242,0,266,0,49,70,131
39,AgentA wins,18.00,169,155,0,102,0,120,0,10,31,62
40,AgentA wins,19.33,172,165,0,112,0,126,0,20,31,63
31,AgentA wins,18.00,0,0,0,0,0,0,0,0,0,0
32,AgentA wins,18.00,0,0,0,0,0,0,0,0,0,0
33,AgentA wins,18.00,0,0,0,0,0,0,0,0,0,0
34,AgentA wins,18.00,0,0,0,0,0,0,0,0,0,0
35,AgentA wins,18.00,0,0,0,0,0,0,0,0,0,0
36,AgentA wins,20.33,0,0,0,0,0,0,0,0,0,0
37,AgentA wins,21.00,0,0,0,0,0,0,0,0,0,0
38,AgentA wins,37.67,0,0,0,0,0,0,0,0,0,0
39,AgentA wins,24.00,0,0,0,0,0,0,0,0,0,0
40,AgentA wins,18.00,0,0,0,0,0,0,0,0,0,0
31,AgentA wins,28.67,0,0,0,0,0,0,0,0,0,0
32,AgentA wins,18.00,0,0,0,0,0,0,0,0,0,0
33,AgentA wins,18.00,0,0,0,0,0,0,0,0,0,0
34,AgentA wins,18.00,0,0,0,0,0,0,0,0,0,0
35,AgentA wins,29.00,0,0,0,0,0,0,0,0,0,0
36,AgentA wins,20.00,0,0,0,0,0,0,0,0,0,0
37,AgentA wins,23.67,0,0,0,0,0,0,0,0,0,0
38,AgentA wins,18.00,0,0,0,0,0,0,0,0,0,0
39,AgentB wins,21.33,0,0,0,0,0,0,0,0,0,0
40,AgentB wins,20.33,0,0,0,0,0,0,0,0,0,0
31,AgentA wins,18.00,0,0,0,0,0,0,0,0,0,0
32,AgentA wins,18.00,0,0,0,0,0,0,0,0,0,0
33,AgentA wins,31.00,0,0,0,0,0,0,0,0,0,0
34,AgentA wins,18.00,0,0,0,0,0,0,0,0,0,0
35,AgentA wins,18.00,0,0,0,0,0,0,0,0,0,0
36,AgentA wins,18.00,0,0,0,0,0,0,0,0,0,0
37,AgentA wins,32.67,0,0,0,0,0,0,0,0,0,0
38,AgentA wins,21.00,0,0,0,0,0,0,0,0,0,0
39,AgentA wins,18.00,0,0,0,0,0,0,0,0,0,0
40,AgentA wins,18.00,0,0,0,0,0,0,0,0,0,0
31,AgentA wins,18.00,0,0,0,0,0,0,0,0,0,0
32,AgentA wins,18.00,0,0,0,0,0,0,0,0,0,0
33,AgentB wins,21.00,0,0,0,0,0,0,0,0,0,0
34,AgentA wins,26.33,0,0,0,0,0,0,0,0,0,0
35,AgentA wins,18.00,0,0,0,0,0,0,0,0,0,0
36,AgentA wins,22.67,0,0,0,0,0,0,0,0,0,0
37,AgentA wins,18.00,0,0,0,0,0,0,0,0,0,0
38,AgentA wins,18.00,0,0,0,0,0,0,0,0,0,0
39,AgentA wins,18.00,0,0,0,0,0,0,0,0,0,0
40,AgentA wins,18.00,0,0,0,0,0,0,0,0,0,0
31,AgentA wins,18.00,0,0,0,0,0,0,0,0,0,0
32,AgentA wins,53.00,0,0,0,0,0,0,0,0,0,0
33,AgentA wins,18.00,0,0,0,0,0,0,0,0,0,0
34,AgentA wins,18.00,0,0,0,0,0,0,0,0,0,0
35,AgentA wins,18.00,0,0,0,0,0,0,0,0,0,0
36,AgentA wins,28.00,0,0,0,0,0,0,0,0,0,0
37,AgentB wins,36.00,0,0,0,0,0,0,0,0,0,0
38,AgentA wins,18.00,0,0,0,0,0,0,0,0,0,0
39,AgentA wins,25.67,0,0,0,0,0,0,0,0,0,0
40,AgentA wins,23.00,0,0,0,0,0,0,0,0,0,0
31,AgentA wins,37.00,0,0,0,0,0,0,0,0,0,0
32,AgentA wins,35.00,0,0,0,0,0,0,0,0,0,0
33,AgentA wins,18.00,0,0,0,0,0,0,0,0,0,0
34,AgentA wins,18.00,0,0,0,0,0,0,0,0,0,0
35,AgentA wins,24.00,0,0,0,0,0,0,0,0,0,0
36,AgentA wins,31.33,0,0,0,0,0,0,0,0,0,0
37,AgentA wins,18.00,0,0,0,0,0,0,0,0,0,0
38,AgentA wins,18.00,0,0,0,0,0,0,0,0,0,0
39,AgentA wins,18.00,0,0,0,0,0,0,0,0,0,0
40,AgentA wins,18.00,0,0,0,0,0,0,0,0,0,0
41,AgentA wins,18.00,0,0,0,0,0,0,0,0,0,0
42,AgentA wins,18.00,0,0,0,0,0,0,0,0,0,0
43,AgentA wins,18.00,0,0,0,0,0,0,0,0,0,0
44,AgentA wins,18.00,0,0,0,0,0,0,0,0,0,0
45,AgentA wins,18.00,0,0,0,0,0,0,0,0,0,0
46,AgentA wins,18.00,0,0,0,0,0,0,0,0,0,0
47,AgentA wins,18.00,0,0,0,0,0,0,0,0,0,0
48,AgentA wins,18.00,0,0,0,0,0,0,0,0,0,0
49,AgentA wins,18.00,0,0,0,0,0,0,0,0,0,0
50,AgentA wins,18.00,0,0,0,0,0,0,0,0,0,0
41,AgentA wins,18.00,0,0,0,0,0,0,0,0,0,0
42,AgentA wins,18.00,0,0,0,0,0,0,0,0,0,0
43,AgentA wins,18.00,0,0,0,0,0,0,0,0,0,0
44,AgentA wins,18.00,0,0,0,0,0,0,0,0,0,0
45,AgentA wins,18.00,0,0,0,0,0,0,0,0,0,0
46,AgentA wins,18.00,0,0,0,0,0,0,0,0,0,0
47,AgentA wins,18.00,0,0,0,0,0,0,0,0,0,0
48,AgentA wins,18.00,0,0,0,0,0,0,0,0,0,0
49,AgentA wins,18.00,0,0,0,0,0,0,0,0,0,0
50,AgentA wins,18.00,0,0,0,0,0,0,0,0,0,0
41,AgentA wins,18.00,0,0,0,0,0,0,0,0,0,0
42,AgentA wins,18.00,0,0,0,0,0,0,0,0,0,0
43,AgentA wins,18.00,0,0,0,0,0,0,0,0,0,0
44,AgentA wins,18.00,0,0,0,0,0,0,0,0,0,0
45,AgentA wins,18.00,0,0,0,0,0,0,0,0,0,0
46,AgentA wins,18.00,0,0,0,0,0,0,0,0,0,0
47,AgentA wins,18.00,0,0,0,0,0,0,0,0,0,0
48,AgentA wins,18.00,0,0,0,0,0,0,0,0,0,0
49,AgentA wins,18.00,0,0,0,0,0,0,0,0,0,0
50,AgentA wins,18.00,0,0,0,0,0,0,0,0,0,0
41,AgentA wins,18.00,0,0,0,0,0,0,0,0,0,0
42,AgentA wins,18.00,0,0,0,0,0,0,0,0,0,0
43,AgentA wins,18.00,0,0,0,0,0,0,0,0,0,0
44,AgentA wins,18.00,0,0,0,0,0,0,0,0,0,0
45,AgentA wins,18.00,0,0,0,0,0,0,0,0,0,0
46,AgentA wins,18.00,0,0,0,0,0,0,0,0,0,0
47,AgentA wins,18.00,0,0,0,0,0,0,0,0,0,0
48,AgentA wins,18.00,0,0,0,0,0,0,0,0,0,0
49,AgentA wins,18.00,0,0,0,0,0,0,0,0,0,0
50,AgentA wins,18.00,0,0,0,0,0,0,0,0,0,0
41,AgentA wins,18.00,0,0,0,0,0,0,0,0,0,0
42,AgentA wins,18.00,0,0,0,0,0,0,0,0,0,0
43,AgentA wins,18.00,0,0,0,0,0,0,0,0,0,0
44,AgentA wins,18.00,0,0,0,0,0,0,0,0,0,0
45,AgentA wins,18.00,0,0,0,0,0,0,0,0,0,0
46,AgentA wins,18.00,0,0,0,0,0,0,0,0,0,0
47,AgentA wins,18.00,0,0,0,0,0,0,0,0,0,0
48,AgentA wins,18.00,0,0,0,0,0,0,0,0,0,0
49,AgentA wins,18.00,0,0,0,0,0,0,0,0,0,0
50,AgentA wins,18.00,0,0,0,0,0,0,0,0,0,0
41,AgentA wins,18.00,0,0,0,0,0,0,0,0,0,0
42,AgentA wins,18.00,0,0,0,0,0,0,0,0,0,0
43,AgentA wins,18.00,0,0,0,0,0,0,0,0,0,0
44,AgentA wins,18.00,0,0,0,0,0,0,0,0,0,0
45,AgentA wins,18.00,0,0,0,0,0,0,0,0,0,0
46,AgentA wins,18.00,0,0,0,0,0,0,0,0,0,0
47,AgentA wins,18.00,0,0,0,0,0,0,0,0,0,0
48,AgentA wins,18.00,0,0,0,0,0,0,0,0,0,0
49,AgentA wins,18.00,0,0,0,0,0,0,0,0,0,0
50,AgentA wins,18.00,0,0,0,0,0,0,0,0,0,0
41,AgentA wins,18.00,0,0,0,0,0,0,0,0,0,0
42,AgentA wins,18.00,0,0,0,0,0,0,0,0,0,0
43,AgentA wins,18.00,0,0,0,0,0,0,0,0,0,0
44,AgentA wins,18.00,0,0,0,0,0,0,0,0,0,0
45,AgentA wins,18.00,0,0,0,0,0,0,0,0,0,0
46,AgentA wins,18.00,0,0,0,0,0,0,0,0,0,0
47,AgentA wins,18.00,0,0,0,0,0,0,0,0,0,0
48,AgentA wins,18.00,0,0,0,0,0,0,0,0,0,0
49,AgentA wins,18.00,0,0,0,0,0,0,0,0,0,0
50,AgentA wins,18.00,0,0,0,0,0,0,0,0,0,0
41,AgentA wins,18.00,0,0,0,0,0,0,0,0,0,0
42,AgentA wins,18.00,0,0,0,0,0,0,0,0,0,0
43,AgentA wins,18.00,0,0,0,0,0,0,0,0,0,0
44,AgentA wins,18.00,0,0,0,0,0,0,0,0,0,0
45,AgentA wins,18.00,0,0,0,0,0,0,0,0,0,0
46,AgentA wins,18.00,0,0,0,0,0,0,0,0,0,0
47,AgentA wins,18.00,0,0,0,0,0,0,0,0,0,0
48,AgentA wins,18.00,0,0,0,0,0,0,0,0,0,0
49,AgentA wins,18.00,0,0,0,0,0,0,0,0,0,0
50,AgentA wins,18.00,0,0,0,0,0,0,0,0,0,0
41,AgentA wins,18.00,0,0,0,0,0,0,0,0,0,0
42,AgentA wins,18.00,0,0,0,0,0,0,0,0,0,0
43,AgentA wins,18.00,0,0,0,0,0,0,0,0,0,0
44,AgentA wins,18.00,0,0,0,0,0,0,0,0,0,0
45,AgentA wins,18.00,0,0,0,0,0,0,0,0,0,0
46,AgentA wins,18.00,0,0,0,0,0,0,0,0,0,0
47,AgentA wins,18.00,0,0,0,0,0,0,0,0,0,0
48,AgentA wins,18.00,0,0,0,0,0,0,0,0,0,0
49,AgentA wins,18.00,0,0,0,0,0,0,0,0,0,0
50,AgentA wins,18.00,0,0,0,0,0,0,0,0,0,0
41,AgentA wins,18.00,0,0,0,0,0,0,0,0,0,0
42,AgentA wins,18.00,0,0,0,0,0,0,0,0,0,0
43,AgentA wins,18.00,0,0,0,0,0,0,0,0,0,0
44,AgentA wins,18.00,0,0,0,0,0,0,0,0,0,0
45,AgentA wins,18.00,0,0,0,0,0,0,0,0,0,0
46,AgentA wins,18.00,0,0,0,0,0,0,0,0,0,0
47,AgentA wins,18.00,0,0,0,0,0,0,0,0,0,0
48,AgentA wins,18.00,0,0,0,0,0,0,0,0,0,0
49,AgentA wins,18.00,0,0,0,0,0,0,0,0,0,0
50,AgentA wins,18.00,0,0,0,0,0,0,0,0,0,0
41,AgentA wins,18.00,0,0,0,0,0,0,0,0,0,0
42,AgentA wins,18.00,0,0,0,0,0,0,0,0,0,0
43,AgentA wins,18.00,0,0,0,0,0,0,0,0,0,0
44,AgentA wins,18.00,0,0,0,0,0,0,0,0,0,0
45,AgentA wins,18.00,0,0,0,0,0,0,0,0,0,0
46,AgentA wins,18.00,0,0,0,0,0,0,0,0,0,0
47,AgentA wins,18.00,0,0,0,0,0,0,0,0,0,0
48,AgentA wins,18.00,0,0,0,0,0,0,0,0,0,0
49,AgentA wins,18.00,0,0,0,0,0,0,0,0,0,0
50,AgentA wins,18.00,0,0,0,0,0,0,0,0,0,0
41,AgentA wins,18.00,0,0,0,0,0,0,0,0,0,0
42,AgentA wins,18.00,0,0,0,0,0,0,0,0,0,0
43,AgentA wins,18.00,0,0,0,0,0,0,0,0,0,0
44,AgentA wins,18.00,0,0,0,0,0,0,0,0,0,0
45,AgentA wins,18.00,0,0,0,0,0,0,0,0,0,0
46,AgentA wins,18.00,0,0,0,0,0,0,0,0,0,0
47,AgentA wins,18.00,0,0,0,0,0,0,0,0,0,0
48,AgentA wins,18.00,0,0,0,0,0,0,0,0,0,0
49,AgentA wins,18.00,0,0,0,0,0,0,0,0,0,0
50,AgentA wins,18.00,0,0,0,0,0,0,0,0,0,0
41,AgentA wins,18.00,0,0,0,0,0,0,0,0,0,0
42,AgentA wins,18.00,0,0,0,0,0,0,0,0,0,0
43,AgentA wins,18.00,0,0,0,0,0,0,0,0,0,0
44,AgentA wins,18.00,0,0,0,0,0,0,0,0,0,0
45,AgentA wins,18.00,0,0,0,0,0,0,0,0,0,0
46,AgentA wins,18.00,0,0,0,0,0,0,0,0,0,0
47,AgentA wins,18.00,0,0,0,0,0,0,0,0,0,0
48,AgentA wins,18.00,0,0,0,0,0,0,0,0,0,0
49,AgentA wins,18.00,0,0,0,0,0,0,0,0,0,0
50,AgentA wins,18.00,0,0,0,0,0,0,0,0,0,0
41,AgentA wins,18.00,0,0,0,0,0,0,0,0,0,0
42,AgentA wins,18.00,0,0,0,0,0,0,0,0,0,0
43,AgentA wins,18.00,0,0,0,0,0,0,0,0,0,0
44,AgentA wins,18.00,0,0,0,0,0,0,0,0,0,0
45,AgentA wins,18.00,0,0,0,0,0,0,0,0,0,0
46,AgentA wins,18.00,0,0,0,0,0,0,0,0,0,0
47,AgentA wins,18.00,0,0,0,0,0,0,0,0,0,0
48,AgentA wins,18.00,0,0,0,0,0,0,0,0,0,0
49,AgentA wins,18.00,0,0,0,0,0,0,0,0,0,0
50,AgentA wins,18.00,0,0,0,0,0,0,0,0,0,0
41,AgentA wins,18.00,0,0,0,0,0,0,0,0,0,0
42,AgentA wins,18.00,0,0,0,0,0,0,0,0,0,0
43,AgentA wins,18.00,0,0,0,0,0,0,0,0,0,0
44,AgentA wins,18.00,0,0,0,0,0,0,0,0,0,0
45,AgentA wins,18.00,0,0,0,0,0,0,0,0,0,0
46,AgentA wins,18.00,0,0,0,0,0,0,0,0,0,0
47,AgentA wins,18.00,0,0,0,0,0,0,0,0,0,0
48,AgentA wins,18.00,0,0,0,0,0,0,0,0,0,0
49,AgentA wins,18.00,0,0,0,0,0,0,0,0,0,0
50,AgentA wins,18.33,0,0,0,0,0,0,0,0,0,0
31,AgentA wins,18.00,0,0,0,0,0,0,0,0,0,0
32,AgentA wins,41.67,0,0,0,0,0,0,0,0,0,0
33,AgentA wins,18.00,0,0,0,0,0,0,0,0,0,0
34,AgentA wins,18.00,0,0,0,0,0,0,0,0,0,0
35,AgentA wins,18.00,0,0,0,0,0,0,0,0,0,0
36,AgentA wins,18.00,0,0,0,0,0,0,0,0,0,0
37,AgentA wins,34.67,0,0,0,0,0,0,0,0,0,0
38,AgentA wins,18.00,0,0,0,0,0,0,0,0,0,0
39,AgentA wins,18.00,0,0,0,0,0,0,0,0,0,0
40,AgentA wins,18.00,0,0,0,0,0,0,0,0,0,0
41,AgentA wins,18.00,0,0,0,0,0,0,0,0,0,0
42,AgentA wins,18.00,0,0,0,0,0,0,0,0,0,0
43,AgentA wins,18.00,0,0,0,0,0,0,0,0,0,0
44,AgentA wins,18.00,0,0,0,0,0,0,0,0,0,0
45,AgentA wins,18.00,0,0,0,0,0,0,0,0,0,0
46,AgentA wins,18.00,0,0,0,0,0,0,0,0,0,0
47,AgentA wins,18.00,0,0,0,0,0,0,0,0,0,0
48,AgentA wins,18.00,0,0,0,0,0,0,0,0,0,0
49,AgentB wins,28.67,0,0,0,0,0,0,0,0,0,0
50,AgentA wins,18.00,0,0,0,0,0,0,0,0,0,0
41,AgentA wins,18.00,0,0,0,0,0,0,0,0,0,0
42,AgentA wins,18.00,0,0,0,0,0,0,0,0,0,0
43,AgentB wins,27.67,0,0,0,0,0,0,0,0,0,0
44,AgentA wins,24.00,0,0,0,0,0,0,0,0,0,0
45,AgentA wins,28.00,0,0,0,0,0,0,0,0,0,0
46,AgentA wins,28.67,0,0,0,0,0,0,0,0,0,0
47,AgentA wins,18.00,0,0,0,0,0,0,0,0,0,0
48,AgentA wins,18.00,0,0,0,0,0,0,0,0,0,0
49,AgentA wins,18.00,0,0,0,0,0,0,0,0,0,0
50,AgentA wins,18.00,0,0,0,0,0,0,0,0,0,0
41,AgentA wins,18.00,154,162,0,113,0,121,0,21,30,62
42,AgentA wins,18.00,153,162,0,113,0,122,0,21,28,66
43,AgentA wins,18.00,156,162,0,114,0,120,0,20,27,61
44,AgentA wins,18.00,155,164,0,111,0,118,0,20,28,65
45,AgentA wins,18.00,156,160,0,109,0,118,0,20,29,57
46,AgentA wins,18.00,155,160,0,105,0,116,0,18,28,60
47,AgentA wins,18.00,154,160,0,111,0,118,0,21,27,55
48,AgentA wins,18.00,154,158,0,105,0,118,0,17,27,63
49,AgentA wins,26.00,227,241,0,146,0,161,0,27,34,67
50,AgentA wins,18.00,152,169,0,117,0,113,0,23,11,65
41,AgentA wins,18.00,0,0,0,0,0,0,0,0,0,0
42,AgentA wins,18.00,0,0,0,0,0,0,0,0,0,0
43,AgentA wins,18.00,0,0,0,0,0,0,0,0,0,0
44,AgentA wins,18.00,0,0,0,0,0,0,0,0,0,0
45,AgentA wins,18.00,0,0,0,0,0,0,0,0,0,0
46,AgentA wins,18.00,0,0,0,0,0,0,0,0,0,0
47,AgentA wins,18.00,0,0,0,0,0,0,0,0,0,0
48,AgentA wins,18.00,0,0,0,0,0,0,0,0,0,0
49,AgentA wins,18.00,0,0,0,0,0,0,0,0,0,0
50,AgentA wins,18.00,0,0,0,0,0,0,0,0,0,0
41,AgentA wins,24.00,0,0,0,0,0,0,0,0,0,0
42,AgentA wins,18.00,0,0,0,0,0,0,0,0,0,0
43,AgentA wins,18.00,0,0,0,0,0,0,0,0,0,0
44,AgentA wins,18.00,0,0,0,0,0,0,0,0,0,0
45,AgentA wins,23.00,0,0,0,0,0,0,0,0,0,0
46,AgentB wins,34.00,0,0,0,0,0,0,0,0,0,0
47,AgentA wins,18.00,0,0,0,0,0,0,0,0,0,0
48,AgentA wins,18.00,0,0,0,0,0,0,0,0,0,0
49,AgentA wins,34.33,0,0,0,0,0,0,0,0,0,0
50,AgentA wins,18.00,0,0,0,0,0,0,0,0,0,0
51,AgentA wins,18.00,0,0,0,0,0,0,0,0,0,0
52,AgentA wins,18.00,0,0,0,0,0,0,0,0,0,0
53,AgentA wins,18.00,0,0,0,0,0,0,0,0,0,0
54,AgentA wins,18.00,0,0,0,0,0,0,0,0,0,0
55,AgentA wins,18.00,0,0,0,0,0,0,0,0,0,0
56,AgentA wins,18.00,0,0,0,0,0,0,0,0,0,0
57,AgentA wins,18.00,0,0,0,0,0,0,0,0,0,0
58,AgentA wins,18.00,0,0,0,0,0,0,0,0,0,0
59,AgentA wins,18.00,0,0,0,0,0,0,0,0,0,0
60,AgentA wins,18.00,0,0,0,0,0,0,0,0,0,0
51,AgentA wins,18.00,0,0,0,0,0,0,0,0,0,0
52,AgentA wins,18.00,0,0,0,0,0,0,0,0,0,0
53,AgentA wins,18.00,0,0,0,0,0,0,0,0,0,0
54,AgentA wins,18.00,0,0,0,0,0,0,0,0,0,0
55,AgentA wins,18.00,0,0,0,0,0,0,0,0,0,0
56,AgentA wins,18.00,0,0,0,0,0,0,0,0,0,0
57,AgentA wins,18.00,0,0,0,0,0,0,0,0,0,0
58,AgentA wins,18.00,0,0,0,0,0,0,0,0,0,0
59,AgentA wins,18.00,0,0,0,0,0,0,0,0,0,0
60,AgentA wins,18.00,0,0,0,0,0,0,0,0,0,0
51,AgentA wins,18.00,0,0,0,0,0,0,0,0,0,0
52,AgentA wins,18.00,0,0,0,0,0,0,0,0,0,0
53,AgentA wins,18.00,0,0,0,0,0,0,0,0,0,0
54,AgentA wins,18.00,0,0,0,0,0,0,0,0,0,0
55,AgentA wins,18.00,0,0,0,0,0,0,0,0,0,0
56,AgentA wins,18.00,0,0,0,0,0,0,0,0,0,0
57,AgentA wins,18.00,0,0,0,0,0,0,0,0,0,0
58,AgentA wins,18.00,0,0,0,0,0,0,0,0,0,0
59,AgentA wins,18.00,0,0,0,0,0,0,0,0,0,0
60,AgentA wins,18.00,0,0,0,0,0,0,0,0,0,0
51,AgentA wins,18.00,0,0,0,0,0,0,0,0,0,0
52,AgentA wins,18.00,0,0,0,0,0,0,0,0,0,0
53,AgentA wins,18.00,0,0,0,0,0,0,0,0,0,0
54,AgentA wins,18.00,0,0,0,0,0,0,0,0,0,0
55,AgentA wins,18.00,0,0,0,0,0,0,0,0,0,0
56,AgentA wins,18.00,0,0,0,0,0,0,0,0,0,0
57,AgentA wins,18.00,0,0,0,0,0,0,0,0,0,0
58,AgentA wins,18.00,0,0,0,0,0,0,0,0,0,0
59,AgentA wins,18.00,0,0,0,0,0,0,0,0,0,0
60,AgentA wins,18.00,0,0,0,0,0,0,0,0,0,0
51,AgentA wins,18.00,0,0,0,0,0,0,0,0,0,0
52,AgentA wins,18.00,0,0,0,0,0,0,0,0,0,0
53,AgentA wins,18.00,0,0,0,0,0,0,0,0,0,0
54,AgentA wins,18.00,0,0,0,0,0,0,0,0,0,0
55,AgentA wins,18.00,0,0,0,0,0,0,0,0,0,0
56,AgentA wins,18.00,0,0,0,0,0,0,0,0,0,0
57,AgentA wins,18.00,0,0,0,0,0,0,0,0,0,0
58,AgentA wins,18.00,0,0,0,0,0,0,0,0,0,0
59,AgentA wins,18.00,0,0,0,0,0,0,0,0,0,0
60,AgentA wins,18.00,0,0,0,0,0,0,0,0,0,0
51,AgentA wins,18.00,0,0,0,0,0,0,0,0,0,0
52,AgentA wins,18.00,0,0,0,0,0,0,0,0,0,0
53,AgentA wins,18.00,0,0,0,0,0,0,0,0,0,0
54,AgentA wins,18.00,0,0,0,0,0,0,0,0,0,0
55,AgentA wins,18.00,0,0,0,0,0,0,0,0,0,0
56,AgentA wins,18.00,0,0,0,0,0,0,0,0,0,0
57,AgentA wins,18.00,0,0,0,0,0,0,0,0,0,0
58,AgentA wins,18.00,0,0,0,0,0,0,0,0,0,0
59,AgentA wins,18.00,0,0,0,0,0,0,0,0,0,0
60,AgentA wins,18.00,0,0,0,0,0,0,0,0,0,0
51,AgentA wins,18.00,0,0,0,0,0,0,0,0,0,0
52,AgentA wins,18.00,0,0,0,0,0,0,0,0,0,0
53,AgentA wins,18.00,0,0,0,0,0,0,0,0,0,0
54,AgentA wins,18.00,0,0,0,0,0,0,0,0,0,0
55,AgentA wins,18.00,0,0,0,0,0,0,0,0,0,0
56,AgentA wins,18.00,0,0,0,0,0,0,0,0,0,0
57,AgentA wins,18.00,0,0,0,0,0,0,0,0,0,0
58,AgentA wins,18.00,0,0,0,0,0,0,0,0,0,0
59,AgentA wins,18.00,0,0,0,0,0,0,0,0,0,0
60,AgentA wins,18.00,0,0,0,0,0,0,0,0,0,0
51,AgentA wins,18.00,0,0,0,0,0,0,0,0,0,0
52,AgentA wins,18.00,0,0,0,0,0,0,0,0,0,0
53,AgentA wins,18.00,0,0,0,0,0,0,0,0,0,0
54,AgentA wins,18.00,0,0,0,0,0,0,0,0,0,0
55,AgentA wins,18.00,0,0,0,0,0,0,0,0,0,0
56,AgentA wins,18.00,0,0,0,0,0,0,0,0,0,0
57,AgentA wins,18.00,0,0,0,0,0,0,0,0,0,0
58,AgentA wins,18.00,0,0,0,0,0,0,0,0,0,0
59,AgentA wins,18.00,0,0,0,0,0,0,0,0,0,0
60,AgentA wins,18.00,0,0,0,0,0,0,0,0,0,0
51,AgentA wins,18.00,0,0,0,0,0,0,0,0,0,0
52,AgentA wins,18.00,0,0,0,0,0,0,0,0,0,0
53,AgentA wins,18.00,0,0,0,0,0,0,0,0,0,0
54,AgentA wins,18.00,0,0,0,0,0,0,0,0,0,0
55,AgentA wins,18.00,0,0,0,0,0,0,0,0,0,0
56,AgentA wins,18.00,0,0,0,0,0,0,0,0,0,0
57,AgentA wins,18.00,0,0,0,0,0,0,0,0,0,0
58,AgentA wins,18.00,0,0,0,0,0,0,0,0,0,0
59,AgentA wins,18.00,0,0,0,0,0,0,0,0,0,0
60,AgentA wins,18.00,0,0,0,0,0,0,0,0,0,0
51,AgentA wins,18.00,0,0,0,0,0,0,0,0,0,0
52,AgentA wins,18.33,0,0,0,0,0,0,0,0,0,0
53,AgentA wins,18.00,0,0,0,0,0,0,0,0,0,0
54,AgentA wins,18.00,0,0,0,0,0,0,0,0,0,0
55,AgentA wins,18.00,0,0,0,0,0,0,0,0,0,0
56,AgentA wins,18.00,0,0,0,0,0,0,0,0,0,0
57,AgentA wins,18.00,0,0,0,0,0,0,0,0,0,0
58,AgentA wins,18.00,0,0,0,0,0,0,0,0,0,0
59,AgentA wins,18.00,0,0,0,0,0,0,0,0,0,0
60,AgentA wins,18.00,0,0,0,0,0,0,0,0,0,0
51,AgentA wins,18.00,0,0,0,0,0,0,0,0,0,0
52,AgentA wins,18.00,0,0,0,0,0,0,0,0,0,0
53,AgentA wins,18.00,0,0,0,0,0,0,0,0,0,0
54,AgentA wins,18.00,0,0,0,0,0,0,0,0,0,0
55,AgentA wins,18.00,0,0,0,0,0,0,0,0,0,0
56,AgentA wins,18.00,0,0,0,0,0,0,0,0,0,0
57,AgentA wins,18.00,0,0,0,0,0,0,0,0,0,0
58,AgentA wins,18.00,0,0,0,0,0,0,0,0,0,0
59,AgentA wins,18.00,0,0,0,0,0,0,0,0,0,0
60,AgentA wins,18.00,0,0,0,0,0,0,0,0,0,0
51,AgentA wins,18.00,0,0,0,0,0,0,0,0,0,0
52,AgentA wins,18.00,0,0,0,0,0,0,0,0,0,0
53,AgentA wins,18.00,0,0,0,0,0,0,0,0,0,0
54,AgentA wins,18.00,0,0,0,0,0,0,0,0,0,0
55,AgentA wins,18.00,0,0,0,0,0,0,0,0,0,0
56,AgentA wins,18.00,0,0,0,0,0,0,0,0,0,0
57,AgentA wins,18.00,0,0,0,0,0,0,0,0,0,0
58,AgentA wins,18.00,0,0,0,0,0,0,0,0,0,0
59,AgentA wins,18.00,0,0,0,0,0,0,0,0,0,0
60,AgentA wins,18.00,0,0,0,0,0,0,0,0,0,0
51,AgentA wins,18.00,0,0,0,0,0,0,0,0,0,0
52,AgentA wins,18.00,0,0,0,0,0,0,0,0,0,0
53,AgentA wins,18.00,0,0,0,0,0,0,0,0,0,0
54,AgentA wins,18.00,0,0,0,0,0,0,0,0,0,0
55,AgentA wins,18.00,0,0,0,0,0,0,0,0,0,0
56,AgentA wins,18.00,0,0,0,0,0,0,0,0,0,0
57,AgentA wins,18.00,0,0,0,0,0,0,0,0,0,0
58,AgentA wins,18.00,0,0,0,0,0,0,0,0,0,0
59,AgentA wins,18.00,0,0,0,0,0,0,0,0,0,0
60,AgentA wins,18.00,0,0,0,0,0,0,0,0,0,0
51,AgentA wins,18.00,0,0,0,0,0,0,0,0,0,0
52,AgentA wins,18.00,0,0,0,0,0,0,0,0,0,0
53,AgentA wins,18.00,0,0,0,0,0,0,0,0,0,0
54,AgentA wins,18.00,0,0,0,0,0,0,0,0,0,0
55,AgentA wins,18.00,0,0,0,0,0,0,0,0,0,0
56,AgentA wins,18.00,0,0,0,0,0,0,0,0,0,0
57,AgentA wins,18.00,0,0,0,0,0,0,0,0,0,0
58,AgentA wins,18.00,0,0,0,0,0,0,0,0,0,0
59,AgentA wins,18.00,0,0,0,0,0,0,0,0,0,0
60,AgentA wins,18.00,0,0,0,0,0,0,0,0,0,0
51,AgentA wins,18.00,0,0,0,0,0,0,0,0,0,0
52,AgentA wins,18.00,0,0,0,0,0,0,0,0,0,0
53,AgentA wins,18.00,0,0,0,0,0,0,0,0,0,0
54,AgentA wins,18.00,0,0,0,0,0,0,0,0,0,0
55,AgentA wins,18.00,0,0,0,0,0,0,0,0,0,0
56,AgentA wins,18.00,0,0,0,0,0,0,0,0,0,0
57,AgentA wins,18.00,0,0,0,0,0,0,0,0,0,0
58,AgentA wins,18.00,0,0,0,0,0,0,0,0,0,0
59,AgentA wins,18.00,0,0,0,0,0,0,0,0,0,0
60,AgentA wins,18.00,0,0,0,0,0,0,0,0,0,0
41,AgentA wins,18.00,0,0,0,0,0,0,0,0,0,0
42,AgentA wins,31.00,0,0,0,0,0,0,0,0,0,0
43,AgentA wins,21.00,0,0,0,0,0,0,0,0,0,0
44,AgentA wins,27.00,0,0,0,0,0,0,0,0,0,0
45,AgentA wins,18.00,0,0,0,0,0,0,0,0,0,0
46,AgentA wins,18.00,0,0,0,0,0,0,0,0,0,0
47,AgentA wins,37.00,0,0,0,0,0,0,0,0,0,0
48,AgentA wins,18.00,0,0,0,0,0,0,0,0,0,0
49,AgentA wins,18.00,0,0,0,0,0,0,0,0,0,0
50,AgentA wins,18.00,0,0,0,0,0,0,0,0,0,0
41,AgentA wins,25.67,0,0,0,0,0,0,0,0,0,0
42,AgentB wins,28.00,0,0,0,0,0,0,0,0,0,0
43,AgentA wins,20.33,0,0,0,0,0,0,0,0,0,0
44,AgentA wins,21.00,0,0,0,0,0,0,0,0,0,0
45,AgentA wins,27.00,0,0,0,0,0,0,0,0,0,0
46,AgentA wins,18.00,0,0,0,0,0,0,0,0,0,0
47,AgentA wins,18.00,0,0,0,0,0,0,0,0,0,0
48,AgentA wins,18.00,0,0,0,0,0,0,0,0,0,0
49,AgentA wins,28.67,0,0,0,0,0,0,0,0,0,0
50,AgentA wins,26.00,0,0,0,0,0,0,0,0,0,0
41,AgentA wins,18.00,0,0,0,0,0,0,0,0,0,0
42,AgentA wins,18.00,0,0,0,0,0,0,0,0,0,0
43,AgentA wins,33.00,0,0,0,0,0,0,0,0,0,0
44,AgentB wins,18.33,0,0,0,0,0,0,0,0,0,0
45,AgentA wins,31.67,0,0,0,0,0,0,0,0,0,0
46,AgentA wins,29.00,0,0,0,0,0,0,0,0,0,0
47,AgentA wins,18.00,0,0,0,0,0,0,0,0,0,0
48,AgentA wins,18.00,0,0,0,0,0,0,0,0,0,0
49,AgentA wins,18.00,0,0,0,0,0,0,0,0,0,0
50,AgentA wins,29.00,0,0,0,0,0,0,0,0,0,0
41,AgentA wins,18.00,0,0,0,0,0,0,0,0,0,0
42,AgentA wins,28.67,0,0,0,0,0,0,0,0,0,0
43,AgentA wins,18.00,0,0,0,0,0,0,0,0,0,0
44,AgentB wins,36.00,0,0,0,0,0,0,0,0,0,0
45,AgentA wins,45.00,0,0,0,0,0,0,0,0,0,0
46,AgentA wins,18.00,0,0,0,0,0,0,0,0,0,0
47,AgentB wins,36.33,0,0,0,0,0,0,0,0,0,0
48,AgentA wins,18.00,0,0,0,0,0,0,0,0,0,0
49,AgentB wins,30.33,0,0,0,0,0,0,0,0,0,0
50,AgentA wins,18.00,0,0,0,0,0,0,0,0,0,0
41,AgentA wins,40.67,0,0,0,0,0,0,0,0,0,0
42,AgentA wins,20.00,0,0,0,0,0,0,0,0,0,0
43,AgentA wins,18.00,0,0,0,0,0,0,0,0,0,0
44,AgentA wins,18.00,0,0,0,0,0,0,0,0,0,0
45,AgentA wins,18.00,0,0,0,0,0,0,0,0,0,0
46,AgentA wins,18.00,0,0,0,0,0,0,0,0,0,0
47,AgentA wins,18.00,0,0,0,0,0,0,0,0,0,0
48,AgentA wins,22.67,0,0,0,0,0,0,0,0,0,0
49,AgentA wins,18.00,0,0,0,0,0,0,0,0,0,0
50,AgentA wins,35.00,0,0,0,0,0,0,0,0,0,0
51,AgentB wins,19.33,0,0,0,0,0,0,0,0,0,0
52,AgentA wins,22.67,0,0,0,0,0,0,0,0,0,0
53,AgentA wins,18.00,0,0,0,0,0,0,0,0,0,0
54,AgentB wins,34.67,0,0,0,0,0,0,0,0,0,0
55,AgentA wins,18.00,0,0,0,0,0,0,0,0,0,0
56,AgentA wins,23.00,0,0,0,0,0,0,0,0,0,0
57,AgentA wins,18.00,0,0,0,0,0,0,0,0,0,0
58,AgentA wins,29.00,0,0,0,0,0,0,0,0,0,0
59,AgentA wins,18.00,0,0,0,0,0,0,0,0,0,0
60,AgentA wins,18.00,0,0,0,0,0,0,0,0,0,0
51,AgentA wins,18.00,0,0,0,0,0,0,0,0,0,0
52,AgentA wins,18.00,0,0,0,0,0,0,0,0,0,0
53,AgentA wins,23.00,0,0,0,0,0,0,0,0,0,0
54,AgentB wins,32.67,0,0,0,0,0,0,0,0,0,0
55,AgentA wins,18.00,0,0,0,0,0,0,0,0,0,0
56,AgentA wins,18.00,0,0,0,0,0,0,0,0,0,0
57,AgentB wins,22.00,0,0,0,0,0,0,0,0,0,0
58,AgentA wins,26.00,0,0,0,0,0,0,0,0,0,0
59,AgentA wins,18.00,0,0,0,0,0,0,0,0,0,0
60,AgentA wins,18.00,0,0,0,0,0,0,0,0,0,0
51,AgentA wins,18.00,153,167,0,114,0,114,0,21,16,65
52,AgentA wins,18.00,154,168,0,115,0,113,0,22,17,56
53,AgentB wins,30.33,262,274,0,190,0,196,0,39,50,104
54,AgentA wins,18.00,152,165,0,107,0,104,0,21,31,62
55,AgentB wins,30.00,271,272,0,160,0,181,0,25,58,76
56,AgentA wins,18.00,166,155,0,104,0,106,0,24,24,62
57,AgentA wins,18.00,166,156,0,97,0,106,0,22,31,54
58,AgentA wins,23.67,215,205,0,137,0,149,0,25,34,83
59,AgentA wins,18.00,164,156,0,102,0,123,0,9,27,65
60,AgentA wins,18.00,161,155,0,101,0,121,0,9,26,65
51,AgentA wins,18.00,0,0,0,0,0,0,0,0,0,0
52,AgentB wins,25.00,0,0,0,0,0,0,0,0,0,0
53,AgentA wins,18.00,0,0,0,0,0,0,0,0,0,0
54,AgentA wins,20.00,0,0,0,0,0,0,0,0,0,0
55,AgentA wins,18.00,0,0,0,0,0,0,0,0,0,0
56,AgentA wins,18.00,0,0,0,0,0,0,0,0,0,0
57,AgentA wins,18.00,0,0,0,0,0,0,0,0,0,0
58,AgentA wins,21.00,0,0,0,0,0,0,0,0,0,0
59,AgentB wins,24.33,0,0,0,0,0,0,0,0,0,0
60,AgentB wins,31.00,0,0,0,0,0,0,0,0,0,0
61,AgentA wins,18.00,0,0,0,0,0,0,0,0,0,0
62,AgentA wins,18.00,0,0,0,0,0,0,0,0,0,0
63,AgentA wins,18.00,0,0,0,0,0,0,0,0,0,0
64,AgentA wins,18.00,0,0,0,0,0,0,0,0,0,0
65,AgentA wins,18.00,0,0,0,0,0,0,0,0,0,0
66,AgentA wins,18.00,0,0,0,0,0,0,0,0,0,0
67,AgentA wins,18.00,0,0,0,0,0,0,0,0,0,0
68,AgentA wins,18.00,0,0,0,0,0,0,0,0,0,0
69,AgentA wins,18.00,0,0,0,0,0,0,0,0,0,0
70,AgentA wins,18.00,0,0,0,0,0,0,0,0,0,0
61,AgentA wins,18.00,0,0,0,0,0,0,0,0,0,0
62,AgentA wins,18.00,0,0,0,0,0,0,0,0,0,0
63,AgentA wins,18.00,0,0,0,0,0,0,0,0,0,0
64,AgentA wins,18.00,0,0,0,0,0,0,0,0,0,0
65,AgentA wins,18.00,0,0,0,0,0,0,0,0,0,0
66,AgentA wins,18.00,0,0,0,0,0,0,0,0,0,0
67,AgentA wins,18.00,0,0,0,0,0,0,0,0,0,0
68,AgentA wins,18.00,0,0,0,0,0,0,0,0,0,0
69,AgentA wins,18.00,0,0,0,0,0,0,0,0,0,0
70,AgentA wins,18.00,0,0,0,0,0,0,0,0,0,0
61,AgentA wins,18.00,0,0,0,0,0,0,0,0,0,0
62,AgentA wins,18.00,0,0,0,0,0,0,0,0,0,0
63,AgentA wins,18.00,0,0,0,0,0,0,0,0,0,0
64,AgentA wins,18.00,0,0,0,0,0,0,0,0,0,0
65,AgentA wins,18.00,0,0,0,0,0,0,0,0,0,0
66,AgentA wins,18.00,0,0,0,0,0,0,0,0,0,0
67,AgentA wins,18.00,0,0,0,0,0,0,0,0,0,0
68,AgentA wins,18.00,0,0,0,0,0,0,0,0,0,0
69,AgentA wins,18.00,0,0,0,0,0,0,0,0,0,0
70,AgentA wins,18.00,0,0,0,0,0,0,0,0,0,0
61,AgentA wins,18.00,0,0,0,0,0,0,0,0,0,0
62,AgentA wins,18.00,0,0,0,0,0,0,0,0,0,0
63,AgentA wins,18.00,0,0,0,0,0,0,0,0,0,0
64,AgentA wins,18.00,0,0,0,0,0,0,0,0,0,0
65,AgentA wins,18.00,0,0,0,0,0,0,0,0,0,0
66,AgentA wins,18.00,0,0,0,0,0,0,0,0,0,0
67,AgentA wins,18.00,0,0,0,0,0,0,0,0,0,0
68,AgentA wins,18.00,0,0,0,0,0,0,0,0,0,0
69,AgentA wins,18.00,0,0,0,0,0,0,0,0,0,0
70,AgentA wins,18.00,0,0,0,0,0,0,0,0,0,0
61,AgentA wins,18.00,0,0,0,0,0,0,0,0,0,0
62,AgentA wins,18.00,0,0,0,0,0,0,0,0,0,0
63,AgentA wins,18.00,0,0,0,0,0,0,0,0,0,0
64,AgentA wins,18.00,0,0,0,0,0,0,0,0,0,0
65,AgentA wins,18.00,0,0,0,0,0,0,0,0,0,0
66,AgentA wins,18.00,0,0,0,0,0,0,0,0,0,0
67,AgentA wins,18.00,0,0,0,0,0,0,0,0,0,0
68,AgentA wins,18.00,0,0,0,0,0,0,0,0,0,0
69,AgentA wins,18.00,0,0,0,0,0,0,0,0,0,0
70,AgentA wins,18.00,0,0,0,0,0,0,0,0,0,0
61,AgentA wins,18.00,0,0,0,0,0,0,0,0,0,0
62,AgentA wins,18.00,0,0,0,0,0,0,0,0,0,0
63,AgentA wins,18.00,0,0,0,0,0,0,0,0,0,0
64,AgentA wins,18.00,0,0,0,0,0,0,0,0,0,0
65,AgentA wins,18.00,0,0,0,0,0,0,0,0,0,0
66,AgentA wins,18.00,0,0,0,0,0,0,0,0,0,0
67,AgentA wins,18.00,0,0,0,0,0,0,0,0,0,0
68,AgentA wins,18.00,0,0,0,0,0,0,0,0,0,0
69,AgentA wins,18.00,0,0,0,0,0,0,0,0,0,0
70,AgentA wins,18.00,0,0,0,0,0,0,0,0,0,0
61,AgentA wins,18.00,0,0,0,0,0,0,0,0,0,0
62,AgentA wins,18.00,0,0,0,0,0,0,0,0,0,0
63,AgentA wins,18.00,0,0,0,0,0,0,0,0,0,0
64,AgentA wins,18.00,0,0,0,0,0,0,0,0,0,0
65,AgentA wins,18.00,0,0,0,0,0,0,0,0,0,0
66,AgentA wins,18.00,0,0,0,0,0,0,0,0,0,0
67,AgentA wins,18.00,0,0,0,0,0,0,0,0,0,0
68,AgentA wins,18.00,0,0,0,0,0,0,0,0,0,0
69,AgentA wins,18.00,0,0,0,0,0,0,0,0,0,0
70,AgentA wins,18.00,0,0,0,0,0,0,0,0,0,0
61,AgentA wins,18.00,0,0,0,0,0,0,0,0,0,0
62,AgentA wins,18.00,0,0,0,0,0,0,0,0,0,0
63,AgentA wins,18.00,0,0,0,0,0,0,0,0,0,0
64,AgentA wins,18.00,0,0,0,0,0,0,0,0,0,0
65,AgentA wins,18.00,0,0,0,0,0,0,0,0,0,0
66,AgentA wins,18.00,0,0,0,0,0,0,0,0,0,0
67,AgentA wins,18.00,0,0,0,0,0,0,0,0,0,0
68,AgentA wins,18.00,0,0,0,0,0,0,0,0,0,0
69,AgentA wins,18.00,0,0,0,0,0,0,0,0,0,0
70,AgentA wins,18.00,0,0,0,0,0,0,0,0,0,0
61,AgentA wins,18.00,0,0,0,0,0,0,0,0,0,0
62,AgentA wins,18.00,0,0,0,0,0,0,0,0,0,0
63,AgentA wins,18.00,0,0,0,0,0,0,0,0,0,0
64,AgentA wins,18.00,0,0,0,0,0,0,0,0,0,0
65,AgentA wins,18.00,0,0,0,0,0,0,0,0,0,0
66,AgentA wins,18.00,0,0,0,0,0,0,0,0,0,0
67,AgentA wins,18.00,0,0,0,0,0,0,0,0,0,0
68,AgentA wins,18.00,0,0,0,0,0,0,0,0,0,0
69,AgentA wins,18.00,0,0,0,0,0,0,0,0,0,0
70,AgentA wins,18.00,0,0,0,0,0,0,0,0,0,0
61,AgentA wins,18.00,0,0,0,0,0,0,0,0,0,0
62,AgentA wins,18.00,0,0,0,0,0,0,0,0,0,0
63,AgentA wins,18.00,0,0,0,0,0,0,0,0,0,0
64,AgentA wins,18.00,0,0,0,0,0,0,0,0,0,0
65,AgentA wins,18.00,0,0,0,0,0,0,0,0,0,0
66,AgentA wins,18.00,0,0,0,0,0,0,0,0,0,0
67,AgentA wins,18.00,0,0,0,0,0,0,0,0,0,0
68,AgentA wins,18.00,0,0,0,0,0,0,0,0,0,0
69,AgentA wins,18.00,0,0,0,0,0,0,0,0,0,0
70,AgentA wins,18.00,0,0,0,0,0,0,0,0,0,0
61,AgentA wins,18.00,0,0,0,0,0,0,0,0,0,0
62,AgentA wins,18.00,0,0,0,0,0,0,0,0,0,0
63,AgentA wins,18.00,0,0,0,0,0,0,0,0,0,0
64,AgentA wins,18.00,0,0,0,0,0,0,0,0,0,0
65,AgentA wins,18.00,0,0,0,0,0,0,0,0,0,0
66,AgentA wins,18.00,0,0,0,0,0,0,0,0,0,0
67,AgentA wins,18.00,0,0,0,0,0,0,0,0,0,0
68,AgentA wins,18.00,0,0,0,0,0,0,0,0,0,0
69,AgentA wins,18.00,0,0,0,0,0,0,0,0,0,0
70,AgentA wins,18.00,0,0,0,0,0,0,0,0,0,0
61,AgentA wins,18.33,0,0,0,0,0,0,0,0,0,0
62,AgentA wins,18.00,0,0,0,0,0,0,0,0,0,0
63,AgentA wins,18.00,0,0,0,0,0,0,0,0,0,0
64,AgentA wins,18.00,0,0,0,0,0,0,0,0,0,0
65,AgentA wins,18.00,0,0,0,0,0,0,0,0,0,0
66,AgentA wins,18.00,0,0,0,0,0,0,0,0,0,0
67,AgentA wins,18.00,0,0,0,0,0,0,0,0,0,0
68,AgentA wins,18.00,0,0,0,0,0,0,0,0,0,0
69,AgentA wins,18.00,0,0,0,0,0,0,0,0,0,0
70,AgentA wins,18.00,0,0,0,0,0,0,0,0,0,0
61,AgentA wins,18.00,0,0,0,0,0,0,0,0,0,0
62,AgentA wins,18.00,0,0,0,0,0,0,0,0,0,0
63,AgentA wins,18.00,0,0,0,0,0,0,0,0,0,0
64,AgentA wins,18.00,0,0,0,0,0,0,0,0,0,0
65,AgentA wins,18.00,0,0,0,0,0,0,0,0,0,0
66,AgentA wins,18.00,0,0,0,0,0,0,0,0,0,0
67,AgentA wins,18.00,0,0,0,0,0,0,0,0,0,0
68,AgentA wins,18.00,0,0,0,0,0,0,0,0,0,0
69,AgentA wins,18.00,0,0,0,0,0,0,0,0,0,0
70,AgentA wins,18.00,0,0,0,0,0,0,0,0,0,0
61,AgentA wins,18.00,0,0,0,0,0,0,0,0,0,0
62,AgentA wins,18.00,0,0,0,0,0,0,0,0,0,0
63,AgentA wins,18.00,0,0,0,0,0,0,0,0,0,0
64,AgentA wins,18.00,0,0,0,0,0,0,0,0,0,0
65,AgentA wins,18.00,0,0,0,0,0,0,0,0,0,0
66,AgentA wins,18.00,0,0,0,0,0,0,0,0,0,0
67,AgentA wins,18.00,0,0,0,0,0,0,0,0,0,0
68,AgentA wins,18.00,0,0,0,0,0,0,0,0,0,0
69,AgentA wins,18.00,0,0,0,0,0,0,0,0,0,0
70,AgentA wins,18.00,0,0,0,0,0,0,0,0,0,0
61,AgentA wins,18.00,0,0,0,0,0,0,0,0,0,0
62,AgentA wins,18.00,0,0,0,0,0,0,0,0,0,0
63,AgentA wins,18.00,0,0,0,0,0,0,0,0,0,0
64,AgentA wins,18.00,0,0,0,0,0,0,0,0,0,0
65,AgentA wins,18.00,0,0,0,0,0,0,0,0,0,0
66,AgentA wins,18.00,0,0,0,0,0,0,0,0,0,0
67,AgentA wins,18.00,0,0,0,0,0,0,0,0,0,0
68,AgentA wins,18.00,0,0,0,0,0,0,0,0,0,0
69,AgentA wins,18.00,0,0,0,0,0,0,0,0,0,0
70,AgentA wins,18.00,0,0,0,0,0,0,0,0,0,0
51,AgentA wins,18.00,0,0,0,0,0,0,0,0,0,0
52,AgentA wins,24.00,0,0,0,0,0,0,0,0,0,0
53,AgentA wins,18.00,0,0,0,0,0,0,0,0,0,0
54,AgentA wins,18.00,0,0,0,0,0,0,0,0,0,0
55,AgentA wins,18.00,0,0,0,0,0,0,0,0,0,0
56,AgentA wins,18.00,0,0,0,0,0,0,0,0,0,0
57,AgentA wins,29.00,0,0,0,0,0,0,0,0,0,0
58,AgentA wins,18.00,0,0,0,0,0,0,0,0,0,0
59,AgentA wins,18.00,0,0,0,0,0,0,0,0,0,0
60,AgentA wins,18.00,0,0,0,0,0,0,0,0,0,0
51,AgentB wins,23.33,0,0,0,0,0,0,0,0,0,0
52,AgentA wins,18.00,0,0,0,0,0,0,0,0,0,0
53,AgentA wins,24.00,0,0,0,0,0,0,0,0,0,0
54,AgentA wins,18.00,0,0,0,0,0,0,0,0,0,0
55,AgentA wins,18.00,0,0,0,0,0,0,0,0,0,0
56,AgentA wins,24.00,0,0,0,0,0,0,0,0,0,0
57,AgentA wins,18.00,0,0,0,0,0,0,0,0,0,0
58,AgentA wins,29.00,0,0,0,0,0,0,0,0,0,0
59,AgentA wins,21.00,0,0,0,0,0,0,0,0,0,0
60,AgentB wins,26.00,0,0,0,0,0,0,0,0,0,0
51,AgentA wins,20.00,0,0,0,0,0,0,0,0,0,0
52,AgentA wins,29.00,0,0,0,0,0,0,0,0,0,0
53,AgentA wins,18.00,0,0,0,0,0,0,0,0,0,0
54,AgentA wins,18.00,0,0,0,0,0,0,0,0,0,0
55,AgentA wins,37.00,0,0,0,0,0,0,0,0,0,0
56,AgentA wins,18.00,0,0,0,0,0,0,0,0,0,0
57,AgentA wins,18.00,0,0,0,0,0,0,0,0,0,0
58,AgentA wins,18.00,0,0,0,0,0,0,0,0,0,0
59,AgentA wins,18.00,0,0,0,0,0,0,0,0,0,0
60,AgentA wins,18.00,0,0,0,0,0,0,0,0,0,0
51,AgentA wins,25.33,0,0,0,0,0,0,0,0,0,0
52,AgentA wins,18.00,0,0,0,0,0,0,0,0,0,0
53,AgentA wins,24.00,0,0,0,0,0,0,0,0,0,0
54,AgentA wins,34.67,0,0,0,0,0,0,0,0,0,0
55,AgentA wins,21.00,0,0,0,0,0,0,0,0,0,0
56,AgentA wins,18.00,0,0,0,0,0,0,0,0,0,0
57,AgentA wins,18.00,0,0,0,0,0,0,0,0,0,0
58,AgentA wins,18.00,0,0,0,0,0,0,0,0,0,0
59,AgentA wins,18.00,0,0,0,0,0,0,0,0,0,0
60,AgentA wins,18.00,0,0,0,0,0,0,0,0,0,0
51,AgentA wins,23.33,0,0,0,0,0,0,0,0,0,0
52,AgentA wins,33.00,0,0,0,0,0,0,0,0,0,0
53,AgentA wins,31.33,0,0,0,0,0,0,0,0,0,0
54,AgentA wins,18.00,0,0,0,0,0,0,0,0,0,0
55,AgentA wins,18.00,0,0,0,0,0,0,0,0,0,0
56,AgentA wins,18.00,0,0,0,0,0,0,0,0,0,0
57,AgentA wins,25.67,0,0,0,0,0,0,0,0,0,0
58,AgentA wins,18.00,0,0,0,0,0,0,0,0,0,0
59,AgentA wins,18.00,0,0,0,0,0,0,0,0,0,0
60,AgentA wins,18.00,0,0,0,0,0,0,0,0,0,0
51,AgentA wins,26.67,0,0,0,0,0,0,0,0,0,0
52,AgentA wins,25.00,0,0,0,0,0,0,0,0,0,0
53,AgentA wins,21.00,0,0,0,0,0,0,0,0,0,0
54,AgentA wins,18.00,0,0,0,0,0,0,0,0,0,0
55,AgentA wins,18.00,0,0,0,0,0,0,0,0,0,0
56,AgentB wins,19.33,0,0,0,0,0,0,0,0,0,0
57,AgentA wins,18.00,0,0,0,0,0,0,0,0,0,0
58,AgentA wins,18.00,0,0,0,0,0,0,0,0,0,0
59,AgentA wins,25.00,0,0,0,0,0,0,0,0,0,0
60,AgentB wins,25.00,0,0,0,0,0,0,0,0,0,0
61,AgentA wins,18.00,163,156,0,101,0,122,0,9,26,62
62,AgentA wins,18.00,162,155,0,97,0,122,0,7,29,60
63,AgentA wins,18.00,164,156,0,102,0,124,0,9,32,62
64,AgentB wins,25.33,229,230,1,144,0,153,0,27,37,66
65,AgentA wins,18.00,158,165,0,118,0,119,0,26,29,59
66,AgentA wins,18.00,156,162,0,114,0,120,0,22,26,62
67,AgentA wins,18.00,159,162,0,115,0,126,0,23,30,63
68,AgentA wins,18.00,158,163,0,116,0,124,0,23,27,61
69,AgentA wins,18.00,161,163,0,114,0,119,0,24,26,66
70,AgentA wins,28.00,251,245,0,166,0,189,0,27,43,103
71,AgentA wins,18.00,0,0,0,0,0,0,0,0,0,0
72,AgentA wins,18.00,0,0,0,0,0,0,0,0,0,0
73,AgentA wins,18.00,0,0,0,0,0,0,0,0,0,0
74,AgentA wins,18.00,0,0,0,0,0,0,0,0,0,0
75,AgentA wins,18.00,0,0,0,0,0,0,0,0,0,0
76,AgentA wins,18.00,0,0,0,0,0,0,0,0,0,0
77,AgentA wins,18.00,0,0,0,0,0,0,0,0,0,0
78,AgentA wins,18.00,0,0,0,0,0,0,0,0,0,0
79,AgentA wins,18.00,0,0,0,0,0,0,0,0,0,0
80,AgentA wins,18.00,0,0,0,0,0,0,0,0,0,0
71,AgentA wins,18.00,0,0,0,0,0,0,0,0,0,0
72,AgentA wins,18.00,0,0,0,0,0,0,0,0,0,0
73,AgentA wins,18.00,0,0,0,0,0,0,0,0,0,0
74,AgentA wins,18.00,0,0,0,0,0,0,0,0,0,0
75,AgentA wins,18.00,0,0,0,0,0,0,0,0,0,0
76,AgentA wins,18.00,0,0,0,0,0,0,0,0,0,0
77,AgentA wins,18.00,0,0,0,0,0,0,0,0,0,0
78,AgentA wins,18.00,0,0,0,0,0,0,0,0,0,0
79,AgentA wins,18.00,0,0,0,0,0,0,0,0,0,0
80,AgentA wins,18.00,0,0,0,0,0,0,0,0,0,0
71,AgentA wins,18.00,0,0,0,0,0,0,0,0,0,0
72,AgentA wins,18.00,0,0,0,0,0,0,0,0,0,0
73,AgentA wins,18.00,0,0,0,0,0,0,0,0,0,0
74,AgentA wins,18.00,0,0,0,0,0,0,0,0,0,0
75,AgentA wins,18.00,0,0,0,0,0,0,0,0,0,0
76,AgentA wins,18.00,0,0,0,0,0,0,0,0,0,0
77,AgentA wins,18.00,0,0,0,0,0,0,0,0,0,0
78,AgentA wins,18.00,0,0,0,0,0,0,0,0,0,0
79,AgentA wins,18.00,0,0,0,0,0,0,0,0,0,0
80,AgentA wins,18.00,0,0,0,0,0,0,0,0,0,0
71,AgentA wins,18.00,0,0,0,0,0,0,0,0,0,0
72,AgentA wins,18.00,0,0,0,0,0,0,0,0,0,0
73,AgentA wins,18.00,0,0,0,0,0,0,0,0,0,0
74,AgentA wins,18.00,0,0,0,0,0,0,0,0,0,0
75,AgentA wins,18.00,0,0,0,0,0,0,0,0,0,0
76,AgentA wins,18.00,0,0,0,0,0,0,0,0,0,0
77,AgentA wins,18.00,0,0,0,0,0,0,0,0,0,0
78,AgentA wins,18.00,0,0,0,0,0,0,0,0,0,0
79,AgentA wins,18.00,0,0,0,0,0,0,0,0,0,0
80,AgentA wins,18.00,0,0,0,0,0,0,0,0,0,0
71,AgentA wins,18.00,0,0,0,0,0,0,0,0,0,0
72,AgentA wins,18.00,0,0,0,0,0,0,0,0,0,0
73,AgentA wins,18.00,0,0,0,0,0,0,0,0,0,0
74,AgentA wins,18.00,0,0,0,0,0,0,0,0,0,0
75,AgentA wins,18.00,0,0,0,0,0,0,0,0,0,0
76,AgentA wins,18.00,0,0,0,0,0,0,0,0,0,0
77,AgentA wins,18.00,0,0,0,0,0,0,0,0,0,0
78,AgentA wins,18.00,0,0,0,0,0,0,0,0,0,0
79,AgentA wins,18.00,0,0,0,0,0,0,0,0,0,0
80,AgentA wins,18.00,0,0,0,0,0,0,0,0,0,0
71,AgentA wins,18.00,0,0,0,0,0,0,0,0,0,0
72,AgentA wins,18.00,0,0,0,0,0,0,0,0,0,0
73,AgentA wins,18.00,0,0,0,0,0,0,0,0,0,0
74,AgentA wins,18.00,0,0,0,0,0,0,0,0,0,0
75,AgentA wins,18.00,0,0,0,0,0,0,0,0,0,0
76,AgentA wins,18.00,0,0,0,0,0,0,0,0,0,0
77,AgentA wins,18.00,0,0,0,0,0,0,0,0,0,0
78,AgentA wins,18.00,0,0,0,0,0,0,0,0,0,0
79,AgentA wins,18.00,0,0,0,0,0,0,0,0,0,0
80,AgentA wins,18.00,0,0,0,0,0,0,0,0,0,0
71,AgentA wins,18.00,0,0,0,0,0,0,0,0,0,0
72,AgentA wins,18.00,0,0,0,0,0,0,0,0,0,0
73,AgentA wins,18.00,0,0,0,0,0,0,0,0,0,0
74,AgentA wins,18.00,0,0,0,0,0,0,0,0,0,0
75,AgentA wins,18.00,0,0,0,0,0,0,0,0,0,0
76,AgentA wins,18.00,0,0,0,0,0,0,0,0,0,0
77,AgentA wins,18.00,0,0,0,0,0,0,0,0,0,0
78,AgentA wins,18.00,0,0,0,0,0,0,0,0,0,0
79,AgentA wins,18.00,0,0,0,0,0,0,0,0,0,0
80,AgentA wins,18.00,0,0,0,0,0,0,0,0,0,0
71,AgentA wins,18.00,0,0,0,0,0,0,0,0,0,0
72,AgentA wins,18.00,0,0,0,0,0,0,0,0,0,0
73,AgentA wins,18.00,0,0,0,0,0,0,0,0,0,0
74,AgentA wins,18.00,0,0,0,0,0,0,0,0,0,0
75,AgentA wins,18.00,0,0,0,0,0,0,0,0,0,0
76,AgentA wins,18.00,0,0,0,0,0,0,0,0,0,0
77,AgentA wins,18.00,0,0,0,0,0,0,0,0,0,0
78,AgentA wins,18.00,0,0,0,0,0,0,0,0,0,0
79,AgentA wins,18.00,0,0,0,0,0,0,0,0,0,0
80,AgentA wins,18.00,0,0,0,0,0,0,0,0,0,0
71,AgentA wins,18.00,0,0,0,0,0,0,0,0,0,0
72,AgentA wins,18.00,0,0,0,0,0,0,0,0,0,0
73,AgentA wins,18.00,0,0,0,0,0,0,0,0,0,0
74,AgentA wins,18.00,0,0,0,0,0,0,0,0,0,0
75,AgentA wins,18.00,0,0,0,0,0,0,0,0,0,0
76,AgentA wins,18.00,0,0,0,0,0,0,0,0,0,0
77,AgentA wins,18.00,0,0,0,0,0,0,0,0,0,0
78,AgentA wins,18.00,0,0,0,0,0,0,0,0,0,0
79,AgentA wins,18.00,0,0,0,0,0,0,0,0,0,0
80,AgentA wins,18.00,0,0,0,0,0,0,0,0,0,0
71,AgentA wins,18.00,0,0,0,0,0,0,0,0,0,0
72,AgentA wins,18.00,0,0,0,0,0,0,0,0,0,0
73,AgentA wins,18.00,0,0,0,0,0,0,0,0,0,0
74,AgentA wins,18.00,0,0,0,0,0,0,0,0,0,0
75,AgentA wins,18.00,0,0,0,0,0,0,0,0,0,0
76,AgentA wins,18.00,0,0,0,0,0,0,0,0,0,0
77,AgentA wins,18.00,0,0,0,0,0,0,0,0,0,0
78,AgentA wins,18.00,0,0,0,0,0,0,0,0,0,0
79,AgentA wins,18.00,0,0,0,0,0,0,0,0,0,0
80,AgentA wins,18.00,0,0,0,0,0,0,0,0,0,0
71,AgentA wins,18.00,0,0,0,0,0,0,0,0,0,0
72,AgentA wins,18.00,0,0,0,0,0,0,0,0,0,0
73,AgentA wins,18.00,0,0,0,0,0,0,0,0,0,0
74,AgentA wins,18.00,0,0,0,0,0,0,0,0,0,0
75,AgentA wins,18.00,0,0,0,0,0,0,0,0,0,0
76,AgentA wins,18.00,0,0,0,0,0,0,0,0,0,0
77,AgentA wins,18.00,0,0,0,0,0,0,0,0,0,0
78,AgentA wins,18.00,0,0,0,0,0,0,0,0,0,0
79,AgentA wins,18.00,0,0,0,0,0,0,0,0,0,0
80,AgentA wins,18.00,0,0,0,0,0,0,0,0,0,0
71,AgentA wins,18.00,0,0,0,0,0,0,0,0,0,0
72,AgentA wins,18.00,0,0,0,0,0,0,0,0,0,0
73,AgentA wins,18.00,0,0,0,0,0,0,0,0,0,0
74,AgentA wins,18.00,0,0,0,0,0,0,0,0,0,0
75,AgentA wins,18.00,0,0,0,0,0,0,0,0,0,0
76,AgentA wins,18.00,0,0,0,0,0,0,0,0,0,0
77,AgentA wins,18.00,0,0,0,0,0,0,0,0,0,0
78,AgentA wins,18.00,0,0,0,0,0,0,0,0,0,0
79,AgentA wins,18.00,0,0,0,0,0,0,0,0,0,0
80,AgentA wins,18.00,0,0,0,0,0,0,0,0,0,0
71,AgentA wins,18.00,0,0,0,0,0,0,0,0,0,0
72,AgentA wins,18.00,0,0,0,0,0,0,0,0,0,0
73,AgentA wins,18.00,0,0,0,0,0,0,0,0,0,0
74,AgentA wins,18.00,0,0,0,0,0,0,0,0,0,0
75,AgentA wins,18.00,0,0,0,0,0,0,0,0,0,0
76,AgentA wins,18.00,0,0,0,0,0,0,0,0,0,0
77,AgentA wins,18.00,0,0,0,0,0,0,0,0,0,0
78,AgentA wins,18.00,0,0,0,0,0,0,0,0,0,0
79,AgentA wins,18.00,0,0,0,0,0,0,0,0,0,0
80,AgentA wins,18.00,0,0,0,0,0,0,0,0,0,0
71,AgentA wins,18.00,0,0,0,0,0,0,0,0,0,0
72,AgentA wins,18.00,0,0,0,0,0,0,0,0,0,0
73,AgentA wins,18.00,0,0,0,0,0,0,0,0,0,0
74,AgentA wins,18.00,0,0,0,0,0,0,0,0,0,0
75,AgentA wins,18.00,0,0,0,0,0,0,0,0,0,0
76,AgentA wins,18.00,0,0,0,0,0,0,0,0,0,0
77,AgentA wins,18.00,0,0,0,0,0,0,0,0,0,0
78,AgentA wins,18.00,0,0,0,0,0,0,0,0,0,0
79,AgentA wins,18.00,0,0,0,0,0,0,0,0,0,0
80,AgentA wins,18.00,0,0,0,0,0,0,0,0,0,0
71,AgentA wins,18.00,0,0,0,0,0,0,0,0,0,0
72,AgentA wins,18.00,0,0,0,0,0,0,0,0,0,0
73,AgentA wins,18.00,0,0,0,0,0,0,0,0,0,0
74,AgentA wins,18.00,0,0,0,0,0,0,0,0,0,0
75,AgentA wins,18.00,0,0,0,0,0,0,0,0,0,0
76,AgentA wins,18.00,0,0,0,0,0,0,0,0,0,0
77,AgentA wins,18.00,0,0,0,0,0,0,0,0,0,0
78,AgentA wins,18.00,0,0,0,0,0,0,0,0,0,0
79,AgentA wins,18.00,0,0,0,0,0,0,0,0,0,0
80,AgentA wins,18.00,0,0,0,0,0,0,0,0,0,0
61,AgentA wins,18.00,0,0,0,0,0,0,0,0,0,0
62,AgentA wins,33.67,0,0,0,0,0,0,0,0,0,0
63,AgentA wins,18.00,0,0,0,0,0,0,0,0,0,0
64,AgentA wins,21.00,0,0,0,0,0,0,0,0,0,0
65,AgentA wins,18.00,0,0,0,0,0,0,0,0,0,0
66,AgentA wins,20.00,0,0,0,0,0,0,0,0,0,0
67,AgentA wins,26.00,0,0,0,0,0,0,0,0,0,0
68,AgentA wins,18.00,0,0,0,0,0,0,0,0,0,0
69,AgentA wins,18.00,0,0,0,0,0,0,0,0,0,0
70,AgentA wins,18.00,0,0,0,0,0,0,0,0,0,0
61,AgentB wins,49.00,0,0,0,0,0,0,0,0,0,0
62,AgentA wins,18.00,0,0,0,0,0,0,0,0,0,0
63,AgentA wins,18.00,0,0,0,0,0,0,0,0,0,0
64,AgentA wins,18.00,0,0,0,0,0,0,0,0,0,0
65,AgentA wins,27.00,0,0,0,0,0,0,0,0,0,0
66,AgentA wins,18.00,0,0,0,0,0,0,0,0,0,0
67,AgentA wins,18.00,0,0,0,0,0,0,0,0,0,0
68,AgentA wins,18.00,0,0,0,0,0,0,0,0,0,0
69,AgentA wins,18.00,0,0,0,0,0,0,0,0,0,0
70,AgentA wins,18.00,0,0,0,0,0,0,0,0,0,0
61,AgentA wins,18.00,0,0,0,0,0,0,0,0,0,0
62,AgentA wins,18.00,0,0,0,0,0,0,0,0,0,0
63,AgentA wins,35.33,0,0,0,0,0,0,0,0,0,0
64,AgentA wins,18.00,0,0,0,0,0,0,0,0,0,0
65,AgentA wins,18.00,0,0,0,0,0,0,0,0,0,0
66,AgentA wins,25.67,0,0,0,0,0,0,0,0,0,0
67,AgentA wins,18.00,0,0,0,0,0,0,0,0,0,0
68,AgentA wins,18.00,0,0,0,0,0,0,0,0,0,0
69,AgentA wins,18.00,0,0,0,0,0,0,0,0,0,0
70,AgentA wins,18.00,0,0,0,0,0,0,0,0,0,0
61,AgentA wins,18.00,0,0,0,0,0,0,0,0,0,0
62,AgentA wins,18.00,0,0,0,0,0,0,0,0,0,0
63,AgentA wins,24.00,0,0,0,0,0,0,0,0,0,0
64,AgentA wins,18.00,0,0,0,0,0,0,0,0,0,0
65,AgentA wins,18.00,0,0,0,0,0,0,0,0,0,0
66,AgentA wins,18.00,0,0,0,0,0,0,0,0,0,0
67,AgentA wins,18.00,0,0,0,0,0,0,0,0,0,0
68,AgentA wins,18.00,0,0,0,0,0,0,0,0,0,0
69,AgentA wins,18.00,0,0,0,0,0,0,0,0,0,0
70,AgentA wins,27.00,0,0,0,0,0,0,0,0,0,0
61,AgentA wins,30.67,0,0,0,0,0,0,0,0,0,0
62,AgentA wins,20.00,0,0,0,0,0,0,0,0,0,0
63,AgentA wins,18.00,0,0,0,0,0,0,0,0,0,0
64,AgentA wins,18.00,0,0,0,0,0,0,0,0,0,0
65,AgentA wins,25.00,0,0,0,0,0,0,0,0,0,0
66,AgentA wins,31.00,0,0,0,0,0,0,0,0,0,0
67,AgentA wins,18.00,0,0,0,0,0,0,0,0,0,0
68,AgentA wins,18.00,0,0,0,0,0,0,0,0,0,0
69,AgentA wins,18.00,0,0,0,0,0,0,0,0,0,0
70,AgentA wins,18.00,0,0,0,0,0,0,0,0,0,0
61,AgentA wins,18.00,0,0,0,0,0,0,0,0,0,0
62,AgentA wins,35.00,0,0,0,0,0,0,0,0,0,0
63,AgentA wins,18.00,0,0,0,0,0,0,0,0,0,0
64,AgentA wins,18.00,0,0,0,0,0,0,0,0,0,0
65,AgentA wins,18.00,0,0,0,0,0,0,0,0,0,0
66,AgentA wins,18.00,0,0,0,0,0,0,0,0,0,0
67,AgentA wins,18.00,0,0,0,0,0,0,0,0,0,0
68,AgentA wins,18.00,0,0,0,0,0,0,0,0,0,0
69,AgentA wins,18.00,0,0,0,0,0,0,0,0,0,0
70,AgentA wins,18.00,0,0,0,0,0,0,0,0,0,0
61,AgentA wins,18.00,0,0,0,0,0,0,0,0,0,0
62,AgentA wins,18.00,0,0,0,0,0,0,0,0,0,0
63,AgentA wins,18.00,0,0,0,0,0,0,0,0,0,0
64,AgentA wins,23.00,0,0,0,0,0,0,0,0,0,0
65,AgentA wins,26.67,0,0,0,0,0,0,0,0,0,0
66,AgentA wins,18.00,0,0,0,0,0,0,0,0,0,0
67,AgentA wins,18.00,0,0,0,0,0,0,0,0,0,0
68,AgentA wins,18.00,0,0,0,0,0,0,0,0,0,0
69,AgentA wins,18.00,0,0,0,0,0,0,0,0,0,0
70,AgentA wins,18.00,0,0,0,0,0,0,0,0,0,0
61,AgentA wins,18.00,0,0,0,0,0,0,0,0,0,0
62,AgentB wins,27.33,0,0,0,0,0,0,0,0,0,0
63,AgentA wins,18.00,0,0,0,0,0,0,0,0,0,0
64,AgentA wins,31.67,0,0,0,0,0,0,0,0,0,0
65,AgentA wins,18.00,0,0,0,0,0,0,0,0,0,0
66,AgentA wins,18.00,0,0,0,0,0,0,0,0,0,0
67,AgentA wins,18.00,0,0,0,0,0,0,0,0,0,0
68,AgentA wins,18.00,0,0,0,0,0,0,0,0,0,0
69,AgentA wins,18.00,0,0,0,0,0,0,0,0,0,0
70,AgentA wins,18.00,0,0,0,0,0,0,0,0,0,0
61,AgentB wins,19.33,0,0,0,0,0,0,0,0,0,0
62,AgentA wins,18.00,0,0,0,0,0,0,0,0,0,0
63,AgentA wins,27.00,0,0,0,0,0,0,0,0,0,0
64,AgentA wins,18.00,0,0,0,0,0,0,0,0,0,0
65,AgentA wins,18.00,0,0,0,0,0,0,0,0,0,0
66,AgentA wins,18.00,0,0,0,0,0,0,0,0,0,0
67,AgentA wins,18.00,0,0,0,0,0,0,0,0,0,0
68,AgentA wins,18.00,0,0,0,0,0,0,0,0,0,0
69,AgentA wins,18.00,0,0,0,0,0,0,0,0,0,0
70,AgentA wins,18.00,0,0,0,0,0,0,0,0,0,0
71,AgentA wins,18.00,167,155,0,108,0,106,0,25,22,62
72,AgentA wins,18.00,167,155,0,104,0,107,0,24,26,59
73,AgentA wins,18.00,167,155,0,106,0,107,0,25,17,64
74,AgentA wins,18.00,167,155,0,108,0,104,0,25,14,70
75,AgentA wins,18.00,168,155,0,104,0,105,0,24,25,52
76,AgentA wins,18.00,166,154,0,107,0,107,0,25,18,69
77,AgentA wins,18.00,169,154,0,97,0,111,0,21,22,62
78,AgentA wins,18.00,167,153,0,100,0,112,0,22,29,54
79,AgentA wins,18.00,168,154,0,101,0,106,0,23,23,58
80,AgentA wins,18.00,167,155,0,98,0,107,0,23,19,62
81,AgentA wins,18.00,0,0,0,0,0,0,0,0,0,0
82,AgentA wins,18.00,0,0,0,0,0,0,0,0,0,0
83,AgentA wins,18.00,0,0,0,0,0,0,0,0,0,0
84,AgentA wins,18.00,0,0,0,0,0,0,0,0,0,0
85,AgentA wins,18.00,0,0,0,0,0,0,0,0,0,0
86,AgentA wins,18.00,0,0,0,0,0,0,0,0,0,0
87,AgentA wins,18.00,0,0,0,0,0,0,0,0,0,0
88,AgentA wins,18.00,0,0,0,0,0,0,0,0,0,0
89,AgentA wins,18.00,0,0,0,0,0,0,0,0,0,0
90,AgentA wins,18.00,0,0,0,0,0,0,0,0,0,0
81,AgentA wins,18.00,0,0,0,0,0,0,0,0,0,0
82,AgentA wins,18.00,0,0,0,0,0,0,0,0,0,0
83,AgentA wins,18.00,0,0,0,0,0,0,0,0,0,0
84,AgentA wins,18.00,0,0,0,0,0,0,0,0,0,0
85,AgentA wins,18.00,0,0,0,0,0,0,0,0,0,0
86,AgentA wins,18.00,0,0,0,0,0,0,0,0,0,0
87,AgentA wins,18.00,0,0,0,0,0,0,0,0,0,0
88,AgentA wins,18.00,0,0,0,0,0,0,0,0,0,0
89,AgentA wins,18.00,0,0,0,0,0,0,0,0,0,0
90,AgentA wins,18.00,0,0,0,0,0,0,0,0,0,0
81,AgentA wins,18.00,0,0,0,0,0,0,0,0,0,0
82,AgentA wins,18.00,0,0,0,0,0,0,0,0,0,0
83,AgentA wins,18.00,0,0,0,0,0,0,0,0,0,0
84,AgentA wins,18.00,0,0,0,0,0,0,0,0,0,0
85,AgentA wins,18.00,0,0,0,0,0,0,0,0,0,0
86,AgentA wins,18.00,0,0,0,0,0,0,0,0,0,0
87,AgentA wins,18.00,0,0,0,0,0,0,0,0,0,0
88,AgentA wins,18.00,0,0,0,0,0,0,0,0,0,0
89,AgentA wins,18.00,0,0,0,0,0,0,0,0,0,0
90,AgentA wins,18.00,0,0,0,0,0,0,0,0,0,0
81,AgentA wins,18.00,0,0,0,0,0,0,0,0,0,0
82,AgentA wins,18.00,0,0,0,0,0,0,0,0,0,0
83,AgentA wins,18.00,0,0,0,0,0,0,0,0,0,0
84,AgentA wins,18.00,0,0,0,0,0,0,0,0,0,0
85,AgentA wins,18.00,0,0,0,0,0,0,0,0,0,0
86,AgentA wins,18.00,0,0,0,0,0,0,0,0,0,0
87,AgentA wins,18.00,0,0,0,0,0,0,0,0,0,0
88,AgentA wins,18.00,0,0,0,0,0,0,0,0,0,0
89,AgentA wins,18.00,0,0,0,0,0,0,0,0,0,0
90,AgentA wins,18.00,0,0,0,0,0,0,0,0,0,0
81,AgentA wins,18.00,0,0,0,0,0,0,0,0,0,0
82,AgentA wins,18.00,0,0,0,0,0,0,0,0,0,0
83,AgentA wins,18.00,0,0,0,0,0,0,0,0,0,0
84,AgentA wins,18.00,0,0,0,0,0,0,0,0,0,0
85,AgentA wins,18.00,0,0,0,0,0,0,0,0,0,0
86,AgentA wins,18.00,0,0,0,0,0,0,0,0,0,0
87,AgentA wins,18.00,0,0,0,0,0,0,0,0,0,0
88,AgentA wins,18.00,0,0,0,0,0,0,0,0,0,0
89,AgentA wins,18.00,0,0,0,0,0,0,0,0,0,0
90,AgentA wins,18.00,0,0,0,0,0,0,0,0,0,0
81,AgentA wins,18.00,0,0,0,0,0,0,0,0,0,0
82,AgentA wins,18.00,0,0,0,0,0,0,0,0,0,0
83,AgentA wins,18.00,0,0,0,0,0,0,0,0,0,0
84,AgentA wins,18.00,0,0,0,0,0,0,0,0,0,0
85,AgentA wins,18.00,0,0,0,0,0,0,0,0,0,0
86,AgentA wins,18.00,0,0,0,0,0,0,0,0,0,0
87,AgentA wins,18.00,0,0,0,0,0,0,0,0,0,0
88,AgentA wins,18.00,0,0,0,0,0,0,0,0,0,0
89,AgentA wins,18.00,0,0,0,0,0,0,0,0,0,0
90,AgentA wins,18.00,0,0,0,0,0,0,0,0,0,0
81,AgentA wins,18.00,0,0,0,0,0,0,0,0,0,0
82,AgentA wins,18.00,0,0,0,0,0,0,0,0,0,0
83,AgentA wins,18.00,0,0,0,0,0,0,0,0,0,0
84,AgentA wins,18.00,0,0,0,0,0,0,0,0,0,0
85,AgentA wins,18.00,0,0,0,0,0,0,0,0,0,0
86,AgentA wins,18.00,0,0,0,0,0,0,0,0,0,0
87,AgentA wins,18.00,0,0,0,0,0,0,0,0,0,0
88,AgentA wins,18.00,0,0,0,0,0,0,0,0,0,0
89,AgentA wins,18.00,0,0,0,0,0,0,0,0,0,0
90,AgentA wins,18.00,0,0,0,0,0,0,0,0,0,0
81,AgentA wins,18.00,0,0,0,0,0,0,0,0,0,0
82,AgentA wins,18.00,0,0,0,0,0,0,0,0,0,0
83,AgentA wins,18.00,0,0,0,0,0,0,0,0,0,0
84,AgentA wins,18.00,0,0,0,0,0,0,0,0,0,0
85,AgentA wins,18.00,0,0,0,0,0,0,0,0,0,0
86,AgentA wins,18.00,0,0,0,0,0,0,0,0,0,0
87,AgentA wins,18.00,0,0,0,0,0,0,0,0,0,0
88,AgentA wins,18.00,0,0,0,0,0,0,0,0,0,0
89,AgentA wins,18.00,0,0,0,0,0,0,0,0,0,0
90,AgentA wins,18.00,0,0,0,0,0,0,0,0,0,0
81,AgentA wins,18.00,0,0,0,0,0,0,0,0,0,0
82,AgentA wins,18.00,0,0,0,0,0,0,0,0,0,0
83,AgentA wins,18.00,0,0,0,0,0,0,0,0,0,0
84,AgentA wins,18.00,0,0,0,0,0,0,0,0,0,0
85,AgentA wins,18.00,0,0,0,0,0,0,0,0,0,0
86,AgentA wins,18.00,0,0,0,0,0,0,0,0,0,0
87,AgentA wins,18.00,0,0,0,0,0,0,0,0,0,0
88,AgentA wins,18.00,0,0,0,0,0,0,0,0,0,0
89,AgentA wins,18.00,0,0,0,0,0,0,0,0,0,0
90,AgentA wins,18.00,0,0,0,0,0,0,0,0,0,0
81,AgentA wins,18.00,0,0,0,0,0,0,0,0,0,0
82,AgentA wins,18.00,0,0,0,0,0,0,0,0,0,0
83,AgentA wins,18.00,0,0,0,0,0,0,0,0,0,0
84,AgentA wins,18.00,0,0,0,0,0,0,0,0,0,0
85,AgentA wins,18.00,0,0,0,0,0,0,0,0,0,0
86,AgentA wins,18.00,0,0,0,0,0,0,0,0,0,0
87,AgentA wins,18.00,0,0,0,0,0,0,0,0,0,0
88,AgentA wins,18.00,0,0,0,0,0,0,0,0,0,0
89,AgentA wins,18.00,0,0,0,0,0,0,0,0,0,0
90,AgentA wins,18.00,0,0,0,0,0,0,0,0,0,0
81,AgentA wins,18.00,0,0,0,0,0,0,0,0,0,0
82,AgentA wins,18.00,0,0,0,0,0,0,0,0,0,0
83,AgentA wins,18.00,0,0,0,0,0,0,0,0,0,0
84,AgentA wins,18.00,0,0,0,0,0,0,0,0,0,0
85,AgentA wins,18.00,0,0,0,0,0,0,0,0,0,0
86,AgentA wins,18.00,0,0,0,0,0,0,0,0,0,0
87,AgentA wins,18.00,0,0,0,0,0,0,0,0,0,0
88,AgentA wins,18.00,0,0,0,0,0,0,0,0,0,0
89,AgentA wins,18.00,0,0,0,0,0,0,0,0,0,0
90,AgentA wins,18.00,0,0,0,0,0,0,0,0,0,0
81,AgentA wins,18.00,0,0,0,0,0,0,0,0,0,0
82,AgentA wins,18.00,0,0,0,0,0,0,0,0,0,0
83,AgentA wins,18.00,0,0,0,0,0,0,0,0,0,0
84,AgentA wins,18.00,0,0,0,0,0,0,0,0,0,0
85,AgentA wins,18.00,0,0,0,0,0,0,0,0,0,0
86,AgentA wins,18.00,0,0,0,0,0,0,0,0,0,0
87,AgentA wins,18.00,0,0,0,0,0,0,0,0,0,0
88,AgentA wins,18.00,0,0,0,0,0,0,0,0,0,0
89,AgentA wins,18.00,0,0,0,0,0,0,0,0,0,0
90,AgentA wins,18.00,0,0,0,0,0,0,0,0,0,0
81,AgentA wins,18.00,0,0,0,0,0,0,0,0,0,0
82,AgentA wins,18.00,0,0,0,0,0,0,0,0,0,0
83,AgentA wins,18.00,0,0,0,0,0,0,0,0,0,0
84,AgentA wins,18.00,0,0,0,0,0,0,0,0,0,0
85,AgentA wins,18.00,0,0,0,0,0,0,0,0,0,0
86,AgentA wins,18.00,0,0,0,0,0,0,0,0,0,0
87,AgentA wins,18.00,0,0,0,0,0,0,0,0,0,0
88,AgentA wins,18.00,0,0,0,0,0,0,0,0,0,0
89,AgentA wins,18.00,0,0,0,0,0,0,0,0,0,0
90,AgentA wins,18.00,0,0,0,0,0,0,0,0,0,0
81,AgentA wins,18.00,0,0,0,0,0,0,0,0,0,0
82,AgentA wins,18.00,0,0,0,0,0,0,0,0,0,0
83,AgentA wins,18.00,0,0,0,0,0,0,0,0,0,0
84,AgentA wins,18.00,0,0,0,0,0,0,0,0,0,0
85,AgentA wins,18.00,0,0,0,0,0,0,0,0,0,0
86,AgentA wins,18.00,0,0,0,0,0,0,0,0,0,0
87,AgentA wins,18.00,0,0,0,0,0,0,0,0,0,0
88,AgentA wins,18.00,0,0,0,0,0,0,0,0,0,0
89,AgentA wins,18.00,0,0,0,0,0,0,0,0,0,0
90,AgentA wins,18.00,0,0,0,0,0,0,0,0,0,0
81,AgentA wins,18.00,0,0,0,0,0,0,0,0,0,0
82,AgentA wins,18.00,0,0,0,0,0,0,0,0,0,0
83,AgentA wins,18.00,0,0,0,0,0,0,0,0,0,0
84,AgentA wins,18.00,0,0,0,0,0,0,0,0,0,0
85,AgentA wins,18.00,0,0,0,0,0,0,0,0,0,0
86,AgentA wins,18.00,0,0,0,0,0,0,0,0,0,0
87,AgentA wins,20.00,0,0,0,0,0,0,0,0,0,0
88,AgentA wins,18.00,0,0,0,0,0,0,0,0,0,0
89,AgentA wins,18.00,0,0,0,0,0,0,0,0,0,0
90,AgentA wins,18.00,0,0,0,0,0,0,0,0,0,0
71,AgentA wins,18.00,0,0,0,0,0,0,0,0,0,0
72,AgentA wins,18.00,0,0,0,0,0,0,0,0,0,0
73,AgentA wins,18.00,0,0,0,0,0,0,0,0,0,0
74,AgentA wins,18.00,0,0,0,0,0,0,0,0,0,0
75,AgentA wins,18.00,0,0,0,0,0,0,0,0,0,0
76,AgentB wins,19.33,0,0,0,0,0,0,0,0,0,0
77,AgentA wins,18.00,0,0,0,0,0,0,0,0,0,0
78,AgentA wins,18.00,0,0,0,0,0,0,0,0,0,0
79,AgentA wins,18.00,0,0,0,0,0,0,0,0,0,0
80,AgentA wins,18.00,0,0,0,0,0,0,0,0,0,0
71,AgentA wins,18.00,0,0,0,0,0,0,0,0,0,0
72,AgentA wins,18.00,0,0,0,0,0,0,0,0,0,0
73,AgentA wins,18.00,0,0,0,0,0,0,0,0,0,0
74,AgentA wins,26.00,0,0,0,0,0,0,0,0,0,0
75,AgentA wins,18.00,0,0,0,0,0,0,0,0,0,0
76,AgentA wins,23.00,0,0,0,0,0,0,0,0,0,0
77,AgentB wins,19.33,0,0,0,0,0,0,0,0,0,0
78,AgentA wins,29.67,0,0,0,0,0,0,0,0,0,0
79,AgentA wins,18.00,0,0,0,0,0,0,0,0,0,0
80,AgentA wins,18.00,0,0,0,0,0,0,0,0,0,0
71,AgentB wins,16.00,0,0,0,0,0,0,0,0,0,0
72,AgentA wins,18.00,0,0,0,0,0,0,0,0,0,0
73,AgentA wins,18.00,0,0,0,0,0,0,0,0,0,0
74,AgentA wins,18.00,0,0,0,0,0,0,0,0,0,0
75,AgentA wins,18.00,0,0,0,0,0,0,0,0,0,0
76,AgentA wins,43.67,0,0,0,0,0,0,0,0,0,0
77,AgentA wins,18.00,0,0,0,0,0,0,0,0,0,0
78,AgentA wins,18.00,0,0,0,0,0,0,0,0,0,0
79,AgentA wins,18.00,0,0,0,0,0,0,0,0,0,0
80,AgentA wins,18.00,0,0,0,0,0,0,0,0,0,0
71,AgentA wins,18.00,0,0,0,0,0,0,0,0,0,0
72,AgentA wins,18.00,0,0,0,0,0,0,0,0,0,0
73,AgentB wins,16.33,0,0,0,0,0,0,0,0,0,0
74,AgentA wins,18.00,0,0,0,0,0,0,0,0,0,0
75,AgentA wins,18.00,0,0,0,0,0,0,0,0,0,0
76,AgentA wins,18.00,0,0,0,0,0,0,0,0,0,0
77,AgentA wins,18.00,0,0,0,0,0,0,0,0,0,0
78,AgentA wins,18.00,0,0,0,0,0,0,0,0,0,0
79,AgentA wins,18.00,0,0,0,0,0,0,0,0,0,0
80,AgentA wins,18.00,0,0,0,0,0,0,0,0,0,0
71,AgentB wins,21.00,0,0,0,0,0,0,0,0,0,0
72,AgentA wins,18.00,0,0,0,0,0,0,0,0,0,0
73,AgentB wins,21.67,0,0,0,0,0,0,0,0,0,0
74,AgentA wins,18.00,0,0,0,0,0,0,0,0,0,0
75,AgentA wins,18.00,0,0,0,0,0,0,0,0,0,0
76,AgentA wins,18.00,0,0,0,0,0,0,0,0,0,0
77,AgentA wins,18.00,0,0,0,0,0,0,0,0,0,0
78,AgentA wins,18.00,0,0,0,0,0,0,0,0,0,0
79,AgentA wins,18.00,0,0,0,0,0,0,0,0,0,0
80,AgentA wins,18.00,0,0,0,0,0,0,0,0,0,0
71,AgentA wins,18.00,0,0,0,0,0,0,0,0,0,0
72,AgentA wins,18.00,0,0,0,0,0,0,0,0,0,0
73,AgentA wins,18.00,0,0,0,0,0,0,0,0,0,0
74,AgentA wins,18.00,0,0,0,0,0,0,0,0,0,0
75,AgentA wins,21.00,0,0,0,0,0,0,0,0,0,0
76,AgentA wins,36.00,0,0,0,0,0,0,0,0,0,0
77,AgentA wins,18.00,0,0,0,0,0,0,0,0,0,0
78,AgentA wins,18.00,0,0,0,0,0,0,0,0,0,0
79,AgentA wins,18.00,0,0,0,0,0,0,0,0,0,0
80,AgentA wins,29.67,0,0,0,0,0,0,0,0,0,0
71,AgentA wins,18.00,0,0,0,0,0,0,0,0,0,0
72,AgentA wins,18.00,0,0,0,0,0,0,0,0,0,0
73,AgentA wins,18.00,0,0,0,0,0,0,0,0,0,0
74,AgentA wins,18.00,0,0,0,0,0,0,0,0,0,0
75,AgentB wins,19.00,0,0,0,0,0,0,0,0,0,0
76,AgentA wins,18.00,0,0,0,0,0,0,0,0,0,0
77,AgentA wins,18.00,0,0,0,0,0,0,0,0,0,0
78,AgentA wins,18.00,0,0,0,0,0,0,0,0,0,0
79,AgentB wins,28.67,0,0,0,0,0,0,0,0,0,0
80,AgentB wins,19.33,0,0,0,0,0,0,0,0,0,0
71,AgentA wins,18.00,0,0,0,0,0,0,0,0,0,0
72,AgentA wins,18.00,0,0,0,0,0,0,0,0,0,0
73,AgentA wins,18.00,0,0,0,0,0,0,0,0,0,0
74,AgentB wins,17.67,0,0,0,0,0,0,0,0,0,0
75,AgentA wins,18.00,0,0,0,0,0,0,0,0,0,0
76,AgentA wins,18.00,0,0,0,0,0,0,0,0,0,0
77,AgentA wins,18.00,0,0,0,0,0,0,0,0,0,0
78,AgentA wins,18.00,0,0,0,0,0,0,0,0,0,0
79,AgentB wins,25.33,0,0,0,0,0,0,0,0,0,0
80,AgentA wins,18.00,0,0,0,0,0,0,0,0,0,0
71,AgentA wins,18.00,0,0,0,0,0,0,0,0,0,0
72,AgentA wins,18.00,0,0,0,0,0,0,0,0,0,0
73,AgentA wins,18.00,0,0,0,0,0,0,0,0,0,0
74,AgentA wins,18.00,0,0,0,0,0,0,0,0,0,0
75,AgentA wins,18.00,0,0,0,0,0,0,0,0,0,0
76,AgentA wins,18.00,0,0,0,0,0,0,0,0,0,0
77,AgentA wins,18.00,0,0,0,0,0,0,0,0,0,0
78,AgentA wins,18.00,0,0,0,0,0,0,0,0,0,0
79,AgentA wins,18.00,0,0,0,0,0,0,0,0,0,0
80,AgentA wins,37.00,0,0,0,0,0,0,0,0,0,0
91,AgentA wins,18.00,0,0,0,0,0,0,0,0,0,0
92,AgentA wins,18.00,0,0,0,0,0,0,0,0,0,0
93,AgentA wins,18.00,0,0,0,0,0,0,0,0,0,0
94,AgentA wins,18.00,0,0,0,0,0,0,0,0,0,0
95,AgentA wins,18.00,0,0,0,0,0,0,0,0,0,0
96,AgentA wins,18.00,0,0,0,0,0,0,0,0,0,0
97,AgentA wins,18.00,0,0,0,0,0,0,0,0,0,0
98,AgentA wins,18.00,0,0,0,0,0,0,0,0,0,0
99,AgentA wins,15.67,0,0,0,0,0,0,0,0,0,0
100,AgentA wins,18.00,0,0,0,0,0,0,0,0,0,0
91,AgentA wins,18.00,0,0,0,0,0,0,0,0,0,0
92,AgentA wins,18.00,0,0,0,0,0,0,0,0,0,0
93,AgentA wins,18.00,0,0,0,0,0,0,0,0,0,0
94,AgentA wins,18.00,0,0,0,0,0,0,0,0,0,0
95,AgentA wins,18.00,0,0,0,0,0,0,0,0,0,0
96,AgentA wins,18.00,0,0,0,0,0,0,0,0,0,0
97,AgentA wins,18.00,0,0,0,0,0,0,0,0,0,0
98,AgentA wins,18.00,0,0,0,0,0,0,0,0,0,0
99,AgentA wins,15.67,0,0,0,0,0,0,0,0,0,0
100,AgentA wins,18.00,0,0,0,0,0,0,0,0,0,0
91,AgentA wins,18.00,0,0,0,0,0,0,0,0,0,0
92,AgentA wins,18.00,0,0,0,0,0,0,0,0,0,0
93,AgentA wins,18.00,0,0,0,0,0,0,0,0,0,0
94,AgentA wins,17.67,0,0,0,0,0,0,0,0,0,0
95,AgentA wins,18.00,0,0,0,0,0,0,0,0,0,0
96,AgentA wins,18.00,0,0,0,0,0,0,0,0,0,0
97,AgentA wins,18.00,0,0,0,0,0,0,0,0,0,0
98,AgentA wins,18.00,0,0,0,0,0,0,0,0,0,0
99,AgentA wins,18.00,0,0,0,0,0,0,0,0,0,0
100,AgentA wins,18.00,0,0,0,0,0,0,0,0,0,0
91,AgentA wins,18.00,0,0,0,0,0,0,0,0,0,0
92,AgentA wins,18.00,0,0,0,0,0,0,0,0,0,0
93,AgentA wins,18.00,0,0,0,0,0,0,0,0,0,0
94,AgentA wins,18.00,0,0,0,0,0,0,0,0,0,0
95,AgentA wins,18.00,0,0,0,0,0,0,0,0,0,0
96,AgentA wins,18.00,0,0,0,0,0,0,0,0,0,0
97,AgentA wins,18.00,0,0,0,0,0,0,0,0,0,0
98,AgentA wins,18.00,0,0,0,0,0,0,0,0,0,0
99,AgentA wins,18.00,0,0,0,0,0,0,0,0,0,0
100,AgentA wins,18.00,0,0,0,0,0,0,0,0,0,0
91,AgentA wins,18.00,0,0,0,0,0,0,0,0,0,0
92,AgentA wins,18.00,0,0,0,0,0,0,0,0,0,0
93,AgentA wins,18.00,0,0,0,0,0,0,0,0,0,0
94,AgentA wins,18.00,0,0,0,0,0,0,0,0,0,0
95,AgentA wins,18.00,0,0,0,0,0,0,0,0,0,0
96,AgentA wins,18.00,0,0,0,0,0,0,0,0,0,0
97,AgentA wins,18.00,0,0,0,0,0,0,0,0,0,0
98,AgentA wins,18.00,0,0,0,0,0,0,0,0,0,0
99,AgentA wins,18.00,0,0,0,0,0,0,0,0,0,0
100,AgentA wins,18.00,0,0,0,0,0,0,0,0,0,0
91,AgentA wins,18.00,0,0,0,0,0,0,0,0,0,0
92,AgentA wins,18.00,0,0,0,0,0,0,0,0,0,0
93,AgentA wins,18.00,0,0,0,0,0,0,0,0,0,0
94,AgentA wins,18.00,0,0,0,0,0,0,0,0,0,0
95,AgentA wins,18.00,0,0,0,0,0,0,0,0,0,0
96,AgentA wins,18.00,0,0,0,0,0,0,0,0,0,0
97,AgentA wins,18.00,0,0,0,0,0,0,0,0,0,0
98,AgentA wins,18.00,0,0,0,0,0,0,0,0,0,0
99,AgentA wins,18.00,0,0,0,0,0,0,0,0,0,0
100,AgentA wins,18.00,0,0,0,0,0,0,0,0,0,0
91,AgentA wins,18.00,0,0,0,0,0,0,0,0,0,0
92,AgentA wins,18.00,0,0,0,0,0,0,0,0,0,0
93,AgentA wins,18.00,0,0,0,0,0,0,0,0,0,0
94,AgentA wins,18.00,0,0,0,0,0,0,0,0,0,0
95,AgentA wins,18.00,0,0,0,0,0,0,0,0,0,0
96,AgentA wins,18.00,0,0,0,0,0,0,0,0,0,0
97,AgentA wins,18.00,0,0,0,0,0,0,0,0,0,0
98,AgentA wins,18.00,0,0,0,0,0,0,0,0,0,0
99,AgentA wins,18.00,0,0,0,0,0,0,0,0,0,0
100,AgentA wins,18.00,0,0,0,0,0,0,0,0,0,0
91,AgentA wins,18.00,0,0,0,0,0,0,0,0,0,0
92,AgentA wins,18.00,0,0,0,0,0,0,0,0,0,0
93,AgentA wins,18.00,0,0,0,0,0,0,0,0,0,0
94,AgentA wins,18.00,0,0,0,0,0,0,0,0,0,0
95,AgentA wins,18.00,0,0,0,0,0,0,0,0,0,0
96,AgentA wins,18.00,0,0,0,0,0,0,0,0,0,0
97,AgentA wins,18.00,0,0,0,0,0,0,0,0,0,0
98,AgentA wins,18.00,0,0,0,0,0,0,0,0,0,0
99,AgentA wins,18.00,0,0,0,0,0,0,0,0,0,0
100,AgentA wins,18.00,0,0,0,0,0,0,0,0,0,0
91,AgentA wins,18.00,0,0,0,0,0,0,0,0,0,0
92,AgentA wins,18.00,0,0,0,0,0,0,0,0,0,0
93,AgentA wins,18.00,0,0,0,0,0,0,0,0,0,0
94,AgentA wins,18.00,0,0,0,0,0,0,0,0,0,0
95,AgentA wins,18.00,0,0,0,0,0,0,0,0,0,0
96,AgentA wins,18.00,0,0,0,0,0,0,0,0,0,0
97,AgentA wins,18.00,0,0,0,0,0,0,0,0,0,0
98,AgentA wins,18.00,0,0,0,0,0,0,0,0,0,0
99,AgentA wins,18.00,0,0,0,0,0,0,0,0,0,0
100,AgentA wins,17.67,0,0,0,0,0,0,0,0,0,0
91,AgentA wins,18.00,0,0,0,0,0,0,0,0,0,0
92,AgentA wins,18.00,0,0,0,0,0,0,0,0,0,0
93,AgentA wins,18.00,0,0,0,0,0,0,0,0,0,0
94,AgentA wins,18.00,0,0,0,0,0,0,0,0,0,0
95,AgentA wins,18.00,0,0,0,0,0,0,0,0,0,0
96,AgentA wins,18.00,0,0,0,0,0,0,0,0,0,0
97,AgentA wins,18.00,0,0,0,0,0,0,0,0,0,0
98,AgentA wins,18.00,0,0,0,0,0,0,0,0,0,0
99,AgentA wins,18.00,0,0,0,0,0,0,0,0,0,0
100,AgentA wins,18.00,0,0,0,0,0,0,0,0,0,0
91,AgentA wins,18.00,0,0,0,0,0,0,0,0,0,0
92,AgentA wins,18.00,0,0,0,0,0,0,0,0,0,0
93,AgentA wins,18.00,0,0,0,0,0,0,0,0,0,0
94,AgentA wins,18.00,0,0,0,0,0,0,0,0,0,0
95,AgentA wins,18.00,0,0,0,0,0,0,0,0,0,0
96,AgentA wins,18.00,0,0,0,0,0,0,0,0,0,0
97,AgentA wins,18.00,0,0,0,0,0,0,0,0,0,0
98,AgentA wins,18.00,0,0,0,0,0,0,0,0,0,0
99,AgentA wins,18.00,0,0,0,0,0,0,0,0,0,0
100,AgentA wins,18.00,0,0,0,0,0,0,0,0,0,0
91,AgentA wins,18.00,0,0,0,0,0,0,0,0,0,0
92,AgentA wins,18.00,0,0,0,0,0,0,0,0,0,0
93,AgentA wins,18.00,0,0,0,0,0,0,0,0,0,0
94,AgentA wins,18.00,0,0,0,0,0,0,0,0,0,0
95,AgentA wins,18.00,0,0,0,0,0,0,0,0,0,0
96,AgentA wins,18.00,0,0,0,0,0,0,0,0,0,0
97,AgentA wins,18.00,0,0,0,0,0,0,0,0,0,0
98,AgentA wins,18.00,0,0,0,0,0,0,0,0,0,0
99,AgentA wins,18.00,0,0,0,0,0,0,0,0,0,0
100,AgentA wins,18.00,0,0,0,0,0,0,0,0,0,0
91,AgentA wins,18.00,0,0,0,0,0,0,0,0,0,0
92,AgentA wins,18.00,0,0,0,0,0,0,0,0,0,0
93,AgentA wins,18.00,0,0,0,0,0,0,0,0,0,0
94,AgentA wins,18.00,0,0,0,0,0,0,0,0,0,0
95,AgentA wins,18.00,0,0,0,0,0,0,0,0,0,0
96,AgentA wins,18.00,0,0,0,0,0,0,0,0,0,0
97,AgentA wins,18.00,0,0,0,0,0,0,0,0,0,0
98,AgentA wins,18.00,0,0,0,0,0,0,0,0,0,0
99,AgentA wins,18.00,0,0,0,0,0,0,0,0,0,0
100,AgentA wins,18.00,0,0,0,0,0,0,0,0,0,0
91,AgentA wins,18.00,0,0,0,0,0,0,0,0,0,0
92,AgentA wins,18.00,0,0,0,0,0,0,0,0,0,0
93,AgentA wins,18.00,0,0,0,0,0,0,0,0,0,0
94,AgentA wins,18.00,0,0,0,0,0,0,0,0,0,0
95,AgentA wins,18.00,0,0,0,0,0,0,0,0,0,0
96,AgentA wins,18.00,0,0,0,0,0,0,0,0,0,0
97,AgentA wins,18.00,0,0,0,0,0,0,0,0,0,0
98,AgentA wins,18.00,0,0,0,0,0,0,0,0,0,0
99,AgentA wins,18.00,0,0,0,0,0,0,0,0,0,0
100,AgentA wins,18.00,0,0,0,0,0,0,0,0,0,0
91,AgentA wins,18.00,0,0,0,0,0,0,0,0,0,0
92,AgentA wins,18.00,0,0,0,0,0,0,0,0,0,0
93,AgentA wins,18.00,0,0,0,0,0,0,0,0,0,0
94,AgentA wins,18.00,0,0,0,0,0,0,0,0,0,0
95,AgentA wins,18.00,0,0,0,0,0,0,0,0,0,0
96,AgentA wins,18.00,0,0,0,0,0,0,0,0,0,0
97,AgentA wins,18.00,0,0,0,0,0,0,0,0,0,0
98,AgentA wins,18.00,0,0,0,0,0,0,0,0,0,0
99,AgentA wins,17.67,0,0,0,0,0,0,0,0,0,0
100,AgentA wins,20.67,0,0,0,0,0,0,0,0,0,0
81,AgentA wins,18.00,167,153,0,106,0,108,0,24,15,72
82,AgentA wins,18.00,168,154,0,107,0,108,0,24,19,64
83,AgentA wins,18.00,168,154,0,107,0,109,0,24,18,67
84,AgentA wins,18.00,168,154,0,104,0,105,0,23,12,67
85,AgentA wins,36.33,322,323,0,212,0,232,0,45,44,132
86,AgentA wins,18.00,155,169,0,113,0,115,0,25,13,77
87,AgentA wins,18.00,156,167,0,108,0,113,0,23,19,70
88,AgentA wins,18.00,156,164,0,108,0,109,0,24,17,64
89,AgentA wins,18.00,158,162,0,109,0,112,0,23,13,68
90,AgentA wins,18.00,159,163,0,112,0,109,0,25,12,67
81,AgentA wins,18.00,0,0,0,0,0,0,0,0,0,0
82,AgentA wins,18.00,0,0,0,0,0,0,0,0,0,0
83,AgentA wins,18.00,0,0,0,0,0,0,0,0,0,0
84,AgentA wins,18.00,0,0,0,0,0,0,0,0,0,0
85,AgentA wins,18.00,0,0,0,0,0,0,0,0,0,0
86,AgentA wins,18.00,0,0,0,0,0,0,0,0,0,0
87,AgentA wins,18.00,0,0,0,0,0,0,0,0,0,0
88,AgentA wins,18.00,0,0,0,0,0,0,0,0,0,0
89,AgentA wins,18.00,0,0,0,0,0,0,0,0,0,0
90,AgentA wins,18.00,0,0,0,0,0,0,0,0,0,0
81,AgentA wins,18.00,0,0,0,0,0,0,0,0,0,0
82,AgentA wins,18.00,0,0,0,0,0,0,0,0,0,0
83,AgentA wins,18.00,0,0,0,0,0,0,0,0,0,0
84,AgentA wins,18.00,0,0,0,0,0,0,0,0,0,0
85,AgentA wins,18.00,0,0,0,0,0,0,0,0,0,0
86,AgentB wins,31.33,0,0,0,0,0,0,0,0,0,0
87,AgentA wins,18.00,0,0,0,0,0,0,0,0,0,0
88,AgentA wins,18.00,0,0,0,0,0,0,0,0,0,0
89,AgentA wins,18.00,0,0,0,0,0,0,0,0,0,0
90,AgentA wins,18.00,0,0,0,0,0,0,0,0,0,0
81,AgentA wins,18.00,0,0,0,0,0,0,0,0,0,0
82,AgentA wins,18.00,0,0,0,0,0,0,0,0,0,0
83,AgentA wins,18.00,0,0,0,0,0,0,0,0,0,0
84,AgentA wins,18.00,0,0,0,0,0,0,0,0,0,0
85,AgentA wins,18.00,0,0,0,0,0,0,0,0,0,0
86,AgentA wins,18.00,0,0,0,0,0,0,0,0,0,0
87,AgentA wins,18.00,0,0,0,0,0,0,0,0,0,0
88,AgentA wins,15.67,0,0,0,0,0,0,0,0,0,0
89,AgentA wins,18.00,0,0,0,0,0,0,0,0,0,0
90,AgentA wins,18.00,0,0,0,0,0,0,0,0,0,0
81,AgentA wins,18.00,0,0,0,0,0,0,0,0,0,0
82,AgentA wins,18.00,0,0,0,0,0,0,0,0,0,0
83,AgentA wins,18.00,0,0,0,0,0,0,0,0,0,0
84,AgentA wins,26.00,0,0,0,0,0,0,0,0,0,0
85,AgentA wins,18.00,0,0,0,0,0,0,0,0,0,0
86,AgentA wins,18.00,0,0,0,0,0,0,0,0,0,0
87,AgentA wins,18.00,0,0,0,0,0,0,0,0,0,0
88,AgentA wins,18.00,0,0,0,0,0,0,0,0,0,0
89,AgentB wins,16.00,0,0,0,0,0,0,0,0,0,0
90,AgentA wins,18.00,0,0,0,0,0,0,0,0,0,0
81,AgentA wins,18.00,0,0,0,0,0,0,0,0,0,0
82,AgentA wins,18.00,0,0,0,0,0,0,0,0,0,0
83,AgentA wins,18.00,0,0,0,0,0,0,0,0,0,0
84,AgentA wins,18.00,0,0,0,0,0,0,0,0,0,0
85,AgentA wins,18.00,0,0,0,0,0,0,0,0,0,0
86,AgentA wins,18.00,0,0,0,0,0,0,0,0,0,0
87,AgentA wins,24.67,0,0,0,0,0,0,0,0,0,0
88,AgentA wins,18.00,0,0,0,0,0,0,0,0,0,0
89,AgentA wins,18.00,0,0,0,0,0,0,0,0,0,0
90,AgentA wins,18.00,0,0,0,0,0,0,0,0,0,0
81,AgentA wins,21.00,0,0,0,0,0,0,0,0,0,0
82,AgentA wins,18.00,0,0,0,0,0,0,0,0,0,0
83,AgentA wins,18.00,0,0,0,0,0,0,0,0,0,0
84,AgentA wins,18.00,0,0,0,0,0,0,0,0,0,0
85,AgentA wins,18.00,0,0,0,0,0,0,0,0,0,0
86,AgentA wins,38.00,0,0,0,0,0,0,0,0,0,0
87,AgentA wins,32.33,0,0,0,0,0,0,0,0,0,0
88,AgentA wins,55.67,0,0,0,0,0,0,0,0,0,0
89,AgentA wins,18.00,0,0,0,0,0,0,0,0,0,0
90,AgentA wins,18.67,0,0,0,0,0,0,0,0,0,0
81,AgentA wins,18.00,0,0,0,0,0,0,0,0,0,0
82,AgentA wins,18.00,0,0,0,0,0,0,0,0,0,0
83,AgentA wins,18.00,0,0,0,0,0,0,0,0,0,0
84,AgentA wins,18.00,0,0,0,0,0,0,0,0,0,0
85,AgentA wins,18.00,0,0,0,0,0,0,0,0,0,0
86,AgentB wins,18.67,0,0,0,0,0,0,0,0,0,0
87,AgentA wins,18.00,0,0,0,0,0,0,0,0,0,0
88,AgentA wins,15.67,0,0,0,0,0,0,0,0,0,0
89,AgentA wins,24.67,0,0,0,0,0,0,0,0,0,0
90,AgentA wins,18.00,0,0,0,0,0,0,0,0,0,0
81,AgentA wins,18.00,0,0,0,0,0,0,0,0,0,0
82,AgentA wins,18.00,0,0,0,0,0,0,0,0,0,0
83,AgentA wins,18.00,0,0,0,0,0,0,0,0,0,0
84,AgentA wins,18.00,0,0,0,0,0,0,0,0,0,0
85,AgentA wins,18.00,0,0,0,0,0,0,0,0,0,0
86,AgentA wins,15.67,0,0,0,0,0,0,0,0,0,0
87,AgentA wins,15.67,0,0,0,0,0,0,0,0,0,0
88,AgentA wins,38.00,0,0,0,0,0,0,0,0,0,0
89,AgentA wins,18.00,0,0,0,0,0,0,0,0,0,0
90,AgentA wins,29.67,0,0,0,0,0,0,0,0,0,0
81,AgentA wins,18.00,0,0,0,0,0,0,0,0,0,0
82,AgentA wins,18.00,0,0,0,0,0,0,0,0,0,0
83,AgentA wins,18.00,0,0,0,0,0,0,0,0,0,0
84,AgentA wins,36.67,0,0,0,0,0,0,0,0,0,0
85,AgentA wins,15.67,0,0,0,0,0,0,0,0,0,0
86,AgentA wins,18.00,0,0,0,0,0,0,0,0,0,0
87,AgentA wins,18.00,0,0,0,0,0,0,0,0,0,0
88,AgentA wins,18.00,0,0,0,0,0,0,0,0,0,0
89,AgentA wins,18.00,0,0,0,0,0,0,0,0,0,0
90,AgentA wins,33.67,0,0,0,0,0,0,0,0,0,0
101,AgentA wins,18.00,0,0,0,0,0,0,0,0,0,0
102,AgentA wins,18.00,0,0,0,0,0,0,0,0,0,0
103,AgentA wins,18.00,0,0,0,0,0,0,0,0,0,0
104,AgentA wins,18.00,0,0,0,0,0,0,0,0,0,0
105,AgentA wins,15.67,0,0,0,0,0,0,0,0,0,0
106,AgentA wins,18.00,0,0,0,0,0,0,0,0,0,0
107,AgentA wins,15.67,0,0,0,0,0,0,0,0,0,0
108,AgentA wins,15.67,0,0,0,0,0,0,0,0,0,0
109,AgentA wins,18.00,0,0,0,0,0,0,0,0,0,0
110,AgentA wins,17.67,0,0,0,0,0,0,0,0,0,0
101,AgentA wins,15.67,0,0,0,0,0,0,0,0,0,0
102,AgentA wins,18.00,0,0,0,0,0,0,0,0,0,0
103,AgentA wins,18.00,0,0,0,0,0,0,0,0,0,0
104,AgentA wins,15.67,0,0,0,0,0,0,0,0,0,0
105,AgentA wins,15.67,0,0,0,0,0,0,0,0,0,0
106,AgentA wins,20.67,0,0,0,0,0,0,0,0,0,0
107,AgentA wins,15.67,0,0,0,0,0,0,0,0,0,0
108,AgentA wins,15.67,0,0,0,0,0,0,0,0,0,0
109,AgentA wins,18.00,0,0,0,0,0,0,0,0,0,0
110,AgentA wins,20.67,0,0,0,0,0,0,0,0,0,0
101,AgentA wins,18.00,0,0,0,0,0,0,0,0,0,0
102,AgentA wins,18.00,0,0,0,0,0,0,0,0,0,0
103,AgentA wins,17.67,0,0,0,0,0,0,0,0,0,0
104,AgentA wins,15.67,0,0,0,0,0,0,0,0,0,0
105,AgentA wins,15.67,0,0,0,0,0,0,0,0,0,0
106,AgentA wins,18.00,0,0,0,0,0,0,0,0,0,0
107,AgentA wins,18.00,0,0,0,0,0,0,0,0,0,0
108,AgentA wins,17.67,0,0,0,0,0,0,0,0,0,0
109,AgentA wins,18.00,0,0,0,0,0,0,0,0,0,0
110,AgentA wins,18.00,0,0,0,0,0,0,0,0,0,0
101,AgentA wins,18.00,0,0,0,0,0,0,0,0,0,0
102,AgentA wins,18.00,0,0,0,0,0,0,0,0,0,0
103,AgentA wins,18.00,0,0,0,0,0,0,0,0,0,0
104,AgentA wins,18.00,0,0,0,0,0,0,0,0,0,0
105,AgentA wins,15.67,0,0,0,0,0,0,0,0,0,0
106,AgentA wins,18.00,0,0,0,0,0,0,0,0,0,0
107,AgentA wins,18.00,0,0,0,0,0,0,0,0,0,0
108,AgentA wins,15.67,0,0,0,0,0,0,0,0,0,0
109,AgentA wins,18.00,0,0,0,0,0,0,0,0,0,0
110,AgentA wins,18.00,0,0,0,0,0,0,0,0,0,0
101,AgentA wins,18.00,0,0,0,0,0,0,0,0,0,0
102,AgentA wins,18.00,0,0,0,0,0,0,0,0,0,0
103,AgentA wins,18.00,0,0,0,0,0,0,0,0,0,0
104,AgentA wins,17.67,0,0,0,0,0,0,0,0,0,0
105,AgentA wins,15.67,0,0,0,0,0,0,0,0,0,0
106,AgentA wins,20.67,0,0,0,0,0,0,0,0,0,0
107,AgentA wins,18.00,0,0,0,0,0,0,0,0,0,0
108,AgentA wins,15.67,0,0,0,0,0,0,0,0,0,0
109,AgentA wins,18.00,0,0,0,0,0,0,0,0,0,0
110,AgentA wins,18.00,0,0,0,0,0,0,0,0,0,0
101,AgentA wins,18.00,0,0,0,0,0,0,0,0,0,0
102,AgentA wins,18.00,0,0,0,0,0,0,0,0,0,0
103,AgentA wins,18.00,0,0,0,0,0,0,0,0,0,0
104,AgentA wins,18.00,0,0,0,0,0,0,0,0,0,0
105,AgentA wins,20.67,0,0,0,0,0,0,0,0,0,0
106,AgentA wins,18.00,0,0,0,0,0,0,0,0,0,0
107,AgentA wins,15.67,0,0,0,0,0,0,0,0,0,0
108,AgentA wins,17.67,0,0,0,0,0,0,0,0,0,0
109,AgentA wins,15.67,0,0,0,0,0,0,0,0,0,0
110,AgentA wins,18.00,0,0,0,0,0,0,0,0,0,0
101,AgentA wins,20.00,0,0,0,0,0,0,0,0,0,0
102,AgentA wins,18.00,0,0,0,0,0,0,0,0,0,0
103,AgentA wins,17.67,0,0,0,0,0,0,0,0,0,0
104,AgentA wins,18.00,0,0,0,0,0,0,0,0,0,0
105,AgentA wins,20.67,0,0,0,0,0,0,0,0,0,0
106,AgentA wins,18.00,0,0,0,0,0,0,0,0,0,0
107,AgentA wins,15.67,0,0,0,0,0,0,0,0,0,0
108,AgentA wins,15.67,0,0,0,0,0,0,0,0,0,0
109,AgentA wins,18.00,0,0,0,0,0,0,0,0,0,0
110,AgentA wins,15.67,0,0,0,0,0,0,0,0,0,0
101,AgentA wins,18.00,0,0,0,0,0,0,0,0,0,0
102,AgentA wins,18.00,0,0,0,0,0,0,0,0,0,0
103,AgentA wins,18.00,0,0,0,0,0,0,0,0,0,0
104,AgentA wins,18.00,0,0,0,0,0,0,0,0,0,0
105,AgentA wins,15.67,0,0,0,0,0,0,0,0,0,0
106,AgentA wins,18.00,0,0,0,0,0,0,0,0,0,0
107,AgentA wins,18.00,0,0,0,0,0,0,0,0,0,0
108,AgentA wins,18.00,0,0,0,0,0,0,0,0,0,0
109,AgentA wins,20.67,0,0,0,0,0,0,0,0,0,0
110,AgentA wins,15.67,0,0,0,0,0,0,0,0,0,0
101,AgentA wins,18.00,0,0,0,0,0,0,0,0,0,0
102,AgentA wins,18.00,0,0,0,0,0,0,0,0,0,0
103,AgentA wins,18.00,0,0,0,0,0,0,0,0,0,0
104,AgentA wins,20.67,0,0,0,0,0,0,0,0,0,0
105,AgentA wins,18.00,0,0,0,0,0,0,0,0,0,0
106,AgentA wins,18.00,0,0,0,0,0,0,0,0,0,0
107,AgentA wins,18.00,0,0,0,0,0,0,0,0,0,0
108,AgentA wins,15.67,0,0,0,0,0,0,0,0,0,0
109,AgentA wins,18.00,0,0,0,0,0,0,0,0,0,0
110,AgentA wins,18.00,0,0,0,0,0,0,0,0,0,0
101,AgentA wins,18.00,0,0,0,0,0,0,0,0,0,0
102,AgentA wins,18.00,0,0,0,0,0,0,0,0,0,0
103,AgentA wins,18.00,0,0,0,0,0,0,0,0,0,0
104,AgentA wins,17.67,0,0,0,0,0,0,0,0,0,0
105,AgentA wins,17.67,0,0,0,0,0,0,0,0,0,0
106,AgentA wins,20.67,0,0,0,0,0,0,0,0,0,0
107,AgentA wins,18.00,0,0,0,0,0,0,0,0,0,0
108,AgentA wins,15.67,0,0,0,0,0,0,0,0,0,0
109,AgentA wins,17.67,0,0,0,0,0,0,0,0,0,0
110,AgentA wins,18.67,0,0,0,0,0,0,0,0,0,0
101,AgentA wins,18.00,0,0,0,0,0,0,0,0,0,0
102,AgentA wins,18.00,0,0,0,0,0,0,0,0,0,0
103,AgentA wins,18.00,0,0,0,0,0,0,0,0,0,0
104,AgentA wins,18.00,0,0,0,0,0,0,0,0,0,0
105,AgentA wins,18.00,0,0,0,0,0,0,0,0,0,0
106,AgentA wins,20.67,0,0,0,0,0,0,0,0,0,0
107,AgentA wins,18.00,0,0,0,0,0,0,0,0,0,0
108,AgentA wins,18.00,0,0,0,0,0,0,0,0,0,0
109,AgentA wins,18.00,0,0,0,0,0,0,0,0,0,0
110,AgentA wins,18.00,0,0,0,0,0,0,0,0,0,0
101,AgentA wins,18.00,0,0,0,0,0,0,0,0,0,0
102,AgentA wins,18.00,0,0,0,0,0,0,0,0,0,0
103,AgentA wins,18.00,0,0,0,0,0,0,0,0,0,0
104,AgentA wins,15.67,0,0,0,0,0,0,0,0,0,0
105,AgentA wins,18.00,0,0,0,0,0,0,0,0,0,0
106,AgentA wins,15.67,0,0,0,0,0,0,0,0,0,0
107,AgentA wins,18.00,0,0,0,0,0,0,0,0,0,0
108,AgentA wins,20.67,0,0,0,0,0,0,0,0,0,0
109,AgentA wins,18.00,0,0,0,0,0,0,0,0,0,0
110,AgentA wins,20.67,0,0,0,0,0,0,0,0,0,0
101,AgentA wins,18.00,0,0,0,0,0,0,0,0,0,0
102,AgentA wins,18.00,0,0,0,0,0,0,0,0,0,0
103,AgentA wins,18.00,0,0,0,0,0,0,0,0,0,0
104,AgentA wins,15.67,0,0,0,0,0,0,0,0,0,0
105,AgentA wins,20.67,0,0,0,0,0,0,0,0,0,0
106,AgentA wins,20.67,0,0,0,0,0,0,0,0,0,0
107,AgentA wins,15.67,0,0,0,0,0,0,0,0,0,0
108,AgentA wins,18.00,0,0,0,0,0,0,0,0,0,0
109,AgentA wins,18.00,0,0,0,0,0,0,0,0,0,0
110,AgentA wins,20.67,0,0,0,0,0,0,0,0,0,0
101,AgentA wins,15.67,0,0,0,0,0,0,0,0,0,0
102,AgentA wins,18.00,0,0,0,0,0,0,0,0,0,0
103,AgentA wins,18.00,0,0,0,0,0,0,0,0,0,0
104,AgentA wins,18.00,0,0,0,0,0,0,0,0,0,0
105,AgentA wins,17.67,0,0,0,0,0,0,0,0,0,0
106,AgentA wins,20.67,0,0,0,0,0,0,0,0,0,0
107,AgentA wins,20.67,0,0,0,0,0,0,0,0,0,0
108,AgentA wins,18.00,0,0,0,0,0,0,0,0,0,0
109,AgentA wins,18.00,0,0,0,0,0,0,0,0,0,0
110,AgentA wins,20.67,0,0,0,0,0,0,0,0,0,0
101,AgentA wins,18.00,0,0,0,0,0,0,0,0,0,0
102,AgentA wins,18.00,0,0,0,0,0,0,0,0,0,0
103,AgentA wins,18.00,0,0,0,0,0,0,0,0,0,0
104,AgentA wins,18.00,0,0,0,0,0,0,0,0,0,0
105,AgentA wins,18.00,0,0,0,0,0,0,0,0,0,0
106,AgentA wins,24.00,0,0,0,0,0,0,0,0,0,0
107,AgentA wins,15.67,0,0,0,0,0,0,0,0,0,0
108,AgentA wins,20.67,0,0,0,0,0,0,0,0,0,0
109,AgentA wins,18.00,0,0,0,0,0,0,0,0,0,0
110,AgentA wins,15.67,0,0,0,0,0,0,0,0,0,0
91,AgentA wins,18.00,159,162,0,110,0,112,0,24,14,74
92,AgentA wins,15.67,141,139,0,93,0,93,0,23,14,55
93,AgentA wins,15.67,140,136,0,91,0,94,0,21,15,57
94,AgentA wins,15.67,141,136,0,104,0,97,0,23,5,62
95,AgentA wins,15.67,139,133,0,96,0,104,0,22,12,52
96,AgentA wins,15.67,136,144,0,98,0,108,0,19,13,51
97,AgentA wins,18.00,156,159,0,117,0,119,0,23,15,68
98,AgentA wins,18.67,160,164,0,115,0,118,0,24,12,57
99,AgentA wins,35.00,305,307,0,202,0,233,0,40,29,115
100,AgentA wins,15.67,133,139,0,100,0,105,0,19,9,52
91,AgentA wins,15.67,0,0,0,0,0,0,0,0,0,0
92,AgentA wins,18.00,0,0,0,0,0,0,0,0,0,0
93,AgentA wins,18.00,0,0,0,0,0,0,0,0,0,0
94,AgentA wins,18.00,0,0,0,0,0,0,0,0,0,0
95,AgentA wins,18.00,0,0,0,0,0,0,0,0,0,0
96,AgentA wins,29.67,0,0,0,0,0,0,0,0,0,0
97,AgentA wins,27.67,0,0,0,0,0,0,0,0,0,0
98,AgentA wins,18.00,0,0,0,0,0,0,0,0,0,0
99,AgentA wins,18.00,0,0,0,0,0,0,0,0,0,0
100,AgentA wins,18.00,0,0,0,0,0,0,0,0,0,0
91,AgentA wins,18.00,0,0,0,0,0,0,0,0,0,0
92,AgentA wins,18.00,0,0,0,0,0,0,0,0,0,0
93,AgentA wins,18.00,0,0,0,0,0,0,0,0,0,0
94,AgentA wins,15.67,0,0,0,0,0,0,0,0,0,0
95,AgentA wins,18.00,0,0,0,0,0,0,0,0,0,0
96,AgentA wins,18.67,0,0,0,0,0,0,0,0,0,0
97,AgentA wins,37.33,0,0,0,0,0,0,0,0,0,0
98,AgentA wins,18.00,0,0,0,0,0,0,0,0,0,0
99,AgentA wins,30.67,0,0,0,0,0,0,0,0,0,0
100,AgentA wins,26.67,0,0,0,0,0,0,0,0,0,0
91,AgentA wins,18.00,0,0,0,0,0,0,0,0,0,0
92,AgentA wins,18.00,0,0,0,0,0,0,0,0,0,0
93,AgentA wins,18.00,0,0,0,0,0,0,0,0,0,0
94,AgentA wins,15.67,0,0,0,0,0,0,0,0,0,0
95,AgentA wins,15.67,0,0,0,0,0,0,0,0,0,0
96,AgentB wins,25.00,0,0,0,0,0,0,0,0,0,0
97,AgentA wins,21.67,0,0,0,0,0,0,0,0,0,0
98,AgentA wins,15.67,0,0,0,0,0,0,0,0,0,0
99,AgentB wins,38.33,0,0,0,0,0,0,0,0,0,0
100,AgentA wins,18.00,0,0,0,0,0,0,0,0,0,0
91,AgentA wins,18.00,0,0,0,0,0,0,0,0,0,0
92,AgentA wins,18.00,0,0,0,0,0,0,0,0,0,0
93,AgentA wins,15.67,0,0,0,0,0,0,0,0,0,0
94,AgentA wins,26.00,0,0,0,0,0,0,0,0,0,0
95,AgentA wins,21.67,0,0,0,0,0,0,0,0,0,0
96,AgentA wins,18.00,0,0,0,0,0,0,0,0,0,0
97,AgentA wins,15.67,0,0,0,0,0,0,0,0,0,0
98,AgentA wins,15.67,0,0,0,0,0,0,0,0,0,0
99,AgentA wins,18.00,0,0,0,0,0,0,0,0,0,0
100,AgentA wins,27.67,0,0,0,0,0,0,0,0,0,0
91,AgentA wins,18.00,0,0,0,0,0,0,0,0,0,0
92,AgentA wins,18.00,0,0,0,0,0,0,0,0,0,0
93,AgentA wins,18.00,0,0,0,0,0,0,0,0,0,0
94,AgentA wins,24.67,0,0,0,0,0,0,0,0,0,0
95,AgentA wins,21.67,0,0,0,0,0,0,0,0,0,0
96,AgentA wins,33.33,0,0,0,0,0,0,0,0,0,0
97,AgentA wins,15.67,0,0,0,0,0,0,0,0,0,0
98,AgentA wins,15.67,0,0,0,0,0,0,0,0,0,0
99,AgentA wins,15.67,0,0,0,0,0,0,0,0,0,0
100,AgentA wins,18.00,0,0,0,0,0,0,0,0,0,0
91,AgentA wins,18.00,0,0,0,0,0,0,0,0,0,0
92,AgentA wins,18.00,0,0,0,0,0,0,0,0,0,0
93,AgentA wins,15.67,0,0,0,0,0,0,0,0,0,0
94,AgentA wins,15.67,0,0,0,0,0,0,0,0,0,0
95,AgentA wins,18.00,0,0,0,0,0,0,0,0,0,0
96,AgentA wins,18.00,0,0,0,0,0,0,0,0,0,0
97,AgentA wins,45.67,0,0,0,0,0,0,0,0,0,0
98,AgentA wins,18.67,0,0,0,0,0,0,0,0,0,0
99,AgentA wins,15.67,0,0,0,0,0,0,0,0,0,0
100,AgentA wins,33.33,0,0,0,0,0,0,0,0,0,0
91,AgentA wins,24.67,0,0,0,0,0,0,0,0,0,0
92,AgentA wins,46.33,0,0,0,0,0,0,0,0,0,0
93,AgentA wins,32.67,0,0,0,0,0,0,0,0,0,0
94,AgentA wins,18.00,0,0,0,0,0,0,0,0,0,0
95,AgentB wins,45.00,0,0,0,0,0,0,0,0,0,0
96,AgentA wins,15.67,0,0,0,0,0,0,0,0,0,0
97,AgentA wins,24.67,0,0,0,0,0,0,0,0,0,0
98,AgentA wins,15.67,0,0,0,0,0,0,0,0,0,0
99,AgentA wins,24.67,0,0,0,0,0,0,0,0,0,0
100,AgentB wins,20.33,0,0,0,0,0,0,0,0,0,0
111,AgentA wins,15.67,0,0,0,0,0,0,0,0,0,0
112,AgentA wins,15.67,0,0,0,0,0,0,0,0,0,0
113,AgentA wins,15.67,0,0,0,0,0,0,0,0,0,0
114,AgentA wins,15.67,0,0,0,0,0,0,0,0,0,0
115,AgentA wins,15.67,0,0,0,0,0,0,0,0,0,0
116,AgentA wins,15.67,0,0,0,0,0,0,0,0,0,0
117,AgentA wins,20.67,0,0,0,0,0,0,0,0,0,0
118,AgentA wins,15.67,0,0,0,0,0,0,0,0,0,0
119,AgentA wins,17.67,0,0,0,0,0,0,0,0,0,0
120,AgentA wins,18.00,0,0,0,0,0,0,0,0,0,0
111,AgentA wins,17.67,0,0,0,0,0,0,0,0,0,0
112,AgentA wins,15.67,0,0,0,0,0,0,0,0,0,0
113,AgentA wins,18.00,0,0,0,0,0,0,0,0,0,0
114,AgentA wins,20.67,0,0,0,0,0,0,0,0,0,0
115,AgentA wins,15.67,0,0,0,0,0,0,0,0,0,0
116,AgentA wins,15.67,0,0,0,0,0,0,0,0,0,0
117,AgentA wins,20.67,0,0,0,0,0,0,0,0,0,0
118,AgentA wins,17.67,0,0,0,0,0,0,0,0,0,0
119,AgentA wins,15.67,0,0,0,0,0,0,0,0,0,0
120,AgentA wins,15.67,0,0,0,0,0,0,0,0,0,0
111,AgentA wins,15.67,0,0,0,0,0,0,0,0,0,0
112,AgentA wins,15.67,0,0,0,0,0,0,0,0,0,0
113,AgentA wins,18.00,0,0,0,0,0,0,0,0,0,0
114,AgentA wins,15.67,0,0,0,0,0,0,0,0,0,0
115,AgentA wins,20.67,0,0,0,0,0,0,0,0,0,0
116,AgentA wins,18.00,0,0,0,0,0,0,0,0,0,0
117,AgentA wins,17.67,0,0,0,0,0,0,0,0,0,0
118,AgentA wins,17.67,0,0,0,0,0,0,0,0,0,0
119,AgentA wins,17.67,0,0,0,0,0,0,0,0,0,0
120,AgentA wins,17.67,0,0,0,0,0,0,0,0,0,0
111,AgentA wins,18.00,0,0,0,0,0,0,0,0,0,0
112,AgentA wins,20.67,0,0,0,0,0,0,0,0,0,0
113,AgentA wins,18.00,0,0,0,0,0,0,0,0,0,0
114,AgentA wins,18.00,0,0,0,0,0,0,0,0,0,0
115,AgentA wins,17.67,0,0,0,0,0,0,0,0,0,0
116,AgentA wins,15.67,0,0,0,0,0,0,0,0,0,0
117,AgentA wins,17.67,0,0,0,0,0,0,0,0,0,0
118,AgentA wins,15.67,0,0,0,0,0,0,0,0,0,0
119,AgentA wins,15.67,0,0,0,0,0,0,0,0,0,0
120,AgentA wins,17.67,0,0,0,0,0,0,0,0,0,0
111,AgentA wins,18.00,0,0,0,0,0,0,0,0,0,0
112,AgentA wins,17.67,0,0,0,0,0,0,0,0,0,0
113,AgentA wins,15.67,0,0,0,0,0,0,0,0,0,0
114,AgentA wins,17.67,0,0,0,0,0,0,0,0,0,0
115,AgentA wins,15.67,0,0,0,0,0,0,0,0,0,0
116,AgentA wins,15.67,0,0,0,0,0,0,0,0,0,0
117,AgentA wins,18.00,0,0,0,0,0,0,0,0,0,0
118,AgentA wins,17.67,0,0,0,0,0,0,0,0,0,0
119,AgentA wins,18.00,0,0,0,0,0,0,0,0,0,0
120,AgentA wins,18.00,0,0,0,0,0,0,0,0,0,0
111,AgentA wins,15.67,0,0,0,0,0,0,0,0,0,0
112,AgentA wins,18.67,0,0,0,0,0,0,0,0,0,0
113,AgentA wins,15.67,0,0,0,0,0,0,0,0,0,0
114,AgentA wins,15.67,0,0,0,0,0,0,0,0,0,0
115,AgentA wins,15.67,0,0,0,0,0,0,0,0,0,0
116,AgentA wins,15.67,0,0,0,0,0,0,0,0,0,0
117,AgentA wins,18.67,0,0,0,0,0,0,0,0,0,0
118,AgentA wins,15.67,0,0,0,0,0,0,0,0,0,0
119,AgentA wins,15.67,0,0,0,0,0,0,0,0,0,0
120,AgentA wins,20.67,0,0,0,0,0,0,0,0,0,0
111,AgentA wins,17.67,0,0,0,0,0,0,0,0,0,0
112,AgentA wins,18.00,0,0,0,0,0,0,0,0,0,0
113,AgentA wins,20.67,0,0,0,0,0,0,0,0,0,0
114,AgentA wins,17.67,0,0,0,0,0,0,0,0,0,0
115,AgentA wins,20.67,0,0,0,0,0,0,0,0,0,0
116,AgentA wins,15.67,0,0,0,0,0,0,0,0,0,0
117,AgentA wins,15.67,0,0,0,0,0,0,0,0,0,0
118,AgentA wins,18.00,0,0,0,0,0,0,0,0,0,0
119,AgentA wins,20.33,0,0,0,0,0,0,0,0,0,0
120,AgentA wins,17.67,0,0,0,0,0,0,0,0,0,0
111,AgentA wins,18.00,0,0,0,0,0,0,0,0,0,0
112,AgentA wins,15.67,0,0,0,0,0,0,0,0,0,0
113,AgentA wins,17.67,0,0,0,0,0,0,0,0,0,0
114,AgentA wins,15.67,0,0,0,0,0,0,0,0,0,0
115,AgentA wins,15.67,0,0,0,0,0,0,0,0,0,0
116,AgentA wins,20.67,0,0,0,0,0,0,0,0,0,0
117,AgentA wins,17.67,0,0,0,0,0,0,0,0,0,0
118,AgentA wins,17.67,0,0,0,0,0,0,0,0,0,0
119,AgentA wins,17.67,0,0,0,0,0,0,0,0,0,0
120,AgentA wins,15.67,0,0,0,0,0,0,0,0,0,0
111,AgentA wins,15.67,0,0,0,0,0,0,0,0,0,0
112,AgentA wins,15.67,0,0,0,0,0,0,0,0,0,0
113,AgentA wins,20.67,0,0,0,0,0,0,0,0,0,0
114,AgentA wins,15.67,0,0,0,0,0,0,0,0,0,0
115,AgentA wins,20.67,0,0,0,0,0,0,0,0,0,0
116,AgentA wins,17.67,0,0,0,0,0,0,0,0,0,0
117,AgentA wins,18.00,0,0,0,0,0,0,0,0,0,0
118,AgentA wins,17.67,0,0,0,0,0,0,0,0,0,0
119,AgentA wins,17.67,0,0,0,0,0,0,0,0,0,0
120,AgentB wins,17.67,0,0,0,0,0,0,0,0,0,0
111,AgentA wins,17.67,0,0,0,0,0,0,0,0,0,0
112,AgentA wins,20.67,0,0,0,0,0,0,0,0,0,0
113,AgentA wins,20.67,0,0,0,0,0,0,0,0,0,0
114,AgentA wins,17.67,0,0,0,0,0,0,0,0,0,0
115,AgentA wins,17.67,0,0,0,0,0,0,0,0,0,0
116,AgentA wins,15.67,0,0,0,0,0,0,0,0,0,0
117,AgentA wins,20.67,0,0,0,0,0,0,0,0,0,0
118,AgentA wins,15.67,0,0,0,0,0,0,0,0,0,0
119,AgentA wins,18.00,0,0,0,0,0,0,0,0,0,0
120,AgentA wins,15.67,0,0,0,0,0,0,0,0,0,0
111,AgentA wins,20.67,0,0,0,0,0,0,0,0,0,0
112,AgentA wins,17.67,0,0,0,0,0,0,0,0,0,0
113,AgentA wins,15.67,0,0,0,0,0,0,0,0,0,0
114,AgentA wins,15.67,0,0,0,0,0,0,0,0,0,0
115,AgentA wins,24.00,0,0,0,0,0,0,0,0,0,0
116,AgentA wins,17.67,0,0,0,0,0,0,0,0,0,0
117,AgentA wins,15.67,0,0,0,0,0,0,0,0,0,0
118,AgentA wins,18.00,0,0,0,0,0,0,0,0,0,0
119,AgentA wins,18.00,0,0,0,0,0,0,0,0,0,0
120,AgentA wins,17.67,0,0,0,0,0,0,0,0,0,0
111,AgentA wins,20.67,0,0,0,0,0,0,0,0,0,0
112,AgentA wins,15.67,0,0,0,0,0,0,0,0,0,0
113,AgentA wins,15.67,0,0,0,0,0,0,0,0,0,0
114,AgentA wins,18.00,0,0,0,0,0,0,0,0,0,0
115,AgentA wins,17.67,0,0,0,0,0,0,0,0,0,0
116,AgentA wins,17.67,0,0,0,0,0,0,0,0,0,0
117,AgentA wins,15.67,0,0,0,0,0,0,0,0,0,0
118,AgentA wins,17.67,0,0,0,0,0,0,0,0,0,0
119,AgentA wins,20.67,0,0,0,0,0,0,0,0,0,0
120,AgentA wins,18.00,0,0,0,0,0,0,0,0,0,0
111,AgentA wins,24.00,0,0,0,0,0,0,0,0,0,0
112,AgentA wins,15.67,0,0,0,0,0,0,0,0,0,0
113,AgentA wins,15.67,0,0,0,0,0,0,0,0,0,0
114,AgentA wins,17.67,0,0,0,0,0,0,0,0,0,0
115,AgentA wins,20.67,0,0,0,0,0,0,0,0,0,0
116,AgentA wins,17.67,0,0,0,0,0,0,0,0,0,0
117,AgentA wins,18.00,0,0,0,0,0,0,0,0,0,0
118,AgentA wins,15.67,0,0,0,0,0,0,0,0,0,0
119,AgentA wins,18.00,0,0,0,0,0,0,0,0,0,0
120,AgentA wins,17.67,0,0,0,0,0,0,0,0,0,0
91,AgentA wins,15.67,0,0,0,0,0,0,0,0,0,0
92,AgentA wins,15.67,0,0,0,0,0,0,0,0,0,0
93,AgentA wins,21.67,0,0,0,0,0,0,0,0,0,0
94,AgentA wins,18.00,0,0,0,0,0,0,0,0,0,0
95,AgentA wins,34.67,0,0,0,0,0,0,0,0,0,0
96,AgentA wins,18.67,0,0,0,0,0,0,0,0,0,0
97,AgentA wins,25.67,0,0,0,0,0,0,0,0,0,0
98,AgentA wins,30.00,0,0,0,0,0,0,0,0,0,0
99,AgentB wins,43.67,0,0,0,0,0,0,0,0,0,0
100,AgentA wins,21.67,0,0,0,0,0,0,0,0,0,0
111,AgentA wins,18.00,0,0,0,0,0,0,0,0,0,0
112,AgentA wins,18.00,0,0,0,0,0,0,0,0,0,0
113,AgentA wins,24.00,0,0,0,0,0,0,0,0,0,0
114,AgentA wins,20.67,0,0,0,0,0,0,0,0,0,0
115,AgentA wins,20.67,0,0,0,0,0,0,0,0,0,0
116,AgentA wins,17.67,0,0,0,0,0,0,0,0,0,0
117,AgentA wins,20.67,0,0,0,0,0,0,0,0,0,0
118,AgentA wins,15.67,0,0,0,0,0,0,0,0,0,0
119,AgentA wins,18.00,0,0,0,0,0,0,0,0,0,0
120,AgentA wins,17.67,0,0,0,0,0,0,0,0,0,0
111,AgentA wins,15.67,0,0,0,0,0,0,0,0,0,0
112,AgentA wins,20.67,0,0,0,0,0,0,0,0,0,0
113,AgentA wins,20.67,0,0,0,0,0,0,0,0,0,0
114,AgentA wins,24.00,0,0,0,0,0,0,0,0,0,0
115,AgentA wins,20.67,0,0,0,0,0,0,0,0,0,0
116,AgentA wins,20.67,0,0,0,0,0,0,0,0,0,0
117,AgentA wins,17.67,0,0,0,0,0,0,0,0,0,0
118,AgentA wins,17.67,0,0,0,0,0,0,0,0,0,0
119,AgentA wins,17.67,0,0,0,0,0,0,0,0,0,0
120,AgentA wins,17.67,0,0,0,0,0,0,0,0,0,0
91,AgentA wins,29.00,0,0,0,0,0,0,0,0,0,0
92,AgentA wins,18.00,0,0,0,0,0,0,0,0,0,0
93,AgentA wins,18.00,0,0,0,0,0,0,0,0,0,0
94,AgentA wins,59.33,0,0,0,0,0,0,0,0,0,0
95,AgentA wins,18.00,0,0,0,0,0,0,0,0,0,0
96,AgentA wins,30.67,0,0,0,0,0,0,0,0,0,0
97,AgentA wins,15.67,0,0,0,0,0,0,0,0,0,0
98,AgentA wins,18.00,0,0,0,0,0,0,0,0,0,0
99,AgentA wins,18.00,0,0,0,0,0,0,0,0,0,0
100,AgentA wins,40.33,0,0,0,0,0,0,0,0,0,0
101,AgentA wins,18.67,0,0,0,0,0,0,0,0,0,0
102,AgentA wins,24.67,0,0,0,0,0,0,0,0,0,0
103,AgentA wins,15.67,0,0,0,0,0,0,0,0,0,0
104,AgentA wins,18.00,0,0,0,0,0,0,0,0,0,0
105,AgentA wins,18.00,0,0,0,0,0,0,0,0,0,0
106,AgentA wins,18.67,0,0,0,0,0,0,0,0,0,0
107,AgentA wins,28.00,0,0,0,0,0,0,0,0,0,0
108,AgentA wins,18.00,0,0,0,0,0,0,0,0,0,0
109,AgentA wins,17.33,0,0,0,0,0,0,0,0,0,0
110,AgentA wins,15.67,0,0,0,0,0,0,0,0,0,0
101,AgentB wins,18.33,162,166,0,99,0,116,0,19,21,48
102,AgentA wins,15.67,137,140,1,86,0,100,0,16,14,44
103,AgentA wins,15.67,137,137,0,84,0,98,0,17,17,44
104,AgentA wins,15.67,138,138,0,97,0,98,0,20,8,48
105,AgentA wins,18.00,160,157,0,107,0,124,0,21,10,45
106,AgentA wins,33.67,294,297,0,198,0,227,0,36,27,78
107,AgentA wins,15.67,135,141,0,89,0,94,0,20,14,35
108,AgentA wins,40.67,359,357,1,209,0,261,0,44,49,80
109,AgentB wins,58.67,513,526,0,303,0,405,0,69,87,98
110,AgentA wins,18.00,156,160,0,95,0,116,0,17,24,47
101,AgentA wins,21.67,0,0,0,0,0,0,0,0,0,0
102,AgentA wins,15.67,0,0,0,0,0,0,0,0,0,0
103,AgentA wins,34.33,0,0,0,0,0,0,0,0,0,0
104,AgentA wins,15.67,0,0,0,0,0,0,0,0,0,0
105,AgentB wins,18.00,0,0,0,0,0,0,0,0,0,0
106,AgentA wins,24.33,0,0,0,0,0,0,0,0,0,0
107,AgentA wins,32.00,0,0,0,0,0,0,0,0,0,0
108,AgentA wins,32.33,0,0,0,0,0,0,0,0,0,0
109,AgentA wins,15.67,0,0,0,0,0,0,0,0,0,0
110,AgentA wins,24.67,0,0,0,0,0,0,0,0,0,0
101,AgentA wins,18.67,0,0,0,0,0,0,0,0,0,0
102,AgentB wins,28.67,0,0,0,0,0,0,0,0,0,0
103,AgentA wins,24.33,0,0,0,0,0,0,0,0,0,0
104,AgentA wins,18.00,0,0,0,0,0,0,0,0,0,0
105,AgentA wins,21.67,0,0,0,0,0,0,0,0,0,0
106,AgentA wins,30.67,0,0,0,0,0,0,0,0,0,0
107,AgentA wins,17.33,0,0,0,0,0,0,0,0,0,0
108,AgentA wins,17.33,0,0,0,0,0,0,0,0,0,0
109,timeout draw,60.00,0,0,0,0,0,0,0,0,0,0
110,AgentA wins,15.67,0,0,0,0,0,0,0,0,0,0
121,AgentA wins,17.67,0,0,0,0,0,0,0,0,0,0
122,AgentA wins,17.67,0,0,0,0,0,0,0,0,0,0
123,AgentA wins,17.67,0,0,0,0,0,0,0,0,0,0
124,AgentA wins,17.67,0,0,0,0,0,0,0,0,0,0
125,AgentA wins,17.67,0,0,0,0,0,0,0,0,0,0
126,AgentA wins,20.67,0,0,0,0,0,0,0,0,0,0
127,AgentA wins,18.00,0,0,0,0,0,0,0,0,0,0
128,AgentA wins,15.67,0,0,0,0,0,0,0,0,0,0
129,AgentA wins,17.67,0,0,0,0,0,0,0,0,0,0
130,AgentA wins,17.67,0,0,0,0,0,0,0,0,0,0
101,AgentA wins,25.67,0,0,0,0,0,0,0,0,0,0
102,AgentB wins,26.67,0,0,0,0,0,0,0,0,0,0
103,AgentA wins,18.00,0,0,0,0,0,0,0,0,0,0
104,AgentA wins,21.00,0,0,0,0,0,0,0,0,0,0
105,AgentA wins,27.67,0,0,0,0,0,0,0,0,0,0
106,AgentA wins,39.67,0,0,0,0,0,0,0,0,0,0
107,AgentA wins,17.33,0,0,0,0,0,0,0,0,0,0
108,AgentA wins,15.67,0,0,0,0,0,0,0,0,0,0
109,AgentA wins,30.00,0,0,0,0,0,0,0,0,0,0
110,AgentA wins,15.67,0,0,0,0,0,0,0,0,0,0
121,AgentA wins,20.33,0,0,0,0,0,0,0,0,0,0
122,AgentA wins,15.67,0,0,0,0,0,0,0,0,0,0
123,AgentA wins,17.67,0,0,0,0,0,0,0,0,0,0
124,AgentA wins,17.67,0,0,0,0,0,0,0,0,0,0
125,AgentB wins,17.67,0,0,0,0,0,0,0,0,0,0
126,AgentA wins,17.67,0,0,0,0,0,0,0,0,0,0
127,AgentA wins,18.67,0,0,0,0,0,0,0,0,0,0
128,AgentA wins,17.67,0,0,0,0,0,0,0,0,0,0
129,AgentA wins,17.67,0,0,0,0,0,0,0,0,0,0
130,AgentA wins,17.67,0,0,0,0,0,0,0,0,0,0
121,AgentA wins,18.00,0,0,0,0,0,0,0,0,0,0
122,AgentA wins,20.67,0,0,0,0,0,0,0,0,0,0
123,AgentA wins,18.00,0,0,0,0,0,0,0,0,0,0
124,AgentA wins,17.67,0,0,0,0,0,0,0,0,0,0
125,AgentA wins,15.67,0,0,0,0,0,0,0,0,0,0
126,AgentA wins,17.33,0,0,0,0,0,0,0,0,0,0
127,AgentA wins,17.67,0,0,0,0,0,0,0,0,0,0
128,AgentA wins,17.67,0,0,0,0,0,0,0,0,0,0
129,AgentA wins,20.67,0,0,0,0,0,0,0,0,0,0
130,AgentA wins,17.67,0,0,0,0,0,0,0,0,0,0
121,AgentA wins,17.67,0,0,0,0,0,0,0,0,0,0
122,AgentA wins,20.33,0,0,0,0,0,0,0,0,0,0
123,AgentA wins,18.00,0,0,0,0,0,0,0,0,0,0
124,AgentA wins,17.67,0,0,0,0,0,0,0,0,0,0
125,AgentA wins,17.33,0,0,0,0,0,0,0,0,0,0
126,AgentA wins,17.33,0,0,0,0,0,0,0,0,0,0
127,AgentA wins,20.67,0,0,0,0,0,0,0,0,0,0
128,AgentA wins,17.33,0,0,0,0,0,0,0,0,0,0
129,AgentA wins,17.67,0,0,0,0,0,0,0,0,0,0
130,AgentA wins,17.67,0,0,0,0,0,0,0,0,0,0
121,AgentA wins,17.67,0,0,0,0,0,0,0,0,0,0
122,AgentA wins,15.67,0,0,0,0,0,0,0,0,0,0
123,AgentA wins,26.00,0,0,0,0,0,0,0,0,0,0
124,AgentA wins,20.67,0,0,0,0,0,0,0,0,0,0
125,AgentA wins,17.67,0,0,0,0,0,0,0,0,0,0
126,AgentA wins,17.67,0,0,0,0,0,0,0,0,0,0
127,AgentA wins,15.67,0,0,0,0,0,0,0,0,0,0
128,AgentA wins,17.67,0,0,0,0,0,0,0,0,0,0
129,AgentA wins,17.33,0,0,0,0,0,0,0,0,0,0
130,AgentA wins,18.00,0,0,0,0,0,0,0,0,0,0
121,AgentA wins,17.67,0,0,0,0,0,0,0,0,0,0
122,AgentA wins,17.33,0,0,0,0,0,0,0,0,0,0
123,AgentA wins,15.67,0,0,0,0,0,0,0,0,0,0
124,AgentA wins,20.67,0,0,0,0,0,0,0,0,0,0
125,AgentA wins,15.67,0,0,0,0,0,0,0,0,0,0
126,AgentA wins,17.67,0,0,0,0,0,0,0,0,0,0
127,AgentB wins,17.67,0,0,0,0,0,0,0,0,0,0
128,AgentA wins,26.00,0,0,0,0,0,0,0,0,0,0
129,AgentA wins,17.67,0,0,0,0,0,0,0,0,0,0
130,AgentA wins,17.67,0,0,0,0,0,0,0,0,0,0
121,AgentA wins,17.67,0,0,0,0,0,0,0,0,0,0
122,AgentA wins,15.67,0,0,0,0,0,0,0,0,0,0
123,AgentA wins,17.67,0,0,0,0,0,0,0,0,0,0
124,AgentA wins,24.00,0,0,0,0,0,0,0,0,0,0
125,AgentA wins,17.67,0,0,0,0,0,0,0,0,0,0
126,AgentA wins,17.67,0,0,0,0,0,0,0,0,0,0
127,AgentA wins,20.67,0,0,0,0,0,0,0,0,0,0
128,AgentA wins,20.67,0,0,0,0,0,0,0,0,0,0
129,AgentA wins,17.67,0,0,0,0,0,0,0,0,0,0
130,AgentA wins,20.33,0,0,0,0,0,0,0,0,0,0
121,AgentA wins,15.67,0,0,0,0,0,0,0,0,0,0
122,AgentA wins,17.67,0,0,0,0,0,0,0,0,0,0
123,AgentA wins,18.67,0,0,0,0,0,0,0,0,0,0
124,AgentA wins,15.67,0,0,0,0,0,0,0,0,0,0
125,AgentA wins,17.67,0,0,0,0,0,0,0,0,0,0
126,AgentA wins,18.00,0,0,0,0,0,0,0,0,0,0
127,AgentA wins,17.67,0,0,0,0,0,0,0,0,0,0
128,AgentA wins,20.33,0,0,0,0,0,0,0,0,0,0
129,AgentA wins,17.67,0,0,0,0,0,0,0,0,0,0
130,AgentA wins,17.33,0,0,0,0,0,0,0,0,0,0
121,AgentB wins,17.67,0,0,0,0,0,0,0,0,0,0
122,AgentA wins,17.67,0,0,0,0,0,0,0,0,0,0
123,AgentB wins,17.67,0,0,0,0,0,0,0,0,0,0
124,AgentA wins,17.33,0,0,0,0,0,0,0,0,0,0
125,AgentA wins,17.67,0,0,0,0,0,0,0,0,0,0
126,AgentA wins,15.67,0,0,0,0,0,0,0,0,0,0
127,AgentA wins,15.67,0,0,0,0,0,0,0,0,0,0
128,AgentA wins,20.33,0,0,0,0,0,0,0,0,0,0
129,AgentA wins,15.67,0,0,0,0,0,0,0,0,0,0
130,AgentA wins,17.33,0,0,0,0,0,0,0,0,0,0
121,AgentA wins,17.67,0,0,0,0,0,0,0,0,0,0
122,AgentA wins,17.67,0,0,0,0,0,0,0,0,0,0
123,AgentA wins,17.67,0,0,0,0,0,0,0,0,0,0
124,AgentA wins,17.33,0,0,0,0,0,0,0,0,0,0
125,AgentA wins,17.67,0,0,0,0,0,0,0,0,0,0
126,AgentA wins,20.67,0,0,0,0,0,0,0,0,0,0
127,AgentA wins,17.67,0,0,0,0,0,0,0,0,0,0
128,AgentA wins,17.67,0,0,0,0,0,0,0,0,0,0
129,AgentA wins,17.67,0,0,0,0,0,0,0,0,0,0
130,AgentA wins,18.00,0,0,0,0,0,0,0,0,0,0
101,AgentA wins,24.67,0,0,0,0,0,0,0,0,0,0
102,timeout draw,60.00,0,0,0,0,0,0,0,0,0,0
103,AgentA wins,18.00,0,0,0,0,0,0,0,0,0,0
104,AgentA wins,30.33,0,0,0,0,0,0,0,0,0,0
105,AgentB wins,29.33,0,0,0,0,0,0,0,0,0,0
106,AgentA wins,28.67,0,0,0,0,0,0,0,0,0,0
107,AgentA wins,15.67,0,0,0,0,0,0,0,0,0,0
108,AgentA wins,28.67,0,0,0,0,0,0,0,0,0,0
109,AgentA wins,26.33,0,0,0,0,0,0,0,0,0,0
110,AgentA wins,15.67,0,0,0,0,0,0,0,0,0,0
121,AgentA wins,17.67,0,0,0,0,0,0,0,0,0,0
122,AgentA wins,17.67,0,0,0,0,0,0,0,0,0,0
123,AgentA wins,17.67,0,0,0,0,0,0,0,0,0,0
124,AgentA wins,18.67,0,0,0,0,0,0,0,0,0,0
125,AgentB wins,17.67,0,0,0,0,0,0,0,0,0,0
126,AgentA wins,17.67,0,0,0,0,0,0,0,0,0,0
127,AgentA wins,17.67,0,0,0,0,0,0,0,0,0,0
128,AgentA wins,17.33,0,0,0,0,0,0,0,0,0,0
129,AgentA wins,15.67,0,0,0,0,0,0,0,0,0,0
130,AgentA wins,17.33,0,0,0,0,0,0,0,0,0,0
121,AgentA wins,17.67,0,0,0,0,0,0,0,0,0,0
122,AgentA wins,18.00,0,0,0,0,0,0,0,0,0,0
123,AgentA wins,18.67,0,0,0,0,0,0,0,0,0,0
124,AgentA wins,20.33,0,0,0,0,0,0,0,0,0,0
125,AgentA wins,15.67,0,0,0,0,0,0,0,0,0,0
126,AgentA wins,18.00,0,0,0,0,0,0,0,0,0,0
127,AgentA wins,17.67,0,0,0,0,0,0,0,0,0,0
128,AgentA wins,24.00,0,0,0,0,0,0,0,0,0,0
129,AgentA wins,15.67,0,0,0,0,0,0,0,0,0,0
130,AgentA wins,17.33,0,0,0,0,0,0,0,0,0,0
121,AgentA wins,18.00,0,0,0,0,0,0,0,0,0,0
122,AgentA wins,26.00,0,0,0,0,0,0,0,0,0,0
123,AgentA wins,17.67,0,0,0,0,0,0,0,0,0,0
124,AgentA wins,15.67,0,0,0,0,0,0,0,0,0,0
125,AgentA wins,20.67,0,0,0,0,0,0,0,0,0,0
126,AgentA wins,18.00,0,0,0,0,0,0,0,0,0,0
127,AgentA wins,18.67,0,0,0,0,0,0,0,0,0,0
128,AgentA wins,17.67,0,0,0,0,0,0,0,0,0,0
129,AgentA wins,15.67,0,0,0,0,0,0,0,0,0,0
130,AgentA wins,18.00,0,0,0,0,0,0,0,0,0,0
121,AgentA wins,15.67,0,0,0,0,0,0,0,0,0,0
122,AgentA wins,20.67,0,0,0,0,0,0,0,0,0,0
123,AgentA wins,26.00,0,0,0,0,0,0,0,0,0,0
124,AgentA wins,17.67,0,0,0,0,0,0,0,0,0,0
125,AgentA wins,18.00,0,0,0,0,0,0,0,0,0,0
126,AgentA wins,26.67,0,0,0,0,0,0,0,0,0,0
127,AgentA wins,15.67,0,0,0,0,0,0,0,0,0,0
128,AgentA wins,20.33,0,0,0,0,0,0,0,0,0,0
129,AgentA wins,17.67,0,0,0,0,0,0,0,0,0,0
130,AgentA wins,17.33,0,0,0,0,0,0,0,0,0,0
121,AgentA wins,18.00,0,0,0,0,0,0,0,0,0,0
122,AgentA wins,26.67,0,0,0,0,0,0,0,0,0,0
123,AgentA wins,20.33,0,0,0,0,0,0,0,0,0,0
124,AgentA wins,20.67,0,0,0,0,0,0,0,0,0,0
125,AgentA wins,22.33,0,0,0,0,0,0,0,0,0,0
126,AgentA wins,18.00,0,0,0,0,0,0,0,0,0,0
127,AgentA wins,17.67,0,0,0,0,0,0,0,0,0,0
128,AgentA wins,17.33,0,0,0,0,0,0,0,0,0,0
129,AgentA wins,18.00,0,0,0,0,0,0,0,0,0,0
130,AgentA wins,18.00,0,0,0,0,0,0,0,0,0,0
101,AgentA wins,56.67,0,0,0,0,0,0,0,0,0,0
102,AgentA wins,15.67,0,0,0,0,0,0,0,0,0,0
103,AgentA wins,18.67,0,0,0,0,0,0,0,0,0,0
104,AgentA wins,15.67,0,0,0,0,0,0,0,0,0,0
105,AgentA wins,38.00,0,0,0,0,0,0,0,0,0,0
106,AgentA wins,15.67,0,0,0,0,0,0,0,0,0,0
107,AgentA wins,15.67,0,0,0,0,0,0,0,0,0,0
108,AgentA wins,18.00,0,0,0,0,0,0,0,0,0,0
109,AgentA wins,29.33,0,0,0,0,0,0,0,0,0,0
110,AgentA wins,18.00,0,0,0,0,0,0,0,0,0,0
101,AgentA wins,29.67,0,0,0,0,0,0,0,0,0,0
102,AgentA wins,27.67,0,0,0,0,0,0,0,0,0,0
103,AgentA wins,29.67,0,0,0,0,0,0,0,0,0,0
104,AgentB wins,18.33,0,0,0,0,0,0,0,0,0,0
105,AgentA wins,18.00,0,0,0,0,0,0,0,0,0,0
106,AgentA wins,29.33,0,0,0,0,0,0,0,0,0,0
107,AgentA wins,33.00,0,0,0,0,0,0,0,0,0,0
108,AgentA wins,21.00,0,0,0,0,0,0,0,0,0,0
109,AgentB wins,15.00,0,0,0,0,0,0,0,0,0,0
110,AgentA wins,18.00,0,0,0,0,0,0,0,0,0,0
101,AgentA wins,46.33,0,0,0,0,0,0,0,0,0,0
102,AgentA wins,18.00,0,0,0,0,0,0,0,0,0,0
103,AgentA wins,24.67,0,0,0,0,0,0,0,0,0,0
104,AgentA wins,18.67,0,0,0,0,0,0,0,0,0,0
105,AgentA wins,28.33,0,0,0,0,0,0,0,0,0,0
106,AgentA wins,18.67,0,0,0,0,0,0,0,0,0,0
107,AgentA wins,26.67,0,0,0,0,0,0,0,0,0,0
108,AgentA wins,38.67,0,0,0,0,0,0,0,0,0,0
109,AgentA wins,17.33,0,0,0,0,0,0,0,0,0,0
110,AgentA wins,31.00,0,0,0,0,0,0,0,0,0,0
101,AgentB wins,42.67,0,0,0,0,0,0,0,0,0,0
102,AgentA wins,41.33,0,0,0,0,0,0,0,0,0,0
103,AgentB wins,29.67,0,0,0,0,0,0,0,0,0,0
104,AgentA wins,18.67,0,0,0,0,0,0,0,0,0,0
105,AgentA wins,18.00,0,0,0,0,0,0,0,0,0,0
106,AgentA wins,36.33,0,0,0,0,0,0,0,0,0,0
107,AgentA wins,18.00,0,0,0,0,0,0,0,0,0,0
108,AgentA wins,17.33,0,0,0,0,0,0,0,0,0,0
109,AgentA wins,15.67,0,0,0,0,0,0,0,0,0,0
110,AgentA wins,21.67,0,0,0,0,0,0,0,0,0,0
111,AgentA wins,21.33,186,188,0,109,0,143,0,27,32,36
112,AgentA wins,24.67,213,218,1,133,0,163,0,23,27,52
113,AgentA wins,24.00,212,214,0,131,0,175,0,25,36,28
114,AgentA wins,21.67,191,191,0,132,0,150,0,29,21,41
115,AgentA wins,34.67,291,317,0,183,0,235,0,38,53,81
116,AgentA wins,18.00,152,160,0,103,0,122,0,22,25,51
117,AgentA wins,18.00,153,157,0,98,0,126,0,17,28,49
118,AgentB wins,22.33,192,202,0,98,0,157,0,19,52,27
119,AgentA wins,34.33,294,308,0,189,0,240,0,38,56,50
120,AgentA wins,21.67,189,194,0,121,0,155,0,21,30,34
131,AgentA wins,17.67,0,0,0,0,0,0,0,0,0,0
132,AgentA wins,20.00,0,0,0,0,0,0,0,0,0,0
133,AgentA wins,17.67,0,0,0,0,0,0,0,0,0,0
134,AgentA wins,18.00,0,0,0,0,0,0,0,0,0,0
135,AgentA wins,15.67,0,0,0,0,0,0,0,0,0,0
136,AgentB wins,18.00,0,0,0,0,0,0,0,0,0,0
137,AgentA wins,17.67,0,0,0,0,0,0,0,0,0,0
138,AgentA wins,17.67,0,0,0,0,0,0,0,0,0,0
139,AgentB wins,17.67,0,0,0,0,0,0,0,0,0,0
140,AgentA wins,17.67,0,0,0,0,0,0,0,0,0,0
131,AgentA wins,17.67,0,0,0,0,0,0,0,0,0,0
132,AgentA wins,17.33,0,0,0,0,0,0,0,0,0,0
133,AgentA wins,18.00,0,0,0,0,0,0,0,0,0,0
134,AgentA wins,17.67,0,0,0,0,0,0,0,0,0,0
135,AgentB wins,17.67,0,0,0,0,0,0,0,0,0,0
136,AgentA wins,17.67,0,0,0,0,0,0,0,0,0,0
137,AgentA wins,15.67,0,0,0,0,0,0,0,0,0,0
138,AgentA wins,17.67,0,0,0,0,0,0,0,0,0,0
139,AgentA wins,18.00,0,0,0,0,0,0,0,0,0,0
140,AgentA wins,17.33,0,0,0,0,0,0,0,0,0,0
111,AgentA wins,18.00,0,0,0,0,0,0,0,0,0,0
112,AgentA wins,40.67,0,0,0,0,0,0,0,0,0,0
113,AgentA wins,24.67,0,0,0,0,0,0,0,0,0,0
114,AgentB wins,30.33,0,0,0,0,0,0,0,0,0,0
115,AgentA wins,39.33,0,0,0,0,0,0,0,0,0,0
116,AgentA wins,31.00,0,0,0,0,0,0,0,0,0,0
117,AgentA wins,17.33,0,0,0,0,0,0,0,0,0,0
118,AgentA wins,18.00,0,0,0,0,0,0,0,0,0,0
119,AgentA wins,33.00,0,0,0,0,0,0,0,0,0,0
120,AgentA wins,33.33,0,0,0,0,0,0,0,0,0,0
131,AgentA wins,17.33,0,0,0,0,0,0,0,0,0,0
132,AgentA wins,17.33,0,0,0,0,0,0,0,0,0,0
133,AgentB wins,17.67,0,0,0,0,0,0,0,0,0,0
134,AgentA wins,17.33,0,0,0,0,0,0,0,0,0,0
135,AgentA wins,17.67,0,0,0,0,0,0,0,0,0,0
136,AgentA wins,17.67,0,0,0,0,0,0,0,0,0,0
137,AgentA wins,20.33,0,0,0,0,0,0,0,0,0,0
138,AgentA wins,17.67,0,0,0,0,0,0,0,0,0,0
139,AgentA wins,17.67,0,0,0,0,0,0,0,0,0,0
140,AgentA wins,17.67,0,0,0,0,0,0,0,0,0,0
131,AgentB wins,17.67,0,0,0,0,0,0,0,0,0,0
132,AgentA wins,17.33,0,0,0,0,0,0,0,0,0,0
133,AgentA wins,17.33,0,0,0,0,0,0,0,0,0,0
134,AgentA wins,20.67,0,0,0,0,0,0,0,0,0,0
135,AgentA wins,17.67,0,0,0,0,0,0,0,0,0,0
136,AgentA wins,17.67,0,0,0,0,0,0,0,0,0,0
137,AgentA wins,17.33,0,0,0,0,0,0,0,0,0,0
138,AgentA wins,17.67,0,0,0,0,0,0,0,0,0,0
139,AgentA wins,17.67,0,0,0,0,0,0,0,0,0,0
140,AgentA wins,17.67,0,0,0,0,0,0,0,0,0,0
131,AgentA wins,17.33,0,0,0,0,0,0,0,0,0,0
132,AgentA wins,17.33,0,0,0,0,0,0,0,0,0,0
133,AgentA wins,17.67,0,0,0,0,0,0,0,0,0,0
134,AgentA wins,17.67,0,0,0,0,0,0,0,0,0,0
135,AgentA wins,17.67,0,0,0,0,0,0,0,0,0,0
136,AgentB wins,17.67,0,0,0,0,0,0,0,0,0,0
137,AgentA wins,17.67,0,0,0,0,0,0,0,0,0,0
138,AgentA wins,17.67,0,0,0,0,0,0,0,0,0,0
139,AgentA wins,17.67,0,0,0,0,0,0,0,0,0,0
140,AgentA wins,17.67,0,0,0,0,0,0,0,0,0,0
131,AgentA wins,17.33,0,0,0,0,0,0,0,0,0,0
132,AgentA wins,18.00,0,0,0,0,0,0,0,0,0,0
133,AgentA wins,18.00,0,0,0,0,0,0,0,0,0,0
134,AgentB wins,17.67,0,0,0,0,0,0,0,0,0,0
135,AgentA wins,20.33,0,0,0,0,0,0,0,0,0,0
136,AgentB wins,17.67,0,0,0,0,0,0,0,0,0,0
137,AgentA wins,17.67,0,0,0,0,0,0,0,0,0,0
138,AgentA wins,17.67,0,0,0,0,0,0,0,0,0,0
139,AgentA wins,18.00,0,0,0,0,0,0,0,0,0,0
140,AgentA wins,17.67,0,0,0,0,0,0,0,0,0,0
131,AgentA wins,17.67,0,0,0,0,0,0,0,0,0,0
132,AgentB wins,17.67,0,0,0,0,0,0,0,0,0,0
133,AgentA wins,17.67,0,0,0,0,0,0,0,0,0,0
134,AgentA wins,19.67,0,0,0,0,0,0,0,0,0,0
135,AgentA wins,17.33,0,0,0,0,0,0,0,0,0,0
136,AgentA wins,17.67,0,0,0,0,0,0,0,0,0,0
137,AgentA wins,17.67,0,0,0,0,0,0,0,0,0,0
138,AgentA wins,17.67,0,0,0,0,0,0,0,0,0,0
139,AgentA wins,17.67,0,0,0,0,0,0,0,0,0,0
140,AgentA wins,17.67,0,0,0,0,0,0,0,0,0,0
131,AgentA wins,17.33,0,0,0,0,0,0,0,0,0,0
132,AgentA wins,18.00,0,0,0,0,0,0,0,0,0,0
133,AgentA wins,17.33,0,0,0,0,0,0,0,0,0,0
134,AgentA wins,17.67,0,0,0,0,0,0,0,0,0,0
135,AgentA wins,17.67,0,0,0,0,0,0,0,0,0,0
136,AgentA wins,17.67,0,0,0,0,0,0,0,0,0,0
137,AgentA wins,17.67,0,0,0,0,0,0,0,0,0,0
138,AgentA wins,17.67,0,0,0,0,0,0,0,0,0,0
139,AgentA wins,15.67,0,0,0,0,0,0,0,0,0,0
140,AgentA wins,18.00,0,0,0,0,0,0,0,0,0,0
131,AgentA wins,17.67,0,0,0,0,0,0,0,0,0,0
132,AgentA wins,17.33,0,0,0,0,0,0,0,0,0,0
133,AgentA wins,20.33,0,0,0,0,0,0,0,0,0,0
134,AgentB wins,17.67,0,0,0,0,0,0,0,0,0,0
135,AgentA wins,18.00,0,0,0,0,0,0,0,0,0,0
136,AgentA wins,17.67,0,0,0,0,0,0,0,0,0,0
137,AgentA wins,18.00,0,0,0,0,0,0,0,0,0,0
138,AgentA wins,18.00,0,0,0,0,0,0,0,0,0,0
139,AgentA wins,17.67,0,0,0,0,0,0,0,0,0,0
140,AgentA wins,18.00,0,0,0,0,0,0,0,0,0,0
131,AgentA wins,15.67,0,0,0,0,0,0,0,0,0,0
132,AgentA wins,17.67,0,0,0,0,0,0,0,0,0,0
133,AgentA wins,20.33,0,0,0,0,0,0,0,0,0,0
134,AgentA wins,15.67,0,0,0,0,0,0,0,0,0,0
135,AgentA wins,17.67,0,0,0,0,0,0,0,0,0,0
136,AgentA wins,17.67,0,0,0,0,0,0,0,0,0,0
137,AgentA wins,15.67,0,0,0,0,0,0,0,0,0,0
138,AgentA wins,17.67,0,0,0,0,0,0,0,0,0,0
139,AgentA wins,17.67,0,0,0,0,0,0,0,0,0,0
140,AgentA wins,18.00,0,0,0,0,0,0,0,0,0,0
131,AgentA wins,22.33,0,0,0,0,0,0,0,0,0,0
132,AgentA wins,17.67,0,0,0,0,0,0,0,0,0,0
133,AgentA wins,15.67,0,0,0,0,0,0,0,0,0,0
134,AgentA wins,17.33,0,0,0,0,0,0,0,0,0,0
135,AgentB wins,23.33,0,0,0,0,0,0,0,0,0,0
136,AgentA wins,17.33,0,0,0,0,0,0,0,0,0,0
137,AgentA wins,17.67,0,0,0,0,0,0,0,0,0,0
138,AgentA wins,17.33,0,0,0,0,0,0,0,0,0,0
139,AgentB wins,17.67,0,0,0,0,0,0,0,0,0,0
140,AgentA wins,17.33,0,0,0,0,0,0,0,0,0,0
131,AgentA wins,17.33,0,0,0,0,0,0,0,0,0,0
132,AgentA wins,17.33,0,0,0,0,0,0,0,0,0,0
133,AgentB wins,17.67,0,0,0,0,0,0,0,0,0,0
134,AgentB wins,17.67,0,0,0,0,0,0,0,0,0,0
135,AgentA wins,15.67,0,0,0,0,0,0,0,0,0,0
136,AgentA wins,20.00,0,0,0,0,0,0,0,0,0,0
137,AgentA wins,15.67,0,0,0,0,0,0,0,0,0,0
138,AgentA wins,17.67,0,0,0,0,0,0,0,0,0,0
139,AgentA wins,20.33,0,0,0,0,0,0,0,0,0,0
140,AgentA wins,18.00,0,0,0,0,0,0,0,0,0,0
131,AgentA wins,17.67,0,0,0,0,0,0,0,0,0,0
132,AgentA wins,17.33,0,0,0,0,0,0,0,0,0,0
133,AgentA wins,18.00,0,0,0,0,0,0,0,0,0,0
134,AgentA wins,17.33,0,0,0,0,0,0,0,0,0,0
135,AgentA wins,17.67,0,0,0,0,0,0,0,0,0,0
136,AgentA wins,17.33,0,0,0,0,0,0,0,0,0,0
137,AgentA wins,17.67,0,0,0,0,0,0,0,0,0,0
138,AgentA wins,17.67,0,0,0,0,0,0,0,0,0,0
139,AgentA wins,18.00,0,0,0,0,0,0,0,0,0,0
140,AgentA wins,17.67,0,0,0,0,0,0,0,0,0,0
131,AgentB wins,17.67,0,0,0,0,0,0,0,0,0,0
132,AgentA wins,17.67,0,0,0,0,0,0,0,0,0,0
133,AgentA wins,17.67,0,0,0,0,0,0,0,0,0,0
134,AgentA wins,17.67,0,0,0,0,0,0,0,0,0,0
135,AgentA wins,18.00,0,0,0,0,0,0,0,0,0,0
136,AgentA wins,20.00,0,0,0,0,0,0,0,0,0,0
137,AgentA wins,17.67,0,0,0,0,0,0,0,0,0,0
138,AgentA wins,17.33,0,0,0,0,0,0,0,0,0,0
139,AgentA wins,18.00,0,0,0,0,0,0,0,0,0,0
140,AgentA wins,18.00,0,0,0,0,0,0,0,0,0,0
131,AgentA wins,18.00,0,0,0,0,0,0,0,0,0,0
132,AgentA wins,17.67,0,0,0,0,0,0,0,0,0,0
133,AgentA wins,17.33,0,0,0,0,0,0,0,0,0,0
134,AgentA wins,20.67,0,0,0,0,0,0,0,0,0,0
135,AgentA wins,17.67,0,0,0,0,0,0,0,0,0,0
136,AgentA wins,18.00,0,0,0,0,0,0,0,0,0,0
137,AgentA wins,17.67,0,0,0,0,0,0,0,0,0,0
138,AgentA wins,20.33,0,0,0,0,0,0,0,0,0,0
139,AgentA wins,17.67,0,0,0,0,0,0,0,0,0,0
140,AgentA wins,17.33,0,0,0,0,0,0,0,0,0,0
111,AgentA wins,15.67,0,0,0,0,0,0,0,0,0,0
112,AgentA wins,29.67,0,0,0,0,0,0,0,0,0,0
113,AgentA wins,24.67,0,0,0,0,0,0,0,0,0,0
114,AgentA wins,17.33,0,0,0,0,0,0,0,0,0,0
115,AgentA wins,24.67,0,0,0,0,0,0,0,0,0,0
116,AgentA wins,33.67,0,0,0,0,0,0,0,0,0,0
117,AgentA wins,18.67,0,0,0,0,0,0,0,0,0,0
118,AgentA wins,31.67,0,0,0,0,0,0,0,0,0,0
119,AgentA wins,32.67,0,0,0,0,0,0,0,0,0,0
120,AgentA wins,18.00,0,0,0,0,0,0,0,0,0,0
111,AgentA wins,15.67,0,0,0,0,0,0,0,0,0,0
112,AgentA wins,17.33,0,0,0,0,0,0,0,0,0,0
113,AgentA wins,21.67,0,0,0,0,0,0,0,0,0,0
114,AgentA wins,15.67,0,0,0,0,0,0,0,0,0,0
115,AgentB wins,26.00,0,0,0,0,0,0,0,0,0,0
116,AgentA wins,15.67,0,0,0,0,0,0,0,0,0,0
117,AgentA wins,21.67,0,0,0,0,0,0,0,0,0,0
118,AgentB wins,15.00,0,0,0,0,0,0,0,0,0,0
119,AgentA wins,48.33,0,0,0,0,0,0,0,0,0,0
120,AgentA wins,18.00,0,0,0,0,0,0,0,0,0,0
111,AgentA wins,27.00,0,0,0,0,0,0,0,0,0,0
112,AgentA wins,30.00,0,0,0,0,0,0,0,0,0,0
113,AgentB wins,28.00,0,0,0,0,0,0,0,0,0,0
114,AgentB wins,15.00,0,0,0,0,0,0,0,0,0,0
115,AgentA wins,30.67,0,0,0,0,0,0,0,0,0,0
116,AgentA wins,27.67,0,0,0,0,0,0,0,0,0,0
117,AgentA wins,37.00,0,0,0,0,0,0,0,0,0,0
118,AgentA wins,33.00,0,0,0,0,0,0,0,0,0,0
119,AgentA wins,18.67,0,0,0,0,0,0,0,0,0,0
120,AgentA wins,26.33,0,0,0,0,0,0,0,0,0,0
111,AgentA wins,18.00,0,0,0,0,0,0,0,0,0,0
112,AgentA wins,15.67,0,0,0,0,0,0,0,0,0,0
113,AgentA wins,31.67,0,0,0,0,0,0,0,0,0,0
114,AgentA wins,28.33,0,0,0,0,0,0,0,0,0,0
115,AgentA wins,18.00,0,0,0,0,0,0,0,0,0,0
116,AgentA wins,18.67,0,0,0,0,0,0,0,0,0,0
117,AgentA wins,17.33,0,0,0,0,0,0,0,0,0,0
118,AgentA wins,17.33,0,0,0,0,0,0,0,0,0,0
119,AgentA wins,17.33,0,0,0,0,0,0,0,0,0,0
120,AgentA wins,18.00,0,0,0,0,0,0,0,0,0,0
111,AgentA wins,18.67,0,0,0,0,0,0,0,0,0,0
112,AgentA wins,17.33,0,0,0,0,0,0,0,0,0,0
113,AgentA wins,41.67,0,0,0,0,0,0,0,0,0,0
114,AgentB wins,29.67,0,0,0,0,0,0,0,0,0,0
115,AgentA wins,23.33,0,0,0,0,0,0,0,0,0,0
116,AgentA wins,18.00,0,0,0,0,0,0,0,0,0,0
117,AgentA wins,23.33,0,0,0,0,0,0,0,0,0,0
118,AgentA wins,18.00,0,0,0,0,0,0,0,0,0,0
119,AgentA wins,15.67,0,0,0,0,0,0,0,0,0,0
120,AgentA wins,24.67,0,0,0,0,0,0,0,0,0,0
111,AgentA wins,15.67,0,0,0,0,0,0,0,0,0,0
112,AgentA wins,17.33,0,0,0,0,0,0,0,0,0,0
113,AgentA wins,24.67,0,0,0,0,0,0,0,0,0,0
114,AgentA wins,27.67,0,0,0,0,0,0,0,0,0,0
115,AgentA wins,18.00,0,0,0,0,0,0,0,0,0,0
116,AgentB wins,26.33,0,0,0,0,0,0,0,0,0,0
117,AgentA wins,18.00,0,0,0,0,0,0,0,0,0,0
118,AgentA wins,17.33,0,0,0,0,0,0,0,0,0,0
119,AgentB wins,28.33,0,0,0,0,0,0,0,0,0,0
120,AgentA wins,27.00,0,0,0,0,0,0,0,0,0,0
111,AgentA wins,18.67,0,0,0,0,0,0,0,0,0,0
112,AgentA wins,15.67,0,0,0,0,0,0,0,0,0,0
113,AgentA wins,21.67,0,0,0,0,0,0,0,0,0,0
114,AgentA wins,21.67,0,0,0,0,0,0,0,0,0,0
115,AgentA wins,30.33,0,0,0,0,0,0,0,0,0,0
116,AgentA wins,18.00,0,0,0,0,0,0,0,0,0,0
117,AgentB wins,34.00,0,0,0,0,0,0,0,0,0,0
118,AgentB wins,15.33,0,0,0,0,0,0,0,0,0,0
119,AgentA wins,24.67,0,0,0,0,0,0,0,0,0,0
120,AgentB wins,25.67,0,0,0,0,0,0,0,0,0,0
111,AgentA wins,23.33,0,0,0,0,0,0,0,0,0,0
112,AgentA wins,15.67,0,0,0,0,0,0,0,0,0,0
113,AgentA wins,35.33,0,0,0,0,0,0,0,0,0,0
114,AgentA wins,18.00,0,0,0,0,0,0,0,0,0,0
115,AgentB wins,31.67,0,0,0,0,0,0,0,0,0,0
116,AgentA wins,27.67,0,0,0,0,0,0,0,0,0,0
117,AgentA wins,18.00,0,0,0,0,0,0,0,0,0,0
118,AgentB wins,33.00,0,0,0,0,0,0,0,0,0,0
119,AgentA wins,33.00,0,0,0,0,0,0,0,0,0,0
120,AgentA wins,18.67,0,0,0,0,0,0,0,0,0,0
141,AgentA wins,20.00,0,0,0,0,0,0,0,0,0,0
142,AgentA wins,17.33,0,0,0,0,0,0,0,0,0,0
143,AgentA wins,15.67,0,0,0,0,0,0,0,0,0,0
144,AgentA wins,17.67,0,0,0,0,0,0,0,0,0,0
145,AgentA wins,15.67,0,0,0,0,0,0,0,0,0,0
146,AgentA wins,17.67,0,0,0,0,0,0,0,0,0,0
147,AgentA wins,17.67,0,0,0,0,0,0,0,0,0,0
148,AgentA wins,17.33,0,0,0,0,0,0,0,0,0,0
149,AgentA wins,17.67,0,0,0,0,0,0,0,0,0,0
150,AgentA wins,17.67,0,0,0,0,0,0,0,0,0,0
141,AgentA wins,17.67,0,0,0,0,0,0,0,0,0,0
142,AgentA wins,17.67,0,0,0,0,0,0,0,0,0,0
143,AgentA wins,17.33,0,0,0,0,0,0,0,0,0,0
144,AgentA wins,17.67,0,0,0,0,0,0,0,0,0,0
145,AgentA wins,19.67,0,0,0,0,0,0,0,0,0,0
146,AgentA wins,17.67,0,0,0,0,0,0,0,0,0,0
147,AgentA wins,17.67,0,0,0,0,0,0,0,0,0,0
148,AgentA wins,19.67,0,0,0,0,0,0,0,0,0,0
149,AgentA wins,19.67,0,0,0,0,0,0,0,0,0,0
150,AgentA wins,20.00,0,0,0,0,0,0,0,0,0,0
121,AgentA wins,18.00,159,160,0,97,0,124,0,19,22,27
122,AgentA wins,15.67,139,136,0,85,0,111,0,18,17,33
123,AgentA wins,30.67,265,276,0,187,0,213,0,38,32,73
124,AgentA wins,17.33,151,151,0,102,0,125,0,20,17,45
125,AgentA wins,18.67,165,161,0,110,0,135,0,22,15,28
126,AgentA wins,24.33,211,219,0,138,0,170,0,27,35,37
127,AgentA wins,21.33,179,193,1,117,0,149,0,21,32,47
128,AgentA wins,23.33,201,207,0,126,0,164,0,26,37,41
129,AgentA wins,18.00,156,159,0,99,0,118,0,23,24,41
130,AgentA wins,29.33,250,263,0,160,0,209,0,32,44,54
141,AgentA wins,17.67,0,0,0,0,0,0,0,0,0,0
142,AgentA wins,15.67,0,0,0,0,0,0,0,0,0,0
143,AgentA wins,17.67,0,0,0,0,0,0,0,0,0,0
144,AgentA wins,17.67,0,0,0,0,0,0,0,0,0,0
145,AgentA wins,17.67,0,0,0,0,0,0,0,0,0,0
146,AgentA wins,18.00,0,0,0,0,0,0,0,0,0,0
147,AgentA wins,17.33,0,0,0,0,0,0,0,0,0,0
148,AgentA wins,17.67,0,0,0,0,0,0,0,0,0,0
149,AgentA wins,20.67,0,0,0,0,0,0,0,0,0,0
150,AgentA wins,17.33,0,0,0,0,0,0,0,0,0,0
141,AgentA wins,17.67,0,0,0,0,0,0,0,0,0,0
142,AgentA wins,18.00,0,0,0,0,0,0,0,0,0,0
143,AgentA wins,15.67,0,0,0,0,0,0,0,0,0,0
144,AgentA wins,17.33,0,0,0,0,0,0,0,0,0,0
145,AgentA wins,17.67,0,0,0,0,0,0,0,0,0,0
146,AgentA wins,17.33,0,0,0,0,0,0,0,0,0,0
147,AgentA wins,17.67,0,0,0,0,0,0,0,0,0,0
148,AgentA wins,18.00,0,0,0,0,0,0,0,0,0,0
149,AgentA wins,17.33,0,0,0,0,0,0,0,0,0,0
150,AgentA wins,17.67,0,0,0,0,0,0,0,0,0,0
141,AgentA wins,19.67,0,0,0,0,0,0,0,0,0,0
142,AgentA wins,17.67,0,0,0,0,0,0,0,0,0,0
143,AgentA wins,18.00,0,0,0,0,0,0,0,0,0,0
144,AgentA wins,15.67,0,0,0,0,0,0,0,0,0,0
145,AgentA wins,17.67,0,0,0,0,0,0,0,0,0,0
146,AgentA wins,17.67,0,0,0,0,0,0,0,0,0,0
147,AgentA wins,17.33,0,0,0,0,0,0,0,0,0,0
148,AgentA wins,17.67,0,0,0,0,0,0,0,0,0,0
149,AgentA wins,18.00,0,0,0,0,0,0,0,0,0,0
150,AgentB wins,17.67,0,0,0,0,0,0,0,0,0,0
141,AgentA wins,18.00,0,0,0,0,0,0,0,0,0,0
142,AgentA wins,17.67,0,0,0,0,0,0,0,0,0,0
143,AgentA wins,15.67,0,0,0,0,0,0,0,0,0,0
144,AgentA wins,18.00,0,0,0,0,0,0,0,0,0,0
145,AgentA wins,17.67,0,0,0,0,0,0,0,0,0,0
146,AgentA wins,17.67,0,0,0,0,0,0,0,0,0,0
147,AgentA wins,19.67,0,0,0,0,0,0,0,0,0,0
148,AgentA wins,18.00,0,0,0,0,0,0,0,0,0,0
149,AgentA wins,18.00,0,0,0,0,0,0,0,0,0,0
150,AgentA wins,23.00,0,0,0,0,0,0,0,0,0,0
141,AgentA wins,22.33,0,0,0,0,0,0,0,0,0,0
142,AgentA wins,18.00,0,0,0,0,0,0,0,0,0,0
143,AgentA wins,17.33,0,0,0,0,0,0,0,0,0,0
144,AgentA wins,19.67,0,0,0,0,0,0,0,0,0,0
145,AgentA wins,15.67,0,0,0,0,0,0,0,0,0,0
146,AgentA wins,18.00,0,0,0,0,0,0,0,0,0,0
147,AgentA wins,17.33,0,0,0,0,0,0,0,0,0,0
148,AgentA wins,17.67,0,0,0,0,0,0,0,0,0,0
149,AgentA wins,17.33,0,0,0,0,0,0,0,0,0,0
150,AgentA wins,15.67,0,0,0,0,0,0,0,0,0,0
141,AgentA wins,17.33,0,0,0,0,0,0,0,0,0,0
142,AgentA wins,18.00,0,0,0,0,0,0,0,0,0,0
143,AgentA wins,17.67,0,0,0,0,0,0,0,0,0,0
144,AgentA wins,17.67,0,0,0,0,0,0,0,0,0,0
145,AgentB wins,17.00,0,0,0,0,0,0,0,0,0,0
146,AgentA wins,17.67,0,0,0,0,0,0,0,0,0,0
147,AgentA wins,19.67,0,0,0,0,0,0,0,0,0,0
148,AgentA wins,18.00,0,0,0,0,0,0,0,0,0,0
149,AgentA wins,17.33,0,0,0,0,0,0,0,0,0,0
150,AgentA wins,20.33,0,0,0,0,0,0,0,0,0,0
141,AgentA wins,15.67,0,0,0,0,0,0,0,0,0,0
142,AgentA wins,17.67,0,0,0,0,0,0,0,0,0,0
143,AgentA wins,19.67,0,0,0,0,0,0,0,0,0,0
144,AgentA wins,15.67,0,0,0,0,0,0,0,0,0,0
145,AgentA wins,17.33,0,0,0,0,0,0,0,0,0,0
146,AgentA wins,17.33,0,0,0,0,0,0,0,0,0,0
147,AgentA wins,17.67,0,0,0,0,0,0,0,0,0,0
148,AgentA wins,22.67,0,0,0,0,0,0,0,0,0,0
149,AgentA wins,18.00,0,0,0,0,0,0,0,0,0,0
150,AgentA wins,17.33,0,0,0,0,0,0,0,0,0,0
141,AgentA wins,22.33,0,0,0,0,0,0,0,0,0,0
142,AgentA wins,17.67,0,0,0,0,0,0,0,0,0,0
143,AgentA wins,17.67,0,0,0,0,0,0,0,0,0,0
144,AgentA wins,17.33,0,0,0,0,0,0,0,0,0,0
145,AgentA wins,17.33,0,0,0,0,0,0,0,0,0,0
146,AgentA wins,18.00,0,0,0,0,0,0,0,0,0,0
147,AgentA wins,18.00,0,0,0,0,0,0,0,0,0,0
148,AgentA wins,17.33,0,0,0,0,0,0,0,0,0,0
149,AgentA wins,19.67,0,0,0,0,0,0,0,0,0,0
150,AgentA wins,17.67,0,0,0,0,0,0,0,0,0,0
141,AgentA wins,18.00,0,0,0,0,0,0,0,0,0,0
142,AgentA wins,17.67,0,0,0,0,0,0,0,0,0,0
143,AgentA wins,15.67,0,0,0,0,0,0,0,0,0,0
144,AgentA wins,17.67,0,0,0,0,0,0,0,0,0,0
145,AgentA wins,18.00,0,0,0,0,0,0,0,0,0,0
146,AgentA wins,17.33,0,0,0,0,0,0,0,0,0,0
147,AgentA wins,17.33,0,0,0,0,0,0,0,0,0,0
148,AgentA wins,18.00,0,0,0,0,0,0,0,0,0,0
149,AgentA wins,17.33,0,0,0,0,0,0,0,0,0,0
150,AgentB wins,17.67,0,0,0,0,0,0,0,0,0,0
141,AgentA wins,19.67,0,0,0,0,0,0,0,0,0,0
142,AgentA wins,17.67,0,0,0,0,0,0,0,0,0,0
143,AgentA wins,17.67,0,0,0,0,0,0,0,0,0,0
144,AgentA wins,17.67,0,0,0,0,0,0,0,0,0,0
145,AgentA wins,19.67,0,0,0,0,0,0,0,0,0,0
146,AgentA wins,17.67,0,0,0,0,0,0,0,0,0,0
147,AgentA wins,18.00,0,0,0,0,0,0,0,0,0,0
148,AgentA wins,17.67,0,0,0,0,0,0,0,0,0,0
149,AgentA wins,20.67,0,0,0,0,0,0,0,0,0,0
150,AgentA wins,18.67,0,0,0,0,0,0,0,0,0,0
141,AgentA wins,17.67,0,0,0,0,0,0,0,0,0,0
142,AgentA wins,18.00,0,0,0,0,0,0,0,0,0,0
143,AgentA wins,19.67,0,0,0,0,0,0,0,0,0,0
144,AgentA wins,19.67,0,0,0,0,0,0,0,0,0,0
145,AgentA wins,17.33,0,0,0,0,0,0,0,0,0,0
146,AgentA wins,17.67,0,0,0,0,0,0,0,0,0,0
147,AgentA wins,17.33,0,0,0,0,0,0,0,0,0,0
148,AgentA wins,17.33,0,0,0,0,0,0,0,0,0,0
149,AgentA wins,17.67,0,0,0,0,0,0,0,0,0,0
150,AgentA wins,23.00,0,0,0,0,0,0,0,0,0,0
141,AgentA wins,17.67,0,0,0,0,0,0,0,0,0,0
142,AgentA wins,18.00,0,0,0,0,0,0,0,0,0,0
143,AgentA wins,17.67,0,0,0,0,0,0,0,0,0,0
144,AgentA wins,17.67,0,0,0,0,0,0,0,0,0,0
145,AgentA wins,20.33,0,0,0,0,0,0,0,0,0,0
146,AgentA wins,17.67,0,0,0,0,0,0,0,0,0,0
147,AgentA wins,25.00,0,0,0,0,0,0,0,0,0,0
148,AgentA wins,22.67,0,0,0,0,0,0,0,0,0,0
149,AgentA wins,17.33,0,0,0,0,0,0,0,0,0,0
150,AgentA wins,18.00,0,0,0,0,0,0,0,0,0,0
141,AgentA wins,26.00,0,0,0,0,0,0,0,0,0,0
142,AgentA wins,17.67,0,0,0,0,0,0,0,0,0,0
143,AgentA wins,19.67,0,0,0,0,0,0,0,0,0,0
144,AgentA wins,19.67,0,0,0,0,0,0,0,0,0,0
145,AgentA wins,20.67,0,0,0,0,0,0,0,0,0,0
146,AgentA wins,17.33,0,0,0,0,0,0,0,0,0,0
147,AgentA wins,17.67,0,0,0,0,0,0,0,0,0,0
148,AgentA wins,17.67,0,0,0,0,0,0,0,0,0,0
149,AgentA wins,17.33,0,0,0,0,0,0,0,0,0,0
150,AgentA wins,18.00,0,0,0,0,0,0,0,0,0,0
121,AgentA wins,17.33,0,0,0,0,0,0,0,0,0,0
122,AgentA wins,21.67,0,0,0,0,0,0,0,0,0,0
123,AgentA wins,26.67,0,0,0,0,0,0,0,0,0,0
124,AgentA wins,17.33,0,0,0,0,0,0,0,0,0,0
125,AgentA wins,17.33,0,0,0,0,0,0,0,0,0,0
126,AgentA wins,18.67,0,0,0,0,0,0,0,0,0,0
127,AgentA wins,24.00,0,0,0,0,0,0,0,0,0,0
128,AgentA wins,17.33,0,0,0,0,0,0,0,0,0,0
129,AgentA wins,17.33,0,0,0,0,0,0,0,0,0,0
130,AgentB wins,15.00,0,0,0,0,0,0,0,0,0,0
121,AgentA wins,18.00,0,0,0,0,0,0,0,0,0,0
122,AgentA wins,18.00,0,0,0,0,0,0,0,0,0,0
123,AgentA wins,30.00,0,0,0,0,0,0,0,0,0,0
124,AgentA wins,24.33,0,0,0,0,0,0,0,0,0,0
125,AgentB wins,34.00,0,0,0,0,0,0,0,0,0,0
126,AgentA wins,17.33,0,0,0,0,0,0,0,0,0,0
127,AgentB wins,36.33,0,0,0,0,0,0,0,0,0,0
128,AgentA wins,18.67,0,0,0,0,0,0,0,0,0,0
129,AgentA wins,17.33,0,0,0,0,0,0,0,0,0,0
130,AgentA wins,30.33,0,0,0,0,0,0,0,0,0,0
121,AgentA wins,27.67,0,0,0,0,0,0,0,0,0,0
122,AgentA wins,30.00,0,0,0,0,0,0,0,0,0,0
123,AgentA wins,24.67,0,0,0,0,0,0,0,0,0,0
124,AgentA wins,26.33,0,0,0,0,0,0,0,0,0,0
125,AgentA wins,21.67,0,0,0,0,0,0,0,0,0,0
126,AgentA wins,27.33,0,0,0,0,0,0,0,0,0,0
127,AgentA wins,17.33,0,0,0,0,0,0,0,0,0,0
128,AgentA wins,17.33,0,0,0,0,0,0,0,0,0,0
129,AgentA wins,18.67,0,0,0,0,0,0,0,0,0,0
130,AgentA wins,30.33,0,0,0,0,0,0,0,0,0,0
121,AgentA wins,17.33,0,0,0,0,0,0,0,0,0,0
122,AgentA wins,17.33,0,0,0,0,0,0,0,0,0,0
123,AgentA wins,17.33,0,0,0,0,0,0,0,0,0,0
124,AgentA wins,37.00,0,0,0,0,0,0,0,0,0,0
125,AgentA wins,15.67,0,0,0,0,0,0,0,0,0,0
126,AgentA wins,23.67,0,0,0,0,0,0,0,0,0,0
127,AgentB wins,17.67,0,0,0,0,0,0,0,0,0,0
128,AgentB wins,27.67,0,0,0,0,0,0,0,0,0,0
129,AgentA wins,18.00,0,0,0,0,0,0,0,0,0,0
130,AgentA wins,20.33,0,0,0,0,0,0,0,0,0,0
121,AgentA wins,18.33,0,0,0,0,0,0,0,0,0,0
122,AgentA wins,34.00,0,0,0,0,0,0,0,0,0,0
123,AgentA wins,21.67,0,0,0,0,0,0,0,0,0,0
124,AgentB wins,31.33,0,0,0,0,0,0,0,0,0,0
125,AgentA wins,28.67,0,0,0,0,0,0,0,0,0,0
126,AgentA wins,17.33,0,0,0,0,0,0,0,0,0,0
127,AgentA wins,35.00,0,0,0,0,0,0,0,0,0,0
128,AgentB wins,15.00,0,0,0,0,0,0,0,0,0,0
129,AgentA wins,24.67,0,0,0,0,0,0,0,0,0,0
130,AgentA wins,24.33,0,0,0,0,0,0,0,0,0,0
121,AgentA wins,32.00,0,0,0,0,0,0,0,0,0,0
122,AgentA wins,37.00,0,0,0,0,0,0,0,0,0,0
123,AgentA wins,30.67,0,0,0,0,0,0,0,0,0,0
124,AgentA wins,17.33,0,0,0,0,0,0,0,0,0,0
125,AgentA wins,15.67,0,0,0,0,0,0,0,0,0,0
126,AgentB wins,19.33,0,0,0,0,0,0,0,0,0,0
127,AgentA wins,15.67,0,0,0,0,0,0,0,0,0,0
128,AgentB wins,28.00,0,0,0,0,0,0,0,0,0,0
129,AgentA wins,24.33,0,0,0,0,0,0,0,0,0,0
130,AgentA wins,17.33,0,0,0,0,0,0,0,0,0,0
121,AgentA wins,29.67,0,0,0,0,0,0,0,0,0,0
122,AgentA wins,18.00,0,0,0,0,0,0,0,0,0,0
123,AgentB wins,23.00,0,0,0,0,0,0,0,0,0,0
124,AgentA wins,18.00,0,0,0,0,0,0,0,0,0,0
125,AgentB wins,36.67,0,0,0,0,0,0,0,0,0,0
126,AgentA wins,27.33,0,0,0,0,0,0,0,0,0,0
127,AgentA wins,32.67,0,0,0,0,0,0,0,0,0,0
128,AgentA wins,30.33,0,0,0,0,0,0,0,0,0,0
129,AgentA wins,17.33,0,0,0,0,0,0,0,0,0,0
130,AgentA wins,23.33,0,0,0,0,0,0,0,0,0,0
151,AgentA wins,17.67,0,0,0,0,0,0,0,0,0,0
152,AgentA wins,18.00,0,0,0,0,0,0,0,0,0,0
153,AgentA wins,17.67,0,0,0,0,0,0,0,0,0,0
154,AgentA wins,17.67,0,0,0,0,0,0,0,0,0,0
155,AgentA wins,17.67,0,0,0,0,0,0,0,0,0,0
156,AgentA wins,25.00,0,0,0,0,0,0,0,0,0,0
157,AgentA wins,17.67,0,0,0,0,0,0,0,0,0,0
158,AgentA wins,17.67,0,0,0,0,0,0,0,0,0,0
159,AgentA wins,17.67,0,0,0,0,0,0,0,0,0,0
160,AgentA wins,15.67,0,0,0,0,0,0,0,0,0,0
151,AgentA wins,17.33,0,0,0,0,0,0,0,0,0,0
152,AgentA wins,17.67,0,0,0,0,0,0,0,0,0,0
153,AgentA wins,17.67,0,0,0,0,0,0,0,0,0,0
154,AgentA wins,17.67,0,0,0,0,0,0,0,0,0,0
155,AgentA wins,17.67,0,0,0,0,0,0,0,0,0,0
156,AgentA wins,17.67,0,0,0,0,0,0,0,0,0,0
157,AgentA wins,17.67,0,0,0,0,0,0,0,0,0,0
158,AgentA wins,19.67,0,0,0,0,0,0,0,0,0,0
159,AgentA wins,19.67,0,0,0,0,0,0,0,0,0,0
160,AgentA wins,17.67,0,0,0,0,0,0,0,0,0,0
151,AgentA wins,22.67,0,0,0,0,0,0,0,0,0,0
152,AgentA wins,25.00,0,0,0,0,0,0,0,0,0,0
153,AgentA wins,17.33,0,0,0,0,0,0,0,0,0,0
154,AgentA wins,18.00,0,0,0,0,0,0,0,0,0,0
155,AgentA wins,15.67,0,0,0,0,0,0,0,0,0,0
156,AgentA wins,23.33,0,0,0,0,0,0,0,0,0,0
157,AgentA wins,17.67,0,0,0,0,0,0,0,0,0,0
158,AgentA wins,17.67,0,0,0,0,0,0,0,0,0,0
159,AgentA wins,19.67,0,0,0,0,0,0,0,0,0,0
160,AgentA wins,18.00,0,0,0,0,0,0,0,0,0,0
121,AgentA wins,18.00,0,0,0,0,0,0,0,0,0,0
122,AgentA wins,17.33,0,0,0,0,0,0,0,0,0,0
123,AgentA wins,18.67,0,0,0,0,0,0,0,0,0,0
124,AgentA wins,17.33,0,0,0,0,0,0,0,0,0,0
125,AgentA wins,21.67,0,0,0,0,0,0,0,0,0,0
126,AgentA wins,15.67,0,0,0,0,0,0,0,0,0,0
127,AgentA wins,17.33,0,0,0,0,0,0,0,0,0,0
128,AgentA wins,17.33,0,0,0,0,0,0,0,0,0,0
129,AgentB wins,22.33,0,0,0,0,0,0,0,0,0,0
130,AgentA wins,35.00,0,0,0,0,0,0,0,0,0,0
151,AgentA wins,17.67,0,0,0,0,0,0,0,0,0,0
152,AgentA wins,17.67,0,0,0,0,0,0,0,0,0,0
153,AgentA wins,17.67,0,0,0,0,0,0,0,0,0,0
154,AgentA wins,17.67,0,0,0,0,0,0,0,0,0,0
155,AgentA wins,17.67,0,0,0,0,0,0,0,0,0,0
156,AgentA wins,17.67,0,0,0,0,0,0,0,0,0,0
157,AgentA wins,17.67,0,0,0,0,0,0,0,0,0,0
158,AgentA wins,17.67,0,0,0,0,0,0,0,0,0,0
159,AgentA wins,18.00,0,0,0,0,0,0,0,0,0,0
160,AgentA wins,18.00,0,0,0,0,0,0,0,0,0,0
151,AgentA wins,17.33,0,0,0,0,0,0,0,0,0,0
152,AgentA wins,17.33,0,0,0,0,0,0,0,0,0,0
153,AgentA wins,20.67,0,0,0,0,0,0,0,0,0,0
154,AgentA wins,15.67,0,0,0,0,0,0,0,0,0,0
155,AgentA wins,19.67,0,0,0,0,0,0,0,0,0,0
156,AgentA wins,17.33,0,0,0,0,0,0,0,0,0,0
157,AgentA wins,19.67,0,0,0,0,0,0,0,0,0,0
158,AgentA wins,17.67,0,0,0,0,0,0,0,0,0,0
159,AgentA wins,17.67,0,0,0,0,0,0,0,0,0,0
160,AgentA wins,17.67,0,0,0,0,0,0,0,0,0,0
151,AgentA wins,17.67,0,0,0,0,0,0,0,0,0,0
152,AgentA wins,19.67,0,0,0,0,0,0,0,0,0,0
153,AgentA wins,15.67,0,0,0,0,0,0,0,0,0,0
154,AgentA wins,17.33,0,0,0,0,0,0,0,0,0,0
155,AgentA wins,19.67,0,0,0,0,0,0,0,0,0,0
156,AgentA wins,18.00,0,0,0,0,0,0,0,0,0,0
157,AgentA wins,17.67,0,0,0,0,0,0,0,0,0,0
158,AgentA wins,15.67,0,0,0,0,0,0,0,0,0,0
159,AgentA wins,17.67,0,0,0,0,0,0,0,0,0,0
160,AgentA wins,17.67,0,0,0,0,0,0,0,0,0,0
151,AgentB wins,15.00,0,0,0,0,0,0,0,0,0,0
152,AgentA wins,20.67,0,0,0,0,0,0,0,0,0,0
153,AgentA wins,17.67,0,0,0,0,0,0,0,0,0,0
154,AgentA wins,23.33,0,0,0,0,0,0,0,0,0,0
155,AgentA wins,18.00,0,0,0,0,0,0,0,0,0,0
156,AgentA wins,17.33,0,0,0,0,0,0,0,0,0,0
157,AgentA wins,19.67,0,0,0,0,0,0,0,0,0,0
158,AgentA wins,19.67,0,0,0,0,0,0,0,0,0,0
159,AgentA wins,17.67,0,0,0,0,0,0,0,0,0,0
160,AgentA wins,17.67,0,0,0,0,0,0,0,0,0,0
151,AgentA wins,18.00,0,0,0,0,0,0,0,0,0,0
152,AgentB wins,23.33,0,0,0,0,0,0,0,0,0,0
153,AgentA wins,20.00,0,0,0,0,0,0,0,0,0,0
154,AgentA wins,17.67,0,0,0,0,0,0,0,0,0,0
155,AgentA wins,17.67,0,0,0,0,0,0,0,0,0,0
156,AgentA wins,17.67,0,0,0,0,0,0,0,0,0,0
157,AgentA wins,17.67,0,0,0,0,0,0,0,0,0,0
158,AgentA wins,20.00,0,0,0,0,0,0,0,0,0,0
159,AgentA wins,18.00,0,0,0,0,0,0,0,0,0,0
160,AgentA wins,17.67,0,0,0,0,0,0,0,0,0,0
151,AgentA wins,20.33,0,0,0,0,0,0,0,0,0,0
152,AgentA wins,20.33,0,0,0,0,0,0,0,0,0,0
153,AgentA wins,15.67,0,0,0,0,0,0,0,0,0,0
154,AgentA wins,17.33,0,0,0,0,0,0,0,0,0,0
155,AgentA wins,17.67,0,0,0,0,0,0,0,0,0,0
156,AgentA wins,17.33,0,0,0,0,0,0,0,0,0,0
157,AgentA wins,17.67,0,0,0,0,0,0,0,0,0,0
158,AgentA wins,17.67,0,0,0,0,0,0,0,0,0,0
159,AgentA wins,20.00,0,0,0,0,0,0,0,0,0,0
160,AgentA wins,19.67,0,0,0,0,0,0,0,0,0,0
151,AgentA wins,18.00,0,0,0,0,0,0,0,0,0,0
152,AgentA wins,17.67,0,0,0,0,0,0,0,0,0,0
153,AgentA wins,19.67,0,0,0,0,0,0,0,0,0,0
154,AgentA wins,18.00,0,0,0,0,0,0,0,0,0,0
155,AgentA wins,17.67,0,0,0,0,0,0,0,0,0,0
156,AgentA wins,25.00,0,0,0,0,0,0,0,0,0,0
157,AgentA wins,18.00,0,0,0,0,0,0,0,0,0,0
158,AgentA wins,17.67,0,0,0,0,0,0,0,0,0,0
159,AgentA wins,17.67,0,0,0,0,0,0,0,0,0,0
160,AgentA wins,19.67,0,0,0,0,0,0,0,0,0,0
151,AgentA wins,17.67,0,0,0,0,0,0,0,0,0,0
152,AgentA wins,17.67,0,0,0,0,0,0,0,0,0,0
153,AgentA wins,17.67,0,0,0,0,0,0,0,0,0,0
154,AgentA wins,17.67,0,0,0,0,0,0,0,0,0,0
155,AgentA wins,18.00,0,0,0,0,0,0,0,0,0,0
156,AgentA wins,19.67,0,0,0,0,0,0,0,0,0,0
157,AgentA wins,18.00,0,0,0,0,0,0,0,0,0,0
158,AgentA wins,17.33,0,0,0,0,0,0,0,0,0,0
159,AgentB wins,23.33,0,0,0,0,0,0,0,0,0,0
160,AgentA wins,15.67,0,0,0,0,0,0,0,0,0,0
151,AgentA wins,17.33,0,0,0,0,0,0,0,0,0,0
152,AgentA wins,19.67,0,0,0,0,0,0,0,0,0,0
153,AgentA wins,20.67,0,0,0,0,0,0,0,0,0,0
154,AgentA wins,17.67,0,0,0,0,0,0,0,0,0,0
155,AgentA wins,17.33,0,0,0,0,0,0,0,0,0,0
156,AgentA wins,18.00,0,0,0,0,0,0,0,0,0,0
157,AgentA wins,17.67,0,0,0,0,0,0,0,0,0,0
158,AgentA wins,19.67,0,0,0,0,0,0,0,0,0,0
159,AgentA wins,17.67,0,0,0,0,0,0,0,0,0,0
160,AgentA wins,17.33,0,0,0,0,0,0,0,0,0,0
121,AgentA wins,27.33,0,0,0,0,0,0,0,0,0,0
122,AgentA wins,21.67,0,0,0,0,0,0,0,0,0,0
123,AgentA wins,24.33,0,0,0,0,0,0,0,0,0,0
124,AgentA wins,21.33,0,0,0,0,0,0,0,0,0,0
125,AgentA wins,15.67,0,0,0,0,0,0,0,0,0,0
126,AgentA wins,17.33,0,0,0,0,0,0,0,0,0,0
127,AgentA wins,17.33,0,0,0,0,0,0,0,0,0,0
128,AgentA wins,18.00,0,0,0,0,0,0,0,0,0,0
129,AgentA wins,53.67,0,0,0,0,0,0,0,0,0,0
130,AgentA wins,27.00,0,0,0,0,0,0,0,0,0,0
151,AgentA wins,25.67,0,0,0,0,0,0,0,0,0,0
152,AgentA wins,22.33,0,0,0,0,0,0,0,0,0,0
153,AgentA wins,17.67,0,0,0,0,0,0,0,0,0,0
154,AgentA wins,22.67,0,0,0,0,0,0,0,0,0,0
155,AgentA wins,17.33,0,0,0,0,0,0,0,0,0,0
156,AgentA wins,17.67,0,0,0,0,0,0,0,0,0,0
157,AgentA wins,17.67,0,0,0,0,0,0,0,0,0,0
158,AgentA wins,17.67,0,0,0,0,0,0,0,0,0,0
159,AgentA wins,19.67,0,0,0,0,0,0,0,0,0,0
160,AgentA wins,17.67,0,0,0,0,0,0,0,0,0,0
151,AgentA wins,17.67,0,0,0,0,0,0,0,0,0,0
152,AgentB wins,17.67,0,0,0,0,0,0,0,0,0,0
153,AgentA wins,17.33,0,0,0,0,0,0,0,0,0,0
154,AgentA wins,18.00,0,0,0,0,0,0,0,0,0,0
155,AgentA wins,18.00,0,0,0,0,0,0,0,0,0,0
156,AgentA wins,17.33,0,0,0,0,0,0,0,0,0,0
157,AgentA wins,17.67,0,0,0,0,0,0,0,0,0,0
158,AgentA wins,17.67,0,0,0,0,0,0,0,0,0,0
159,AgentA wins,17.67,0,0,0,0,0,0,0,0,0,0
160,AgentA wins,17.33,0,0,0,0,0,0,0,0,0,0
151,AgentA wins,17.33,0,0,0,0,0,0,0,0,0,0
152,AgentB wins,22.33,0,0,0,0,0,0,0,0,0,0
153,AgentA wins,20.33,0,0,0,0,0,0,0,0,0,0
154,AgentA wins,17.33,0,0,0,0,0,0,0,0,0,0
155,AgentA wins,19.67,0,0,0,0,0,0,0,0,0,0
156,AgentA wins,17.67,0,0,0,0,0,0,0,0,0,0
157,AgentA wins,17.33,0,0,0,0,0,0,0,0,0,0
158,AgentA wins,18.00,0,0,0,0,0,0,0,0,0,0
159,AgentA wins,17.33,0,0,0,0,0,0,0,0,0,0
160,AgentA wins,19.67,0,0,0,0,0,0,0,0,0,0
131,AgentB wins,24.33,204,220,0,128,0,170,0,28,46,65
132,AgentA wins,30.00,259,268,0,161,0,217,0,30,55,30
133,AgentA wins,24.00,207,213,0,132,0,168,0,28,34,36
134,AgentA wins,21.67,187,193,1,123,0,148,0,28,27,49
135,AgentA wins,18.00,153,165,0,104,0,123,0,23,26,42
136,AgentA wins,24.33,216,220,0,135,0,170,0,28,29,39
137,AgentA wins,35.67,314,324,0,195,0,247,0,36,56,53
138,AgentA wins,32.67,288,289,0,181,0,235,0,37,41,51
139,AgentA wins,24.33,216,217,0,128,0,162,0,26,31,48
140,AgentA wins,17.33,150,161,0,98,0,125,0,21,31,32
131,AgentA wins,27.67,0,0,0,0,0,0,0,0,0,0
132,AgentA wins,18.67,0,0,0,0,0,0,0,0,0,0
133,AgentA wins,35.67,0,0,0,0,0,0,0,0,0,0
134,AgentA wins,24.00,0,0,0,0,0,0,0,0,0,0
135,AgentA wins,24.67,0,0,0,0,0,0,0,0,0,0
136,AgentA wins,17.67,0,0,0,0,0,0,0,0,0,0
137,AgentA wins,24.00,0,0,0,0,0,0,0,0,0,0
138,AgentA wins,18.00,0,0,0,0,0,0,0,0,0,0
139,AgentB wins,32.00,0,0,0,0,0,0,0,0,0,0
140,AgentA wins,18.00,0,0,0,0,0,0,0,0,0,0
131,AgentA wins,17.33,0,0,0,0,0,0,0,0,0,0
132,AgentA wins,27.67,0,0,0,0,0,0,0,0,0,0
133,AgentA wins,18.00,0,0,0,0,0,0,0,0,0,0
134,AgentB wins,20.67,0,0,0,0,0,0,0,0,0,0
135,AgentA wins,18.00,0,0,0,0,0,0,0,0,0,0
136,AgentA wins,15.67,0,0,0,0,0,0,0,0,0,0
137,AgentA wins,18.00,0,0,0,0,0,0,0,0,0,0
138,AgentA wins,31.67,0,0,0,0,0,0,0,0,0,0
139,AgentA wins,23.67,0,0,0,0,0,0,0,0,0,0
140,AgentA wins,27.33,0,0,0,0,0,0,0,0,0,0
131,AgentA wins,15.67,0,0,0,0,0,0,0,0,0,0
132,AgentA wins,15.67,0,0,0,0,0,0,0,0,0,0
133,AgentB wins,28.00,0,0,0,0,0,0,0,0,0,0
134,AgentA wins,18.00,0,0,0,0,0,0,0,0,0,0
135,AgentA wins,18.67,0,0,0,0,0,0,0,0,0,0
136,AgentA wins,36.67,0,0,0,0,0,0,0,0,0,0
137,AgentA wins,54.00,0,0,0,0,0,0,0,0,0,0
138,AgentA wins,17.33,0,0,0,0,0,0,0,0,0,0
139,AgentA wins,33.00,0,0,0,0,0,0,0,0,0,0
140,AgentA wins,17.33,0,0,0,0,0,0,0,0,0,0
131,AgentA wins,24.33,0,0,0,0,0,0,0,0,0,0
132,AgentA wins,31.33,0,0,0,0,0,0,0,0,0,0
133,AgentA wins,23.67,0,0,0,0,0,0,0,0,0,0
134,AgentA wins,18.00,0,0,0,0,0,0,0,0,0,0
135,AgentA wins,33.33,0,0,0,0,0,0,0,0,0,0
136,AgentA wins,30.67,0,0,0,0,0,0,0,0,0,0
137,AgentA wins,24.67,0,0,0,0,0,0,0,0,0,0
138,AgentA wins,27.33,0,0,0,0,0,0,0,0,0,0
139,AgentA wins,18.00,0,0,0,0,0,0,0,0,0,0
140,AgentA wins,26.33,0,0,0,0,0,0,0,0,0,0
131,AgentA wins,29.67,0,0,0,0,0,0,0,0,0,0
132,AgentA wins,21.67,0,0,0,0,0,0,0,0,0,0
133,AgentA wins,17.33,0,0,0,0,0,0,0,0,0,0
134,AgentA wins,21.67,0,0,0,0,0,0,0,0,0,0
135,AgentA wins,33.00,0,0,0,0,0,0,0,0,0,0
136,AgentA wins,17.33,0,0,0,0,0,0,0,0,0,0
137,AgentA wins,27.00,0,0,0,0,0,0,0,0,0,0
138,AgentA wins,18.00,0,0,0,0,0,0,0,0,0,0
139,AgentA wins,18.00,0,0,0,0,0,0,0,0,0,0
140,AgentA wins,24.67,0,0,0,0,0,0,0,0,0,0
161,AgentA wins,19.67,0,0,0,0,0,0,0,0,0,0
162,AgentB wins,14.00,0,0,0,0,0,0,0,0,0,0
163,AgentA wins,18.00,0,0,0,0,0,0,0,0,0,0
164,AgentA wins,22.33,0,0,0,0,0,0,0,0,0,0
165,AgentA wins,17.67,0,0,0,0,0,0,0,0,0,0
166,AgentA wins,15.67,0,0,0,0,0,0,0,0,0,0
167,AgentA wins,18.00,0,0,0,0,0,0,0,0,0,0
168,AgentA wins,15.67,0,0,0,0,0,0,0,0,0,0
169,AgentA wins,17.67,0,0,0,0,0,0,0,0,0,0
170,AgentA wins,19.67,0,0,0,0,0,0,0,0,0,0
161,AgentA wins,17.67,0,0,0,0,0,0,0,0,0,0
162,AgentA wins,15.67,0,0,0,0,0,0,0,0,0,0
163,AgentA wins,17.67,0,0,0,0,0,0,0,0,0,0
164,AgentA wins,17.67,0,0,0,0,0,0,0,0,0,0
165,AgentA wins,17.67,0,0,0,0,0,0,0,0,0,0
166,AgentA wins,17.67,0,0,0,0,0,0,0,0,0,0
167,AgentA wins,17.67,0,0,0,0,0,0,0,0,0,0
168,AgentA wins,19.67,0,0,0,0,0,0,0,0,0,0
169,AgentA wins,23.33,0,0,0,0,0,0,0,0,0,0
170,AgentA wins,17.67,0,0,0,0,0,0,0,0,0,0
161,AgentA wins,20.00,0,0,0,0,0,0,0,0,0,0
162,AgentA wins,19.67,0,0,0,0,0,0,0,0,0,0
163,AgentA wins,17.67,0,0,0,0,0,0,0,0,0,0
164,AgentA wins,19.67,0,0,0,0,0,0,0,0,0,0
165,AgentA wins,17.67,0,0,0,0,0,0,0,0,0,0
166,AgentA wins,22.67,0,0,0,0,0,0,0,0,0,0
167,AgentA wins,19.67,0,0,0,0,0,0,0,0,0,0
168,AgentA wins,17.33,0,0,0,0,0,0,0,0,0,0
169,AgentA wins,17.33,0,0,0,0,0,0,0,0,0,0
170,AgentA wins,20.00,0,0,0,0,0,0,0,0,0,0
161,AgentA wins,22.33,0,0,0,0,0,0,0,0,0,0
162,AgentA wins,17.67,0,0,0,0,0,0,0,0,0,0
163,AgentA wins,17.33,0,0,0,0,0,0,0,0,0,0
164,AgentA wins,17.67,0,0,0,0,0,0,0,0,0,0
165,AgentA wins,17.33,0,0,0,0,0,0,0,0,0,0
166,AgentA wins,17.67,0,0,0,0,0,0,0,0,0,0
167,AgentA wins,20.00,0,0,0,0,0,0,0,0,0,0
168,AgentA wins,17.67,0,0,0,0,0,0,0,0,0,0
169,AgentB wins,19.33,0,0,0,0,0,0,0,0,0,0
170,AgentA wins,17.67,0,0,0,0,0,0,0,0,0,0
161,AgentA wins,19.67,0,0,0,0,0,0,0,0,0,0
162,AgentA wins,18.00,0,0,0,0,0,0,0,0,0,0
163,AgentA wins,19.67,0,0,0,0,0,0,0,0,0,0
164,AgentA wins,18.00,0,0,0,0,0,0,0,0,0,0
165,AgentA wins,19.67,0,0,0,0,0,0,0,0,0,0
166,AgentA wins,17.67,0,0,0,0,0,0,0,0,0,0
167,AgentA wins,17.67,0,0,0,0,0,0,0,0,0,0
168,AgentB wins,14.00,0,0,0,0,0,0,0,0,0,0
169,AgentA wins,25.00,0,0,0,0,0,0,0,0,0,0
170,AgentA wins,19.67,0,0,0,0,0,0,0,0,0,0
161,AgentA wins,17.33,0,0,0,0,0,0,0,0,0,0
162,AgentA wins,17.67,0,0,0,0,0,0,0,0,0,0
163,AgentA wins,18.00,0,0,0,0,0,0,0,0,0,0
164,AgentA wins,17.67,0,0,0,0,0,0,0,0,0,0
165,AgentA wins,19.67,0,0,0,0,0,0,0,0,0,0
166,AgentA wins,18.00,0,0,0,0,0,0,0,0,0,0
167,AgentA wins,17.67,0,0,0,0,0,0,0,0,0,0
168,AgentA wins,19.67,0,0,0,0,0,0,0,0,0,0
169,AgentA wins,25.00,0,0,0,0,0,0,0,0,0,0
170,AgentA wins,25.00,0,0,0,0,0,0,0,0,0,0
161,AgentA wins,18.00,0,0,0,0,0,0,0,0,0,0
162,AgentA wins,17.33,0,0,0,0,0,0,0,0,0,0
163,AgentA wins,19.67,0,0,0,0,0,0,0,0,0,0
164,AgentA wins,17.67,0,0,0,0,0,0,0,0,0,0
165,AgentA wins,17.67,0,0,0,0,0,0,0,0,0,0
166,AgentA wins,17.67,0,0,0,0,0,0,0,0,0,0
167,AgentA wins,19.67,0,0,0,0,0,0,0,0,0,0
168,AgentA wins,22.67,0,0,0,0,0,0,0,0,0,0
169,AgentA wins,18.00,0,0,0,0,0,0,0,0,0,0
170,AgentA wins,17.67,0,0,0,0,0,0,0,0,0,0
161,AgentA wins,17.67,0,0,0,0,0,0,0,0,0,0
162,AgentA wins,25.00,0,0,0,0,0,0,0,0,0,0
163,AgentA wins,17.67,0,0,0,0,0,0,0,0,0,0
164,AgentA wins,19.67,0,0,0,0,0,0,0,0,0,0
165,AgentA wins,22.33,0,0,0,0,0,0,0,0,0,0
166,AgentA wins,17.67,0,0,0,0,0,0,0,0,0,0
167,AgentA wins,19.67,0,0,0,0,0,0,0,0,0,0
168,AgentA wins,20.00,0,0,0,0,0,0,0,0,0,0
169,AgentA wins,19.67,0,0,0,0,0,0,0,0,0,0
170,AgentA wins,19.67,0,0,0,0,0,0,0,0,0,0
131,AgentA wins,18.00,0,0,0,0,0,0,0,0,0,0
132,AgentA wins,26.33,0,0,0,0,0,0,0,0,0,0
133,AgentA wins,18.00,0,0,0,0,0,0,0,0,0,0
134,AgentA wins,18.67,0,0,0,0,0,0,0,0,0,0
135,AgentA wins,23.67,0,0,0,0,0,0,0,0,0,0
136,AgentA wins,17.33,0,0,0,0,0,0,0,0,0,0
137,AgentA wins,26.67,0,0,0,0,0,0,0,0,0,0
138,AgentA wins,23.67,0,0,0,0,0,0,0,0,0,0
139,AgentB wins,53.33,0,0,0,0,0,0,0,0,0,0
140,AgentA wins,34.00,0,0,0,0,0,0,0,0,0,0
131,AgentA wins,25.67,0,0,0,0,0,0,0,0,0,0
132,AgentA wins,27.00,0,0,0,0,0,0,0,0,0,0
133,AgentA wins,31.67,0,0,0,0,0,0,0,0,0,0
134,AgentA wins,30.33,0,0,0,0,0,0,0,0,0,0
135,AgentA wins,33.00,0,0,0,0,0,0,0,0,0,0
136,AgentA wins,33.67,0,0,0,0,0,0,0,0,0,0
137,AgentA wins,18.67,0,0,0,0,0,0,0,0,0,0
138,AgentA wins,29.33,0,0,0,0,0,0,0,0,0,0
139,AgentA wins,18.00,0,0,0,0,0,0,0,0,0,0
140,AgentA wins,17.33,0,0,0,0,0,0,0,0,0,0
161,AgentA wins,20.67,0,0,0,0,0,0,0,0,0,0
162,AgentA wins,15.67,0,0,0,0,0,0,0,0,0,0
163,AgentA wins,17.33,0,0,0,0,0,0,0,0,0,0
164,AgentA wins,17.33,0,0,0,0,0,0,0,0,0,0
165,AgentA wins,22.33,0,0,0,0,0,0,0,0,0,0
166,AgentA wins,17.67,0,0,0,0,0,0,0,0,0,0
167,AgentA wins,18.00,0,0,0,0,0,0,0,0,0,0
168,AgentA wins,19.67,0,0,0,0,0,0,0,0,0,0
169,AgentA wins,18.00,0,0,0,0,0,0,0,0,0,0
170,AgentA wins,25.00,0,0,0,0,0,0,0,0,0,0
161,AgentA wins,17.67,0,0,0,0,0,0,0,0,0,0
162,AgentA wins,17.67,0,0,0,0,0,0,0,0,0,0
163,AgentA wins,17.33,0,0,0,0,0,0,0,0,0,0
164,AgentA wins,19.67,0,0,0,0,0,0,0,0,0,0
165,AgentA wins,18.00,0,0,0,0,0,0,0,0,0,0
166,AgentA wins,22.33,0,0,0,0,0,0,0,0,0,0
167,AgentA wins,20.00,0,0,0,0,0,0,0,0,0,0
168,AgentA wins,19.67,0,0,0,0,0,0,0,0,0,0
169,AgentA wins,20.33,0,0,0,0,0,0,0,0,0,0
170,AgentA wins,17.67,0,0,0,0,0,0,0,0,0,0
161,AgentA wins,17.67,0,0,0,0,0,0,0,0,0,0
162,AgentA wins,19.67,0,0,0,0,0,0,0,0,0,0
163,AgentA wins,17.33,0,0,0,0,0,0,0,0,0,0
164,AgentA wins,19.67,0,0,0,0,0,0,0,0,0,0
165,AgentA wins,18.00,0,0,0,0,0,0,0,0,0,0
166,AgentA wins,19.67,0,0,0,0,0,0,0,0,0,0
167,AgentA wins,18.00,0,0,0,0,0,0,0,0,0,0
168,AgentA wins,20.00,0,0,0,0,0,0,0,0,0,0
169,AgentA wins,22.33,0,0,0,0,0,0,0,0,0,0
170,AgentA wins,25.00,0,0,0,0,0,0,0,0,0,0
161,AgentA wins,22.67,0,0,0,0,0,0,0,0,0,0
162,AgentA wins,17.67,0,0,0,0,0,0,0,0,0,0
163,AgentA wins,17.67,0,0,0,0,0,0,0,0,0,0
164,AgentA wins,17.67,0,0,0,0,0,0,0,0,0,0
165,AgentB wins,17.67,0,0,0,0,0,0,0,0,0,0
166,AgentA wins,17.67,0,0,0,0,0,0,0,0,0,0
167,AgentA wins,17.67,0,0,0,0,0,0,0,0,0,0
168,AgentA wins,15.00,0,0,0,0,0,0,0,0,0,0
169,AgentA wins,19.67,0,0,0,0,0,0,0,0,0,0
170,AgentA wins,25.33,0,0,0,0,0,0,0,0,0,0
161,AgentA wins,19.67,0,0,0,0,0,0,0,0,0,0
162,AgentA wins,20.00,0,0,0,0,0,0,0,0,0,0
163,AgentA wins,17.67,0,0,0,0,0,0,0,0,0,0
164,AgentA wins,17.67,0,0,0,0,0,0,0,0,0,0
165,AgentA wins,19.67,0,0,0,0,0,0,0,0,0,0
166,AgentA wins,17.67,0,0,0,0,0,0,0,0,0,0
167,AgentA wins,19.67,0,0,0,0,0,0,0,0,0,0
168,AgentA wins,25.00,0,0,0,0,0,0,0,0,0,0
169,AgentA wins,19.67,0,0,0,0,0,0,0,0,0,0
170,AgentA wins,19.67,0,0,0,0,0,0,0,0,0,0
161,AgentA wins,15.67,0,0,0,0,0,0,0,0,0,0
162,AgentA wins,22.33,0,0,0,0,0,0,0,0,0,0
163,AgentA wins,28.00,0,0,0,0,0,0,0,0,0,0
164,AgentA wins,17.67,0,0,0,0,0,0,0,0,0,0
165,AgentA wins,19.67,0,0,0,0,0,0,0,0,0,0
166,AgentA wins,17.33,0,0,0,0,0,0,0,0,0,0
167,AgentA wins,18.00,0,0,0,0,0,0,0,0,0,0
168,AgentA wins,19.67,0,0,0,0,0,0,0,0,0,0
169,AgentB wins,22.33,0,0,0,0,0,0,0,0,0,0
170,AgentA wins,18.00,0,0,0,0,0,0,0,0,0,0
131,AgentA wins,18.67,0,0,0,0,0,0,0,0,0,0
132,AgentA wins,21.67,0,0,0,0,0,0,0,0,0,0
133,AgentA wins,21.67,0,0,0,0,0,0,0,0,0,0
134,AgentA wins,18.00,0,0,0,0,0,0,0,0,0,0
135,AgentA wins,15.67,0,0,0,0,0,0,0,0,0,0
136,AgentA wins,17.33,0,0,0,0,0,0,0,0,0,0
137,AgentA wins,32.33,0,0,0,0,0,0,0,0,0,0
138,AgentA wins,32.00,0,0,0,0,0,0,0,0,0,0
139,AgentA wins,35.33,0,0,0,0,0,0,0,0,0,0
140,AgentB wins,15.67,0,0,0,0,0,0,0,0,0,0
161,AgentA wins,19.67,0,0,0,0,0,0,0,0,0,0
162,AgentA wins,19.67,0,0,0,0,0,0,0,0,0,0
163,AgentA wins,22.67,0,0,0,0,0,0,0,0,0,0
164,AgentA wins,15.00,0,0,0,0,0,0,0,0,0,0
165,AgentA wins,17.33,0,0,0,0,0,0,0,0,0,0
166,AgentA wins,19.67,0,0,0,0,0,0,0,0,0,0
167,AgentA wins,23.33,0,0,0,0,0,0,0,0,0,0
168,AgentA wins,25.67,0,0,0,0,0,0,0,0,0,0
169,AgentA wins,17.33,0,0,0,0,0,0,0,0,0,0
170,AgentA wins,25.33,0,0,0,0,0,0,0,0,0,0
141,AgentA wins,24.67,216,224,0,137,0,176,0,31,37,33
142,AgentA wins,34.33,304,313,0,187,0,242,0,39,49,60
143,AgentA wins,18.00,156,165,0,102,0,130,0,19,20,39
144,AgentA wins,27.00,242,243,0,130,0,189,0,33,56,41
145,AgentA wins,17.33,153,152,0,87,0,128,0,20,28,31
146,AgentA wins,18.00,163,162,0,87,0,138,0,19,47,20
147,AgentA wins,23.67,207,214,0,117,0,175,0,24,43,42
148,AgentB wins,24.33,218,220,0,118,0,181,0,25,47,29
149,AgentA wins,18.00,165,161,0,100,0,131,0,21,28,30
150,AgentA wins,35.00,310,312,0,172,0,236,0,39,51,67
131,AgentA wins,28.33,0,0,0,0,0,0,0,0,0,0
132,AgentA wins,18.00,0,0,0,0,0,0,0,0,0,0
133,AgentA wins,42.67,0,0,0,0,0,0,0,0,0,0
134,AgentA wins,24.67,0,0,0,0,0,0,0,0,0,0
135,AgentB wins,22.00,0,0,0,0,0,0,0,0,0,0
136,AgentA wins,27.33,0,0,0,0,0,0,0,0,0,0
137,AgentB wins,17.00,0,0,0,0,0,0,0,0,0,0
138,timeout draw,60.00,0,0,0,0,0,0,0,0,0,0
139,AgentA wins,47.33,0,0,0,0,0,0,0,0,0,0
140,AgentA wins,17.33,0,0,0,0,0,0,0,0,0,0
171,AgentA wins,19.67,0,0,0,0,0,0,0,0,0,0
172,AgentB wins,19.33,0,0,0,0,0,0,0,0,0,0
173,AgentA wins,17.67,0,0,0,0,0,0,0,0,0,0
174,AgentA wins,17.00,0,0,0,0,0,0,0,0,0,0
175,AgentA wins,19.67,0,0,0,0,0,0,0,0,0,0
176,AgentA wins,20.00,0,0,0,0,0,0,0,0,0,0
177,AgentA wins,15.00,0,0,0,0,0,0,0,0,0,0
178,AgentA wins,20.00,0,0,0,0,0,0,0,0,0,0
179,AgentA wins,18.00,0,0,0,0,0,0,0,0,0,0
180,AgentA wins,19.67,0,0,0,0,0,0,0,0,0,0
171,AgentA wins,17.67,0,0,0,0,0,0,0,0,0,0
172,AgentA wins,20.00,0,0,0,0,0,0,0,0,0,0
173,AgentA wins,17.67,0,0,0,0,0,0,0,0,0,0
174,AgentA wins,18.00,0,0,0,0,0,0,0,0,0,0
175,AgentA wins,15.00,0,0,0,0,0,0,0,0,0,0
176,AgentA wins,18.00,0,0,0,0,0,0,0,0,0,0
177,AgentA wins,20.00,0,0,0,0,0,0,0,0,0,0
178,AgentA wins,18.00,0,0,0,0,0,0,0,0,0,0
179,AgentA wins,18.00,0,0,0,0,0,0,0,0,0,0
180,AgentA wins,19.67,0,0,0,0,0,0,0,0,0,0
141,AgentA wins,27.67,0,0,0,0,0,0,0,0,0,0
142,AgentA wins,17.33,0,0,0,0,0,0,0,0,0,0
143,AgentA wins,17.33,0,0,0,0,0,0,0,0,0,0
144,AgentA wins,27.67,0,0,0,0,0,0,0,0,0,0
145,AgentA wins,18.33,0,0,0,0,0,0,0,0,0,0
146,AgentA wins,18.00,0,0,0,0,0,0,0,0,0,0
147,AgentA wins,18.00,0,0,0,0,0,0,0,0,0,0
148,AgentA wins,27.00,0,0,0,0,0,0,0,0,0,0
149,AgentA wins,31.33,0,0,0,0,0,0,0,0,0,0
150,AgentB wins,29.00,0,0,0,0,0,0,0,0,0,0
171,AgentA wins,19.67,0,0,0,0,0,0,0,0,0,0
172,AgentA wins,18.00,0,0,0,0,0,0,0,0,0,0
173,AgentA wins,19.67,0,0,0,0,0,0,0,0,0,0
174,AgentA wins,19.67,0,0,0,0,0,0,0,0,0,0
175,AgentA wins,25.00,0,0,0,0,0,0,0,0,0,0
176,AgentA wins,18.00,0,0,0,0,0,0,0,0,0,0
177,AgentA wins,20.00,0,0,0,0,0,0,0,0,0,0
178,AgentA wins,20.00,0,0,0,0,0,0,0,0,0,0
179,AgentA wins,22.33,0,0,0,0,0,0,0,0,0,0
180,AgentA wins,22.33,0,0,0,0,0,0,0,0,0,0
141,AgentA wins,18.00,0,0,0,0,0,0,0,0,0,0
142,AgentA wins,15.00,0,0,0,0,0,0,0,0,0,0
143,AgentB wins,41.33,0,0,0,0,0,0,0,0,0,0
144,AgentA wins,43.67,0,0,0,0,0,0,0,0,0,0
145,AgentA wins,18.00,0,0,0,0,0,0,0,0,0,0
146,AgentB wins,34.00,0,0,0,0,0,0,0,0,0,0
147,AgentA wins,39.33,0,0,0,0,0,0,0,0,0,0
148,AgentA wins,24.33,0,0,0,0,0,0,0,0,0,0
149,AgentA wins,24.33,0,0,0,0,0,0,0,0,0,0
150,AgentA wins,18.00,0,0,0,0,0,0,0,0,0,0
171,AgentA wins,17.67,0,0,0,0,0,0,0,0,0,0
172,AgentA wins,19.67,0,0,0,0,0,0,0,0,0,0
173,AgentA wins,25.00,0,0,0,0,0,0,0,0,0,0
174,AgentA wins,15.00,0,0,0,0,0,0,0,0,0,0
175,AgentA wins,15.00,0,0,0,0,0,0,0,0,0,0
176,AgentA wins,17.67,0,0,0,0,0,0,0,0,0,0
177,AgentA wins,22.67,0,0,0,0,0,0,0,0,0,0
178,AgentA wins,22.33,0,0,0,0,0,0,0,0,0,0
179,AgentA wins,18.00,0,0,0,0,0,0,0,0,0,0
180,AgentA wins,18.00,0,0,0,0,0,0,0,0,0,0
171,AgentA wins,19.67,0,0,0,0,0,0,0,0,0,0
172,AgentA wins,25.00,0,0,0,0,0,0,0,0,0,0
173,AgentA wins,18.00,0,0,0,0,0,0,0,0,0,0
174,AgentA wins,23.33,0,0,0,0,0,0,0,0,0,0
175,AgentA wins,22.33,0,0,0,0,0,0,0,0,0,0
176,AgentA wins,20.00,0,0,0,0,0,0,0,0,0,0
177,AgentA wins,22.33,0,0,0,0,0,0,0,0,0,0
178,AgentA wins,17.00,0,0,0,0,0,0,0,0,0,0
179,AgentA wins,20.00,0,0,0,0,0,0,0,0,0,0
180,AgentA wins,18.00,0,0,0,0,0,0,0,0,0,0
171,AgentA wins,17.33,0,0,0,0,0,0,0,0,0,0
172,AgentA wins,20.00,0,0,0,0,0,0,0,0,0,0
173,AgentA wins,19.67,0,0,0,0,0,0,0,0,0,0
174,AgentA wins,20.00,0,0,0,0,0,0,0,0,0,0
175,AgentA wins,19.67,0,0,0,0,0,0,0,0,0,0
176,AgentB wins,19.33,0,0,0,0,0,0,0,0,0,0
177,AgentA wins,20.00,0,0,0,0,0,0,0,0,0,0
178,AgentA wins,17.67,0,0,0,0,0,0,0,0,0,0
179,AgentA wins,25.00,0,0,0,0,0,0,0,0,0,0
180,AgentA wins,17.67,0,0,0,0,0,0,0,0,0,0
171,AgentA wins,25.00,0,0,0,0,0,0,0,0,0,0
172,AgentA wins,17.33,0,0,0,0,0,0,0,0,0,0
173,AgentA wins,25.00,0,0,0,0,0,0,0,0,0,0
174,AgentA wins,17.67,0,0,0,0,0,0,0,0,0,0
175,AgentA wins,19.67,0,0,0,0,0,0,0,0,0,0
176,AgentA wins,18.00,0,0,0,0,0,0,0,0,0,0
177,AgentA wins,19.67,0,0,0,0,0,0,0,0,0,0
178,AgentA wins,22.33,0,0,0,0,0,0,0,0,0,0
179,AgentA wins,19.67,0,0,0,0,0,0,0,0,0,0
180,AgentA wins,22.33,0,0,0,0,0,0,0,0,0,0
171,AgentA wins,17.67,0,0,0,0,0,0,0,0,0,0
172,AgentA wins,19.67,0,0,0,0,0,0,0,0,0,0
173,AgentA wins,22.33,0,0,0,0,0,0,0,0,0,0
174,AgentA wins,17.00,0,0,0,0,0,0,0,0,0,0
175,AgentA wins,19.67,0,0,0,0,0,0,0,0,0,0
176,AgentA wins,19.67,0,0,0,0,0,0,0,0,0,0
177,AgentA wins,19.67,0,0,0,0,0,0,0,0,0,0
178,AgentA wins,20.00,0,0,0,0,0,0,0,0,0,0
179,AgentA wins,19.67,0,0,0,0,0,0,0,0,0,0
180,AgentA wins,20.00,0,0,0,0,0,0,0,0,0,0
171,AgentB wins,14.00,0,0,0,0,0,0,0,0,0,0
172,AgentA wins,20.00,0,0,0,0,0,0,0,0,0,0
173,AgentA wins,18.00,0,0,0,0,0,0,0,0,0,0
174,AgentA wins,20.00,0,0,0,0,0,0,0,0,0,0
175,AgentA wins,18.00,0,0,0,0,0,0,0,0,0,0
176,AgentA wins,18.00,0,0,0,0,0,0,0,0,0,0
177,AgentA wins,22.33,0,0,0,0,0,0,0,0,0,0
178,AgentA wins,18.00,0,0,0,0,0,0,0,0,0,0
179,AgentA wins,22.33,0,0,0,0,0,0,0,0,0,0
180,AgentA wins,19.67,0,0,0,0,0,0,0,0,0,0
141,AgentB wins,36.67,0,0,0,0,0,0,0,0,0,0
142,AgentB wins,28.00,0,0,0,0,0,0,0,0,0,0
143,AgentB wins,28.33,0,0,0,0,0,0,0,0,0,0
144,AgentB wins,31.33,0,0,0,0,0,0,0,0,0,0
145,AgentB wins,25.33,0,0,0,0,0,0,0,0,0,0
146,AgentA wins,28.67,0,0,0,0,0,0,0,0,0,0
147,timeout draw,60.00,0,0,0,0,0,0,0,0,0,0
148,AgentA wins,32.33,0,0,0,0,0,0,0,0,0,0
149,AgentA wins,41.00,0,0,0,0,0,0,0,0,0,0
150,AgentA wins,15.00,0,0,0,0,0,0,0,0,0,0
171,AgentA wins,18.00,0,0,0,0,0,0,0,0,0,0
172,AgentA wins,20.00,0,0,0,0,0,0,0,0,0,0
173,AgentA wins,19.67,0,0,0,0,0,0,0,0,0,0
174,AgentA wins,19.67,0,0,0,0,0,0,0,0,0,0
175,AgentA wins,20.00,0,0,0,0,0,0,0,0,0,0
176,AgentA wins,20.00,0,0,0,0,0,0,0,0,0,0
177,AgentA wins,20.00,0,0,0,0,0,0,0,0,0,0
178,AgentA wins,25.00,0,0,0,0,0,0,0,0,0,0
179,AgentA wins,17.67,0,0,0,0,0,0,0,0,0,0
180,AgentA wins,19.67,0,0,0,0,0,0,0,0,0,0
141,AgentA wins,17.33,0,0,0,0,0,0,0,0,0,0
142,AgentA wins,18.67,0,0,0,0,0,0,0,0,0,0
143,AgentA wins,18.67,0,0,0,0,0,0,0,0,0,0
144,AgentA wins,17.33,0,0,0,0,0,0,0,0,0,0
145,AgentB wins,31.00,0,0,0,0,0,0,0,0,0,0
146,AgentA wins,20.67,0,0,0,0,0,0,0,0,0,0
147,AgentA wins,29.33,0,0,0,0,0,0,0,0,0,0
148,AgentA wins,24.33,0,0,0,0,0,0,0,0,0,0
149,timeout draw,60.00,0,0,0,0,0,0,0,0,0,0
150,AgentA wins,18.00,0,0,0,0,0,0,0,0,0,0
141,AgentA wins,17.33,0,0,0,0,0,0,0,0,0,0
142,AgentA wins,24.33,0,0,0,0,0,0,0,0,0,0
143,AgentA wins,46.33,0,0,0,0,0,0,0,0,0,0
144,AgentA wins,24.67,0,0,0,0,0,0,0,0,0,0
145,AgentA wins,18.00,0,0,0,0,0,0,0,0,0,0
146,AgentA wins,36.67,0,0,0,0,0,0,0,0,0,0
147,AgentA wins,29.00,0,0,0,0,0,0,0,0,0,0
148,AgentA wins,29.67,0,0,0,0,0,0,0,0,0,0
149,AgentA wins,29.33,0,0,0,0,0,0,0,0,0,0
150,AgentA wins,32.33,0,0,0,0,0,0,0,0,0,0
171,AgentA wins,22.33,0,0,0,0,0,0,0,0,0,0
172,AgentA wins,20.00,0,0,0,0,0,0,0,0,0,0
173,AgentA wins,18.00,0,0,0,0,0,0,0,0,0,0
174,AgentA wins,18.00,0,0,0,0,0,0,0,0,0,0
175,AgentA wins,19.67,0,0,0,0,0,0,0,0,0,0
176,AgentA wins,17.67,0,0,0,0,0,0,0,0,0,0
177,AgentA wins,19.67,0,0,0,0,0,0,0,0,0,0
178,AgentA wins,20.00,0,0,0,0,0,0,0,0,0,0
179,AgentA wins,20.00,0,0,0,0,0,0,0,0,0,0
180,AgentA wins,22.33,0,0,0,0,0,0,0,0,0,0
171,AgentA wins,17.33,0,0,0,0,0,0,0,0,0,0
172,AgentA wins,19.67,0,0,0,0,0,0,0,0,0,0
173,AgentA wins,20.00,0,0,0,0,0,0,0,0,0,0
174,AgentA wins,19.67,0,0,0,0,0,0,0,0,0,0
175,AgentA wins,18.00,0,0,0,0,0,0,0,0,0,0
176,AgentA wins,25.00,0,0,0,0,0,0,0,0,0,0
177,AgentA wins,20.00,0,0,0,0,0,0,0,0,0,0
178,AgentA wins,17.67,0,0,0,0,0,0,0,0,0,0
179,AgentA wins,15.00,0,0,0,0,0,0,0,0,0,0
180,AgentA wins,18.00,0,0,0,0,0,0,0,0,0,0
171,AgentA wins,17.67,0,0,0,0,0,0,0,0,0,0
172,AgentA wins,19.67,0,0,0,0,0,0,0,0,0,0
173,AgentA wins,20.00,0,0,0,0,0,0,0,0,0,0
174,AgentA wins,15.00,0,0,0,0,0,0,0,0,0,0
175,AgentA wins,18.00,0,0,0,0,0,0,0,0,0,0
176,AgentA wins,19.67,0,0,0,0,0,0,0,0,0,0
177,AgentA wins,18.00,0,0,0,0,0,0,0,0,0,0
178,AgentA wins,20.00,0,0,0,0,0,0,0,0,0,0
179,AgentA wins,18.00,0,0,0,0,0,0,0,0,0,0
180,AgentA wins,15.00,0,0,0,0,0,0,0,0,0,0
171,AgentA wins,20.00,0,0,0,0,0,0,0,0,0,0
172,AgentA wins,22.33,0,0,0,0,0,0,0,0,0,0
173,AgentA wins,18.00,0,0,0,0,0,0,0,0,0,0
174,AgentA wins,20.00,0,0,0,0,0,0,0,0,0,0
175,AgentA wins,25.00,0,0,0,0,0,0,0,0,0,0
176,AgentA wins,20.00,0,0,0,0,0,0,0,0,0,0
177,AgentA wins,18.00,0,0,0,0,0,0,0,0,0,0
178,AgentA wins,18.00,0,0,0,0,0,0,0,0,0,0
179,AgentA wins,18.00,0,0,0,0,0,0,0,0,0,0
180,AgentA wins,18.00,0,0,0,0,0,0,0,0,0,0
171,AgentA wins,17.00,0,0,0,0,0,0,0,0,0,0
172,AgentA wins,19.67,0,0,0,0,0,0,0,0,0,0
173,AgentA wins,25.00,0,0,0,0,0,0,0,0,0,0
174,AgentA wins,25.67,0,0,0,0,0,0,0,0,0,0
175,AgentA wins,19.67,0,0,0,0,0,0,0,0,0,0
176,AgentA wins,25.00,0,0,0,0,0,0,0,0,0,0
177,AgentA wins,20.00,0,0,0,0,0,0,0,0,0,0
178,AgentA wins,19.67,0,0,0,0,0,0,0,0,0,0
179,AgentA wins,18.00,0,0,0,0,0,0,0,0,0,0
180,AgentA wins,23.33,0,0,0,0,0,0,0,0,0,0
141,AgentA wins,18.00,0,0,0,0,0,0,0,0,0,0
142,AgentA wins,31.00,0,0,0,0,0,0,0,0,0,0
143,AgentA wins,17.33,0,0,0,0,0,0,0,0,0,0
144,AgentA wins,27.33,0,0,0,0,0,0,0,0,0,0
145,AgentA wins,35.33,0,0,0,0,0,0,0,0,0,0
146,AgentA wins,18.00,0,0,0,0,0,0,0,0,0,0
147,AgentA wins,23.67,0,0,0,0,0,0,0,0,0,0
148,AgentA wins,20.67,0,0,0,0,0,0,0,0,0,0
149,AgentB wins,17.00,0,0,0,0,0,0,0,0,0,0
150,AgentB wins,28.33,0,0,0,0,0,0,0,0,0,0
141,AgentA wins,31.33,0,0,0,0,0,0,0,0,0,0
142,AgentA wins,15.67,0,0,0,0,0,0,0,0,0,0
143,timeout draw,60.00,0,0,0,0,0,0,0,0,0,0
144,AgentA wins,18.00,0,0,0,0,0,0,0,0,0,0
145,AgentA wins,29.00,0,0,0,0,0,0,0,0,0,0
146,AgentA wins,15.67,0,0,0,0,0,0,0,0,0,0
147,AgentA wins,18.00,0,0,0,0,0,0,0,0,0,0
148,AgentA wins,18.00,0,0,0,0,0,0,0,0,0,0
149,AgentA wins,18.00,0,0,0,0,0,0,0,0,0,0
150,AgentA wins,32.33,0,0,0,0,0,0,0,0,0,0
141,AgentA wins,18.33,0,0,0,0,0,0,0,0,0,0
142,AgentA wins,30.33,0,0,0,0,0,0,0,0,0,0
143,AgentA wins,33.67,0,0,0,0,0,0,0,0,0,0
144,AgentA wins,29.00,0,0,0,0,0,0,0,0,0,0
145,AgentA wins,23.00,0,0,0,0,0,0,0,0,0,0
146,AgentA wins,29.33,0,0,0,0,0,0,0,0,0,0
147,AgentA wins,33.00,0,0,0,0,0,0,0,0,0,0
148,AgentA wins,18.00,0,0,0,0,0,0,0,0,0,0
149,AgentA wins,15.00,0,0,0,0,0,0,0,0,0,0
150,AgentA wins,15.00,0,0,0,0,0,0,0,0,0,0
181,AgentA wins,18.00,0,0,0,0,0,0,0,0,0,0
182,AgentA wins,18.00,0,0,0,0,0,0,0,0,0,0
183,AgentA wins,19.67,0,0,0,0,0,0,0,0,0,0
184,AgentA wins,18.00,0,0,0,0,0,0,0,0,0,0
185,AgentA wins,20.00,0,0,0,0,0,0,0,0,0,0
186,AgentA wins,19.67,0,0,0,0,0,0,0,0,0,0
187,AgentA wins,15.00,0,0,0,0,0,0,0,0,0,0
188,AgentA wins,20.00,0,0,0,0,0,0,0,0,0,0
189,AgentA wins,19.67,0,0,0,0,0,0,0,0,0,0
190,AgentA wins,15.00,0,0,0,0,0,0,0,0,0,0
181,AgentB wins,19.33,0,0,0,0,0,0,0,0,0,0
182,AgentA wins,15.00,0,0,0,0,0,0,0,0,0,0
183,AgentA wins,15.00,0,0,0,0,0,0,0,0,0,0
184,AgentA wins,18.00,0,0,0,0,0,0,0,0,0,0
185,AgentA wins,20.00,0,0,0,0,0,0,0,0,0,0
186,AgentA wins,17.00,0,0,0,0,0,0,0,0,0,0
187,AgentA wins,22.33,0,0,0,0,0,0,0,0,0,0
188,AgentA wins,19.67,0,0,0,0,0,0,0,0,0,0
189,AgentA wins,19.67,0,0,0,0,0,0,0,0,0,0
190,AgentA wins,19.67,0,0,0,0,0,0,0,0,0,0
151,AgentA wins,18.33,166,163,0,92,0,131,0,18,27,36
152,AgentA wins,41.00,370,371,0,197,0,298,0,38,76,61
153,AgentA wins,36.00,324,320,0,179,0,256,0,32,56,64
154,AgentA wins,24.00,214,214,0,133,0,162,0,30,25,72
155,AgentA wins,35.33,316,313,0,190,0,249,0,35,39,83
156,AgentA wins,18.00,169,164,0,100,0,134,0,23,26,38
157,AgentA wins,33.00,303,297,0,173,0,237,0,33,47,63
158,AgentA wins,15.00,135,133,0,83,0,113,0,18,24,27
159,AgentA wins,29.67,268,270,0,157,0,219,0,28,45,52
160,AgentA wins,27.00,242,244,0,143,0,198,0,32,31,62
141,AgentB wins,30.33,0,0,0,0,0,0,0,0,0,0
142,AgentA wins,18.00,0,0,0,0,0,0,0,0,0,0
143,AgentB wins,19.67,0,0,0,0,0,0,0,0,0,0
144,AgentA wins,27.00,0,0,0,0,0,0,0,0,0,0
145,AgentA wins,15.67,0,0,0,0,0,0,0,0,0,0
146,AgentA wins,37.67,0,0,0,0,0,0,0,0,0,0
147,AgentA wins,24.00,0,0,0,0,0,0,0,0,0,0
148,AgentA wins,40.67,0,0,0,0,0,0,0,0,0,0
149,AgentA wins,15.00,0,0,0,0,0,0,0,0,0,0
150,AgentA wins,38.00,0,0,0,0,0,0,0,0,0,0
181,AgentA wins,18.00,0,0,0,0,0,0,0,0,0,0
182,AgentA wins,18.00,0,0,0,0,0,0,0,0,0,0
183,AgentA wins,20.00,0,0,0,0,0,0,0,0,0,0
184,AgentA wins,19.67,0,0,0,0,0,0,0,0,0,0
185,AgentA wins,15.00,0,0,0,0,0,0,0,0,0,0
186,AgentA wins,17.00,0,0,0,0,0,0,0,0,0,0
187,AgentA wins,17.00,0,0,0,0,0,0,0,0,0,0
188,AgentA wins,15.00,0,0,0,0,0,0,0,0,0,0
189,AgentA wins,19.67,0,0,0,0,0,0,0,0,0,0
190,AgentA wins,20.00,0,0,0,0,0,0,0,0,0,0
181,AgentA wins,18.00,0,0,0,0,0,0,0,0,0,0
182,AgentA wins,18.00,0,0,0,0,0,0,0,0,0,0
183,AgentA wins,20.00,0,0,0,0,0,0,0,0,0,0
184,AgentA wins,18.00,0,0,0,0,0,0,0,0,0,0
185,AgentA wins,15.00,0,0,0,0,0,0,0,0,0,0
186,AgentA wins,15.00,0,0,0,0,0,0,0,0,0,0
187,AgentA wins,22.33,0,0,0,0,0,0,0,0,0,0
188,AgentA wins,19.67,0,0,0,0,0,0,0,0,0,0
189,AgentA wins,19.67,0,0,0,0,0,0,0,0,0,0
190,AgentA wins,15.00,0,0,0,0,0,0,0,0,0,0
181,AgentA wins,19.67,0,0,0,0,0,0,0,0,0,0
182,AgentA wins,25.00,0,0,0,0,0,0,0,0,0,0
183,AgentA wins,18.00,0,0,0,0,0,0,0,0,0,0
184,AgentA wins,22.33,0,0,0,0,0,0,0,0,0,0
185,AgentA wins,18.00,0,0,0,0,0,0,0,0,0,0
186,AgentA wins,20.00,0,0,0,0,0,0,0,0,0,0
187,AgentA wins,19.67,0,0,0,0,0,0,0,0,0,0
188,AgentA wins,18.00,0,0,0,0,0,0,0,0,0,0
189,AgentA wins,15.00,0,0,0,0,0,0,0,0,0,0
190,AgentA wins,20.00,0,0,0,0,0,0,0,0,0,0
181,AgentA wins,20.00,0,0,0,0,0,0,0,0,0,0
182,AgentA wins,18.00,0,0,0,0,0,0,0,0,0,0
183,AgentA wins,15.00,0,0,0,0,0,0,0,0,0,0
184,AgentA wins,15.00,0,0,0,0,0,0,0,0,0,0
185,AgentA wins,25.00,0,0,0,0,0,0,0,0,0,0
186,AgentA wins,22.33,0,0,0,0,0,0,0,0,0,0
187,AgentA wins,15.00,0,0,0,0,0,0,0,0,0,0
188,AgentA wins,20.00,0,0,0,0,0,0,0,0,0,0
189,AgentA wins,19.67,0,0,0,0,0,0,0,0,0,0
190,AgentA wins,18.00,0,0,0,0,0,0,0,0,0,0
181,AgentA wins,18.00,0,0,0,0,0,0,0,0,0,0
182,AgentA wins,18.00,0,0,0,0,0,0,0,0,0,0
183,AgentA wins,20.00,0,0,0,0,0,0,0,0,0,0
184,AgentA wins,20.00,0,0,0,0,0,0,0,0,0,0
185,AgentA wins,15.00,0,0,0,0,0,0,0,0,0,0
186,AgentA wins,20.00,0,0,0,0,0,0,0,0,0,0
187,AgentA wins,19.67,0,0,0,0,0,0,0,0,0,0
188,AgentA wins,15.00,0,0,0,0,0,0,0,0,0,0
189,AgentA wins,18.00,0,0,0,0,0,0,0,0,0,0
190,AgentA wins,22.33,0,0,0,0,0,0,0,0,0,0
181,AgentA wins,18.00,0,0,0,0,0,0,0,0,0,0
182,AgentA wins,15.00,0,0,0,0,0,0,0,0,0,0
183,AgentA wins,19.67,0,0,0,0,0,0,0,0,0,0
184,AgentA wins,15.00,0,0,0,0,0,0,0,0,0,0
185,AgentA wins,22.33,0,0,0,0,0,0,0,0,0,0
186,AgentA wins,25.00,0,0,0,0,0,0,0,0,0,0
187,AgentA wins,19.67,0,0,0,0,0,0,0,0,0,0
188,AgentA wins,20.00,0,0,0,0,0,0,0,0,0,0
189,AgentA wins,20.00,0,0,0,0,0,0,0,0,0,0
190,AgentA wins,19.67,0,0,0,0,0,0,0,0,0,0
181,AgentA wins,18.00,0,0,0,0,0,0,0,0,0,0
182,AgentA wins,20.00,0,0,0,0,0,0,0,0,0,0
183,AgentA wins,20.00,0,0,0,0,0,0,0,0,0,0
184,AgentA wins,15.00,0,0,0,0,0,0,0,0,0,0
185,AgentA wins,18.00,0,0,0,0,0,0,0,0,0,0
186,AgentA wins,25.00,0,0,0,0,0,0,0,0,0,0
187,AgentA wins,20.00,0,0,0,0,0,0,0,0,0,0
188,AgentA wins,15.00,0,0,0,0,0,0,0,0,0,0
189,AgentA wins,18.00,0,0,0,0,0,0,0,0,0,0
190,AgentA wins,22.33,0,0,0,0,0,0,0,0,0,0
181,AgentA wins,18.00,0,0,0,0,0,0,0,0,0,0
182,AgentA wins,25.00,0,0,0,0,0,0,0,0,0,0
183,AgentA wins,20.00,0,0,0,0,0,0,0,0,0,0
184,AgentA wins,18.00,0,0,0,0,0,0,0,0,0,0
185,AgentA wins,20.00,0,0,0,0,0,0,0,0,0,0
186,AgentA wins,19.67,0,0,0,0,0,0,0,0,0,0
187,AgentA wins,20.00,0,0,0,0,0,0,0,0,0,0
188,AgentA wins,19.67,0,0,0,0,0,0,0,0,0,0
189,AgentA wins,20.00,0,0,0,0,0,0,0,0,0,0
190,AgentA wins,20.00,0,0,0,0,0,0,0,0,0,0
181,AgentA wins,15.00,0,0,0,0,0,0,0,0,0,0
182,AgentA wins,19.67,0,0,0,0,0,0,0,0,0,0
183,AgentA wins,19.67,0,0,0,0,0,0,0,0,0,0
184,AgentA wins,22.33,0,0,0,0,0,0,0,0,0,0
185,AgentA wins,18.00,0,0,0,0,0,0,0,0,0,0
186,AgentA wins,20.00,0,0,0,0,0,0,0,0,0,0
187,AgentA wins,19.67,0,0,0,0,0,0,0,0,0,0
188,AgentA wins,18.00,0,0,0,0,0,0,0,0,0,0
189,AgentA wins,18.00,0,0,0,0,0,0,0,0,0,0
190,AgentA wins,20.00,0,0,0,0,0,0,0,0,0,0
181,AgentA wins,22.33,0,0,0,0,0,0,0,0,0,0
182,AgentA wins,25.00,0,0,0,0,0,0,0,0,0,0
183,AgentA wins,15.00,0,0,0,0,0,0,0,0,0,0
184,AgentA wins,20.00,0,0,0,0,0,0,0,0,0,0
185,AgentA wins,15.00,0,0,0,0,0,0,0,0,0,0
186,AgentA wins,17.00,0,0,0,0,0,0,0,0,0,0
187,AgentB wins,24.67,0,0,0,0,0,0,0,0,0,0
188,AgentA wins,20.00,0,0,0,0,0,0,0,0,0,0
189,AgentA wins,20.00,0,0,0,0,0,0,0,0,0,0
190,AgentA wins,20.00,0,0,0,0,0,0,0,0,0,0
181,AgentA wins,18.00,0,0,0,0,0,0,0,0,0,0
182,AgentA wins,15.00,0,0,0,0,0,0,0,0,0,0
183,AgentA wins,25.00,0,0,0,0,0,0,0,0,0,0
184,AgentA wins,20.00,0,0,0,0,0,0,0,0,0,0
185,AgentA wins,18.00,0,0,0,0,0,0,0,0,0,0
186,AgentA wins,19.67,0,0,0,0,0,0,0,0,0,0
187,AgentA wins,22.33,0,0,0,0,0,0,0,0,0,0
188,AgentA wins,25.00,0,0,0,0,0,0,0,0,0,0
189,AgentA wins,15.00,0,0,0,0,0,0,0,0,0,0
190,AgentA wins,18.00,0,0,0,0,0,0,0,0,0,0
181,AgentA wins,17.00,0,0,0,0,0,0,0,0,0,0
182,AgentA wins,19.67,0,0,0,0,0,0,0,0,0,0
183,AgentA wins,19.67,0,0,0,0,0,0,0,0,0,0
184,AgentA wins,20.00,0,0,0,0,0,0,0,0,0,0
185,AgentA wins,25.00,0,0,0,0,0,0,0,0,0,0
186,AgentA wins,20.00,0,0,0,0,0,0,0,0,0,0
187,AgentA wins,20.00,0,0,0,0,0,0,0,0,0,0
188,AgentA wins,22.33,0,0,0,0,0,0,0,0,0,0
189,AgentA wins,20.00,0,0,0,0,0,0,0,0,0,0
190,AgentA wins,18.00,0,0,0,0,0,0,0,0,0,0
181,AgentA wins,18.00,0,0,0,0,0,0,0,0,0,0
182,AgentA wins,20.00,0,0,0,0,0,0,0,0,0,0
183,AgentA wins,20.00,0,0,0,0,0,0,0,0,0,0
184,AgentA wins,19.67,0,0,0,0,0,0,0,0,0,0
185,AgentA wins,20.00,0,0,0,0,0,0,0,0,0,0
186,AgentA wins,22.33,0,0,0,0,0,0,0,0,0,0
187,AgentA wins,19.67,0,0,0,0,0,0,0,0,0,0
188,AgentA wins,20.00,0,0,0,0,0,0,0,0,0,0
189,AgentA wins,20.00,0,0,0,0,0,0,0,0,0,0
190,AgentA wins,18.00,0,0,0,0,0,0,0,0,0,0
151,AgentA wins,21.67,0,0,0,0,0,0,0,0,0,0
152,AgentA wins,18.67,0,0,0,0,0,0,0,0,0,0
153,AgentA wins,18.00,0,0,0,0,0,0,0,0,0,0
154,AgentA wins,36.33,0,0,0,0,0,0,0,0,0,0
155,AgentA wins,32.00,0,0,0,0,0,0,0,0,0,0
156,AgentA wins,26.67,0,0,0,0,0,0,0,0,0,0
157,AgentA wins,18.00,0,0,0,0,0,0,0,0,0,0
158,AgentB wins,27.33,0,0,0,0,0,0,0,0,0,0
159,AgentA wins,18.00,0,0,0,0,0,0,0,0,0,0
160,AgentA wins,26.33,0,0,0,0,0,0,0,0,0,0
151,AgentA wins,23.00,0,0,0,0,0,0,0,0,0,0
152,AgentA wins,40.00,0,0,0,0,0,0,0,0,0,0
153,AgentA wins,15.67,0,0,0,0,0,0,0,0,0,0
154,AgentB wins,32.33,0,0,0,0,0,0,0,0,0,0
155,AgentA wins,18.00,0,0,0,0,0,0,0,0,0,0
156,AgentA wins,32.67,0,0,0,0,0,0,0,0,0,0
157,AgentA wins,33.00,0,0,0,0,0,0,0,0,0,0
158,AgentA wins,18.00,0,0,0,0,0,0,0,0,0,0
159,AgentA wins,18.00,0,0,0,0,0,0,0,0,0,0
160,AgentA wins,33.33,0,0,0,0,0,0,0,0,0,0
151,AgentB wins,22.67,0,0,0,0,0,0,0,0,0,0
152,AgentA wins,18.00,0,0,0,0,0,0,0,0,0,0
153,AgentA wins,34.67,0,0,0,0,0,0,0,0,0,0
154,AgentA wins,18.00,0,0,0,0,0,0,0,0,0,0
155,AgentA wins,15.00,0,0,0,0,0,0,0,0,0,0
156,AgentA wins,27.00,0,0,0,0,0,0,0,0,0,0
157,AgentA wins,41.67,0,0,0,0,0,0,0,0,0,0
158,AgentA wins,27.33,0,0,0,0,0,0,0,0,0,0
159,AgentA wins,18.00,0,0,0,0,0,0,0,0,0,0
160,AgentA wins,37.00,0,0,0,0,0,0,0,0,0,0
151,AgentA wins,30.67,0,0,0,0,0,0,0,0,0,0
152,AgentA wins,18.00,0,0,0,0,0,0,0,0,0,0
153,AgentA wins,36.00,0,0,0,0,0,0,0,0,0,0
154,AgentA wins,35.00,0,0,0,0,0,0,0,0,0,0
155,AgentA wins,38.33,0,0,0,0,0,0,0,0,0,0
156,AgentA wins,18.00,0,0,0,0,0,0,0,0,0,0
157,AgentA wins,15.00,0,0,0,0,0,0,0,0,0,0
158,AgentA wins,30.67,0,0,0,0,0,0,0,0,0,0
159,AgentA wins,42.00,0,0,0,0,0,0,0,0,0,0
160,AgentB wins,28.00,0,0,0,0,0,0,0,0,0,0
151,AgentA wins,18.00,0,0,0,0,0,0,0,0,0,0
152,AgentA wins,15.00,0,0,0,0,0,0,0,0,0,0
153,AgentA wins,21.67,0,0,0,0,0,0,0,0,0,0
154,AgentB wins,28.00,0,0,0,0,0,0,0,0,0,0
155,AgentA wins,18.00,0,0,0,0,0,0,0,0,0,0
156,AgentA wins,18.00,0,0,0,0,0,0,0,0,0,0
157,AgentA wins,24.00,0,0,0,0,0,0,0,0,0,0
158,AgentA wins,30.00,0,0,0,0,0,0,0,0,0,0
159,AgentB wins,30.00,0,0,0,0,0,0,0,0,0,0
160,AgentA wins,29.67,0,0,0,0,0,0,0,0,0,0
151,AgentA wins,21.33,0,0,0,0,0,0,0,0,0,0
152,AgentA wins,41.00,0,0,0,0,0,0,0,0,0,0
153,AgentA wins,29.67,0,0,0,0,0,0,0,0,0,0
154,AgentA wins,15.00,0,0,0,0,0,0,0,0,0,0
155,AgentA wins,30.33,0,0,0,0,0,0,0,0,0,0
156,AgentA wins,25.67,0,0,0,0,0,0,0,0,0,0
157,AgentA wins,37.00,0,0,0,0,0,0,0,0,0,0
158,AgentA wins,39.00,0,0,0,0,0,0,0,0,0,0
159,AgentA wins,18.00,0,0,0,0,0,0,0,0,0,0
160,AgentA wins,18.00,0,0,0,0,0,0,0,0,0,0
151,AgentA wins,15.00,0,0,0,0,0,0,0,0,0,0
152,AgentA wins,30.00,0,0,0,0,0,0,0,0,0,0
153,AgentA wins,34.00,0,0,0,0,0,0,0,0,0,0
154,AgentA wins,18.00,0,0,0,0,0,0,0,0,0,0
155,AgentA wins,27.33,0,0,0,0,0,0,0,0,0,0
156,AgentA wins,32.33,0,0,0,0,0,0,0,0,0,0
157,AgentA wins,18.00,0,0,0,0,0,0,0,0,0,0
158,AgentA wins,30.00,0,0,0,0,0,0,0,0,0,0
159,AgentA wins,15.00,0,0,0,0,0,0,0,0,0,0
160,AgentA wins,28.33,0,0,0,0,0,0,0,0,0,0
191,AgentA wins,20.00,0,0,0,0,0,0,0,0,0,0
192,AgentA wins,19.67,0,0,0,0,0,0,0,0,0,0
193,AgentA wins,20.00,0,0,0,0,0,0,0,0,0,0
194,AgentA wins,20.00,0,0,0,0,0,0,0,0,0,0
195,AgentA wins,18.00,0,0,0,0,0,0,0,0,0,0
196,AgentA wins,19.67,0,0,0,0,0,0,0,0,0,0
197,AgentA wins,20.00,0,0,0,0,0,0,0,0,0,0
198,AgentA wins,18.00,0,0,0,0,0,0,0,0,0,0
199,AgentA wins,20.00,0,0,0,0,0,0,0,0,0,0
200,AgentA wins,15.00,0,0,0,0,0,0,0,0,0,0
191,AgentA wins,18.00,0,0,0,0,0,0,0,0,0,0
192,AgentA wins,19.67,0,0,0,0,0,0,0,0,0,0
193,AgentA wins,19.67,0,0,0,0,0,0,0,0,0,0
194,AgentA wins,18.00,0,0,0,0,0,0,0,0,0,0
195,AgentA wins,18.00,0,0,0,0,0,0,0,0,0,0
196,AgentA wins,19.67,0,0,0,0,0,0,0,0,0,0
197,AgentA wins,20.00,0,0,0,0,0,0,0,0,0,0
198,AgentA wins,19.67,0,0,0,0,0,0,0,0,0,0
199,AgentA wins,18.00,0,0,0,0,0,0,0,0,0,0
200,AgentA wins,20.00,0,0,0,0,0,0,0,0,0,0
151,AgentA wins,18.00,0,0,0,0,0,0,0,0,0,0
152,AgentA wins,21.67,0,0,0,0,0,0,0,0,0,0
153,AgentA wins,30.33,0,0,0,0,0,0,0,0,0,0
154,AgentA wins,27.67,0,0,0,0,0,0,0,0,0,0
155,AgentA wins,39.67,0,0,0,0,0,0,0,0,0,0
156,AgentA wins,30.00,0,0,0,0,0,0,0,0,0,0
157,AgentA wins,55.67,0,0,0,0,0,0,0,0,0,0
158,AgentA wins,28.00,0,0,0,0,0,0,0,0,0,0
159,AgentA wins,36.33,0,0,0,0,0,0,0,0,0,0
160,AgentA wins,24.33,0,0,0,0,0,0,0,0,0,0
191,AgentA wins,20.00,0,0,0,0,0,0,0,0,0,0
192,AgentA wins,20.00,0,0,0,0,0,0,0,0,0,0
193,AgentA wins,20.00,0,0,0,0,0,0,0,0,0,0
194,AgentA wins,18.00,0,0,0,0,0,0,0,0,0,0
195,AgentA wins,15.00,0,0,0,0,0,0,0,0,0,0
196,AgentA wins,18.00,0,0,0,0,0,0,0,0,0,0
197,AgentA wins,20.00,0,0,0,0,0,0,0,0,0,0
198,AgentA wins,20.00,0,0,0,0,0,0,0,0,0,0
199,AgentA wins,20.00,0,0,0,0,0,0,0,0,0,0
200,AgentA wins,20.00,0,0,0,0,0,0,0,0,0,0
191,AgentA wins,15.00,0,0,0,0,0,0,0,0,0,0
192,AgentA wins,20.00,0,0,0,0,0,0,0,0,0,0
193,AgentA wins,20.00,0,0,0,0,0,0,0,0,0,0
194,AgentA wins,20.00,0,0,0,0,0,0,0,0,0,0
195,AgentA wins,20.00,0,0,0,0,0,0,0,0,0,0
196,AgentA wins,20.00,0,0,0,0,0,0,0,0,0,0
197,AgentA wins,20.00,0,0,0,0,0,0,0,0,0,0
198,AgentA wins,15.00,0,0,0,0,0,0,0,0,0,0
199,AgentA wins,20.00,0,0,0,0,0,0,0,0,0,0
200,AgentA wins,18.00,0,0,0,0,0,0,0,0,0,0
191,AgentA wins,20.00,0,0,0,0,0,0,0,0,0,0
192,AgentA wins,19.67,0,0,0,0,0,0,0,0,0,0
193,AgentA wins,18.00,0,0,0,0,0,0,0,0,0,0
194,AgentA wins,18.00,0,0,0,0,0,0,0,0,0,0
195,AgentA wins,18.00,0,0,0,0,0,0,0,0,0,0
196,AgentA wins,20.00,0,0,0,0,0,0,0,0,0,0
197,AgentA wins,19.67,0,0,0,0,0,0,0,0,0,0
198,AgentA wins,22.33,0,0,0,0,0,0,0,0,0,0
199,AgentA wins,15.00,0,0,0,0,0,0,0,0,0,0
200,AgentA wins,18.00,0,0,0,0,0,0,0,0,0,0
191,AgentA wins,20.00,0,0,0,0,0,0,0,0,0,0
192,AgentA wins,15.00,0,0,0,0,0,0,0,0,0,0
193,AgentA wins,18.00,0,0,0,0,0,0,0,0,0,0
194,AgentA wins,15.00,0,0,0,0,0,0,0,0,0,0
195,AgentA wins,18.00,0,0,0,0,0,0,0,0,0,0
196,AgentA wins,20.00,0,0,0,0,0,0,0,0,0,0
197,AgentA wins,18.00,0,0,0,0,0,0,0,0,0,0
198,AgentA wins,20.00,0,0,0,0,0,0,0,0,0,0
199,AgentA wins,20.00,0,0,0,0,0,0,0,0,0,0
200,AgentA wins,20.00,0,0,0,0,0,0,0,0,0,0
191,AgentA wins,20.00,0,0,0,0,0,0,0,0,0,0
192,AgentA wins,20.00,0,0,0,0,0,0,0,0,0,0
193,AgentA wins,15.00,0,0,0,0,0,0,0,0,0,0
194,AgentA wins,15.00,0,0,0,0,0,0,0,0,0,0
195,AgentA wins,17.00,0,0,0,0,0,0,0,0,0,0
196,AgentA wins,18.00,0,0,0,0,0,0,0,0,0,0
197,AgentA wins,20.00,0,0,0,0,0,0,0,0,0,0
198,AgentA wins,19.67,0,0,0,0,0,0,0,0,0,0
199,AgentA wins,19.67,0,0,0,0,0,0,0,0,0,0
200,AgentA wins,22.33,0,0,0,0,0,0,0,0,0,0
191,AgentA wins,18.00,0,0,0,0,0,0,0,0,0,0
192,AgentA wins,15.00,0,0,0,0,0,0,0,0,0,0
193,AgentA wins,20.00,0,0,0,0,0,0,0,0,0,0
194,AgentA wins,20.00,0,0,0,0,0,0,0,0,0,0
195,AgentA wins,20.00,0,0,0,0,0,0,0,0,0,0
196,AgentA wins,18.00,0,0,0,0,0,0,0,0,0,0
197,AgentA wins,20.00,0,0,0,0,0,0,0,0,0,0
198,AgentA wins,18.00,0,0,0,0,0,0,0,0,0,0
199,AgentA wins,18.00,0,0,0,0,0,0,0,0,0,0
200,AgentA wins,22.33,0,0,0,0,0,0,0,0,0,0
191,AgentA wins,22.33,0,0,0,0,0,0,0,0,0,0
192,AgentA wins,19.67,0,0,0,0,0,0,0,0,0,0
193,AgentA wins,22.33,0,0,0,0,0,0,0,0,0,0
194,AgentA wins,15.00,0,0,0,0,0,0,0,0,0,0
195,AgentA wins,18.00,0,0,0,0,0,0,0,0,0,0
196,AgentA wins,20.00,0,0,0,0,0,0,0,0,0,0
197,AgentA wins,20.00,0,0,0,0,0,0,0,0,0,0
198,AgentA wins,20.00,0,0,0,0,0,0,0,0,0,0
199,AgentA wins,18.00,0,0,0,0,0,0,0,0,0,0
200,AgentA wins,20.00,0,0,0,0,0,0,0,0,0,0
191,AgentA wins,20.00,0,0,0,0,0,0,0,0,0,0
192,AgentA wins,20.00,0,0,0,0,0,0,0,0,0,0
193,AgentA wins,15.00,0,0,0,0,0,0,0,0,0,0
194,AgentA wins,15.00,0,0,0,0,0,0,0,0,0,0
195,AgentA wins,19.67,0,0,0,0,0,0,0,0,0,0
196,AgentA wins,20.00,0,0,0,0,0,0,0,0,0,0
197,AgentA wins,20.00,0,0,0,0,0,0,0,0,0,0
198,AgentA wins,15.00,0,0,0,0,0,0,0,0,0,0
199,AgentA wins,15.00,0,0,0,0,0,0,0,0,0,0
200,AgentA wins,20.00,0,0,0,0,0,0,0,0,0,0
191,AgentA wins,20.00,0,0,0,0,0,0,0,0,0,0
192,AgentA wins,20.00,0,0,0,0,0,0,0,0,0,0
193,AgentA wins,18.00,0,0,0,0,0,0,0,0,0,0
194,AgentA wins,15.00,0,0,0,0,0,0,0,0,0,0
195,AgentA wins,19.67,0,0,0,0,0,0,0,0,0,0
196,AgentA wins,20.00,0,0,0,0,0,0,0,0,0,0
197,AgentA wins,20.00,0,0,0,0,0,0,0,0,0,0
198,AgentA wins,15.00,0,0,0,0,0,0,0,0,0,0
199,AgentA wins,20.00,0,0,0,0,0,0,0,0,0,0
200,AgentA wins,17.00,0,0,0,0,0,0,0,0,0,0
191,AgentA wins,17.00,0,0,0,0,0,0,0,0,0,0
192,AgentA wins,18.00,0,0,0,0,0,0,0,0,0,0
193,AgentA wins,18.00,0,0,0,0,0,0,0,0,0,0
194,AgentA wins,20.00,0,0,0,0,0,0,0,0,0,0
195,AgentA wins,15.00,0,0,0,0,0,0,0,0,0,0
196,AgentA wins,20.00,0,0,0,0,0,0,0,0,0,0
197,AgentA wins,20.00,0,0,0,0,0,0,0,0,0,0
198,AgentA wins,20.00,0,0,0,0,0,0,0,0,0,0
199,AgentA wins,22.33,0,0,0,0,0,0,0,0,0,0
200,AgentA wins,18.00,0,0,0,0,0,0,0,0,0,0
191,AgentA wins,20.00,0,0,0,0,0,0,0,0,0,0
192,AgentA wins,20.00,0,0,0,0,0,0,0,0,0,0
193,AgentA wins,20.00,0,0,0,0,0,0,0,0,0,0
194,AgentA wins,19.67,0,0,0,0,0,0,0,0,0,0
195,AgentA wins,20.00,0,0,0,0,0,0,0,0,0,0
196,AgentA wins,19.67,0,0,0,0,0,0,0,0,0,0
197,AgentA wins,20.00,0,0,0,0,0,0,0,0,0,0
198,AgentA wins,25.00,0,0,0,0,0,0,0,0,0,0
199,AgentA wins,19.67,0,0,0,0,0,0,0,0,0,0
200,AgentA wins,19.67,0,0,0,0,0,0,0,0,0,0
191,AgentA wins,20.00,0,0,0,0,0,0,0,0,0,0
192,AgentA wins,20.00,0,0,0,0,0,0,0,0,0,0
193,AgentA wins,15.00,0,0,0,0,0,0,0,0,0,0
194,AgentA wins,19.67,0,0,0,0,0,0,0,0,0,0
195,AgentA wins,20.00,0,0,0,0,0,0,0,0,0,0
196,AgentA wins,20.00,0,0,0,0,0,0,0,0,0,0
197,AgentA wins,20.00,0,0,0,0,0,0,0,0,0,0
198,AgentA wins,20.00,0,0,0,0,0,0,0,0,0,0
199,AgentA wins,20.00,0,0,0,0,0,0,0,0,0,0
200,AgentA wins,18.00,0,0,0,0,0,0,0,0,0,0
191,AgentA wins,20.00,0,0,0,0,0,0,0,0,0,0
192,AgentA wins,25.00,0,0,0,0,0,0,0,0,0,0
193,AgentA wins,15.00,0,0,0,0,0,0,0,0,0,0
194,AgentA wins,20.00,0,0,0,0,0,0,0,0,0,0
195,AgentB wins,24.67,0,0,0,0,0,0,0,0,0,0
196,AgentA wins,15.00,0,0,0,0,0,0,0,0,0,0
197,AgentA wins,20.00,0,0,0,0,0,0,0,0,0,0
198,AgentA wins,18.00,0,0,0,0,0,0,0,0,0,0
199,AgentA wins,15.00,0,0,0,0,0,0,0,0,0,0
200,AgentA wins,15.00,0,0,0,0,0,0,0,0,0,0
161,AgentA wins,24.00,215,219,0,125,0,175,0,26,34,44
162,AgentA wins,18.00,159,163,0,96,0,132,0,17,20,40
163,AgentA wins,18.00,163,162,0,93,0,128,0,24,16,41
164,AgentA wins,34.00,308,309,0,181,0,236,0,43,42,79
165,AgentA wins,26.33,233,238,0,145,0,181,0,28,23,62
166,AgentA wins,40.33,365,367,1,206,0,287,0,45,56,63
167,AgentA wins,21.67,193,193,0,108,0,151,0,19,30,40
168,AgentA wins,36.00,322,325,0,196,0,260,0,46,46,68
169,AgentA wins,15.00,134,135,0,85,0,105,0,17,11,46
170,AgentA wins,23.33,211,213,0,130,0,161,0,27,28,41
151,AgentA wins,18.00,0,0,0,0,0,0,0,0,0,0
152,AgentA wins,21.67,0,0,0,0,0,0,0,0,0,0
153,AgentA wins,43.67,0,0,0,0,0,0,0,0,0,0
154,AgentA wins,35.00,0,0,0,0,0,0,0,0,0,0
155,AgentA wins,28.33,0,0,0,0,0,0,0,0,0,0
156,AgentA wins,18.00,0,0,0,0,0,0,0,0,0,0
157,AgentA wins,45.67,0,0,0,0,0,0,0,0,0,0
158,AgentA wins,18.00,0,0,0,0,0,0,0,0,0,0
159,AgentA wins,18.00,0,0,0,0,0,0,0,0,0,0
160,AgentA wins,41.67,0,0,0,0,0,0,0,0,0,0
161,AgentA wins,15.00,0,0,0,0,0,0,0,0,0,0
162,AgentA wins,18.00,0,0,0,0,0,0,0,0,0,0
163,AgentA wins,18.00,0,0,0,0,0,0,0,0,0,0
164,AgentA wins,15.00,0,0,0,0,0,0,0,0,0,0
165,AgentA wins,15.00,0,0,0,0,0,0,0,0,0,0
166,AgentB wins,26.67,0,0,0,0,0,0,0,0,0,0
167,AgentA wins,30.00,0,0,0,0,0,0,0,0,0,0
168,AgentA wins,21.00,0,0,0,0,0,0,0,0,0,0
169,AgentA wins,23.33,0,0,0,0,0,0,0,0,0,0
170,AgentA wins,32.33,0,0,0,0,0,0,0,0,0,0
161,AgentA wins,29.00,0,0,0,0,0,0,0,0,0,0
162,AgentA wins,31.33,0,0,0,0,0,0,0,0,0,0
163,AgentA wins,23.67,0,0,0,0,0,0,0,0,0,0
164,AgentA wins,30.67,0,0,0,0,0,0,0,0,0,0
165,AgentA wins,30.00,0,0,0,0,0,0,0,0,0,0
166,AgentA wins,18.00,0,0,0,0,0,0,0,0,0,0
167,AgentA wins,15.00,0,0,0,0,0,0,0,0,0,0
168,AgentA wins,28.67,0,0,0,0,0,0,0,0,0,0
169,AgentA wins,26.00,0,0,0,0,0,0,0,0,0,0
170,AgentA wins,34.00,0,0,0,0,0,0,0,0,0,0
161,AgentA wins,26.33,0,0,0,0,0,0,0,0,0,0
162,AgentA wins,30.00,0,0,0,0,0,0,0,0,0,0
163,AgentA wins,38.33,0,0,0,0,0,0,0,0,0,0
164,AgentA wins,15.00,0,0,0,0,0,0,0,0,0,0
165,AgentA wins,18.00,0,0,0,0,0,0,0,0,0,0
166,AgentA wins,27.00,0,0,0,0,0,0,0,0,0,0
167,AgentA wins,26.00,0,0,0,0,0,0,0,0,0,0
168,AgentA wins,18.00,0,0,0,0,0,0,0,0,0,0
169,AgentA wins,15.00,0,0,0,0,0,0,0,0,0,0
170,AgentA wins,35.33,0,0,0,0,0,0,0,0,0,0
161,AgentA wins,32.33,0,0,0,0,0,0,0,0,0,0
162,AgentA wins,27.00,0,0,0,0,0,0,0,0,0,0
163,AgentB wins,41.67,0,0,0,0,0,0,0,0,0,0
164,AgentA wins,18.67,0,0,0,0,0,0,0,0,0,0
165,AgentA wins,18.00,0,0,0,0,0,0,0,0,0,0
166,AgentA wins,24.00,0,0,0,0,0,0,0,0,0,0
167,AgentA wins,32.33,0,0,0,0,0,0,0,0,0,0
168,AgentA wins,28.67,0,0,0,0,0,0,0,0,0,0
169,AgentA wins,26.00,0,0,0,0,0,0,0,0,0,0
170,AgentA wins,18.33,0,0,0,0,0,0,0,0,0,0
161,AgentA wins,18.00,0,0,0,0,0,0,0,0,0,0
162,AgentA wins,29.00,0,0,0,0,0,0,0,0,0,0
163,AgentA wins,18.00,0,0,0,0,0,0,0,0,0,0
164,AgentA wins,49.33,0,0,0,0,0,0,0,0,0,0
165,AgentA wins,15.00,0,0,0,0,0,0,0,0,0,0
166,AgentA wins,32.33,0,0,0,0,0,0,0,0,0,0
167,AgentB wins,34.00,0,0,0,0,0,0,0,0,0,0
168,AgentA wins,15.00,0,0,0,0,0,0,0,0,0,0
169,AgentA wins,23.33,0,0,0,0,0,0,0,0,0,0
170,AgentA wins,41.00,0,0,0,0,0,0,0,0,0,0
201,AgentA wins,19.67,0,0,0,0,0,0,0,0,0,0
202,AgentA wins,22.33,0,0,0,0,0,0,0,0,0,0
203,AgentA wins,20.00,0,0,0,0,0,0,0,0,0,0
204,AgentA wins,20.00,0,0,0,0,0,0,0,0,0,0
205,AgentA wins,19.67,0,0,0,0,0,0,0,0,0,0
206,AgentA wins,18.00,0,0,0,0,0,0,0,0,0,0
207,AgentA wins,20.00,0,0,0,0,0,0,0,0,0,0
208,AgentA wins,15.00,0,0,0,0,0,0,0,0,0,0
209,AgentA wins,17.00,0,0,0,0,0,0,0,0,0,0
210,AgentA wins,18.00,0,0,0,0,0,0,0,0,0,0
201,AgentA wins,22.33,0,0,0,0,0,0,0,0,0,0
202,AgentA wins,22.33,0,0,0,0,0,0,0,0,0,0
203,AgentA wins,20.00,0,0,0,0,0,0,0,0,0,0
204,AgentA wins,20.00,0,0,0,0,0,0,0,0,0,0
205,AgentA wins,15.00,0,0,0,0,0,0,0,0,0,0
206,AgentA wins,15.00,0,0,0,0,0,0,0,0,0,0
207,AgentA wins,19.67,0,0,0,0,0,0,0,0,0,0
208,AgentA wins,20.00,0,0,0,0,0,0,0,0,0,0
209,AgentA wins,20.00,0,0,0,0,0,0,0,0,0,0
210,AgentA wins,19.67,0,0,0,0,0,0,0,0,0,0
161,timeout draw,60.00,0,0,0,0,0,0,0,0,0,0
162,AgentA wins,26.00,0,0,0,0,0,0,0,0,0,0
163,AgentA wins,15.00,0,0,0,0,0,0,0,0,0,0
164,AgentB wins,21.67,0,0,0,0,0,0,0,0,0,0
165,AgentA wins,32.67,0,0,0,0,0,0,0,0,0,0
166,AgentA wins,15.00,0,0,0,0,0,0,0,0,0,0
167,AgentA wins,18.00,0,0,0,0,0,0,0,0,0,0
168,AgentA wins,38.33,0,0,0,0,0,0,0,0,0,0
169,AgentA wins,26.00,0,0,0,0,0,0,0,0,0,0
170,AgentA wins,34.33,0,0,0,0,0,0,0,0,0,0
201,AgentA wins,18.00,0,0,0,0,0,0,0,0,0,0
202,AgentA wins,15.00,0,0,0,0,0,0,0,0,0,0
203,AgentA wins,20.00,0,0,0,0,0,0,0,0,0,0
204,AgentA wins,15.00,0,0,0,0,0,0,0,0,0,0
205,AgentA wins,20.00,0,0,0,0,0,0,0,0,0,0
206,AgentA wins,15.00,0,0,0,0,0,0,0,0,0,0
207,AgentA wins,18.00,0,0,0,0,0,0,0,0,0,0
208,AgentA wins,20.00,0,0,0,0,0,0,0,0,0,0
209,AgentA wins,17.00,0,0,0,0,0,0,0,0,0,0
210,AgentA wins,22.33,0,0,0,0,0,0,0,0,0,0
201,AgentA wins,17.00,0,0,0,0,0,0,0,0,0,0
202,AgentA wins,18.00,0,0,0,0,0,0,0,0,0,0
203,AgentA wins,19.67,0,0,0,0,0,0,0,0,0,0
204,AgentA wins,19.67,0,0,0,0,0,0,0,0,0,0
205,AgentA wins,20.00,0,0,0,0,0,0,0,0,0,0
206,AgentA wins,18.00,0,0,0,0,0,0,0,0,0,0
207,AgentA wins,18.00,0,0,0,0,0,0,0,0,0,0
208,AgentA wins,18.00,0,0,0,0,0,0,0,0,0,0
209,AgentA wins,20.00,0,0,0,0,0,0,0,0,0,0
210,AgentA wins,20.00,0,0,0,0,0,0,0,0,0,0
201,AgentA wins,15.00,0,0,0,0,0,0,0,0,0,0
202,AgentA wins,15.00,0,0,0,0,0,0,0,0,0,0
203,AgentA wins,20.00,0,0,0,0,0,0,0,0,0,0
204,AgentA wins,20.00,0,0,0,0,0,0,0,0,0,0
205,AgentA wins,20.00,0,0,0,0,0,0,0,0,0,0
206,AgentA wins,20.00,0,0,0,0,0,0,0,0,0,0
207,AgentA wins,20.00,0,0,0,0,0,0,0,0,0,0
208,AgentA wins,19.67,0,0,0,0,0,0,0,0,0,0
209,AgentA wins,15.00,0,0,0,0,0,0,0,0,0,0
210,AgentA wins,20.00,0,0,0,0,0,0,0,0,0,0
201,AgentA wins,20.00,0,0,0,0,0,0,0,0,0,0
202,AgentA wins,18.00,0,0,0,0,0,0,0,0,0,0
203,AgentA wins,18.00,0,0,0,0,0,0,0,0,0,0
204,AgentA wins,19.67,0,0,0,0,0,0,0,0,0,0
205,AgentA wins,19.67,0,0,0,0,0,0,0,0,0,0
206,AgentA wins,18.00,0,0,0,0,0,0,0,0,0,0
207,AgentA wins,20.00,0,0,0,0,0,0,0,0,0,0
208,AgentA wins,22.33,0,0,0,0,0,0,0,0,0,0
209,AgentA wins,19.67,0,0,0,0,0,0,0,0,0,0
210,AgentA wins,15.00,0,0,0,0,0,0,0,0,0,0
201,AgentA wins,19.67,0,0,0,0,0,0,0,0,0,0
202,AgentA wins,19.67,0,0,0,0,0,0,0,0,0,0
203,AgentA wins,18.00,0,0,0,0,0,0,0,0,0,0
204,AgentA wins,20.00,0,0,0,0,0,0,0,0,0,0
205,AgentA wins,19.67,0,0,0,0,0,0,0,0,0,0
206,AgentA wins,22.33,0,0,0,0,0,0,0,0,0,0
207,AgentA wins,20.00,0,0,0,0,0,0,0,0,0,0
208,AgentA wins,19.67,0,0,0,0,0,0,0,0,0,0
209,AgentA wins,20.00,0,0,0,0,0,0,0,0,0,0
210,AgentA wins,20.00,0,0,0,0,0,0,0,0,0,0
201,AgentA wins,18.00,0,0,0,0,0,0,0,0,0,0
202,AgentA wins,19.67,0,0,0,0,0,0,0,0,0,0
203,AgentA wins,19.67,0,0,0,0,0,0,0,0,0,0
204,AgentA wins,15.00,0,0,0,0,0,0,0,0,0,0
205,AgentA wins,20.00,0,0,0,0,0,0,0,0,0,0
206,AgentA wins,15.00,0,0,0,0,0,0,0,0,0,0
207,AgentA wins,15.00,0,0,0,0,0,0,0,0,0,0
208,AgentA wins,15.00,0,0,0,0,0,0,0,0,0,0
209,AgentA wins,17.00,0,0,0,0,0,0,0,0,0,0
210,AgentA wins,20.00,0,0,0,0,0,0,0,0,0,0
201,AgentA wins,20.00,0,0,0,0,0,0,0,0,0,0
202,AgentA wins,19.67,0,0,0,0,0,0,0,0,0,0
203,AgentA wins,20.00,0,0,0,0,0,0,0,0,0,0
204,AgentA wins,18.00,0,0,0,0,0,0,0,0,0,0
205,AgentA wins,15.00,0,0,0,0,0,0,0,0,0,0
206,AgentA wins,18.00,0,0,0,0,0,0,0,0,0,0
207,AgentA wins,18.00,0,0,0,0,0,0,0,0,0,0
208,AgentA wins,15.00,0,0,0,0,0,0,0,0,0,0
209,AgentA wins,18.00,0,0,0,0,0,0,0,0,0,0
210,AgentA wins,20.00,0,0,0,0,0,0,0,0,0,0
201,AgentA wins,15.00,0,0,0,0,0,0,0,0,0,0
202,AgentA wins,22.33,0,0,0,0,0,0,0,0,0,0
203,AgentA wins,19.67,0,0,0,0,0,0,0,0,0,0
204,AgentA wins,22.33,0,0,0,0,0,0,0,0,0,0
205,AgentA wins,19.67,0,0,0,0,0,0,0,0,0,0
206,AgentA wins,15.00,0,0,0,0,0,0,0,0,0,0
207,AgentA wins,19.67,0,0,0,0,0,0,0,0,0,0
208,AgentA wins,19.67,0,0,0,0,0,0,0,0,0,0
209,AgentA wins,20.00,0,0,0,0,0,0,0,0,0,0
210,AgentA wins,18.00,0,0,0,0,0,0,0,0,0,0
201,AgentA wins,20.00,0,0,0,0,0,0,0,0,0,0
202,AgentA wins,19.67,0,0,0,0,0,0,0,0,0,0
203,AgentA wins,20.00,0,0,0,0,0,0,0,0,0,0
204,AgentA wins,22.33,0,0,0,0,0,0,0,0,0,0
205,AgentA wins,18.00,0,0,0,0,0,0,0,0,0,0
206,AgentA wins,19.67,0,0,0,0,0,0,0,0,0,0
207,AgentA wins,15.00,0,0,0,0,0,0,0,0,0,0
208,AgentA wins,15.00,0,0,0,0,0,0,0,0,0,0
209,AgentA wins,18.00,0,0,0,0,0,0,0,0,0,0
210,AgentA wins,20.00,0,0,0,0,0,0,0,0,0,0
201,AgentA wins,18.00,0,0,0,0,0,0,0,0,0,0
202,AgentA wins,20.00,0,0,0,0,0,0,0,0,0,0
203,AgentA wins,22.33,0,0,0,0,0,0,0,0,0,0
204,AgentA wins,20.00,0,0,0,0,0,0,0,0,0,0
205,AgentA wins,22.33,0,0,0,0,0,0,0,0,0,0
206,AgentA wins,19.67,0,0,0,0,0,0,0,0,0,0
207,AgentA wins,20.00,0,0,0,0,0,0,0,0,0,0
208,AgentA wins,19.67,0,0,0,0,0,0,0,0,0,0
209,AgentA wins,19.67,0,0,0,0,0,0,0,0,0,0
210,AgentA wins,18.00,0,0,0,0,0,0,0,0,0,0
201,AgentA wins,15.00,0,0,0,0,0,0,0,0,0,0
202,AgentA wins,15.00,0,0,0,0,0,0,0,0,0,0
203,AgentA wins,18.00,0,0,0,0,0,0,0,0,0,0
204,AgentA wins,17.00,0,0,0,0,0,0,0,0,0,0
205,AgentA wins,15.00,0,0,0,0,0,0,0,0,0,0
206,AgentA wins,18.00,0,0,0,0,0,0,0,0,0,0
207,AgentA wins,15.00,0,0,0,0,0,0,0,0,0,0
208,AgentA wins,19.67,0,0,0,0,0,0,0,0,0,0
209,AgentA wins,17.00,0,0,0,0,0,0,0,0,0,0
210,AgentA wins,20.00,0,0,0,0,0,0,0,0,0,0
161,AgentB wins,31.67,0,0,0,0,0,0,0,0,0,0
162,AgentA wins,15.00,0,0,0,0,0,0,0,0,0,0
163,AgentA wins,30.00,0,0,0,0,0,0,0,0,0,0
164,AgentB wins,24.67,0,0,0,0,0,0,0,0,0,0
165,AgentA wins,18.67,0,0,0,0,0,0,0,0,0,0
166,AgentA wins,40.33,0,0,0,0,0,0,0,0,0,0
167,AgentA wins,38.67,0,0,0,0,0,0,0,0,0,0
168,AgentA wins,35.67,0,0,0,0,0,0,0,0,0,0
169,AgentA wins,18.00,0,0,0,0,0,0,0,0,0,0
170,AgentA wins,24.00,0,0,0,0,0,0,0,0,0,0
201,AgentA wins,19.67,0,0,0,0,0,0,0,0,0,0
202,AgentA wins,20.00,0,0,0,0,0,0,0,0,0,0
203,AgentA wins,18.00,0,0,0,0,0,0,0,0,0,0
204,AgentA wins,19.67,0,0,0,0,0,0,0,0,0,0
205,AgentA wins,20.00,0,0,0,0,0,0,0,0,0,0
206,AgentA wins,17.00,0,0,0,0,0,0,0,0,0,0
207,AgentA wins,18.00,0,0,0,0,0,0,0,0,0,0
208,AgentA wins,20.00,0,0,0,0,0,0,0,0,0,0
209,AgentA wins,18.00,0,0,0,0,0,0,0,0,0,0
210,AgentA wins,18.00,0,0,0,0,0,0,0,0,0,0
161,AgentA wins,29.00,0,0,0,0,0,0,0,0,0,0
162,AgentA wins,18.67,0,0,0,0,0,0,0,0,0,0
163,AgentA wins,24.00,0,0,0,0,0,0,0,0,0,0
164,AgentA wins,18.00,0,0,0,0,0,0,0,0,0,0
165,AgentB wins,19.33,0,0,0,0,0,0,0,0,0,0
166,AgentA wins,24.00,0,0,0,0,0,0,0,0,0,0
167,AgentA wins,27.33,0,0,0,0,0,0,0,0,0,0
168,AgentA wins,31.67,0,0,0,0,0,0,0,0,0,0
169,AgentB wins,35.67,0,0,0,0,0,0,0,0,0,0
170,AgentA wins,15.00,0,0,0,0,0,0,0,0,0,0
201,AgentA wins,19.67,0,0,0,0,0,0,0,0,0,0
202,AgentA wins,20.00,0,0,0,0,0,0,0,0,0,0
203,AgentA wins,19.67,0,0,0,0,0,0,0,0,0,0
204,AgentA wins,20.00,0,0,0,0,0,0,0,0,0,0
205,AgentA wins,19.67,0,0,0,0,0,0,0,0,0,0
206,AgentA wins,20.00,0,0,0,0,0,0,0,0,0,0
207,AgentA wins,19.67,0,0,0,0,0,0,0,0,0,0
208,AgentA wins,20.00,0,0,0,0,0,0,0,0,0,0
209,AgentA wins,15.00,0,0,0,0,0,0,0,0,0,0
210,AgentA wins,20.00,0,0,0,0,0,0,0,0,0,0
171,AgentA wins,29.00,266,264,0,153,0,209,0,32,41,54
172,AgentA wins,18.00,159,163,0,100,0,132,0,21,31,36
173,AgentA wins,27.00,242,242,0,148,0,185,0,31,26,66
174,AgentA wins,24.00,215,219,0,133,0,175,0,32,34,42
175,AgentA wins,26.67,240,241,0,146,0,189,0,31,36,41
176,AgentA wins,18.00,163,163,0,106,0,128,0,22,20,38
177,AgentA wins,27.00,241,240,0,154,0,194,0,31,24,66
178,AgentA wins,18.00,165,160,0,95,0,125,0,24,18,51
179,AgentA wins,33.67,308,306,0,184,0,247,0,42,46,60
180,AgentA wins,27.33,246,248,0,166,0,191,0,33,24,74
171,AgentA wins,15.00,0,0,0,0,0,0,0,0,0,0
172,AgentB wins,27.33,0,0,0,0,0,0,0,0,0,0
173,AgentA wins,21.00,0,0,0,0,0,0,0,0,0,0
174,AgentA wins,23.33,0,0,0,0,0,0,0,0,0,0
175,AgentA wins,24.33,0,0,0,0,0,0,0,0,0,0
176,AgentA wins,24.00,0,0,0,0,0,0,0,0,0,0
177,AgentA wins,21.00,0,0,0,0,0,0,0,0,0,0
178,AgentA wins,18.00,0,0,0,0,0,0,0,0,0,0
179,AgentA wins,15.00,0,0,0,0,0,0,0,0,0,0
180,AgentA wins,15.00,0,0,0,0,0,0,0,0,0,0
171,AgentA wins,21.33,0,0,0,0,0,0,0,0,0,0
172,AgentA wins,18.00,0,0,0,0,0,0,0,0,0,0
173,AgentA wins,18.00,0,0,0,0,0,0,0,0,0,0
174,AgentA wins,18.00,0,0,0,0,0,0,0,0,0,0
175,AgentA wins,21.00,0,0,0,0,0,0,0,0,0,0
176,AgentA wins,15.00,0,0,0,0,0,0,0,0,0,0
177,AgentA wins,15.00,0,0,0,0,0,0,0,0,0,0
178,AgentA wins,15.00,0,0,0,0,0,0,0,0,0,0
179,AgentA wins,21.00,0,0,0,0,0,0,0,0,0,0
180,AgentA wins,18.00,0,0,0,0,0,0,0,0,0,0
171,AgentA wins,18.00,0,0,0,0,0,0,0,0,0,0
172,AgentA wins,18.67,0,0,0,0,0,0,0,0,0,0
173,AgentA wins,33.00,0,0,0,0,0,0,0,0,0,0
174,AgentB wins,25.00,0,0,0,0,0,0,0,0,0,0
175,AgentA wins,18.00,0,0,0,0,0,0,0,0,0,0
176,AgentA wins,18.00,0,0,0,0,0,0,0,0,0,0
177,AgentA wins,21.00,0,0,0,0,0,0,0,0,0,0
178,AgentA wins,18.00,0,0,0,0,0,0,0,0,0,0
179,AgentA wins,15.67,0,0,0,0,0,0,0,0,0,0
180,AgentA wins,15.00,0,0,0,0,0,0,0,0,0,0
161,AgentA wins,15.00,0,0,0,0,0,0,0,0,0,0
162,AgentB wins,39.33,0,0,0,0,0,0,0,0,0,0
163,AgentA wins,34.00,0,0,0,0,0,0,0,0,0,0
164,AgentA wins,33.00,0,0,0,0,0,0,0,0,0,0
165,AgentA wins,21.00,0,0,0,0,0,0,0,0,0,0
166,AgentA wins,37.33,0,0,0,0,0,0,0,0,0,0
167,AgentA wins,31.00,0,0,0,0,0,0,0,0,0,0
168,AgentA wins,15.00,0,0,0,0,0,0,0,0,0,0
169,AgentA wins,15.00,0,0,0,0,0,0,0,0,0,0
170,AgentA wins,15.00,0,0,0,0,0,0,0,0,0,0
211,AgentA wins,20.00,0,0,0,0,0,0,0,0,0,0
212,AgentA wins,15.00,0,0,0,0,0,0,0,0,0,0
213,AgentA wins,20.00,0,0,0,0,0,0,0,0,0,0
214,AgentA wins,18.00,0,0,0,0,0,0,0,0,0,0
215,AgentA wins,18.00,0,0,0,0,0,0,0,0,0,0
216,AgentA wins,19.67,0,0,0,0,0,0,0,0,0,0
217,AgentA wins,18.00,0,0,0,0,0,0,0,0,0,0
218,AgentA wins,19.67,0,0,0,0,0,0,0,0,0,0
219,AgentA wins,20.00,0,0,0,0,0,0,0,0,0,0
220,AgentA wins,17.00,0,0,0,0,0,0,0,0,0,0
211,AgentA wins,18.00,0,0,0,0,0,0,0,0,0,0
212,AgentA wins,17.00,0,0,0,0,0,0,0,0,0,0
213,AgentA wins,17.00,0,0,0,0,0,0,0,0,0,0
214,AgentA wins,15.00,0,0,0,0,0,0,0,0,0,0
215,AgentA wins,19.67,0,0,0,0,0,0,0,0,0,0
216,AgentA wins,19.67,0,0,0,0,0,0,0,0,0,0
217,AgentA wins,22.33,0,0,0,0,0,0,0,0,0,0
218,AgentA wins,17.00,0,0,0,0,0,0,0,0,0,0
219,AgentA wins,18.00,0,0,0,0,0,0,0,0,0,0
220,AgentA wins,20.00,0,0,0,0,0,0,0,0,0,0
211,AgentA wins,15.00,0,0,0,0,0,0,0,0,0,0
212,AgentA wins,20.00,0,0,0,0,0,0,0,0,0,0
213,AgentA wins,18.00,0,0,0,0,0,0,0,0,0,0
214,AgentA wins,19.67,0,0,0,0,0,0,0,0,0,0
215,AgentA wins,20.00,0,0,0,0,0,0,0,0,0,0
216,AgentA wins,20.00,0,0,0,0,0,0,0,0,0,0
217,AgentA wins,18.00,0,0,0,0,0,0,0,0,0,0
218,AgentA wins,20.00,0,0,0,0,0,0,0,0,0,0
219,AgentA wins,18.00,0,0,0,0,0,0,0,0,0,0
220,AgentA wins,15.00,0,0,0,0,0,0,0,0,0,0
211,AgentA wins,19.67,0,0,0,0,0,0,0,0,0,0
212,AgentA wins,20.00,0,0,0,0,0,0,0,0,0,0
213,AgentA wins,20.00,0,0,0,0,0,0,0,0,0,0
214,AgentA wins,20.00,0,0,0,0,0,0,0,0,0,0
215,AgentA wins,19.67,0,0,0,0,0,0,0,0,0,0
216,AgentA wins,18.00,0,0,0,0,0,0,0,0,0,0
217,AgentA wins,20.00,0,0,0,0,0,0,0,0,0,0
218,AgentA wins,18.00,0,0,0,0,0,0,0,0,0,0
219,AgentA wins,19.67,0,0,0,0,0,0,0,0,0,0
220,AgentA wins,19.67,0,0,0,0,0,0,0,0,0,0
171,AgentA wins,32.00,0,0,0,0,0,0,0,0,0,0
172,AgentA wins,33.00,0,0,0,0,0,0,0,0,0,0
173,AgentA wins,18.00,0,0,0,0,0,0,0,0,0,0
174,AgentA wins,18.00,0,0,0,0,0,0,0,0,0,0
175,AgentA wins,21.33,0,0,0,0,0,0,0,0,0,0
176,AgentA wins,15.00,0,0,0,0,0,0,0,0,0,0
177,AgentA wins,23.67,0,0,0,0,0,0,0,0,0,0
178,AgentA wins,18.67,0,0,0,0,0,0,0,0,0,0
179,AgentA wins,30.00,0,0,0,0,0,0,0,0,0,0
180,AgentA wins,24.00,0,0,0,0,0,0,0,0,0,0
211,AgentA wins,18.00,0,0,0,0,0,0,0,0,0,0
212,AgentA wins,15.00,0,0,0,0,0,0,0,0,0,0
213,AgentA wins,19.67,0,0,0,0,0,0,0,0,0,0
214,AgentA wins,17.00,0,0,0,0,0,0,0,0,0,0
215,AgentA wins,20.00,0,0,0,0,0,0,0,0,0,0
216,AgentA wins,15.00,0,0,0,0,0,0,0,0,0,0
217,AgentA wins,15.00,0,0,0,0,0,0,0,0,0,0
218,AgentA wins,20.00,0,0,0,0,0,0,0,0,0,0
219,AgentA wins,23.33,0,0,0,0,0,0,0,0,0,0
220,AgentA wins,19.67,0,0,0,0,0,0,0,0,0,0
211,AgentA wins,15.00,0,0,0,0,0,0,0,0,0,0
212,AgentA wins,18.00,0,0,0,0,0,0,0,0,0,0
213,AgentA wins,20.00,0,0,0,0,0,0,0,0,0,0
214,AgentA wins,18.00,0,0,0,0,0,0,0,0,0,0
215,AgentA wins,15.00,0,0,0,0,0,0,0,0,0,0
216,AgentA wins,15.00,0,0,0,0,0,0,0,0,0,0
217,AgentA wins,20.00,0,0,0,0,0,0,0,0,0,0
218,AgentA wins,20.00,0,0,0,0,0,0,0,0,0,0
219,AgentA wins,20.00,0,0,0,0,0,0,0,0,0,0
220,AgentA wins,20.00,0,0,0,0,0,0,0,0,0,0
211,AgentA wins,20.00,0,0,0,0,0,0,0,0,0,0
212,AgentA wins,20.00,0,0,0,0,0,0,0,0,0,0
213,AgentA wins,20.00,0,0,0,0,0,0,0,0,0,0
214,AgentA wins,20.00,0,0,0,0,0,0,0,0,0,0
215,AgentA wins,18.00,0,0,0,0,0,0,0,0,0,0
216,AgentA wins,15.00,0,0,0,0,0,0,0,0,0,0
217,AgentA wins,19.67,0,0,0,0,0,0,0,0,0,0
218,AgentA wins,20.00,0,0,0,0,0,0,0,0,0,0
219,AgentA wins,20.00,0,0,0,0,0,0,0,0,0,0
220,AgentA wins,22.33,0,0,0,0,0,0,0,0,0,0
211,AgentA wins,20.00,0,0,0,0,0,0,0,0,0,0
212,AgentA wins,22.33,0,0,0,0,0,0,0,0,0,0
213,AgentA wins,20.00,0,0,0,0,0,0,0,0,0,0
214,AgentA wins,15.00,0,0,0,0,0,0,0,0,0,0
215,AgentA wins,20.00,0,0,0,0,0,0,0,0,0,0
216,AgentA wins,18.00,0,0,0,0,0,0,0,0,0,0
217,AgentA wins,19.67,0,0,0,0,0,0,0,0,0,0
218,AgentA wins,19.67,0,0,0,0,0,0,0,0,0,0
219,AgentA wins,22.33,0,0,0,0,0,0,0,0,0,0
220,AgentA wins,22.33,0,0,0,0,0,0,0,0,0,0
211,AgentA wins,20.00,0,0,0,0,0,0,0,0,0,0
212,AgentA wins,19.67,0,0,0,0,0,0,0,0,0,0
213,AgentA wins,15.00,0,0,0,0,0,0,0,0,0,0
214,AgentA wins,20.00,0,0,0,0,0,0,0,0,0,0
215,AgentA wins,15.00,0,0,0,0,0,0,0,0,0,0
216,AgentA wins,20.00,0,0,0,0,0,0,0,0,0,0
217,AgentA wins,20.00,0,0,0,0,0,0,0,0,0,0
218,AgentA wins,19.67,0,0,0,0,0,0,0,0,0,0
219,AgentA wins,19.67,0,0,0,0,0,0,0,0,0,0
220,AgentA wins,20.00,0,0,0,0,0,0,0,0,0,0
211,AgentA wins,19.67,0,0,0,0,0,0,0,0,0,0
212,AgentA wins,20.00,0,0,0,0,0,0,0,0,0,0
213,AgentA wins,15.00,0,0,0,0,0,0,0,0,0,0
214,AgentA wins,20.00,0,0,0,0,0,0,0,0,0,0
215,AgentA wins,18.00,0,0,0,0,0,0,0,0,0,0
216,AgentA wins,15.00,0,0,0,0,0,0,0,0,0,0
217,AgentA wins,19.67,0,0,0,0,0,0,0,0,0,0
218,AgentA wins,18.00,0,0,0,0,0,0,0,0,0,0
219,AgentA wins,20.00,0,0,0,0,0,0,0,0,0,0
220,AgentA wins,22.33,0,0,0,0,0,0,0,0,0,0
171,AgentA wins,23.00,0,0,0,0,0,0,0,0,0,0
172,AgentA wins,18.00,0,0,0,0,0,0,0,0,0,0
173,AgentA wins,24.00,0,0,0,0,0,0,0,0,0,0
174,AgentA wins,21.00,0,0,0,0,0,0,0,0,0,0
175,AgentA wins,18.00,0,0,0,0,0,0,0,0,0,0
176,AgentA wins,18.00,0,0,0,0,0,0,0,0,0,0
177,AgentA wins,15.00,0,0,0,0,0,0,0,0,0,0
178,AgentA wins,24.00,0,0,0,0,0,0,0,0,0,0
179,AgentA wins,39.00,0,0,0,0,0,0,0,0,0,0
180,AgentA wins,18.00,0,0,0,0,0,0,0,0,0,0
211,AgentA wins,20.00,0,0,0,0,0,0,0,0,0,0
212,AgentA wins,22.33,0,0,0,0,0,0,0,0,0,0
213,AgentA wins,20.00,0,0,0,0,0,0,0,0,0,0
214,AgentA wins,18.00,0,0,0,0,0,0,0,0,0,0
215,AgentA wins,20.00,0,0,0,0,0,0,0,0,0,0
216,AgentA wins,15.00,0,0,0,0,0,0,0,0,0,0
217,AgentA wins,20.00,0,0,0,0,0,0,0,0,0,0
218,AgentA wins,18.00,0,0,0,0,0,0,0,0,0,0
219,AgentA wins,20.00,0,0,0,0,0,0,0,0,0,0
220,AgentA wins,19.67,0,0,0,0,0,0,0,0,0,0
211,AgentA wins,19.67,0,0,0,0,0,0,0,0,0,0
212,AgentA wins,15.00,0,0,0,0,0,0,0,0,0,0
213,AgentA wins,22.33,0,0,0,0,0,0,0,0,0,0
214,AgentA wins,18.00,0,0,0,0,0,0,0,0,0,0
215,AgentA wins,20.00,0,0,0,0,0,0,0,0,0,0
216,AgentA wins,22.33,0,0,0,0,0,0,0,0,0,0
217,AgentA wins,17.00,0,0,0,0,0,0,0,0,0,0
218,AgentA wins,20.00,0,0,0,0,0,0,0,0,0,0
219,AgentA wins,17.00,0,0,0,0,0,0,0,0,0,0
220,AgentA wins,15.00,0,0,0,0,0,0,0,0,0,0
211,AgentA wins,18.00,0,0,0,0,0,0,0,0,0,0
212,AgentA wins,15.00,0,0,0,0,0,0,0,0,0,0
213,AgentA wins,19.67,0,0,0,0,0,0,0,0,0,0
214,AgentA wins,20.00,0,0,0,0,0,0,0,0,0,0
215,AgentA wins,18.00,0,0,0,0,0,0,0,0,0,0
216,AgentA wins,20.00,0,0,0,0,0,0,0,0,0,0
217,AgentA wins,19.67,0,0,0,0,0,0,0,0,0,0
218,AgentA wins,15.00,0,0,0,0,0,0,0,0,0,0
219,AgentA wins,20.00,0,0,0,0,0,0,0,0,0,0
220,AgentA wins,25.00,0,0,0,0,0,0,0,0,0,0
211,AgentA wins,20.00,0,0,0,0,0,0,0,0,0,0
212,AgentA wins,20.00,0,0,0,0,0,0,0,0,0,0
213,AgentA wins,20.00,0,0,0,0,0,0,0,0,0,0
214,AgentA wins,15.00,0,0,0,0,0,0,0,0,0,0
215,AgentA wins,19.67,0,0,0,0,0,0,0,0,0,0
216,AgentA wins,15.00,0,0,0,0,0,0,0,0,0,0
217,AgentA wins,19.67,0,0,0,0,0,0,0,0,0,0
218,AgentA wins,22.33,0,0,0,0,0,0,0,0,0,0
219,AgentA wins,17.00,0,0,0,0,0,0,0,0,0,0
220,AgentA wins,19.67,0,0,0,0,0,0,0,0,0,0
211,AgentA wins,17.00,0,0,0,0,0,0,0,0,0,0
212,AgentA wins,20.00,0,0,0,0,0,0,0,0,0,0
213,AgentA wins,17.00,0,0,0,0,0,0,0,0,0,0
214,AgentA wins,20.00,0,0,0,0,0,0,0,0,0,0
215,AgentA wins,19.67,0,0,0,0,0,0,0,0,0,0
216,AgentA wins,15.00,0,0,0,0,0,0,0,0,0,0
217,AgentA wins,19.67,0,0,0,0,0,0,0,0,0,0
218,AgentA wins,20.00,0,0,0,0,0,0,0,0,0,0
219,AgentA wins,22.33,0,0,0,0,0,0,0,0,0,0
220,AgentA wins,15.00,0,0,0,0,0,0,0,0,0,0
171,AgentA wins,18.00,0,0,0,0,0,0,0,0,0,0
172,AgentA wins,35.00,0,0,0,0,0,0,0,0,0,0
173,AgentA wins,21.00,0,0,0,0,0,0,0,0,0,0
174,AgentA wins,15.00,0,0,0,0,0,0,0,0,0,0
175,AgentA wins,21.33,0,0,0,0,0,0,0,0,0,0
176,AgentA wins,15.00,0,0,0,0,0,0,0,0,0,0
177,AgentA wins,28.67,0,0,0,0,0,0,0,0,0,0
178,AgentA wins,27.00,0,0,0,0,0,0,0,0,0,0
179,AgentA wins,15.00,0,0,0,0,0,0,0,0,0,0
180,AgentA wins,18.00,0,0,0,0,0,0,0,0,0,0
171,AgentB wins,15.67,0,0,0,0,0,0,0,0,0,0
172,AgentA wins,26.33,0,0,0,0,0,0,0,0,0,0
173,AgentA wins,25.00,0,0,0,0,0,0,0,0,0,0
174,AgentA wins,18.00,0,0,0,0,0,0,0,0,0,0
175,AgentA wins,18.00,0,0,0,0,0,0,0,0,0,0
176,AgentA wins,30.00,0,0,0,0,0,0,0,0,0,0
177,AgentA wins,18.00,0,0,0,0,0,0,0,0,0,0
178,AgentA wins,24.00,0,0,0,0,0,0,0,0,0,0
179,AgentA wins,26.33,0,0,0,0,0,0,0,0,0,0
180,AgentA wins,37.67,0,0,0,0,0,0,0,0,0,0
171,AgentA wins,29.67,0,0,0,0,0,0,0,0,0,0
172,AgentA wins,15.00,0,0,0,0,0,0,0,0,0,0
173,AgentA wins,15.00,0,0,0,0,0,0,0,0,0,0
174,AgentB wins,54.00,0,0,0,0,0,0,0,0,0,0
175,AgentB wins,45.67,0,0,0,0,0,0,0,0,0,0
176,AgentA wins,34.67,0,0,0,0,0,0,0,0,0,0
177,AgentA wins,29.67,0,0,0,0,0,0,0,0,0,0
178,AgentA wins,36.67,0,0,0,0,0,0,0,0,0,0
179,AgentB wins,28.33,0,0,0,0,0,0,0,0,0,0
180,AgentA wins,34.67,0,0,0,0,0,0,0,0,0,0
181,AgentA wins,31.00,280,282,0,185,0,220,0,39,34,71
182,AgentA wins,17.67,159,158,0,100,0,128,0,20,24,30
183,AgentA wins,20.67,187,185,0,107,0,151,0,21,28,47
184,AgentA wins,21.00,189,190,0,106,0,161,0,23,40,20
185,AgentA wins,39.00,352,355,0,205,0,277,0,41,55,76
186,AgentB wins,32.67,294,299,0,167,0,236,0,32,46,50
187,AgentA wins,24.00,215,218,0,123,0,173,0,23,29,42
188,AgentA wins,15.00,134,136,0,83,0,112,0,17,26,26
189,AgentA wins,24.00,215,217,0,132,0,167,0,27,30,50
190,AgentA wins,15.00,137,134,0,78,0,114,0,12,24,20
221,AgentA wins,19.67,0,0,0,0,0,0,0,0,0,0
222,AgentA wins,19.67,0,0,0,0,0,0,0,0,0,0
223,AgentA wins,19.67,0,0,0,0,0,0,0,0,0,0
224,AgentA wins,20.00,0,0,0,0,0,0,0,0,0,0
225,AgentA wins,15.00,0,0,0,0,0,0,0,0,0,0
226,AgentA wins,19.67,0,0,0,0,0,0,0,0,0,0
227,AgentA wins,20.00,0,0,0,0,0,0,0,0,0,0
228,AgentA wins,19.67,0,0,0,0,0,0,0,0,0,0
229,AgentA wins,20.00,0,0,0,0,0,0,0,0,0,0
230,AgentA wins,17.00,0,0,0,0,0,0,0,0,0,0
221,AgentA wins,19.67,0,0,0,0,0,0,0,0,0,0
222,AgentB wins,24.67,0,0,0,0,0,0,0,0,0,0
223,AgentA wins,20.00,0,0,0,0,0,0,0,0,0,0
224,AgentA wins,15.00,0,0,0,0,0,0,0,0,0,0
225,AgentA wins,20.00,0,0,0,0,0,0,0,0,0,0
226,AgentA wins,15.00,0,0,0,0,0,0,0,0,0,0
227,AgentA wins,18.00,0,0,0,0,0,0,0,0,0,0
228,AgentA wins,20.00,0,0,0,0,0,0,0,0,0,0
229,AgentA wins,18.00,0,0,0,0,0,0,0,0,0,0
230,AgentA wins,19.67,0,0,0,0,0,0,0,0,0,0
221,AgentA wins,19.67,0,0,0,0,0,0,0,0,0,0
222,AgentA wins,15.00,0,0,0,0,0,0,0,0,0,0
223,AgentA wins,17.00,0,0,0,0,0,0,0,0,0,0
224,AgentA wins,20.00,0,0,0,0,0,0,0,0,0,0
225,AgentA wins,19.67,0,0,0,0,0,0,0,0,0,0
226,AgentA wins,19.67,0,0,0,0,0,0,0,0,0,0
227,AgentA wins,15.00,0,0,0,0,0,0,0,0,0,0
228,AgentA wins,15.00,0,0,0,0,0,0,0,0,0,0
229,AgentA wins,19.67,0,0,0,0,0,0,0,0,0,0
230,AgentA wins,17.00,0,0,0,0,0,0,0,0,0,0
221,AgentA wins,15.00,0,0,0,0,0,0,0,0,0,0
222,AgentA wins,18.00,0,0,0,0,0,0,0,0,0,0
223,AgentA wins,18.00,0,0,0,0,0,0,0,0,0,0
224,AgentA wins,20.00,0,0,0,0,0,0,0,0,0,0
225,AgentA wins,15.00,0,0,0,0,0,0,0,0,0,0
226,AgentA wins,19.67,0,0,0,0,0,0,0,0,0,0
227,AgentA wins,22.33,0,0,0,0,0,0,0,0,0,0
228,AgentA wins,20.00,0,0,0,0,0,0,0,0,0,0
229,AgentA wins,17.00,0,0,0,0,0,0,0,0,0,0
230,AgentA wins,20.00,0,0,0,0,0,0,0,0,0,0
181,AgentB wins,23.00,0,0,0,0,0,0,0,0,0,0
182,AgentB wins,34.33,0,0,0,0,0,0,0,0,0,0
183,AgentA wins,27.00,0,0,0,0,0,0,0,0,0,0
184,AgentA wins,18.00,0,0,0,0,0,0,0,0,0,0
185,AgentB wins,34.33,0,0,0,0,0,0,0,0,0,0
186,AgentA wins,15.00,0,0,0,0,0,0,0,0,0,0
187,AgentA wins,34.67,0,0,0,0,0,0,0,0,0,0
188,AgentA wins,18.00,0,0,0,0,0,0,0,0,0,0
189,AgentA wins,27.33,0,0,0,0,0,0,0,0,0,0
190,AgentA wins,37.33,0,0,0,0,0,0,0,0,0,0
221,AgentA wins,20.00,0,0,0,0,0,0,0,0,0,0
222,AgentA wins,18.00,0,0,0,0,0,0,0,0,0,0
223,AgentA wins,20.00,0,0,0,0,0,0,0,0,0,0
224,AgentA wins,19.67,0,0,0,0,0,0,0,0,0,0
225,AgentA wins,17.00,0,0,0,0,0,0,0,0,0,0
226,AgentA wins,15.00,0,0,0,0,0,0,0,0,0,0
227,AgentA wins,20.00,0,0,0,0,0,0,0,0,0,0
228,AgentA wins,17.00,0,0,0,0,0,0,0,0,0,0
229,AgentA wins,20.00,0,0,0,0,0,0,0,0,0,0
230,AgentA wins,19.67,0,0,0,0,0,0,0,0,0,0
221,AgentA wins,22.33,0,0,0,0,0,0,0,0,0,0
222,AgentA wins,15.00,0,0,0,0,0,0,0,0,0,0
223,AgentA wins,19.67,0,0,0,0,0,0,0,0,0,0
224,AgentA wins,18.00,0,0,0,0,0,0,0,0,0,0
225,AgentA wins,20.00,0,0,0,0,0,0,0,0,0,0
226,AgentA wins,19.67,0,0,0,0,0,0,0,0,0,0
227,AgentA wins,22.33,0,0,0,0,0,0,0,0,0,0
228,AgentA wins,22.33,0,0,0,0,0,0,0,0,0,0
229,AgentA wins,19.67,0,0,0,0,0,0,0,0,0,0
230,AgentA wins,20.00,0,0,0,0,0,0,0,0,0,0
221,AgentA wins,20.00,0,0,0,0,0,0,0,0,0,0
222,AgentA wins,15.00,0,0,0,0,0,0,0,0,0,0
223,AgentA wins,19.67,0,0,0,0,0,0,0,0,0,0
224,AgentA wins,20.00,0,0,0,0,0,0,0,0,0,0
225,AgentA wins,20.00,0,0,0,0,0,0,0,0,0,0
226,AgentA wins,20.00,0,0,0,0,0,0,0,0,0,0
227,AgentA wins,22.33,0,0,0,0,0,0,0,0,0,0
228,AgentA wins,20.00,0,0,0,0,0,0,0,0,0,0
229,AgentA wins,19.67,0,0,0,0,0,0,0,0,0,0
230,AgentA wins,20.00,0,0,0,0,0,0,0,0,0,0
221,AgentA wins,20.00,0,0,0,0,0,0,0,0,0,0
222,AgentA wins,20.00,0,0,0,0,0,0,0,0,0,0
223,AgentA wins,20.00,0,0,0,0,0,0,0,0,0,0
224,AgentA wins,20.00,0,0,0,0,0,0,0,0,0,0
225,AgentA wins,18.00,0,0,0,0,0,0,0,0,0,0
226,AgentA wins,18.00,0,0,0,0,0,0,0,0,0,0
227,AgentA wins,17.00,0,0,0,0,0,0,0,0,0,0
228,AgentA wins,19.67,0,0,0,0,0,0,0,0,0,0
229,AgentA wins,17.00,0,0,0,0,0,0,0,0,0,0
230,AgentA wins,15.00,0,0,0,0,0,0,0,0,0,0
221,AgentA wins,15.00,0,0,0,0,0,0,0,0,0,0
222,AgentA wins,22.33,0,0,0,0,0,0,0,0,0,0
223,AgentA wins,20.00,0,0,0,0,0,0,0,0,0,0
224,AgentA wins,17.00,0,0,0,0,0,0,0,0,0,0
225,AgentA wins,20.00,0,0,0,0,0,0,0,0,0,0
226,AgentA wins,18.00,0,0,0,0,0,0,0,0,0,0
227,AgentA wins,20.00,0,0,0,0,0,0,0,0,0,0
228,AgentA wins,15.00,0,0,0,0,0,0,0,0,0,0
229,AgentA wins,19.67,0,0,0,0,0,0,0,0,0,0
230,AgentA wins,20.00,0,0,0,0,0,0,0,0,0,0
181,AgentB wins,25.00,0,0,0,0,0,0,0,0,0,0
182,AgentA wins,40.67,0,0,0,0,0,0,0,0,0,0
183,AgentA wins,30.00,0,0,0,0,0,0,0,0,0,0
184,AgentB wins,31.33,0,0,0,0,0,0,0,0,0,0
185,AgentB wins,36.00,0,0,0,0,0,0,0,0,0,0
186,AgentA wins,18.00,0,0,0,0,0,0,0,0,0,0
187,AgentA wins,15.00,0,0,0,0,0,0,0,0,0,0
188,AgentA wins,18.00,0,0,0,0,0,0,0,0,0,0
189,AgentA wins,18.00,0,0,0,0,0,0,0,0,0,0
190,AgentA wins,21.00,0,0,0,0,0,0,0,0,0,0
221,AgentA wins,19.67,0,0,0,0,0,0,0,0,0,0
222,AgentA wins,20.00,0,0,0,0,0,0,0,0,0,0
223,AgentA wins,20.00,0,0,0,0,0,0,0,0,0,0
224,AgentA wins,20.00,0,0,0,0,0,0,0,0,0,0
225,AgentA wins,17.00,0,0,0,0,0,0,0,0,0,0
226,AgentA wins,20.00,0,0,0,0,0,0,0,0,0,0
227,AgentA wins,19.67,0,0,0,0,0,0,0,0,0,0
228,AgentA wins,18.00,0,0,0,0,0,0,0,0,0,0
229,AgentA wins,19.67,0,0,0,0,0,0,0,0,0,0
230,AgentA wins,19.67,0,0,0,0,0,0,0,0,0,0
221,AgentA wins,27.33,0,0,0,0,0,0,0,0,0,0
222,AgentA wins,20.00,0,0,0,0,0,0,0,0,0,0
223,AgentA wins,20.00,0,0,0,0,0,0,0,0,0,0
224,AgentA wins,20.00,0,0,0,0,0,0,0,0,0,0
225,AgentA wins,20.00,0,0,0,0,0,0,0,0,0,0
226,AgentA wins,22.33,0,0,0,0,0,0,0,0,0,0
227,AgentA wins,22.33,0,0,0,0,0,0,0,0,0,0
228,AgentA wins,19.67,0,0,0,0,0,0,0,0,0,0
229,AgentA wins,19.67,0,0,0,0,0,0,0,0,0,0
230,AgentA wins,20.00,0,0,0,0,0,0,0,0,0,0
221,AgentA wins,20.00,0,0,0,0,0,0,0,0,0,0
222,AgentA wins,22.33,0,0,0,0,0,0,0,0,0,0
223,AgentA wins,18.00,0,0,0,0,0,0,0,0,0,0
224,AgentA wins,19.67,0,0,0,0,0,0,0,0,0,0
225,AgentA wins,19.67,0,0,0,0,0,0,0,0,0,0
226,AgentA wins,20.00,0,0,0,0,0,0,0,0,0,0
227,AgentA wins,20.00,0,0,0,0,0,0,0,0,0,0
228,AgentA wins,20.00,0,0,0,0,0,0,0,0,0,0
229,AgentA wins,19.67,0,0,0,0,0,0,0,0,0,0
230,AgentA wins,22.33,0,0,0,0,0,0,0,0,0,0
221,AgentA wins,20.00,0,0,0,0,0,0,0,0,0,0
222,AgentA wins,20.00,0,0,0,0,0,0,0,0,0,0
223,AgentA wins,20.00,0,0,0,0,0,0,0,0,0,0
224,AgentA wins,20.00,0,0,0,0,0,0,0,0,0,0
225,AgentA wins,19.67,0,0,0,0,0,0,0,0,0,0
226,AgentA wins,19.67,0,0,0,0,0,0,0,0,0,0
227,AgentA wins,20.00,0,0,0,0,0,0,0,0,0,0
228,AgentA wins,18.00,0,0,0,0,0,0,0,0,0,0
229,AgentA wins,20.00,0,0,0,0,0,0,0,0,0,0
230,AgentA wins,20.00,0,0,0,0,0,0,0,0,0,0
171,AgentA wins,21.00,0,0,0,0,0,0,0,0,0,0
172,AgentA wins,24.00,0,0,0,0,0,0,0,0,0,0
173,AgentA wins,37.33,0,0,0,0,0,0,0,0,0,0
174,AgentA wins,35.00,0,0,0,0,0,0,0,0,0,0
175,AgentA wins,18.00,0,0,0,0,0,0,0,0,0,0
176,AgentA wins,32.67,0,0,0,0,0,0,0,0,0,0
177,AgentA wins,18.00,0,0,0,0,0,0,0,0,0,0
178,AgentA wins,21.00,0,0,0,0,0,0,0,0,0,0
179,AgentB wins,24.33,0,0,0,0,0,0,0,0,0,0
180,AgentA wins,33.00,0,0,0,0,0,0,0,0,0,0
221,AgentA wins,19.67,0,0,0,0,0,0,0,0,0,0
222,AgentA wins,20.00,0,0,0,0,0,0,0,0,0,0
223,AgentA wins,20.00,0,0,0,0,0,0,0,0,0,0
224,AgentA wins,22.33,0,0,0,0,0,0,0,0,0,0
225,AgentA wins,17.00,0,0,0,0,0,0,0,0,0,0
226,AgentA wins,19.67,0,0,0,0,0,0,0,0,0,0
227,AgentA wins,22.33,0,0,0,0,0,0,0,0,0,0
228,AgentA wins,15.00,0,0,0,0,0,0,0,0,0,0
229,AgentA wins,15.00,0,0,0,0,0,0,0,0,0,0
230,AgentA wins,20.00,0,0,0,0,0,0,0,0,0,0
221,AgentA wins,20.00,0,0,0,0,0,0,0,0,0,0
222,AgentA wins,20.00,0,0,0,0,0,0,0,0,0,0
223,AgentA wins,19.67,0,0,0,0,0,0,0,0,0,0
224,AgentA wins,18.00,0,0,0,0,0,0,0,0,0,0
225,AgentA wins,20.00,0,0,0,0,0,0,0,0,0,0
226,AgentA wins,22.33,0,0,0,0,0,0,0,0,0,0
227,AgentA wins,17.00,0,0,0,0,0,0,0,0,0,0
228,AgentA wins,17.00,0,0,0,0,0,0,0,0,0,0
229,AgentA wins,15.00,0,0,0,0,0,0,0,0,0,0
230,AgentA wins,20.00,0,0,0,0,0,0,0,0,0,0
181,AgentA wins,15.00,0,0,0,0,0,0,0,0,0,0
182,AgentA wins,29.00,0,0,0,0,0,0,0,0,0,0
183,AgentA wins,15.00,0,0,0,0,0,0,0,0,0,0
184,AgentA wins,18.67,0,0,0,0,0,0,0,0,0,0
185,AgentA wins,36.00,0,0,0,0,0,0,0,0,0,0
186,AgentA wins,57.33,0,0,0,0,0,0,0,0,0,0
187,AgentB wins,55.00,0,0,0,0,0,0,0,0,0,0
188,AgentA wins,38.33,0,0,0,0,0,0,0,0,0,0
189,AgentA wins,27.00,0,0,0,0,0,0,0,0,0,0
190,AgentA wins,15.00,0,0,0,0,0,0,0,0,0,0
181,AgentA wins,30.33,0,0,0,0,0,0,0,0,0,0
182,AgentA wins,36.67,0,0,0,0,0,0,0,0,0,0
183,AgentA wins,27.00,0,0,0,0,0,0,0,0,0,0
184,AgentA wins,15.00,0,0,0,0,0,0,0,0,0,0
185,AgentA wins,38.33,0,0,0,0,0,0,0,0,0,0
186,AgentB wins,31.00,0,0,0,0,0,0,0,0,0,0
187,AgentA wins,15.00,0,0,0,0,0,0,0,0,0,0
188,AgentA wins,15.00,0,0,0,0,0,0,0,0,0,0
189,AgentA wins,21.00,0,0,0,0,0,0,0,0,0,0
190,AgentA wins,30.00,0,0,0,0,0,0,0,0,0,0
181,AgentA wins,36.00,0,0,0,0,0,0,0,0,0,0
182,AgentA wins,15.00,0,0,0,0,0,0,0,0,0,0
183,AgentA wins,37.00,0,0,0,0,0,0,0,0,0,0
184,AgentA wins,35.67,0,0,0,0,0,0,0,0,0,0
185,AgentA wins,18.00,0,0,0,0,0,0,0,0,0,0
186,AgentA wins,26.67,0,0,0,0,0,0,0,0,0,0
187,AgentA wins,29.33,0,0,0,0,0,0,0,0,0,0
188,AgentA wins,18.33,0,0,0,0,0,0,0,0,0,0
189,AgentA wins,35.00,0,0,0,0,0,0,0,0,0,0
190,AgentA wins,32.00,0,0,0,0,0,0,0,0,0,0
181,AgentA wins,29.67,0,0,0,0,0,0,0,0,0,0
182,AgentA wins,27.00,0,0,0,0,0,0,0,0,0,0
183,AgentA wins,30.00,0,0,0,0,0,0,0,0,0,0
184,AgentB wins,24.67,0,0,0,0,0,0,0,0,0,0
185,AgentA wins,32.33,0,0,0,0,0,0,0,0,0,0
186,AgentB wins,32.67,0,0,0,0,0,0,0,0,0,0
187,AgentA wins,24.00,0,0,0,0,0,0,0,0,0,0
188,AgentA wins,15.00,0,0,0,0,0,0,0,0,0,0
189,AgentA wins,23.67,0,0,0,0,0,0,0,0,0,0
190,AgentA wins,29.33,0,0,0,0,0,0,0,0,0,0
181,AgentA wins,29.67,0,0,0,0,0,0,0,0,0,0
182,AgentA wins,15.00,0,0,0,0,0,0,0,0,0,0
183,AgentA wins,15.00,0,0,0,0,0,0,0,0,0,0
184,AgentA wins,15.00,0,0,0,0,0,0,0,0,0,0
185,AgentA wins,35.67,0,0,0,0,0,0,0,0,0,0
186,AgentA wins,24.33,0,0,0,0,0,0,0,0,0,0
187,AgentB wins,25.67,0,0,0,0,0,0,0,0,0,0
188,AgentA wins,26.00,0,0,0,0,0,0,0,0,0,0
189,AgentA wins,15.00,0,0,0,0,0,0,0,0,0,0
190,AgentB wins,54.00,0,0,0,0,0,0,0,0,0,0
181,AgentB wins,37.00,0,0,0,0,0,0,0,0,0,0
182,AgentA wins,29.33,0,0,0,0,0,0,0,0,0,0
183,AgentA wins,27.00,0,0,0,0,0,0,0,0,0,0
184,AgentA wins,34.00,0,0,0,0,0,0,0,0,0,0
185,AgentA wins,15.00,0,0,0,0,0,0,0,0,0,0
186,AgentA wins,20.67,0,0,0,0,0,0,0,0,0,0
187,AgentA wins,38.33,0,0,0,0,0,0,0,0,0,0
188,AgentA wins,15.00,0,0,0,0,0,0,0,0,0,0
189,AgentB wins,46.00,0,0,0,0,0,0,0,0,0,0
190,AgentA wins,15.00,0,0,0,0,0,0,0,0,0,0
231,AgentA wins,20.00,0,0,0,0,0,0,0,0,0,0
232,AgentA wins,15.00,0,0,0,0,0,0,0,0,0,0
233,AgentA wins,20.00,0,0,0,0,0,0,0,0,0,0
234,AgentA wins,18.00,0,0,0,0,0,0,0,0,0,0
235,AgentA wins,20.00,0,0,0,0,0,0,0,0,0,0
236,AgentA wins,19.67,0,0,0,0,0,0,0,0,0,0
237,AgentA wins,19.67,0,0,0,0,0,0,0,0,0,0
238,AgentA wins,19.67,0,0,0,0,0,0,0,0,0,0
239,AgentA wins,17.00,0,0,0,0,0,0,0,0,0,0
240,AgentA wins,20.00,0,0,0,0,0,0,0,0,0,0
231,AgentA wins,15.00,0,0,0,0,0,0,0,0,0,0
232,AgentA wins,15.00,0,0,0,0,0,0,0,0,0,0
233,AgentA wins,25.00,0,0,0,0,0,0,0,0,0,0
234,AgentA wins,22.33,0,0,0,0,0,0,0,0,0,0
235,AgentA wins,15.00,0,0,0,0,0,0,0,0,0,0
236,AgentA wins,20.00,0,0,0,0,0,0,0,0,0,0
237,AgentA wins,18.00,0,0,0,0,0,0,0,0,0,0
238,AgentA wins,19.67,0,0,0,0,0,0,0,0,0,0
239,AgentA wins,19.67,0,0,0,0,0,0,0,0,0,0
240,AgentA wins,23.33,0,0,0,0,0,0,0,0,0,0
231,AgentA wins,20.00,0,0,0,0,0,0,0,0,0,0
232,AgentA wins,22.33,0,0,0,0,0,0,0,0,0,0
233,AgentA wins,20.00,0,0,0,0,0,0,0,0,0,0
234,AgentA wins,20.00,0,0,0,0,0,0,0,0,0,0
235,AgentA wins,20.00,0,0,0,0,0,0,0,0,0,0
236,AgentA wins,17.00,0,0,0,0,0,0,0,0,0,0
237,AgentA wins,15.00,0,0,0,0,0,0,0,0,0,0
238,AgentA wins,19.67,0,0,0,0,0,0,0,0,0,0
239,AgentA wins,20.00,0,0,0,0,0,0,0,0,0,0
240,AgentA wins,20.00,0,0,0,0,0,0,0,0,0,0
231,AgentA wins,17.00,0,0,0,0,0,0,0,0,0,0
232,AgentA wins,20.00,0,0,0,0,0,0,0,0,0,0
233,AgentA wins,15.00,0,0,0,0,0,0,0,0,0,0
234,AgentA wins,18.00,0,0,0,0,0,0,0,0,0,0
235,AgentA wins,15.00,0,0,0,0,0,0,0,0,0,0
236,AgentA wins,19.67,0,0,0,0,0,0,0,0,0,0
237,AgentA wins,15.00,0,0,0,0,0,0,0,0,0,0
238,AgentA wins,19.67,0,0,0,0,0,0,0,0,0,0
239,AgentA wins,18.00,0,0,0,0,0,0,0,0,0,0
240,AgentA wins,15.00,0,0,0,0,0,0,0,0,0,0
191,AgentA wins,18.00,165,162,0,97,0,129,0,21,23,33
192,AgentA wins,15.00,138,138,0,76,0,112,0,13,29,21
193,AgentA wins,18.00,159,162,0,108,0,130,0,23,21,36
194,AgentB wins,39.67,358,361,0,209,0,277,0,41,54,74
195,AgentA wins,21.67,193,195,0,118,0,153,0,21,30,42
196,AgentA wins,18.00,162,166,0,108,0,127,0,23,18,41
197,AgentA wins,33.00,296,299,0,171,0,237,0,38,42,55
198,AgentB wins,30.33,279,275,0,155,0,217,0,34,49,51
199,AgentA wins,18.00,163,161,0,92,0,129,0,17,20,57
200,AgentA wins,15.00,133,133,0,82,0,110,0,18,23,23
231,AgentA wins,15.00,0,0,0,0,0,0,0,0,0,0
232,AgentA wins,20.00,0,0,0,0,0,0,0,0,0,0
233,AgentA wins,15.00,0,0,0,0,0,0,0,0,0,0
234,AgentA wins,22.33,0,0,0,0,0,0,0,0,0,0
235,AgentA wins,20.00,0,0,0,0,0,0,0,0,0,0
236,AgentA wins,19.67,0,0,0,0,0,0,0,0,0,0
237,AgentA wins,15.00,0,0,0,0,0,0,0,0,0,0
238,AgentA wins,20.00,0,0,0,0,0,0,0,0,0,0
239,AgentA wins,18.00,0,0,0,0,0,0,0,0,0,0
240,AgentA wins,15.00,0,0,0,0,0,0,0,0,0,0
231,AgentA wins,17.00,0,0,0,0,0,0,0,0,0,0
232,AgentA wins,20.00,0,0,0,0,0,0,0,0,0,0
233,AgentA wins,18.00,0,0,0,0,0,0,0,0,0,0
234,AgentA wins,18.00,0,0,0,0,0,0,0,0,0,0
235,AgentA wins,19.67,0,0,0,0,0,0,0,0,0,0
236,AgentA wins,17.00,0,0,0,0,0,0,0,0,0,0
237,AgentA wins,20.00,0,0,0,0,0,0,0,0,0,0
238,AgentA wins,20.00,0,0,0,0,0,0,0,0,0,0
239,AgentA wins,15.00,0,0,0,0,0,0,0,0,0,0
240,AgentA wins,20.00,0,0,0,0,0,0,0,0,0,0
231,AgentA wins,19.67,0,0,0,0,0,0,0,0,0,0
232,AgentA wins,18.00,0,0,0,0,0,0,0,0,0,0
233,AgentA wins,20.00,0,0,0,0,0,0,0,0,0,0
234,AgentA wins,22.33,0,0,0,0,0,0,0,0,0,0
235,AgentA wins,18.00,0,0,0,0,0,0,0,0,0,0
236,AgentA wins,15.00,0,0,0,0,0,0,0,0,0,0
237,AgentA wins,22.33,0,0,0,0,0,0,0,0,0,0
238,AgentA wins,20.00,0,0,0,0,0,0,0,0,0,0
239,AgentA wins,20.00,0,0,0,0,0,0,0,0,0,0
240,AgentA wins,19.67,0,0,0,0,0,0,0,0,0,0
231,AgentA wins,19.67,0,0,0,0,0,0,0,0,0,0
232,AgentA wins,22.33,0,0,0,0,0,0,0,0,0,0
233,AgentA wins,22.33,0,0,0,0,0,0,0,0,0,0
234,AgentA wins,20.00,0,0,0,0,0,0,0,0,0,0
235,AgentA wins,18.00,0,0,0,0,0,0,0,0,0,0
236,AgentA wins,19.67,0,0,0,0,0,0,0,0,0,0
237,AgentA wins,15.00,0,0,0,0,0,0,0,0,0,0
238,AgentA wins,15.00,0,0,0,0,0,0,0,0,0,0
239,AgentA wins,20.00,0,0,0,0,0,0,0,0,0,0
240,AgentA wins,20.00,0,0,0,0,0,0,0,0,0,0
231,AgentA wins,22.33,0,0,0,0,0,0,0,0,0,0
232,AgentA wins,17.00,0,0,0,0,0,0,0,0,0,0
233,AgentA wins,15.00,0,0,0,0,0,0,0,0,0,0
234,AgentA wins,15.00,0,0,0,0,0,0,0,0,0,0
235,AgentA wins,18.00,0,0,0,0,0,0,0,0,0,0
236,AgentA wins,15.00,0,0,0,0,0,0,0,0,0,0
237,AgentA wins,19.67,0,0,0,0,0,0,0,0,0,0
238,AgentA wins,20.00,0,0,0,0,0,0,0,0,0,0
239,AgentA wins,19.67,0,0,0,0,0,0,0,0,0,0
240,AgentA wins,15.00,0,0,0,0,0,0,0,0,0,0
231,AgentA wins,19.67,0,0,0,0,0,0,0,0,0,0
232,AgentA wins,20.00,0,0,0,0,0,0,0,0,0,0
233,AgentA wins,22.33,0,0,0,0,0,0,0,0,0,0
234,AgentA wins,19.67,0,0,0,0,0,0,0,0,0,0
235,AgentA wins,20.00,0,0,0,0,0,0,0,0,0,0
236,AgentA wins,20.00,0,0,0,0,0,0,0,0,0,0
237,AgentA wins,19.67,0,0,0,0,0,0,0,0,0,0
238,AgentA wins,18.00,0,0,0,0,0,0,0,0,0,0
239,AgentA wins,17.00,0,0,0,0,0,0,0,0,0,0
240,AgentB wins,24.67,0,0,0,0,0,0,0,0,0,0
231,AgentA wins,15.00,0,0,0,0,0,0,0,0,0,0
232,AgentA wins,18.00,0,0,0,0,0,0,0,0,0,0
233,AgentA wins,18.00,0,0,0,0,0,0,0,0,0,0
234,AgentA wins,20.00,0,0,0,0,0,0,0,0,0,0
235,AgentA wins,15.00,0,0,0,0,0,0,0,0,0,0
236,AgentA wins,20.00,0,0,0,0,0,0,0,0,0,0
237,AgentA wins,20.00,0,0,0,0,0,0,0,0,0,0
238,AgentA wins,22.67,0,0,0,0,0,0,0,0,0,0
239,AgentA wins,19.67,0,0,0,0,0,0,0,0,0,0
240,AgentA wins,20.00,0,0,0,0,0,0,0,0,0,0
231,AgentA wins,15.00,0,0,0,0,0,0,0,0,0,0
232,AgentA wins,15.00,0,0,0,0,0,0,0,0,0,0
233,AgentA wins,22.33,0,0,0,0,0,0,0,0,0,0
234,AgentA wins,15.00,0,0,0,0,0,0,0,0,0,0
235,AgentA wins,20.00,0,0,0,0,0,0,0,0,0,0
236,AgentA wins,20.00,0,0,0,0,0,0,0,0,0,0
237,AgentA wins,18.00,0,0,0,0,0,0,0,0,0,0
238,AgentA wins,22.33,0,0,0,0,0,0,0,0,0,0
239,AgentA wins,19.67,0,0,0,0,0,0,0,0,0,0
240,AgentA wins,15.00,0,0,0,0,0,0,0,0,0,0
231,AgentA wins,15.00,0,0,0,0,0,0,0,0,0,0
232,AgentA wins,20.00,0,0,0,0,0,0,0,0,0,0
233,AgentA wins,15.00,0,0,0,0,0,0,0,0,0,0
234,AgentA wins,22.33,0,0,0,0,0,0,0,0,0,0
235,AgentA wins,20.00,0,0,0,0,0,0,0,0,0,0
236,AgentA wins,19.67,0,0,0,0,0,0,0,0,0,0
237,AgentA wins,15.00,0,0,0,0,0,0,0,0,0,0
238,AgentA wins,22.33,0,0,0,0,0,0,0,0,0,0
239,AgentA wins,20.00,0,0,0,0,0,0,0,0,0,0
240,AgentA wins,19.67,0,0,0,0,0,0,0,0,0,0
231,AgentA wins,18.00,0,0,0,0,0,0,0,0,0,0
232,AgentA wins,20.00,0,0,0,0,0,0,0,0,0,0
233,AgentA wins,20.00,0,0,0,0,0,0,0,0,0,0
234,AgentA wins,19.67,0,0,0,0,0,0,0,0,0,0
235,AgentA wins,20.00,0,0,0,0,0,0,0,0,0,0
236,AgentA wins,23.33,0,0,0,0,0,0,0,0,0,0
237,AgentA wins,18.00,0,0,0,0,0,0,0,0,0,0
238,AgentA wins,20.00,0,0,0,0,0,0,0,0,0,0
239,AgentA wins,15.00,0,0,0,0,0,0,0,0,0,0
240,AgentA wins,22.33,0,0,0,0,0,0,0,0,0,0
231,AgentA wins,20.00,0,0,0,0,0,0,0,0,0,0
232,AgentA wins,19.67,0,0,0,0,0,0,0,0,0,0
233,AgentA wins,19.67,0,0,0,0,0,0,0,0,0,0
234,AgentA wins,19.67,0,0,0,0,0,0,0,0,0,0
235,AgentA wins,19.67,0,0,0,0,0,0,0,0,0,0
236,AgentA wins,19.67,0,0,0,0,0,0,0,0,0,0
237,AgentA wins,20.00,0,0,0,0,0,0,0,0,0,0
238,AgentA wins,17.00,0,0,0,0,0,0,0,0,0,0
239,AgentA wins,20.00,0,0,0,0,0,0,0,0,0,0
240,AgentA wins,19.67,0,0,0,0,0,0,0,0,0,0
191,AgentA wins,18.00,0,0,0,0,0,0,0,0,0,0
192,AgentA wins,18.00,0,0,0,0,0,0,0,0,0,0
193,AgentA wins,18.67,0,0,0,0,0,0,0,0,0,0
194,AgentA wins,31.67,0,0,0,0,0,0,0,0,0,0
195,AgentA wins,18.00,0,0,0,0,0,0,0,0,0,0
196,AgentA wins,15.00,0,0,0,0,0,0,0,0,0,0
197,AgentA wins,29.67,0,0,0,0,0,0,0,0,0,0
198,AgentA wins,21.33,0,0,0,0,0,0,0,0,0,0
199,AgentA wins,23.67,0,0,0,0,0,0,0,0,0,0
200,AgentA wins,27.00,0,0,0,0,0,0,0,0,0,0
191,AgentA wins,15.00,0,0,0,0,0,0,0,0,0,0
192,AgentA wins,27.33,0,0,0,0,0,0,0,0,0,0
193,AgentA wins,39.00,0,0,0,0,0,0,0,0,0,0
194,AgentA wins,36.00,0,0,0,0,0,0,0,0,0,0
195,AgentA wins,34.67,0,0,0,0,0,0,0,0,0,0
196,AgentB wins,21.67,0,0,0,0,0,0,0,0,0,0
197,AgentA wins,35.33,0,0,0,0,0,0,0,0,0,0
198,AgentA wins,18.00,0,0,0,0,0,0,0,0,0,0
199,AgentA wins,35.00,0,0,0,0,0,0,0,0,0,0
200,AgentA wins,21.00,0,0,0,0,0,0,0,0,0,0
181,AgentA wins,32.33,0,0,0,0,0,0,0,0,0,0
182,AgentA wins,35.00,0,0,0,0,0,0,0,0,0,0
183,AgentA wins,23.33,0,0,0,0,0,0,0,0,0,0
184,AgentB wins,39.33,0,0,0,0,0,0,0,0,0,0
185,AgentB wins,31.33,0,0,0,0,0,0,0,0,0,0
186,AgentA wins,15.00,0,0,0,0,0,0,0,0,0,0
187,AgentA wins,41.33,0,0,0,0,0,0,0,0,0,0
188,AgentA wins,18.00,0,0,0,0,0,0,0,0,0,0
189,AgentA wins,15.00,0,0,0,0,0,0,0,0,0,0
190,AgentA wins,18.00,0,0,0,0,0,0,0,0,0,0
191,AgentA wins,15.00,0,0,0,0,0,0,0,0,0,0
192,AgentA wins,15.00,0,0,0,0,0,0,0,0,0,0
193,AgentA wins,41.00,0,0,0,0,0,0,0,0,0,0
194,AgentA wins,34.67,0,0,0,0,0,0,0,0,0,0
195,AgentA wins,15.00,0,0,0,0,0,0,0,0,0,0
196,AgentA wins,32.00,0,0,0,0,0,0,0,0,0,0
197,AgentB wins,39.33,0,0,0,0,0,0,0,0,0,0
198,AgentA wins,41.00,0,0,0,0,0,0,0,0,0,0
199,AgentB wins,33.67,0,0,0,0,0,0,0,0,0,0
200,AgentA wins,21.67,0,0,0,0,0,0,0,0,0,0
191,AgentA wins,15.00,0,0,0,0,0,0,0,0,0,0
192,AgentA wins,15.67,0,0,0,0,0,0,0,0,0,0
193,AgentA wins,37.67,0,0,0,0,0,0,0,0,0,0
194,AgentA wins,18.00,0,0,0,0,0,0,0,0,0,0
195,AgentA wins,18.00,0,0,0,0,0,0,0,0,0,0
196,AgentA wins,29.00,0,0,0,0,0,0,0,0,0,0
197,AgentA wins,37.33,0,0,0,0,0,0,0,0,0,0
198,AgentA wins,15.00,0,0,0,0,0,0,0,0,0,0
199,AgentA wins,15.00,0,0,0,0,0,0,0,0,0,0
200,AgentA wins,18.00,0,0,0,0,0,0,0,0,0,0
241,AgentA wins,18.00,0,0,0,0,0,0,0,0,0,0
242,AgentA wins,19.67,0,0,0,0,0,0,0,0,0,0
243,AgentA wins,17.00,0,0,0,0,0,0,0,0,0,0
244,AgentA wins,19.67,0,0,0,0,0,0,0,0,0,0
245,AgentA wins,19.67,0,0,0,0,0,0,0,0,0,0
246,AgentA wins,20.00,0,0,0,0,0,0,0,0,0,0
247,AgentA wins,15.00,0,0,0,0,0,0,0,0,0,0
248,AgentA wins,15.00,0,0,0,0,0,0,0,0,0,0
249,AgentA wins,19.67,0,0,0,0,0,0,0,0,0,0
250,AgentA wins,17.00,0,0,0,0,0,0,0,0,0,0
241,AgentA wins,20.00,0,0,0,0,0,0,0,0,0,0
242,AgentA wins,20.00,0,0,0,0,0,0,0,0,0,0
243,AgentA wins,19.67,0,0,0,0,0,0,0,0,0,0
244,AgentA wins,19.67,0,0,0,0,0,0,0,0,0,0
245,AgentA wins,15.00,0,0,0,0,0,0,0,0,0,0
246,AgentA wins,20.00,0,0,0,0,0,0,0,0,0,0
247,AgentA wins,20.00,0,0,0,0,0,0,0,0,0,0
248,AgentA wins,20.00,0,0,0,0,0,0,0,0,0,0
249,AgentA wins,18.00,0,0,0,0,0,0,0,0,0,0
250,AgentA wins,18.00,0,0,0,0,0,0,0,0,0,0
241,AgentA wins,15.00,0,0,0,0,0,0,0,0,0,0
242,AgentA wins,22.33,0,0,0,0,0,0,0,0,0,0
243,AgentA wins,22.33,0,0,0,0,0,0,0,0,0,0
244,AgentA wins,17.00,0,0,0,0,0,0,0,0,0,0
245,AgentA wins,19.67,0,0,0,0,0,0,0,0,0,0
246,AgentA wins,15.00,0,0,0,0,0,0,0,0,0,0
247,AgentA wins,20.00,0,0,0,0,0,0,0,0,0,0
248,AgentA wins,15.00,0,0,0,0,0,0,0,0,0,0
249,AgentA wins,20.00,0,0,0,0,0,0,0,0,0,0
250,AgentA wins,19.67,0,0,0,0,0,0,0,0,0,0
191,AgentA wins,42.67,0,0,0,0,0,0,0,0,0,0
192,AgentA wins,27.00,0,0,0,0,0,0,0,0,0,0
193,AgentA wins,39.00,0,0,0,0,0,0,0,0,0,0
194,AgentA wins,18.33,0,0,0,0,0,0,0,0,0,0
195,AgentA wins,29.33,0,0,0,0,0,0,0,0,0,0
196,AgentA wins,15.00,0,0,0,0,0,0,0,0,0,0
197,AgentB wins,38.67,0,0,0,0,0,0,0,0,0,0
198,AgentA wins,24.00,0,0,0,0,0,0,0,0,0,0
199,AgentA wins,30.00,0,0,0,0,0,0,0,0,0,0
200,AgentA wins,29.33,0,0,0,0,0,0,0,0,0,0
191,AgentA wins,15.00,0,0,0,0,0,0,0,0,0,0
192,AgentA wins,35.00,0,0,0,0,0,0,0,0,0,0
193,AgentA wins,15.00,0,0,0,0,0,0,0,0,0,0
194,AgentA wins,18.00,0,0,0,0,0,0,0,0,0,0
195,AgentA wins,18.00,0,0,0,0,0,0,0,0,0,0
196,AgentA wins,27.00,0,0,0,0,0,0,0,0,0,0
197,AgentA wins,23.00,0,0,0,0,0,0,0,0,0,0
198,AgentA wins,31.67,0,0,0,0,0,0,0,0,0,0
199,AgentA wins,24.00,0,0,0,0,0,0,0,0,0,0
200,AgentA wins,18.00,0,0,0,0,0,0,0,0,0,0
241,AgentA wins,22.33,0,0,0,0,0,0,0,0,0,0
242,AgentA wins,17.00,0,0,0,0,0,0,0,0,0,0
243,AgentA wins,20.00,0,0,0,0,0,0,0,0,0,0
244,AgentA wins,19.67,0,0,0,0,0,0,0,0,0,0
245,AgentA wins,15.00,0,0,0,0,0,0,0,0,0,0
246,AgentA wins,20.00,0,0,0,0,0,0,0,0,0,0
247,AgentA wins,22.33,0,0,0,0,0,0,0,0,0,0
248,AgentA wins,15.00,0,0,0,0,0,0,0,0,0,0
249,AgentA wins,20.00,0,0,0,0,0,0,0,0,0,0
250,AgentA wins,20.00,0,0,0,0,0,0,0,0,0,0
241,AgentA wins,20.00,0,0,0,0,0,0,0,0,0,0
242,AgentA wins,17.00,0,0,0,0,0,0,0,0,0,0
243,AgentA wins,17.00,0,0,0,0,0,0,0,0,0,0
244,AgentA wins,18.00,0,0,0,0,0,0,0,0,0,0
245,AgentA wins,19.67,0,0,0,0,0,0,0,0,0,0
246,AgentA wins,15.00,0,0,0,0,0,0,0,0,0,0
247,AgentA wins,17.00,0,0,0,0,0,0,0,0,0,0
248,AgentA wins,19.67,0,0,0,0,0,0,0,0,0,0
249,AgentA wins,20.00,0,0,0,0,0,0,0,0,0,0
250,AgentA wins,15.00,0,0,0,0,0,0,0,0,0,0
241,AgentA wins,19.67,0,0,0,0,0,0,0,0,0,0
242,AgentA wins,22.33,0,0,0,0,0,0,0,0,0,0
243,AgentA wins,19.67,0,0,0,0,0,0,0,0,0,0
244,AgentA wins,15.00,0,0,0,0,0,0,0,0,0,0
245,AgentA wins,20.00,0,0,0,0,0,0,0,0,0,0
246,AgentA wins,20.00,0,0,0,0,0,0,0,0,0,0
247,AgentA wins,18.00,0,0,0,0,0,0,0,0,0,0
248,AgentA wins,15.00,0,0,0,0,0,0,0,0,0,0
249,AgentA wins,17.00,0,0,0,0,0,0,0,0,0,0
250,AgentA wins,22.33,0,0,0,0,0,0,0,0,0,0
241,AgentA wins,20.00,0,0,0,0,0,0,0,0,0,0
242,AgentA wins,20.00,0,0,0,0,0,0,0,0,0,0
243,AgentA wins,17.00,0,0,0,0,0,0,0,0,0,0
244,AgentA wins,17.00,0,0,0,0,0,0,0,0,0,0
245,AgentA wins,15.00,0,0,0,0,0,0,0,0,0,0
246,AgentA wins,19.67,0,0,0,0,0,0,0,0,0,0
247,AgentA wins,20.00,0,0,0,0,0,0,0,0,0,0
248,AgentA wins,19.67,0,0,0,0,0,0,0,0,0,0
249,AgentA wins,15.00,0,0,0,0,0,0,0,0,0,0
250,AgentA wins,15.00,0,0,0,0,0,0,0,0,0,0
241,AgentA wins,22.33,0,0,0,0,0,0,0,0,0,0
242,AgentA wins,20.00,0,0,0,0,0,0,0,0,0,0
243,AgentA wins,15.00,0,0,0,0,0,0,0,0,0,0
244,AgentA wins,22.33,0,0,0,0,0,0,0,0,0,0
245,AgentA wins,15.00,0,0,0,0,0,0,0,0,0,0
246,AgentA wins,22.33,0,0,0,0,0,0,0,0,0,0
247,AgentA wins,20.00,0,0,0,0,0,0,0,0,0,0
248,AgentA wins,17.00,0,0,0,0,0,0,0,0,0,0
249,AgentA wins,22.33,0,0,0,0,0,0,0,0,0,0
250,AgentA wins,15.00,0,0,0,0,0,0,0,0,0,0
241,AgentA wins,22.33,0,0,0,0,0,0,0,0,0,0
242,AgentA wins,20.00,0,0,0,0,0,0,0,0,0,0
243,AgentA wins,20.00,0,0,0,0,0,0,0,0,0,0
244,AgentA wins,19.67,0,0,0,0,0,0,0,0,0,0
245,AgentA wins,15.00,0,0,0,0,0,0,0,0,0,0
246,AgentA wins,15.00,0,0,0,0,0,0,0,0,0,0
247,AgentA wins,20.00,0,0,0,0,0,0,0,0,0,0
248,AgentA wins,15.00,0,0,0,0,0,0,0,0,0,0
249,AgentA wins,19.67,0,0,0,0,0,0,0,0,0,0
250,AgentA wins,20.00,0,0,0,0,0,0,0,0,0,0
191,AgentA wins,15.00,0,0,0,0,0,0,0,0,0,0
192,AgentA wins,41.00,0,0,0,0,0,0,0,0,0,0
193,AgentA wins,15.00,0,0,0,0,0,0,0,0,0,0
194,AgentA wins,36.00,0,0,0,0,0,0,0,0,0,0
195,AgentA wins,15.00,0,0,0,0,0,0,0,0,0,0
196,AgentA wins,38.00,0,0,0,0,0,0,0,0,0,0
197,AgentB wins,30.67,0,0,0,0,0,0,0,0,0,0
198,AgentA wins,51.00,0,0,0,0,0,0,0,0,0,0
199,AgentA wins,15.00,0,0,0,0,0,0,0,0,0,0
200,AgentA wins,15.00,0,0,0,0,0,0,0,0,0,0
241,AgentB wins,24.67,0,0,0,0,0,0,0,0,0,0
242,AgentA wins,20.00,0,0,0,0,0,0,0,0,0,0
243,AgentA wins,22.33,0,0,0,0,0,0,0,0,0,0
244,AgentA wins,17.00,0,0,0,0,0,0,0,0,0,0
245,AgentA wins,15.00,0,0,0,0,0,0,0,0,0,0
246,AgentA wins,18.00,0,0,0,0,0,0,0,0,0,0
247,AgentA wins,18.00,0,0,0,0,0,0,0,0,0,0
248,AgentA wins,20.00,0,0,0,0,0,0,0,0,0,0
249,AgentA wins,15.00,0,0,0,0,0,0,0,0,0,0
250,AgentA wins,17.00,0,0,0,0,0,0,0,0,0,0
241,AgentA wins,19.67,0,0,0,0,0,0,0,0,0,0
242,AgentA wins,19.67,0,0,0,0,0,0,0,0,0,0
243,AgentA wins,17.00,0,0,0,0,0,0,0,0,0,0
244,AgentA wins,15.00,0,0,0,0,0,0,0,0,0,0
245,AgentA wins,20.00,0,0,0,0,0,0,0,0,0,0
246,AgentA wins,20.00,0,0,0,0,0,0,0,0,0,0
247,AgentA wins,15.00,0,0,0,0,0,0,0,0,0,0
248,AgentA wins,22.33,0,0,0,0,0,0,0,0,0,0
249,AgentA wins,20.00,0,0,0,0,0,0,0,0,0,0
250,AgentA wins,19.67,0,0,0,0,0,0,0,0,0,0
191,AgentA wins,24.00,0,0,0,0,0,0,0,0,0,0
192,AgentA wins,15.00,0,0,0,0,0,0,0,0,0,0
193,AgentA wins,36.00,0,0,0,0,0,0,0,0,0,0
194,AgentA wins,21.00,0,0,0,0,0,0,0,0,0,0
195,AgentA wins,15.00,0,0,0,0,0,0,0,0,0,0
196,AgentB wins,55.00,0,0,0,0,0,0,0,0,0,0
197,AgentA wins,27.00,0,0,0,0,0,0,0,0,0,0
198,AgentA wins,40.00,0,0,0,0,0,0,0,0,0,0
199,AgentA wins,24.67,0,0,0,0,0,0,0,0,0,0
200,AgentA wins,15.00,0,0,0,0,0,0,0,0,0,0
241,AgentA wins,15.00,0,0,0,0,0,0,0,0,0,0
242,AgentA wins,22.33,0,0,0,0,0,0,0,0,0,0
243,AgentA wins,19.67,0,0,0,0,0,0,0,0,0,0
244,AgentA wins,22.33,0,0,0,0,0,0,0,0,0,0
245,AgentA wins,19.67,0,0,0,0,0,0,0,0,0,0
246,AgentA wins,20.00,0,0,0,0,0,0,0,0,0,0
247,AgentA wins,22.33,0,0,0,0,0,0,0,0,0,0
248,AgentA wins,19.67,0,0,0,0,0,0,0,0,0,0
249,AgentA wins,20.00,0,0,0,0,0,0,0,0,0,0
250,AgentA wins,17.00,0,0,0,0,0,0,0,0,0,0
241,AgentA wins,20.00,0,0,0,0,0,0,0,0,0,0
242,AgentA wins,19.67,0,0,0,0,0,0,0,0,0,0
243,AgentA wins,20.00,0,0,0,0,0,0,0,0,0,0
244,AgentA wins,20.00,0,0,0,0,0,0,0,0,0,0
245,AgentA wins,23.33,0,0,0,0,0,0,0,0,0,0
246,AgentA wins,15.00,0,0,0,0,0,0,0,0,0,0
247,AgentA wins,18.00,0,0,0,0,0,0,0,0,0,0
248,AgentA wins,15.00,0,0,0,0,0,0,0,0,0,0
249,AgentA wins,19.67,0,0,0,0,0,0,0,0,0,0
250,AgentA wins,18.00,0,0,0,0,0,0,0,0,0,0
241,AgentA wins,19.67,0,0,0,0,0,0,0,0,0,0
242,AgentB wins,24.67,0,0,0,0,0,0,0,0,0,0
243,AgentA wins,20.00,0,0,0,0,0,0,0,0,0,0
244,AgentA wins,20.00,0,0,0,0,0,0,0,0,0,0
245,AgentA wins,22.33,0,0,0,0,0,0,0,0,0,0
246,AgentA wins,20.00,0,0,0,0,0,0,0,0,0,0
247,AgentA wins,15.00,0,0,0,0,0,0,0,0,0,0
248,AgentA wins,20.00,0,0,0,0,0,0,0,0,0,0
249,AgentA wins,20.00,0,0,0,0,0,0,0,0,0,0
250,AgentA wins,20.00,0,0,0,0,0,0,0,0,0,0
241,AgentA wins,15.00,0,0,0,0,0,0,0,0,0,0
242,AgentA wins,22.33,0,0,0,0,0,0,0,0,0,0
243,AgentA wins,15.00,0,0,0,0,0,0,0,0,0,0
244,AgentA wins,22.33,0,0,0,0,0,0,0,0,0,0
245,AgentA wins,20.00,0,0,0,0,0,0,0,0,0,0
246,AgentA wins,18.00,0,0,0,0,0,0,0,0,0,0
247,AgentA wins,20.00,0,0,0,0,0,0,0,0,0,0
248,AgentA wins,22.33,0,0,0,0,0,0,0,0,0,0
249,AgentA wins,15.00,0,0,0,0,0,0,0,0,0,0
250,AgentA wins,18.00,0,0,0,0,0,0,0,0,0,0
201,AgentA wins,28.67,254,261,0,154,0,210,0,34,50,33
202,AgentA wins,30.00,271,273,0,160,0,221,0,36,49,48
203,AgentA wins,39.33,355,360,0,215,0,271,0,49,56,66
204,AgentB wins,36.67,329,332,0,195,0,259,0,39,55,77
205,AgentA wins,15.00,136,134,0,76,0,105,0,15,18,35
206,AgentA wins,24.00,216,213,0,127,0,177,0,32,31,52
207,AgentA wins,21.00,191,189,0,119,0,153,0,29,20,46
208,AgentA wins,26.33,238,238,0,138,0,184,0,33,35,48
209,AgentA wins,28.00,255,253,0,156,0,195,0,32,30,75
210,AgentA wins,18.00,158,163,0,104,0,131,0,19,19,40
201,AgentA wins,18.00,0,0,0,0,0,0,0,0,0,0
202,AgentA wins,15.00,0,0,0,0,0,0,0,0,0,0
203,AgentA wins,30.67,0,0,0,0,0,0,0,0,0,0
204,AgentA wins,21.67,0,0,0,0,0,0,0,0,0,0
205,AgentA wins,32.00,0,0,0,0,0,0,0,0,0,0
206,AgentA wins,15.00,0,0,0,0,0,0,0,0,0,0
207,AgentA wins,15.00,0,0,0,0,0,0,0,0,0,0
208,AgentA wins,21.00,0,0,0,0,0,0,0,0,0,0
209,AgentA wins,24.67,0,0,0,0,0,0,0,0,0,0
210,AgentA wins,32.00,0,0,0,0,0,0,0,0,0,0
251,AgentA wins,15.00,0,0,0,0,0,0,0,0,0,0
252,AgentA wins,15.00,0,0,0,0,0,0,0,0,0,0
253,AgentA wins,20.00,0,0,0,0,0,0,0,0,0,0
254,AgentA wins,18.00,0,0,0,0,0,0,0,0,0,0
255,AgentA wins,18.00,0,0,0,0,0,0,0,0,0,0
256,AgentA wins,15.00,0,0,0,0,0,0,0,0,0,0
257,AgentA wins,20.00,0,0,0,0,0,0,0,0,0,0
258,AgentA wins,19.67,0,0,0,0,0,0,0,0,0,0
259,AgentA wins,19.67,0,0,0,0,0,0,0,0,0,0
260,AgentA wins,15.00,0,0,0,0,0,0,0,0,0,0
251,AgentA wins,17.00,0,0,0,0,0,0,0,0,0,0
252,AgentA wins,18.00,0,0,0,0,0,0,0,0,0,0
253,AgentA wins,20.00,0,0,0,0,0,0,0,0,0,0
254,AgentA wins,20.00,0,0,0,0,0,0,0,0,0,0
255,AgentA wins,19.67,0,0,0,0,0,0,0,0,0,0
256,AgentA wins,20.00,0,0,0,0,0,0,0,0,0,0
257,AgentA wins,20.00,0,0,0,0,0,0,0,0,0,0
258,AgentA wins,19.67,0,0,0,0,0,0,0,0,0,0
259,AgentA wins,20.00,0,0,0,0,0,0,0,0,0,0
260,AgentA wins,15.00,0,0,0,0,0,0,0,0,0,0
201,AgentA wins,26.33,0,0,0,0,0,0,0,0,0,0
202,AgentB wins,18.67,0,0,0,0,0,0,0,0,0,0
203,AgentA wins,15.00,0,0,0,0,0,0,0,0,0,0
204,AgentA wins,36.00,0,0,0,0,0,0,0,0,0,0
205,AgentA wins,30.00,0,0,0,0,0,0,0,0,0,0
206,AgentA wins,15.00,0,0,0,0,0,0,0,0,0,0
207,AgentA wins,31.67,0,0,0,0,0,0,0,0,0,0
208,AgentA wins,15.00,0,0,0,0,0,0,0,0,0,0
209,AgentA wins,24.00,0,0,0,0,0,0,0,0,0,0
210,AgentB wins,43.67,0,0,0,0,0,0,0,0,0,0
251,AgentA wins,20.00,0,0,0,0,0,0,0,0,0,0
252,AgentA wins,18.00,0,0,0,0,0,0,0,0,0,0
253,AgentA wins,18.00,0,0,0,0,0,0,0,0,0,0
254,AgentA wins,20.00,0,0,0,0,0,0,0,0,0,0
255,AgentA wins,15.00,0,0,0,0,0,0,0,0,0,0
256,AgentA wins,20.00,0,0,0,0,0,0,0,0,0,0
257,AgentA wins,20.00,0,0,0,0,0,0,0,0,0,0
258,AgentA wins,18.00,0,0,0,0,0,0,0,0,0,0
259,AgentA wins,20.00,0,0,0,0,0,0,0,0,0,0
260,AgentA wins,17.00,0,0,0,0,0,0,0,0,0,0
251,AgentA wins,15.00,0,0,0,0,0,0,0,0,0,0
252,AgentA wins,19.67,0,0,0,0,0,0,0,0,0,0
253,AgentA wins,20.00,0,0,0,0,0,0,0,0,0,0
254,AgentA wins,20.00,0,0,0,0,0,0,0,0,0,0
255,AgentA wins,18.00,0,0,0,0,0,0,0,0,0,0
256,AgentA wins,15.00,0,0,0,0,0,0,0,0,0,0
257,AgentA wins,20.00,0,0,0,0,0,0,0,0,0,0
258,AgentA wins,15.00,0,0,0,0,0,0,0,0,0,0
259,AgentA wins,15.00,0,0,0,0,0,0,0,0,0,0
260,AgentA wins,20.00,0,0,0,0,0,0,0,0,0,0
201,AgentB wins,29.00,0,0,0,0,0,0,0,0,0,0
202,AgentA wins,52.67,0,0,0,0,0,0,0,0,0,0
203,AgentA wins,15.00,0,0,0,0,0,0,0,0,0,0
204,AgentA wins,42.67,0,0,0,0,0,0,0,0,0,0
205,AgentA wins,24.00,0,0,0,0,0,0,0,0,0,0
206,AgentA wins,15.00,0,0,0,0,0,0,0,0,0,0
207,AgentA wins,21.00,0,0,0,0,0,0,0,0,0,0
208,AgentA wins,50.00,0,0,0,0,0,0,0,0,0,0
209,AgentA wins,24.00,0,0,0,0,0,0,0,0,0,0
210,AgentA wins,15.00,0,0,0,0,0,0,0,0,0,0
251,AgentA wins,15.00,0,0,0,0,0,0,0,0,0,0
252,AgentA wins,18.00,0,0,0,0,0,0,0,0,0,0
253,AgentA wins,15.00,0,0,0,0,0,0,0,0,0,0
254,AgentA wins,20.00,0,0,0,0,0,0,0,0,0,0
255,AgentA wins,15.00,0,0,0,0,0,0,0,0,0,0
256,AgentA wins,20.00,0,0,0,0,0,0,0,0,0,0
257,AgentA wins,20.00,0,0,0,0,0,0,0,0,0,0
258,AgentA wins,20.00,0,0,0,0,0,0,0,0,0,0
259,AgentA wins,20.00,0,0,0,0,0,0,0,0,0,0
260,AgentA wins,15.00,0,0,0,0,0,0,0,0,0,0
251,AgentA wins,19.67,0,0,0,0,0,0,0,0,0,0
252,AgentA wins,15.00,0,0,0,0,0,0,0,0,0,0
253,AgentA wins,15.00,0,0,0,0,0,0,0,0,0,0
254,AgentA wins,15.00,0,0,0,0,0,0,0,0,0,0
255,AgentA wins,20.00,0,0,0,0,0,0,0,0,0,0
256,AgentA wins,17.00,0,0,0,0,0,0,0,0,0,0
257,AgentA wins,15.00,0,0,0,0,0,0,0,0,0,0
258,AgentA wins,20.00,0,0,0,0,0,0,0,0,0,0
259,AgentA wins,22.33,0,0,0,0,0,0,0,0,0,0
260,AgentA wins,15.00,0,0,0,0,0,0,0,0,0,0
191,AgentA wins,18.00,0,0,0,0,0,0,0,0,0,0
192,AgentA wins,29.00,0,0,0,0,0,0,0,0,0,0
193,AgentB wins,52.67,0,0,0,0,0,0,0,0,0,0
194,AgentA wins,18.67,0,0,0,0,0,0,0,0,0,0
195,AgentB wins,39.67,0,0,0,0,0,0,0,0,0,0
196,AgentA wins,15.00,0,0,0,0,0,0,0,0,0,0
197,AgentA wins,32.00,0,0,0,0,0,0,0,0,0,0
198,AgentA wins,26.00,0,0,0,0,0,0,0,0,0,0
199,AgentA wins,34.67,0,0,0,0,0,0,0,0,0,0
200,AgentA wins,21.00,0,0,0,0,0,0,0,0,0,0
251,AgentA wins,22.33,0,0,0,0,0,0,0,0,0,0
252,AgentA wins,19.67,0,0,0,0,0,0,0,0,0,0
253,AgentA wins,18.00,0,0,0,0,0,0,0,0,0,0
254,AgentA wins,20.00,0,0,0,0,0,0,0,0,0,0
255,AgentA wins,20.00,0,0,0,0,0,0,0,0,0,0
256,AgentA wins,20.00,0,0,0,0,0,0,0,0,0,0
257,AgentA wins,20.00,0,0,0,0,0,0,0,0,0,0
258,AgentA wins,20.00,0,0,0,0,0,0,0,0,0,0
259,AgentA wins,18.00,0,0,0,0,0,0,0,0,0,0
260,AgentA wins,19.67,0,0,0,0,0,0,0,0,0,0
251,AgentA wins,20.00,0,0,0,0,0,0,0,0,0,0
252,AgentA wins,18.00,0,0,0,0,0,0,0,0,0,0
253,AgentA wins,20.00,0,0,0,0,0,0,0,0,0,0
254,AgentA wins,20.00,0,0,0,0,0,0,0,0,0,0
255,AgentA wins,20.00,0,0,0,0,0,0,0,0,0,0
256,AgentA wins,15.00,0,0,0,0,0,0,0,0,0,0
257,AgentA wins,20.00,0,0,0,0,0,0,0,0,0,0
258,AgentA wins,20.00,0,0,0,0,0,0,0,0,0,0
259,AgentA wins,18.00,0,0,0,0,0,0,0,0,0,0
260,AgentA wins,15.00,0,0,0,0,0,0,0,0,0,0
251,AgentA wins,20.00,0,0,0,0,0,0,0,0,0,0
252,AgentA wins,20.00,0,0,0,0,0,0,0,0,0,0
253,AgentA wins,20.00,0,0,0,0,0,0,0,0,0,0
254,AgentA wins,18.00,0,0,0,0,0,0,0,0,0,0
255,AgentA wins,15.00,0,0,0,0,0,0,0,0,0,0
256,AgentA wins,20.00,0,0,0,0,0,0,0,0,0,0
257,AgentA wins,17.00,0,0,0,0,0,0,0,0,0,0
258,AgentA wins,20.00,0,0,0,0,0,0,0,0,0,0
259,AgentA wins,20.00,0,0,0,0,0,0,0,0,0,0
260,AgentA wins,20.00,0,0,0,0,0,0,0,0,0,0
251,AgentA wins,19.67,0,0,0,0,0,0,0,0,0,0
252,AgentA wins,20.00,0,0,0,0,0,0,0,0,0,0
253,AgentA wins,20.00,0,0,0,0,0,0,0,0,0,0
254,AgentA wins,17.00,0,0,0,0,0,0,0,0,0,0
255,AgentA wins,15.00,0,0,0,0,0,0,0,0,0,0
256,AgentA wins,20.00,0,0,0,0,0,0,0,0,0,0
257,AgentA wins,18.00,0,0,0,0,0,0,0,0,0,0
258,AgentA wins,20.00,0,0,0,0,0,0,0,0,0,0
259,AgentA wins,20.00,0,0,0,0,0,0,0,0,0,0
260,AgentA wins,15.00,0,0,0,0,0,0,0,0,0,0
251,AgentA wins,20.00,0,0,0,0,0,0,0,0,0,0
252,AgentA wins,15.00,0,0,0,0,0,0,0,0,0,0
253,AgentA wins,20.00,0,0,0,0,0,0,0,0,0,0
254,AgentA wins,20.00,0,0,0,0,0,0,0,0,0,0
255,AgentA wins,20.00,0,0,0,0,0,0,0,0,0,0
256,AgentA wins,19.67,0,0,0,0,0,0,0,0,0,0
257,AgentA wins,20.00,0,0,0,0,0,0,0,0,0,0
258,AgentA wins,17.00,0,0,0,0,0,0,0,0,0,0
259,AgentA wins,15.00,0,0,0,0,0,0,0,0,0,0
260,AgentA wins,20.00,0,0,0,0,0,0,0,0,0,0
201,AgentA wins,27.00,0,0,0,0,0,0,0,0,0,0
202,AgentA wins,28.33,0,0,0,0,0,0,0,0,0,0
203,AgentB wins,50.33,0,0,0,0,0,0,0,0,0,0
204,AgentA wins,15.00,0,0,0,0,0,0,0,0,0,0
205,AgentA wins,23.33,0,0,0,0,0,0,0,0,0,0
206,AgentB wins,34.67,0,0,0,0,0,0,0,0,0,0
207,AgentA wins,46.00,0,0,0,0,0,0,0,0,0,0
208,AgentA wins,24.00,0,0,0,0,0,0,0,0,0,0
209,AgentA wins,15.00,0,0,0,0,0,0,0,0,0,0
210,AgentA wins,37.67,0,0,0,0,0,0,0,0,0,0
251,AgentA wins,15.00,0,0,0,0,0,0,0,0,0,0
252,AgentA wins,15.00,0,0,0,0,0,0,0,0,0,0
253,AgentA wins,18.00,0,0,0,0,0,0,0,0,0,0
254,AgentA wins,20.00,0,0,0,0,0,0,0,0,0,0
255,AgentA wins,18.00,0,0,0,0,0,0,0,0,0,0
256,AgentA wins,22.33,0,0,0,0,0,0,0,0,0,0
257,AgentA wins,20.00,0,0,0,0,0,0,0,0,0,0
258,AgentA wins,20.00,0,0,0,0,0,0,0,0,0,0
259,AgentA wins,20.00,0,0,0,0,0,0,0,0,0,0
260,AgentA wins,15.00,0,0,0,0,0,0,0,0,0,0
251,AgentA wins,20.00,0,0,0,0,0,0,0,0,0,0
252,AgentA wins,18.00,0,0,0,0,0,0,0,0,0,0
253,AgentA wins,15.00,0,0,0,0,0,0,0,0,0,0
254,AgentA wins,18.00,0,0,0,0,0,0,0,0,0,0
255,AgentA wins,20.00,0,0,0,0,0,0,0,0,0,0
256,AgentA wins,20.00,0,0,0,0,0,0,0,0,0,0
257,AgentA wins,15.00,0,0,0,0,0,0,0,0,0,0
258,AgentA wins,20.00,0,0,0,0,0,0,0,0,0,0
259,AgentA wins,20.00,0,0,0,0,0,0,0,0,0,0
260,AgentA wins,20.00,0,0,0,0,0,0,0,0,0,0
251,AgentA wins,15.00,0,0,0,0,0,0,0,0,0,0
252,AgentA wins,20.00,0,0,0,0,0,0,0,0,0,0
253,AgentA wins,17.00,0,0,0,0,0,0,0,0,0,0
254,AgentA wins,17.00,0,0,0,0,0,0,0,0,0,0
255,AgentA wins,17.00,0,0,0,0,0,0,0,0,0,0
256,AgentA wins,20.00,0,0,0,0,0,0,0,0,0,0
257,AgentA wins,20.00,0,0,0,0,0,0,0,0,0,0
258,AgentA wins,19.67,0,0,0,0,0,0,0,0,0,0
259,AgentA wins,23.33,0,0,0,0,0,0,0,0,0,0
260,AgentA wins,15.00,0,0,0,0,0,0,0,0,0,0
251,AgentA wins,20.00,0,0,0,0,0,0,0,0,0,0
252,AgentA wins,20.00,0,0,0,0,0,0,0,0,0,0
253,AgentA wins,15.00,0,0,0,0,0,0,0,0,0,0
254,AgentA wins,15.00,0,0,0,0,0,0,0,0,0,0
255,AgentA wins,20.00,0,0,0,0,0,0,0,0,0,0
256,AgentA wins,20.00,0,0,0,0,0,0,0,0,0,0
257,AgentA wins,20.00,0,0,0,0,0,0,0,0,0,0
258,AgentA wins,20.00,0,0,0,0,0,0,0,0,0,0
259,AgentA wins,20.00,0,0,0,0,0,0,0,0,0,0
260,AgentA wins,20.00,0,0,0,0,0,0,0,0,0,0
201,AgentA wins,15.00,0,0,0,0,0,0,0,0,0,0
202,AgentA wins,37.33,0,0,0,0,0,0,0,0,0,0
203,AgentA wins,34.67,0,0,0,0,0,0,0,0,0,0
204,AgentB wins,28.00,0,0,0,0,0,0,0,0,0,0
205,AgentA wins,18.00,0,0,0,0,0,0,0,0,0,0
206,AgentA wins,15.00,0,0,0,0,0,0,0,0,0,0
207,AgentA wins,26.00,0,0,0,0,0,0,0,0,0,0
208,AgentA wins,27.00,0,0,0,0,0,0,0,0,0,0
209,AgentA wins,33.67,0,0,0,0,0,0,0,0,0,0
210,AgentA wins,36.33,0,0,0,0,0,0,0,0,0,0
201,AgentA wins,23.67,0,0,0,0,0,0,0,0,0,0
202,AgentA wins,15.00,0,0,0,0,0,0,0,0,0,0
203,AgentA wins,18.00,0,0,0,0,0,0,0,0,0,0
204,AgentA wins,15.00,0,0,0,0,0,0,0,0,0,0
205,AgentA wins,26.00,0,0,0,0,0,0,0,0,0,0
206,AgentA wins,15.00,0,0,0,0,0,0,0,0,0,0
207,AgentA wins,29.00,0,0,0,0,0,0,0,0,0,0
208,AgentA wins,37.33,0,0,0,0,0,0,0,0,0,0
209,AgentA wins,18.00,0,0,0,0,0,0,0,0,0,0
210,AgentA wins,44.33,0,0,0,0,0,0,0,0,0,0
201,AgentA wins,39.00,0,0,0,0,0,0,0,0,0,0
202,AgentA wins,49.00,0,0,0,0,0,0,0,0,0,0
203,AgentA wins,27.00,0,0,0,0,0,0,0,0,0,0
204,AgentA wins,18.00,0,0,0,0,0,0,0,0,0,0
205,AgentA wins,15.00,0,0,0,0,0,0,0,0,0,0
206,AgentA wins,15.00,0,0,0,0,0,0,0,0,0,0
207,AgentA wins,26.67,0,0,0,0,0,0,0,0,0,0
208,AgentA wins,48.67,0,0,0,0,0,0,0,0,0,0
209,AgentA wins,27.00,0,0,0,0,0,0,0,0,0,0
210,AgentA wins,29.67,0,0,0,0,0,0,0,0,0,0
201,AgentA wins,40.67,0,0,0,0,0,0,0,0,0,0
202,AgentA wins,24.00,0,0,0,0,0,0,0,0,0,0
203,AgentA wins,33.00,0,0,0,0,0,0,0,0,0,0
204,AgentA wins,27.33,0,0,0,0,0,0,0,0,0,0
205,AgentA wins,15.00,0,0,0,0,0,0,0,0,0,0
206,AgentA wins,44.00,0,0,0,0,0,0,0,0,0,0
207,AgentA wins,30.00,0,0,0,0,0,0,0,0,0,0
208,AgentA wins,24.00,0,0,0,0,0,0,0,0,0,0
209,AgentA wins,35.33,0,0,0,0,0,0,0,0,0,0
210,AgentB wins,50.33,0,0,0,0,0,0,0,0,0,0
211,AgentB wins,18.67,167,169,0,100,0,136,0,20,24,47
212,AgentA wins,21.00,188,188,0,113,0,148,0,22,22,41
213,AgentB wins,52.33,473,471,0,276,0,370,0,60,66,101
214,AgentA wins,18.00,160,164,0,108,0,129,0,23,14,40
215,AgentA wins,15.00,133,136,0,82,0,111,0,12,15,41
216,AgentA wins,18.00,159,164,0,104,0,129,0,25,16,48
217,AgentA wins,33.00,297,299,1,172,0,240,0,31,38,75
218,AgentA wins,32.33,295,292,0,169,0,224,0,35,41,53
219,AgentB wins,41.67,376,377,0,219,0,289,0,54,51,87
220,AgentA wins,18.00,158,164,0,103,0,125,0,21,20,34
261,AgentA wins,19.67,0,0,0,0,0,0,0,0,0,0
262,AgentA wins,20.00,0,0,0,0,0,0,0,0,0,0
263,AgentA wins,18.00,0,0,0,0,0,0,0,0,0,0
264,AgentA wins,19.67,0,0,0,0,0,0,0,0,0,0
265,AgentA wins,20.00,0,0,0,0,0,0,0,0,0,0
266,AgentA wins,20.00,0,0,0,0,0,0,0,0,0,0
267,AgentA wins,20.00,0,0,0,0,0,0,0,0,0,0
268,AgentA wins,19.67,0,0,0,0,0,0,0,0,0,0
269,AgentA wins,19.67,0,0,0,0,0,0,0,0,0,0
270,AgentA wins,15.00,0,0,0,0,0,0,0,0,0,0
261,AgentA wins,15.00,0,0,0,0,0,0,0,0,0,0
262,AgentA wins,20.00,0,0,0,0,0,0,0,0,0,0
263,AgentA wins,15.00,0,0,0,0,0,0,0,0,0,0
264,AgentA wins,20.00,0,0,0,0,0,0,0,0,0,0
265,AgentA wins,15.00,0,0,0,0,0,0,0,0,0,0
266,AgentA wins,15.00,0,0,0,0,0,0,0,0,0,0
267,AgentA wins,20.00,0,0,0,0,0,0,0,0,0,0
268,AgentA wins,18.00,0,0,0,0,0,0,0,0,0,0
269,AgentA wins,19.67,0,0,0,0,0,0,0,0,0,0
270,AgentA wins,20.00,0,0,0,0,0,0,0,0,0,0
261,AgentA wins,19.67,0,0,0,0,0,0,0,0,0,0
262,AgentA wins,20.00,0,0,0,0,0,0,0,0,0,0
263,AgentA wins,17.67,0,0,0,0,0,0,0,0,0,0
264,AgentA wins,15.00,0,0,0,0,0,0,0,0,0,0
265,AgentA wins,15.00,0,0,0,0,0,0,0,0,0,0
266,AgentA wins,15.00,0,0,0,0,0,0,0,0,0,0
267,AgentA wins,15.00,0,0,0,0,0,0,0,0,0,0
268,AgentA wins,20.00,0,0,0,0,0,0,0,0,0,0
269,AgentA wins,15.00,0,0,0,0,0,0,0,0,0,0
270,AgentA wins,15.00,0,0,0,0,0,0,0,0,0,0
261,AgentA wins,20.00,0,0,0,0,0,0,0,0,0,0
262,AgentA wins,20.00,0,0,0,0,0,0,0,0,0,0
263,AgentA wins,20.00,0,0,0,0,0,0,0,0,0,0
264,AgentA wins,19.67,0,0,0,0,0,0,0,0,0,0
265,AgentA wins,17.00,0,0,0,0,0,0,0,0,0,0
266,AgentA wins,15.00,0,0,0,0,0,0,0,0,0,0
267,AgentA wins,18.00,0,0,0,0,0,0,0,0,0,0
268,AgentA wins,19.67,0,0,0,0,0,0,0,0,0,0
269,AgentA wins,17.00,0,0,0,0,0,0,0,0,0,0
270,AgentA wins,20.00,0,0,0,0,0,0,0,0,0,0
261,AgentA wins,18.00,0,0,0,0,0,0,0,0,0,0
262,AgentA wins,20.00,0,0,0,0,0,0,0,0,0,0
263,AgentA wins,18.00,0,0,0,0,0,0,0,0,0,0
264,AgentA wins,20.00,0,0,0,0,0,0,0,0,0,0
265,AgentA wins,19.67,0,0,0,0,0,0,0,0,0,0
266,AgentA wins,20.00,0,0,0,0,0,0,0,0,0,0
267,AgentA wins,20.00,0,0,0,0,0,0,0,0,0,0
268,AgentA wins,20.00,0,0,0,0,0,0,0,0,0,0
269,AgentA wins,20.00,0,0,0,0,0,0,0,0,0,0
270,AgentA wins,20.00,0,0,0,0,0,0,0,0,0,0
211,AgentA wins,18.00,0,0,0,0,0,0,0,0,0,0
212,AgentA wins,26.67,0,0,0,0,0,0,0,0,0,0
213,AgentA wins,33.00,0,0,0,0,0,0,0,0,0,0
214,AgentA wins,20.67,0,0,0,0,0,0,0,0,0,0
215,AgentA wins,24.00,0,0,0,0,0,0,0,0,0,0
216,AgentA wins,23.67,0,0,0,0,0,0,0,0,0,0
217,AgentA wins,15.00,0,0,0,0,0,0,0,0,0,0
218,AgentA wins,24.67,0,0,0,0,0,0,0,0,0,0
219,AgentB wins,34.00,0,0,0,0,0,0,0,0,0,0
220,AgentA wins,32.00,0,0,0,0,0,0,0,0,0,0
261,AgentA wins,15.00,0,0,0,0,0,0,0,0,0,0
262,AgentA wins,18.00,0,0,0,0,0,0,0,0,0,0
263,AgentA wins,17.00,0,0,0,0,0,0,0,0,0,0
264,AgentA wins,20.00,0,0,0,0,0,0,0,0,0,0
265,AgentA wins,20.00,0,0,0,0,0,0,0,0,0,0
266,AgentA wins,20.00,0,0,0,0,0,0,0,0,0,0
267,AgentA wins,15.00,0,0,0,0,0,0,0,0,0,0
268,AgentA wins,20.00,0,0,0,0,0,0,0,0,0,0
269,AgentA wins,20.00,0,0,0,0,0,0,0,0,0,0
270,AgentA wins,19.67,0,0,0,0,0,0,0,0,0,0
261,AgentA wins,17.00,0,0,0,0,0,0,0,0,0,0
262,AgentA wins,20.00,0,0,0,0,0,0,0,0,0,0
263,AgentA wins,20.00,0,0,0,0,0,0,0,0,0,0
264,AgentA wins,20.00,0,0,0,0,0,0,0,0,0,0
265,AgentA wins,20.00,0,0,0,0,0,0,0,0,0,0
266,AgentA wins,20.00,0,0,0,0,0,0,0,0,0,0
267,AgentA wins,19.67,0,0,0,0,0,0,0,0,0,0
268,AgentA wins,15.00,0,0,0,0,0,0,0,0,0,0
269,AgentA wins,20.00,0,0,0,0,0,0,0,0,0,0
270,AgentA wins,20.00,0,0,0,0,0,0,0,0,0,0
261,AgentA wins,18.00,0,0,0,0,0,0,0,0,0,0
262,AgentA wins,15.00,0,0,0,0,0,0,0,0,0,0
263,AgentA wins,20.00,0,0,0,0,0,0,0,0,0,0
264,AgentA wins,19.67,0,0,0,0,0,0,0,0,0,0
265,AgentA wins,20.00,0,0,0,0,0,0,0,0,0,0
266,AgentA wins,20.00,0,0,0,0,0,0,0,0,0,0
267,AgentA wins,18.00,0,0,0,0,0,0,0,0,0,0
268,AgentA wins,17.00,0,0,0,0,0,0,0,0,0,0
269,AgentA wins,20.00,0,0,0,0,0,0,0,0,0,0
270,AgentA wins,19.67,0,0,0,0,0,0,0,0,0,0
261,AgentA wins,15.00,0,0,0,0,0,0,0,0,0,0
262,AgentA wins,20.00,0,0,0,0,0,0,0,0,0,0
263,AgentA wins,15.00,0,0,0,0,0,0,0,0,0,0
264,AgentA wins,15.00,0,0,0,0,0,0,0,0,0,0
265,AgentA wins,20.00,0,0,0,0,0,0,0,0,0,0
266,AgentA wins,20.00,0,0,0,0,0,0,0,0,0,0
267,AgentA wins,22.33,0,0,0,0,0,0,0,0,0,0
268,AgentA wins,19.67,0,0,0,0,0,0,0,0,0,0
269,AgentA wins,20.00,0,0,0,0,0,0,0,0,0,0
270,AgentA wins,20.00,0,0,0,0,0,0,0,0,0,0
261,AgentA wins,18.00,0,0,0,0,0,0,0,0,0,0
262,AgentA wins,20.00,0,0,0,0,0,0,0,0,0,0
263,AgentA wins,18.00,0,0,0,0,0,0,0,0,0,0
264,AgentA wins,19.67,0,0,0,0,0,0,0,0,0,0
265,AgentA wins,18.00,0,0,0,0,0,0,0,0,0,0
266,AgentA wins,15.00,0,0,0,0,0,0,0,0,0,0
267,AgentA wins,20.00,0,0,0,0,0,0,0,0,0,0
268,AgentA wins,20.00,0,0,0,0,0,0,0,0,0,0
269,AgentA wins,15.00,0,0,0,0,0,0,0,0,0,0
270,AgentA wins,20.00,0,0,0,0,0,0,0,0,0,0
261,AgentA wins,18.00,0,0,0,0,0,0,0,0,0,0
262,AgentA wins,15.00,0,0,0,0,0,0,0,0,0,0
263,AgentA wins,19.67,0,0,0,0,0,0,0,0,0,0
264,AgentA wins,18.00,0,0,0,0,0,0,0,0,0,0
265,AgentA wins,15.00,0,0,0,0,0,0,0,0,0,0
266,AgentA wins,19.67,0,0,0,0,0,0,0,0,0,0
267,AgentA wins,18.00,0,0,0,0,0,0,0,0,0,0
268,AgentA wins,22.33,0,0,0,0,0,0,0,0,0,0
269,AgentA wins,15.00,0,0,0,0,0,0,0,0,0,0
270,AgentA wins,20.00,0,0,0,0,0,0,0,0,0,0
211,AgentA wins,15.00,0,0,0,0,0,0,0,0,0,0
212,AgentA wins,20.67,0,0,0,0,0,0,0,0,0,0
213,AgentA wins,51.67,0,0,0,0,0,0,0,0,0,0
214,AgentA wins,15.00,0,0,0,0,0,0,0,0,0,0
215,AgentA wins,18.00,0,0,0,0,0,0,0,0,0,0
216,AgentA wins,15.00,0,0,0,0,0,0,0,0,0,0
217,AgentA wins,18.00,0,0,0,0,0,0,0,0,0,0
218,AgentA wins,34.00,0,0,0,0,0,0,0,0,0,0
219,AgentA wins,30.33,0,0,0,0,0,0,0,0,0,0
220,AgentA wins,18.00,0,0,0,0,0,0,0,0,0,0
261,AgentA wins,20.00,0,0,0,0,0,0,0,0,0,0
262,AgentA wins,20.00,0,0,0,0,0,0,0,0,0,0
263,AgentA wins,17.00,0,0,0,0,0,0,0,0,0,0
264,AgentA wins,19.67,0,0,0,0,0,0,0,0,0,0
265,AgentA wins,23.33,0,0,0,0,0,0,0,0,0,0
266,AgentA wins,20.00,0,0,0,0,0,0,0,0,0,0
267,AgentA wins,22.33,0,0,0,0,0,0,0,0,0,0
268,AgentA wins,20.00,0,0,0,0,0,0,0,0,0,0
269,AgentA wins,20.00,0,0,0,0,0,0,0,0,0,0
270,AgentA wins,20.00,0,0,0,0,0,0,0,0,0,0
261,AgentA wins,20.00,0,0,0,0,0,0,0,0,0,0
262,AgentA wins,15.00,0,0,0,0,0,0,0,0,0,0
263,AgentA wins,19.67,0,0,0,0,0,0,0,0,0,0
264,AgentA wins,20.00,0,0,0,0,0,0,0,0,0,0
265,AgentA wins,20.00,0,0,0,0,0,0,0,0,0,0
266,AgentA wins,20.00,0,0,0,0,0,0,0,0,0,0
267,AgentA wins,15.00,0,0,0,0,0,0,0,0,0,0
268,AgentA wins,19.67,0,0,0,0,0,0,0,0,0,0
269,AgentA wins,19.67,0,0,0,0,0,0,0,0,0,0
270,AgentA wins,19.67,0,0,0,0,0,0,0,0,0,0
261,AgentA wins,20.00,0,0,0,0,0,0,0,0,0,0
262,AgentA wins,22.33,0,0,0,0,0,0,0,0,0,0
263,AgentA wins,19.67,0,0,0,0,0,0,0,0,0,0
264,AgentA wins,15.00,0,0,0,0,0,0,0,0,0,0
265,AgentA wins,20.00,0,0,0,0,0,0,0,0,0,0
266,AgentA wins,18.00,0,0,0,0,0,0,0,0,0,0
267,AgentA wins,22.33,0,0,0,0,0,0,0,0,0,0
268,AgentA wins,17.00,0,0,0,0,0,0,0,0,0,0
269,AgentA wins,15.00,0,0,0,0,0,0,0,0,0,0
270,AgentA wins,15.00,0,0,0,0,0,0,0,0,0,0
261,AgentA wins,19.67,0,0,0,0,0,0,0,0,0,0
262,AgentA wins,20.00,0,0,0,0,0,0,0,0,0,0
263,AgentA wins,20.00,0,0,0,0,0,0,0,0,0,0
264,AgentA wins,18.00,0,0,0,0,0,0,0,0,0,0
265,AgentA wins,20.00,0,0,0,0,0,0,0,0,0,0
266,AgentA wins,20.00,0,0,0,0,0,0,0,0,0,0
267,AgentA wins,19.67,0,0,0,0,0,0,0,0,0,0
268,AgentA wins,25.67,0,0,0,0,0,0,0,0,0,0
269,AgentA wins,20.00,0,0,0,0,0,0,0,0,0,0
270,AgentA wins,15.00,0,0,0,0,0,0,0,0,0,0
201,AgentA wins,18.00,0,0,0,0,0,0,0,0,0,0
202,AgentA wins,18.00,0,0,0,0,0,0,0,0,0,0
203,AgentA wins,35.33,0,0,0,0,0,0,0,0,0,0
204,AgentA wins,15.67,0,0,0,0,0,0,0,0,0,0
205,AgentA wins,15.00,0,0,0,0,0,0,0,0,0,0
206,AgentA wins,48.00,0,0,0,0,0,0,0,0,0,0
207,AgentA wins,15.00,0,0,0,0,0,0,0,0,0,0
208,AgentA wins,32.00,0,0,0,0,0,0,0,0,0,0
209,AgentB wins,28.33,0,0,0,0,0,0,0,0,0,0
210,AgentA wins,15.00,0,0,0,0,0,0,0,0,0,0
211,AgentA wins,30.00,0,0,0,0,0,0,0,0,0,0
212,AgentA wins,24.00,0,0,0,0,0,0,0,0,0,0
213,AgentA wins,32.67,0,0,0,0,0,0,0,0,0,0
214,AgentA wins,18.00,0,0,0,0,0,0,0,0,0,0
215,AgentA wins,35.00,0,0,0,0,0,0,0,0,0,0
216,AgentA wins,15.00,0,0,0,0,0,0,0,0,0,0
217,AgentA wins,18.67,0,0,0,0,0,0,0,0,0,0
218,AgentA wins,30.00,0,0,0,0,0,0,0,0,0,0
219,AgentB wins,47.33,0,0,0,0,0,0,0,0,0,0
220,AgentA wins,18.00,0,0,0,0,0,0,0,0,0,0
211,AgentA wins,40.00,0,0,0,0,0,0,0,0,0,0
212,AgentA wins,33.67,0,0,0,0,0,0,0,0,0,0
213,AgentA wins,15.00,0,0,0,0,0,0,0,0,0,0
214,AgentB wins,19.33,0,0,0,0,0,0,0,0,0,0
215,AgentA wins,15.00,0,0,0,0,0,0,0,0,0,0
216,AgentA wins,27.67,0,0,0,0,0,0,0,0,0,0
217,AgentA wins,39.00,0,0,0,0,0,0,0,0,0,0
218,AgentA wins,15.00,0,0,0,0,0,0,0,0,0,0
219,AgentA wins,26.67,0,0,0,0,0,0,0,0,0,0
220,AgentA wins,23.67,0,0,0,0,0,0,0,0,0,0
211,AgentB wins,30.33,0,0,0,0,0,0,0,0,0,0
212,AgentA wins,21.00,0,0,0,0,0,0,0,0,0,0
213,AgentA wins,18.00,0,0,0,0,0,0,0,0,0,0
214,AgentB wins,22.33,0,0,0,0,0,0,0,0,0,0
215,AgentA wins,21.67,0,0,0,0,0,0,0,0,0,0
216,AgentA wins,33.00,0,0,0,0,0,0,0,0,0,0
217,AgentA wins,18.00,0,0,0,0,0,0,0,0,0,0
218,AgentA wins,21.33,0,0,0,0,0,0,0,0,0,0
219,AgentA wins,15.00,0,0,0,0,0,0,0,0,0,0
220,AgentA wins,21.67,0,0,0,0,0,0,0,0,0,0
271,AgentA wins,19.67,0,0,0,0,0,0,0,0,0,0
272,AgentA wins,18.00,0,0,0,0,0,0,0,0,0,0
273,AgentA wins,17.00,0,0,0,0,0,0,0,0,0,0
274,AgentA wins,20.00,0,0,0,0,0,0,0,0,0,0
275,AgentA wins,15.00,0,0,0,0,0,0,0,0,0,0
276,AgentA wins,19.67,0,0,0,0,0,0,0,0,0,0
277,AgentA wins,15.00,0,0,0,0,0,0,0,0,0,0
278,AgentA wins,22.33,0,0,0,0,0,0,0,0,0,0
279,AgentA wins,19.67,0,0,0,0,0,0,0,0,0,0
280,AgentB wins,24.67,0,0,0,0,0,0,0,0,0,0
271,AgentA wins,20.00,0,0,0,0,0,0,0,0,0,0
272,AgentA wins,18.00,0,0,0,0,0,0,0,0,0,0
273,AgentA wins,15.00,0,0,0,0,0,0,0,0,0,0
274,AgentA wins,19.67,0,0,0,0,0,0,0,0,0,0
275,AgentA wins,20.00,0,0,0,0,0,0,0,0,0,0
276,AgentA wins,20.00,0,0,0,0,0,0,0,0,0,0
277,AgentA wins,17.00,0,0,0,0,0,0,0,0,0,0
278,AgentA wins,20.00,0,0,0,0,0,0,0,0,0,0
279,AgentA wins,15.00,0,0,0,0,0,0,0,0,0,0
280,AgentA wins,25.00,0,0,0,0,0,0,0,0,0,0
271,AgentA wins,15.00,0,0,0,0,0,0,0,0,0,0
272,AgentA wins,20.00,0,0,0,0,0,0,0,0,0,0
273,AgentA wins,20.00,0,0,0,0,0,0,0,0,0,0
274,AgentA wins,20.00,0,0,0,0,0,0,0,0,0,0
275,AgentA wins,20.00,0,0,0,0,0,0,0,0,0,0
276,AgentA wins,20.00,0,0,0,0,0,0,0,0,0,0
277,AgentA wins,19.67,0,0,0,0,0,0,0,0,0,0
278,AgentA wins,19.67,0,0,0,0,0,0,0,0,0,0
279,AgentA wins,20.00,0,0,0,0,0,0,0,0,0,0
280,AgentA wins,20.00,0,0,0,0,0,0,0,0,0,0
271,AgentA wins,15.00,0,0,0,0,0,0,0,0,0,0
272,AgentA wins,20.00,0,0,0,0,0,0,0,0,0,0
273,AgentA wins,20.00,0,0,0,0,0,0,0,0,0,0
274,AgentA wins,20.00,0,0,0,0,0,0,0,0,0,0
275,AgentA wins,20.00,0,0,0,0,0,0,0,0,0,0
276,AgentA wins,15.00,0,0,0,0,0,0,0,0,0,0
277,AgentA wins,15.00,0,0,0,0,0,0,0,0,0,0
278,AgentA wins,15.00,0,0,0,0,0,0,0,0,0,0
279,AgentA wins,22.33,0,0,0,0,0,0,0,0,0,0
280,AgentA wins,17.00,0,0,0,0,0,0,0,0,0,0
271,AgentA wins,20.00,0,0,0,0,0,0,0,0,0,0
272,AgentA wins,15.00,0,0,0,0,0,0,0,0,0,0
273,AgentA wins,17.00,0,0,0,0,0,0,0,0,0,0
274,AgentA wins,18.00,0,0,0,0,0,0,0,0,0,0
275,AgentA wins,20.00,0,0,0,0,0,0,0,0,0,0
276,AgentA wins,19.67,0,0,0,0,0,0,0,0,0,0
277,AgentA wins,20.00,0,0,0,0,0,0,0,0,0,0
278,AgentA wins,15.00,0,0,0,0,0,0,0,0,0,0
279,AgentB wins,24.67,0,0,0,0,0,0,0,0,0,0
280,AgentA wins,15.00,0,0,0,0,0,0,0,0,0,0
271,AgentA wins,19.67,0,0,0,0,0,0,0,0,0,0
272,AgentA wins,20.00,0,0,0,0,0,0,0,0,0,0
273,AgentA wins,17.00,0,0,0,0,0,0,0,0,0,0
274,AgentA wins,15.00,0,0,0,0,0,0,0,0,0,0
275,AgentA wins,15.00,0,0,0,0,0,0,0,0,0,0
276,AgentA wins,15.00,0,0,0,0,0,0,0,0,0,0
277,AgentA wins,18.00,0,0,0,0,0,0,0,0,0,0
278,AgentA wins,19.67,0,0,0,0,0,0,0,0,0,0
279,AgentA wins,17.00,0,0,0,0,0,0,0,0,0,0
280,AgentA wins,15.00,0,0,0,0,0,0,0,0,0,0
211,AgentA wins,39.00,0,0,0,0,0,0,0,0,0,0
212,AgentA wins,41.67,0,0,0,0,0,0,0,0,0,0
213,AgentA wins,46.00,0,0,0,0,0,0,0,0,0,0
214,AgentA wins,41.67,0,0,0,0,0,0,0,0,0,0
215,AgentA wins,26.00,0,0,0,0,0,0,0,0,0,0
216,AgentA wins,33.67,0,0,0,0,0,0,0,0,0,0
217,AgentA wins,21.00,0,0,0,0,0,0,0,0,0,0
218,AgentA wins,18.00,0,0,0,0,0,0,0,0,0,0
219,AgentA wins,24.00,0,0,0,0,0,0,0,0,0,0
220,AgentA wins,15.00,0,0,0,0,0,0,0,0,0,0
211,AgentA wins,20.67,0,0,0,0,0,0,0,0,0,0
212,AgentA wins,34.33,0,0,0,0,0,0,0,0,0,0
213,AgentA wins,32.33,0,0,0,0,0,0,0,0,0,0
214,AgentA wins,15.00,0,0,0,0,0,0,0,0,0,0
215,AgentA wins,29.67,0,0,0,0,0,0,0,0,0,0
216,AgentA wins,15.00,0,0,0,0,0,0,0,0,0,0
217,AgentB wins,22.67,0,0,0,0,0,0,0,0,0,0
218,AgentB wins,30.00,0,0,0,0,0,0,0,0,0,0
219,AgentA wins,24.00,0,0,0,0,0,0,0,0,0,0
220,AgentA wins,47.67,0,0,0,0,0,0,0,0,0,0
271,AgentA wins,20.00,0,0,0,0,0,0,0,0,0,0
272,AgentA wins,22.33,0,0,0,0,0,0,0,0,0,0
273,AgentA wins,19.67,0,0,0,0,0,0,0,0,0,0
274,AgentA wins,15.00,0,0,0,0,0,0,0,0,0,0
275,AgentA wins,20.00,0,0,0,0,0,0,0,0,0,0
276,AgentA wins,17.00,0,0,0,0,0,0,0,0,0,0
277,AgentA wins,22.33,0,0,0,0,0,0,0,0,0,0
278,AgentA wins,15.00,0,0,0,0,0,0,0,0,0,0
279,AgentA wins,19.67,0,0,0,0,0,0,0,0,0,0
280,AgentA wins,19.67,0,0,0,0,0,0,0,0,0,0
271,AgentA wins,19.67,0,0,0,0,0,0,0,0,0,0
272,AgentA wins,19.67,0,0,0,0,0,0,0,0,0,0
273,AgentA wins,19.67,0,0,0,0,0,0,0,0,0,0
274,AgentA wins,15.00,0,0,0,0,0,0,0,0,0,0
275,AgentA wins,19.67,0,0,0,0,0,0,0,0,0,0
276,AgentA wins,20.00,0,0,0,0,0,0,0,0,0,0
277,AgentA wins,27.33,0,0,0,0,0,0,0,0,0,0
278,AgentA wins,25.00,0,0,0,0,0,0,0,0,0,0
279,AgentA wins,20.00,0,0,0,0,0,0,0,0,0,0
280,AgentA wins,20.00,0,0,0,0,0,0,0,0,0,0
271,AgentA wins,19.67,0,0,0,0,0,0,0,0,0,0
272,AgentA wins,18.00,0,0,0,0,0,0,0,0,0,0
273,AgentA wins,20.00,0,0,0,0,0,0,0,0,0,0
274,AgentA wins,19.67,0,0,0,0,0,0,0,0,0,0
275,AgentA wins,22.33,0,0,0,0,0,0,0,0,0,0
276,AgentA wins,19.67,0,0,0,0,0,0,0,0,0,0
277,AgentA wins,15.00,0,0,0,0,0,0,0,0,0,0
278,AgentA wins,19.67,0,0,0,0,0,0,0,0,0,0
279,AgentA wins,20.00,0,0,0,0,0,0,0,0,0,0
280,AgentA wins,19.67,0,0,0,0,0,0,0,0,0,0
271,AgentA wins,18.00,0,0,0,0,0,0,0,0,0,0
272,AgentA wins,15.00,0,0,0,0,0,0,0,0,0,0
273,AgentA wins,15.00,0,0,0,0,0,0,0,0,0,0
274,AgentA wins,20.00,0,0,0,0,0,0,0,0,0,0
275,AgentA wins,22.33,0,0,0,0,0,0,0,0,0,0
276,AgentA wins,18.00,0,0,0,0,0,0,0,0,0,0
277,AgentA wins,19.67,0,0,0,0,0,0,0,0,0,0
278,AgentA wins,15.00,0,0,0,0,0,0,0,0,0,0
279,AgentA wins,20.00,0,0,0,0,0,0,0,0,0,0
280,AgentA wins,22.33,0,0,0,0,0,0,0,0,0,0
271,AgentA wins,20.00,0,0,0,0,0,0,0,0,0,0
272,AgentA wins,19.67,0,0,0,0,0,0,0,0,0,0
273,AgentA wins,20.00,0,0,0,0,0,0,0,0,0,0
274,AgentA wins,19.67,0,0,0,0,0,0,0,0,0,0
275,AgentA wins,22.33,0,0,0,0,0,0,0,0,0,0
276,AgentA wins,20.00,0,0,0,0,0,0,0,0,0,0
277,AgentA wins,22.33,0,0,0,0,0,0,0,0,0,0
278,AgentA wins,22.33,0,0,0,0,0,0,0,0,0,0
279,AgentB wins,24.67,0,0,0,0,0,0,0,0,0,0
280,AgentA wins,22.33,0,0,0,0,0,0,0,0,0,0
271,AgentA wins,19.67,0,0,0,0,0,0,0,0,0,0
272,AgentA wins,15.00,0,0,0,0,0,0,0,0,0,0
273,AgentA wins,15.00,0,0,0,0,0,0,0,0,0,0
274,AgentA wins,19.67,0,0,0,0,0,0,0,0,0,0
275,AgentA wins,17.00,0,0,0,0,0,0,0,0,0,0
276,AgentA wins,15.00,0,0,0,0,0,0,0,0,0,0
277,AgentA wins,18.00,0,0,0,0,0,0,0,0,0,0
278,AgentA wins,19.67,0,0,0,0,0,0,0,0,0,0
279,AgentB wins,24.67,0,0,0,0,0,0,0,0,0,0
280,AgentA wins,20.00,0,0,0,0,0,0,0,0,0,0
271,AgentA wins,19.67,0,0,0,0,0,0,0,0,0,0
272,AgentA wins,25.00,0,0,0,0,0,0,0,0,0,0
273,AgentA wins,25.67,0,0,0,0,0,0,0,0,0,0
274,AgentA wins,15.00,0,0,0,0,0,0,0,0,0,0
275,AgentA wins,19.67,0,0,0,0,0,0,0,0,0,0
276,AgentA wins,23.33,0,0,0,0,0,0,0,0,0,0
277,AgentA wins,18.00,0,0,0,0,0,0,0,0,0,0
278,AgentA wins,22.33,0,0,0,0,0,0,0,0,0,0
279,AgentA wins,20.00,0,0,0,0,0,0,0,0,0,0
280,AgentA wins,20.00,0,0,0,0,0,0,0,0,0,0
211,AgentB wins,40.33,0,0,0,0,0,0,0,0,0,0
212,AgentA wins,18.00,0,0,0,0,0,0,0,0,0,0
213,AgentA wins,34.67,0,0,0,0,0,0,0,0,0,0
214,AgentB wins,24.33,0,0,0,0,0,0,0,0,0,0
215,AgentB wins,37.33,0,0,0,0,0,0,0,0,0,0
216,AgentA wins,15.00,0,0,0,0,0,0,0,0,0,0
217,AgentA wins,50.33,0,0,0,0,0,0,0,0,0,0
218,AgentA wins,38.00,0,0,0,0,0,0,0,0,0,0
219,AgentA wins,15.00,0,0,0,0,0,0,0,0,0,0
220,AgentA wins,29.00,0,0,0,0,0,0,0,0,0,0
271,AgentA wins,17.00,0,0,0,0,0,0,0,0,0,0
272,AgentA wins,19.67,0,0,0,0,0,0,0,0,0,0
273,AgentA wins,15.00,0,0,0,0,0,0,0,0,0,0
274,AgentA wins,20.00,0,0,0,0,0,0,0,0,0,0
275,AgentA wins,20.00,0,0,0,0,0,0,0,0,0,0
276,AgentA wins,15.00,0,0,0,0,0,0,0,0,0,0
277,AgentA wins,18.00,0,0,0,0,0,0,0,0,0,0
278,AgentA wins,22.33,0,0,0,0,0,0,0,0,0,0
279,AgentA wins,19.67,0,0,0,0,0,0,0,0,0,0
280,AgentA wins,19.67,0,0,0,0,0,0,0,0,0,0
221,AgentA wins,38.00,341,340,0,192,0,273,0,41,51,67
222,AgentA wins,15.00,136,137,0,81,0,110,0,17,23,30
223,AgentA wins,50.33,457,453,0,255,0,367,0,62,78,85
224,AgentA wins,18.00,167,160,0,103,0,125,0,20,15,38
225,AgentA wins,26.00,233,234,0,135,0,186,0,31,41,43
226,AgentA wins,27.67,253,251,0,137,0,198,0,32,50,35
227,AgentB wins,29.00,259,262,0,142,0,201,0,30,53,58
228,AgentA wins,15.00,135,139,0,79,0,102,0,16,28,25
229,AgentA wins,33.00,295,299,0,179,0,236,0,40,49,56
230,AgentA wins,31.67,288,291,0,159,0,231,0,37,66,33
271,AgentA wins,20.00,0,0,0,0,0,0,0,0,0,0
272,AgentA wins,20.00,0,0,0,0,0,0,0,0,0,0
273,AgentA wins,20.00,0,0,0,0,0,0,0,0,0,0
274,AgentA wins,25.00,0,0,0,0,0,0,0,0,0,0
275,AgentA wins,15.00,0,0,0,0,0,0,0,0,0,0
276,AgentA wins,19.67,0,0,0,0,0,0,0,0,0,0
277,AgentA wins,22.33,0,0,0,0,0,0,0,0,0,0
278,AgentA wins,15.00,0,0,0,0,0,0,0,0,0,0
279,AgentA wins,22.33,0,0,0,0,0,0,0,0,0,0
280,AgentA wins,20.00,0,0,0,0,0,0,0,0,0,0
221,AgentA wins,45.00,0,0,0,0,0,0,0,0,0,0
222,AgentA wins,33.00,0,0,0,0,0,0,0,0,0,0
223,AgentA wins,29.67,0,0,0,0,0,0,0,0,0,0
224,AgentA wins,31.33,0,0,0,0,0,0,0,0,0,0
225,AgentA wins,24.00,0,0,0,0,0,0,0,0,0,0
226,AgentA wins,15.00,0,0,0,0,0,0,0,0,0,0
227,AgentA wins,18.00,0,0,0,0,0,0,0,0,0,0
228,AgentA wins,36.33,0,0,0,0,0,0,0,0,0,0
229,AgentA wins,33.00,0,0,0,0,0,0,0,0,0,0
230,AgentB wins,14.00,0,0,0,0,0,0,0,0,0,0
221,AgentA wins,27.00,0,0,0,0,0,0,0,0,0,0
222,AgentA wins,34.67,0,0,0,0,0,0,0,0,0,0
223,AgentA wins,43.67,0,0,0,0,0,0,0,0,0,0
224,AgentA wins,35.67,0,0,0,0,0,0,0,0,0,0
225,AgentA wins,41.33,0,0,0,0,0,0,0,0,0,0
226,AgentA wins,15.00,0,0,0,0,0,0,0,0,0,0
227,AgentA wins,49.33,0,0,0,0,0,0,0,0,0,0
228,AgentA wins,15.00,0,0,0,0,0,0,0,0,0,0
229,AgentA wins,15.00,0,0,0,0,0,0,0,0,0,0
230,AgentA wins,18.67,0,0,0,0,0,0,0,0,0,0
211,AgentB wins,40.33,0,0,0,0,0,0,0,0,0,0
212,AgentA wins,34.00,0,0,0,0,0,0,0,0,0,0
213,AgentA wins,38.00,0,0,0,0,0,0,0,0,0,0
214,AgentA wins,15.00,0,0,0,0,0,0,0,0,0,0
215,AgentA wins,18.00,0,0,0,0,0,0,0,0,0,0
216,AgentA wins,15.00,0,0,0,0,0,0,0,0,0,0
217,AgentA wins,15.00,0,0,0,0,0,0,0,0,0,0
218,AgentA wins,33.00,0,0,0,0,0,0,0,0,0,0
219,AgentA wins,35.67,0,0,0,0,0,0,0,0,0,0
220,AgentA wins,24.67,0,0,0,0,0,0,0,0,0,0
281,AgentA wins,19.67,0,0,0,0,0,0,0,0,0,0
282,AgentA wins,15.00,0,0,0,0,0,0,0,0,0,0
283,AgentA wins,19.67,0,0,0,0,0,0,0,0,0,0
284,AgentA wins,19.67,0,0,0,0,0,0,0,0,0,0
285,AgentA wins,18.00,0,0,0,0,0,0,0,0,0,0
286,AgentA wins,20.00,0,0,0,0,0,0,0,0,0,0
287,AgentA wins,20.00,0,0,0,0,0,0,0,0,0,0
288,AgentA wins,15.00,0,0,0,0,0,0,0,0,0,0
289,AgentA wins,15.00,0,0,0,0,0,0,0,0,0,0
290,AgentA wins,20.00,0,0,0,0,0,0,0,0,0,0
221,AgentA wins,21.00,0,0,0,0,0,0,0,0,0,0
222,AgentA wins,34.33,0,0,0,0,0,0,0,0,0,0
223,AgentA wins,15.00,0,0,0,0,0,0,0,0,0,0
224,AgentA wins,18.33,0,0,0,0,0,0,0,0,0,0
225,AgentA wins,41.00,0,0,0,0,0,0,0,0,0,0
226,AgentA wins,18.00,0,0,0,0,0,0,0,0,0,0
227,AgentA wins,21.00,0,0,0,0,0,0,0,0,0,0
228,AgentA wins,24.00,0,0,0,0,0,0,0,0,0,0
229,AgentA wins,30.00,0,0,0,0,0,0,0,0,0,0
230,AgentA wins,18.00,0,0,0,0,0,0,0,0,0,0
221,AgentA wins,27.00,0,0,0,0,0,0,0,0,0,0
222,AgentB wins,35.67,0,0,0,0,0,0,0,0,0,0
223,AgentA wins,21.67,0,0,0,0,0,0,0,0,0,0
224,AgentA wins,35.00,0,0,0,0,0,0,0,0,0,0
225,AgentA wins,23.67,0,0,0,0,0,0,0,0,0,0
226,AgentA wins,20.67,0,0,0,0,0,0,0,0,0,0
227,AgentA wins,18.00,0,0,0,0,0,0,0,0,0,0
228,AgentB wins,43.33,0,0,0,0,0,0,0,0,0,0
229,AgentB wins,47.33,0,0,0,0,0,0,0,0,0,0
230,AgentA wins,23.67,0,0,0,0,0,0,0,0,0,0
281,AgentA wins,17.00,0,0,0,0,0,0,0,0,0,0
282,AgentA wins,23.33,0,0,0,0,0,0,0,0,0,0
283,AgentA wins,19.67,0,0,0,0,0,0,0,0,0,0
284,AgentA wins,20.00,0,0,0,0,0,0,0,0,0,0
285,AgentA wins,20.00,0,0,0,0,0,0,0,0,0,0
286,AgentA wins,22.33,0,0,0,0,0,0,0,0,0,0
287,AgentA wins,22.33,0,0,0,0,0,0,0,0,0,0
288,AgentA wins,25.67,0,0,0,0,0,0,0,0,0,0
289,AgentA wins,20.00,0,0,0,0,0,0,0,0,0,0
290,AgentA wins,15.00,0,0,0,0,0,0,0,0,0,0
281,AgentA wins,19.67,0,0,0,0,0,0,0,0,0,0
282,AgentA wins,19.67,0,0,0,0,0,0,0,0,0,0
283,AgentA wins,15.00,0,0,0,0,0,0,0,0,0,0
284,AgentA wins,17.00,0,0,0,0,0,0,0,0,0,0
285,AgentA wins,20.00,0,0,0,0,0,0,0,0,0,0
286,AgentA wins,18.00,0,0,0,0,0,0,0,0,0,0
287,AgentA wins,20.00,0,0,0,0,0,0,0,0,0,0
288,AgentA wins,19.67,0,0,0,0,0,0,0,0,0,0
289,AgentA wins,20.00,0,0,0,0,0,0,0,0,0,0
290,AgentA wins,15.00,0,0,0,0,0,0,0,0,0,0
221,AgentA wins,31.00,0,0,0,0,0,0,0,0,0,0
222,AgentA wins,27.67,0,0,0,0,0,0,0,0,0,0
223,AgentA wins,32.67,0,0,0,0,0,0,0,0,0,0
224,AgentA wins,15.00,0,0,0,0,0,0,0,0,0,0
225,AgentA wins,18.00,0,0,0,0,0,0,0,0,0,0
226,AgentA wins,31.00,0,0,0,0,0,0,0,0,0,0
227,AgentA wins,27.00,0,0,0,0,0,0,0,0,0,0
228,AgentA wins,41.33,0,0,0,0,0,0,0,0,0,0
229,AgentA wins,26.00,0,0,0,0,0,0,0,0,0,0
230,AgentB wins,38.33,0,0,0,0,0,0,0,0,0,0
281,AgentA wins,18.00,0,0,0,0,0,0,0,0,0,0
282,AgentA wins,22.33,0,0,0,0,0,0,0,0,0,0
283,AgentA wins,22.33,0,0,0,0,0,0,0,0,0,0
284,AgentA wins,20.00,0,0,0,0,0,0,0,0,0,0
285,AgentA wins,20.00,0,0,0,0,0,0,0,0,0,0
286,AgentA wins,19.67,0,0,0,0,0,0,0,0,0,0
287,AgentB wins,24.67,0,0,0,0,0,0,0,0,0,0
288,AgentA wins,20.00,0,0,0,0,0,0,0,0,0,0
289,AgentA wins,18.00,0,0,0,0,0,0,0,0,0,0
290,AgentA wins,19.67,0,0,0,0,0,0,0,0,0,0
281,AgentA wins,17.00,0,0,0,0,0,0,0,0,0,0
282,AgentA wins,20.00,0,0,0,0,0,0,0,0,0,0
283,AgentB wins,24.67,0,0,0,0,0,0,0,0,0,0
284,AgentA wins,19.67,0,0,0,0,0,0,0,0,0,0
285,AgentA wins,20.00,0,0,0,0,0,0,0,0,0,0
286,AgentA wins,19.67,0,0,0,0,0,0,0,0,0,0
287,AgentA wins,19.67,0,0,0,0,0,0,0,0,0,0
288,AgentA wins,22.33,0,0,0,0,0,0,0,0,0,0
289,AgentA wins,20.00,0,0,0,0,0,0,0,0,0,0
290,AgentA wins,15.00,0,0,0,0,0,0,0,0,0,0
281,AgentA wins,22.33,0,0,0,0,0,0,0,0,0,0
282,AgentA wins,25.00,0,0,0,0,0,0,0,0,0,0
283,AgentA wins,20.00,0,0,0,0,0,0,0,0,0,0
284,AgentA wins,18.00,0,0,0,0,0,0,0,0,0,0
285,AgentA wins,17.00,0,0,0,0,0,0,0,0,0,0
286,AgentA wins,17.00,0,0,0,0,0,0,0,0,0,0
287,AgentA wins,20.00,0,0,0,0,0,0,0,0,0,0
288,AgentB wins,24.67,0,0,0,0,0,0,0,0,0,0
289,AgentA wins,19.67,0,0,0,0,0,0,0,0,0,0
290,AgentA wins,17.00,0,0,0,0,0,0,0,0,0,0
281,AgentA wins,17.00,0,0,0,0,0,0,0,0,0,0
282,AgentA wins,18.00,0,0,0,0,0,0,0,0,0,0
283,AgentA wins,15.00,0,0,0,0,0,0,0,0,0,0
284,AgentA wins,19.67,0,0,0,0,0,0,0,0,0,0
285,AgentA wins,17.00,0,0,0,0,0,0,0,0,0,0
286,AgentA wins,15.00,0,0,0,0,0,0,0,0,0,0
287,AgentA wins,18.00,0,0,0,0,0,0,0,0,0,0
288,AgentA wins,20.00,0,0,0,0,0,0,0,0,0,0
289,AgentA wins,15.00,0,0,0,0,0,0,0,0,0,0
290,AgentA wins,20.00,0,0,0,0,0,0,0,0,0,0
281,AgentA wins,20.00,0,0,0,0,0,0,0,0,0,0
282,AgentA wins,20.00,0,0,0,0,0,0,0,0,0,0
283,AgentA wins,20.00,0,0,0,0,0,0,0,0,0,0
284,AgentA wins,15.00,0,0,0,0,0,0,0,0,0,0
285,AgentA wins,22.33,0,0,0,0,0,0,0,0,0,0
286,AgentA wins,15.00,0,0,0,0,0,0,0,0,0,0
287,AgentB wins,24.67,0,0,0,0,0,0,0,0,0,0
288,AgentA wins,15.00,0,0,0,0,0,0,0,0,0,0
289,AgentA wins,15.00,0,0,0,0,0,0,0,0,0,0
290,AgentA wins,19.67,0,0,0,0,0,0,0,0,0,0
281,AgentA wins,19.67,0,0,0,0,0,0,0,0,0,0
282,AgentA wins,15.00,0,0,0,0,0,0,0,0,0,0
283,AgentA wins,15.00,0,0,0,0,0,0,0,0,0,0
284,AgentA wins,20.00,0,0,0,0,0,0,0,0,0,0
285,AgentA wins,17.00,0,0,0,0,0,0,0,0,0,0
286,AgentA wins,20.00,0,0,0,0,0,0,0,0,0,0
287,AgentA wins,19.67,0,0,0,0,0,0,0,0,0,0
288,AgentA wins,20.00,0,0,0,0,0,0,0,0,0,0
289,AgentA wins,17.00,0,0,0,0,0,0,0,0,0,0
290,AgentA wins,20.00,0,0,0,0,0,0,0,0,0,0
281,AgentA wins,20.00,0,0,0,0,0,0,0,0,0,0
282,AgentA wins,15.00,0,0,0,0,0,0,0,0,0,0
283,AgentA wins,19.67,0,0,0,0,0,0,0,0,0,0
284,AgentA wins,20.00,0,0,0,0,0,0,0,0,0,0
285,AgentA wins,20.00,0,0,0,0,0,0,0,0,0,0
286,AgentA wins,17.00,0,0,0,0,0,0,0,0,0,0
287,AgentB wins,24.67,0,0,0,0,0,0,0,0,0,0
288,AgentA wins,15.00,0,0,0,0,0,0,0,0,0,0
289,AgentA wins,20.00,0,0,0,0,0,0,0,0,0,0
290,AgentA wins,19.67,0,0,0,0,0,0,0,0,0,0
281,AgentA wins,19.67,0,0,0,0,0,0,0,0,0,0
282,AgentB wins,24.67,0,0,0,0,0,0,0,0,0,0
283,AgentA wins,19.67,0,0,0,0,0,0,0,0,0,0
284,AgentA wins,20.00,0,0,0,0,0,0,0,0,0,0
285,AgentA wins,19.67,0,0,0,0,0,0,0,0,0,0
286,AgentB wins,24.67,0,0,0,0,0,0,0,0,0,0
287,AgentA wins,19.67,0,0,0,0,0,0,0,0,0,0
288,AgentA wins,19.67,0,0,0,0,0,0,0,0,0,0
289,AgentA wins,18.00,0,0,0,0,0,0,0,0,0,0
290,AgentA wins,25.00,0,0,0,0,0,0,0,0,0,0
281,AgentA wins,22.33,0,0,0,0,0,0,0,0,0,0
282,AgentA wins,17.00,0,0,0,0,0,0,0,0,0,0
283,AgentA wins,18.00,0,0,0,0,0,0,0,0,0,0
284,AgentA wins,17.00,0,0,0,0,0,0,0,0,0,0
285,AgentA wins,20.00,0,0,0,0,0,0,0,0,0,0
286,AgentA wins,20.00,0,0,0,0,0,0,0,0,0,0
287,AgentA wins,19.67,0,0,0,0,0,0,0,0,0,0
288,AgentB wins,24.67,0,0,0,0,0,0,0,0,0,0
289,AgentA wins,15.00,0,0,0,0,0,0,0,0,0,0
290,AgentA wins,15.00,0,0,0,0,0,0,0,0,0,0
281,AgentA wins,19.67,0,0,0,0,0,0,0,0,0,0
282,AgentA wins,22.33,0,0,0,0,0,0,0,0,0,0
283,AgentA wins,23.33,0,0,0,0,0,0,0,0,0,0
284,AgentA wins,20.00,0,0,0,0,0,0,0,0,0,0
285,AgentA wins,22.33,0,0,0,0,0,0,0,0,0,0
286,AgentA wins,20.00,0,0,0,0,0,0,0,0,0,0
287,AgentA wins,19.67,0,0,0,0,0,0,0,0,0,0
288,AgentA wins,18.00,0,0,0,0,0,0,0,0,0,0
289,AgentA wins,22.33,0,0,0,0,0,0,0,0,0,0
290,AgentA wins,19.67,0,0,0,0,0,0,0,0,0,0
281,AgentB wins,24.67,0,0,0,0,0,0,0,0,0,0
282,AgentA wins,17.00,0,0,0,0,0,0,0,0,0,0
283,AgentA wins,20.00,0,0,0,0,0,0,0,0,0,0
284,AgentA wins,22.33,0,0,0,0,0,0,0,0,0,0
285,AgentA wins,19.67,0,0,0,0,0,0,0,0,0,0
286,AgentA wins,15.00,0,0,0,0,0,0,0,0,0,0
287,AgentA wins,19.67,0,0,0,0,0,0,0,0,0,0
288,AgentB wins,24.67,0,0,0,0,0,0,0,0,0,0
289,AgentA wins,22.33,0,0,0,0,0,0,0,0,0,0
290,AgentA wins,20.00,0,0,0,0,0,0,0,0,0,0
281,AgentA wins,15.00,0,0,0,0,0,0,0,0,0,0
282,AgentA wins,20.00,0,0,0,0,0,0,0,0,0,0
283,AgentA wins,20.00,0,0,0,0,0,0,0,0,0,0
284,AgentA wins,20.00,0,0,0,0,0,0,0,0,0,0
285,AgentA wins,19.67,0,0,0,0,0,0,0,0,0,0
286,AgentA wins,20.00,0,0,0,0,0,0,0,0,0,0
287,AgentA wins,22.33,0,0,0,0,0,0,0,0,0,0
288,AgentA wins,19.67,0,0,0,0,0,0,0,0,0,0
289,AgentA wins,19.67,0,0,0,0,0,0,0,0,0,0
290,AgentA wins,20.00,0,0,0,0,0,0,0,0,0,0
221,AgentA wins,23.67,0,0,0,0,0,0,0,0,0,0
222,AgentA wins,21.33,0,0,0,0,0,0,0,0,0,0
223,AgentA wins,27.00,0,0,0,0,0,0,0,0,0,0
224,timeout draw,60.00,0,0,0,0,0,0,0,0,0,0
225,AgentB wins,46.00,0,0,0,0,0,0,0,0,0,0
226,AgentB wins,30.67,0,0,0,0,0,0,0,0,0,0
227,AgentA wins,21.33,0,0,0,0,0,0,0,0,0,0
228,AgentB wins,29.00,0,0,0,0,0,0,0,0,0,0
229,AgentA wins,24.00,0,0,0,0,0,0,0,0,0,0
230,AgentA wins,15.00,0,0,0,0,0,0,0,0,0,0
231,AgentA wins,38.00,339,342,0,197,0,270,0,49,56,61
232,AgentA wins,32.00,292,289,0,160,0,225,0,36,47,45
233,AgentA wins,30.00,270,268,0,147,0,215,0,34,49,46
234,AgentA wins,34.00,301,306,0,165,0,245,0,31,65,53
235,AgentA wins,15.00,133,136,0,82,0,113,0,16,22,24
236,AgentA wins,15.00,135,135,0,69,0,101,0,14,31,16
237,AgentA wins,37.33,334,334,0,195,0,273,0,46,61,55
238,AgentA wins,18.00,165,163,0,92,0,138,0,18,32,28
239,AgentA wins,29.67,271,271,0,162,0,204,0,30,41,51
240,AgentA wins,18.00,166,163,0,99,0,130,0,17,20,40
221,AgentA wins,55.67,0,0,0,0,0,0,0,0,0,0
222,AgentA wins,34.00,0,0,0,0,0,0,0,0,0,0
223,AgentA wins,27.33,0,0,0,0,0,0,0,0,0,0
224,AgentA wins,31.00,0,0,0,0,0,0,0,0,0,0
225,AgentA wins,27.67,0,0,0,0,0,0,0,0,0,0
226,AgentA wins,32.00,0,0,0,0,0,0,0,0,0,0
227,AgentA wins,21.33,0,0,0,0,0,0,0,0,0,0
228,AgentA wins,34.33,0,0,0,0,0,0,0,0,0,0
229,AgentA wins,18.00,0,0,0,0,0,0,0,0,0,0
230,AgentA wins,41.00,0,0,0,0,0,0,0,0,0,0
221,AgentA wins,24.67,0,0,0,0,0,0,0,0,0,0
222,AgentA wins,15.00,0,0,0,0,0,0,0,0,0,0
223,AgentA wins,29.67,0,0,0,0,0,0,0,0,0,0
224,AgentA wins,15.00,0,0,0,0,0,0,0,0,0,0
225,AgentB wins,36.67,0,0,0,0,0,0,0,0,0,0
226,AgentA wins,21.00,0,0,0,0,0,0,0,0,0,0
227,AgentB wins,27.67,0,0,0,0,0,0,0,0,0,0
228,AgentA wins,39.00,0,0,0,0,0,0,0,0,0,0
229,AgentA wins,35.33,0,0,0,0,0,0,0,0,0,0
230,AgentA wins,31.67,0,0,0,0,0,0,0,0,0,0
291,AgentA wins,25.00,0,0,0,0,0,0,0,0,0,0
292,AgentA wins,22.33,0,0,0,0,0,0,0,0,0,0
293,AgentA wins,20.00,0,0,0,0,0,0,0,0,0,0
294,AgentA wins,23.33,0,0,0,0,0,0,0,0,0,0
295,AgentA wins,20.00,0,0,0,0,0,0,0,0,0,0
296,AgentA wins,20.00,0,0,0,0,0,0,0,0,0,0
297,AgentA wins,18.00,0,0,0,0,0,0,0,0,0,0
298,AgentA wins,20.00,0,0,0,0,0,0,0,0,0,0
299,AgentA wins,20.00,0,0,0,0,0,0,0,0,0,0
300,AgentA wins,19.67,0,0,0,0,0,0,0,0,0,0
291,AgentA wins,20.00,0,0,0,0,0,0,0,0,0,0
292,AgentA wins,17.00,0,0,0,0,0,0,0,0,0,0
293,AgentA wins,20.00,0,0,0,0,0,0,0,0,0,0
294,AgentA wins,20.00,0,0,0,0,0,0,0,0,0,0
295,AgentB wins,24.67,0,0,0,0,0,0,0,0,0,0
296,AgentA wins,15.00,0,0,0,0,0,0,0,0,0,0
297,AgentA wins,15.00,0,0,0,0,0,0,0,0,0,0
298,AgentA wins,15.00,0,0,0,0,0,0,0,0,0,0
299,AgentA wins,15.00,0,0,0,0,0,0,0,0,0,0
300,AgentB wins,24.67,0,0,0,0,0,0,0,0,0,0
231,AgentA wins,32.00,0,0,0,0,0,0,0,0,0,0
232,AgentA wins,15.00,0,0,0,0,0,0,0,0,0,0
233,AgentB wins,45.00,0,0,0,0,0,0,0,0,0,0
234,AgentA wins,34.00,0,0,0,0,0,0,0,0,0,0
235,AgentA wins,39.67,0,0,0,0,0,0,0,0,0,0
236,AgentA wins,15.00,0,0,0,0,0,0,0,0,0,0
237,AgentA wins,28.00,0,0,0,0,0,0,0,0,0,0
238,AgentB wins,36.00,0,0,0,0,0,0,0,0,0,0
239,AgentA wins,18.67,0,0,0,0,0,0,0,0,0,0
240,AgentA wins,27.00,0,0,0,0,0,0,0,0,0,0
291,AgentA wins,22.33,0,0,0,0,0,0,0,0,0,0
292,AgentA wins,20.00,0,0,0,0,0,0,0,0,0,0
293,AgentA wins,17.00,0,0,0,0,0,0,0,0,0,0
294,AgentA wins,20.00,0,0,0,0,0,0,0,0,0,0
295,AgentA wins,17.00,0,0,0,0,0,0,0,0,0,0
296,AgentA wins,15.00,0,0,0,0,0,0,0,0,0,0
297,AgentA wins,19.67,0,0,0,0,0,0,0,0,0,0
298,AgentA wins,17.00,0,0,0,0,0,0,0,0,0,0
299,AgentA wins,15.00,0,0,0,0,0,0,0,0,0,0
300,AgentA wins,20.00,0,0,0,0,0,0,0,0,0,0
291,AgentA wins,15.00,0,0,0,0,0,0,0,0,0,0
292,AgentA wins,18.00,0,0,0,0,0,0,0,0,0,0
293,AgentA wins,22.33,0,0,0,0,0,0,0,0,0,0
294,AgentA wins,22.33,0,0,0,0,0,0,0,0,0,0
295,AgentA wins,19.67,0,0,0,0,0,0,0,0,0,0
296,AgentA wins,17.00,0,0,0,0,0,0,0,0,0,0
297,AgentA wins,20.00,0,0,0,0,0,0,0,0,0,0
298,AgentA wins,20.00,0,0,0,0,0,0,0,0,0,0
299,AgentA wins,20.00,0,0,0,0,0,0,0,0,0,0
300,AgentA wins,20.00,0,0,0,0,0,0,0,0,0,0
291,AgentA wins,20.00,0,0,0,0,0,0,0,0,0,0
292,AgentB wins,24.67,0,0,0,0,0,0,0,0,0,0
293,AgentA wins,15.00,0,0,0,0,0,0,0,0,0,0
294,AgentA wins,22.33,0,0,0,0,0,0,0,0,0,0
295,AgentA wins,19.67,0,0,0,0,0,0,0,0,0,0
296,AgentA wins,19.67,0,0,0,0,0,0,0,0,0,0
297,AgentA wins,15.00,0,0,0,0,0,0,0,0,0,0
298,AgentA wins,15.00,0,0,0,0,0,0,0,0,0,0
299,AgentA wins,20.00,0,0,0,0,0,0,0,0,0,0
300,AgentA wins,15.00,0,0,0,0,0,0,0,0,0,0
221,AgentA wins,37.33,0,0,0,0,0,0,0,0,0,0
222,AgentB wins,38.67,0,0,0,0,0,0,0,0,0,0
223,AgentA wins,18.67,0,0,0,0,0,0,0,0,0,0
224,AgentA wins,15.00,0,0,0,0,0,0,0,0,0,0
225,AgentA wins,15.00,0,0,0,0,0,0,0,0,0,0
226,AgentA wins,25.67,0,0,0,0,0,0,0,0,0,0
227,AgentA wins,15.00,0,0,0,0,0,0,0,0,0,0
228,AgentA wins,37.33,0,0,0,0,0,0,0,0,0,0
229,AgentA wins,24.00,0,0,0,0,0,0,0,0,0,0
230,AgentA wins,18.00,0,0,0,0,0,0,0,0,0,0
291,AgentA wins,19.67,0,0,0,0,0,0,0,0,0,0
292,AgentA wins,19.67,0,0,0,0,0,0,0,0,0,0
293,AgentA wins,19.67,0,0,0,0,0,0,0,0,0,0
294,AgentA wins,19.67,0,0,0,0,0,0,0,0,0,0
295,AgentA wins,22.33,0,0,0,0,0,0,0,0,0,0
296,AgentA wins,20.00,0,0,0,0,0,0,0,0,0,0
297,AgentA wins,20.00,0,0,0,0,0,0,0,0,0,0
298,AgentA wins,20.00,0,0,0,0,0,0,0,0,0,0
299,AgentA wins,20.00,0,0,0,0,0,0,0,0,0,0
300,AgentA wins,15.00,0,0,0,0,0,0,0,0,0,0
231,AgentA wins,35.00,0,0,0,0,0,0,0,0,0,0
232,AgentA wins,34.67,0,0,0,0,0,0,0,0,0,0
233,AgentA wins,15.00,0,0,0,0,0,0,0,0,0,0
234,AgentA wins,24.67,0,0,0,0,0,0,0,0,0,0
235,AgentA wins,15.00,0,0,0,0,0,0,0,0,0,0
236,AgentB wins,49.33,0,0,0,0,0,0,0,0,0,0
237,AgentA wins,15.00,0,0,0,0,0,0,0,0,0,0
238,AgentA wins,15.00,0,0,0,0,0,0,0,0,0,0
239,AgentA wins,15.00,0,0,0,0,0,0,0,0,0,0
240,AgentA wins,21.00,0,0,0,0,0,0,0,0,0,0
291,AgentA wins,17.00,0,0,0,0,0,0,0,0,0,0
292,AgentA wins,22.33,0,0,0,0,0,0,0,0,0,0
293,AgentA wins,22.33,0,0,0,0,0,0,0,0,0,0
294,AgentA wins,20.00,0,0,0,0,0,0,0,0,0,0
295,AgentA wins,19.67,0,0,0,0,0,0,0,0,0,0
296,AgentA wins,15.00,0,0,0,0,0,0,0,0,0,0
297,AgentA wins,20.00,0,0,0,0,0,0,0,0,0,0
298,AgentA wins,20.00,0,0,0,0,0,0,0,0,0,0
299,AgentA wins,20.00,0,0,0,0,0,0,0,0,0,0
300,AgentA wins,15.00,0,0,0,0,0,0,0,0,0,0
291,AgentA wins,20.00,0,0,0,0,0,0,0,0,0,0
292,AgentA wins,20.00,0,0,0,0,0,0,0,0,0,0
293,AgentA wins,15.00,0,0,0,0,0,0,0,0,0,0
294,AgentA wins,19.67,0,0,0,0,0,0,0,0,0,0
295,AgentA wins,20.00,0,0,0,0,0,0,0,0,0,0
296,AgentA wins,20.00,0,0,0,0,0,0,0,0,0,0
297,AgentA wins,20.00,0,0,0,0,0,0,0,0,0,0
298,AgentA wins,15.00,0,0,0,0,0,0,0,0,0,0
299,AgentA wins,17.00,0,0,0,0,0,0,0,0,0,0
300,AgentA wins,15.00,0,0,0,0,0,0,0,0,0,0
231,AgentA wins,20.67,0,0,0,0,0,0,0,0,0,0
232,AgentA wins,35.33,0,0,0,0,0,0,0,0,0,0
233,AgentA wins,21.00,0,0,0,0,0,0,0,0,0,0
234,AgentA wins,21.00,0,0,0,0,0,0,0,0,0,0
235,AgentA wins,18.00,0,0,0,0,0,0,0,0,0,0
236,AgentA wins,15.00,0,0,0,0,0,0,0,0,0,0
237,AgentA wins,21.00,0,0,0,0,0,0,0,0,0,0
238,AgentA wins,33.00,0,0,0,0,0,0,0,0,0,0
239,AgentB wins,31.67,0,0,0,0,0,0,0,0,0,0
240,AgentA wins,24.67,0,0,0,0,0,0,0,0,0,0
291,AgentA wins,20.00,0,0,0,0,0,0,0,0,0,0
292,AgentA wins,19.67,0,0,0,0,0,0,0,0,0,0
293,AgentA wins,15.00,0,0,0,0,0,0,0,0,0,0
294,AgentA wins,20.00,0,0,0,0,0,0,0,0,0,0
295,AgentA wins,20.00,0,0,0,0,0,0,0,0,0,0
296,AgentA wins,15.00,0,0,0,0,0,0,0,0,0,0
297,AgentA wins,20.00,0,0,0,0,0,0,0,0,0,0
298,AgentA wins,20.00,0,0,0,0,0,0,0,0,0,0
299,AgentA wins,19.67,0,0,0,0,0,0,0,0,0,0
300,AgentA wins,15.00,0,0,0,0,0,0,0,0,0,0
291,AgentA wins,20.00,0,0,0,0,0,0,0,0,0,0
292,AgentA wins,19.67,0,0,0,0,0,0,0,0,0,0
293,AgentA wins,17.00,0,0,0,0,0,0,0,0,0,0
294,AgentA wins,17.00,0,0,0,0,0,0,0,0,0,0
295,AgentA wins,18.00,0,0,0,0,0,0,0,0,0,0
296,AgentA wins,20.00,0,0,0,0,0,0,0,0,0,0
297,AgentA wins,20.00,0,0,0,0,0,0,0,0,0,0
298,AgentA wins,18.00,0,0,0,0,0,0,0,0,0,0
299,AgentA wins,20.00,0,0,0,0,0,0,0,0,0,0
300,AgentA wins,19.67,0,0,0,0,0,0,0,0,0,0
291,AgentA wins,19.67,0,0,0,0,0,0,0,0,0,0
292,AgentA wins,20.00,0,0,0,0,0,0,0,0,0,0
293,AgentA wins,20.00,0,0,0,0,0,0,0,0,0,0
294,AgentA wins,15.00,0,0,0,0,0,0,0,0,0,0
295,AgentA wins,20.00,0,0,0,0,0,0,0,0,0,0
296,AgentA wins,20.00,0,0,0,0,0,0,0,0,0,0
297,AgentA wins,20.00,0,0,0,0,0,0,0,0,0,0
298,AgentA wins,19.67,0,0,0,0,0,0,0,0,0,0
299,AgentA wins,20.00,0,0,0,0,0,0,0,0,0,0
300,AgentA wins,15.00,0,0,0,0,0,0,0,0,0,0
291,AgentA wins,18.00,0,0,0,0,0,0,0,0,0,0
292,AgentA wins,20.00,0,0,0,0,0,0,0,0,0,0
293,AgentA wins,22.33,0,0,0,0,0,0,0,0,0,0
294,AgentA wins,20.00,0,0,0,0,0,0,0,0,0,0
295,AgentA wins,15.00,0,0,0,0,0,0,0,0,0,0
296,AgentB wins,24.67,0,0,0,0,0,0,0,0,0,0
297,AgentA wins,20.00,0,0,0,0,0,0,0,0,0,0
298,AgentA wins,19.67,0,0,0,0,0,0,0,0,0,0
299,AgentA wins,19.67,0,0,0,0,0,0,0,0,0,0
300,AgentA wins,20.00,0,0,0,0,0,0,0,0,0,0
231,AgentA wins,32.67,0,0,0,0,0,0,0,0,0,0
232,AgentA wins,36.00,0,0,0,0,0,0,0,0,0,0
233,AgentA wins,21.00,0,0,0,0,0,0,0,0,0,0
234,AgentA wins,44.33,0,0,0,0,0,0,0,0,0,0
235,AgentA wins,32.00,0,0,0,0,0,0,0,0,0,0
236,AgentA wins,15.00,0,0,0,0,0,0,0,0,0,0
237,AgentB wins,28.00,0,0,0,0,0,0,0,0,0,0
238,AgentA wins,50.67,0,0,0,0,0,0,0,0,0,0
239,AgentA wins,29.33,0,0,0,0,0,0,0,0,0,0
240,AgentA wins,18.00,0,0,0,0,0,0,0,0,0,0
231,AgentA wins,33.33,0,0,0,0,0,0,0,0,0,0
232,AgentA wins,15.00,0,0,0,0,0,0,0,0,0,0
233,AgentA wins,54.00,0,0,0,0,0,0,0,0,0,0
234,AgentA wins,15.00,0,0,0,0,0,0,0,0,0,0
235,AgentA wins,18.00,0,0,0,0,0,0,0,0,0,0
236,AgentB wins,33.00,0,0,0,0,0,0,0,0,0,0
237,AgentA wins,18.00,0,0,0,0,0,0,0,0,0,0
238,AgentA wins,26.33,0,0,0,0,0,0,0,0,0,0
239,AgentA wins,18.00,0,0,0,0,0,0,0,0,0,0
240,AgentA wins,23.67,0,0,0,0,0,0,0,0,0,0
291,AgentA wins,20.00,0,0,0,0,0,0,0,0,0,0
292,AgentA wins,19.67,0,0,0,0,0,0,0,0,0,0
293,AgentA wins,15.00,0,0,0,0,0,0,0,0,0,0
294,AgentA wins,19.67,0,0,0,0,0,0,0,0,0,0
295,AgentA wins,22.33,0,0,0,0,0,0,0,0,0,0
296,AgentA wins,20.00,0,0,0,0,0,0,0,0,0,0
297,AgentA wins,20.00,0,0,0,0,0,0,0,0,0,0
298,AgentA wins,23.33,0,0,0,0,0,0,0,0,0,0
299,AgentA wins,15.00,0,0,0,0,0,0,0,0,0,0
300,AgentA wins,20.00,0,0,0,0,0,0,0,0,0,0
291,AgentA wins,23.33,0,0,0,0,0,0,0,0,0,0
292,AgentA wins,19.67,0,0,0,0,0,0,0,0,0,0
293,AgentA wins,20.00,0,0,0,0,0,0,0,0,0,0
294,AgentA wins,18.00,0,0,0,0,0,0,0,0,0,0
295,AgentA wins,20.00,0,0,0,0,0,0,0,0,0,0
296,AgentA wins,15.00,0,0,0,0,0,0,0,0,0,0
297,AgentA wins,15.00,0,0,0,0,0,0,0,0,0,0
298,AgentA wins,20.00,0,0,0,0,0,0,0,0,0,0
299,AgentA wins,20.00,0,0,0,0,0,0,0,0,0,0
300,AgentA wins,19.67,0,0,0,0,0,0,0,0,0,0
291,AgentA wins,17.00,0,0,0,0,0,0,0,0,0,0
292,AgentA wins,18.00,0,0,0,0,0,0,0,0,0,0
293,AgentA wins,20.00,0,0,0,0,0,0,0,0,0,0
294,AgentA wins,20.00,0,0,0,0,0,0,0,0,0,0
295,AgentA wins,19.67,0,0,0,0,0,0,0,0,0,0
296,AgentA wins,18.00,0,0,0,0,0,0,0,0,0,0
297,AgentA wins,17.00,0,0,0,0,0,0,0,0,0,0
298,AgentA wins,19.67,0,0,0,0,0,0,0,0,0,0
299,AgentA wins,20.00,0,0,0,0,0,0,0,0,0,0
300,AgentA wins,20.00,0,0,0,0,0,0,0,0,0,0
301,AgentA wins,19.67,0,0,0,0,0,0,0,0,0,0
302,AgentA wins,15.00,0,0,0,0,0,0,0,0,0,0
303,AgentA wins,17.00,0,0,0,0,0,0,0,0,0,0
304,AgentA wins,20.00,0,0,0,0,0,0,0,0,0,0
305,AgentA wins,18.00,0,0,0,0,0,0,0,0,0,0
306,AgentA wins,15.00,0,0,0,0,0,0,0,0,0,0
307,AgentA wins,17.00,0,0,0,0,0,0,0,0,0,0
308,AgentA wins,20.00,0,0,0,0,0,0,0,0,0,0
309,AgentA wins,15.00,0,0,0,0,0,0,0,0,0,0
310,AgentA wins,17.00,0,0,0,0,0,0,0,0,0,0
231,AgentA wins,18.00,0,0,0,0,0,0,0,0,0,0
232,AgentA wins,27.00,0,0,0,0,0,0,0,0,0,0
233,AgentA wins,15.00,0,0,0,0,0,0,0,0,0,0
234,AgentA wins,24.00,0,0,0,0,0,0,0,0,0,0
235,AgentA wins,15.00,0,0,0,0,0,0,0,0,0,0
236,AgentA wins,24.67,0,0,0,0,0,0,0,0,0,0
237,AgentA wins,39.00,0,0,0,0,0,0,0,0,0,0
238,AgentA wins,15.00,0,0,0,0,0,0,0,0,0,0
239,AgentA wins,27.00,0,0,0,0,0,0,0,0,0,0
240,AgentA wins,18.67,0,0,0,0,0,0,0,0,0,0
241,AgentA wins,21.67,195,189,0,111,0,157,0,23,33,39
242,AgentA wins,18.00,162,160,0,91,0,135,0,15,23,33
243,AgentA wins,30.00,273,267,1,162,0,215,0,40,34,62
244,AgentA wins,21.00,187,186,0,113,0,144,0,22,22,40
245,AgentA wins,15.00,136,138,0,83,0,105,0,18,14,39
246,AgentA wins,26.67,244,241,0,143,0,190,0,32,34,56
247,AgentA wins,21.33,192,188,0,118,0,150,0,22,17,57
248,AgentA wins,15.00,139,135,0,80,0,102,0,20,19,26
249,AgentB wins,35.33,320,321,0,190,0,248,0,43,38,79
250,AgentA wins,27.00,246,243,0,134,0,194,0,23,42,38
301,AgentA wins,17.00,0,0,0,0,0,0,0,0,0,0
302,AgentA wins,15.00,0,0,0,0,0,0,0,0,0,0
303,AgentA wins,20.00,0,0,0,0,0,0,0,0,0,0
304,AgentA wins,19.67,0,0,0,0,0,0,0,0,0,0
305,AgentA wins,20.00,0,0,0,0,0,0,0,0,0,0
306,AgentA wins,15.00,0,0,0,0,0,0,0,0,0,0
307,AgentA wins,20.00,0,0,0,0,0,0,0,0,0,0
308,AgentA wins,15.00,0,0,0,0,0,0,0,0,0,0
309,AgentA wins,23.33,0,0,0,0,0,0,0,0,0,0
310,AgentA wins,18.00,0,0,0,0,0,0,0,0,0,0
301,AgentA wins,18.00,0,0,0,0,0,0,0,0,0,0
302,AgentA wins,20.00,0,0,0,0,0,0,0,0,0,0
303,AgentA wins,18.00,0,0,0,0,0,0,0,0,0,0
304,AgentA wins,20.00,0,0,0,0,0,0,0,0,0,0
305,AgentA wins,18.00,0,0,0,0,0,0,0,0,0,0
306,AgentA wins,17.00,0,0,0,0,0,0,0,0,0,0
307,AgentA wins,15.00,0,0,0,0,0,0,0,0,0,0
308,AgentA wins,20.00,0,0,0,0,0,0,0,0,0,0
309,AgentA wins,20.00,0,0,0,0,0,0,0,0,0,0
310,AgentA wins,19.67,0,0,0,0,0,0,0,0,0,0
301,AgentA wins,18.00,0,0,0,0,0,0,0,0,0,0
302,AgentA wins,19.67,0,0,0,0,0,0,0,0,0,0
303,AgentA wins,20.00,0,0,0,0,0,0,0,0,0,0
304,AgentA wins,18.00,0,0,0,0,0,0,0,0,0,0
305,AgentA wins,20.00,0,0,0,0,0,0,0,0,0,0
306,AgentA wins,20.00,0,0,0,0,0,0,0,0,0,0
307,AgentA wins,18.00,0,0,0,0,0,0,0,0,0,0
308,AgentA wins,20.00,0,0,0,0,0,0,0,0,0,0
309,AgentA wins,19.67,0,0,0,0,0,0,0,0,0,0
310,AgentA wins,20.00,0,0,0,0,0,0,0,0,0,0
301,AgentB wins,24.67,0,0,0,0,0,0,0,0,0,0
302,AgentA wins,19.67,0,0,0,0,0,0,0,0,0,0
303,AgentA wins,19.67,0,0,0,0,0,0,0,0,0,0
304,AgentA wins,15.00,0,0,0,0,0,0,0,0,0,0
305,AgentA wins,18.00,0,0,0,0,0,0,0,0,0,0
306,AgentA wins,19.67,0,0,0,0,0,0,0,0,0,0
307,AgentA wins,15.00,0,0,0,0,0,0,0,0,0,0
308,AgentA wins,20.00,0,0,0,0,0,0,0,0,0,0
309,AgentA wins,22.33,0,0,0,0,0,0,0,0,0,0
310,AgentA wins,20.00,0,0,0,0,0,0,0,0,0,0
301,AgentA wins,20.00,0,0,0,0,0,0,0,0,0,0
302,AgentA wins,15.00,0,0,0,0,0,0,0,0,0,0
303,AgentA wins,20.00,0,0,0,0,0,0,0,0,0,0
304,AgentA wins,18.00,0,0,0,0,0,0,0,0,0,0
305,AgentA wins,15.00,0,0,0,0,0,0,0,0,0,0
306,AgentA wins,15.00,0,0,0,0,0,0,0,0,0,0
307,AgentA wins,20.00,0,0,0,0,0,0,0,0,0,0
308,AgentA wins,15.00,0,0,0,0,0,0,0,0,0,0
309,AgentA wins,19.67,0,0,0,0,0,0,0,0,0,0
310,AgentA wins,17.00,0,0,0,0,0,0,0,0,0,0
301,AgentA wins,20.00,0,0,0,0,0,0,0,0,0,0
302,AgentA wins,20.00,0,0,0,0,0,0,0,0,0,0
303,AgentA wins,20.00,0,0,0,0,0,0,0,0,0,0
304,AgentA wins,18.00,0,0,0,0,0,0,0,0,0,0
305,AgentA wins,22.33,0,0,0,0,0,0,0,0,0,0
306,AgentA wins,15.00,0,0,0,0,0,0,0,0,0,0
307,AgentA wins,20.00,0,0,0,0,0,0,0,0,0,0
308,AgentA wins,19.67,0,0,0,0,0,0,0,0,0,0
309,AgentA wins,20.00,0,0,0,0,0,0,0,0,0,0
310,AgentA wins,17.00,0,0,0,0,0,0,0,0,0,0
301,AgentA wins,20.00,0,0,0,0,0,0,0,0,0,0
302,AgentA wins,19.67,0,0,0,0,0,0,0,0,0,0
303,AgentA wins,20.00,0,0,0,0,0,0,0,0,0,0
304,AgentA wins,20.00,0,0,0,0,0,0,0,0,0,0
305,AgentA wins,20.00,0,0,0,0,0,0,0,0,0,0
306,AgentA wins,20.00,0,0,0,0,0,0,0,0,0,0
307,AgentA wins,20.00,0,0,0,0,0,0,0,0,0,0
308,AgentA wins,20.00,0,0,0,0,0,0,0,0,0,0
309,AgentA wins,19.67,0,0,0,0,0,0,0,0,0,0
310,AgentA wins,20.00,0,0,0,0,0,0,0,0,0,0
301,AgentA wins,18.00,0,0,0,0,0,0,0,0,0,0
302,AgentA wins,17.00,0,0,0,0,0,0,0,0,0,0
303,AgentA wins,15.00,0,0,0,0,0,0,0,0,0,0
304,AgentA wins,20.00,0,0,0,0,0,0,0,0,0,0
305,AgentA wins,18.00,0,0,0,0,0,0,0,0,0,0
306,AgentA wins,17.00,0,0,0,0,0,0,0,0,0,0
307,AgentA wins,20.00,0,0,0,0,0,0,0,0,0,0
308,AgentA wins,18.00,0,0,0,0,0,0,0,0,0,0
309,AgentB wins,24.67,0,0,0,0,0,0,0,0,0,0
310,AgentA wins,19.67,0,0,0,0,0,0,0,0,0,0
231,AgentB wins,18.67,0,0,0,0,0,0,0,0,0,0
232,AgentA wins,32.00,0,0,0,0,0,0,0,0,0,0
233,AgentA wins,32.00,0,0,0,0,0,0,0,0,0,0
234,AgentA wins,30.00,0,0,0,0,0,0,0,0,0,0
235,AgentA wins,24.00,0,0,0,0,0,0,0,0,0,0
236,AgentA wins,24.00,0,0,0,0,0,0,0,0,0,0
237,AgentA wins,46.00,0,0,0,0,0,0,0,0,0,0
238,AgentB wins,19.00,0,0,0,0,0,0,0,0,0,0
239,AgentA wins,39.00,0,0,0,0,0,0,0,0,0,0
240,AgentB wins,41.67,0,0,0,0,0,0,0,0,0,0
301,AgentA wins,15.00,0,0,0,0,0,0,0,0,0,0
302,AgentA wins,20.00,0,0,0,0,0,0,0,0,0,0
303,AgentA wins,17.00,0,0,0,0,0,0,0,0,0,0
304,AgentA wins,19.67,0,0,0,0,0,0,0,0,0,0
305,AgentA wins,20.00,0,0,0,0,0,0,0,0,0,0
306,AgentA wins,20.00,0,0,0,0,0,0,0,0,0,0
307,AgentA wins,20.00,0,0,0,0,0,0,0,0,0,0
308,AgentA wins,19.67,0,0,0,0,0,0,0,0,0,0
309,AgentA wins,15.00,0,0,0,0,0,0,0,0,0,0
310,AgentA wins,20.00,0,0,0,0,0,0,0,0,0,0
231,AgentA wins,24.00,0,0,0,0,0,0,0,0,0,0
232,AgentA wins,29.67,0,0,0,0,0,0,0,0,0,0
233,AgentA wins,32.67,0,0,0,0,0,0,0,0,0,0
234,AgentA wins,35.67,0,0,0,0,0,0,0,0,0,0
235,AgentA wins,15.00,0,0,0,0,0,0,0,0,0,0
236,AgentA wins,29.00,0,0,0,0,0,0,0,0,0,0
237,AgentA wins,38.00,0,0,0,0,0,0,0,0,0,0
238,AgentB wins,58.33,0,0,0,0,0,0,0,0,0,0
239,AgentA wins,24.67,0,0,0,0,0,0,0,0,0,0
240,AgentA wins,15.00,0,0,0,0,0,0,0,0,0,0
301,AgentB wins,24.67,0,0,0,0,0,0,0,0,0,0
302,AgentA wins,15.00,0,0,0,0,0,0,0,0,0,0
303,AgentA wins,15.00,0,0,0,0,0,0,0,0,0,0
304,AgentA wins,20.00,0,0,0,0,0,0,0,0,0,0
305,AgentA wins,20.00,0,0,0,0,0,0,0,0,0,0
306,AgentA wins,20.00,0,0,0,0,0,0,0,0,0,0
307,AgentA wins,20.00,0,0,0,0,0,0,0,0,0,0
308,AgentA wins,18.00,0,0,0,0,0,0,0,0,0,0
309,AgentA wins,15.00,0,0,0,0,0,0,0,0,0,0
310,AgentA wins,19.67,0,0,0,0,0,0,0,0,0,0
231,AgentA wins,15.00,0,0,0,0,0,0,0,0,0,0
232,AgentB wins,37.00,0,0,0,0,0,0,0,0,0,0
233,AgentA wins,27.00,0,0,0,0,0,0,0,0,0,0
234,AgentA wins,28.00,0,0,0,0,0,0,0,0,0,0
235,AgentA wins,29.00,0,0,0,0,0,0,0,0,0,0
236,AgentA wins,39.00,0,0,0,0,0,0,0,0,0,0
237,AgentA wins,18.67,0,0,0,0,0,0,0,0,0,0
238,AgentA wins,15.00,0,0,0,0,0,0,0,0,0,0
239,AgentA wins,15.00,0,0,0,0,0,0,0,0,0,0
240,AgentA wins,18.00,0,0,0,0,0,0,0,0,0,0
301,AgentA wins,20.00,0,0,0,0,0,0,0,0,0,0
302,AgentA wins,18.00,0,0,0,0,0,0,0,0,0,0
303,AgentA wins,20.00,0,0,0,0,0,0,0,0,0,0
304,AgentA wins,18.00,0,0,0,0,0,0,0,0,0,0
305,AgentA wins,20.00,0,0,0,0,0,0,0,0,0,0
306,AgentA wins,25.00,0,0,0,0,0,0,0,0,0,0
307,AgentA wins,20.00,0,0,0,0,0,0,0,0,0,0
308,AgentA wins,20.00,0,0,0,0,0,0,0,0,0,0
309,AgentA wins,20.00,0,0,0,0,0,0,0,0,0,0
310,AgentA wins,17.00,0,0,0,0,0,0,0,0,0,0
301,AgentA wins,19.67,0,0,0,0,0,0,0,0,0,0
302,AgentA wins,20.00,0,0,0,0,0,0,0,0,0,0
303,AgentA wins,18.00,0,0,0,0,0,0,0,0,0,0
304,AgentA wins,19.67,0,0,0,0,0,0,0,0,0,0
305,AgentA wins,22.33,0,0,0,0,0,0,0,0,0,0
306,AgentA wins,15.00,0,0,0,0,0,0,0,0,0,0
307,AgentA wins,15.00,0,0,0,0,0,0,0,0,0,0
308,AgentA wins,17.00,0,0,0,0,0,0,0,0,0,0
309,AgentA wins,15.00,0,0,0,0,0,0,0,0,0,0
310,AgentA wins,17.00,0,0,0,0,0,0,0,0,0,0
301,AgentA wins,17.00,0,0,0,0,0,0,0,0,0,0
302,AgentA wins,15.00,0,0,0,0,0,0,0,0,0,0
303,AgentA wins,19.67,0,0,0,0,0,0,0,0,0,0
304,AgentA wins,20.00,0,0,0,0,0,0,0,0,0,0
305,AgentA wins,19.67,0,0,0,0,0,0,0,0,0,0
306,AgentA wins,20.00,0,0,0,0,0,0,0,0,0,0
307,AgentA wins,20.00,0,0,0,0,0,0,0,0,0,0
308,AgentA wins,20.00,0,0,0,0,0,0,0,0,0,0
309,AgentA wins,17.00,0,0,0,0,0,0,0,0,0,0
310,AgentA wins,17.00,0,0,0,0,0,0,0,0,0,0
301,AgentA wins,20.00,0,0,0,0,0,0,0,0,0,0
302,AgentA wins,22.33,0,0,0,0,0,0,0,0,0,0
303,AgentA wins,20.00,0,0,0,0,0,0,0,0,0,0
304,AgentA wins,19.67,0,0,0,0,0,0,0,0,0,0
305,AgentA wins,18.00,0,0,0,0,0,0,0,0,0,0
306,AgentA wins,19.67,0,0,0,0,0,0,0,0,0,0
307,AgentA wins,20.00,0,0,0,0,0,0,0,0,0,0
308,AgentA wins,18.00,0,0,0,0,0,0,0,0,0,0
309,AgentA wins,15.00,0,0,0,0,0,0,0,0,0,0
310,AgentA wins,15.00,0,0,0,0,0,0,0,0,0,0
241,AgentA wins,29.00,0,0,0,0,0,0,0,0,0,0
242,AgentA wins,15.00,0,0,0,0,0,0,0,0,0,0
243,AgentA wins,35.67,0,0,0,0,0,0,0,0,0,0
244,AgentA wins,27.00,0,0,0,0,0,0,0,0,0,0
245,AgentA wins,15.00,0,0,0,0,0,0,0,0,0,0
246,AgentB wins,25.00,0,0,0,0,0,0,0,0,0,0
247,AgentA wins,27.00,0,0,0,0,0,0,0,0,0,0
248,AgentA wins,18.00,0,0,0,0,0,0,0,0,0,0
249,AgentA wins,21.67,0,0,0,0,0,0,0,0,0,0
250,AgentA wins,15.00,0,0,0,0,0,0,0,0,0,0
241,AgentA wins,18.00,0,0,0,0,0,0,0,0,0,0
242,AgentA wins,18.00,0,0,0,0,0,0,0,0,0,0
243,AgentA wins,27.33,0,0,0,0,0,0,0,0,0,0
244,AgentA wins,15.00,0,0,0,0,0,0,0,0,0,0
245,AgentA wins,21.00,0,0,0,0,0,0,0,0,0,0
246,AgentA wins,39.00,0,0,0,0,0,0,0,0,0,0
247,AgentA wins,18.00,0,0,0,0,0,0,0,0,0,0
248,AgentA wins,24.00,0,0,0,0,0,0,0,0,0,0
249,AgentA wins,18.00,0,0,0,0,0,0,0,0,0,0
250,AgentA wins,32.67,0,0,0,0,0,0,0,0,0,0
241,AgentA wins,47.00,0,0,0,0,0,0,0,0,0,0
242,AgentA wins,35.00,0,0,0,0,0,0,0,0,0,0
243,AgentA wins,18.33,0,0,0,0,0,0,0,0,0,0
244,AgentA wins,24.00,0,0,0,0,0,0,0,0,0,0
245,AgentA wins,28.67,0,0,0,0,0,0,0,0,0,0
246,AgentA wins,15.00,0,0,0,0,0,0,0,0,0,0
247,AgentA wins,39.67,0,0,0,0,0,0,0,0,0,0
248,AgentA wins,15.00,0,0,0,0,0,0,0,0,0,0
249,AgentA wins,30.00,0,0,0,0,0,0,0,0,0,0
250,AgentA wins,18.00,0,0,0,0,0,0,0,0,0,0
241,AgentA wins,33.00,0,0,0,0,0,0,0,0,0,0
242,AgentA wins,29.00,0,0,0,0,0,0,0,0,0,0
243,AgentA wins,15.00,0,0,0,0,0,0,0,0,0,0
244,AgentA wins,33.00,0,0,0,0,0,0,0,0,0,0
245,AgentA wins,26.67,0,0,0,0,0,0,0,0,0,0
246,AgentB wins,42.33,0,0,0,0,0,0,0,0,0,0
247,AgentA wins,32.00,0,0,0,0,0,0,0,0,0,0
248,AgentA wins,36.67,0,0,0,0,0,0,0,0,0,0
249,AgentA wins,18.00,0,0,0,0,0,0,0,0,0,0
250,AgentA wins,38.33,0,0,0,0,0,0,0,0,0,0
241,AgentA wins,42.33,0,0,0,0,0,0,0,0,0,0
242,AgentA wins,43.00,0,0,0,0,0,0,0,0,0,0
243,AgentA wins,15.00,0,0,0,0,0,0,0,0,0,0
244,AgentA wins,36.00,0,0,0,0,0,0,0,0,0,0
245,AgentA wins,20.67,0,0,0,0,0,0,0,0,0,0
246,AgentA wins,21.00,0,0,0,0,0,0,0,0,0,0
247,AgentA wins,15.00,0,0,0,0,0,0,0,0,0,0
248,AgentA wins,44.00,0,0,0,0,0,0,0,0,0,0
249,AgentA wins,21.00,0,0,0,0,0,0,0,0,0,0
250,AgentA wins,15.00,0,0,0,0,0,0,0,0,0,0
311,AgentA wins,19.67,0,0,0,0,0,0,0,0,0,0
312,AgentA wins,20.00,0,0,0,0,0,0,0,0,0,0
313,AgentA wins,20.00,0,0,0,0,0,0,0,0,0,0
314,AgentA wins,17.00,0,0,0,0,0,0,0,0,0,0
315,AgentA wins,17.00,0,0,0,0,0,0,0,0,0,0
316,AgentA wins,17.00,0,0,0,0,0,0,0,0,0,0
317,AgentA wins,20.00,0,0,0,0,0,0,0,0,0,0
318,AgentA wins,20.00,0,0,0,0,0,0,0,0,0,0
319,AgentA wins,19.67,0,0,0,0,0,0,0,0,0,0
320,AgentA wins,15.00,0,0,0,0,0,0,0,0,0,0
311,AgentA wins,17.00,0,0,0,0,0,0,0,0,0,0
312,AgentA wins,20.00,0,0,0,0,0,0,0,0,0,0
313,AgentA wins,15.00,0,0,0,0,0,0,0,0,0,0
314,AgentA wins,15.00,0,0,0,0,0,0,0,0,0,0
315,AgentA wins,15.00,0,0,0,0,0,0,0,0,0,0
316,AgentA wins,18.00,0,0,0,0,0,0,0,0,0,0
317,AgentA wins,17.00,0,0,0,0,0,0,0,0,0,0
318,AgentA wins,15.00,0,0,0,0,0,0,0,0,0,0
319,AgentA wins,20.00,0,0,0,0,0,0,0,0,0,0
320,AgentA wins,19.67,0,0,0,0,0,0,0,0,0,0
311,AgentA wins,19.67,0,0,0,0,0,0,0,0,0,0
312,AgentA wins,17.00,0,0,0,0,0,0,0,0,0,0
313,AgentA wins,19.67,0,0,0,0,0,0,0,0,0,0
314,AgentA wins,20.00,0,0,0,0,0,0,0,0,0,0
315,AgentA wins,19.67,0,0,0,0,0,0,0,0,0,0
316,AgentA wins,18.00,0,0,0,0,0,0,0,0,0,0
317,AgentA wins,20.00,0,0,0,0,0,0,0,0,0,0
318,AgentA wins,22.33,0,0,0,0,0,0,0,0,0,0
319,AgentA wins,19.67,0,0,0,0,0,0,0,0,0,0
320,AgentA wins,15.00,0,0,0,0,0,0,0,0,0,0
311,AgentA wins,20.00,0,0,0,0,0,0,0,0,0,0
312,AgentA wins,17.00,0,0,0,0,0,0,0,0,0,0
313,AgentA wins,20.00,0,0,0,0,0,0,0,0,0,0
314,AgentA wins,20.00,0,0,0,0,0,0,0,0,0,0
315,AgentA wins,19.67,0,0,0,0,0,0,0,0,0,0
316,AgentB wins,24.67,0,0,0,0,0,0,0,0,0,0
317,AgentA wins,17.00,0,0,0,0,0,0,0,0,0,0
318,AgentA wins,17.00,0,0,0,0,0,0,0,0,0,0
319,AgentA wins,15.00,0,0,0,0,0,0,0,0,0,0
320,AgentA wins,20.00,0,0,0,0,0,0,0,0,0,0
311,AgentB wins,24.67,0,0,0,0,0,0,0,0,0,0
312,AgentA wins,20.00,0,0,0,0,0,0,0,0,0,0
313,AgentA wins,20.00,0,0,0,0,0,0,0,0,0,0
314,AgentA wins,20.00,0,0,0,0,0,0,0,0,0,0
315,AgentA wins,17.00,0,0,0,0,0,0,0,0,0,0
316,AgentA wins,23.33,0,0,0,0,0,0,0,0,0,0
317,AgentA wins,20.00,0,0,0,0,0,0,0,0,0,0
318,AgentA wins,15.00,0,0,0,0,0,0,0,0,0,0
319,AgentA wins,19.67,0,0,0,0,0,0,0,0,0,0
320,AgentA wins,19.67,0,0,0,0,0,0,0,0,0,0
311,AgentA wins,20.00,0,0,0,0,0,0,0,0,0,0
312,AgentA wins,20.00,0,0,0,0,0,0,0,0,0,0
313,AgentA wins,23.33,0,0,0,0,0,0,0,0,0,0
314,AgentA wins,19.67,0,0,0,0,0,0,0,0,0,0
315,AgentA wins,15.00,0,0,0,0,0,0,0,0,0,0
316,AgentA wins,15.00,0,0,0,0,0,0,0,0,0,0
317,AgentA wins,15.00,0,0,0,0,0,0,0,0,0,0
318,AgentA wins,20.00,0,0,0,0,0,0,0,0,0,0
319,AgentA wins,15.00,0,0,0,0,0,0,0,0,0,0
320,AgentA wins,15.00,0,0,0,0,0,0,0,0,0,0
251,AgentA wins,15.00,135,133,0,79,0,102,0,16,20,26
252,AgentA wins,24.00,219,215,0,125,0,173,0,29,32,36
253,AgentA wins,24.00,218,216,0,135,0,165,0,30,25,48
254,AgentA wins,32.00,290,290,0,181,0,221,0,38,28,83
255,AgentA wins,26.00,228,238,0,139,0,186,0,31,29,49
256,AgentA wins,34.33,307,313,0,186,0,241,0,39,45,66
257,AgentA wins,15.00,135,135,0,85,0,107,0,20,16,30
258,AgentA wins,15.00,137,135,0,80,0,108,0,20,21,25
259,AgentA wins,26.33,237,238,0,131,0,186,0,26,38,43
260,AgentA wins,29.67,267,271,0,161,0,218,0,33,43,52
311,AgentA wins,20.00,0,0,0,0,0,0,0,0,0,0
312,AgentA wins,23.33,0,0,0,0,0,0,0,0,0,0
313,AgentA wins,17.00,0,0,0,0,0,0,0,0,0,0
314,AgentA wins,20.00,0,0,0,0,0,0,0,0,0,0
315,AgentA wins,15.00,0,0,0,0,0,0,0,0,0,0
316,AgentA wins,19.67,0,0,0,0,0,0,0,0,0,0
317,AgentA wins,19.67,0,0,0,0,0,0,0,0,0,0
318,AgentA wins,20.00,0,0,0,0,0,0,0,0,0,0
319,AgentA wins,19.67,0,0,0,0,0,0,0,0,0,0
320,AgentA wins,20.00,0,0,0,0,0,0,0,0,0,0
311,AgentA wins,23.33,0,0,0,0,0,0,0,0,0,0
312,AgentA wins,18.00,0,0,0,0,0,0,0,0,0,0
313,AgentA wins,18.00,0,0,0,0,0,0,0,0,0,0
314,AgentA wins,20.00,0,0,0,0,0,0,0,0,0,0
315,AgentA wins,20.00,0,0,0,0,0,0,0,0,0,0
316,AgentA wins,20.00,0,0,0,0,0,0,0,0,0,0
317,AgentA wins,19.67,0,0,0,0,0,0,0,0,0,0
318,AgentA wins,17.00,0,0,0,0,0,0,0,0,0,0
319,AgentA wins,20.00,0,0,0,0,0,0,0,0,0,0
320,AgentA wins,19.67,0,0,0,0,0,0,0,0,0,0
311,AgentA wins,18.00,0,0,0,0,0,0,0,0,0,0
312,AgentA wins,15.00,0,0,0,0,0,0,0,0,0,0
313,AgentA wins,15.00,0,0,0,0,0,0,0,0,0,0
314,AgentA wins,19.67,0,0,0,0,0,0,0,0,0,0
315,AgentA wins,20.00,0,0,0,0,0,0,0,0,0,0
316,AgentA wins,20.00,0,0,0,0,0,0,0,0,0,0
317,AgentA wins,17.00,0,0,0,0,0,0,0,0,0,0
318,AgentA wins,20.00,0,0,0,0,0,0,0,0,0,0
319,AgentA wins,20.00,0,0,0,0,0,0,0,0,0,0
320,AgentA wins,20.00,0,0,0,0,0,0,0,0,0,0
241,AgentA wins,35.00,0,0,0,0,0,0,0,0,0,0
242,AgentA wins,29.67,0,0,0,0,0,0,0,0,0,0
243,AgentA wins,24.00,0,0,0,0,0,0,0,0,0,0
244,AgentA wins,42.67,0,0,0,0,0,0,0,0,0,0
245,AgentA wins,15.00,0,0,0,0,0,0,0,0,0,0
246,AgentA wins,18.67,0,0,0,0,0,0,0,0,0,0
247,AgentA wins,15.00,0,0,0,0,0,0,0,0,0,0
248,AgentA wins,21.00,0,0,0,0,0,0,0,0,0,0
249,AgentB wins,31.00,0,0,0,0,0,0,0,0,0,0
250,AgentA wins,33.67,0,0,0,0,0,0,0,0,0,0
311,AgentA wins,20.00,0,0,0,0,0,0,0,0,0,0
312,AgentA wins,15.00,0,0,0,0,0,0,0,0,0,0
313,AgentA wins,20.00,0,0,0,0,0,0,0,0,0,0
314,AgentA wins,15.00,0,0,0,0,0,0,0,0,0,0
315,AgentA wins,20.00,0,0,0,0,0,0,0,0,0,0
316,AgentA wins,19.67,0,0,0,0,0,0,0,0,0,0
317,AgentA wins,20.00,0,0,0,0,0,0,0,0,0,0
318,AgentA wins,20.00,0,0,0,0,0,0,0,0,0,0
319,AgentA wins,15.00,0,0,0,0,0,0,0,0,0,0
320,AgentA wins,23.33,0,0,0,0,0,0,0,0,0,0
311,AgentA wins,20.00,0,0,0,0,0,0,0,0,0,0
312,AgentA wins,20.00,0,0,0,0,0,0,0,0,0,0
313,AgentA wins,20.00,0,0,0,0,0,0,0,0,0,0
314,AgentA wins,22.33,0,0,0,0,0,0,0,0,0,0
315,AgentA wins,15.00,0,0,0,0,0,0,0,0,0,0
316,AgentA wins,15.00,0,0,0,0,0,0,0,0,0,0
317,AgentA wins,20.00,0,0,0,0,0,0,0,0,0,0
318,AgentA wins,22.33,0,0,0,0,0,0,0,0,0,0
319,AgentA wins,17.00,0,0,0,0,0,0,0,0,0,0
320,AgentA wins,15.00,0,0,0,0,0,0,0,0,0,0
311,AgentA wins,18.00,0,0,0,0,0,0,0,0,0,0
312,AgentA wins,23.33,0,0,0,0,0,0,0,0,0,0
313,AgentA wins,20.00,0,0,0,0,0,0,0,0,0,0
314,AgentA wins,19.67,0,0,0,0,0,0,0,0,0,0
315,AgentA wins,20.00,0,0,0,0,0,0,0,0,0,0
316,AgentA wins,20.00,0,0,0,0,0,0,0,0,0,0
317,AgentA wins,20.00,0,0,0,0,0,0,0,0,0,0
318,AgentA wins,19.67,0,0,0,0,0,0,0,0,0,0
319,AgentB wins,24.67,0,0,0,0,0,0,0,0,0,0
320,AgentA wins,20.00,0,0,0,0,0,0,0,0,0,0
311,AgentA wins,17.00,0,0,0,0,0,0,0,0,0,0
312,AgentA wins,20.00,0,0,0,0,0,0,0,0,0,0
313,AgentA wins,20.00,0,0,0,0,0,0,0,0,0,0
314,AgentA wins,15.00,0,0,0,0,0,0,0,0,0,0
315,AgentA wins,18.00,0,0,0,0,0,0,0,0,0,0
316,AgentA wins,19.67,0,0,0,0,0,0,0,0,0,0
317,AgentA wins,20.00,0,0,0,0,0,0,0,0,0,0
318,AgentA wins,20.00,0,0,0,0,0,0,0,0,0,0
319,AgentA wins,15.00,0,0,0,0,0,0,0,0,0,0
320,AgentA wins,20.00,0,0,0,0,0,0,0,0,0,0
311,AgentA wins,22.33,0,0,0,0,0,0,0,0,0,0
312,AgentA wins,17.00,0,0,0,0,0,0,0,0,0,0
313,AgentA wins,20.00,0,0,0,0,0,0,0,0,0,0
314,AgentA wins,20.00,0,0,0,0,0,0,0,0,0,0
315,AgentA wins,20.00,0,0,0,0,0,0,0,0,0,0
316,AgentA wins,19.67,0,0,0,0,0,0,0,0,0,0
317,AgentA wins,19.67,0,0,0,0,0,0,0,0,0,0
318,AgentA wins,15.00,0,0,0,0,0,0,0,0,0,0
319,AgentA wins,20.00,0,0,0,0,0,0,0,0,0,0
320,AgentA wins,23.33,0,0,0,0,0,0,0,0,0,0
311,AgentA wins,20.00,0,0,0,0,0,0,0,0,0,0
312,AgentA wins,20.00,0,0,0,0,0,0,0,0,0,0
313,AgentA wins,20.00,0,0,0,0,0,0,0,0,0,0
314,AgentA wins,20.00,0,0,0,0,0,0,0,0,0,0
315,AgentA wins,18.00,0,0,0,0,0,0,0,0,0,0
316,AgentA wins,19.67,0,0,0,0,0,0,0,0,0,0
317,AgentA wins,18.00,0,0,0,0,0,0,0,0,0,0
318,AgentA wins,20.00,0,0,0,0,0,0,0,0,0,0
319,AgentA wins,20.00,0,0,0,0,0,0,0,0,0,0
320,AgentA wins,19.67,0,0,0,0,0,0,0,0,0,0
241,AgentA wins,15.00,0,0,0,0,0,0,0,0,0,0
242,AgentA wins,44.67,0,0,0,0,0,0,0,0,0,0
243,AgentB wins,30.67,0,0,0,0,0,0,0,0,0,0
244,AgentA wins,18.00,0,0,0,0,0,0,0,0,0,0
245,AgentA wins,36.00,0,0,0,0,0,0,0,0,0,0
246,AgentA wins,23.67,0,0,0,0,0,0,0,0,0,0
247,AgentA wins,21.00,0,0,0,0,0,0,0,0,0,0
248,AgentA wins,36.00,0,0,0,0,0,0,0,0,0,0
249,AgentA wins,20.00,0,0,0,0,0,0,0,0,0,0
250,AgentA wins,15.00,0,0,0,0,0,0,0,0,0,0
241,AgentA wins,24.33,0,0,0,0,0,0,0,0,0,0
242,AgentA wins,15.00,0,0,0,0,0,0,0,0,0,0
243,AgentA wins,36.00,0,0,0,0,0,0,0,0,0,0
244,AgentA wins,35.00,0,0,0,0,0,0,0,0,0,0
245,AgentA wins,37.67,0,0,0,0,0,0,0,0,0,0
246,AgentA wins,27.00,0,0,0,0,0,0,0,0,0,0
247,AgentA wins,42.00,0,0,0,0,0,0,0,0,0,0
248,AgentA wins,15.00,0,0,0,0,0,0,0,0,0,0
249,AgentA wins,15.00,0,0,0,0,0,0,0,0,0,0
250,AgentA wins,24.00,0,0,0,0,0,0,0,0,0,0
241,AgentA wins,27.00,0,0,0,0,0,0,0,0,0,0
242,AgentA wins,37.00,0,0,0,0,0,0,0,0,0,0
243,AgentA wins,26.33,0,0,0,0,0,0,0,0,0,0
244,AgentA wins,26.67,0,0,0,0,0,0,0,0,0,0
245,AgentA wins,15.00,0,0,0,0,0,0,0,0,0,0
246,AgentA wins,39.33,0,0,0,0,0,0,0,0,0,0
247,AgentA wins,27.67,0,0,0,0,0,0,0,0,0,0
248,AgentA wins,21.00,0,0,0,0,0,0,0,0,0,0
249,AgentA wins,24.33,0,0,0,0,0,0,0,0,0,0
250,AgentA wins,35.67,0,0,0,0,0,0,0,0,0,0
251,AgentA wins,15.00,0,0,0,0,0,0,0,0,0,0
252,AgentA wins,15.00,0,0,0,0,0,0,0,0,0,0
253,AgentA wins,15.00,0,0,0,0,0,0,0,0,0,0
254,AgentB wins,46.67,0,0,0,0,0,0,0,0,0,0
255,AgentA wins,34.67,0,0,0,0,0,0,0,0,0,0
256,AgentA wins,18.00,0,0,0,0,0,0,0,0,0,0
257,AgentA wins,42.00,0,0,0,0,0,0,0,0,0,0
258,AgentA wins,18.00,0,0,0,0,0,0,0,0,0,0
259,AgentA wins,38.33,0,0,0,0,0,0,0,0,0,0
260,AgentA wins,23.67,0,0,0,0,0,0,0,0,0,0
321,AgentA wins,19.67,0,0,0,0,0,0,0,0,0,0
322,AgentA wins,20.00,0,0,0,0,0,0,0,0,0,0
323,AgentA wins,20.00,0,0,0,0,0,0,0,0,0,0
324,AgentA wins,15.00,0,0,0,0,0,0,0,0,0,0
325,AgentA wins,20.00,0,0,0,0,0,0,0,0,0,0
326,AgentA wins,17.00,0,0,0,0,0,0,0,0,0,0
327,AgentA wins,18.00,0,0,0,0,0,0,0,0,0,0
328,AgentA wins,15.00,0,0,0,0,0,0,0,0,0,0
329,AgentA wins,18.00,0,0,0,0,0,0,0,0,0,0
330,AgentA wins,18.00,0,0,0,0,0,0,0,0,0,0
251,AgentA wins,24.00,0,0,0,0,0,0,0,0,0,0
252,AgentA wins,21.00,0,0,0,0,0,0,0,0,0,0
253,AgentA wins,46.33,0,0,0,0,0,0,0,0,0,0
254,AgentA wins,27.00,0,0,0,0,0,0,0,0,0,0
255,AgentA wins,18.00,0,0,0,0,0,0,0,0,0,0
256,AgentA wins,18.00,0,0,0,0,0,0,0,0,0,0
257,AgentA wins,37.67,0,0,0,0,0,0,0,0,0,0
258,AgentA wins,15.00,0,0,0,0,0,0,0,0,0,0
259,AgentA wins,39.00,0,0,0,0,0,0,0,0,0,0
260,AgentA wins,30.00,0,0,0,0,0,0,0,0,0,0
251,AgentA wins,21.00,0,0,0,0,0,0,0,0,0,0
252,AgentA wins,47.33,0,0,0,0,0,0,0,0,0,0
253,AgentA wins,18.00,0,0,0,0,0,0,0,0,0,0
254,AgentA wins,18.00,0,0,0,0,0,0,0,0,0,0
255,AgentA wins,26.00,0,0,0,0,0,0,0,0,0,0
256,AgentA wins,41.00,0,0,0,0,0,0,0,0,0,0
257,AgentA wins,18.00,0,0,0,0,0,0,0,0,0,0
258,AgentA wins,27.00,0,0,0,0,0,0,0,0,0,0
259,AgentA wins,31.67,0,0,0,0,0,0,0,0,0,0
260,AgentA wins,24.00,0,0,0,0,0,0,0,0,0,0
321,AgentA wins,20.00,0,0,0,0,0,0,0,0,0,0
322,AgentA wins,22.33,0,0,0,0,0,0,0,0,0,0
323,AgentA wins,19.67,0,0,0,0,0,0,0,0,0,0
324,AgentA wins,15.00,0,0,0,0,0,0,0,0,0,0
325,AgentA wins,20.00,0,0,0,0,0,0,0,0,0,0
326,AgentA wins,20.00,0,0,0,0,0,0,0,0,0,0
327,AgentA wins,20.00,0,0,0,0,0,0,0,0,0,0
328,AgentA wins,20.00,0,0,0,0,0,0,0,0,0,0
329,AgentA wins,17.00,0,0,0,0,0,0,0,0,0,0
330,AgentA wins,23.33,0,0,0,0,0,0,0,0,0,0
251,AgentA wins,44.00,0,0,0,0,0,0,0,0,0,0
252,AgentB wins,30.67,0,0,0,0,0,0,0,0,0,0
253,AgentA wins,29.00,0,0,0,0,0,0,0,0,0,0
254,AgentA wins,26.00,0,0,0,0,0,0,0,0,0,0
255,AgentA wins,15.00,0,0,0,0,0,0,0,0,0,0
256,AgentA wins,29.33,0,0,0,0,0,0,0,0,0,0
257,AgentA wins,15.00,0,0,0,0,0,0,0,0,0,0
258,AgentA wins,27.33,0,0,0,0,0,0,0,0,0,0
259,AgentA wins,37.00,0,0,0,0,0,0,0,0,0,0
260,AgentA wins,18.00,0,0,0,0,0,0,0,0,0,0
321,AgentA wins,20.00,0,0,0,0,0,0,0,0,0,0
322,AgentA wins,20.00,0,0,0,0,0,0,0,0,0,0
323,AgentA wins,17.00,0,0,0,0,0,0,0,0,0,0
324,AgentA wins,19.67,0,0,0,0,0,0,0,0,0,0
325,AgentA wins,15.00,0,0,0,0,0,0,0,0,0,0
326,AgentA wins,18.00,0,0,0,0,0,0,0,0,0,0
327,AgentA wins,15.00,0,0,0,0,0,0,0,0,0,0
328,AgentA wins,25.67,0,0,0,0,0,0,0,0,0,0
329,AgentA wins,20.00,0,0,0,0,0,0,0,0,0,0
330,AgentA wins,18.00,0,0,0,0,0,0,0,0,0,0
321,AgentA wins,15.00,0,0,0,0,0,0,0,0,0,0
322,AgentA wins,20.00,0,0,0,0,0,0,0,0,0,0
323,AgentA wins,15.00,0,0,0,0,0,0,0,0,0,0
324,AgentA wins,17.00,0,0,0,0,0,0,0,0,0,0
325,AgentA wins,18.00,0,0,0,0,0,0,0,0,0,0
326,AgentA wins,15.00,0,0,0,0,0,0,0,0,0,0
327,AgentA wins,18.00,0,0,0,0,0,0,0,0,0,0
328,AgentA wins,15.00,0,0,0,0,0,0,0,0,0,0
329,AgentA wins,20.00,0,0,0,0,0,0,0,0,0,0
330,AgentA wins,15.00,0,0,0,0,0,0,0,0,0,0
321,AgentA wins,20.00,0,0,0,0,0,0,0,0,0,0
322,AgentA wins,20.00,0,0,0,0,0,0,0,0,0,0
323,AgentA wins,20.00,0,0,0,0,0,0,0,0,0,0
324,AgentA wins,23.33,0,0,0,0,0,0,0,0,0,0
325,AgentA wins,20.00,0,0,0,0,0,0,0,0,0,0
326,AgentA wins,20.00,0,0,0,0,0,0,0,0,0,0
327,AgentA wins,20.00,0,0,0,0,0,0,0,0,0,0
328,AgentA wins,15.00,0,0,0,0,0,0,0,0,0,0
329,AgentA wins,20.00,0,0,0,0,0,0,0,0,0,0
330,AgentA wins,18.00,0,0,0,0,0,0,0,0,0,0
251,AgentA wins,15.00,0,0,0,0,0,0,0,0,0,0
252,AgentA wins,18.00,0,0,0,0,0,0,0,0,0,0
253,AgentA wins,21.00,0,0,0,0,0,0,0,0,0,0
254,AgentA wins,17.67,0,0,0,0,0,0,0,0,0,0
255,AgentA wins,37.00,0,0,0,0,0,0,0,0,0,0
256,AgentA wins,18.00,0,0,0,0,0,0,0,0,0,0
257,AgentA wins,48.67,0,0,0,0,0,0,0,0,0,0
258,AgentA wins,41.00,0,0,0,0,0,0,0,0,0,0
259,AgentA wins,15.00,0,0,0,0,0,0,0,0,0,0
260,AgentA wins,35.33,0,0,0,0,0,0,0,0,0,0
321,AgentA wins,22.33,0,0,0,0,0,0,0,0,0,0
322,AgentA wins,19.67,0,0,0,0,0,0,0,0,0,0
323,AgentA wins,23.33,0,0,0,0,0,0,0,0,0,0
324,AgentA wins,20.00,0,0,0,0,0,0,0,0,0,0
325,AgentA wins,20.00,0,0,0,0,0,0,0,0,0,0
326,AgentA wins,23.33,0,0,0,0,0,0,0,0,0,0
327,AgentA wins,20.00,0,0,0,0,0,0,0,0,0,0
328,AgentA wins,18.00,0,0,0,0,0,0,0,0,0,0
329,AgentA wins,19.67,0,0,0,0,0,0,0,0,0,0
330,AgentA wins,15.00,0,0,0,0,0,0,0,0,0,0
321,AgentA wins,15.00,0,0,0,0,0,0,0,0,0,0
322,AgentA wins,15.00,0,0,0,0,0,0,0,0,0,0
323,AgentA wins,22.33,0,0,0,0,0,0,0,0,0,0
324,AgentA wins,20.00,0,0,0,0,0,0,0,0,0,0
325,AgentA wins,20.00,0,0,0,0,0,0,0,0,0,0
326,AgentA wins,20.00,0,0,0,0,0,0,0,0,0,0
327,AgentA wins,15.00,0,0,0,0,0,0,0,0,0,0
328,AgentA wins,20.00,0,0,0,0,0,0,0,0,0,0
329,AgentA wins,20.00,0,0,0,0,0,0,0,0,0,0
330,AgentA wins,15.00,0,0,0,0,0,0,0,0,0,0
321,AgentA wins,20.00,0,0,0,0,0,0,0,0,0,0
322,AgentA wins,20.00,0,0,0,0,0,0,0,0,0,0
323,AgentA wins,19.67,0,0,0,0,0,0,0,0,0,0
324,AgentA wins,19.67,0,0,0,0,0,0,0,0,0,0
325,AgentA wins,20.00,0,0,0,0,0,0,0,0,0,0
326,AgentA wins,20.00,0,0,0,0,0,0,0,0,0,0
327,AgentA wins,18.00,0,0,0,0,0,0,0,0,0,0
328,AgentA wins,20.00,0,0,0,0,0,0,0,0,0,0
329,AgentA wins,20.00,0,0,0,0,0,0,0,0,0,0
330,AgentA wins,15.00,0,0,0,0,0,0,0,0,0,0
321,AgentA wins,20.00,0,0,0,0,0,0,0,0,0,0
322,AgentA wins,20.00,0,0,0,0,0,0,0,0,0,0
323,AgentA wins,20.00,0,0,0,0,0,0,0,0,0,0
324,AgentA wins,15.00,0,0,0,0,0,0,0,0,0,0
325,AgentA wins,20.00,0,0,0,0,0,0,0,0,0,0
326,AgentA wins,20.00,0,0,0,0,0,0,0,0,0,0
327,AgentA wins,19.67,0,0,0,0,0,0,0,0,0,0
328,AgentA wins,19.67,0,0,0,0,0,0,0,0,0,0
329,AgentA wins,18.00,0,0,0,0,0,0,0,0,0,0
330,AgentA wins,20.00,0,0,0,0,0,0,0,0,0,0
321,AgentA wins,17.00,0,0,0,0,0,0,0,0,0,0
322,AgentA wins,15.00,0,0,0,0,0,0,0,0,0,0
323,AgentA wins,17.00,0,0,0,0,0,0,0,0,0,0
324,AgentA wins,20.00,0,0,0,0,0,0,0,0,0,0
325,AgentA wins,20.00,0,0,0,0,0,0,0,0,0,0
326,AgentA wins,20.00,0,0,0,0,0,0,0,0,0,0
327,AgentA wins,20.00,0,0,0,0,0,0,0,0,0,0
328,AgentA wins,20.00,0,0,0,0,0,0,0,0,0,0
329,AgentA wins,15.00,0,0,0,0,0,0,0,0,0,0
330,AgentA wins,15.00,0,0,0,0,0,0,0,0,0,0
321,AgentA wins,15.00,0,0,0,0,0,0,0,0,0,0
322,AgentA wins,20.00,0,0,0,0,0,0,0,0,0,0
323,AgentA wins,18.00,0,0,0,0,0,0,0,0,0,0
324,AgentA wins,20.00,0,0,0,0,0,0,0,0,0,0
325,AgentA wins,20.00,0,0,0,0,0,0,0,0,0,0
326,AgentA wins,20.00,0,0,0,0,0,0,0,0,0,0
327,AgentA wins,15.00,0,0,0,0,0,0,0,0,0,0
328,AgentA wins,20.00,0,0,0,0,0,0,0,0,0,0
329,AgentA wins,20.00,0,0,0,0,0,0,0,0,0,0
330,AgentA wins,18.00,0,0,0,0,0,0,0,0,0,0
321,AgentA wins,15.00,0,0,0,0,0,0,0,0,0,0
322,AgentA wins,23.33,0,0,0,0,0,0,0,0,0,0
323,AgentA wins,20.00,0,0,0,0,0,0,0,0,0,0
324,AgentA wins,17.00,0,0,0,0,0,0,0,0,0,0
325,AgentA wins,18.00,0,0,0,0,0,0,0,0,0,0
326,AgentA wins,20.00,0,0,0,0,0,0,0,0,0,0
327,AgentA wins,20.00,0,0,0,0,0,0,0,0,0,0
328,AgentA wins,15.00,0,0,0,0,0,0,0,0,0,0
329,AgentA wins,20.00,0,0,0,0,0,0,0,0,0,0
330,AgentA wins,20.00,0,0,0,0,0,0,0,0,0,0
321,AgentA wins,20.00,0,0,0,0,0,0,0,0,0,0
322,AgentA wins,15.00,0,0,0,0,0,0,0,0,0,0
323,AgentA wins,18.00,0,0,0,0,0,0,0,0,0,0
324,AgentA wins,18.00,0,0,0,0,0,0,0,0,0,0
325,AgentA wins,20.00,0,0,0,0,0,0,0,0,0,0
326,AgentA wins,20.00,0,0,0,0,0,0,0,0,0,0
327,AgentA wins,19.67,0,0,0,0,0,0,0,0,0,0
328,AgentA wins,18.00,0,0,0,0,0,0,0,0,0,0
329,AgentA wins,20.00,0,0,0,0,0,0,0,0,0,0
330,AgentA wins,23.33,0,0,0,0,0,0,0,0,0,0
321,AgentA wins,20.00,0,0,0,0,0,0,0,0,0,0
322,AgentA wins,20.00,0,0,0,0,0,0,0,0,0,0
323,AgentA wins,20.00,0,0,0,0,0,0,0,0,0,0
324,AgentA wins,17.00,0,0,0,0,0,0,0,0,0,0
325,AgentA wins,15.00,0,0,0,0,0,0,0,0,0,0
326,AgentA wins,20.00,0,0,0,0,0,0,0,0,0,0
327,AgentA wins,15.00,0,0,0,0,0,0,0,0,0,0
328,AgentA wins,20.00,0,0,0,0,0,0,0,0,0,0
329,AgentA wins,20.00,0,0,0,0,0,0,0,0,0,0
330,AgentA wins,20.00,0,0,0,0,0,0,0,0,0,0
321,AgentA wins,15.00,0,0,0,0,0,0,0,0,0,0
322,AgentA wins,18.00,0,0,0,0,0,0,0,0,0,0
323,AgentA wins,18.00,0,0,0,0,0,0,0,0,0,0
324,AgentA wins,17.00,0,0,0,0,0,0,0,0,0,0
325,AgentA wins,20.00,0,0,0,0,0,0,0,0,0,0
326,AgentA wins,23.33,0,0,0,0,0,0,0,0,0,0
327,AgentA wins,20.00,0,0,0,0,0,0,0,0,0,0
328,AgentA wins,15.00,0,0,0,0,0,0,0,0,0,0
329,AgentA wins,15.00,0,0,0,0,0,0,0,0,0,0
330,AgentA wins,19.67,0,0,0,0,0,0,0,0,0,0
251,AgentA wins,30.00,0,0,0,0,0,0,0,0,0,0
252,AgentA wins,18.00,0,0,0,0,0,0,0,0,0,0
253,AgentA wins,38.00,0,0,0,0,0,0,0,0,0,0
254,AgentA wins,21.00,0,0,0,0,0,0,0,0,0,0
255,AgentA wins,27.00,0,0,0,0,0,0,0,0,0,0
256,AgentA wins,18.00,0,0,0,0,0,0,0,0,0,0
257,AgentA wins,39.33,0,0,0,0,0,0,0,0,0,0
258,AgentA wins,15.00,0,0,0,0,0,0,0,0,0,0
259,AgentB wins,24.67,0,0,0,0,0,0,0,0,0,0
260,AgentA wins,41.33,0,0,0,0,0,0,0,0,0,0
261,AgentA wins,31.00,279,279,1,165,0,221,0,35,32,65
262,AgentA wins,29.00,265,259,0,159,0,204,0,35,35,64
263,AgentB wins,43.00,391,389,0,230,0,296,0,47,39,100
264,AgentA wins,15.00,133,133,0,75,0,112,0,16,17,34
265,AgentA wins,36.00,325,325,0,197,0,253,0,44,28,83
266,AgentA wins,29.33,266,266,0,156,0,199,0,35,28,67
267,AgentA wins,15.00,135,132,0,93,0,101,0,21,11,43
268,AgentA wins,26.67,240,234,0,153,0,183,0,33,22,71
269,AgentA wins,33.67,308,298,0,168,0,243,0,37,44,69
270,AgentA wins,33.00,301,294,0,174,0,231,0,36,32,70
251,AgentA wins,15.00,0,0,0,0,0,0,0,0,0,0
252,AgentA wins,18.00,0,0,0,0,0,0,0,0,0,0
253,AgentA wins,41.00,0,0,0,0,0,0,0,0,0,0
254,AgentA wins,45.00,0,0,0,0,0,0,0,0,0,0
255,AgentA wins,21.00,0,0,0,0,0,0,0,0,0,0
256,AgentA wins,26.67,0,0,0,0,0,0,0,0,0,0
257,AgentA wins,32.67,0,0,0,0,0,0,0,0,0,0
258,AgentA wins,15.00,0,0,0,0,0,0,0,0,0,0
259,AgentA wins,18.00,0,0,0,0,0,0,0,0,0,0
260,AgentA wins,15.00,0,0,0,0,0,0,0,0,0,0
331,AgentA wins,20.00,0,0,0,0,0,0,0,0,0,0
332,AgentA wins,20.00,0,0,0,0,0,0,0,0,0,0
333,AgentA wins,23.33,0,0,0,0,0,0,0,0,0,0
334,AgentA wins,23.33,0,0,0,0,0,0,0,0,0,0
335,AgentA wins,19.67,0,0,0,0,0,0,0,0,0,0
336,AgentA wins,17.00,0,0,0,0,0,0,0,0,0,0
337,AgentA wins,20.00,0,0,0,0,0,0,0,0,0,0
338,AgentA wins,20.00,0,0,0,0,0,0,0,0,0,0
339,AgentA wins,23.33,0,0,0,0,0,0,0,0,0,0
340,AgentA wins,20.00,0,0,0,0,0,0,0,0,0,0
331,AgentA wins,19.67,0,0,0,0,0,0,0,0,0,0
332,AgentA wins,15.00,0,0,0,0,0,0,0,0,0,0
333,AgentA wins,20.00,0,0,0,0,0,0,0,0,0,0
334,AgentA wins,20.00,0,0,0,0,0,0,0,0,0,0
335,AgentA wins,15.00,0,0,0,0,0,0,0,0,0,0
336,AgentA wins,20.00,0,0,0,0,0,0,0,0,0,0
337,AgentA wins,15.00,0,0,0,0,0,0,0,0,0,0
338,AgentA wins,23.33,0,0,0,0,0,0,0,0,0,0
339,AgentA wins,20.00,0,0,0,0,0,0,0,0,0,0
340,AgentA wins,20.00,0,0,0,0,0,0,0,0,0,0
331,AgentA wins,20.00,0,0,0,0,0,0,0,0,0,0
332,AgentA wins,20.00,0,0,0,0,0,0,0,0,0,0
333,AgentA wins,15.00,0,0,0,0,0,0,0,0,0,0
334,AgentA wins,20.00,0,0,0,0,0,0,0,0,0,0
335,AgentA wins,20.00,0,0,0,0,0,0,0,0,0,0
336,AgentA wins,20.00,0,0,0,0,0,0,0,0,0,0
337,AgentA wins,20.00,0,0,0,0,0,0,0,0,0,0
338,AgentA wins,17.00,0,0,0,0,0,0,0,0,0,0
339,AgentA wins,20.00,0,0,0,0,0,0,0,0,0,0
340,AgentA wins,20.00,0,0,0,0,0,0,0,0,0,0
331,AgentA wins,18.00,0,0,0,0,0,0,0,0,0,0
332,AgentA wins,20.00,0,0,0,0,0,0,0,0,0,0
333,AgentA wins,20.00,0,0,0,0,0,0,0,0,0,0
334,AgentA wins,18.00,0,0,0,0,0,0,0,0,0,0
335,AgentA wins,22.33,0,0,0,0,0,0,0,0,0,0
336,AgentA wins,20.00,0,0,0,0,0,0,0,0,0,0
337,AgentA wins,20.00,0,0,0,0,0,0,0,0,0,0
338,AgentA wins,20.00,0,0,0,0,0,0,0,0,0,0
339,AgentA wins,15.00,0,0,0,0,0,0,0,0,0,0
340,AgentA wins,15.00,0,0,0,0,0,0,0,0,0,0
331,AgentA wins,15.00,0,0,0,0,0,0,0,0,0,0
332,AgentA wins,17.00,0,0,0,0,0,0,0,0,0,0
333,AgentA wins,17.00,0,0,0,0,0,0,0,0,0,0
334,AgentA wins,15.00,0,0,0,0,0,0,0,0,0,0
335,AgentA wins,15.00,0,0,0,0,0,0,0,0,0,0
336,AgentA wins,20.00,0,0,0,0,0,0,0,0,0,0
337,AgentA wins,20.00,0,0,0,0,0,0,0,0,0,0
338,AgentA wins,20.00,0,0,0,0,0,0,0,0,0,0
339,AgentA wins,17.00,0,0,0,0,0,0,0,0,0,0
340,AgentA wins,20.00,0,0,0,0,0,0,0,0,0,0
331,AgentA wins,20.00,0,0,0,0,0,0,0,0,0,0
332,AgentA wins,15.00,0,0,0,0,0,0,0,0,0,0
333,AgentA wins,19.67,0,0,0,0,0,0,0,0,0,0
334,AgentA wins,20.00,0,0,0,0,0,0,0,0,0,0
335,AgentA wins,20.00,0,0,0,0,0,0,0,0,0,0
336,AgentA wins,15.00,0,0,0,0,0,0,0,0,0,0
337,AgentA wins,20.00,0,0,0,0,0,0,0,0,0,0
338,AgentA wins,20.00,0,0,0,0,0,0,0,0,0,0
339,AgentA wins,20.00,0,0,0,0,0,0,0,0,0,0
340,AgentA wins,19.67,0,0,0,0,0,0,0,0,0,0
251,AgentA wins,29.33,0,0,0,0,0,0,0,0,0,0
252,AgentA wins,41.33,0,0,0,0,0,0,0,0,0,0
253,AgentA wins,24.00,0,0,0,0,0,0,0,0,0,0
254,AgentA wins,15.00,0,0,0,0,0,0,0,0,0,0
255,AgentA wins,21.00,0,0,0,0,0,0,0,0,0,0
256,AgentA wins,15.00,0,0,0,0,0,0,0,0,0,0
257,AgentA wins,24.67,0,0,0,0,0,0,0,0,0,0
258,AgentB wins,33.33,0,0,0,0,0,0,0,0,0,0
259,AgentA wins,47.00,0,0,0,0,0,0,0,0,0,0
260,AgentA wins,33.00,0,0,0,0,0,0,0,0,0,0
331,AgentA wins,15.00,0,0,0,0,0,0,0,0,0,0
332,AgentA wins,15.00,0,0,0,0,0,0,0,0,0,0
333,AgentA wins,15.00,0,0,0,0,0,0,0,0,0,0
334,AgentA wins,20.00,0,0,0,0,0,0,0,0,0,0
335,AgentA wins,20.00,0,0,0,0,0,0,0,0,0,0
336,AgentA wins,20.00,0,0,0,0,0,0,0,0,0,0
337,AgentA wins,19.67,0,0,0,0,0,0,0,0,0,0
338,AgentA wins,20.00,0,0,0,0,0,0,0,0,0,0
339,AgentA wins,20.00,0,0,0,0,0,0,0,0,0,0
340,AgentA wins,18.00,0,0,0,0,0,0,0,0,0,0
331,AgentA wins,15.00,0,0,0,0,0,0,0,0,0,0
332,AgentA wins,23.33,0,0,0,0,0,0,0,0,0,0
333,AgentA wins,15.00,0,0,0,0,0,0,0,0,0,0
334,AgentA wins,15.00,0,0,0,0,0,0,0,0,0,0
335,AgentA wins,15.00,0,0,0,0,0,0,0,0,0,0
336,AgentA wins,20.00,0,0,0,0,0,0,0,0,0,0
337,AgentA wins,20.00,0,0,0,0,0,0,0,0,0,0
338,AgentA wins,22.33,0,0,0,0,0,0,0,0,0,0
339,AgentA wins,18.00,0,0,0,0,0,0,0,0,0,0
340,AgentA wins,20.00,0,0,0,0,0,0,0,0,0,0
261,AgentA wins,18.00,0,0,0,0,0,0,0,0,0,0
262,AgentA wins,34.33,0,0,0,0,0,0,0,0,0,0
263,AgentA wins,15.00,0,0,0,0,0,0,0,0,0,0
264,AgentA wins,18.00,0,0,0,0,0,0,0,0,0,0
265,AgentA wins,21.67,0,0,0,0,0,0,0,0,0,0
266,AgentA wins,42.00,0,0,0,0,0,0,0,0,0,0
267,AgentA wins,27.00,0,0,0,0,0,0,0,0,0,0
268,AgentA wins,49.00,0,0,0,0,0,0,0,0,0,0
269,AgentA wins,15.00,0,0,0,0,0,0,0,0,0,0
270,AgentA wins,24.00,0,0,0,0,0,0,0,0,0,0
251,AgentA wins,27.00,0,0,0,0,0,0,0,0,0,0
252,AgentA wins,21.67,0,0,0,0,0,0,0,0,0,0
253,AgentA wins,15.00,0,0,0,0,0,0,0,0,0,0
254,AgentA wins,18.00,0,0,0,0,0,0,0,0,0,0
255,AgentA wins,35.00,0,0,0,0,0,0,0,0,0,0
256,AgentA wins,37.00,0,0,0,0,0,0,0,0,0,0
257,AgentA wins,43.67,0,0,0,0,0,0,0,0,0,0
258,AgentA wins,18.00,0,0,0,0,0,0,0,0,0,0
259,AgentA wins,31.67,0,0,0,0,0,0,0,0,0,0
260,AgentB wins,30.67,0,0,0,0,0,0,0,0,0,0
331,AgentA wins,15.00,0,0,0,0,0,0,0,0,0,0
332,AgentA wins,20.00,0,0,0,0,0,0,0,0,0,0
333,AgentA wins,18.00,0,0,0,0,0,0,0,0,0,0
334,AgentA wins,20.00,0,0,0,0,0,0,0,0,0,0
335,AgentA wins,20.00,0,0,0,0,0,0,0,0,0,0
336,AgentA wins,20.00,0,0,0,0,0,0,0,0,0,0
337,AgentA wins,18.00,0,0,0,0,0,0,0,0,0,0
338,AgentA wins,20.00,0,0,0,0,0,0,0,0,0,0
339,AgentA wins,20.00,0,0,0,0,0,0,0,0,0,0
340,AgentA wins,15.00,0,0,0,0,0,0,0,0,0,0
331,AgentA wins,20.00,0,0,0,0,0,0,0,0,0,0
332,AgentA wins,20.00,0,0,0,0,0,0,0,0,0,0
333,AgentA wins,18.00,0,0,0,0,0,0,0,0,0,0
334,AgentA wins,20.00,0,0,0,0,0,0,0,0,0,0
335,AgentA wins,20.00,0,0,0,0,0,0,0,0,0,0
336,AgentA wins,18.00,0,0,0,0,0,0,0,0,0,0
337,AgentA wins,20.00,0,0,0,0,0,0,0,0,0,0
338,AgentA wins,20.00,0,0,0,0,0,0,0,0,0,0
339,AgentA wins,15.00,0,0,0,0,0,0,0,0,0,0
340,AgentA wins,20.00,0,0,0,0,0,0,0,0,0,0
331,AgentA wins,15.00,0,0,0,0,0,0,0,0,0,0
332,AgentA wins,20.00,0,0,0,0,0,0,0,0,0,0
333,AgentA wins,17.00,0,0,0,0,0,0,0,0,0,0
334,AgentA wins,15.00,0,0,0,0,0,0,0,0,0,0
335,AgentA wins,15.00,0,0,0,0,0,0,0,0,0,0
336,AgentA wins,18.00,0,0,0,0,0,0,0,0,0,0
337,AgentA wins,20.00,0,0,0,0,0,0,0,0,0,0
338,AgentA wins,19.67,0,0,0,0,0,0,0,0,0,0
339,AgentA wins,15.00,0,0,0,0,0,0,0,0,0,0
340,AgentA wins,18.00,0,0,0,0,0,0,0,0,0,0
261,AgentA wins,24.00,0,0,0,0,0,0,0,0,0,0
262,AgentA wins,15.00,0,0,0,0,0,0,0,0,0,0
263,AgentA wins,37.67,0,0,0,0,0,0,0,0,0,0
264,AgentA wins,30.00,0,0,0,0,0,0,0,0,0,0
265,AgentA wins,30.00,0,0,0,0,0,0,0,0,0,0
266,AgentA wins,23.33,0,0,0,0,0,0,0,0,0,0
267,AgentB wins,31.33,0,0,0,0,0,0,0,0,0,0
268,AgentA wins,23.67,0,0,0,0,0,0,0,0,0,0
269,AgentA wins,18.00,0,0,0,0,0,0,0,0,0,0
270,AgentA wins,15.00,0,0,0,0,0,0,0,0,0,0
331,AgentA wins,15.00,0,0,0,0,0,0,0,0,0,0
332,AgentA wins,20.00,0,0,0,0,0,0,0,0,0,0
333,AgentA wins,18.00,0,0,0,0,0,0,0,0,0,0
334,AgentA wins,20.00,0,0,0,0,0,0,0,0,0,0
335,AgentA wins,15.00,0,0,0,0,0,0,0,0,0,0
336,AgentA wins,19.67,0,0,0,0,0,0,0,0,0,0
337,AgentA wins,15.00,0,0,0,0,0,0,0,0,0,0
338,AgentA wins,20.00,0,0,0,0,0,0,0,0,0,0
339,AgentA wins,19.67,0,0,0,0,0,0,0,0,0,0
340,AgentA wins,25.67,0,0,0,0,0,0,0,0,0,0
261,AgentA wins,29.67,0,0,0,0,0,0,0,0,0,0
262,AgentA wins,18.00,0,0,0,0,0,0,0,0,0,0
263,AgentA wins,18.67,0,0,0,0,0,0,0,0,0,0
264,AgentA wins,44.00,0,0,0,0,0,0,0,0,0,0
265,AgentA wins,29.33,0,0,0,0,0,0,0,0,0,0
266,AgentA wins,32.67,0,0,0,0,0,0,0,0,0,0
267,AgentA wins,15.00,0,0,0,0,0,0,0,0,0,0
268,AgentA wins,24.67,0,0,0,0,0,0,0,0,0,0
269,AgentA wins,21.00,0,0,0,0,0,0,0,0,0,0
270,AgentB wins,30.00,0,0,0,0,0,0,0,0,0,0
331,AgentA wins,20.00,0,0,0,0,0,0,0,0,0,0
332,AgentA wins,20.00,0,0,0,0,0,0,0,0,0,0
333,AgentA wins,15.00,0,0,0,0,0,0,0,0,0,0
334,AgentA wins,15.00,0,0,0,0,0,0,0,0,0,0
335,AgentA wins,15.00,0,0,0,0,0,0,0,0,0,0
336,AgentA wins,20.00,0,0,0,0,0,0,0,0,0,0
337,AgentA wins,20.00,0,0,0,0,0,0,0,0,0,0
338,AgentA wins,18.00,0,0,0,0,0,0,0,0,0,0
339,AgentA wins,20.00,0,0,0,0,0,0,0,0,0,0
340,AgentA wins,15.00,0,0,0,0,0,0,0,0,0,0
331,AgentA wins,18.00,0,0,0,0,0,0,0,0,0,0
332,AgentA wins,20.00,0,0,0,0,0,0,0,0,0,0
333,AgentA wins,20.00,0,0,0,0,0,0,0,0,0,0
334,AgentA wins,20.00,0,0,0,0,0,0,0,0,0,0
335,AgentA wins,20.00,0,0,0,0,0,0,0,0,0,0
336,AgentA wins,15.00,0,0,0,0,0,0,0,0,0,0
337,AgentA wins,15.00,0,0,0,0,0,0,0,0,0,0
338,AgentA wins,19.67,0,0,0,0,0,0,0,0,0,0
339,AgentA wins,15.00,0,0,0,0,0,0,0,0,0,0
340,AgentA wins,18.00,0,0,0,0,0,0,0,0,0,0
331,AgentA wins,19.67,0,0,0,0,0,0,0,0,0,0
332,AgentA wins,19.67,0,0,0,0,0,0,0,0,0,0
333,AgentA wins,20.00,0,0,0,0,0,0,0,0,0,0
334,AgentA wins,17.00,0,0,0,0,0,0,0,0,0,0
335,AgentA wins,20.00,0,0,0,0,0,0,0,0,0,0
336,AgentA wins,20.00,0,0,0,0,0,0,0,0,0,0
337,AgentA wins,20.00,0,0,0,0,0,0,0,0,0,0
338,AgentB wins,24.67,0,0,0,0,0,0,0,0,0,0
339,AgentA wins,18.00,0,0,0,0,0,0,0,0,0,0
340,AgentA wins,20.00,0,0,0,0,0,0,0,0,0,0
261,AgentA wins,29.67,0,0,0,0,0,0,0,0,0,0
262,AgentA wins,36.00,0,0,0,0,0,0,0,0,0,0
263,AgentB wins,34.33,0,0,0,0,0,0,0,0,0,0
264,AgentA wins,36.00,0,0,0,0,0,0,0,0,0,0
265,AgentA wins,29.00,0,0,0,0,0,0,0,0,0,0
266,AgentB wins,30.67,0,0,0,0,0,0,0,0,0,0
267,AgentA wins,35.00,0,0,0,0,0,0,0,0,0,0
268,AgentA wins,15.00,0,0,0,0,0,0,0,0,0,0
269,AgentA wins,44.67,0,0,0,0,0,0,0,0,0,0
270,AgentA wins,18.00,0,0,0,0,0,0,0,0,0,0
261,AgentA wins,15.00,0,0,0,0,0,0,0,0,0,0
262,AgentA wins,15.00,0,0,0,0,0,0,0,0,0,0
263,AgentA wins,30.00,0,0,0,0,0,0,0,0,0,0
264,AgentA wins,25.00,0,0,0,0,0,0,0,0,0,0
265,AgentA wins,15.00,0,0,0,0,0,0,0,0,0,0
266,AgentB wins,55.33,0,0,0,0,0,0,0,0,0,0
267,AgentA wins,40.00,0,0,0,0,0,0,0,0,0,0
268,AgentA wins,29.67,0,0,0,0,0,0,0,0,0,0
269,AgentA wins,15.00,0,0,0,0,0,0,0,0,0,0
270,AgentA wins,57.33,0,0,0,0,0,0,0,0,0,0
271,AgentA wins,21.67,193,195,0,108,0,144,0,23,22,42
272,AgentA wins,18.00,159,167,0,96,0,125,0,18,23,35
273,AgentA wins,18.00,159,163,0,97,0,125,0,21,22,33
274,AgentA wins,15.00,133,134,0,87,0,118,0,16,19,31
275,AgentA wins,49.33,442,445,0,253,0,357,0,54,62,123
276,AgentA wins,24.00,214,214,0,137,0,169,0,30,21,67
277,AgentA wins,15.00,136,137,0,88,0,105,0,19,16,35
278,AgentA wins,20.00,179,184,0,113,0,135,0,24,19,50
279,AgentA wins,29.00,260,260,0,164,0,197,0,38,19,78
280,AgentA wins,33.00,297,301,0,165,0,234,0,34,42,61
341,AgentA wins,19.67,0,0,0,0,0,0,0,0,0,0
342,AgentA wins,20.00,0,0,0,0,0,0,0,0,0,0
343,AgentA wins,19.67,0,0,0,0,0,0,0,0,0,0
344,AgentA wins,20.00,0,0,0,0,0,0,0,0,0,0
345,AgentA wins,20.00,0,0,0,0,0,0,0,0,0,0
346,AgentA wins,18.00,0,0,0,0,0,0,0,0,0,0
347,AgentA wins,15.00,0,0,0,0,0,0,0,0,0,0
348,AgentA wins,15.00,0,0,0,0,0,0,0,0,0,0
349,AgentA wins,17.00,0,0,0,0,0,0,0,0,0,0
350,AgentA wins,20.00,0,0,0,0,0,0,0,0,0,0
341,AgentA wins,20.00,0,0,0,0,0,0,0,0,0,0
342,AgentA wins,23.33,0,0,0,0,0,0,0,0,0,0
343,AgentA wins,23.33,0,0,0,0,0,0,0,0,0,0
344,AgentA wins,20.00,0,0,0,0,0,0,0,0,0,0
345,AgentA wins,18.00,0,0,0,0,0,0,0,0,0,0
346,AgentA wins,18.00,0,0,0,0,0,0,0,0,0,0
347,AgentA wins,20.00,0,0,0,0,0,0,0,0,0,0
348,AgentA wins,20.00,0,0,0,0,0,0,0,0,0,0
349,AgentA wins,18.00,0,0,0,0,0,0,0,0,0,0
350,AgentA wins,22.33,0,0,0,0,0,0,0,0,0,0
341,AgentA wins,19.67,0,0,0,0,0,0,0,0,0,0
342,AgentA wins,20.00,0,0,0,0,0,0,0,0,0,0
343,AgentA wins,15.00,0,0,0,0,0,0,0,0,0,0
344,AgentA wins,18.00,0,0,0,0,0,0,0,0,0,0
345,AgentA wins,20.00,0,0,0,0,0,0,0,0,0,0
346,AgentA wins,20.00,0,0,0,0,0,0,0,0,0,0
347,AgentA wins,18.00,0,0,0,0,0,0,0,0,0,0
348,AgentA wins,20.00,0,0,0,0,0,0,0,0,0,0
349,AgentA wins,20.00,0,0,0,0,0,0,0,0,0,0
350,AgentA wins,20.00,0,0,0,0,0,0,0,0,0,0
341,AgentA wins,20.00,0,0,0,0,0,0,0,0,0,0
342,AgentA wins,20.00,0,0,0,0,0,0,0,0,0,0
343,AgentA wins,18.00,0,0,0,0,0,0,0,0,0,0
344,AgentA wins,20.00,0,0,0,0,0,0,0,0,0,0
345,AgentA wins,15.00,0,0,0,0,0,0,0,0,0,0
346,AgentA wins,19.67,0,0,0,0,0,0,0,0,0,0
347,AgentA wins,15.00,0,0,0,0,0,0,0,0,0,0
348,AgentA wins,20.00,0,0,0,0,0,0,0,0,0,0
349,AgentA wins,15.00,0,0,0,0,0,0,0,0,0,0
350,AgentA wins,20.00,0,0,0,0,0,0,0,0,0,0
341,AgentA wins,15.00,0,0,0,0,0,0,0,0,0,0
342,AgentA wins,19.67,0,0,0,0,0,0,0,0,0,0
343,AgentA wins,15.00,0,0,0,0,0,0,0,0,0,0
344,AgentA wins,17.00,0,0,0,0,0,0,0,0,0,0
345,AgentA wins,20.00,0,0,0,0,0,0,0,0,0,0
346,AgentA wins,19.67,0,0,0,0,0,0,0,0,0,0
347,AgentA wins,20.00,0,0,0,0,0,0,0,0,0,0
348,AgentA wins,15.00,0,0,0,0,0,0,0,0,0,0
349,AgentA wins,15.00,0,0,0,0,0,0,0,0,0,0
350,AgentA wins,20.00,0,0,0,0,0,0,0,0,0,0
341,AgentA wins,20.00,0,0,0,0,0,0,0,0,0,0
342,AgentA wins,18.00,0,0,0,0,0,0,0,0,0,0
343,AgentA wins,15.00,0,0,0,0,0,0,0,0,0,0
344,AgentA wins,20.00,0,0,0,0,0,0,0,0,0,0
345,AgentA wins,17.00,0,0,0,0,0,0,0,0,0,0
346,AgentA wins,18.00,0,0,0,0,0,0,0,0,0,0
347,AgentA wins,15.00,0,0,0,0,0,0,0,0,0,0
348,AgentA wins,20.00,0,0,0,0,0,0,0,0,0,0
349,AgentA wins,19.67,0,0,0,0,0,0,0,0,0,0
350,AgentA wins,19.67,0,0,0,0,0,0,0,0,0,0
341,AgentA wins,20.00,0,0,0,0,0,0,0,0,0,0
342,AgentA wins,20.00,0,0,0,0,0,0,0,0,0,0
343,AgentA wins,15.00,0,0,0,0,0,0,0,0,0,0
344,AgentA wins,18.00,0,0,0,0,0,0,0,0,0,0
345,AgentA wins,18.00,0,0,0,0,0,0,0,0,0,0
346,AgentA wins,15.00,0,0,0,0,0,0,0,0,0,0
347,AgentA wins,15.00,0,0,0,0,0,0,0,0,0,0
348,AgentA wins,17.00,0,0,0,0,0,0,0,0,0,0
349,AgentA wins,20.00,0,0,0,0,0,0,0,0,0,0
350,AgentA wins,20.00,0,0,0,0,0,0,0,0,0,0
341,AgentA wins,20.00,0,0,0,0,0,0,0,0,0,0
342,AgentA wins,20.00,0,0,0,0,0,0,0,0,0,0
343,AgentA wins,17.00,0,0,0,0,0,0,0,0,0,0
344,AgentA wins,17.00,0,0,0,0,0,0,0,0,0,0
345,AgentA wins,20.00,0,0,0,0,0,0,0,0,0,0
346,AgentA wins,19.67,0,0,0,0,0,0,0,0,0,0
347,AgentA wins,20.00,0,0,0,0,0,0,0,0,0,0
348,AgentA wins,17.00,0,0,0,0,0,0,0,0,0,0
349,AgentA wins,15.00,0,0,0,0,0,0,0,0,0,0
350,AgentA wins,20.00,0,0,0,0,0,0,0,0,0,0
341,AgentA wins,20.00,0,0,0,0,0,0,0,0,0,0
342,AgentA wins,18.00,0,0,0,0,0,0,0,0,0,0
343,AgentA wins,18.00,0,0,0,0,0,0,0,0,0,0
344,AgentA wins,20.00,0,0,0,0,0,0,0,0,0,0
345,AgentA wins,15.00,0,0,0,0,0,0,0,0,0,0
346,AgentA wins,20.00,0,0,0,0,0,0,0,0,0,0
347,AgentA wins,19.67,0,0,0,0,0,0,0,0,0,0
348,AgentA wins,19.67,0,0,0,0,0,0,0,0,0,0
349,AgentA wins,15.00,0,0,0,0,0,0,0,0,0,0
350,AgentA wins,20.00,0,0,0,0,0,0,0,0,0,0
341,AgentA wins,20.00,0,0,0,0,0,0,0,0,0,0
342,AgentA wins,20.00,0,0,0,0,0,0,0,0,0,0
343,AgentA wins,20.00,0,0,0,0,0,0,0,0,0,0
344,AgentA wins,19.67,0,0,0,0,0,0,0,0,0,0
345,AgentA wins,20.00,0,0,0,0,0,0,0,0,0,0
346,AgentA wins,18.00,0,0,0,0,0,0,0,0,0,0
347,AgentA wins,20.00,0,0,0,0,0,0,0,0,0,0
348,AgentA wins,19.67,0,0,0,0,0,0,0,0,0,0
349,AgentA wins,20.00,0,0,0,0,0,0,0,0,0,0
350,AgentA wins,19.67,0,0,0,0,0,0,0,0,0,0
261,AgentB wins,40.00,0,0,0,0,0,0,0,0,0,0
262,AgentA wins,15.00,0,0,0,0,0,0,0,0,0,0
263,AgentA wins,33.00,0,0,0,0,0,0,0,0,0,0
264,AgentB wins,21.67,0,0,0,0,0,0,0,0,0,0
265,AgentA wins,24.00,0,0,0,0,0,0,0,0,0,0
266,AgentA wins,34.00,0,0,0,0,0,0,0,0,0,0
267,AgentA wins,41.67,0,0,0,0,0,0,0,0,0,0
268,AgentA wins,44.33,0,0,0,0,0,0,0,0,0,0
269,AgentA wins,15.00,0,0,0,0,0,0,0,0,0,0
270,AgentA wins,40.00,0,0,0,0,0,0,0,0,0,0
341,AgentA wins,19.67,0,0,0,0,0,0,0,0,0,0
342,AgentA wins,18.00,0,0,0,0,0,0,0,0,0,0
343,AgentA wins,20.00,0,0,0,0,0,0,0,0,0,0
344,AgentA wins,15.00,0,0,0,0,0,0,0,0,0,0
345,AgentA wins,20.00,0,0,0,0,0,0,0,0,0,0
346,AgentA wins,20.00,0,0,0,0,0,0,0,0,0,0
347,AgentA wins,20.00,0,0,0,0,0,0,0,0,0,0
348,AgentA wins,19.67,0,0,0,0,0,0,0,0,0,0
349,AgentA wins,20.00,0,0,0,0,0,0,0,0,0,0
350,AgentA wins,20.00,0,0,0,0,0,0,0,0,0,0
261,AgentA wins,15.00,0,0,0,0,0,0,0,0,0,0
262,AgentA wins,38.67,0,0,0,0,0,0,0,0,0,0
263,AgentA wins,47.33,0,0,0,0,0,0,0,0,0,0
264,AgentA wins,18.00,0,0,0,0,0,0,0,0,0,0
265,AgentA wins,24.00,0,0,0,0,0,0,0,0,0,0
266,AgentA wins,18.00,0,0,0,0,0,0,0,0,0,0
267,AgentA wins,35.67,0,0,0,0,0,0,0,0,0,0
268,AgentA wins,15.00,0,0,0,0,0,0,0,0,0,0
269,AgentA wins,31.67,0,0,0,0,0,0,0,0,0,0
270,AgentA wins,32.67,0,0,0,0,0,0,0,0,0,0
341,AgentA wins,15.00,0,0,0,0,0,0,0,0,0,0
342,AgentA wins,17.00,0,0,0,0,0,0,0,0,0,0
343,AgentA wins,15.00,0,0,0,0,0,0,0,0,0,0
344,AgentA wins,18.00,0,0,0,0,0,0,0,0,0,0
345,AgentA wins,17.00,0,0,0,0,0,0,0,0,0,0
346,AgentA wins,20.00,0,0,0,0,0,0,0,0,0,0
347,AgentA wins,18.00,0,0,0,0,0,0,0,0,0,0
348,AgentA wins,17.00,0,0,0,0,0,0,0,0,0,0
349,AgentA wins,20.00,0,0,0,0,0,0,0,0,0,0
350,AgentA wins,19.67,0,0,0,0,0,0,0,0,0,0
341,AgentA wins,23.33,0,0,0,0,0,0,0,0,0,0
342,AgentA wins,15.00,0,0,0,0,0,0,0,0,0,0
343,AgentA wins,19.67,0,0,0,0,0,0,0,0,0,0
344,AgentA wins,20.00,0,0,0,0,0,0,0,0,0,0
345,AgentA wins,15.00,0,0,0,0,0,0,0,0,0,0
346,AgentA wins,17.00,0,0,0,0,0,0,0,0,0,0
347,AgentA wins,20.00,0,0,0,0,0,0,0,0,0,0
348,AgentA wins,20.00,0,0,0,0,0,0,0,0,0,0
349,AgentA wins,20.00,0,0,0,0,0,0,0,0,0,0
350,AgentA wins,20.00,0,0,0,0,0,0,0,0,0,0
341,AgentA wins,15.00,0,0,0,0,0,0,0,0,0,0
342,AgentA wins,20.00,0,0,0,0,0,0,0,0,0,0
343,AgentA wins,18.00,0,0,0,0,0,0,0,0,0,0
344,AgentA wins,20.00,0,0,0,0,0,0,0,0,0,0
345,AgentA wins,15.00,0,0,0,0,0,0,0,0,0,0
346,AgentA wins,20.00,0,0,0,0,0,0,0,0,0,0
347,AgentA wins,15.00,0,0,0,0,0,0,0,0,0,0
348,AgentA wins,15.00,0,0,0,0,0,0,0,0,0,0
349,AgentA wins,20.00,0,0,0,0,0,0,0,0,0,0
350,AgentA wins,19.67,0,0,0,0,0,0,0,0,0,0
341,AgentA wins,19.67,0,0,0,0,0,0,0,0,0,0
342,AgentA wins,19.67,0,0,0,0,0,0,0,0,0,0
343,AgentA wins,20.00,0,0,0,0,0,0,0,0,0,0
344,AgentA wins,20.00,0,0,0,0,0,0,0,0,0,0
345,AgentA wins,23.33,0,0,0,0,0,0,0,0,0,0
346,AgentA wins,15.00,0,0,0,0,0,0,0,0,0,0
347,AgentA wins,15.00,0,0,0,0,0,0,0,0,0,0
348,AgentA wins,15.00,0,0,0,0,0,0,0,0,0,0
349,AgentA wins,20.00,0,0,0,0,0,0,0,0,0,0
350,AgentA wins,20.00,0,0,0,0,0,0,0,0,0,0
261,AgentA wins,21.00,0,0,0,0,0,0,0,0,0,0
262,AgentA wins,15.00,0,0,0,0,0,0,0,0,0,0
263,AgentA wins,40.33,0,0,0,0,0,0,0,0,0,0
264,AgentA wins,29.33,0,0,0,0,0,0,0,0,0,0
265,AgentA wins,15.67,0,0,0,0,0,0,0,0,0,0
266,AgentA wins,18.00,0,0,0,0,0,0,0,0,0,0
267,AgentB wins,27.33,0,0,0,0,0,0,0,0,0,0
268,AgentA wins,32.33,0,0,0,0,0,0,0,0,0,0
269,AgentA wins,18.00,0,0,0,0,0,0,0,0,0,0
270,AgentA wins,26.00,0,0,0,0,0,0,0,0,0,0
261,AgentA wins,15.00,0,0,0,0,0,0,0,0,0,0
262,AgentA wins,18.00,0,0,0,0,0,0,0,0,0,0
263,AgentA wins,27.00,0,0,0,0,0,0,0,0,0,0
264,AgentA wins,15.00,0,0,0,0,0,0,0,0,0,0
265,AgentA wins,15.00,0,0,0,0,0,0,0,0,0,0
266,AgentA wins,27.67,0,0,0,0,0,0,0,0,0,0
267,AgentA wins,21.00,0,0,0,0,0,0,0,0,0,0
268,AgentA wins,32.00,0,0,0,0,0,0,0,0,0,0
269,AgentA wins,36.00,0,0,0,0,0,0,0,0,0,0
270,AgentB wins,29.33,0,0,0,0,0,0,0,0,0,0
271,AgentA wins,15.00,0,0,0,0,0,0,0,0,0,0
272,AgentA wins,18.00,0,0,0,0,0,0,0,0,0,0
273,AgentA wins,15.00,0,0,0,0,0,0,0,0,0,0
274,AgentA wins,15.00,0,0,0,0,0,0,0,0,0,0
275,AgentA wins,34.67,0,0,0,0,0,0,0,0,0,0
276,AgentA wins,30.67,0,0,0,0,0,0,0,0,0,0
277,AgentA wins,18.00,0,0,0,0,0,0,0,0,0,0
278,AgentA wins,32.67,0,0,0,0,0,0,0,0,0,0
279,AgentA wins,24.00,0,0,0,0,0,0,0,0,0,0
280,AgentA wins,24.67,0,0,0,0,0,0,0,0,0,0
271,AgentA wins,18.67,0,0,0,0,0,0,0,0,0,0
272,AgentA wins,39.33,0,0,0,0,0,0,0,0,0,0
273,AgentA wins,15.00,0,0,0,0,0,0,0,0,0,0
274,AgentA wins,18.00,0,0,0,0,0,0,0,0,0,0
275,AgentA wins,27.00,0,0,0,0,0,0,0,0,0,0
276,AgentB wins,21.67,0,0,0,0,0,0,0,0,0,0
277,AgentA wins,29.33,0,0,0,0,0,0,0,0,0,0
278,AgentA wins,38.67,0,0,0,0,0,0,0,0,0,0
279,AgentA wins,30.00,0,0,0,0,0,0,0,0,0,0
280,AgentB wins,33.67,0,0,0,0,0,0,0,0,0,0
271,AgentA wins,18.00,0,0,0,0,0,0,0,0,0,0
272,AgentA wins,35.00,0,0,0,0,0,0,0,0,0,0
273,AgentA wins,18.00,0,0,0,0,0,0,0,0,0,0
274,AgentA wins,15.00,0,0,0,0,0,0,0,0,0,0
275,AgentA wins,18.33,0,0,0,0,0,0,0,0,0,0
276,AgentA wins,39.00,0,0,0,0,0,0,0,0,0,0
277,AgentA wins,21.00,0,0,0,0,0,0,0,0,0,0
278,AgentA wins,21.33,0,0,0,0,0,0,0,0,0,0
279,AgentA wins,15.00,0,0,0,0,0,0,0,0,0,0
280,AgentA wins,26.67,0,0,0,0,0,0,0,0,0,0
271,AgentA wins,28.67,0,0,0,0,0,0,0,0,0,0
272,AgentA wins,29.67,0,0,0,0,0,0,0,0,0,0
273,AgentA wins,45.00,0,0,0,0,0,0,0,0,0,0
274,AgentA wins,15.00,0,0,0,0,0,0,0,0,0,0
275,AgentA wins,39.67,0,0,0,0,0,0,0,0,0,0
276,AgentA wins,21.00,0,0,0,0,0,0,0,0,0,0
277,AgentA wins,44.00,0,0,0,0,0,0,0,0,0,0
278,AgentA wins,27.00,0,0,0,0,0,0,0,0,0,0
279,AgentB wins,33.67,0,0,0,0,0,0,0,0,0,0
280,AgentA wins,27.67,0,0,0,0,0,0,0,0,0,0
351,AgentA wins,20.00,0,0,0,0,0,0,0,0,0,0
352,AgentA wins,15.00,0,0,0,0,0,0,0,0,0,0
353,AgentA wins,18.00,0,0,0,0,0,0,0,0,0,0
354,AgentA wins,15.00,0,0,0,0,0,0,0,0,0,0
355,AgentA wins,15.00,0,0,0,0,0,0,0,0,0,0
356,AgentA wins,18.00,0,0,0,0,0,0,0,0,0,0
357,AgentA wins,15.00,0,0,0,0,0,0,0,0,0,0
358,AgentA wins,23.33,0,0,0,0,0,0,0,0,0,0
359,AgentA wins,20.00,0,0,0,0,0,0,0,0,0,0
360,AgentA wins,17.00,0,0,0,0,0,0,0,0,0,0
351,AgentA wins,15.00,0,0,0,0,0,0,0,0,0,0
352,AgentA wins,19.67,0,0,0,0,0,0,0,0,0,0
353,AgentA wins,20.00,0,0,0,0,0,0,0,0,0,0
354,AgentA wins,20.00,0,0,0,0,0,0,0,0,0,0
355,AgentA wins,17.00,0,0,0,0,0,0,0,0,0,0
356,AgentA wins,17.00,0,0,0,0,0,0,0,0,0,0
357,AgentA wins,15.00,0,0,0,0,0,0,0,0,0,0
358,AgentA wins,22.33,0,0,0,0,0,0,0,0,0,0
359,AgentA wins,20.00,0,0,0,0,0,0,0,0,0,0
360,AgentA wins,18.00,0,0,0,0,0,0,0,0,0,0
351,AgentA wins,17.00,0,0,0,0,0,0,0,0,0,0
352,AgentA wins,17.00,0,0,0,0,0,0,0,0,0,0
353,AgentA wins,20.00,0,0,0,0,0,0,0,0,0,0
354,AgentA wins,20.00,0,0,0,0,0,0,0,0,0,0
355,AgentA wins,20.00,0,0,0,0,0,0,0,0,0,0
356,AgentA wins,20.00,0,0,0,0,0,0,0,0,0,0
357,AgentA wins,15.00,0,0,0,0,0,0,0,0,0,0
358,AgentA wins,20.00,0,0,0,0,0,0,0,0,0,0
359,AgentA wins,20.00,0,0,0,0,0,0,0,0,0,0
360,AgentA wins,20.00,0,0,0,0,0,0,0,0,0,0
351,AgentA wins,17.00,0,0,0,0,0,0,0,0,0,0
352,AgentA wins,20.00,0,0,0,0,0,0,0,0,0,0
353,AgentA wins,15.00,0,0,0,0,0,0,0,0,0,0
354,AgentA wins,20.00,0,0,0,0,0,0,0,0,0,0
355,AgentA wins,20.00,0,0,0,0,0,0,0,0,0,0
356,AgentA wins,20.00,0,0,0,0,0,0,0,0,0,0
357,AgentA wins,15.00,0,0,0,0,0,0,0,0,0,0
358,AgentA wins,20.00,0,0,0,0,0,0,0,0,0,0
359,AgentA wins,15.00,0,0,0,0,0,0,0,0,0,0
360,AgentA wins,20.00,0,0,0,0,0,0,0,0,0,0
271,AgentA wins,18.00,0,0,0,0,0,0,0,0,0,0
272,AgentB wins,43.00,0,0,0,0,0,0,0,0,0,0
273,AgentB wins,24.33,0,0,0,0,0,0,0,0,0,0
274,AgentB wins,50.00,0,0,0,0,0,0,0,0,0,0
275,AgentA wins,27.00,0,0,0,0,0,0,0,0,0,0
276,AgentA wins,39.67,0,0,0,0,0,0,0,0,0,0
277,AgentA wins,18.00,0,0,0,0,0,0,0,0,0,0
278,AgentA wins,15.00,0,0,0,0,0,0,0,0,0,0
279,AgentA wins,15.00,0,0,0,0,0,0,0,0,0,0
280,AgentA wins,15.00,0,0,0,0,0,0,0,0,0,0
351,AgentA wins,15.00,0,0,0,0,0,0,0,0,0,0
352,AgentA wins,23.33,0,0,0,0,0,0,0,0,0,0
353,AgentA wins,20.00,0,0,0,0,0,0,0,0,0,0
354,AgentA wins,15.00,0,0,0,0,0,0,0,0,0,0
355,AgentA wins,20.00,0,0,0,0,0,0,0,0,0,0
356,AgentA wins,23.33,0,0,0,0,0,0,0,0,0,0
357,AgentA wins,15.00,0,0,0,0,0,0,0,0,0,0
358,AgentA wins,18.00,0,0,0,0,0,0,0,0,0,0
359,AgentA wins,15.00,0,0,0,0,0,0,0,0,0,0
360,AgentA wins,20.00,0,0,0,0,0,0,0,0,0,0
351,AgentA wins,23.33,0,0,0,0,0,0,0,0,0,0
352,AgentA wins,18.00,0,0,0,0,0,0,0,0,0,0
353,AgentA wins,19.67,0,0,0,0,0,0,0,0,0,0
354,AgentA wins,18.00,0,0,0,0,0,0,0,0,0,0
355,AgentA wins,20.00,0,0,0,0,0,0,0,0,0,0
356,AgentA wins,19.67,0,0,0,0,0,0,0,0,0,0
357,AgentA wins,18.00,0,0,0,0,0,0,0,0,0,0
358,AgentA wins,15.00,0,0,0,0,0,0,0,0,0,0
359,AgentA wins,15.00,0,0,0,0,0,0,0,0,0,0
360,AgentA wins,20.00,0,0,0,0,0,0,0,0,0,0
351,AgentA wins,20.00,0,0,0,0,0,0,0,0,0,0
352,AgentA wins,15.00,0,0,0,0,0,0,0,0,0,0
353,AgentA wins,22.33,0,0,0,0,0,0,0,0,0,0
354,AgentB wins,24.67,0,0,0,0,0,0,0,0,0,0
355,AgentA wins,20.00,0,0,0,0,0,0,0,0,0,0
356,AgentA wins,22.33,0,0,0,0,0,0,0,0,0,0
357,AgentA wins,20.00,0,0,0,0,0,0,0,0,0,0
358,AgentA wins,20.00,0,0,0,0,0,0,0,0,0,0
359,AgentA wins,19.67,0,0,0,0,0,0,0,0,0,0
360,AgentA wins,20.00,0,0,0,0,0,0,0,0,0,0
351,AgentA wins,20.00,0,0,0,0,0,0,0,0,0,0
352,AgentA wins,15.00,0,0,0,0,0,0,0,0,0,0
353,AgentA wins,20.00,0,0,0,0,0,0,0,0,0,0
354,AgentA wins,20.00,0,0,0,0,0,0,0,0,0,0
355,AgentA wins,15.00,0,0,0,0,0,0,0,0,0,0
356,AgentB wins,24.67,0,0,0,0,0,0,0,0,0,0
357,AgentA wins,17.00,0,0,0,0,0,0,0,0,0,0
358,AgentA wins,20.00,0,0,0,0,0,0,0,0,0,0
359,AgentA wins,15.00,0,0,0,0,0,0,0,0,0,0
360,AgentA wins,19.67,0,0,0,0,0,0,0,0,0,0
351,AgentA wins,15.00,0,0,0,0,0,0,0,0,0,0
352,AgentA wins,17.00,0,0,0,0,0,0,0,0,0,0
353,AgentA wins,15.00,0,0,0,0,0,0,0,0,0,0
354,AgentA wins,20.00,0,0,0,0,0,0,0,0,0,0
355,AgentA wins,20.00,0,0,0,0,0,0,0,0,0,0
356,AgentA wins,17.00,0,0,0,0,0,0,0,0,0,0
357,AgentA wins,18.00,0,0,0,0,0,0,0,0,0,0
358,AgentA wins,18.00,0,0,0,0,0,0,0,0,0,0
359,AgentA wins,17.00,0,0,0,0,0,0,0,0,0,0
360,AgentA wins,22.33,0,0,0,0,0,0,0,0,0,0
351,AgentA wins,15.00,0,0,0,0,0,0,0,0,0,0
352,AgentA wins,18.00,0,0,0,0,0,0,0,0,0,0
353,AgentA wins,20.00,0,0,0,0,0,0,0,0,0,0
354,AgentA wins,15.00,0,0,0,0,0,0,0,0,0,0
355,AgentA wins,15.00,0,0,0,0,0,0,0,0,0,0
356,AgentA wins,20.00,0,0,0,0,0,0,0,0,0,0
357,AgentA wins,15.00,0,0,0,0,0,0,0,0,0,0
358,AgentB wins,24.67,0,0,0,0,0,0,0,0,0,0
359,AgentA wins,17.00,0,0,0,0,0,0,0,0,0,0
360,AgentA wins,22.33,0,0,0,0,0,0,0,0,0,0
351,AgentA wins,15.00,0,0,0,0,0,0,0,0,0,0
352,AgentA wins,19.67,0,0,0,0,0,0,0,0,0,0
353,AgentA wins,15.00,0,0,0,0,0,0,0,0,0,0
354,AgentA wins,20.00,0,0,0,0,0,0,0,0,0,0
355,AgentA wins,20.00,0,0,0,0,0,0,0,0,0,0
356,AgentA wins,15.00,0,0,0,0,0,0,0,0,0,0
357,AgentA wins,20.00,0,0,0,0,0,0,0,0,0,0
358,AgentA wins,20.00,0,0,0,0,0,0,0,0,0,0
359,AgentA wins,20.00,0,0,0,0,0,0,0,0,0,0
360,AgentA wins,20.00,0,0,0,0,0,0,0,0,0,0
351,AgentA wins,17.00,0,0,0,0,0,0,0,0,0,0
352,AgentA wins,18.00,0,0,0,0,0,0,0,0,0,0
353,AgentA wins,15.00,0,0,0,0,0,0,0,0,0,0
354,AgentA wins,15.00,0,0,0,0,0,0,0,0,0,0
355,AgentA wins,20.00,0,0,0,0,0,0,0,0,0,0
356,AgentA wins,20.00,0,0,0,0,0,0,0,0,0,0
357,AgentA wins,17.00,0,0,0,0,0,0,0,0,0,0
358,AgentA wins,20.00,0,0,0,0,0,0,0,0,0,0
359,AgentA wins,18.00,0,0,0,0,0,0,0,0,0,0
360,AgentA wins,20.00,0,0,0,0,0,0,0,0,0,0
351,AgentA wins,15.00,0,0,0,0,0,0,0,0,0,0
352,AgentA wins,20.00,0,0,0,0,0,0,0,0,0,0
353,AgentA wins,15.00,0,0,0,0,0,0,0,0,0,0
354,AgentA wins,18.00,0,0,0,0,0,0,0,0,0,0
355,AgentA wins,20.00,0,0,0,0,0,0,0,0,0,0
356,AgentA wins,15.00,0,0,0,0,0,0,0,0,0,0
357,AgentA wins,19.67,0,0,0,0,0,0,0,0,0,0
358,AgentA wins,20.00,0,0,0,0,0,0,0,0,0,0
359,AgentA wins,20.00,0,0,0,0,0,0,0,0,0,0
360,AgentA wins,20.00,0,0,0,0,0,0,0,0,0,0
351,AgentA wins,20.00,0,0,0,0,0,0,0,0,0,0
352,AgentA wins,15.00,0,0,0,0,0,0,0,0,0,0
353,AgentA wins,20.00,0,0,0,0,0,0,0,0,0,0
354,AgentA wins,18.00,0,0,0,0,0,0,0,0,0,0
355,AgentA wins,17.00,0,0,0,0,0,0,0,0,0,0
356,AgentA wins,18.00,0,0,0,0,0,0,0,0,0,0
357,AgentA wins,20.00,0,0,0,0,0,0,0,0,0,0
358,AgentA wins,20.00,0,0,0,0,0,0,0,0,0,0
359,AgentA wins,18.00,0,0,0,0,0,0,0,0,0,0
360,AgentA wins,18.00,0,0,0,0,0,0,0,0,0,0
351,AgentA wins,20.00,0,0,0,0,0,0,0,0,0,0
352,AgentA wins,20.00,0,0,0,0,0,0,0,0,0,0
353,AgentA wins,20.00,0,0,0,0,0,0,0,0,0,0
354,AgentA wins,20.00,0,0,0,0,0,0,0,0,0,0
355,AgentA wins,18.00,0,0,0,0,0,0,0,0,0,0
356,AgentA wins,20.00,0,0,0,0,0,0,0,0,0,0
357,AgentA wins,17.00,0,0,0,0,0,0,0,0,0,0
358,AgentA wins,15.00,0,0,0,0,0,0,0,0,0,0
359,AgentA wins,20.00,0,0,0,0,0,0,0,0,0,0
360,AgentA wins,20.00,0,0,0,0,0,0,0,0,0,0
281,AgentA wins,38.33,344,350,0,209,0,276,0,41,54,68
282,AgentA wins,34.00,309,306,0,168,0,235,0,38,41,73
283,AgentA wins,15.00,136,134,0,87,0,105,0,18,15,26
284,AgentA wins,46.00,416,413,0,247,0,320,0,54,46,114
285,AgentA wins,40.00,359,358,0,208,0,283,0,46,49,73
286,AgentA wins,42.00,375,375,0,227,0,291,0,50,41,98
287,AgentA wins,18.00,160,165,0,98,0,127,0,23,23,33
288,AgentA wins,18.00,164,161,0,94,0,114,0,21,16,40
289,AgentA wins,18.67,172,165,0,90,0,129,0,22,31,33
290,AgentA wins,23.00,206,208,0,116,0,158,0,24,37,42
271,AgentA wins,15.00,0,0,0,0,0,0,0,0,0,0
272,AgentA wins,15.00,0,0,0,0,0,0,0,0,0,0
273,AgentA wins,15.00,0,0,0,0,0,0,0,0,0,0
274,AgentA wins,30.00,0,0,0,0,0,0,0,0,0,0
275,AgentA wins,24.00,0,0,0,0,0,0,0,0,0,0
276,AgentA wins,35.00,0,0,0,0,0,0,0,0,0,0
277,AgentA wins,29.00,0,0,0,0,0,0,0,0,0,0
278,AgentA wins,27.00,0,0,0,0,0,0,0,0,0,0
279,AgentA wins,30.00,0,0,0,0,0,0,0,0,0,0
280,AgentA wins,15.00,0,0,0,0,0,0,0,0,0,0
271,AgentA wins,23.33,0,0,0,0,0,0,0,0,0,0
272,AgentA wins,37.33,0,0,0,0,0,0,0,0,0,0
273,AgentA wins,15.00,0,0,0,0,0,0,0,0,0,0
274,AgentA wins,38.00,0,0,0,0,0,0,0,0,0,0
275,AgentA wins,33.00,0,0,0,0,0,0,0,0,0,0
276,AgentB wins,40.00,0,0,0,0,0,0,0,0,0,0
277,AgentA wins,34.67,0,0,0,0,0,0,0,0,0,0
278,AgentA wins,18.00,0,0,0,0,0,0,0,0,0,0
279,AgentB wins,28.00,0,0,0,0,0,0,0,0,0,0
280,AgentA wins,15.00,0,0,0,0,0,0,0,0,0,0
361,AgentA wins,15.00,0,0,0,0,0,0,0,0,0,0
362,AgentA wins,15.00,0,0,0,0,0,0,0,0,0,0
363,AgentA wins,15.00,0,0,0,0,0,0,0,0,0,0
364,AgentA wins,15.00,0,0,0,0,0,0,0,0,0,0
365,AgentA wins,15.00,0,0,0,0,0,0,0,0,0,0
366,AgentA wins,23.33,0,0,0,0,0,0,0,0,0,0
367,AgentA wins,15.00,0,0,0,0,0,0,0,0,0,0
368,AgentA wins,19.67,0,0,0,0,0,0,0,0,0,0
369,AgentA wins,17.00,0,0,0,0,0,0,0,0,0,0
370,AgentA wins,20.00,0,0,0,0,0,0,0,0,0,0
281,AgentA wins,15.00,0,0,0,0,0,0,0,0,0,0
282,AgentA wins,21.00,0,0,0,0,0,0,0,0,0,0
283,AgentA wins,26.67,0,0,0,0,0,0,0,0,0,0
284,AgentA wins,15.00,0,0,0,0,0,0,0,0,0,0
285,AgentB wins,32.00,0,0,0,0,0,0,0,0,0,0
286,AgentB wins,39.67,0,0,0,0,0,0,0,0,0,0
287,AgentA wins,15.00,0,0,0,0,0,0,0,0,0,0
288,AgentA wins,33.00,0,0,0,0,0,0,0,0,0,0
289,AgentA wins,15.00,0,0,0,0,0,0,0,0,0,0
290,AgentA wins,15.00,0,0,0,0,0,0,0,0,0,0
361,AgentA wins,20.00,0,0,0,0,0,0,0,0,0,0
362,AgentA wins,20.00,0,0,0,0,0,0,0,0,0,0
363,AgentA wins,20.00,0,0,0,0,0,0,0,0,0,0
364,AgentA wins,17.00,0,0,0,0,0,0,0,0,0,0
365,AgentA wins,19.67,0,0,0,0,0,0,0,0,0,0
366,AgentA wins,18.00,0,0,0,0,0,0,0,0,0,0
367,AgentA wins,15.00,0,0,0,0,0,0,0,0,0,0
368,AgentA wins,20.00,0,0,0,0,0,0,0,0,0,0
369,AgentA wins,15.00,0,0,0,0,0,0,0,0,0,0
370,AgentA wins,17.00,0,0,0,0,0,0,0,0,0,0
361,AgentA wins,20.00,0,0,0,0,0,0,0,0,0,0
362,AgentA wins,20.00,0,0,0,0,0,0,0,0,0,0
363,AgentA wins,15.00,0,0,0,0,0,0,0,0,0,0
364,AgentA wins,20.00,0,0,0,0,0,0,0,0,0,0
365,AgentA wins,23.33,0,0,0,0,0,0,0,0,0,0
366,AgentA wins,17.00,0,0,0,0,0,0,0,0,0,0
367,AgentA wins,20.00,0,0,0,0,0,0,0,0,0,0
368,AgentA wins,20.00,0,0,0,0,0,0,0,0,0,0
369,AgentA wins,19.67,0,0,0,0,0,0,0,0,0,0
370,AgentA wins,20.00,0,0,0,0,0,0,0,0,0,0
271,AgentA wins,15.00,0,0,0,0,0,0,0,0,0,0
272,AgentA wins,53.33,0,0,0,0,0,0,0,0,0,0
273,AgentA wins,42.67,0,0,0,0,0,0,0,0,0,0
274,AgentA wins,35.33,0,0,0,0,0,0,0,0,0,0
275,AgentA wins,27.00,0,0,0,0,0,0,0,0,0,0
276,AgentA wins,21.67,0,0,0,0,0,0,0,0,0,0
277,AgentB wins,45.67,0,0,0,0,0,0,0,0,0,0
278,AgentA wins,26.33,0,0,0,0,0,0,0,0,0,0
279,AgentB wins,36.33,0,0,0,0,0,0,0,0,0,0
280,AgentA wins,29.33,0,0,0,0,0,0,0,0,0,0
361,AgentA wins,20.00,0,0,0,0,0,0,0,0,0,0
362,AgentA wins,15.00,0,0,0,0,0,0,0,0,0,0
363,AgentA wins,20.00,0,0,0,0,0,0,0,0,0,0
364,AgentA wins,15.00,0,0,0,0,0,0,0,0,0,0
365,AgentA wins,20.00,0,0,0,0,0,0,0,0,0,0
366,AgentA wins,19.67,0,0,0,0,0,0,0,0,0,0
367,AgentA wins,15.00,0,0,0,0,0,0,0,0,0,0
368,AgentA wins,19.67,0,0,0,0,0,0,0,0,0,0
369,AgentA wins,19.67,0,0,0,0,0,0,0,0,0,0
370,AgentA wins,19.67,0,0,0,0,0,0,0,0,0,0
281,AgentB wins,46.00,0,0,0,0,0,0,0,0,0,0
282,AgentA wins,15.00,0,0,0,0,0,0,0,0,0,0
283,AgentA wins,24.00,0,0,0,0,0,0,0,0,0,0
284,AgentA wins,30.00,0,0,0,0,0,0,0,0,0,0
285,AgentA wins,46.67,0,0,0,0,0,0,0,0,0,0
286,AgentB wins,35.67,0,0,0,0,0,0,0,0,0,0
287,AgentA wins,34.00,0,0,0,0,0,0,0,0,0,0
288,AgentB wins,30.67,0,0,0,0,0,0,0,0,0,0
289,AgentA wins,24.00,0,0,0,0,0,0,0,0,0,0
290,AgentA wins,18.00,0,0,0,0,0,0,0,0,0,0
361,AgentA wins,19.67,0,0,0,0,0,0,0,0,0,0
362,AgentA wins,20.00,0,0,0,0,0,0,0,0,0,0
363,AgentA wins,19.67,0,0,0,0,0,0,0,0,0,0
364,AgentA wins,19.67,0,0,0,0,0,0,0,0,0,0
365,AgentA wins,19.67,0,0,0,0,0,0,0,0,0,0
366,AgentA wins,20.00,0,0,0,0,0,0,0,0,0,0
367,AgentA wins,15.00,0,0,0,0,0,0,0,0,0,0
368,AgentA wins,18.00,0,0,0,0,0,0,0,0,0,0
369,AgentA wins,25.00,0,0,0,0,0,0,0,0,0,0
370,AgentA wins,19.67,0,0,0,0,0,0,0,0,0,0
361,AgentA wins,23.33,0,0,0,0,0,0,0,0,0,0
362,AgentA wins,22.33,0,0,0,0,0,0,0,0,0,0
363,AgentA wins,22.33,0,0,0,0,0,0,0,0,0,0
364,AgentA wins,15.00,0,0,0,0,0,0,0,0,0,0
365,AgentA wins,18.00,0,0,0,0,0,0,0,0,0,0
366,AgentA wins,20.00,0,0,0,0,0,0,0,0,0,0
367,AgentA wins,15.00,0,0,0,0,0,0,0,0,0,0
368,AgentA wins,18.00,0,0,0,0,0,0,0,0,0,0
369,AgentA wins,15.00,0,0,0,0,0,0,0,0,0,0
370,AgentA wins,15.00,0,0,0,0,0,0,0,0,0,0
281,AgentA wins,15.00,0,0,0,0,0,0,0,0,0,0
282,AgentA wins,21.00,0,0,0,0,0,0,0,0,0,0
283,AgentA wins,36.33,0,0,0,0,0,0,0,0,0,0
284,AgentA wins,18.00,0,0,0,0,0,0,0,0,0,0
285,AgentA wins,27.00,0,0,0,0,0,0,0,0,0,0
286,AgentA wins,39.00,0,0,0,0,0,0,0,0,0,0
287,AgentA wins,15.00,0,0,0,0,0,0,0,0,0,0
288,AgentA wins,15.00,0,0,0,0,0,0,0,0,0,0
289,AgentB wins,49.67,0,0,0,0,0,0,0,0,0,0
290,AgentA wins,27.00,0,0,0,0,0,0,0,0,0,0
361,AgentA wins,19.67,0,0,0,0,0,0,0,0,0,0
362,AgentA wins,20.00,0,0,0,0,0,0,0,0,0,0
363,AgentA wins,18.00,0,0,0,0,0,0,0,0,0,0
364,AgentA wins,19.67,0,0,0,0,0,0,0,0,0,0
365,AgentA wins,20.00,0,0,0,0,0,0,0,0,0,0
366,AgentA wins,22.33,0,0,0,0,0,0,0,0,0,0
367,AgentA wins,19.67,0,0,0,0,0,0,0,0,0,0
368,AgentA wins,17.00,0,0,0,0,0,0,0,0,0,0
369,AgentA wins,20.00,0,0,0,0,0,0,0,0,0,0
370,AgentA wins,23.33,0,0,0,0,0,0,0,0,0,0
361,AgentA wins,18.00,0,0,0,0,0,0,0,0,0,0
362,AgentA wins,20.00,0,0,0,0,0,0,0,0,0,0
363,AgentA wins,20.00,0,0,0,0,0,0,0,0,0,0
364,AgentA wins,15.00,0,0,0,0,0,0,0,0,0,0
365,AgentA wins,20.00,0,0,0,0,0,0,0,0,0,0
366,AgentA wins,20.00,0,0,0,0,0,0,0,0,0,0
367,AgentB wins,24.67,0,0,0,0,0,0,0,0,0,0
368,AgentA wins,20.00,0,0,0,0,0,0,0,0,0,0
369,AgentA wins,20.00,0,0,0,0,0,0,0,0,0,0
370,AgentA wins,19.67,0,0,0,0,0,0,0,0,0,0
271,AgentA wins,15.00,0,0,0,0,0,0,0,0,0,0
272,AgentA wins,30.67,0,0,0,0,0,0,0,0,0,0
273,AgentA wins,27.67,0,0,0,0,0,0,0,0,0,0
274,AgentA wins,38.67,0,0,0,0,0,0,0,0,0,0
275,AgentA wins,43.67,0,0,0,0,0,0,0,0,0,0
276,AgentA wins,29.00,0,0,0,0,0,0,0,0,0,0
277,timeout draw,60.00,0,0,0,0,0,0,0,0,0,0
278,AgentA wins,33.67,0,0,0,0,0,0,0,0,0,0
279,AgentA wins,37.00,0,0,0,0,0,0,0,0,0,0
280,AgentA wins,27.00,0,0,0,0,0,0,0,0,0,0
361,AgentA wins,20.00,0,0,0,0,0,0,0,0,0,0
362,AgentA wins,15.00,0,0,0,0,0,0,0,0,0,0
363,AgentA wins,15.00,0,0,0,0,0,0,0,0,0,0
364,AgentA wins,17.00,0,0,0,0,0,0,0,0,0,0
365,AgentA wins,18.00,0,0,0,0,0,0,0,0,0,0
366,AgentA wins,20.00,0,0,0,0,0,0,0,0,0,0
367,AgentA wins,20.00,0,0,0,0,0,0,0,0,0,0
368,AgentA wins,17.00,0,0,0,0,0,0,0,0,0,0
369,AgentA wins,19.67,0,0,0,0,0,0,0,0,0,0
370,AgentA wins,20.00,0,0,0,0,0,0,0,0,0,0
361,AgentA wins,17.00,0,0,0,0,0,0,0,0,0,0
362,AgentA wins,23.33,0,0,0,0,0,0,0,0,0,0
363,AgentA wins,17.00,0,0,0,0,0,0,0,0,0,0
364,AgentA wins,15.00,0,0,0,0,0,0,0,0,0,0
365,AgentA wins,20.00,0,0,0,0,0,0,0,0,0,0
366,AgentA wins,23.33,0,0,0,0,0,0,0,0,0,0
367,AgentA wins,15.00,0,0,0,0,0,0,0,0,0,0
368,AgentA wins,20.00,0,0,0,0,0,0,0,0,0,0
369,AgentA wins,20.00,0,0,0,0,0,0,0,0,0,0
370,AgentA wins,18.00,0,0,0,0,0,0,0,0,0,0
361,AgentA wins,15.00,0,0,0,0,0,0,0,0,0,0
362,AgentA wins,17.00,0,0,0,0,0,0,0,0,0,0
363,AgentA wins,15.00,0,0,0,0,0,0,0,0,0,0
364,AgentA wins,20.00,0,0,0,0,0,0,0,0,0,0
365,AgentA wins,20.00,0,0,0,0,0,0,0,0,0,0
366,AgentA wins,15.00,0,0,0,0,0,0,0,0,0,0
367,AgentA wins,19.67,0,0,0,0,0,0,0,0,0,0
368,AgentA wins,19.67,0,0,0,0,0,0,0,0,0,0
369,AgentA wins,19.67,0,0,0,0,0,0,0,0,0,0
370,AgentA wins,20.00,0,0,0,0,0,0,0,0,0,0
281,AgentB wins,50.67,0,0,0,0,0,0,0,0,0,0
282,AgentA wins,18.00,0,0,0,0,0,0,0,0,0,0
283,AgentA wins,24.00,0,0,0,0,0,0,0,0,0,0
284,AgentA wins,25.00,0,0,0,0,0,0,0,0,0,0
285,AgentA wins,53.00,0,0,0,0,0,0,0,0,0,0
286,AgentA wins,36.00,0,0,0,0,0,0,0,0,0,0
287,AgentA wins,18.00,0,0,0,0,0,0,0,0,0,0
288,AgentA wins,29.33,0,0,0,0,0,0,0,0,0,0
289,AgentA wins,38.33,0,0,0,0,0,0,0,0,0,0
290,AgentA wins,15.00,0,0,0,0,0,0,0,0,0,0
361,AgentA wins,19.67,0,0,0,0,0,0,0,0,0,0
362,AgentA wins,18.00,0,0,0,0,0,0,0,0,0,0
363,AgentA wins,19.67,0,0,0,0,0,0,0,0,0,0
364,AgentA wins,19.67,0,0,0,0,0,0,0,0,0,0
365,AgentA wins,15.00,0,0,0,0,0,0,0,0,0,0
366,AgentA wins,20.00,0,0,0,0,0,0,0,0,0,0
367,AgentA wins,20.00,0,0,0,0,0,0,0,0,0,0
368,AgentA wins,20.00,0,0,0,0,0,0,0,0,0,0
369,AgentA wins,15.00,0,0,0,0,0,0,0,0,0,0
370,AgentA wins,20.00,0,0,0,0,0,0,0,0,0,0
361,AgentA wins,23.33,0,0,0,0,0,0,0,0,0,0
362,AgentA wins,20.00,0,0,0,0,0,0,0,0,0,0
363,AgentA wins,19.67,0,0,0,0,0,0,0,0,0,0
364,AgentA wins,19.67,0,0,0,0,0,0,0,0,0,0
365,AgentA wins,15.00,0,0,0,0,0,0,0,0,0,0
366,AgentA wins,20.00,0,0,0,0,0,0,0,0,0,0
367,AgentA wins,20.00,0,0,0,0,0,0,0,0,0,0
368,AgentA wins,17.00,0,0,0,0,0,0,0,0,0,0
369,AgentA wins,15.00,0,0,0,0,0,0,0,0,0,0
370,AgentA wins,20.00,0,0,0,0,0,0,0,0,0,0
361,AgentA wins,20.00,0,0,0,0,0,0,0,0,0,0
362,AgentA wins,15.00,0,0,0,0,0,0,0,0,0,0
363,AgentA wins,23.33,0,0,0,0,0,0,0,0,0,0
364,AgentA wins,20.00,0,0,0,0,0,0,0,0,0,0
365,AgentA wins,20.00,0,0,0,0,0,0,0,0,0,0
366,AgentA wins,20.00,0,0,0,0,0,0,0,0,0,0
367,AgentA wins,20.00,0,0,0,0,0,0,0,0,0,0
368,AgentA wins,19.67,0,0,0,0,0,0,0,0,0,0
369,AgentA wins,20.00,0,0,0,0,0,0,0,0,0,0
370,AgentA wins,15.00,0,0,0,0,0,0,0,0,0,0
361,AgentA wins,19.67,0,0,0,0,0,0,0,0,0,0
362,AgentA wins,19.67,0,0,0,0,0,0,0,0,0,0
363,AgentA wins,15.00,0,0,0,0,0,0,0,0,0,0
364,AgentA wins,20.00,0,0,0,0,0,0,0,0,0,0
365,AgentA wins,15.00,0,0,0,0,0,0,0,0,0,0
366,AgentA wins,15.00,0,0,0,0,0,0,0,0,0,0
367,AgentA wins,20.00,0,0,0,0,0,0,0,0,0,0
368,AgentA wins,15.00,0,0,0,0,0,0,0,0,0,0
369,AgentA wins,15.00,0,0,0,0,0,0,0,0,0,0
370,AgentA wins,20.00,0,0,0,0,0,0,0,0,0,0
281,AgentA wins,24.33,0,0,0,0,0,0,0,0,0,0
282,AgentB wins,31.00,0,0,0,0,0,0,0,0,0,0
283,AgentA wins,18.67,0,0,0,0,0,0,0,0,0,0
284,AgentA wins,15.00,0,0,0,0,0,0,0,0,0,0
285,AgentA wins,42.33,0,0,0,0,0,0,0,0,0,0
286,AgentA wins,18.00,0,0,0,0,0,0,0,0,0,0
287,AgentA wins,21.33,0,0,0,0,0,0,0,0,0,0
288,AgentA wins,30.00,0,0,0,0,0,0,0,0,0,0
289,AgentA wins,32.67,0,0,0,0,0,0,0,0,0,0
290,AgentA wins,30.33,0,0,0,0,0,0,0,0,0,0
291,AgentA wins,18.00,161,161,0,90,0,125,0,21,26,43
292,AgentA wins,36.00,325,327,0,191,0,256,0,43,45,73
293,AgentA wins,15.00,130,137,0,83,0,105,0,20,22,33
294,AgentA wins,15.00,132,136,0,80,0,111,0,15,18,32
295,AgentA wins,27.00,244,245,1,142,0,194,0,34,34,40
296,AgentA wins,15.00,135,137,0,83,0,110,0,17,18,34
297,AgentA wins,33.00,296,296,0,174,0,222,0,35,29,65
298,AgentA wins,15.00,134,135,0,80,0,97,0,23,10,36
299,AgentA wins,26.67,242,240,0,140,0,186,0,28,32,42
300,AgentA wins,18.00,162,159,0,98,0,127,0,23,24,41
371,AgentA wins,15.00,0,0,0,0,0,0,0,0,0,0
372,AgentA wins,20.00,0,0,0,0,0,0,0,0,0,0
373,AgentA wins,19.67,0,0,0,0,0,0,0,0,0,0
374,AgentA wins,18.00,0,0,0,0,0,0,0,0,0,0
375,AgentA wins,15.00,0,0,0,0,0,0,0,0,0,0
376,AgentA wins,20.00,0,0,0,0,0,0,0,0,0,0
377,AgentA wins,19.67,0,0,0,0,0,0,0,0,0,0
378,AgentA wins,20.00,0,0,0,0,0,0,0,0,0,0
379,AgentA wins,20.00,0,0,0,0,0,0,0,0,0,0
380,AgentA wins,19.67,0,0,0,0,0,0,0,0,0,0
371,AgentA wins,17.00,0,0,0,0,0,0,0,0,0,0
372,AgentA wins,20.00,0,0,0,0,0,0,0,0,0,0
373,AgentA wins,20.00,0,0,0,0,0,0,0,0,0,0
374,AgentA wins,15.00,0,0,0,0,0,0,0,0,0,0
375,AgentA wins,19.67,0,0,0,0,0,0,0,0,0,0
376,AgentA wins,15.00,0,0,0,0,0,0,0,0,0,0
377,AgentA wins,15.00,0,0,0,0,0,0,0,0,0,0
378,AgentA wins,15.00,0,0,0,0,0,0,0,0,0,0
379,AgentA wins,15.00,0,0,0,0,0,0,0,0,0,0
380,AgentA wins,20.00,0,0,0,0,0,0,0,0,0,0
281,AgentB wins,30.00,0,0,0,0,0,0,0,0,0,0
282,AgentA wins,32.33,0,0,0,0,0,0,0,0,0,0
283,AgentA wins,15.67,0,0,0,0,0,0,0,0,0,0
284,AgentA wins,18.00,0,0,0,0,0,0,0,0,0,0
285,AgentA wins,18.00,0,0,0,0,0,0,0,0,0,0
286,AgentA wins,27.00,0,0,0,0,0,0,0,0,0,0
287,AgentA wins,27.67,0,0,0,0,0,0,0,0,0,0
288,AgentA wins,36.00,0,0,0,0,0,0,0,0,0,0
289,AgentB wins,26.00,0,0,0,0,0,0,0,0,0,0
290,AgentA wins,18.00,0,0,0,0,0,0,0,0,0,0
371,AgentA wins,20.00,0,0,0,0,0,0,0,0,0,0
372,AgentA wins,17.00,0,0,0,0,0,0,0,0,0,0
373,AgentA wins,20.00,0,0,0,0,0,0,0,0,0,0
374,AgentA wins,20.00,0,0,0,0,0,0,0,0,0,0
375,AgentB wins,24.67,0,0,0,0,0,0,0,0,0,0
376,AgentA wins,17.00,0,0,0,0,0,0,0,0,0,0
377,AgentA wins,20.00,0,0,0,0,0,0,0,0,0,0
378,AgentA wins,17.00,0,0,0,0,0,0,0,0,0,0
379,AgentA wins,19.67,0,0,0,0,0,0,0,0,0,0
380,AgentA wins,17.00,0,0,0,0,0,0,0,0,0,0
371,AgentA wins,20.00,0,0,0,0,0,0,0,0,0,0
372,AgentA wins,19.67,0,0,0,0,0,0,0,0,0,0
373,AgentA wins,20.00,0,0,0,0,0,0,0,0,0,0
374,AgentA wins,20.00,0,0,0,0,0,0,0,0,0,0
375,AgentA wins,15.00,0,0,0,0,0,0,0,0,0,0
376,AgentA wins,20.00,0,0,0,0,0,0,0,0,0,0
377,AgentA wins,19.67,0,0,0,0,0,0,0,0,0,0
378,AgentA wins,20.00,0,0,0,0,0,0,0,0,0,0
379,AgentA wins,20.00,0,0,0,0,0,0,0,0,0,0
380,AgentA wins,20.00,0,0,0,0,0,0,0,0,0,0
371,AgentA wins,15.00,0,0,0,0,0,0,0,0,0,0
372,AgentA wins,15.00,0,0,0,0,0,0,0,0,0,0
373,AgentA wins,20.00,0,0,0,0,0,0,0,0,0,0
374,AgentA wins,20.00,0,0,0,0,0,0,0,0,0,0
375,AgentA wins,23.33,0,0,0,0,0,0,0,0,0,0
376,AgentA wins,18.00,0,0,0,0,0,0,0,0,0,0
377,AgentA wins,19.67,0,0,0,0,0,0,0,0,0,0
378,AgentA wins,15.00,0,0,0,0,0,0,0,0,0,0
379,AgentA wins,17.00,0,0,0,0,0,0,0,0,0,0
380,AgentA wins,18.00,0,0,0,0,0,0,0,0,0,0
371,AgentA wins,15.00,0,0,0,0,0,0,0,0,0,0
372,AgentA wins,15.00,0,0,0,0,0,0,0,0,0,0
373,AgentA wins,17.00,0,0,0,0,0,0,0,0,0,0
374,AgentA wins,15.00,0,0,0,0,0,0,0,0,0,0
375,AgentA wins,20.00,0,0,0,0,0,0,0,0,0,0
376,AgentA wins,19.67,0,0,0,0,0,0,0,0,0,0
377,AgentA wins,20.00,0,0,0,0,0,0,0,0,0,0
378,AgentA wins,20.00,0,0,0,0,0,0,0,0,0,0
379,AgentA wins,20.00,0,0,0,0,0,0,0,0,0,0
380,AgentA wins,15.00,0,0,0,0,0,0,0,0,0,0
371,AgentA wins,18.00,0,0,0,0,0,0,0,0,0,0
372,AgentA wins,20.00,0,0,0,0,0,0,0,0,0,0
373,AgentA wins,20.00,0,0,0,0,0,0,0,0,0,0
374,AgentA wins,20.00,0,0,0,0,0,0,0,0,0,0
375,AgentA wins,19.67,0,0,0,0,0,0,0,0,0,0
376,AgentA wins,20.00,0,0,0,0,0,0,0,0,0,0
377,AgentA wins,18.00,0,0,0,0,0,0,0,0,0,0
378,AgentA wins,18.00,0,0,0,0,0,0,0,0,0,0
379,AgentA wins,17.00,0,0,0,0,0,0,0,0,0,0
380,AgentA wins,19.67,0,0,0,0,0,0,0,0,0,0
371,AgentA wins,20.00,0,0,0,0,0,0,0,0,0,0
372,AgentA wins,15.00,0,0,0,0,0,0,0,0,0,0
373,AgentA wins,19.67,0,0,0,0,0,0,0,0,0,0
374,AgentA wins,20.00,0,0,0,0,0,0,0,0,0,0
375,AgentA wins,20.00,0,0,0,0,0,0,0,0,0,0
376,AgentA wins,15.00,0,0,0,0,0,0,0,0,0,0
377,AgentA wins,17.00,0,0,0,0,0,0,0,0,0,0
378,AgentA wins,15.00,0,0,0,0,0,0,0,0,0,0
379,AgentA wins,20.00,0,0,0,0,0,0,0,0,0,0
380,AgentA wins,15.00,0,0,0,0,0,0,0,0,0,0
371,AgentA wins,18.00,0,0,0,0,0,0,0,0,0,0
372,AgentA wins,20.00,0,0,0,0,0,0,0,0,0,0
373,AgentA wins,20.00,0,0,0,0,0,0,0,0,0,0
374,AgentA wins,20.00,0,0,0,0,0,0,0,0,0,0
375,AgentA wins,20.00,0,0,0,0,0,0,0,0,0,0
376,AgentA wins,20.00,0,0,0,0,0,0,0,0,0,0
377,AgentA wins,20.00,0,0,0,0,0,0,0,0,0,0
378,AgentA wins,18.00,0,0,0,0,0,0,0,0,0,0
379,AgentA wins,19.67,0,0,0,0,0,0,0,0,0,0
380,AgentA wins,15.00,0,0,0,0,0,0,0,0,0,0
371,AgentA wins,20.00,0,0,0,0,0,0,0,0,0,0
372,AgentA wins,20.00,0,0,0,0,0,0,0,0,0,0
373,AgentA wins,20.00,0,0,0,0,0,0,0,0,0,0
374,AgentA wins,15.00,0,0,0,0,0,0,0,0,0,0
375,AgentA wins,17.00,0,0,0,0,0,0,0,0,0,0
376,AgentA wins,19.67,0,0,0,0,0,0,0,0,0,0
377,AgentA wins,20.00,0,0,0,0,0,0,0,0,0,0
378,AgentA wins,19.67,0,0,0,0,0,0,0,0,0,0
379,AgentA wins,17.00,0,0,0,0,0,0,0,0,0,0
380,AgentA wins,20.00,0,0,0,0,0,0,0,0,0,0
281,AgentA wins,30.33,0,0,0,0,0,0,0,0,0,0
282,AgentA wins,28.67,0,0,0,0,0,0,0,0,0,0
283,AgentA wins,34.33,0,0,0,0,0,0,0,0,0,0
284,AgentA wins,29.67,0,0,0,0,0,0,0,0,0,0
285,AgentA wins,37.33,0,0,0,0,0,0,0,0,0,0
286,AgentA wins,21.00,0,0,0,0,0,0,0,0,0,0
287,AgentA wins,35.67,0,0,0,0,0,0,0,0,0,0
288,AgentA wins,34.33,0,0,0,0,0,0,0,0,0,0
289,AgentA wins,15.00,0,0,0,0,0,0,0,0,0,0
290,AgentA wins,18.00,0,0,0,0,0,0,0,0,0,0
371,AgentA wins,17.00,0,0,0,0,0,0,0,0,0,0
372,AgentA wins,17.00,0,0,0,0,0,0,0,0,0,0
373,AgentA wins,20.00,0,0,0,0,0,0,0,0,0,0
374,AgentA wins,23.33,0,0,0,0,0,0,0,0,0,0
375,AgentA wins,20.00,0,0,0,0,0,0,0,0,0,0
376,AgentA wins,15.00,0,0,0,0,0,0,0,0,0,0
377,AgentA wins,20.00,0,0,0,0,0,0,0,0,0,0
378,AgentA wins,17.00,0,0,0,0,0,0,0,0,0,0
379,AgentA wins,15.00,0,0,0,0,0,0,0,0,0,0
380,AgentA wins,20.00,0,0,0,0,0,0,0,0,0,0
371,AgentA wins,20.00,0,0,0,0,0,0,0,0,0,0
372,AgentA wins,18.00,0,0,0,0,0,0,0,0,0,0
373,AgentA wins,15.00,0,0,0,0,0,0,0,0,0,0
374,AgentA wins,19.67,0,0,0,0,0,0,0,0,0,0
375,AgentA wins,15.00,0,0,0,0,0,0,0,0,0,0
376,AgentA wins,17.00,0,0,0,0,0,0,0,0,0,0
377,AgentA wins,18.00,0,0,0,0,0,0,0,0,0,0
378,AgentA wins,20.00,0,0,0,0,0,0,0,0,0,0
379,AgentA wins,15.00,0,0,0,0,0,0,0,0,0,0
380,AgentA wins,23.33,0,0,0,0,0,0,0,0,0,0
371,AgentA wins,15.00,0,0,0,0,0,0,0,0,0,0
372,AgentA wins,19.67,0,0,0,0,0,0,0,0,0,0
373,AgentA wins,20.00,0,0,0,0,0,0,0,0,0,0
374,AgentA wins,20.00,0,0,0,0,0,0,0,0,0,0
375,AgentA wins,20.00,0,0,0,0,0,0,0,0,0,0
376,AgentA wins,15.00,0,0,0,0,0,0,0,0,0,0
377,AgentA wins,17.00,0,0,0,0,0,0,0,0,0,0
378,AgentA wins,20.00,0,0,0,0,0,0,0,0,0,0
379,AgentA wins,20.00,0,0,0,0,0,0,0,0,0,0
380,AgentA wins,15.00,0,0,0,0,0,0,0,0,0,0
371,AgentA wins,18.00,0,0,0,0,0,0,0,0,0,0
372,AgentA wins,17.00,0,0,0,0,0,0,0,0,0,0
373,AgentA wins,23.33,0,0,0,0,0,0,0,0,0,0
374,AgentA wins,15.00,0,0,0,0,0,0,0,0,0,0
375,AgentA wins,17.00,0,0,0,0,0,0,0,0,0,0
376,AgentA wins,17.00,0,0,0,0,0,0,0,0,0,0
377,AgentA wins,20.00,0,0,0,0,0,0,0,0,0,0
378,AgentA wins,20.00,0,0,0,0,0,0,0,0,0,0
379,AgentA wins,17.00,0,0,0,0,0,0,0,0,0,0
380,AgentA wins,20.00,0,0,0,0,0,0,0,0,0,0
371,AgentA wins,20.00,0,0,0,0,0,0,0,0,0,0
372,AgentA wins,15.00,0,0,0,0,0,0,0,0,0,0
373,AgentA wins,20.00,0,0,0,0,0,0,0,0,0,0
374,AgentA wins,15.00,0,0,0,0,0,0,0,0,0,0
375,AgentA wins,19.67,0,0,0,0,0,0,0,0,0,0
376,AgentA wins,15.00,0,0,0,0,0,0,0,0,0,0
377,AgentA wins,22.33,0,0,0,0,0,0,0,0,0,0
378,AgentA wins,20.00,0,0,0,0,0,0,0,0,0,0
379,AgentA wins,20.00,0,0,0,0,0,0,0,0,0,0
380,AgentA wins,18.00,0,0,0,0,0,0,0,0,0,0
291,AgentA wins,29.33,0,0,0,0,0,0,0,0,0,0
292,AgentA wins,24.00,0,0,0,0,0,0,0,0,0,0
293,AgentA wins,32.33,0,0,0,0,0,0,0,0,0,0
294,AgentA wins,46.67,0,0,0,0,0,0,0,0,0,0
295,AgentA wins,15.00,0,0,0,0,0,0,0,0,0,0
296,AgentA wins,18.00,0,0,0,0,0,0,0,0,0,0
297,AgentA wins,31.33,0,0,0,0,0,0,0,0,0,0
298,AgentA wins,18.00,0,0,0,0,0,0,0,0,0,0
299,AgentB wins,24.00,0,0,0,0,0,0,0,0,0,0
300,AgentA wins,42.67,0,0,0,0,0,0,0,0,0,0
291,AgentA wins,53.00,0,0,0,0,0,0,0,0,0,0
292,AgentA wins,15.00,0,0,0,0,0,0,0,0,0,0
293,AgentA wins,15.00,0,0,0,0,0,0,0,0,0,0
294,timeout draw,60.00,0,0,0,0,0,0,0,0,0,0
295,AgentA wins,18.00,0,0,0,0,0,0,0,0,0,0
296,AgentA wins,18.00,0,0,0,0,0,0,0,0,0,0
297,AgentA wins,18.00,0,0,0,0,0,0,0,0,0,0
298,AgentA wins,27.33,0,0,0,0,0,0,0,0,0,0
299,AgentA wins,18.00,0,0,0,0,0,0,0,0,0,0
300,AgentA wins,18.00,0,0,0,0,0,0,0,0,0,0
281,timeout draw,60.00,0,0,0,0,0,0,0,0,0,0
282,AgentA wins,15.00,0,0,0,0,0,0,0,0,0,0
283,AgentB wins,37.33,0,0,0,0,0,0,0,0,0,0
284,AgentA wins,15.00,0,0,0,0,0,0,0,0,0,0
285,AgentA wins,23.67,0,0,0,0,0,0,0,0,0,0
286,AgentB wins,42.00,0,0,0,0,0,0,0,0,0,0
287,AgentA wins,27.00,0,0,0,0,0,0,0,0,0,0
288,AgentA wins,15.00,0,0,0,0,0,0,0,0,0,0
289,AgentB wins,37.33,0,0,0,0,0,0,0,0,0,0
290,AgentA wins,28.33,0,0,0,0,0,0,0,0,0,0
291,AgentB wins,33.00,0,0,0,0,0,0,0,0,0,0
292,AgentA wins,38.33,0,0,0,0,0,0,0,0,0,0
293,AgentA wins,24.00,0,0,0,0,0,0,0,0,0,0
294,AgentA wins,27.00,0,0,0,0,0,0,0,0,0,0
295,AgentA wins,21.00,0,0,0,0,0,0,0,0,0,0
296,AgentA wins,25.67,0,0,0,0,0,0,0,0,0,0
297,AgentA wins,33.00,0,0,0,0,0,0,0,0,0,0
298,AgentA wins,29.33,0,0,0,0,0,0,0,0,0,0
299,AgentA wins,41.00,0,0,0,0,0,0,0,0,0,0
300,AgentA wins,28.67,0,0,0,0,0,0,0,0,0,0
281,AgentA wins,46.67,0,0,0,0,0,0,0,0,0,0
282,AgentA wins,18.00,0,0,0,0,0,0,0,0,0,0
283,AgentA wins,18.00,0,0,0,0,0,0,0,0,0,0
284,AgentA wins,27.00,0,0,0,0,0,0,0,0,0,0
285,AgentA wins,33.00,0,0,0,0,0,0,0,0,0,0
286,AgentA wins,38.33,0,0,0,0,0,0,0,0,0,0
287,AgentA wins,18.00,0,0,0,0,0,0,0,0,0,0
288,AgentA wins,44.00,0,0,0,0,0,0,0,0,0,0
289,AgentA wins,15.00,0,0,0,0,0,0,0,0,0,0
290,AgentA wins,35.67,0,0,0,0,0,0,0,0,0,0
291,AgentB wins,37.67,0,0,0,0,0,0,0,0,0,0
292,AgentA wins,15.00,0,0,0,0,0,0,0,0,0,0
293,AgentA wins,29.00,0,0,0,0,0,0,0,0,0,0
294,AgentA wins,21.00,0,0,0,0,0,0,0,0,0,0
295,AgentA wins,47.00,0,0,0,0,0,0,0,0,0,0
296,AgentA wins,15.00,0,0,0,0,0,0,0,0,0,0
297,AgentA wins,15.00,0,0,0,0,0,0,0,0,0,0
298,AgentB wins,25.67,0,0,0,0,0,0,0,0,0,0
299,AgentA wins,37.00,0,0,0,0,0,0,0,0,0,0
300,AgentA wins,18.67,0,0,0,0,0,0,0,0,0,0
381,AgentA wins,15.00,0,0,0,0,0,0,0,0,0,0
382,AgentA wins,22.33,0,0,0,0,0,0,0,0,0,0
383,AgentA wins,15.00,0,0,0,0,0,0,0,0,0,0
384,AgentA wins,19.67,0,0,0,0,0,0,0,0,0,0
385,AgentA wins,18.00,0,0,0,0,0,0,0,0,0,0
386,AgentA wins,20.00,0,0,0,0,0,0,0,0,0,0
387,AgentA wins,19.67,0,0,0,0,0,0,0,0,0,0
388,AgentA wins,15.00,0,0,0,0,0,0,0,0,0,0
389,AgentA wins,20.00,0,0,0,0,0,0,0,0,0,0
390,AgentA wins,20.00,0,0,0,0,0,0,0,0,0,0
381,AgentA wins,15.00,0,0,0,0,0,0,0,0,0,0
382,AgentA wins,15.00,0,0,0,0,0,0,0,0,0,0
383,AgentA wins,18.00,0,0,0,0,0,0,0,0,0,0
384,AgentA wins,20.00,0,0,0,0,0,0,0,0,0,0
385,AgentA wins,19.67,0,0,0,0,0,0,0,0,0,0
386,AgentA wins,18.00,0,0,0,0,0,0,0,0,0,0
387,AgentA wins,20.00,0,0,0,0,0,0,0,0,0,0
388,AgentA wins,19.67,0,0,0,0,0,0,0,0,0,0
389,AgentA wins,18.00,0,0,0,0,0,0,0,0,0,0
390,AgentA wins,15.00,0,0,0,0,0,0,0,0,0,0
381,AgentA wins,20.00,0,0,0,0,0,0,0,0,0,0
382,AgentA wins,20.00,0,0,0,0,0,0,0,0,0,0
383,AgentA wins,19.67,0,0,0,0,0,0,0,0,0,0
384,AgentA wins,20.00,0,0,0,0,0,0,0,0,0,0
385,AgentA wins,20.00,0,0,0,0,0,0,0,0,0,0
386,AgentA wins,20.00,0,0,0,0,0,0,0,0,0,0
387,AgentA wins,15.00,0,0,0,0,0,0,0,0,0,0
388,AgentA wins,20.00,0,0,0,0,0,0,0,0,0,0
389,AgentA wins,17.00,0,0,0,0,0,0,0,0,0,0
390,AgentA wins,15.00,0,0,0,0,0,0,0,0,0,0
381,AgentA wins,20.00,0,0,0,0,0,0,0,0,0,0
382,AgentA wins,19.67,0,0,0,0,0,0,0,0,0,0
383,AgentA wins,15.00,0,0,0,0,0,0,0,0,0,0
384,AgentA wins,20.00,0,0,0,0,0,0,0,0,0,0
385,AgentA wins,20.00,0,0,0,0,0,0,0,0,0,0
386,AgentA wins,20.00,0,0,0,0,0,0,0,0,0,0
387,AgentA wins,20.00,0,0,0,0,0,0,0,0,0,0
388,AgentA wins,15.00,0,0,0,0,0,0,0,0,0,0
389,AgentA wins,20.00,0,0,0,0,0,0,0,0,0,0
390,AgentA wins,17.00,0,0,0,0,0,0,0,0,0,0
291,AgentA wins,30.00,0,0,0,0,0,0,0,0,0,0
292,AgentA wins,27.00,0,0,0,0,0,0,0,0,0,0
293,AgentA wins,18.67,0,0,0,0,0,0,0,0,0,0
294,AgentA wins,18.00,0,0,0,0,0,0,0,0,0,0
295,AgentA wins,38.00,0,0,0,0,0,0,0,0,0,0
296,AgentA wins,40.00,0,0,0,0,0,0,0,0,0,0
297,AgentA wins,51.67,0,0,0,0,0,0,0,0,0,0
298,AgentB wins,49.00,0,0,0,0,0,0,0,0,0,0
299,AgentA wins,33.00,0,0,0,0,0,0,0,0,0,0
300,AgentA wins,27.00,0,0,0,0,0,0,0,0,0,0
301,AgentA wins,29.67,266,268,0,166,0,204,0,35,30,66
302,AgentA wins,30.00,270,271,0,152,0,216,0,28,42,59
303,AgentA wins,45.67,412,417,0,247,0,328,0,51,54,95
304,AgentA wins,21.00,189,189,0,115,0,142,0,22,24,46
305,AgentA wins,21.33,190,191,0,115,0,151,0,26,23,52
306,AgentA wins,32.67,294,294,0,169,0,237,0,38,49,59
307,AgentA wins,15.00,134,136,0,80,0,108,0,21,21,38
308,AgentA wins,33.00,297,295,0,177,0,231,0,36,36,79
309,AgentA wins,18.00,161,163,0,107,0,122,0,21,16,42
310,AgentA wins,18.00,162,162,0,94,0,129,0,21,28,34
381,AgentA wins,23.33,0,0,0,0,0,0,0,0,0,0
382,AgentA wins,15.00,0,0,0,0,0,0,0,0,0,0
383,AgentA wins,20.00,0,0,0,0,0,0,0,0,0,0
384,AgentA wins,17.00,0,0,0,0,0,0,0,0,0,0
385,AgentA wins,19.67,0,0,0,0,0,0,0,0,0,0
386,AgentA wins,15.00,0,0,0,0,0,0,0,0,0,0
387,AgentA wins,15.00,0,0,0,0,0,0,0,0,0,0
388,AgentA wins,15.00,0,0,0,0,0,0,0,0,0,0
389,AgentA wins,15.00,0,0,0,0,0,0,0,0,0,0
390,AgentA wins,15.00,0,0,0,0,0,0,0,0,0,0
381,AgentA wins,19.67,0,0,0,0,0,0,0,0,0,0
382,AgentA wins,15.00,0,0,0,0,0,0,0,0,0,0
383,AgentA wins,20.00,0,0,0,0,0,0,0,0,0,0
384,AgentA wins,20.00,0,0,0,0,0,0,0,0,0,0
385,AgentA wins,20.00,0,0,0,0,0,0,0,0,0,0
386,AgentA wins,20.00,0,0,0,0,0,0,0,0,0,0
387,AgentA wins,15.00,0,0,0,0,0,0,0,0,0,0
388,AgentA wins,17.00,0,0,0,0,0,0,0,0,0,0
389,AgentA wins,20.00,0,0,0,0,0,0,0,0,0,0
390,AgentA wins,20.00,0,0,0,0,0,0,0,0,0,0
381,AgentA wins,17.00,0,0,0,0,0,0,0,0,0,0
382,AgentA wins,19.67,0,0,0,0,0,0,0,0,0,0
383,AgentA wins,18.00,0,0,0,0,0,0,0,0,0,0
384,AgentA wins,17.00,0,0,0,0,0,0,0,0,0,0
385,AgentA wins,18.00,0,0,0,0,0,0,0,0,0,0
386,AgentA wins,17.00,0,0,0,0,0,0,0,0,0,0
387,AgentA wins,20.00,0,0,0,0,0,0,0,0,0,0
388,AgentA wins,20.00,0,0,0,0,0,0,0,0,0,0
389,AgentA wins,19.67,0,0,0,0,0,0,0,0,0,0
390,AgentA wins,18.00,0,0,0,0,0,0,0,0,0,0
381,AgentA wins,17.00,0,0,0,0,0,0,0,0,0,0
382,AgentA wins,20.00,0,0,0,0,0,0,0,0,0,0
383,AgentA wins,20.00,0,0,0,0,0,0,0,0,0,0
384,AgentA wins,19.67,0,0,0,0,0,0,0,0,0,0
385,AgentA wins,20.00,0,0,0,0,0,0,0,0,0,0
386,AgentA wins,15.00,0,0,0,0,0,0,0,0,0,0
387,AgentA wins,20.00,0,0,0,0,0,0,0,0,0,0
388,AgentA wins,20.00,0,0,0,0,0,0,0,0,0,0
389,AgentA wins,20.00,0,0,0,0,0,0,0,0,0,0
390,AgentA wins,20.00,0,0,0,0,0,0,0,0,0,0
381,AgentA wins,18.00,0,0,0,0,0,0,0,0,0,0
382,AgentA wins,20.00,0,0,0,0,0,0,0,0,0,0
383,AgentA wins,15.00,0,0,0,0,0,0,0,0,0,0
384,AgentA wins,20.00,0,0,0,0,0,0,0,0,0,0
385,AgentA wins,15.00,0,0,0,0,0,0,0,0,0,0
386,AgentA wins,20.00,0,0,0,0,0,0,0,0,0,0
387,AgentA wins,15.00,0,0,0,0,0,0,0,0,0,0
388,AgentA wins,23.33,0,0,0,0,0,0,0,0,0,0
389,AgentA wins,20.00,0,0,0,0,0,0,0,0,0,0
390,AgentA wins,20.00,0,0,0,0,0,0,0,0,0,0
381,AgentA wins,19.67,0,0,0,0,0,0,0,0,0,0
382,AgentA wins,20.00,0,0,0,0,0,0,0,0,0,0
383,AgentA wins,15.00,0,0,0,0,0,0,0,0,0,0
384,AgentA wins,20.00,0,0,0,0,0,0,0,0,0,0
385,AgentA wins,23.33,0,0,0,0,0,0,0,0,0,0
386,AgentA wins,15.00,0,0,0,0,0,0,0,0,0,0
387,AgentA wins,20.00,0,0,0,0,0,0,0,0,0,0
388,AgentA wins,15.00,0,0,0,0,0,0,0,0,0,0
389,AgentB wins,24.67,0,0,0,0,0,0,0,0,0,0
390,AgentA wins,20.00,0,0,0,0,0,0,0,0,0,0
381,AgentA wins,18.00,0,0,0,0,0,0,0,0,0,0
382,AgentA wins,18.00,0,0,0,0,0,0,0,0,0,0
383,AgentA wins,20.00,0,0,0,0,0,0,0,0,0,0
384,AgentA wins,15.00,0,0,0,0,0,0,0,0,0,0
385,AgentA wins,23.33,0,0,0,0,0,0,0,0,0,0
386,AgentA wins,15.00,0,0,0,0,0,0,0,0,0,0
387,AgentA wins,15.00,0,0,0,0,0,0,0,0,0,0
388,AgentA wins,20.00,0,0,0,0,0,0,0,0,0,0
389,AgentA wins,19.67,0,0,0,0,0,0,0,0,0,0
390,AgentA wins,20.00,0,0,0,0,0,0,0,0,0,0
381,AgentA wins,23.33,0,0,0,0,0,0,0,0,0,0
382,AgentA wins,20.00,0,0,0,0,0,0,0,0,0,0
383,AgentA wins,19.67,0,0,0,0,0,0,0,0,0,0
384,AgentA wins,18.00,0,0,0,0,0,0,0,0,0,0
385,AgentA wins,15.00,0,0,0,0,0,0,0,0,0,0
386,AgentA wins,15.00,0,0,0,0,0,0,0,0,0,0
387,AgentA wins,15.00,0,0,0,0,0,0,0,0,0,0
388,AgentA wins,20.00,0,0,0,0,0,0,0,0,0,0
389,AgentA wins,19.67,0,0,0,0,0,0,0,0,0,0
390,AgentA wins,20.00,0,0,0,0,0,0,0,0,0,0
381,AgentA wins,15.00,0,0,0,0,0,0,0,0,0,0
382,AgentA wins,19.67,0,0,0,0,0,0,0,0,0,0
383,AgentA wins,20.00,0,0,0,0,0,0,0,0,0,0
384,AgentA wins,20.00,0,0,0,0,0,0,0,0,0,0
385,AgentA wins,20.00,0,0,0,0,0,0,0,0,0,0
386,AgentA wins,15.00,0,0,0,0,0,0,0,0,0,0
387,AgentA wins,17.00,0,0,0,0,0,0,0,0,0,0
388,AgentA wins,19.67,0,0,0,0,0,0,0,0,0,0
389,AgentA wins,20.00,0,0,0,0,0,0,0,0,0,0
390,AgentA wins,20.00,0,0,0,0,0,0,0,0,0,0
381,AgentA wins,18.00,0,0,0,0,0,0,0,0,0,0
382,AgentA wins,15.00,0,0,0,0,0,0,0,0,0,0
383,AgentA wins,23.33,0,0,0,0,0,0,0,0,0,0
384,AgentA wins,17.00,0,0,0,0,0,0,0,0,0,0
385,AgentA wins,20.00,0,0,0,0,0,0,0,0,0,0
386,AgentA wins,19.67,0,0,0,0,0,0,0,0,0,0
387,AgentA wins,20.00,0,0,0,0,0,0,0,0,0,0
388,AgentA wins,17.00,0,0,0,0,0,0,0,0,0,0
389,AgentA wins,15.00,0,0,0,0,0,0,0,0,0,0
390,AgentA wins,20.00,0,0,0,0,0,0,0,0,0,0
381,AgentA wins,17.00,0,0,0,0,0,0,0,0,0,0
382,AgentA wins,20.00,0,0,0,0,0,0,0,0,0,0
383,AgentA wins,20.00,0,0,0,0,0,0,0,0,0,0
384,AgentA wins,20.00,0,0,0,0,0,0,0,0,0,0
385,AgentA wins,20.00,0,0,0,0,0,0,0,0,0,0
386,AgentA wins,20.00,0,0,0,0,0,0,0,0,0,0
387,AgentA wins,17.00,0,0,0,0,0,0,0,0,0,0
388,AgentA wins,20.00,0,0,0,0,0,0,0,0,0,0
389,AgentA wins,20.00,0,0,0,0,0,0,0,0,0,0
390,AgentA wins,19.67,0,0,0,0,0,0,0,0,0,0
291,AgentA wins,18.00,0,0,0,0,0,0,0,0,0,0
292,AgentA wins,15.00,0,0,0,0,0,0,0,0,0,0
293,AgentB wins,27.67,0,0,0,0,0,0,0,0,0,0
294,AgentA wins,25.67,0,0,0,0,0,0,0,0,0,0
295,AgentA wins,30.00,0,0,0,0,0,0,0,0,0,0
296,AgentA wins,15.00,0,0,0,0,0,0,0,0,0,0
297,AgentA wins,27.00,0,0,0,0,0,0,0,0,0,0
298,AgentA wins,15.00,0,0,0,0,0,0,0,0,0,0
299,AgentA wins,31.00,0,0,0,0,0,0,0,0,0,0
300,AgentA wins,15.00,0,0,0,0,0,0,0,0,0,0
291,AgentA wins,15.00,0,0,0,0,0,0,0,0,0,0
292,AgentB wins,30.33,0,0,0,0,0,0,0,0,0,0
293,AgentA wins,48.00,0,0,0,0,0,0,0,0,0,0
294,AgentB wins,53.33,0,0,0,0,0,0,0,0,0,0
295,AgentA wins,34.67,0,0,0,0,0,0,0,0,0,0
296,AgentA wins,46.00,0,0,0,0,0,0,0,0,0,0
297,AgentA wins,35.67,0,0,0,0,0,0,0,0,0,0
298,AgentA wins,15.00,0,0,0,0,0,0,0,0,0,0
299,AgentA wins,33.67,0,0,0,0,0,0,0,0,0,0
300,AgentA wins,29.67,0,0,0,0,0,0,0,0,0,0
391,AgentA wins,15.00,0,0,0,0,0,0,0,0,0,0
392,AgentA wins,15.00,0,0,0,0,0,0,0,0,0,0
393,AgentA wins,17.00,0,0,0,0,0,0,0,0,0,0
394,AgentA wins,15.00,0,0,0,0,0,0,0,0,0,0
395,AgentA wins,15.00,0,0,0,0,0,0,0,0,0,0
396,AgentA wins,20.00,0,0,0,0,0,0,0,0,0,0
397,AgentA wins,17.00,0,0,0,0,0,0,0,0,0,0
398,AgentA wins,19.67,0,0,0,0,0,0,0,0,0,0
391,AgentA wins,18.00,0,0,0,0,0,0,0,0,0,0
392,AgentA wins,15.00,0,0,0,0,0,0,0,0,0,0
393,AgentA wins,19.67,0,0,0,0,0,0,0,0,0,0
394,AgentA wins,17.00,0,0,0,0,0,0,0,0,0,0
395,AgentA wins,18.00,0,0,0,0,0,0,0,0,0,0
391,AgentA wins,15.00,0,0,0,0,0,0,0,0,0,0
392,AgentA wins,17.00,0,0,0,0,0,0,0,0,0,0
393,AgentA wins,15.00,0,0,0,0,0,0,0,0,0,0
394,AgentA wins,18.00,0,0,0,0,0,0,0,0,0,0
395,AgentA wins,15.00,0,0,0,0,0,0,0,0,0,0
291,AgentA wins,28.00,0,0,0,0,0,0,0,0,0,0
292,AgentA wins,15.00,0,0,0,0,0,0,0,0,0,0
293,AgentA wins,15.00,0,0,0,0,0,0,0,0,0,0
294,AgentA wins,15.00,0,0,0,0,0,0,0,0,0,0
295,AgentA wins,30.00,0,0,0,0,0,0,0,0,0,0
296,AgentA wins,18.00,0,0,0,0,0,0,0,0,0,0
297,timeout draw,60.00,0,0,0,0,0,0,0,0,0,0
298,AgentA wins,18.00,0,0,0,0,0,0,0,0,0,0
391,AgentA wins,15.00,0,0,0,0,0,0,0,0,0,0
392,AgentA wins,20.00,0,0,0,0,0,0,0,0,0,0
393,AgentA wins,15.00,0,0,0,0,0,0,0,0,0,0
394,AgentA wins,23.33,0,0,0,0,0,0,0,0,0,0
395,AgentA wins,18.00,0,0,0,0,0,0,0,0,0,0
396,AgentA wins,19.67,0,0,0,0,0,0,0,0,0,0
397,AgentA wins,20.00,0,0,0,0,0,0,0,0,0,0
398,AgentA wins,19.67,0,0,0,0,0,0,0,0,0,0
391,AgentA wins,15.00,0,0,0,0,0,0,0,0,0,0
392,AgentA wins,20.00,0,0,0,0,0,0,0,0,0,0
393,AgentA wins,15.00,0,0,0,0,0,0,0,0,0,0
394,AgentA wins,18.00,0,0,0,0,0,0,0,0,0,0
395,AgentA wins,18.00,0,0,0,0,0,0,0,0,0,0
396,AgentA wins,20.00,0,0,0,0,0,0,0,0,0,0
397,AgentA wins,15.00,0,0,0,0,0,0,0,0,0,0
391,AgentA wins,17.00,0,0,0,0,0,0,0,0,0,0
392,AgentA wins,23.33,0,0,0,0,0,0,0,0,0,0
393,AgentA wins,20.00,0,0,0,0,0,0,0,0,0,0
394,AgentA wins,15.00,0,0,0,0,0,0,0,0,0,0
395,AgentA wins,25.00,0,0,0,0,0,0,0,0,0,0
391,AgentA wins,20.00,0,0,0,0,0,0,0,0,0,0
392,AgentA wins,19.67,0,0,0,0,0,0,0,0,0,0
393,AgentA wins,23.33,0,0,0,0,0,0,0,0,0,0
394,AgentA wins,20.00,0,0,0,0,0,0,0,0,0,0
395,AgentA wins,15.00,0,0,0,0,0,0,0,0,0,0
301,AgentB wins,31.33,0,0,0,0,0,0,0,0,0,0
302,AgentA wins,40.33,0,0,0,0,0,0,0,0,0,0
303,AgentA wins,18.00,0,0,0,0,0,0,0,0,0,0
304,AgentB wins,31.33,0,0,0,0,0,0,0,0,0,0
305,AgentA wins,33.00,0,0,0,0,0,0,0,0,0,0
306,AgentA wins,18.00,0,0,0,0,0,0,0,0,0,0
307,AgentA wins,35.33,0,0,0,0,0,0,0,0,0,0
308,AgentA wins,21.33,0,0,0,0,0,0,0,0,0,0
309,AgentA wins,27.33,0,0,0,0,0,0,0,0,0,0
301,AgentA wins,18.00,0,0,0,0,0,0,0,0,0,0
302,AgentA wins,15.00,0,0,0,0,0,0,0,0,0,0
303,AgentA wins,26.67,0,0,0,0,0,0,0,0,0,0
304,AgentB wins,51.00,0,0,0,0,0,0,0,0,0,0
305,AgentA wins,26.00,0,0,0,0,0,0,0,0,0,0
306,AgentA wins,26.00,0,0,0,0,0,0,0,0,0,0
307,AgentA wins,27.00,0,0,0,0,0,0,0,0,0,0
308,AgentA wins,15.00,0,0,0,0,0,0,0,0,0,0
309,AgentA wins,29.33,0,0,0,0,0,0,0,0,0,0
311,AgentA wins,15.00,139,133,0,75,0,106,0,18,18,33
312,AgentA wins,27.00,245,241,0,141,0,197,0,37,31,55
313,AgentA wins,15.00,134,135,0,84,0,105,0,15,11,41
314,AgentA wins,32.67,295,300,0,179,0,227,0,39,39,72
315,AgentA wins,21.00,188,187,0,106,0,151,0,22,28,29
316,AgentA wins,18.67,169,168,0,100,0,133,0,23,24,43
301,AgentB wins,31.67,0,0,0,0,0,0,0,0,0,0
302,AgentA wins,32.33,0,0,0,0,0,0,0,0,0,0
391,AgentA wins,20.00,0,0,0,0,0,0,0,0,0,0
392,AgentA wins,20.00,0,0,0,0,0,0,0,0,0,0
393,AgentA wins,15.00,0,0,0,0,0,0,0,0,0,0
394,AgentA wins,15.00,0,0,0,0,0,0,0,0,0,0
395,AgentA wins,23.33,0,0,0,0,0,0,0,0,0,0
396,AgentA wins,18.00,0,0,0,0,0,0,0,0,0,0
397,AgentA wins,22.33,0,0,0,0,0,0,0,0,0,0
398,AgentA wins,20.00,0,0,0,0,0,0,0,0,0,0
391,AgentA wins,15.00,0,0,0,0,0,0,0,0,0,0
392,AgentA wins,20.00,0,0,0,0,0,0,0,0,0,0
393,AgentA wins,20.00,0,0,0,0,0,0,0,0,0,0
394,AgentA wins,17.00,0,0,0,0,0,0,0,0,0,0
395,AgentA wins,20.00,0,0,0,0,0,0,0,0,0,0
396,AgentA wins,15.00,0,0,0,0,0,0,0,0,0,0
391,AgentA wins,20.00,0,0,0,0,0,0,0,0,0,0
392,AgentA wins,25.00,0,0,0,0,0,0,0,0,0,0
393,AgentA wins,20.00,0,0,0,0,0,0,0,0,0,0
301,AgentA wins,40.00,0,0,0,0,0,0,0,0,0,0
302,AgentA wins,30.00,0,0,0,0,0,0,0,0,0,0
303,AgentA wins,35.67,0,0,0,0,0,0,0,0,0,0
304,AgentB wins,28.00,0,0,0,0,0,0,0,0,0,0
305,AgentA wins,24.00,0,0,0,0,0,0,0,0,0,0
306,AgentA wins,18.00,0,0,0,0,0,0,0,0,0,0
391,AgentA wins,19.67,0,0,0,0,0,0,0,0,0,0
392,AgentA wins,15.00,0,0,0,0,0,0,0,0,0,0
393,AgentA wins,20.00,0,0,0,0,0,0,0,0,0,0
394,AgentA wins,18.00,0,0,0,0,0,0,0,0,0,0
391,AgentA wins,19.67,0,0,0,0,0,0,0,0,0,0
392,AgentA wins,20.00,0,0,0,0,0,0,0,0,0,0
393,AgentA wins,17.00,0,0,0,0,0,0,0,0,0,0
394,AgentA wins,20.00,0,0,0,0,0,0,0,0,0,0
395,AgentA wins,18.00,0,0,0,0,0,0,0,0,0,0
396,AgentA wins,22.33,0,0,0,0,0,0,0,0,0,0
291,AgentA wins,31.33,0,0,0,0,0,0,0,0,0,0
292,AgentA wins,18.00,0,0,0,0,0,0,0,0,0,0
293,AgentA wins,24.00,0,0,0,0,0,0,0,0,0,0
294,AgentB wins,55.67,0,0,0,0,0,0,0,0,0,0
295,AgentA wins,24.00,0,0,0,0,0,0,0,0,0,0
296,AgentA wins,15.00,0,0,0,0,0,0,0,0,0,0
297,AgentA wins,23.67,0,0,0,0,0,0,0,0,0,0
298,AgentA wins,35.33,0,0,0,0,0,0,0,0,0,0
391,AgentA wins,15.00,0,0,0,0,0,0,0,0,0,0
392,AgentA wins,19.67,0,0,0,0,0,0,0,0,0,0
393,AgentA wins,20.00,0,0,0,0,0,0,0,0,0,0
394,AgentA wins,20.00,0,0,0,0,0,0,0,0,0,0
395,AgentA wins,19.67,0,0,0,0,0,0,0,0,0,0
301,AgentA wins,26.00,0,0,0,0,0,0,0,0,0,0
302,AgentA wins,15.00,0,0,0,0,0,0,0,0,0,0
303,AgentA wins,39.67,0,0,0,0,0,0,0,0,0,0
304,AgentA wins,15.00,0,0,0,0,0,0,0,0,0,0
305,AgentA wins,37.67,0,0,0,0,0,0,0,0,0,0
301,AgentA wins,25.67,0,0,0,0,0,0,0,0,0,0
302,AgentB wins,42.00,0,0,0,0,0,0,0,0,0,0
303,AgentB wins,42.67,0,0,0,0,0,0,0,0,0,0
304,AgentA wins,24.00,0,0,0,0,0,0,0,0,0,0
305,AgentA wins,18.00,0,0,0,0,0,0,0,0,0,0
306,AgentA wins,15.00,0,0,0,0,0,0,0,0,0,0
307,AgentA wins,24.00,0,0,0,0,0,0,0,0,0,0
391,AgentA wins,17.00,0,0,0,0,0,0,0,0,0,0
392,AgentA wins,20.00,0,0,0,0,0,0,0,0,0,0
393,AgentA wins,17.00,0,0,0,0,0,0,0,0,0,0
394,AgentA wins,20.00,0,0,0,0,0,0,0,0,0,0
395,AgentA wins,19.67,0,0,0,0,0,0,0,0,0,0
396,AgentA wins,15.00,0,0,0,0,0,0,0,0,0,0
397,AgentA wins,19.67,0,0,0,0,0,0,0,0,0,0
398,AgentA wins,20.00,0,0,0,0,0,0,0,0,0,0
391,AgentA wins,20.00,0,0,0,0,0,0,0,0,0,0
392,AgentA wins,20.00,0,0,0,0,0,0,0,0,0,0
393,AgentA wins,20.00,0,0,0,0,0,0,0,0,0,0
394,AgentA wins,20.00,0,0,0,0,0,0,0,0,0,0
395,AgentA wins,15.00,0,0,0,0,0,0,0,0,0,0
