Episode,Result,Duration,A_Attack,A_Block,A_Dodge,A_Hit,A_Blocked,B_Attack,B_Block,B_Dodge,B_Hit,B_Blocked
1,AgentA wins,16.67,0,0,0,0,0,0,0,0,0,0
2,AgentA wins,15.00,0,0,0,0,0,0,0,0,0,0
3,AgentA wins,18.00,0,0,0,0,0,0,0,0,0,0
4,AgentA wins,15.00,0,0,0,0,0,0,0,0,0,0
5,AgentA wins,20.00,0,0,0,0,0,0,0,0,0,0
6,AgentA wins,15.00,0,0,0,0,0,0,0,0,0,0
7,AgentA wins,15.00,0,0,0,0,0,0,0,0,0,0
8,AgentA wins,18.00,0,0,0,0,0,0,0,0,0,0
9,AgentA wins,18.00,0,0,0,0,0,0,0,0,0,0
10,AgentA wins,20.00,0,0,0,0,0,0,0,0,0,0
1,AgentA wins,14.67,0,0,0,0,0,0,0,0,0,0
2,AgentA wins,15.00,0,0,0,0,0,0,0,0,0,0
3,AgentA wins,15.00,0,0,0,0,0,0,0,0,0,0
4,AgentA wins,25.00,0,0,0,0,0,0,0,0,0,0
5,AgentA wins,18.00,0,0,0,0,0,0,0,0,0,0
6,AgentA wins,15.00,0,0,0,0,0,0,0,0,0,0
7,AgentA wins,15.00,0,0,0,0,0,0,0,0,0,0
8,AgentA wins,15.00,0,0,0,0,0,0,0,0,0,0
9,AgentA wins,19.67,0,0,0,0,0,0,0,0,0,0
10,AgentA wins,20.00,0,0,0,0,0,0,0,0,0,0
1,AgentA wins,14.67,0,0,0,0,0,0,0,0,0,0
2,AgentA wins,15.00,0,0,0,0,0,0,0,0,0,0
3,AgentA wins,22.33,0,0,0,0,0,0,0,0,0,0
4,AgentA wins,15.00,0,0,0,0,0,0,0,0,0,0
5,AgentA wins,15.00,0,0,0,0,0,0,0,0,0,0
6,AgentA wins,20.00,0,0,0,0,0,0,0,0,0,0
7,AgentA wins,15.00,0,0,0,0,0,0,0,0,0,0
8,AgentA wins,18.00,0,0,0,0,0,0,0,0,0,0
9,AgentA wins,20.00,0,0,0,0,0,0,0,0,0,0
10,AgentA wins,20.00,0,0,0,0,0,0,0,0,0,0
1,AgentA wins,14.67,0,0,0,0,0,0,0,0,0,0
2,AgentA wins,18.00,0,0,0,0,0,0,0,0,0,0
3,AgentA wins,19.67,0,0,0,0,0,0,0,0,0,0
4,AgentA wins,15.00,0,0,0,0,0,0,0,0,0,0
5,AgentA wins,15.00,0,0,0,0,0,0,0,0,0,0
6,AgentA wins,19.67,0,0,0,0,0,0,0,0,0,0
7,AgentA wins,19.67,0,0,0,0,0,0,0,0,0,0
8,AgentA wins,15.00,0,0,0,0,0,0,0,0,0,0
9,AgentA wins,20.00,0,0,0,0,0,0,0,0,0,0
10,AgentA wins,20.00,0,0,0,0,0,0,0,0,0,0
1,AgentA wins,19.67,0,0,0,0,0,0,0,0,0,0
2,AgentA wins,20.00,0,0,0,0,0,0,0,0,0,0
3,AgentA wins,17.00,0,0,0,0,0,0,0,0,0,0
4,AgentA wins,15.00,0,0,0,0,0,0,0,0,0,0
5,AgentA wins,20.00,0,0,0,0,0,0,0,0,0,0
6,AgentA wins,18.00,0,0,0,0,0,0,0,0,0,0
7,AgentA wins,15.00,0,0,0,0,0,0,0,0,0,0
8,AgentA wins,20.00,0,0,0,0,0,0,0,0,0,0
9,AgentA wins,15.00,0,0,0,0,0,0,0,0,0,0
10,AgentA wins,18.00,0,0,0,0,0,0,0,0,0,0
1,AgentA wins,19.33,0,0,0,0,0,0,0,0,0,0
2,AgentA wins,17.00,0,0,0,0,0,0,0,0,0,0
3,AgentA wins,17.00,0,0,0,0,0,0,0,0,0,0
4,AgentA wins,20.00,0,0,0,0,0,0,0,0,0,0
5,AgentA wins,15.00,0,0,0,0,0,0,0,0,0,0
6,AgentA wins,20.00,0,0,0,0,0,0,0,0,0,0
7,AgentA wins,18.00,0,0,0,0,0,0,0,0,0,0
8,AgentA wins,15.00,0,0,0,0,0,0,0,0,0,0
9,AgentA wins,18.00,0,0,0,0,0,0,0,0,0,0
10,AgentA wins,19.67,0,0,0,0,0,0,0,0,0,0
1,AgentA wins,19.67,0,0,0,0,0,0,0,0,0,0
2,AgentA wins,15.00,0,0,0,0,0,0,0,0,0,0
3,AgentA wins,15.00,0,0,0,0,0,0,0,0,0,0
4,AgentA wins,19.67,0,0,0,0,0,0,0,0,0,0
5,AgentA wins,23.33,0,0,0,0,0,0,0,0,0,0
6,AgentA wins,19.67,0,0,0,0,0,0,0,0,0,0
7,AgentA wins,15.00,0,0,0,0,0,0,0,0,0,0
8,AgentA wins,15.00,0,0,0,0,0,0,0,0,0,0
9,AgentA wins,20.00,0,0,0,0,0,0,0,0,0,0
10,AgentA wins,20.00,0,0,0,0,0,0,0,0,0,0
1,AgentA wins,14.67,0,0,0,0,0,0,0,0,0,0
2,AgentA wins,15.00,0,0,0,0,0,0,0,0,0,0
3,AgentA wins,20.00,0,0,0,0,0,0,0,0,0,0
4,AgentA wins,20.00,0,0,0,0,0,0,0,0,0,0
5,AgentA wins,20.00,0,0,0,0,0,0,0,0,0,0
6,AgentA wins,22.33,0,0,0,0,0,0,0,0,0,0
7,AgentA wins,20.00,0,0,0,0,0,0,0,0,0,0
8,AgentA wins,18.00,0,0,0,0,0,0,0,0,0,0
9,AgentA wins,17.00,0,0,0,0,0,0,0,0,0,0
10,AgentA wins,20.00,0,0,0,0,0,0,0,0,0,0
1,AgentA wins,14.67,0,0,0,0,0,0,0,0,0,0
2,AgentA wins,20.00,0,0,0,0,0,0,0,0,0,0
3,AgentA wins,20.00,0,0,0,0,0,0,0,0,0,0
4,AgentA wins,20.00,0,0,0,0,0,0,0,0,0,0
5,AgentA wins,22.33,0,0,0,0,0,0,0,0,0,0
6,AgentA wins,20.00,0,0,0,0,0,0,0,0,0,0
7,AgentA wins,19.67,0,0,0,0,0,0,0,0,0,0
8,AgentA wins,18.00,0,0,0,0,0,0,0,0,0,0
9,AgentA wins,15.00,0,0,0,0,0,0,0,0,0,0
10,AgentA wins,18.00,0,0,0,0,0,0,0,0,0,0
1,AgentA wins,19.67,0,0,0,0,0,0,0,0,0,0
2,AgentA wins,19.67,0,0,0,0,0,0,0,0,0,0
3,AgentA wins,20.00,0,0,0,0,0,0,0,0,0,0
4,AgentA wins,18.00,0,0,0,0,0,0,0,0,0,0
5,AgentA wins,20.00,0,0,0,0,0,0,0,0,0,0
6,AgentA wins,15.00,0,0,0,0,0,0,0,0,0,0
7,AgentA wins,20.00,0,0,0,0,0,0,0,0,0,0
8,AgentA wins,20.00,0,0,0,0,0,0,0,0,0,0
9,AgentA wins,20.00,0,0,0,0,0,0,0,0,0,0
10,AgentA wins,18.00,0,0,0,0,0,0,0,0,0,0
1,AgentA wins,16.67,0,0,0,0,0,0,0,0,0,0
2,AgentA wins,23.33,0,0,0,0,0,0,0,0,0,0
3,AgentA wins,20.00,0,0,0,0,0,0,0,0,0,0
4,AgentA wins,20.00,0,0,0,0,0,0,0,0,0,0
5,AgentA wins,20.00,0,0,0,0,0,0,0,0,0,0
6,AgentA wins,20.00,0,0,0,0,0,0,0,0,0,0
7,AgentA wins,20.00,0,0,0,0,0,0,0,0,0,0
8,AgentA wins,20.00,0,0,0,0,0,0,0,0,0,0
9,AgentA wins,15.00,0,0,0,0,0,0,0,0,0,0
10,AgentA wins,18.00,0,0,0,0,0,0,0,0,0,0
1,AgentA wins,19.67,0,0,0,0,0,0,0,0,0,0
2,AgentA wins,20.00,0,0,0,0,0,0,0,0,0,0
3,AgentA wins,19.67,0,0,0,0,0,0,0,0,0,0
4,AgentA wins,20.00,0,0,0,0,0,0,0,0,0,0
5,AgentA wins,15.00,0,0,0,0,0,0,0,0,0,0
6,AgentA wins,20.00,0,0,0,0,0,0,0,0,0,0
7,AgentA wins,20.00,0,0,0,0,0,0,0,0,0,0
8,AgentA wins,19.67,0,0,0,0,0,0,0,0,0,0
9,AgentA wins,19.67,0,0,0,0,0,0,0,0,0,0
10,AgentA wins,20.00,0,0,0,0,0,0,0,0,0,0
1,AgentA wins,19.67,0,0,0,0,0,0,0,0,0,0
2,AgentA wins,19.67,0,0,0,0,0,0,0,0,0,0
3,AgentA wins,20.00,0,0,0,0,0,0,0,0,0,0
4,AgentA wins,23.33,0,0,0,0,0,0,0,0,0,0
5,AgentA wins,18.00,0,0,0,0,0,0,0,0,0,0
6,AgentA wins,19.67,0,0,0,0,0,0,0,0,0,0
7,AgentA wins,19.67,0,0,0,0,0,0,0,0,0,0
8,AgentA wins,19.67,0,0,0,0,0,0,0,0,0,0
9,AgentA wins,15.00,0,0,0,0,0,0,0,0,0,0
10,AgentA wins,20.00,0,0,0,0,0,0,0,0,0,0
1,AgentA wins,19.67,0,0,0,0,0,0,0,0,0,0
2,AgentA wins,22.33,0,0,0,0,0,0,0,0,0,0
3,AgentA wins,18.00,0,0,0,0,0,0,0,0,0,0
4,AgentA wins,15.00,0,0,0,0,0,0,0,0,0,0
5,AgentA wins,20.00,0,0,0,0,0,0,0,0,0,0
6,AgentA wins,20.00,0,0,0,0,0,0,0,0,0,0
7,AgentA wins,20.00,0,0,0,0,0,0,0,0,0,0
8,AgentA wins,17.00,0,0,0,0,0,0,0,0,0,0
9,AgentA wins,23.33,0,0,0,0,0,0,0,0,0,0
10,AgentA wins,20.00,0,0,0,0,0,0,0,0,0,0
1,AgentA wins,19.33,0,0,0,0,0,0,0,0,0,0
2,AgentA wins,19.67,0,0,0,0,0,0,0,0,0,0
3,AgentA wins,20.00,0,0,0,0,0,0,0,0,0,0
4,AgentB wins,24.67,0,0,0,0,0,0,0,0,0,0
5,AgentA wins,20.00,0,0,0,0,0,0,0,0,0,0
6,AgentA wins,20.00,0,0,0,0,0,0,0,0,0,0
7,AgentA wins,20.00,0,0,0,0,0,0,0,0,0,0
8,AgentA wins,17.00,0,0,0,0,0,0,0,0,0,0
9,AgentA wins,20.00,0,0,0,0,0,0,0,0,0,0
10,AgentA wins,20.00,0,0,0,0,0,0,0,0,0,0
1,AgentA wins,32.67,0,0,0,0,0,0,0,0,0,0
2,AgentA wins,38.00,0,0,0,0,0,0,0,0,0,0
3,AgentA wins,15.00,0,0,0,0,0,0,0,0,0,0
4,AgentA wins,26.67,0,0,0,0,0,0,0,0,0,0
5,AgentA wins,18.00,0,0,0,0,0,0,0,0,0,0
6,AgentA wins,15.00,0,0,0,0,0,0,0,0,0,0
7,AgentA wins,27.00,0,0,0,0,0,0,0,0,0,0
8,AgentA wins,24.00,0,0,0,0,0,0,0,0,0,0
9,AgentA wins,15.00,0,0,0,0,0,0,0,0,0,0
10,AgentA wins,15.00,0,0,0,0,0,0,0,0,0,0
1,AgentA wins,44.00,394,407,0,231,0,304,0,44,50,87
2,AgentA wins,18.00,157,162,0,98,0,134,0,21,25,32
3,AgentB wins,33.67,300,302,0,182,0,235,0,46,45,82
4,AgentA wins,18.00,158,165,0,103,0,121,0,22,20,37
5,AgentA wins,15.00,132,139,0,80,0,99,0,16,13,39
6,AgentA wins,15.00,135,136,0,86,0,100,0,20,11,37
7,AgentA wins,15.00,135,136,0,79,0,109,0,15,19,32
8,AgentA wins,18.00,159,160,0,99,0,130,0,18,21,45
9,AgentA wins,18.00,161,159,0,99,0,131,0,22,20,53
10,AgentA wins,36.00,324,324,0,193,0,255,0,36,46,65
1,AgentA wins,14.67,0,0,0,0,0,0,0,0,0,0
2,AgentA wins,18.00,0,0,0,0,0,0,0,0,0,0
3,AgentA wins,31.33,0,0,0,0,0,0,0,0,0,0
4,AgentB wins,30.00,0,0,0,0,0,0,0,0,0,0
5,AgentA wins,15.00,0,0,0,0,0,0,0,0,0,0
6,AgentA wins,31.67,0,0,0,0,0,0,0,0,0,0
7,AgentB wins,33.67,0,0,0,0,0,0,0,0,0,0
8,AgentA wins,15.00,0,0,0,0,0,0,0,0,0,0
9,AgentB wins,25.33,0,0,0,0,0,0,0,0,0,0
10,AgentA wins,43.67,0,0,0,0,0,0,0,0,0,0
1,AgentA wins,23.67,0,0,0,0,0,0,0,0,0,0
2,AgentA wins,33.00,0,0,0,0,0,0,0,0,0,0
3,AgentA wins,43.67,0,0,0,0,0,0,0,0,0,0
4,AgentA wins,15.00,0,0,0,0,0,0,0,0,0,0
5,AgentA wins,18.00,0,0,0,0,0,0,0,0,0,0
6,AgentA wins,24.00,0,0,0,0,0,0,0,0,0,0
7,AgentA wins,31.33,0,0,0,0,0,0,0,0,0,0
8,AgentA wins,15.00,0,0,0,0,0,0,0,0,0,0
9,AgentA wins,40.67,0,0,0,0,0,0,0,0,0,0
10,AgentA wins,18.00,0,0,0,0,0,0,0,0,0,0
1,AgentA wins,29.33,0,0,0,0,0,0,0,0,0,0
2,AgentA wins,32.67,0,0,0,0,0,0,0,0,0,0
3,AgentA wins,18.00,0,0,0,0,0,0,0,0,0,0
4,AgentA wins,15.00,0,0,0,0,0,0,0,0,0,0
5,AgentA wins,18.00,0,0,0,0,0,0,0,0,0,0
6,AgentA wins,42.00,0,0,0,0,0,0,0,0,0,0
7,AgentA wins,39.00,0,0,0,0,0,0,0,0,0,0
8,AgentA wins,24.00,0,0,0,0,0,0,0,0,0,0
9,AgentA wins,18.33,0,0,0,0,0,0,0,0,0,0
10,AgentA wins,38.00,0,0,0,0,0,0,0,0,0,0
1,AgentA wins,17.67,0,0,0,0,0,0,0,0,0,0
2,AgentB wins,33.67,0,0,0,0,0,0,0,0,0,0
3,AgentA wins,29.00,0,0,0,0,0,0,0,0,0,0
4,AgentB wins,43.00,0,0,0,0,0,0,0,0,0,0
5,AgentA wins,35.00,0,0,0,0,0,0,0,0,0,0
6,AgentB wins,34.33,0,0,0,0,0,0,0,0,0,0
7,AgentA wins,24.00,0,0,0,0,0,0,0,0,0,0
8,AgentA wins,15.00,0,0,0,0,0,0,0,0,0,0
9,AgentA wins,15.00,0,0,0,0,0,0,0,0,0,0
10,AgentA wins,33.67,0,0,0,0,0,0,0,0,0,0
1,AgentA wins,32.67,0,0,0,0,0,0,0,0,0,0
2,AgentA wins,15.00,0,0,0,0,0,0,0,0,0,0
3,AgentA wins,24.00,0,0,0,0,0,0,0,0,0,0
4,AgentA wins,18.00,0,0,0,0,0,0,0,0,0,0
5,AgentA wins,32.67,0,0,0,0,0,0,0,0,0,0
6,AgentA wins,18.00,0,0,0,0,0,0,0,0,0,0
7,AgentA wins,30.67,0,0,0,0,0,0,0,0,0,0
8,AgentB wins,27.67,0,0,0,0,0,0,0,0,0,0
9,AgentB wins,50.33,0,0,0,0,0,0,0,0,0,0
10,AgentA wins,32.00,0,0,0,0,0,0,0,0,0,0
1,AgentA wins,31.33,0,0,0,0,0,0,0,0,0,0
2,AgentA wins,38.33,0,0,0,0,0,0,0,0,0,0
3,AgentA wins,15.00,0,0,0,0,0,0,0,0,0,0
4,AgentA wins,15.00,0,0,0,0,0,0,0,0,0,0
5,AgentA wins,24.00,0,0,0,0,0,0,0,0,0,0
6,AgentB wins,32.67,0,0,0,0,0,0,0,0,0,0
7,AgentA wins,18.00,0,0,0,0,0,0,0,0,0,0
8,AgentA wins,45.00,0,0,0,0,0,0,0,0,0,0
9,AgentA wins,33.00,0,0,0,0,0,0,0,0,0,0
10,AgentA wins,29.00,0,0,0,0,0,0,0,0,0,0
1,AgentA wins,35.33,0,0,0,0,0,0,0,0,0,0
2,AgentA wins,33.00,0,0,0,0,0,0,0,0,0,0
3,AgentA wins,32.67,0,0,0,0,0,0,0,0,0,0
4,AgentA wins,43.33,0,0,0,0,0,0,0,0,0,0
5,AgentA wins,27.00,0,0,0,0,0,0,0,0,0,0
6,AgentA wins,15.00,0,0,0,0,0,0,0,0,0,0
7,AgentA wins,37.00,0,0,0,0,0,0,0,0,0,0
8,AgentA wins,29.33,0,0,0,0,0,0,0,0,0,0
9,AgentA wins,29.00,0,0,0,0,0,0,0,0,0,0
10,AgentA wins,29.00,0,0,0,0,0,0,0,0,0,0
1,AgentA wins,40.33,0,0,0,0,0,0,0,0,0,0
2,AgentA wins,41.00,0,0,0,0,0,0,0,0,0,0
3,AgentA wins,46.67,0,0,0,0,0,0,0,0,0,0
4,AgentA wins,18.00,0,0,0,0,0,0,0,0,0,0
5,AgentA wins,33.00,0,0,0,0,0,0,0,0,0,0
6,AgentA wins,24.00,0,0,0,0,0,0,0,0,0,0
7,AgentA wins,15.00,0,0,0,0,0,0,0,0,0,0
8,AgentA wins,35.67,0,0,0,0,0,0,0,0,0,0
9,AgentB wins,47.67,0,0,0,0,0,0,0,0,0,0
10,AgentA wins,23.00,0,0,0,0,0,0,0,0,0,0
11,AgentA wins,17.00,0,0,0,0,0,0,0,0,0,0
12,AgentA wins,20.00,0,0,0,0,0,0,0,0,0,0
13,AgentA wins,20.00,0,0,0,0,0,0,0,0,0,0
14,AgentA wins,20.00,0,0,0,0,0,0,0,0,0,0
15,AgentA wins,15.00,0,0,0,0,0,0,0,0,0,0
16,AgentA wins,15.00,0,0,0,0,0,0,0,0,0,0
17,AgentA wins,20.00,0,0,0,0,0,0,0,0,0,0
18,AgentA wins,15.00,0,0,0,0,0,0,0,0,0,0
19,AgentA wins,18.00,0,0,0,0,0,0,0,0,0,0
20,AgentA wins,20.00,0,0,0,0,0,0,0,0,0,0
11,AgentA wins,18.00,0,0,0,0,0,0,0,0,0,0
12,AgentA wins,20.00,0,0,0,0,0,0,0,0,0,0
13,AgentA wins,17.00,0,0,0,0,0,0,0,0,0,0
14,AgentA wins,18.00,0,0,0,0,0,0,0,0,0,0
15,AgentA wins,18.00,0,0,0,0,0,0,0,0,0,0
16,AgentA wins,18.00,0,0,0,0,0,0,0,0,0,0
17,AgentA wins,20.00,0,0,0,0,0,0,0,0,0,0
18,AgentA wins,20.00,0,0,0,0,0,0,0,0,0,0
19,AgentA wins,20.00,0,0,0,0,0,0,0,0,0,0
20,AgentA wins,20.00,0,0,0,0,0,0,0,0,0,0
11,AgentA wins,15.00,0,0,0,0,0,0,0,0,0,0
12,AgentA wins,19.67,0,0,0,0,0,0,0,0,0,0
13,AgentA wins,15.00,0,0,0,0,0,0,0,0,0,0
14,AgentA wins,15.00,0,0,0,0,0,0,0,0,0,0
15,AgentA wins,18.00,0,0,0,0,0,0,0,0,0,0
16,AgentA wins,17.00,0,0,0,0,0,0,0,0,0,0
17,AgentA wins,15.00,0,0,0,0,0,0,0,0,0,0
18,AgentA wins,20.00,0,0,0,0,0,0,0,0,0,0
19,AgentA wins,18.00,0,0,0,0,0,0,0,0,0,0
20,AgentA wins,15.00,0,0,0,0,0,0,0,0,0,0
11,AgentA wins,15.00,0,0,0,0,0,0,0,0,0,0
12,AgentA wins,15.00,0,0,0,0,0,0,0,0,0,0
13,AgentA wins,20.00,0,0,0,0,0,0,0,0,0,0
14,AgentA wins,19.67,0,0,0,0,0,0,0,0,0,0
15,AgentA wins,20.00,0,0,0,0,0,0,0,0,0,0
16,AgentA wins,20.00,0,0,0,0,0,0,0,0,0,0
17,AgentA wins,18.00,0,0,0,0,0,0,0,0,0,0
18,AgentA wins,20.00,0,0,0,0,0,0,0,0,0,0
19,AgentA wins,17.00,0,0,0,0,0,0,0,0,0,0
20,AgentA wins,20.00,0,0,0,0,0,0,0,0,0,0
11,AgentA wins,15.00,0,0,0,0,0,0,0,0,0,0
12,AgentA wins,18.00,0,0,0,0,0,0,0,0,0,0
13,AgentA wins,20.00,0,0,0,0,0,0,0,0,0,0
14,AgentA wins,20.00,0,0,0,0,0,0,0,0,0,0
15,AgentA wins,15.00,0,0,0,0,0,0,0,0,0,0
16,AgentA wins,20.00,0,0,0,0,0,0,0,0,0,0
17,AgentA wins,20.00,0,0,0,0,0,0,0,0,0,0
18,AgentA wins,23.33,0,0,0,0,0,0,0,0,0,0
19,AgentA wins,20.00,0,0,0,0,0,0,0,0,0,0
20,AgentA wins,20.00,0,0,0,0,0,0,0,0,0,0
11,AgentA wins,20.00,0,0,0,0,0,0,0,0,0,0
12,AgentA wins,20.00,0,0,0,0,0,0,0,0,0,0
13,AgentA wins,20.00,0,0,0,0,0,0,0,0,0,0
14,AgentA wins,19.67,0,0,0,0,0,0,0,0,0,0
15,AgentA wins,20.00,0,0,0,0,0,0,0,0,0,0
16,AgentA wins,20.00,0,0,0,0,0,0,0,0,0,0
17,AgentA wins,17.00,0,0,0,0,0,0,0,0,0,0
18,AgentA wins,23.33,0,0,0,0,0,0,0,0,0,0
19,AgentA wins,15.00,0,0,0,0,0,0,0,0,0,0
20,AgentA wins,19.67,0,0,0,0,0,0,0,0,0,0
11,AgentA wins,15.00,0,0,0,0,0,0,0,0,0,0
12,AgentA wins,20.00,0,0,0,0,0,0,0,0,0,0
13,AgentA wins,15.00,0,0,0,0,0,0,0,0,0,0
14,AgentA wins,23.33,0,0,0,0,0,0,0,0,0,0
15,AgentA wins,18.00,0,0,0,0,0,0,0,0,0,0
16,AgentA wins,20.00,0,0,0,0,0,0,0,0,0,0
17,AgentA wins,20.00,0,0,0,0,0,0,0,0,0,0
18,AgentA wins,23.33,0,0,0,0,0,0,0,0,0,0
19,AgentA wins,20.00,0,0,0,0,0,0,0,0,0,0
20,AgentA wins,18.00,0,0,0,0,0,0,0,0,0,0
11,AgentA wins,15.00,0,0,0,0,0,0,0,0,0,0
12,AgentA wins,19.67,0,0,0,0,0,0,0,0,0,0
13,AgentA wins,18.00,0,0,0,0,0,0,0,0,0,0
14,AgentA wins,20.00,0,0,0,0,0,0,0,0,0,0
15,AgentA wins,20.00,0,0,0,0,0,0,0,0,0,0
16,AgentA wins,18.00,0,0,0,0,0,0,0,0,0,0
17,AgentA wins,20.00,0,0,0,0,0,0,0,0,0,0
18,AgentA wins,20.00,0,0,0,0,0,0,0,0,0,0
19,AgentA wins,18.00,0,0,0,0,0,0,0,0,0,0
20,AgentA wins,20.00,0,0,0,0,0,0,0,0,0,0
11,AgentA wins,17.00,0,0,0,0,0,0,0,0,0,0
12,AgentA wins,20.00,0,0,0,0,0,0,0,0,0,0
13,AgentA wins,20.00,0,0,0,0,0,0,0,0,0,0
14,AgentA wins,20.00,0,0,0,0,0,0,0,0,0,0
15,AgentA wins,17.00,0,0,0,0,0,0,0,0,0,0
16,AgentA wins,15.00,0,0,0,0,0,0,0,0,0,0
17,AgentA wins,17.00,0,0,0,0,0,0,0,0,0,0
18,AgentA wins,20.00,0,0,0,0,0,0,0,0,0,0
19,AgentA wins,20.00,0,0,0,0,0,0,0,0,0,0
20,AgentA wins,20.00,0,0,0,0,0,0,0,0,0,0
11,AgentA wins,18.00,0,0,0,0,0,0,0,0,0,0
12,AgentA wins,20.00,0,0,0,0,0,0,0,0,0,0
13,AgentA wins,20.00,0,0,0,0,0,0,0,0,0,0
14,AgentA wins,17.00,0,0,0,0,0,0,0,0,0,0
15,AgentA wins,17.00,0,0,0,0,0,0,0,0,0,0
16,AgentA wins,15.00,0,0,0,0,0,0,0,0,0,0
17,AgentA wins,15.00,0,0,0,0,0,0,0,0,0,0
18,AgentA wins,20.00,0,0,0,0,0,0,0,0,0,0
19,AgentA wins,20.00,0,0,0,0,0,0,0,0,0,0
20,AgentA wins,18.00,0,0,0,0,0,0,0,0,0,0
11,AgentA wins,20.00,0,0,0,0,0,0,0,0,0,0
12,AgentA wins,20.00,0,0,0,0,0,0,0,0,0,0
13,AgentA wins,19.67,0,0,0,0,0,0,0,0,0,0
14,AgentA wins,20.00,0,0,0,0,0,0,0,0,0,0
15,AgentA wins,15.00,0,0,0,0,0,0,0,0,0,0
16,AgentA wins,18.00,0,0,0,0,0,0,0,0,0,0
17,AgentA wins,15.00,0,0,0,0,0,0,0,0,0,0
18,AgentA wins,20.00,0,0,0,0,0,0,0,0,0,0
19,AgentA wins,20.00,0,0,0,0,0,0,0,0,0,0
20,AgentA wins,18.00,0,0,0,0,0,0,0,0,0,0
11,AgentA wins,17.00,0,0,0,0,0,0,0,0,0,0
12,AgentA wins,20.00,0,0,0,0,0,0,0,0,0,0
13,AgentA wins,20.00,0,0,0,0,0,0,0,0,0,0
14,AgentA wins,15.00,0,0,0,0,0,0,0,0,0,0
15,AgentA wins,15.00,0,0,0,0,0,0,0,0,0,0
16,AgentA wins,20.00,0,0,0,0,0,0,0,0,0,0
17,AgentA wins,20.00,0,0,0,0,0,0,0,0,0,0
18,AgentA wins,18.00,0,0,0,0,0,0,0,0,0,0
19,AgentA wins,23.33,0,0,0,0,0,0,0,0,0,0
20,AgentA wins,18.00,0,0,0,0,0,0,0,0,0,0
11,AgentA wins,20.00,0,0,0,0,0,0,0,0,0,0
12,AgentA wins,19.67,0,0,0,0,0,0,0,0,0,0
13,AgentA wins,20.00,0,0,0,0,0,0,0,0,0,0
14,AgentA wins,15.00,0,0,0,0,0,0,0,0,0,0
15,AgentA wins,20.00,0,0,0,0,0,0,0,0,0,0
16,AgentA wins,17.00,0,0,0,0,0,0,0,0,0,0
17,AgentA wins,20.00,0,0,0,0,0,0,0,0,0,0
18,AgentA wins,20.00,0,0,0,0,0,0,0,0,0,0
19,AgentA wins,20.00,0,0,0,0,0,0,0,0,0,0
20,AgentA wins,20.00,0,0,0,0,0,0,0,0,0,0
11,AgentA wins,20.00,0,0,0,0,0,0,0,0,0,0
12,AgentA wins,20.00,0,0,0,0,0,0,0,0,0,0
13,AgentA wins,20.00,0,0,0,0,0,0,0,0,0,0
14,AgentA wins,15.00,0,0,0,0,0,0,0,0,0,0
15,AgentA wins,20.00,0,0,0,0,0,0,0,0,0,0
16,AgentA wins,20.00,0,0,0,0,0,0,0,0,0,0
17,AgentA wins,19.67,0,0,0,0,0,0,0,0,0,0
18,AgentA wins,20.00,0,0,0,0,0,0,0,0,0,0
19,AgentA wins,20.00,0,0,0,0,0,0,0,0,0,0
20,AgentA wins,20.00,0,0,0,0,0,0,0,0,0,0
11,AgentA wins,20.00,0,0,0,0,0,0,0,0,0,0
12,AgentA wins,20.00,0,0,0,0,0,0,0,0,0,0
13,AgentA wins,20.00,0,0,0,0,0,0,0,0,0,0
14,AgentA wins,15.00,0,0,0,0,0,0,0,0,0,0
15,AgentA wins,20.00,0,0,0,0,0,0,0,0,0,0
16,AgentA wins,22.33,0,0,0,0,0,0,0,0,0,0
17,AgentA wins,20.00,0,0,0,0,0,0,0,0,0,0
18,AgentA wins,20.00,0,0,0,0,0,0,0,0,0,0
19,AgentA wins,22.33,0,0,0,0,0,0,0,0,0,0
20,AgentA wins,20.00,0,0,0,0,0,0,0,0,0,0
11,AgentA wins,15.00,0,0,0,0,0,0,0,0,0,0
12,AgentA wins,18.00,0,0,0,0,0,0,0,0,0,0
13,AgentA wins,21.00,0,0,0,0,0,0,0,0,0,0
14,AgentA wins,41.67,0,0,0,0,0,0,0,0,0,0
15,AgentA wins,15.00,0,0,0,0,0,0,0,0,0,0
16,AgentA wins,24.00,0,0,0,0,0,0,0,0,0,0
17,AgentA wins,24.00,0,0,0,0,0,0,0,0,0,0
18,AgentA wins,15.00,0,0,0,0,0,0,0,0,0,0
19,AgentA wins,40.67,0,0,0,0,0,0,0,0,0,0
20,AgentA wins,18.00,0,0,0,0,0,0,0,0,0,0
11,AgentA wins,33.00,301,299,0,166,0,231,0,41,38,75
12,AgentA wins,36.00,323,323,0,195,0,249,0,45,35,74
13,AgentA wins,18.00,160,165,0,108,0,130,0,24,16,42
14,AgentA wins,32.67,289,298,0,180,0,233,0,38,32,86
15,AgentA wins,23.67,212,217,0,124,0,174,0,28,32,46
16,AgentA wins,15.00,131,135,0,86,0,101,0,20,11,42
17,AgentA wins,41.67,380,375,0,214,0,296,0,46,38,108
18,AgentA wins,29.00,263,260,0,155,0,210,0,35,27,64
19,AgentA wins,15.00,135,135,0,83,0,109,0,19,19,45
20,AgentA wins,38.33,347,348,0,203,0,274,0,42,37,86
11,AgentA wins,15.00,0,0,0,0,0,0,0,0,0,0
12,AgentA wins,29.00,0,0,0,0,0,0,0,0,0,0
13,AgentA wins,18.00,0,0,0,0,0,0,0,0,0,0
14,AgentA wins,51.00,0,0,0,0,0,0,0,0,0,0
15,AgentA wins,37.67,0,0,0,0,0,0,0,0,0,0
16,AgentA wins,21.00,0,0,0,0,0,0,0,0,0,0
17,AgentA wins,26.00,0,0,0,0,0,0,0,0,0,0
18,AgentA wins,24.00,0,0,0,0,0,0,0,0,0,0
19,AgentA wins,28.67,0,0,0,0,0,0,0,0,0,0
20,AgentA wins,15.00,0,0,0,0,0,0,0,0,0,0
11,AgentA wins,24.00,0,0,0,0,0,0,0,0,0,0
12,AgentA wins,27.00,0,0,0,0,0,0,0,0,0,0
13,AgentA wins,18.00,0,0,0,0,0,0,0,0,0,0
14,AgentA wins,37.00,0,0,0,0,0,0,0,0,0,0
15,AgentA wins,15.00,0,0,0,0,0,0,0,0,0,0
16,AgentA wins,24.00,0,0,0,0,0,0,0,0,0,0
17,AgentA wins,30.00,0,0,0,0,0,0,0,0,0,0
18,AgentA wins,15.00,0,0,0,0,0,0,0,0,0,0
19,AgentA wins,32.00,0,0,0,0,0,0,0,0,0,0
20,AgentA wins,35.67,0,0,0,0,0,0,0,0,0,0
11,AgentA wins,15.00,0,0,0,0,0,0,0,0,0,0
12,AgentA wins,15.00,0,0,0,0,0,0,0,0,0,0
13,AgentA wins,34.33,0,0,0,0,0,0,0,0,0,0
14,AgentA wins,46.33,0,0,0,0,0,0,0,0,0,0
15,AgentA wins,23.67,0,0,0,0,0,0,0,0,0,0
16,AgentA wins,27.00,0,0,0,0,0,0,0,0,0,0
17,AgentA wins,28.67,0,0,0,0,0,0,0,0,0,0
18,AgentA wins,18.00,0,0,0,0,0,0,0,0,0,0
19,AgentA wins,35.67,0,0,0,0,0,0,0,0,0,0
20,AgentA wins,15.00,0,0,0,0,0,0,0,0,0,0
21,AgentA wins,15.00,0,0,0,0,0,0,0,0,0,0
22,AgentA wins,17.00,0,0,0,0,0,0,0,0,0,0
23,AgentA wins,18.00,0,0,0,0,0,0,0,0,0,0
24,AgentA wins,18.00,0,0,0,0,0,0,0,0,0,0
25,AgentA wins,18.00,0,0,0,0,0,0,0,0,0,0
26,AgentA wins,15.00,0,0,0,0,0,0,0,0,0,0
27,AgentA wins,15.00,0,0,0,0,0,0,0,0,0,0
28,AgentA wins,18.00,0,0,0,0,0,0,0,0,0,0
29,AgentA wins,15.00,0,0,0,0,0,0,0,0,0,0
30,AgentA wins,20.00,0,0,0,0,0,0,0,0,0,0
11,AgentA wins,28.00,0,0,0,0,0,0,0,0,0,0
12,AgentA wins,31.00,0,0,0,0,0,0,0,0,0,0
13,AgentA wins,18.00,0,0,0,0,0,0,0,0,0,0
14,AgentA wins,15.00,0,0,0,0,0,0,0,0,0,0
15,AgentA wins,18.00,0,0,0,0,0,0,0,0,0,0
16,AgentA wins,42.00,0,0,0,0,0,0,0,0,0,0
17,AgentA wins,38.67,0,0,0,0,0,0,0,0,0,0
18,AgentA wins,24.00,0,0,0,0,0,0,0,0,0,0
19,AgentA wins,18.00,0,0,0,0,0,0,0,0,0,0
20,AgentA wins,41.00,0,0,0,0,0,0,0,0,0,0
21,AgentA wins,15.00,0,0,0,0,0,0,0,0,0,0
22,AgentA wins,18.00,0,0,0,0,0,0,0,0,0,0
23,AgentA wins,18.00,0,0,0,0,0,0,0,0,0,0
24,AgentA wins,15.00,0,0,0,0,0,0,0,0,0,0
25,AgentA wins,20.00,0,0,0,0,0,0,0,0,0,0
26,AgentA wins,20.00,0,0,0,0,0,0,0,0,0,0
27,AgentA wins,20.00,0,0,0,0,0,0,0,0,0,0
28,AgentA wins,15.00,0,0,0,0,0,0,0,0,0,0
29,AgentA wins,20.00,0,0,0,0,0,0,0,0,0,0
30,AgentA wins,20.00,0,0,0,0,0,0,0,0,0,0
21,AgentA wins,20.00,0,0,0,0,0,0,0,0,0,0
22,AgentA wins,20.00,0,0,0,0,0,0,0,0,0,0
23,AgentA wins,20.00,0,0,0,0,0,0,0,0,0,0
24,AgentA wins,20.00,0,0,0,0,0,0,0,0,0,0
25,AgentA wins,15.00,0,0,0,0,0,0,0,0,0,0
26,AgentA wins,20.00,0,0,0,0,0,0,0,0,0,0
27,AgentA wins,15.00,0,0,0,0,0,0,0,0,0,0
28,AgentA wins,19.67,0,0,0,0,0,0,0,0,0,0
29,AgentA wins,20.00,0,0,0,0,0,0,0,0,0,0
30,AgentA wins,17.00,0,0,0,0,0,0,0,0,0,0
11,AgentA wins,33.00,0,0,0,0,0,0,0,0,0,0
12,AgentA wins,26.67,0,0,0,0,0,0,0,0,0,0
13,AgentA wins,24.00,0,0,0,0,0,0,0,0,0,0
14,AgentA wins,21.00,0,0,0,0,0,0,0,0,0,0
15,AgentA wins,44.00,0,0,0,0,0,0,0,0,0,0
16,AgentA wins,48.00,0,0,0,0,0,0,0,0,0,0
17,AgentA wins,18.00,0,0,0,0,0,0,0,0,0,0
18,AgentA wins,34.00,0,0,0,0,0,0,0,0,0,0
19,AgentA wins,23.67,0,0,0,0,0,0,0,0,0,0
20,AgentA wins,33.00,0,0,0,0,0,0,0,0,0,0
21,AgentA wins,18.00,0,0,0,0,0,0,0,0,0,0
22,AgentA wins,15.00,0,0,0,0,0,0,0,0,0,0
23,AgentA wins,19.67,0,0,0,0,0,0,0,0,0,0
24,AgentA wins,20.00,0,0,0,0,0,0,0,0,0,0
25,AgentA wins,20.00,0,0,0,0,0,0,0,0,0,0
26,AgentA wins,18.00,0,0,0,0,0,0,0,0,0,0
27,AgentA wins,20.00,0,0,0,0,0,0,0,0,0,0
28,AgentA wins,17.00,0,0,0,0,0,0,0,0,0,0
29,AgentA wins,20.00,0,0,0,0,0,0,0,0,0,0
30,AgentA wins,20.00,0,0,0,0,0,0,0,0,0,0
21,AgentA wins,15.00,0,0,0,0,0,0,0,0,0,0
22,AgentA wins,18.00,0,0,0,0,0,0,0,0,0,0
23,AgentA wins,18.00,0,0,0,0,0,0,0,0,0,0
24,AgentA wins,20.00,0,0,0,0,0,0,0,0,0,0
25,AgentA wins,20.00,0,0,0,0,0,0,0,0,0,0
26,AgentA wins,20.00,0,0,0,0,0,0,0,0,0,0
27,AgentA wins,15.00,0,0,0,0,0,0,0,0,0,0
28,AgentA wins,20.00,0,0,0,0,0,0,0,0,0,0
29,AgentA wins,20.00,0,0,0,0,0,0,0,0,0,0
30,AgentA wins,20.00,0,0,0,0,0,0,0,0,0,0
21,AgentA wins,17.00,0,0,0,0,0,0,0,0,0,0
22,AgentA wins,20.00,0,0,0,0,0,0,0,0,0,0
23,AgentA wins,20.00,0,0,0,0,0,0,0,0,0,0
24,AgentA wins,20.00,0,0,0,0,0,0,0,0,0,0
25,AgentA wins,19.67,0,0,0,0,0,0,0,0,0,0
26,AgentA wins,20.00,0,0,0,0,0,0,0,0,0,0
27,AgentA wins,20.00,0,0,0,0,0,0,0,0,0,0
28,AgentA wins,18.00,0,0,0,0,0,0,0,0,0,0
29,AgentA wins,17.00,0,0,0,0,0,0,0,0,0,0
30,AgentA wins,15.00,0,0,0,0,0,0,0,0,0,0
21,AgentA wins,20.00,0,0,0,0,0,0,0,0,0,0
22,AgentA wins,20.00,0,0,0,0,0,0,0,0,0,0
23,AgentA wins,20.00,0,0,0,0,0,0,0,0,0,0
24,AgentA wins,20.00,0,0,0,0,0,0,0,0,0,0
25,AgentA wins,15.00,0,0,0,0,0,0,0,0,0,0
26,AgentA wins,15.00,0,0,0,0,0,0,0,0,0,0
27,AgentA wins,18.00,0,0,0,0,0,0,0,0,0,0
28,AgentA wins,20.00,0,0,0,0,0,0,0,0,0,0
29,AgentA wins,20.00,0,0,0,0,0,0,0,0,0,0
30,AgentA wins,15.00,0,0,0,0,0,0,0,0,0,0
21,AgentA wins,19.67,0,0,0,0,0,0,0,0,0,0
22,AgentA wins,18.00,0,0,0,0,0,0,0,0,0,0
23,AgentA wins,17.00,0,0,0,0,0,0,0,0,0,0
24,AgentA wins,18.00,0,0,0,0,0,0,0,0,0,0
25,AgentA wins,20.00,0,0,0,0,0,0,0,0,0,0
26,AgentA wins,15.00,0,0,0,0,0,0,0,0,0,0
27,AgentA wins,17.00,0,0,0,0,0,0,0,0,0,0
28,AgentA wins,20.00,0,0,0,0,0,0,0,0,0,0
29,AgentA wins,18.00,0,0,0,0,0,0,0,0,0,0
30,AgentA wins,15.00,0,0,0,0,0,0,0,0,0,0
21,AgentA wins,20.00,0,0,0,0,0,0,0,0,0,0
22,AgentA wins,17.00,0,0,0,0,0,0,0,0,0,0
23,AgentA wins,20.00,0,0,0,0,0,0,0,0,0,0
24,AgentA wins,17.00,0,0,0,0,0,0,0,0,0,0
25,AgentA wins,23.33,0,0,0,0,0,0,0,0,0,0
26,AgentA wins,20.00,0,0,0,0,0,0,0,0,0,0
27,AgentA wins,17.00,0,0,0,0,0,0,0,0,0,0
28,AgentA wins,18.00,0,0,0,0,0,0,0,0,0,0
29,AgentA wins,20.00,0,0,0,0,0,0,0,0,0,0
30,AgentA wins,19.67,0,0,0,0,0,0,0,0,0,0
11,AgentA wins,40.00,0,0,0,0,0,0,0,0,0,0
12,timeout draw,60.00,0,0,0,0,0,0,0,0,0,0
13,AgentA wins,15.00,0,0,0,0,0,0,0,0,0,0
14,AgentA wins,32.33,0,0,0,0,0,0,0,0,0,0
15,AgentA wins,32.67,0,0,0,0,0,0,0,0,0,0
16,AgentA wins,18.00,0,0,0,0,0,0,0,0,0,0
17,AgentA wins,30.00,0,0,0,0,0,0,0,0,0,0
18,AgentA wins,44.67,0,0,0,0,0,0,0,0,0,0
19,timeout draw,60.00,0,0,0,0,0,0,0,0,0,0
20,AgentA wins,24.33,0,0,0,0,0,0,0,0,0,0
11,AgentA wins,18.00,0,0,0,0,0,0,0,0,0,0
12,AgentA wins,15.00,0,0,0,0,0,0,0,0,0,0
13,AgentA wins,15.00,0,0,0,0,0,0,0,0,0,0
14,AgentA wins,21.00,0,0,0,0,0,0,0,0,0,0
15,AgentA wins,32.67,0,0,0,0,0,0,0,0,0,0
16,AgentA wins,46.67,0,0,0,0,0,0,0,0,0,0
17,AgentA wins,21.00,0,0,0,0,0,0,0,0,0,0
18,AgentA wins,29.00,0,0,0,0,0,0,0,0,0,0
19,AgentA wins,40.33,0,0,0,0,0,0,0,0,0,0
20,AgentA wins,34.33,0,0,0,0,0,0,0,0,0,0
21,AgentA wins,15.00,0,0,0,0,0,0,0,0,0,0
22,AgentA wins,20.00,0,0,0,0,0,0,0,0,0,0
23,AgentA wins,20.00,0,0,0,0,0,0,0,0,0,0
24,AgentA wins,20.00,0,0,0,0,0,0,0,0,0,0
25,AgentA wins,15.00,0,0,0,0,0,0,0,0,0,0
26,AgentA wins,20.00,0,0,0,0,0,0,0,0,0,0
27,AgentA wins,19.67,0,0,0,0,0,0,0,0,0,0
28,AgentA wins,20.00,0,0,0,0,0,0,0,0,0,0
29,AgentA wins,18.00,0,0,0,0,0,0,0,0,0,0
30,AgentA wins,20.00,0,0,0,0,0,0,0,0,0,0
21,AgentA wins,20.00,0,0,0,0,0,0,0,0,0,0
22,AgentA wins,18.00,0,0,0,0,0,0,0,0,0,0
23,AgentA wins,18.00,0,0,0,0,0,0,0,0,0,0
24,AgentA wins,20.00,0,0,0,0,0,0,0,0,0,0
25,AgentA wins,17.00,0,0,0,0,0,0,0,0,0,0
26,AgentA wins,20.00,0,0,0,0,0,0,0,0,0,0
27,AgentA wins,20.00,0,0,0,0,0,0,0,0,0,0
28,AgentA wins,15.00,0,0,0,0,0,0,0,0,0,0
29,AgentA wins,20.00,0,0,0,0,0,0,0,0,0,0
30,AgentA wins,19.67,0,0,0,0,0,0,0,0,0,0
21,AgentA wins,20.00,0,0,0,0,0,0,0,0,0,0
22,AgentA wins,18.00,0,0,0,0,0,0,0,0,0,0
23,AgentA wins,20.00,0,0,0,0,0,0,0,0,0,0
24,AgentA wins,20.00,0,0,0,0,0,0,0,0,0,0
25,AgentA wins,20.00,0,0,0,0,0,0,0,0,0,0
26,AgentA wins,20.00,0,0,0,0,0,0,0,0,0,0
27,AgentA wins,20.00,0,0,0,0,0,0,0,0,0,0
28,AgentA wins,20.00,0,0,0,0,0,0,0,0,0,0
29,AgentA wins,20.00,0,0,0,0,0,0,0,0,0,0
30,AgentA wins,20.00,0,0,0,0,0,0,0,0,0,0
21,AgentA wins,15.00,0,0,0,0,0,0,0,0,0,0
22,AgentA wins,20.00,0,0,0,0,0,0,0,0,0,0
23,AgentA wins,20.00,0,0,0,0,0,0,0,0,0,0
24,AgentA wins,18.00,0,0,0,0,0,0,0,0,0,0
25,AgentA wins,20.00,0,0,0,0,0,0,0,0,0,0
26,AgentA wins,20.00,0,0,0,0,0,0,0,0,0,0
27,AgentA wins,20.00,0,0,0,0,0,0,0,0,0,0
28,AgentA wins,20.00,0,0,0,0,0,0,0,0,0,0
29,AgentA wins,20.00,0,0,0,0,0,0,0,0,0,0
30,AgentA wins,18.00,0,0,0,0,0,0,0,0,0,0
21,AgentA wins,20.00,0,0,0,0,0,0,0,0,0,0
22,AgentA wins,18.00,0,0,0,0,0,0,0,0,0,0
23,AgentA wins,20.00,0,0,0,0,0,0,0,0,0,0
24,AgentA wins,23.33,0,0,0,0,0,0,0,0,0,0
25,AgentA wins,20.00,0,0,0,0,0,0,0,0,0,0
26,AgentA wins,20.00,0,0,0,0,0,0,0,0,0,0
27,AgentA wins,18.00,0,0,0,0,0,0,0,0,0,0
28,AgentA wins,20.00,0,0,0,0,0,0,0,0,0,0
29,AgentA wins,20.00,0,0,0,0,0,0,0,0,0,0
30,AgentA wins,15.00,0,0,0,0,0,0,0,0,0,0
21,AgentA wins,20.00,0,0,0,0,0,0,0,0,0,0
22,AgentA wins,20.00,0,0,0,0,0,0,0,0,0,0
23,AgentA wins,15.00,0,0,0,0,0,0,0,0,0,0
24,AgentA wins,20.00,0,0,0,0,0,0,0,0,0,0
25,AgentA wins,18.00,0,0,0,0,0,0,0,0,0,0
26,AgentA wins,20.00,0,0,0,0,0,0,0,0,0,0
27,AgentA wins,20.00,0,0,0,0,0,0,0,0,0,0
28,AgentA wins,20.00,0,0,0,0,0,0,0,0,0,0
29,AgentA wins,15.00,0,0,0,0,0,0,0,0,0,0
30,AgentA wins,15.00,0,0,0,0,0,0,0,0,0,0
11,AgentA wins,15.00,0,0,0,0,0,0,0,0,0,0
12,AgentB wins,49.67,0,0,0,0,0,0,0,0,0,0
13,AgentB wins,33.00,0,0,0,0,0,0,0,0,0,0
14,AgentA wins,26.00,0,0,0,0,0,0,0,0,0,0
15,AgentA wins,15.67,0,0,0,0,0,0,0,0,0,0
16,AgentA wins,18.00,0,0,0,0,0,0,0,0,0,0
17,AgentA wins,39.67,0,0,0,0,0,0,0,0,0,0
18,AgentA wins,24.00,0,0,0,0,0,0,0,0,0,0
19,AgentB wins,39.00,0,0,0,0,0,0,0,0,0,0
20,AgentB wins,33.00,0,0,0,0,0,0,0,0,0,0
21,AgentA wins,37.33,339,335,0,193,0,261,0,41,36,70
22,AgentA wins,15.00,129,138,0,84,0,103,0,18,19,31
23,AgentA wins,15.00,137,137,0,88,0,99,0,20,13,42
24,AgentA wins,24.00,216,219,0,121,0,161,0,30,30,52
25,AgentA wins,18.00,162,158,0,85,0,130,0,21,24,42
26,AgentA wins,15.00,136,132,0,82,0,100,0,19,12,45
27,AgentA wins,15.00,135,136,0,86,0,107,0,16,16,29
28,AgentA wins,18.00,160,164,0,94,0,133,0,24,29,28
29,AgentA wins,15.67,141,145,0,78,0,110,0,17,18,19
30,AgentA wins,29.00,266,260,0,149,0,199,0,39,37,55
31,AgentA wins,15.00,0,0,0,0,0,0,0,0,0,0
32,AgentA wins,15.00,0,0,0,0,0,0,0,0,0,0
33,AgentA wins,15.00,0,0,0,0,0,0,0,0,0,0
34,AgentA wins,20.00,0,0,0,0,0,0,0,0,0,0
35,AgentA wins,23.33,0,0,0,0,0,0,0,0,0,0
36,AgentA wins,15.00,0,0,0,0,0,0,0,0,0,0
37,AgentA wins,19.67,0,0,0,0,0,0,0,0,0,0
38,AgentA wins,20.00,0,0,0,0,0,0,0,0,0,0
39,AgentA wins,20.00,0,0,0,0,0,0,0,0,0,0
40,AgentA wins,18.00,0,0,0,0,0,0,0,0,0,0
31,AgentA wins,20.00,0,0,0,0,0,0,0,0,0,0
32,AgentA wins,15.00,0,0,0,0,0,0,0,0,0,0
33,AgentA wins,20.00,0,0,0,0,0,0,0,0,0,0
34,AgentA wins,15.00,0,0,0,0,0,0,0,0,0,0
35,AgentA wins,17.00,0,0,0,0,0,0,0,0,0,0
36,AgentA wins,19.67,0,0,0,0,0,0,0,0,0,0
37,AgentA wins,17.00,0,0,0,0,0,0,0,0,0,0
38,AgentA wins,15.00,0,0,0,0,0,0,0,0,0,0
39,AgentA wins,15.00,0,0,0,0,0,0,0,0,0,0
40,AgentA wins,20.00,0,0,0,0,0,0,0,0,0,0
31,AgentA wins,20.00,0,0,0,0,0,0,0,0,0,0
32,AgentA wins,20.00,0,0,0,0,0,0,0,0,0,0
33,AgentA wins,23.33,0,0,0,0,0,0,0,0,0,0
34,AgentA wins,15.00,0,0,0,0,0,0,0,0,0,0
35,AgentA wins,19.67,0,0,0,0,0,0,0,0,0,0
36,AgentA wins,17.00,0,0,0,0,0,0,0,0,0,0
37,AgentA wins,20.00,0,0,0,0,0,0,0,0,0,0
38,AgentA wins,19.67,0,0,0,0,0,0,0,0,0,0
39,AgentA wins,20.00,0,0,0,0,0,0,0,0,0,0
40,AgentA wins,20.00,0,0,0,0,0,0,0,0,0,0
31,AgentA wins,18.00,0,0,0,0,0,0,0,0,0,0
32,AgentA wins,20.00,0,0,0,0,0,0,0,0,0,0
33,AgentA wins,17.00,0,0,0,0,0,0,0,0,0,0
34,AgentA wins,23.33,0,0,0,0,0,0,0,0,0,0
35,AgentA wins,17.00,0,0,0,0,0,0,0,0,0,0
36,AgentA wins,19.67,0,0,0,0,0,0,0,0,0,0
37,AgentA wins,19.67,0,0,0,0,0,0,0,0,0,0
38,AgentA wins,20.00,0,0,0,0,0,0,0,0,0,0
39,AgentA wins,18.00,0,0,0,0,0,0,0,0,0,0
40,AgentA wins,20.00,0,0,0,0,0,0,0,0,0,0
31,AgentA wins,23.33,0,0,0,0,0,0,0,0,0,0
32,AgentA wins,19.67,0,0,0,0,0,0,0,0,0,0
33,AgentA wins,17.00,0,0,0,0,0,0,0,0,0,0
34,AgentA wins,15.00,0,0,0,0,0,0,0,0,0,0
35,AgentA wins,19.67,0,0,0,0,0,0,0,0,0,0
36,AgentA wins,20.00,0,0,0,0,0,0,0,0,0,0
37,AgentA wins,15.00,0,0,0,0,0,0,0,0,0,0
38,AgentA wins,15.00,0,0,0,0,0,0,0,0,0,0
39,AgentA wins,20.00,0,0,0,0,0,0,0,0,0,0
40,AgentA wins,20.00,0,0,0,0,0,0,0,0,0,0
31,AgentA wins,15.00,0,0,0,0,0,0,0,0,0,0
32,AgentA wins,15.00,0,0,0,0,0,0,0,0,0,0
33,AgentA wins,15.00,0,0,0,0,0,0,0,0,0,0
34,AgentA wins,15.00,0,0,0,0,0,0,0,0,0,0
35,AgentA wins,18.00,0,0,0,0,0,0,0,0,0,0
36,AgentA wins,20.00,0,0,0,0,0,0,0,0,0,0
37,AgentA wins,19.67,0,0,0,0,0,0,0,0,0,0
38,AgentA wins,23.33,0,0,0,0,0,0,0,0,0,0
39,AgentA wins,23.33,0,0,0,0,0,0,0,0,0,0
40,AgentA wins,20.00,0,0,0,0,0,0,0,0,0,0
31,AgentA wins,19.67,0,0,0,0,0,0,0,0,0,0
32,AgentA wins,19.67,0,0,0,0,0,0,0,0,0,0
33,AgentA wins,23.33,0,0,0,0,0,0,0,0,0,0
34,AgentA wins,17.00,0,0,0,0,0,0,0,0,0,0
35,AgentA wins,17.00,0,0,0,0,0,0,0,0,0,0
36,AgentA wins,20.00,0,0,0,0,0,0,0,0,0,0
37,AgentA wins,15.00,0,0,0,0,0,0,0,0,0,0
38,AgentA wins,20.00,0,0,0,0,0,0,0,0,0,0
39,AgentA wins,15.00,0,0,0,0,0,0,0,0,0,0
40,AgentA wins,20.00,0,0,0,0,0,0,0,0,0,0
21,AgentA wins,15.00,0,0,0,0,0,0,0,0,0,0
22,AgentA wins,27.67,0,0,0,0,0,0,0,0,0,0
23,AgentA wins,15.00,0,0,0,0,0,0,0,0,0,0
24,AgentA wins,15.00,0,0,0,0,0,0,0,0,0,0
25,AgentA wins,41.67,0,0,0,0,0,0,0,0,0,0
26,AgentA wins,23.67,0,0,0,0,0,0,0,0,0,0
27,AgentA wins,15.00,0,0,0,0,0,0,0,0,0,0
28,AgentA wins,31.33,0,0,0,0,0,0,0,0,0,0
29,AgentA wins,21.00,0,0,0,0,0,0,0,0,0,0
30,AgentA wins,32.67,0,0,0,0,0,0,0,0,0,0
31,AgentA wins,18.00,0,0,0,0,0,0,0,0,0,0
32,AgentA wins,20.00,0,0,0,0,0,0,0,0,0,0
33,AgentA wins,20.00,0,0,0,0,0,0,0,0,0,0
34,AgentA wins,15.00,0,0,0,0,0,0,0,0,0,0
35,AgentA wins,20.00,0,0,0,0,0,0,0,0,0,0
36,AgentA wins,19.67,0,0,0,0,0,0,0,0,0,0
37,AgentA wins,17.00,0,0,0,0,0,0,0,0,0,0
38,AgentA wins,15.00,0,0,0,0,0,0,0,0,0,0
39,AgentA wins,20.00,0,0,0,0,0,0,0,0,0,0
40,AgentA wins,20.00,0,0,0,0,0,0,0,0,0,0
31,AgentA wins,15.00,0,0,0,0,0,0,0,0,0,0
32,AgentA wins,20.00,0,0,0,0,0,0,0,0,0,0
33,AgentA wins,23.33,0,0,0,0,0,0,0,0,0,0
34,AgentA wins,20.00,0,0,0,0,0,0,0,0,0,0
35,AgentA wins,20.00,0,0,0,0,0,0,0,0,0,0
36,AgentA wins,19.67,0,0,0,0,0,0,0,0,0,0
37,AgentA wins,23.33,0,0,0,0,0,0,0,0,0,0
38,AgentA wins,20.00,0,0,0,0,0,0,0,0,0,0
39,AgentA wins,23.33,0,0,0,0,0,0,0,0,0,0
40,AgentA wins,15.00,0,0,0,0,0,0,0,0,0,0
21,AgentA wins,18.00,0,0,0,0,0,0,0,0,0,0
22,AgentA wins,24.00,0,0,0,0,0,0,0,0,0,0
23,AgentA wins,20.00,0,0,0,0,0,0,0,0,0,0
24,AgentA wins,26.67,0,0,0,0,0,0,0,0,0,0
25,AgentA wins,18.00,0,0,0,0,0,0,0,0,0,0
26,AgentB wins,37.00,0,0,0,0,0,0,0,0,0,0
27,AgentA wins,33.00,0,0,0,0,0,0,0,0,0,0
28,AgentA wins,50.67,0,0,0,0,0,0,0,0,0,0
29,AgentA wins,21.00,0,0,0,0,0,0,0,0,0,0
30,AgentA wins,15.00,0,0,0,0,0,0,0,0,0,0
31,AgentA wins,17.00,0,0,0,0,0,0,0,0,0,0
32,AgentA wins,20.00,0,0,0,0,0,0,0,0,0,0
33,AgentA wins,20.00,0,0,0,0,0,0,0,0,0,0
34,AgentA wins,17.00,0,0,0,0,0,0,0,0,0,0
35,AgentA wins,19.67,0,0,0,0,0,0,0,0,0,0
36,AgentA wins,20.00,0,0,0,0,0,0,0,0,0,0
37,AgentA wins,20.00,0,0,0,0,0,0,0,0,0,0
38,AgentA wins,18.00,0,0,0,0,0,0,0,0,0,0
39,AgentA wins,15.00,0,0,0,0,0,0,0,0,0,0
40,AgentA wins,20.00,0,0,0,0,0,0,0,0,0,0
31,AgentA wins,20.00,0,0,0,0,0,0,0,0,0,0
32,AgentA wins,20.00,0,0,0,0,0,0,0,0,0,0
33,AgentA wins,17.00,0,0,0,0,0,0,0,0,0,0
34,AgentA wins,23.33,0,0,0,0,0,0,0,0,0,0
35,AgentA wins,17.00,0,0,0,0,0,0,0,0,0,0
36,AgentA wins,20.00,0,0,0,0,0,0,0,0,0,0
37,AgentA wins,15.00,0,0,0,0,0,0,0,0,0,0
38,AgentA wins,19.67,0,0,0,0,0,0,0,0,0,0
39,AgentA wins,17.00,0,0,0,0,0,0,0,0,0,0
40,AgentA wins,17.00,0,0,0,0,0,0,0,0,0,0
31,AgentA wins,20.00,0,0,0,0,0,0,0,0,0,0
32,AgentA wins,20.00,0,0,0,0,0,0,0,0,0,0
33,AgentA wins,18.00,0,0,0,0,0,0,0,0,0,0
34,AgentA wins,17.00,0,0,0,0,0,0,0,0,0,0
35,AgentA wins,15.00,0,0,0,0,0,0,0,0,0,0
36,AgentA wins,20.00,0,0,0,0,0,0,0,0,0,0
37,AgentA wins,20.00,0,0,0,0,0,0,0,0,0,0
38,AgentA wins,20.00,0,0,0,0,0,0,0,0,0,0
39,AgentA wins,20.00,0,0,0,0,0,0,0,0,0,0
40,AgentA wins,20.00,0,0,0,0,0,0,0,0,0,0
31,AgentA wins,18.00,0,0,0,0,0,0,0,0,0,0
32,AgentA wins,17.00,0,0,0,0,0,0,0,0,0,0
33,AgentA wins,15.00,0,0,0,0,0,0,0,0,0,0
34,AgentA wins,20.00,0,0,0,0,0,0,0,0,0,0
35,AgentA wins,20.00,0,0,0,0,0,0,0,0,0,0
36,AgentA wins,20.00,0,0,0,0,0,0,0,0,0,0
37,AgentA wins,18.00,0,0,0,0,0,0,0,0,0,0
38,AgentA wins,20.00,0,0,0,0,0,0,0,0,0,0
39,AgentA wins,20.00,0,0,0,0,0,0,0,0,0,0
40,AgentA wins,18.00,0,0,0,0,0,0,0,0,0,0
31,AgentA wins,18.00,0,0,0,0,0,0,0,0,0,0
32,AgentA wins,20.00,0,0,0,0,0,0,0,0,0,0
33,AgentA wins,15.00,0,0,0,0,0,0,0,0,0,0
34,AgentA wins,15.00,0,0,0,0,0,0,0,0,0,0
35,AgentA wins,19.67,0,0,0,0,0,0,0,0,0,0
36,AgentA wins,20.00,0,0,0,0,0,0,0,0,0,0
37,AgentA wins,20.00,0,0,0,0,0,0,0,0,0,0
38,AgentA wins,20.00,0,0,0,0,0,0,0,0,0,0
39,AgentA wins,20.00,0,0,0,0,0,0,0,0,0,0
40,AgentA wins,20.00,0,0,0,0,0,0,0,0,0,0
31,AgentA wins,25.67,0,0,0,0,0,0,0,0,0,0
32,AgentA wins,18.00,0,0,0,0,0,0,0,0,0,0
33,AgentA wins,20.00,0,0,0,0,0,0,0,0,0,0
34,AgentA wins,20.00,0,0,0,0,0,0,0,0,0,0
35,AgentA wins,19.67,0,0,0,0,0,0,0,0,0,0
36,AgentA wins,20.00,0,0,0,0,0,0,0,0,0,0
37,AgentA wins,15.00,0,0,0,0,0,0,0,0,0,0
38,AgentA wins,20.00,0,0,0,0,0,0,0,0,0,0
39,AgentA wins,18.00,0,0,0,0,0,0,0,0,0,0
40,AgentA wins,20.00,0,0,0,0,0,0,0,0,0,0
21,AgentA wins,33.00,0,0,0,0,0,0,0,0,0,0
22,AgentA wins,15.00,0,0,0,0,0,0,0,0,0,0
23,AgentB wins,34.00,0,0,0,0,0,0,0,0,0,0
24,AgentA wins,21.00,0,0,0,0,0,0,0,0,0,0
25,AgentA wins,36.33,0,0,0,0,0,0,0,0,0,0
26,timeout draw,60.00,0,0,0,0,0,0,0,0,0,0
27,AgentA wins,24.00,0,0,0,0,0,0,0,0,0,0
28,AgentA wins,21.00,0,0,0,0,0,0,0,0,0,0
29,AgentA wins,15.00,0,0,0,0,0,0,0,0,0,0
30,AgentA wins,15.00,0,0,0,0,0,0,0,0,0,0
21,AgentB wins,46.00,0,0,0,0,0,0,0,0,0,0
22,AgentA wins,15.00,0,0,0,0,0,0,0,0,0,0
23,AgentA wins,36.00,0,0,0,0,0,0,0,0,0,0
24,AgentA wins,15.00,0,0,0,0,0,0,0,0,0,0
25,AgentA wins,27.00,0,0,0,0,0,0,0,0,0,0
26,AgentA wins,27.00,0,0,0,0,0,0,0,0,0,0
27,AgentA wins,18.67,0,0,0,0,0,0,0,0,0,0
28,AgentA wins,31.33,0,0,0,0,0,0,0,0,0,0
29,AgentA wins,35.00,0,0,0,0,0,0,0,0,0,0
30,AgentA wins,49.67,0,0,0,0,0,0,0,0,0,0
21,AgentA wins,29.67,0,0,0,0,0,0,0,0,0,0
22,AgentA wins,42.67,0,0,0,0,0,0,0,0,0,0
23,AgentA wins,15.00,0,0,0,0,0,0,0,0,0,0
24,AgentA wins,15.00,0,0,0,0,0,0,0,0,0,0
25,AgentA wins,32.00,0,0,0,0,0,0,0,0,0,0
26,AgentA wins,21.00,0,0,0,0,0,0,0,0,0,0
27,AgentA wins,42.67,0,0,0,0,0,0,0,0,0,0
28,AgentA wins,42.67,0,0,0,0,0,0,0,0,0,0
29,AgentB wins,33.67,0,0,0,0,0,0,0,0,0,0
30,AgentA wins,33.67,0,0,0,0,0,0,0,0,0,0
21,AgentA wins,36.00,0,0,0,0,0,0,0,0,0,0
22,AgentA wins,27.00,0,0,0,0,0,0,0,0,0,0
23,AgentA wins,41.67,0,0,0,0,0,0,0,0,0,0
24,AgentA wins,24.00,0,0,0,0,0,0,0,0,0,0
25,AgentA wins,15.00,0,0,0,0,0,0,0,0,0,0
26,AgentA wins,42.67,0,0,0,0,0,0,0,0,0,0
27,AgentA wins,15.00,0,0,0,0,0,0,0,0,0,0
28,AgentA wins,26.00,0,0,0,0,0,0,0,0,0,0
29,AgentA wins,41.00,0,0,0,0,0,0,0,0,0,0
30,AgentA wins,21.00,0,0,0,0,0,0,0,0,0,0
21,AgentB wins,32.67,0,0,0,0,0,0,0,0,0,0
22,AgentA wins,35.33,0,0,0,0,0,0,0,0,0,0
23,AgentB wins,23.67,0,0,0,0,0,0,0,0,0,0
24,AgentA wins,39.67,0,0,0,0,0,0,0,0,0,0
25,AgentA wins,41.00,0,0,0,0,0,0,0,0,0,0
26,AgentA wins,15.00,0,0,0,0,0,0,0,0,0,0
27,AgentA wins,21.00,0,0,0,0,0,0,0,0,0,0
28,AgentA wins,27.00,0,0,0,0,0,0,0,0,0,0
29,AgentA wins,45.00,0,0,0,0,0,0,0,0,0,0
30,AgentA wins,15.67,0,0,0,0,0,0,0,0,0,0
21,AgentB wins,40.67,0,0,0,0,0,0,0,0,0,0
22,AgentA wins,51.67,0,0,0,0,0,0,0,0,0,0
23,AgentA wins,46.00,0,0,0,0,0,0,0,0,0,0
24,AgentA wins,15.00,0,0,0,0,0,0,0,0,0,0
25,AgentA wins,15.00,0,0,0,0,0,0,0,0,0,0
26,AgentA wins,18.00,0,0,0,0,0,0,0,0,0,0
27,AgentA wins,24.00,0,0,0,0,0,0,0,0,0,0
28,timeout draw,60.00,0,0,0,0,0,0,0,0,0,0
29,AgentA wins,33.67,0,0,0,0,0,0,0,0,0,0
30,AgentA wins,30.00,0,0,0,0,0,0,0,0,0,0
21,AgentA wins,42.00,0,0,0,0,0,0,0,0,0,0
22,AgentA wins,18.00,0,0,0,0,0,0,0,0,0,0
23,AgentB wins,45.67,0,0,0,0,0,0,0,0,0,0
24,AgentB wins,24.67,0,0,0,0,0,0,0,0,0,0
25,AgentA wins,35.67,0,0,0,0,0,0,0,0,0,0
26,AgentA wins,33.00,0,0,0,0,0,0,0,0,0,0
27,AgentA wins,15.00,0,0,0,0,0,0,0,0,0,0
28,AgentA wins,26.00,0,0,0,0,0,0,0,0,0,0
29,AgentA wins,18.00,0,0,0,0,0,0,0,0,0,0
30,AgentA wins,31.67,0,0,0,0,0,0,0,0,0,0
41,AgentA wins,20.00,0,0,0,0,0,0,0,0,0,0
42,AgentA wins,20.00,0,0,0,0,0,0,0,0,0,0
43,AgentA wins,23.33,0,0,0,0,0,0,0,0,0,0
44,AgentA wins,20.00,0,0,0,0,0,0,0,0,0,0
45,AgentA wins,15.00,0,0,0,0,0,0,0,0,0,0
46,AgentA wins,20.00,0,0,0,0,0,0,0,0,0,0
47,AgentA wins,20.00,0,0,0,0,0,0,0,0,0,0
48,AgentA wins,18.00,0,0,0,0,0,0,0,0,0,0
49,AgentA wins,20.00,0,0,0,0,0,0,0,0,0,0
50,AgentA wins,20.00,0,0,0,0,0,0,0,0,0,0
41,AgentA wins,15.00,0,0,0,0,0,0,0,0,0,0
42,AgentA wins,15.00,0,0,0,0,0,0,0,0,0,0
43,AgentA wins,18.00,0,0,0,0,0,0,0,0,0,0
44,AgentA wins,20.00,0,0,0,0,0,0,0,0,0,0
45,AgentA wins,20.00,0,0,0,0,0,0,0,0,0,0
46,AgentA wins,15.00,0,0,0,0,0,0,0,0,0,0
47,AgentA wins,15.00,0,0,0,0,0,0,0,0,0,0
48,AgentA wins,18.00,0,0,0,0,0,0,0,0,0,0
49,AgentA wins,15.00,0,0,0,0,0,0,0,0,0,0
50,AgentB wins,24.67,0,0,0,0,0,0,0,0,0,0
41,AgentA wins,18.00,0,0,0,0,0,0,0,0,0,0
42,AgentA wins,19.67,0,0,0,0,0,0,0,0,0,0
43,AgentA wins,17.00,0,0,0,0,0,0,0,0,0,0
44,AgentA wins,18.00,0,0,0,0,0,0,0,0,0,0
45,AgentA wins,15.00,0,0,0,0,0,0,0,0,0,0
46,AgentA wins,18.00,0,0,0,0,0,0,0,0,0,0
47,AgentA wins,20.00,0,0,0,0,0,0,0,0,0,0
48,AgentA wins,15.00,0,0,0,0,0,0,0,0,0,0
49,AgentA wins,20.00,0,0,0,0,0,0,0,0,0,0
50,AgentA wins,18.00,0,0,0,0,0,0,0,0,0,0
41,AgentA wins,20.00,0,0,0,0,0,0,0,0,0,0
42,AgentA wins,20.00,0,0,0,0,0,0,0,0,0,0
43,AgentA wins,20.00,0,0,0,0,0,0,0,0,0,0
44,AgentA wins,17.00,0,0,0,0,0,0,0,0,0,0
45,AgentA wins,19.67,0,0,0,0,0,0,0,0,0,0
46,AgentA wins,20.00,0,0,0,0,0,0,0,0,0,0
47,AgentA wins,20.00,0,0,0,0,0,0,0,0,0,0
48,AgentA wins,20.00,0,0,0,0,0,0,0,0,0,0
49,AgentA wins,20.00,0,0,0,0,0,0,0,0,0,0
50,AgentA wins,15.00,0,0,0,0,0,0,0,0,0,0
41,AgentA wins,20.00,0,0,0,0,0,0,0,0,0,0
42,AgentA wins,20.00,0,0,0,0,0,0,0,0,0,0
43,AgentA wins,15.00,0,0,0,0,0,0,0,0,0,0
44,AgentA wins,20.00,0,0,0,0,0,0,0,0,0,0
45,AgentA wins,15.00,0,0,0,0,0,0,0,0,0,0
46,AgentA wins,20.00,0,0,0,0,0,0,0,0,0,0
47,AgentA wins,15.00,0,0,0,0,0,0,0,0,0,0
48,AgentA wins,20.00,0,0,0,0,0,0,0,0,0,0
49,AgentA wins,15.00,0,0,0,0,0,0,0,0,0,0
50,AgentA wins,27.33,0,0,0,0,0,0,0,0,0,0
41,AgentA wins,20.00,0,0,0,0,0,0,0,0,0,0
42,AgentA wins,15.00,0,0,0,0,0,0,0,0,0,0
43,AgentA wins,20.00,0,0,0,0,0,0,0,0,0,0
44,AgentA wins,19.67,0,0,0,0,0,0,0,0,0,0
45,AgentA wins,20.00,0,0,0,0,0,0,0,0,0,0
46,AgentA wins,20.00,0,0,0,0,0,0,0,0,0,0
47,AgentA wins,15.00,0,0,0,0,0,0,0,0,0,0
48,AgentA wins,15.00,0,0,0,0,0,0,0,0,0,0
49,AgentA wins,15.00,0,0,0,0,0,0,0,0,0,0
50,AgentA wins,19.67,0,0,0,0,0,0,0,0,0,0
41,AgentA wins,18.00,0,0,0,0,0,0,0,0,0,0
42,AgentA wins,19.67,0,0,0,0,0,0,0,0,0,0
43,AgentA wins,20.00,0,0,0,0,0,0,0,0,0,0
44,AgentA wins,20.00,0,0,0,0,0,0,0,0,0,0
45,AgentA wins,20.00,0,0,0,0,0,0,0,0,0,0
46,AgentA wins,20.00,0,0,0,0,0,0,0,0,0,0
47,AgentA wins,22.33,0,0,0,0,0,0,0,0,0,0
48,AgentA wins,18.00,0,0,0,0,0,0,0,0,0,0
49,AgentA wins,17.00,0,0,0,0,0,0,0,0,0,0
50,AgentA wins,18.00,0,0,0,0,0,0,0,0,0,0
41,AgentA wins,20.00,0,0,0,0,0,0,0,0,0,0
42,AgentA wins,19.67,0,0,0,0,0,0,0,0,0,0
43,AgentA wins,19.67,0,0,0,0,0,0,0,0,0,0
44,AgentA wins,20.00,0,0,0,0,0,0,0,0,0,0
45,AgentA wins,20.00,0,0,0,0,0,0,0,0,0,0
46,AgentA wins,15.00,0,0,0,0,0,0,0,0,0,0
47,AgentA wins,15.00,0,0,0,0,0,0,0,0,0,0
48,AgentA wins,15.00,0,0,0,0,0,0,0,0,0,0
49,AgentA wins,15.00,0,0,0,0,0,0,0,0,0,0
50,AgentA wins,15.00,0,0,0,0,0,0,0,0,0,0
41,AgentA wins,17.00,0,0,0,0,0,0,0,0,0,0
42,AgentA wins,19.67,0,0,0,0,0,0,0,0,0,0
43,AgentA wins,15.00,0,0,0,0,0,0,0,0,0,0
44,AgentA wins,19.67,0,0,0,0,0,0,0,0,0,0
45,AgentA wins,20.00,0,0,0,0,0,0,0,0,0,0
46,AgentA wins,20.00,0,0,0,0,0,0,0,0,0,0
47,AgentA wins,18.00,0,0,0,0,0,0,0,0,0,0
48,AgentA wins,15.00,0,0,0,0,0,0,0,0,0,0
49,AgentA wins,18.00,0,0,0,0,0,0,0,0,0,0
50,AgentA wins,19.67,0,0,0,0,0,0,0,0,0,0
41,AgentA wins,17.00,0,0,0,0,0,0,0,0,0,0
42,AgentA wins,20.00,0,0,0,0,0,0,0,0,0,0
43,AgentA wins,18.00,0,0,0,0,0,0,0,0,0,0
44,AgentB wins,24.67,0,0,0,0,0,0,0,0,0,0
45,AgentA wins,20.00,0,0,0,0,0,0,0,0,0,0
46,AgentA wins,20.00,0,0,0,0,0,0,0,0,0,0
47,AgentA wins,20.00,0,0,0,0,0,0,0,0,0,0
48,AgentA wins,15.00,0,0,0,0,0,0,0,0,0,0
49,AgentA wins,20.00,0,0,0,0,0,0,0,0,0,0
50,AgentA wins,22.33,0,0,0,0,0,0,0,0,0,0
41,AgentA wins,15.00,0,0,0,0,0,0,0,0,0,0
42,AgentA wins,19.67,0,0,0,0,0,0,0,0,0,0
43,AgentA wins,15.00,0,0,0,0,0,0,0,0,0,0
44,AgentA wins,20.00,0,0,0,0,0,0,0,0,0,0
45,AgentA wins,15.00,0,0,0,0,0,0,0,0,0,0
46,AgentA wins,19.67,0,0,0,0,0,0,0,0,0,0
47,AgentA wins,20.00,0,0,0,0,0,0,0,0,0,0
48,AgentA wins,18.00,0,0,0,0,0,0,0,0,0,0
49,AgentA wins,15.00,0,0,0,0,0,0,0,0,0,0
50,AgentA wins,15.00,0,0,0,0,0,0,0,0,0,0
41,AgentA wins,15.00,0,0,0,0,0,0,0,0,0,0
42,AgentA wins,15.00,0,0,0,0,0,0,0,0,0,0
43,AgentA wins,15.00,0,0,0,0,0,0,0,0,0,0
44,AgentA wins,20.00,0,0,0,0,0,0,0,0,0,0
45,AgentA wins,23.33,0,0,0,0,0,0,0,0,0,0
46,AgentA wins,15.00,0,0,0,0,0,0,0,0,0,0
47,AgentA wins,20.00,0,0,0,0,0,0,0,0,0,0
48,AgentA wins,20.00,0,0,0,0,0,0,0,0,0,0
49,AgentA wins,19.67,0,0,0,0,0,0,0,0,0,0
50,AgentA wins,15.00,0,0,0,0,0,0,0,0,0,0
31,AgentA wins,29.33,265,258,0,149,0,210,0,31,36,63
32,AgentA wins,18.00,163,165,0,101,0,125,0,21,17,43
33,AgentA wins,18.00,161,162,0,106,0,124,0,24,15,43
34,AgentA wins,15.00,135,135,0,77,0,101,0,17,16,32
35,AgentA wins,15.00,134,139,0,87,0,107,0,22,17,34
36,AgentB wins,34.67,310,314,0,167,0,241,0,38,48,59
37,AgentA wins,15.00,137,136,0,85,0,105,0,17,14,35
38,AgentA wins,25.67,236,231,0,142,0,186,0,26,27,60
39,AgentA wins,46.33,412,418,0,238,0,303,0,66,54,103
40,AgentA wins,26.67,242,238,0,143,0,187,0,32,35,53
41,AgentA wins,20.00,0,0,0,0,0,0,0,0,0,0
42,AgentA wins,15.00,0,0,0,0,0,0,0,0,0,0
43,AgentA wins,19.67,0,0,0,0,0,0,0,0,0,0
44,AgentA wins,15.00,0,0,0,0,0,0,0,0,0,0
45,AgentA wins,17.00,0,0,0,0,0,0,0,0,0,0
46,AgentA wins,20.00,0,0,0,0,0,0,0,0,0,0
47,AgentA wins,15.00,0,0,0,0,0,0,0,0,0,0
48,AgentA wins,20.00,0,0,0,0,0,0,0,0,0,0
49,AgentA wins,20.00,0,0,0,0,0,0,0,0,0,0
50,AgentA wins,20.00,0,0,0,0,0,0,0,0,0,0
41,AgentA wins,19.67,0,0,0,0,0,0,0,0,0,0
42,AgentA wins,20.00,0,0,0,0,0,0,0,0,0,0
43,AgentA wins,20.00,0,0,0,0,0,0,0,0,0,0
44,AgentA wins,20.00,0,0,0,0,0,0,0,0,0,0
45,AgentA wins,20.00,0,0,0,0,0,0,0,0,0,0
46,AgentA wins,20.00,0,0,0,0,0,0,0,0,0,0
47,AgentA wins,15.00,0,0,0,0,0,0,0,0,0,0
48,AgentA wins,19.67,0,0,0,0,0,0,0,0,0,0
49,AgentA wins,20.00,0,0,0,0,0,0,0,0,0,0
50,AgentA wins,20.00,0,0,0,0,0,0,0,0,0,0
41,AgentA wins,20.00,0,0,0,0,0,0,0,0,0,0
42,AgentA wins,19.67,0,0,0,0,0,0,0,0,0,0
43,AgentA wins,20.00,0,0,0,0,0,0,0,0,0,0
44,AgentA wins,20.00,0,0,0,0,0,0,0,0,0,0
45,AgentA wins,20.00,0,0,0,0,0,0,0,0,0,0
46,AgentA wins,18.00,0,0,0,0,0,0,0,0,0,0
47,AgentA wins,20.00,0,0,0,0,0,0,0,0,0,0
48,AgentA wins,15.00,0,0,0,0,0,0,0,0,0,0
49,AgentA wins,20.00,0,0,0,0,0,0,0,0,0,0
50,AgentA wins,25.00,0,0,0,0,0,0,0,0,0,0
31,AgentA wins,15.00,0,0,0,0,0,0,0,0,0,0
32,AgentA wins,26.00,0,0,0,0,0,0,0,0,0,0
33,AgentA wins,18.00,0,0,0,0,0,0,0,0,0,0
34,AgentA wins,21.00,0,0,0,0,0,0,0,0,0,0
35,AgentA wins,27.00,0,0,0,0,0,0,0,0,0,0
36,AgentA wins,21.00,0,0,0,0,0,0,0,0,0,0
37,AgentB wins,42.33,0,0,0,0,0,0,0,0,0,0
38,AgentA wins,21.67,0,0,0,0,0,0,0,0,0,0
39,AgentA wins,37.00,0,0,0,0,0,0,0,0,0,0
40,AgentA wins,41.33,0,0,0,0,0,0,0,0,0,0
31,AgentA wins,15.00,0,0,0,0,0,0,0,0,0,0
32,AgentA wins,43.33,0,0,0,0,0,0,0,0,0,0
33,AgentA wins,32.33,0,0,0,0,0,0,0,0,0,0
34,AgentA wins,15.00,0,0,0,0,0,0,0,0,0,0
35,AgentB wins,57.33,0,0,0,0,0,0,0,0,0,0
36,AgentA wins,30.67,0,0,0,0,0,0,0,0,0,0
37,AgentA wins,32.33,0,0,0,0,0,0,0,0,0,0
38,AgentA wins,24.00,0,0,0,0,0,0,0,0,0,0
39,AgentA wins,26.67,0,0,0,0,0,0,0,0,0,0
40,AgentA wins,24.67,0,0,0,0,0,0,0,0,0,0
31,AgentB wins,34.33,0,0,0,0,0,0,0,0,0,0
32,AgentB wins,26.67,0,0,0,0,0,0,0,0,0,0
33,AgentA wins,15.00,0,0,0,0,0,0,0,0,0,0
34,AgentA wins,15.00,0,0,0,0,0,0,0,0,0,0
35,AgentA wins,35.00,0,0,0,0,0,0,0,0,0,0
36,AgentA wins,15.00,0,0,0,0,0,0,0,0,0,0
37,AgentA wins,28.67,0,0,0,0,0,0,0,0,0,0
38,AgentA wins,35.67,0,0,0,0,0,0,0,0,0,0
39,AgentA wins,29.67,0,0,0,0,0,0,0,0,0,0
40,AgentA wins,21.67,0,0,0,0,0,0,0,0,0,0
31,AgentA wins,15.00,0,0,0,0,0,0,0,0,0,0
32,AgentA wins,52.33,0,0,0,0,0,0,0,0,0,0
33,AgentA wins,29.33,0,0,0,0,0,0,0,0,0,0
34,AgentA wins,15.00,0,0,0,0,0,0,0,0,0,0
35,AgentA wins,15.00,0,0,0,0,0,0,0,0,0,0
36,AgentA wins,30.33,0,0,0,0,0,0,0,0,0,0
37,AgentA wins,15.00,0,0,0,0,0,0,0,0,0,0
38,AgentA wins,15.00,0,0,0,0,0,0,0,0,0,0
39,AgentA wins,17.67,0,0,0,0,0,0,0,0,0,0
40,AgentA wins,43.33,0,0,0,0,0,0,0,0,0,0
51,AgentA wins,17.00,0,0,0,0,0,0,0,0,0,0
52,AgentA wins,19.67,0,0,0,0,0,0,0,0,0,0
53,AgentA wins,20.00,0,0,0,0,0,0,0,0,0,0
54,AgentA wins,20.00,0,0,0,0,0,0,0,0,0,0
55,AgentA wins,20.00,0,0,0,0,0,0,0,0,0,0
56,AgentA wins,15.00,0,0,0,0,0,0,0,0,0,0
57,AgentA wins,15.00,0,0,0,0,0,0,0,0,0,0
58,AgentA wins,15.00,0,0,0,0,0,0,0,0,0,0
59,AgentA wins,19.67,0,0,0,0,0,0,0,0,0,0
60,AgentA wins,20.00,0,0,0,0,0,0,0,0,0,0
51,AgentA wins,15.00,0,0,0,0,0,0,0,0,0,0
52,AgentA wins,19.67,0,0,0,0,0,0,0,0,0,0
53,AgentA wins,17.00,0,0,0,0,0,0,0,0,0,0
54,AgentA wins,20.00,0,0,0,0,0,0,0,0,0,0
55,AgentA wins,15.00,0,0,0,0,0,0,0,0,0,0
56,AgentA wins,17.00,0,0,0,0,0,0,0,0,0,0
57,AgentA wins,20.00,0,0,0,0,0,0,0,0,0,0
58,AgentA wins,17.00,0,0,0,0,0,0,0,0,0,0
59,AgentA wins,15.00,0,0,0,0,0,0,0,0,0,0
60,AgentA wins,15.00,0,0,0,0,0,0,0,0,0,0
51,AgentA wins,20.00,0,0,0,0,0,0,0,0,0,0
52,AgentA wins,17.00,0,0,0,0,0,0,0,0,0,0
53,AgentA wins,19.67,0,0,0,0,0,0,0,0,0,0
54,AgentA wins,19.67,0,0,0,0,0,0,0,0,0,0
55,AgentA wins,15.00,0,0,0,0,0,0,0,0,0,0
56,AgentA wins,20.00,0,0,0,0,0,0,0,0,0,0
57,AgentA wins,15.00,0,0,0,0,0,0,0,0,0,0
58,AgentA wins,20.00,0,0,0,0,0,0,0,0,0,0
59,AgentA wins,20.00,0,0,0,0,0,0,0,0,0,0
60,AgentA wins,17.00,0,0,0,0,0,0,0,0,0,0
51,AgentA wins,20.00,0,0,0,0,0,0,0,0,0,0
52,AgentA wins,15.00,0,0,0,0,0,0,0,0,0,0
53,AgentA wins,20.00,0,0,0,0,0,0,0,0,0,0
54,AgentA wins,17.00,0,0,0,0,0,0,0,0,0,0
55,AgentA wins,17.00,0,0,0,0,0,0,0,0,0,0
56,AgentA wins,20.00,0,0,0,0,0,0,0,0,0,0
57,AgentA wins,19.67,0,0,0,0,0,0,0,0,0,0
58,AgentA wins,20.00,0,0,0,0,0,0,0,0,0,0
59,AgentA wins,17.00,0,0,0,0,0,0,0,0,0,0
60,AgentA wins,20.00,0,0,0,0,0,0,0,0,0,0
31,AgentA wins,15.00,0,0,0,0,0,0,0,0,0,0
32,AgentA wins,21.00,0,0,0,0,0,0,0,0,0,0
33,AgentA wins,22.67,0,0,0,0,0,0,0,0,0,0
34,AgentA wins,18.67,0,0,0,0,0,0,0,0,0,0
35,AgentA wins,15.00,0,0,0,0,0,0,0,0,0,0
36,AgentA wins,33.00,0,0,0,0,0,0,0,0,0,0
37,AgentA wins,18.00,0,0,0,0,0,0,0,0,0,0
38,AgentA wins,23.67,0,0,0,0,0,0,0,0,0,0
39,AgentB wins,38.33,0,0,0,0,0,0,0,0,0,0
40,AgentB wins,25.33,0,0,0,0,0,0,0,0,0,0
31,AgentA wins,32.33,0,0,0,0,0,0,0,0,0,0
32,AgentA wins,15.00,0,0,0,0,0,0,0,0,0,0
33,AgentA wins,24.00,0,0,0,0,0,0,0,0,0,0
34,AgentA wins,27.00,0,0,0,0,0,0,0,0,0,0
35,AgentA wins,29.67,0,0,0,0,0,0,0,0,0,0
36,AgentB wins,22.00,0,0,0,0,0,0,0,0,0,0
37,AgentB wins,34.33,0,0,0,0,0,0,0,0,0,0
38,AgentA wins,25.67,0,0,0,0,0,0,0,0,0,0
39,AgentA wins,49.67,0,0,0,0,0,0,0,0,0,0
40,AgentA wins,34.67,0,0,0,0,0,0,0,0,0,0
31,AgentA wins,29.67,0,0,0,0,0,0,0,0,0,0
32,AgentA wins,51.00,0,0,0,0,0,0,0,0,0,0
33,AgentA wins,15.00,0,0,0,0,0,0,0,0,0,0
34,AgentA wins,32.00,0,0,0,0,0,0,0,0,0,0
35,AgentA wins,39.00,0,0,0,0,0,0,0,0,0,0
36,AgentA wins,15.00,0,0,0,0,0,0,0,0,0,0
37,AgentA wins,15.00,0,0,0,0,0,0,0,0,0,0
38,AgentA wins,15.00,0,0,0,0,0,0,0,0,0,0
39,AgentA wins,31.00,0,0,0,0,0,0,0,0,0,0
40,AgentA wins,26.00,0,0,0,0,0,0,0,0,0,0
51,AgentA wins,15.00,0,0,0,0,0,0,0,0,0,0
52,AgentA wins,20.00,0,0,0,0,0,0,0,0,0,0
53,AgentA wins,19.67,0,0,0,0,0,0,0,0,0,0
54,AgentA wins,23.33,0,0,0,0,0,0,0,0,0,0
55,AgentA wins,15.00,0,0,0,0,0,0,0,0,0,0
56,AgentA wins,20.00,0,0,0,0,0,0,0,0,0,0
57,AgentA wins,18.00,0,0,0,0,0,0,0,0,0,0
58,AgentA wins,20.00,0,0,0,0,0,0,0,0,0,0
59,AgentA wins,19.67,0,0,0,0,0,0,0,0,0,0
60,AgentA wins,20.00,0,0,0,0,0,0,0,0,0,0
51,AgentA wins,20.00,0,0,0,0,0,0,0,0,0,0
52,AgentA wins,20.00,0,0,0,0,0,0,0,0,0,0
53,AgentA wins,17.00,0,0,0,0,0,0,0,0,0,0
54,AgentB wins,24.67,0,0,0,0,0,0,0,0,0,0
55,AgentA wins,15.00,0,0,0,0,0,0,0,0,0,0
56,AgentA wins,15.00,0,0,0,0,0,0,0,0,0,0
57,AgentA wins,15.00,0,0,0,0,0,0,0,0,0,0
58,AgentA wins,19.67,0,0,0,0,0,0,0,0,0,0
59,AgentA wins,15.00,0,0,0,0,0,0,0,0,0,0
60,AgentA wins,18.00,0,0,0,0,0,0,0,0,0,0
51,AgentA wins,17.00,0,0,0,0,0,0,0,0,0,0
52,AgentA wins,20.00,0,0,0,0,0,0,0,0,0,0
53,AgentA wins,19.67,0,0,0,0,0,0,0,0,0,0
54,AgentA wins,19.67,0,0,0,0,0,0,0,0,0,0
55,AgentA wins,20.00,0,0,0,0,0,0,0,0,0,0
56,AgentA wins,23.33,0,0,0,0,0,0,0,0,0,0
57,AgentA wins,19.67,0,0,0,0,0,0,0,0,0,0
58,AgentA wins,15.00,0,0,0,0,0,0,0,0,0,0
59,AgentA wins,20.00,0,0,0,0,0,0,0,0,0,0
60,AgentA wins,18.00,0,0,0,0,0,0,0,0,0,0
51,AgentA wins,20.00,0,0,0,0,0,0,0,0,0,0
52,AgentA wins,20.00,0,0,0,0,0,0,0,0,0,0
53,AgentA wins,15.00,0,0,0,0,0,0,0,0,0,0
54,AgentB wins,24.67,0,0,0,0,0,0,0,0,0,0
55,AgentA wins,19.67,0,0,0,0,0,0,0,0,0,0
56,AgentA wins,20.00,0,0,0,0,0,0,0,0,0,0
57,AgentA wins,19.67,0,0,0,0,0,0,0,0,0,0
58,AgentA wins,20.00,0,0,0,0,0,0,0,0,0,0
59,AgentA wins,15.00,0,0,0,0,0,0,0,0,0,0
60,AgentA wins,20.00,0,0,0,0,0,0,0,0,0,0
51,AgentA wins,20.00,0,0,0,0,0,0,0,0,0,0
52,AgentA wins,19.67,0,0,0,0,0,0,0,0,0,0
53,AgentA wins,18.00,0,0,0,0,0,0,0,0,0,0
54,AgentB wins,24.67,0,0,0,0,0,0,0,0,0,0
55,AgentA wins,20.00,0,0,0,0,0,0,0,0,0,0
56,AgentA wins,15.00,0,0,0,0,0,0,0,0,0,0
57,AgentA wins,19.67,0,0,0,0,0,0,0,0,0,0
58,AgentA wins,19.67,0,0,0,0,0,0,0,0,0,0
59,AgentA wins,20.00,0,0,0,0,0,0,0,0,0,0
60,AgentB wins,24.67,0,0,0,0,0,0,0,0,0,0
51,AgentA wins,20.00,0,0,0,0,0,0,0,0,0,0
52,AgentB wins,24.67,0,0,0,0,0,0,0,0,0,0
53,AgentA wins,19.67,0,0,0,0,0,0,0,0,0,0
54,AgentA wins,19.67,0,0,0,0,0,0,0,0,0,0
55,AgentA wins,19.67,0,0,0,0,0,0,0,0,0,0
56,AgentB wins,24.67,0,0,0,0,0,0,0,0,0,0
57,AgentA wins,25.00,0,0,0,0,0,0,0,0,0,0
58,AgentA wins,19.67,0,0,0,0,0,0,0,0,0,0
59,AgentA wins,19.67,0,0,0,0,0,0,0,0,0,0
60,AgentA wins,15.00,0,0,0,0,0,0,0,0,0,0
51,AgentA wins,19.67,0,0,0,0,0,0,0,0,0,0
52,AgentA wins,18.00,0,0,0,0,0,0,0,0,0,0
53,AgentB wins,24.67,0,0,0,0,0,0,0,0,0,0
54,AgentA wins,19.67,0,0,0,0,0,0,0,0,0,0
55,AgentA wins,19.67,0,0,0,0,0,0,0,0,0,0
56,AgentA wins,23.33,0,0,0,0,0,0,0,0,0,0
57,AgentA wins,15.00,0,0,0,0,0,0,0,0,0,0
58,AgentA wins,19.67,0,0,0,0,0,0,0,0,0,0
59,AgentA wins,20.00,0,0,0,0,0,0,0,0,0,0
60,AgentA wins,22.33,0,0,0,0,0,0,0,0,0,0
51,AgentA wins,22.33,0,0,0,0,0,0,0,0,0,0
52,AgentA wins,19.67,0,0,0,0,0,0,0,0,0,0
53,AgentA wins,15.00,0,0,0,0,0,0,0,0,0,0
54,AgentA wins,22.33,0,0,0,0,0,0,0,0,0,0
55,AgentA wins,22.33,0,0,0,0,0,0,0,0,0,0
56,AgentA wins,20.00,0,0,0,0,0,0,0,0,0,0
57,AgentA wins,17.00,0,0,0,0,0,0,0,0,0,0
58,AgentB wins,24.67,0,0,0,0,0,0,0,0,0,0
59,AgentA wins,20.00,0,0,0,0,0,0,0,0,0,0
60,AgentA wins,19.67,0,0,0,0,0,0,0,0,0,0
31,AgentA wins,41.00,0,0,0,0,0,0,0,0,0,0
32,AgentB wins,30.00,0,0,0,0,0,0,0,0,0,0
33,AgentA wins,18.67,0,0,0,0,0,0,0,0,0,0
34,AgentA wins,18.00,0,0,0,0,0,0,0,0,0,0
35,AgentA wins,15.00,0,0,0,0,0,0,0,0,0,0
36,AgentA wins,31.33,0,0,0,0,0,0,0,0,0,0
37,AgentA wins,48.00,0,0,0,0,0,0,0,0,0,0
38,AgentA wins,38.33,0,0,0,0,0,0,0,0,0,0
39,AgentA wins,35.00,0,0,0,0,0,0,0,0,0,0
40,AgentA wins,21.00,0,0,0,0,0,0,0,0,0,0
51,AgentA wins,25.00,0,0,0,0,0,0,0,0,0,0
52,AgentA wins,22.33,0,0,0,0,0,0,0,0,0,0
53,AgentA wins,15.00,0,0,0,0,0,0,0,0,0,0
54,AgentB wins,24.67,0,0,0,0,0,0,0,0,0,0
55,AgentA wins,22.33,0,0,0,0,0,0,0,0,0,0
56,AgentA wins,20.00,0,0,0,0,0,0,0,0,0,0
57,AgentA wins,18.00,0,0,0,0,0,0,0,0,0,0
58,AgentA wins,19.67,0,0,0,0,0,0,0,0,0,0
59,AgentA wins,17.00,0,0,0,0,0,0,0,0,0,0
60,AgentA wins,20.00,0,0,0,0,0,0,0,0,0,0
31,timeout draw,60.00,0,0,0,0,0,0,0,0,0,0
32,AgentA wins,31.67,0,0,0,0,0,0,0,0,0,0
33,AgentA wins,24.33,0,0,0,0,0,0,0,0,0,0
34,AgentA wins,15.00,0,0,0,0,0,0,0,0,0,0
35,AgentA wins,15.00,0,0,0,0,0,0,0,0,0,0
36,AgentA wins,41.33,0,0,0,0,0,0,0,0,0,0
37,AgentA wins,24.00,0,0,0,0,0,0,0,0,0,0
38,AgentA wins,15.00,0,0,0,0,0,0,0,0,0,0
39,AgentA wins,26.67,0,0,0,0,0,0,0,0,0,0
40,AgentA wins,18.00,0,0,0,0,0,0,0,0,0,0
51,AgentA wins,19.67,0,0,0,0,0,0,0,0,0,0
52,AgentA wins,20.00,0,0,0,0,0,0,0,0,0,0
53,AgentA wins,20.00,0,0,0,0,0,0,0,0,0,0
54,AgentA wins,19.67,0,0,0,0,0,0,0,0,0,0
55,AgentB wins,24.67,0,0,0,0,0,0,0,0,0,0
56,AgentB wins,24.67,0,0,0,0,0,0,0,0,0,0
57,AgentA wins,19.67,0,0,0,0,0,0,0,0,0,0
58,AgentA wins,20.00,0,0,0,0,0,0,0,0,0,0
59,AgentA wins,15.00,0,0,0,0,0,0,0,0,0,0
60,AgentA wins,20.00,0,0,0,0,0,0,0,0,0,0
51,AgentA wins,20.00,0,0,0,0,0,0,0,0,0,0
52,AgentA wins,15.00,0,0,0,0,0,0,0,0,0,0
53,AgentA wins,19.67,0,0,0,0,0,0,0,0,0,0
54,AgentA wins,23.33,0,0,0,0,0,0,0,0,0,0
55,AgentA wins,17.00,0,0,0,0,0,0,0,0,0,0
56,AgentA wins,19.67,0,0,0,0,0,0,0,0,0,0
57,AgentA wins,19.67,0,0,0,0,0,0,0,0,0,0
58,AgentA wins,15.00,0,0,0,0,0,0,0,0,0,0
59,AgentB wins,24.67,0,0,0,0,0,0,0,0,0,0
60,AgentA wins,17.00,0,0,0,0,0,0,0,0,0,0
41,AgentA wins,15.00,140,133,0,76,0,110,0,15,26,21
42,AgentB wins,37.33,335,338,0,195,0,276,0,48,62,54
43,AgentB wins,33.33,303,303,0,172,0,241,0,43,60,53
44,AgentA wins,38.33,346,341,0,193,0,265,0,49,62,60
45,AgentB wins,47.33,427,425,1,253,0,334,0,57,78,74
46,AgentA wins,45.00,404,408,0,234,0,320,0,50,77,71
47,AgentA wins,36.00,325,326,0,182,0,262,0,39,64,46
48,AgentA wins,23.67,211,214,0,131,0,165,0,32,22,47
49,AgentA wins,15.00,137,137,0,79,0,105,0,16,19,36
50,AgentA wins,15.00,139,131,0,79,0,107,0,16,19,36
41,AgentA wins,49.00,0,0,0,0,0,0,0,0,0,0
42,AgentA wins,24.00,0,0,0,0,0,0,0,0,0,0
43,AgentA wins,15.00,0,0,0,0,0,0,0,0,0,0
44,AgentA wins,15.00,0,0,0,0,0,0,0,0,0,0
45,AgentA wins,18.00,0,0,0,0,0,0,0,0,0,0
46,AgentA wins,28.67,0,0,0,0,0,0,0,0,0,0
47,AgentA wins,28.67,0,0,0,0,0,0,0,0,0,0
48,AgentA wins,15.00,0,0,0,0,0,0,0,0,0,0
49,AgentA wins,41.33,0,0,0,0,0,0,0,0,0,0
50,AgentA wins,21.33,0,0,0,0,0,0,0,0,0,0
61,AgentA wins,15.00,0,0,0,0,0,0,0,0,0,0
62,AgentA wins,20.00,0,0,0,0,0,0,0,0,0,0
63,AgentA wins,20.00,0,0,0,0,0,0,0,0,0,0
64,AgentA wins,19.67,0,0,0,0,0,0,0,0,0,0
65,AgentA wins,17.00,0,0,0,0,0,0,0,0,0,0
66,AgentA wins,17.00,0,0,0,0,0,0,0,0,0,0
67,AgentA wins,18.00,0,0,0,0,0,0,0,0,0,0
68,AgentA wins,15.00,0,0,0,0,0,0,0,0,0,0
69,AgentA wins,20.00,0,0,0,0,0,0,0,0,0,0
70,AgentA wins,20.00,0,0,0,0,0,0,0,0,0,0
61,AgentA wins,15.00,0,0,0,0,0,0,0,0,0,0
62,AgentA wins,20.00,0,0,0,0,0,0,0,0,0,0
63,AgentA wins,15.00,0,0,0,0,0,0,0,0,0,0
64,AgentA wins,20.00,0,0,0,0,0,0,0,0,0,0
65,AgentA wins,19.67,0,0,0,0,0,0,0,0,0,0
66,AgentA wins,20.00,0,0,0,0,0,0,0,0,0,0
67,AgentA wins,17.00,0,0,0,0,0,0,0,0,0,0
68,AgentA wins,15.00,0,0,0,0,0,0,0,0,0,0
69,AgentA wins,19.67,0,0,0,0,0,0,0,0,0,0
70,AgentA wins,19.67,0,0,0,0,0,0,0,0,0,0
61,AgentA wins,15.00,0,0,0,0,0,0,0,0,0,0
62,AgentA wins,19.67,0,0,0,0,0,0,0,0,0,0
63,AgentA wins,20.00,0,0,0,0,0,0,0,0,0,0
64,AgentA wins,20.00,0,0,0,0,0,0,0,0,0,0
65,AgentA wins,19.67,0,0,0,0,0,0,0,0,0,0
66,AgentA wins,15.00,0,0,0,0,0,0,0,0,0,0
67,AgentA wins,20.00,0,0,0,0,0,0,0,0,0,0
68,AgentA wins,15.00,0,0,0,0,0,0,0,0,0,0
69,AgentA wins,20.00,0,0,0,0,0,0,0,0,0,0
70,AgentA wins,20.00,0,0,0,0,0,0,0,0,0,0
61,AgentA wins,23.33,0,0,0,0,0,0,0,0,0,0
62,AgentA wins,19.67,0,0,0,0,0,0,0,0,0,0
63,AgentA wins,19.67,0,0,0,0,0,0,0,0,0,0
64,AgentB wins,24.67,0,0,0,0,0,0,0,0,0,0
65,AgentA wins,20.00,0,0,0,0,0,0,0,0,0,0
66,AgentA wins,20.00,0,0,0,0,0,0,0,0,0,0
67,AgentA wins,17.00,0,0,0,0,0,0,0,0,0,0
68,AgentA wins,15.00,0,0,0,0,0,0,0,0,0,0
69,AgentA wins,18.00,0,0,0,0,0,0,0,0,0,0
70,AgentA wins,20.00,0,0,0,0,0,0,0,0,0,0
41,AgentA wins,15.00,0,0,0,0,0,0,0,0,0,0
42,AgentA wins,29.67,0,0,0,0,0,0,0,0,0,0
43,AgentA wins,15.00,0,0,0,0,0,0,0,0,0,0
44,AgentA wins,18.00,0,0,0,0,0,0,0,0,0,0
45,AgentA wins,15.00,0,0,0,0,0,0,0,0,0,0
46,AgentA wins,20.67,0,0,0,0,0,0,0,0,0,0
47,AgentA wins,15.00,0,0,0,0,0,0,0,0,0,0
48,AgentA wins,15.00,0,0,0,0,0,0,0,0,0,0
49,AgentB wins,19.67,0,0,0,0,0,0,0,0,0,0
50,AgentB wins,33.00,0,0,0,0,0,0,0,0,0,0
41,AgentA wins,15.00,0,0,0,0,0,0,0,0,0,0
42,AgentA wins,18.00,0,0,0,0,0,0,0,0,0,0
43,AgentB wins,25.33,0,0,0,0,0,0,0,0,0,0
44,AgentB wins,30.33,0,0,0,0,0,0,0,0,0,0
45,AgentA wins,15.00,0,0,0,0,0,0,0,0,0,0
46,AgentA wins,31.00,0,0,0,0,0,0,0,0,0,0
47,AgentA wins,27.00,0,0,0,0,0,0,0,0,0,0
48,AgentA wins,27.33,0,0,0,0,0,0,0,0,0,0
49,AgentA wins,18.00,0,0,0,0,0,0,0,0,0,0
50,AgentA wins,15.00,0,0,0,0,0,0,0,0,0,0
61,AgentA wins,19.67,0,0,0,0,0,0,0,0,0,0
62,AgentA wins,17.00,0,0,0,0,0,0,0,0,0,0
63,AgentA wins,19.67,0,0,0,0,0,0,0,0,0,0
64,AgentA wins,15.00,0,0,0,0,0,0,0,0,0,0
65,AgentA wins,20.00,0,0,0,0,0,0,0,0,0,0
66,AgentA wins,15.00,0,0,0,0,0,0,0,0,0,0
67,AgentA wins,20.00,0,0,0,0,0,0,0,0,0,0
68,AgentA wins,20.00,0,0,0,0,0,0,0,0,0,0
69,AgentA wins,18.00,0,0,0,0,0,0,0,0,0,0
70,AgentA wins,20.00,0,0,0,0,0,0,0,0,0,0
61,AgentA wins,19.67,0,0,0,0,0,0,0,0,0,0
62,AgentA wins,15.00,0,0,0,0,0,0,0,0,0,0
63,AgentA wins,20.00,0,0,0,0,0,0,0,0,0,0
64,AgentA wins,15.00,0,0,0,0,0,0,0,0,0,0
65,AgentA wins,20.00,0,0,0,0,0,0,0,0,0,0
66,AgentA wins,20.00,0,0,0,0,0,0,0,0,0,0
67,AgentA wins,15.00,0,0,0,0,0,0,0,0,0,0
68,AgentA wins,17.00,0,0,0,0,0,0,0,0,0,0
69,AgentA wins,20.00,0,0,0,0,0,0,0,0,0,0
70,AgentA wins,15.00,0,0,0,0,0,0,0,0,0,0
41,AgentA wins,21.00,0,0,0,0,0,0,0,0,0,0
42,AgentA wins,15.00,0,0,0,0,0,0,0,0,0,0
43,AgentB wins,25.67,0,0,0,0,0,0,0,0,0,0
44,AgentA wins,21.33,0,0,0,0,0,0,0,0,0,0
45,AgentB wins,21.67,0,0,0,0,0,0,0,0,0,0
46,AgentB wins,49.33,0,0,0,0,0,0,0,0,0,0
47,AgentA wins,21.33,0,0,0,0,0,0,0,0,0,0
48,AgentA wins,32.00,0,0,0,0,0,0,0,0,0,0
49,AgentA wins,34.67,0,0,0,0,0,0,0,0,0,0
50,AgentA wins,31.67,0,0,0,0,0,0,0,0,0,0
61,AgentA wins,20.00,0,0,0,0,0,0,0,0,0,0
62,AgentA wins,17.00,0,0,0,0,0,0,0,0,0,0
63,AgentA wins,15.00,0,0,0,0,0,0,0,0,0,0
64,AgentA wins,20.00,0,0,0,0,0,0,0,0,0,0
65,AgentA wins,15.00,0,0,0,0,0,0,0,0,0,0
66,AgentA wins,15.00,0,0,0,0,0,0,0,0,0,0
67,AgentA wins,15.00,0,0,0,0,0,0,0,0,0,0
68,AgentA wins,20.00,0,0,0,0,0,0,0,0,0,0
69,AgentA wins,19.67,0,0,0,0,0,0,0,0,0,0
70,AgentA wins,15.00,0,0,0,0,0,0,0,0,0,0
61,AgentA wins,20.00,0,0,0,0,0,0,0,0,0,0
62,AgentA wins,20.00,0,0,0,0,0,0,0,0,0,0
63,AgentA wins,17.00,0,0,0,0,0,0,0,0,0,0
64,AgentA wins,20.00,0,0,0,0,0,0,0,0,0,0
65,AgentA wins,20.00,0,0,0,0,0,0,0,0,0,0
66,AgentA wins,20.00,0,0,0,0,0,0,0,0,0,0
67,AgentA wins,19.67,0,0,0,0,0,0,0,0,0,0
68,AgentA wins,20.00,0,0,0,0,0,0,0,0,0,0
69,AgentA wins,15.00,0,0,0,0,0,0,0,0,0,0
70,AgentA wins,17.00,0,0,0,0,0,0,0,0,0,0
61,AgentA wins,15.00,0,0,0,0,0,0,0,0,0,0
62,AgentA wins,20.00,0,0,0,0,0,0,0,0,0,0
63,AgentA wins,19.67,0,0,0,0,0,0,0,0,0,0
64,AgentA wins,20.00,0,0,0,0,0,0,0,0,0,0
65,AgentA wins,18.00,0,0,0,0,0,0,0,0,0,0
66,AgentA wins,20.00,0,0,0,0,0,0,0,0,0,0
67,AgentA wins,22.33,0,0,0,0,0,0,0,0,0,0
68,AgentA wins,15.00,0,0,0,0,0,0,0,0,0,0
69,AgentA wins,20.00,0,0,0,0,0,0,0,0,0,0
70,AgentA wins,20.00,0,0,0,0,0,0,0,0,0,0
61,AgentA wins,20.00,0,0,0,0,0,0,0,0,0,0
62,AgentA wins,20.00,0,0,0,0,0,0,0,0,0,0
63,AgentA wins,19.67,0,0,0,0,0,0,0,0,0,0
64,AgentA wins,20.00,0,0,0,0,0,0,0,0,0,0
65,AgentA wins,19.67,0,0,0,0,0,0,0,0,0,0
66,AgentA wins,20.00,0,0,0,0,0,0,0,0,0,0
67,AgentA wins,23.33,0,0,0,0,0,0,0,0,0,0
68,AgentA wins,15.00,0,0,0,0,0,0,0,0,0,0
69,AgentA wins,17.00,0,0,0,0,0,0,0,0,0,0
70,AgentA wins,19.67,0,0,0,0,0,0,0,0,0,0
61,AgentA wins,20.00,0,0,0,0,0,0,0,0,0,0
62,AgentA wins,20.00,0,0,0,0,0,0,0,0,0,0
63,AgentA wins,19.67,0,0,0,0,0,0,0,0,0,0
64,AgentA wins,19.67,0,0,0,0,0,0,0,0,0,0
65,AgentA wins,23.33,0,0,0,0,0,0,0,0,0,0
66,AgentA wins,18.00,0,0,0,0,0,0,0,0,0,0
67,AgentA wins,19.67,0,0,0,0,0,0,0,0,0,0
68,AgentA wins,17.00,0,0,0,0,0,0,0,0,0,0
69,AgentA wins,20.00,0,0,0,0,0,0,0,0,0,0
70,AgentA wins,20.00,0,0,0,0,0,0,0,0,0,0
61,AgentA wins,20.00,0,0,0,0,0,0,0,0,0,0
62,AgentA wins,19.67,0,0,0,0,0,0,0,0,0,0
63,AgentA wins,17.00,0,0,0,0,0,0,0,0,0,0
64,AgentA wins,18.00,0,0,0,0,0,0,0,0,0,0
65,AgentA wins,20.00,0,0,0,0,0,0,0,0,0,0
66,AgentA wins,19.67,0,0,0,0,0,0,0,0,0,0
67,AgentB wins,24.67,0,0,0,0,0,0,0,0,0,0
68,AgentA wins,20.00,0,0,0,0,0,0,0,0,0,0
69,AgentA wins,20.00,0,0,0,0,0,0,0,0,0,0
70,AgentA wins,19.67,0,0,0,0,0,0,0,0,0,0
61,AgentA wins,20.00,0,0,0,0,0,0,0,0,0,0
62,AgentA wins,20.00,0,0,0,0,0,0,0,0,0,0
63,AgentA wins,20.00,0,0,0,0,0,0,0,0,0,0
64,AgentA wins,19.67,0,0,0,0,0,0,0,0,0,0
65,AgentA wins,20.00,0,0,0,0,0,0,0,0,0,0
66,AgentA wins,20.00,0,0,0,0,0,0,0,0,0,0
67,AgentA wins,19.67,0,0,0,0,0,0,0,0,0,0
68,AgentA wins,19.67,0,0,0,0,0,0,0,0,0,0
69,AgentA wins,15.00,0,0,0,0,0,0,0,0,0,0
70,AgentA wins,19.67,0,0,0,0,0,0,0,0,0,0
61,AgentB wins,24.67,0,0,0,0,0,0,0,0,0,0
62,AgentA wins,22.33,0,0,0,0,0,0,0,0,0,0
63,AgentA wins,20.00,0,0,0,0,0,0,0,0,0,0
64,AgentA wins,15.00,0,0,0,0,0,0,0,0,0,0
65,AgentA wins,27.33,0,0,0,0,0,0,0,0,0,0
66,AgentA wins,18.00,0,0,0,0,0,0,0,0,0,0
67,AgentA wins,15.00,0,0,0,0,0,0,0,0,0,0
68,AgentA wins,23.33,0,0,0,0,0,0,0,0,0,0
69,AgentA wins,15.00,0,0,0,0,0,0,0,0,0,0
70,AgentA wins,23.33,0,0,0,0,0,0,0,0,0,0
61,AgentA wins,19.67,0,0,0,0,0,0,0,0,0,0
62,AgentA wins,20.00,0,0,0,0,0,0,0,0,0,0
63,AgentA wins,23.33,0,0,0,0,0,0,0,0,0,0
64,AgentA wins,23.33,0,0,0,0,0,0,0,0,0,0
65,AgentA wins,20.00,0,0,0,0,0,0,0,0,0,0
66,AgentA wins,15.00,0,0,0,0,0,0,0,0,0,0
67,AgentA wins,20.00,0,0,0,0,0,0,0,0,0,0
68,AgentA wins,18.00,0,0,0,0,0,0,0,0,0,0
69,AgentA wins,17.00,0,0,0,0,0,0,0,0,0,0
70,AgentA wins,19.67,0,0,0,0,0,0,0,0,0,0
41,AgentB wins,32.67,0,0,0,0,0,0,0,0,0,0
42,AgentA wins,15.00,0,0,0,0,0,0,0,0,0,0
43,AgentA wins,45.67,0,0,0,0,0,0,0,0,0,0
44,AgentB wins,36.67,0,0,0,0,0,0,0,0,0,0
45,AgentA wins,28.33,0,0,0,0,0,0,0,0,0,0
46,AgentA wins,40.00,0,0,0,0,0,0,0,0,0,0
47,AgentA wins,23.00,0,0,0,0,0,0,0,0,0,0
48,AgentA wins,39.00,0,0,0,0,0,0,0,0,0,0
49,AgentA wins,15.00,0,0,0,0,0,0,0,0,0,0
50,AgentA wins,53.33,0,0,0,0,0,0,0,0,0,0
41,AgentA wins,15.00,0,0,0,0,0,0,0,0,0,0
42,AgentB wins,33.67,0,0,0,0,0,0,0,0,0,0
43,AgentA wins,21.33,0,0,0,0,0,0,0,0,0,0
44,AgentA wins,26.33,0,0,0,0,0,0,0,0,0,0
45,AgentA wins,47.67,0,0,0,0,0,0,0,0,0,0
46,AgentA wins,18.00,0,0,0,0,0,0,0,0,0,0
47,AgentA wins,15.00,0,0,0,0,0,0,0,0,0,0
48,AgentA wins,34.33,0,0,0,0,0,0,0,0,0,0
49,AgentA wins,21.67,0,0,0,0,0,0,0,0,0,0
50,AgentA wins,29.33,0,0,0,0,0,0,0,0,0,0
41,AgentA wins,28.33,0,0,0,0,0,0,0,0,0,0
42,AgentA wins,15.00,0,0,0,0,0,0,0,0,0,0
43,AgentA wins,33.67,0,0,0,0,0,0,0,0,0,0
44,AgentA wins,54.33,0,0,0,0,0,0,0,0,0,0
45,AgentA wins,15.00,0,0,0,0,0,0,0,0,0,0
46,AgentA wins,21.00,0,0,0,0,0,0,0,0,0,0
47,AgentA wins,15.00,0,0,0,0,0,0,0,0,0,0
48,AgentA wins,55.67,0,0,0,0,0,0,0,0,0,0
49,AgentB wins,15.67,0,0,0,0,0,0,0,0,0,0
50,AgentB wins,21.67,0,0,0,0,0,0,0,0,0,0
41,AgentA wins,18.00,0,0,0,0,0,0,0,0,0,0
42,AgentA wins,18.00,0,0,0,0,0,0,0,0,0,0
43,AgentA wins,18.00,0,0,0,0,0,0,0,0,0,0
44,AgentA wins,21.00,0,0,0,0,0,0,0,0,0,0
45,AgentA wins,27.00,0,0,0,0,0,0,0,0,0,0
46,AgentA wins,21.00,0,0,0,0,0,0,0,0,0,0
47,AgentA wins,51.67,0,0,0,0,0,0,0,0,0,0
48,AgentA wins,29.67,0,0,0,0,0,0,0,0,0,0
49,AgentA wins,18.00,0,0,0,0,0,0,0,0,0,0
50,AgentA wins,15.00,0,0,0,0,0,0,0,0,0,0
41,AgentA wins,36.00,0,0,0,0,0,0,0,0,0,0
42,AgentA wins,15.00,0,0,0,0,0,0,0,0,0,0
43,AgentA wins,26.00,0,0,0,0,0,0,0,0,0,0
44,AgentB wins,39.00,0,0,0,0,0,0,0,0,0,0
45,AgentA wins,28.67,0,0,0,0,0,0,0,0,0,0
46,AgentA wins,40.00,0,0,0,0,0,0,0,0,0,0
47,AgentA wins,21.00,0,0,0,0,0,0,0,0,0,0
48,AgentA wins,23.67,0,0,0,0,0,0,0,0,0,0
49,AgentA wins,28.67,0,0,0,0,0,0,0,0,0,0
50,AgentA wins,15.00,0,0,0,0,0,0,0,0,0,0
51,AgentA wins,32.33,291,290,0,175,0,229,0,39,42,69
52,AgentB wins,36.33,332,330,0,199,0,256,0,45,46,66
53,AgentA wins,15.00,134,135,0,81,0,101,0,20,18,29
54,AgentA wins,15.00,133,136,0,74,0,112,0,19,27,29
55,AgentA wins,27.00,243,244,0,133,0,195,0,36,48,42
56,AgentA wins,15.00,135,136,0,78,0,107,0,15,26,18
57,AgentA wins,30.00,270,270,2,156,0,218,0,36,44,66
58,AgentA wins,15.00,132,135,0,82,0,109,0,15,22,30
59,AgentA wins,23.33,209,212,0,118,0,168,0,27,33,36
60,AgentA wins,24.00,216,215,0,124,0,169,0,27,38,48
71,AgentA wins,19.67,0,0,0,0,0,0,0,0,0,0
72,AgentA wins,15.00,0,0,0,0,0,0,0,0,0,0
73,AgentA wins,19.67,0,0,0,0,0,0,0,0,0,0
74,AgentA wins,19.67,0,0,0,0,0,0,0,0,0,0
75,AgentA wins,20.00,0,0,0,0,0,0,0,0,0,0
76,AgentA wins,20.00,0,0,0,0,0,0,0,0,0,0
77,AgentA wins,17.00,0,0,0,0,0,0,0,0,0,0
78,AgentA wins,20.00,0,0,0,0,0,0,0,0,0,0
79,AgentA wins,20.00,0,0,0,0,0,0,0,0,0,0
80,AgentA wins,17.00,0,0,0,0,0,0,0,0,0,0
71,AgentA wins,20.00,0,0,0,0,0,0,0,0,0,0
72,AgentA wins,20.00,0,0,0,0,0,0,0,0,0,0
73,AgentA wins,22.33,0,0,0,0,0,0,0,0,0,0
74,AgentA wins,17.00,0,0,0,0,0,0,0,0,0,0
75,AgentA wins,19.67,0,0,0,0,0,0,0,0,0,0
76,AgentA wins,20.00,0,0,0,0,0,0,0,0,0,0
77,AgentA wins,15.00,0,0,0,0,0,0,0,0,0,0
78,AgentA wins,15.00,0,0,0,0,0,0,0,0,0,0
79,AgentA wins,20.00,0,0,0,0,0,0,0,0,0,0
80,AgentA wins,15.00,0,0,0,0,0,0,0,0,0,0
71,AgentA wins,19.67,0,0,0,0,0,0,0,0,0,0
72,AgentA wins,22.33,0,0,0,0,0,0,0,0,0,0
73,AgentA wins,25.00,0,0,0,0,0,0,0,0,0,0
74,AgentB wins,24.67,0,0,0,0,0,0,0,0,0,0
75,AgentB wins,19.33,0,0,0,0,0,0,0,0,0,0
76,AgentA wins,15.00,0,0,0,0,0,0,0,0,0,0
77,AgentA wins,15.00,0,0,0,0,0,0,0,0,0,0
78,AgentA wins,15.00,0,0,0,0,0,0,0,0,0,0
79,AgentA wins,19.67,0,0,0,0,0,0,0,0,0,0
80,AgentA wins,15.00,0,0,0,0,0,0,0,0,0,0
71,AgentA wins,20.00,0,0,0,0,0,0,0,0,0,0
72,AgentA wins,17.00,0,0,0,0,0,0,0,0,0,0
73,AgentA wins,20.00,0,0,0,0,0,0,0,0,0,0
74,AgentA wins,23.33,0,0,0,0,0,0,0,0,0,0
75,AgentA wins,22.33,0,0,0,0,0,0,0,0,0,0
76,AgentA wins,15.00,0,0,0,0,0,0,0,0,0,0
77,AgentA wins,19.67,0,0,0,0,0,0,0,0,0,0
78,AgentA wins,20.00,0,0,0,0,0,0,0,0,0,0
79,AgentA wins,23.33,0,0,0,0,0,0,0,0,0,0
80,AgentA wins,19.67,0,0,0,0,0,0,0,0,0,0
71,AgentA wins,15.00,0,0,0,0,0,0,0,0,0,0
72,AgentA wins,20.00,0,0,0,0,0,0,0,0,0,0
73,AgentA wins,15.00,0,0,0,0,0,0,0,0,0,0
74,AgentA wins,20.00,0,0,0,0,0,0,0,0,0,0
75,AgentA wins,15.00,0,0,0,0,0,0,0,0,0,0
76,AgentA wins,17.00,0,0,0,0,0,0,0,0,0,0
77,AgentA wins,19.67,0,0,0,0,0,0,0,0,0,0
78,AgentA wins,20.00,0,0,0,0,0,0,0,0,0,0
79,AgentA wins,23.33,0,0,0,0,0,0,0,0,0,0
80,AgentA wins,20.00,0,0,0,0,0,0,0,0,0,0
71,AgentB wins,24.67,0,0,0,0,0,0,0,0,0,0
72,AgentA wins,20.00,0,0,0,0,0,0,0,0,0,0
73,AgentA wins,15.00,0,0,0,0,0,0,0,0,0,0
74,AgentA wins,19.67,0,0,0,0,0,0,0,0,0,0
75,AgentA wins,15.00,0,0,0,0,0,0,0,0,0,0
76,AgentA wins,15.00,0,0,0,0,0,0,0,0,0,0
77,AgentA wins,20.00,0,0,0,0,0,0,0,0,0,0
78,AgentA wins,23.33,0,0,0,0,0,0,0,0,0,0
79,AgentA wins,20.00,0,0,0,0,0,0,0,0,0,0
80,AgentA wins,15.00,0,0,0,0,0,0,0,0,0,0
71,AgentA wins,19.67,0,0,0,0,0,0,0,0,0,0
72,AgentA wins,17.00,0,0,0,0,0,0,0,0,0,0
73,AgentA wins,15.00,0,0,0,0,0,0,0,0,0,0
74,AgentA wins,22.33,0,0,0,0,0,0,0,0,0,0
75,AgentA wins,20.00,0,0,0,0,0,0,0,0,0,0
76,AgentA wins,17.00,0,0,0,0,0,0,0,0,0,0
77,AgentA wins,15.00,0,0,0,0,0,0,0,0,0,0
78,AgentA wins,20.00,0,0,0,0,0,0,0,0,0,0
79,AgentA wins,15.00,0,0,0,0,0,0,0,0,0,0
80,AgentA wins,20.00,0,0,0,0,0,0,0,0,0,0
71,AgentA wins,15.00,0,0,0,0,0,0,0,0,0,0
72,AgentA wins,19.67,0,0,0,0,0,0,0,0,0,0
73,AgentA wins,19.67,0,0,0,0,0,0,0,0,0,0
74,AgentA wins,19.67,0,0,0,0,0,0,0,0,0,0
75,AgentA wins,15.00,0,0,0,0,0,0,0,0,0,0
76,AgentB wins,24.67,0,0,0,0,0,0,0,0,0,0
77,AgentA wins,20.00,0,0,0,0,0,0,0,0,0,0
78,AgentA wins,20.00,0,0,0,0,0,0,0,0,0,0
79,AgentA wins,15.00,0,0,0,0,0,0,0,0,0,0
80,AgentA wins,20.00,0,0,0,0,0,0,0,0,0,0
71,AgentA wins,19.67,0,0,0,0,0,0,0,0,0,0
72,AgentA wins,17.00,0,0,0,0,0,0,0,0,0,0
73,AgentA wins,19.67,0,0,0,0,0,0,0,0,0,0
74,AgentB wins,24.67,0,0,0,0,0,0,0,0,0,0
75,AgentA wins,15.00,0,0,0,0,0,0,0,0,0,0
76,AgentB wins,24.67,0,0,0,0,0,0,0,0,0,0
77,AgentA wins,20.00,0,0,0,0,0,0,0,0,0,0
78,AgentA wins,20.00,0,0,0,0,0,0,0,0,0,0
79,AgentA wins,23.33,0,0,0,0,0,0,0,0,0,0
80,AgentA wins,19.67,0,0,0,0,0,0,0,0,0,0
71,AgentA wins,20.00,0,0,0,0,0,0,0,0,0,0
72,AgentA wins,23.33,0,0,0,0,0,0,0,0,0,0
73,AgentA wins,19.67,0,0,0,0,0,0,0,0,0,0
74,AgentA wins,20.00,0,0,0,0,0,0,0,0,0,0
75,AgentA wins,20.00,0,0,0,0,0,0,0,0,0,0
76,AgentA wins,20.00,0,0,0,0,0,0,0,0,0,0
77,AgentA wins,15.00,0,0,0,0,0,0,0,0,0,0
78,AgentA wins,18.00,0,0,0,0,0,0,0,0,0,0
79,AgentA wins,15.00,0,0,0,0,0,0,0,0,0,0
80,AgentA wins,17.00,0,0,0,0,0,0,0,0,0,0
71,AgentA wins,19.67,0,0,0,0,0,0,0,0,0,0
72,AgentA wins,15.00,0,0,0,0,0,0,0,0,0,0
73,AgentA wins,20.00,0,0,0,0,0,0,0,0,0,0
74,AgentA wins,17.00,0,0,0,0,0,0,0,0,0,0
75,AgentA wins,20.00,0,0,0,0,0,0,0,0,0,0
76,AgentA wins,15.00,0,0,0,0,0,0,0,0,0,0
77,AgentA wins,20.00,0,0,0,0,0,0,0,0,0,0
78,AgentA wins,20.00,0,0,0,0,0,0,0,0,0,0
79,AgentA wins,15.00,0,0,0,0,0,0,0,0,0,0
80,AgentA wins,25.00,0,0,0,0,0,0,0,0,0,0
71,AgentA wins,20.00,0,0,0,0,0,0,0,0,0,0
72,AgentA wins,20.00,0,0,0,0,0,0,0,0,0,0
73,AgentA wins,19.67,0,0,0,0,0,0,0,0,0,0
74,AgentA wins,18.00,0,0,0,0,0,0,0,0,0,0
75,AgentA wins,20.00,0,0,0,0,0,0,0,0,0,0
76,AgentA wins,20.00,0,0,0,0,0,0,0,0,0,0
77,AgentA wins,20.00,0,0,0,0,0,0,0,0,0,0
78,AgentA wins,19.67,0,0,0,0,0,0,0,0,0,0
79,AgentA wins,20.00,0,0,0,0,0,0,0,0,0,0
80,AgentA wins,17.00,0,0,0,0,0,0,0,0,0,0
71,AgentA wins,15.00,0,0,0,0,0,0,0,0,0,0
72,AgentA wins,20.00,0,0,0,0,0,0,0,0,0,0
73,AgentA wins,18.00,0,0,0,0,0,0,0,0,0,0
74,AgentB wins,24.67,0,0,0,0,0,0,0,0,0,0
75,AgentA wins,15.00,0,0,0,0,0,0,0,0,0,0
76,AgentA wins,17.00,0,0,0,0,0,0,0,0,0,0
77,AgentA wins,15.00,0,0,0,0,0,0,0,0,0,0
78,AgentA wins,17.00,0,0,0,0,0,0,0,0,0,0
79,AgentA wins,20.00,0,0,0,0,0,0,0,0,0,0
80,AgentA wins,20.00,0,0,0,0,0,0,0,0,0,0
71,AgentA wins,19.67,0,0,0,0,0,0,0,0,0,0
72,AgentA wins,19.67,0,0,0,0,0,0,0,0,0,0
73,AgentA wins,18.00,0,0,0,0,0,0,0,0,0,0
74,AgentA wins,20.00,0,0,0,0,0,0,0,0,0,0
75,AgentA wins,20.00,0,0,0,0,0,0,0,0,0,0
76,AgentB wins,24.67,0,0,0,0,0,0,0,0,0,0
77,AgentA wins,17.00,0,0,0,0,0,0,0,0,0,0
78,AgentA wins,17.00,0,0,0,0,0,0,0,0,0,0
79,AgentA wins,15.00,0,0,0,0,0,0,0,0,0,0
80,AgentA wins,15.00,0,0,0,0,0,0,0,0,0,0
71,AgentA wins,20.00,0,0,0,0,0,0,0,0,0,0
72,AgentA wins,20.00,0,0,0,0,0,0,0,0,0,0
73,AgentA wins,19.67,0,0,0,0,0,0,0,0,0,0
74,AgentA wins,15.00,0,0,0,0,0,0,0,0,0,0
75,AgentA wins,19.67,0,0,0,0,0,0,0,0,0,0
76,AgentA wins,19.67,0,0,0,0,0,0,0,0,0,0
77,AgentA wins,17.00,0,0,0,0,0,0,0,0,0,0
78,AgentB wins,24.67,0,0,0,0,0,0,0,0,0,0
79,AgentA wins,15.00,0,0,0,0,0,0,0,0,0,0
80,AgentA wins,20.00,0,0,0,0,0,0,0,0,0,0
51,AgentA wins,18.00,0,0,0,0,0,0,0,0,0,0
52,AgentA wins,21.33,0,0,0,0,0,0,0,0,0,0
53,AgentA wins,27.00,0,0,0,0,0,0,0,0,0,0
54,AgentA wins,21.00,0,0,0,0,0,0,0,0,0,0
55,AgentA wins,18.00,0,0,0,0,0,0,0,0,0,0
56,AgentA wins,35.00,0,0,0,0,0,0,0,0,0,0
57,AgentB wins,27.67,0,0,0,0,0,0,0,0,0,0
58,AgentA wins,37.67,0,0,0,0,0,0,0,0,0,0
59,AgentA wins,31.67,0,0,0,0,0,0,0,0,0,0
60,AgentA wins,15.00,0,0,0,0,0,0,0,0,0,0
51,AgentA wins,18.67,0,0,0,0,0,0,0,0,0,0
52,AgentA wins,37.67,0,0,0,0,0,0,0,0,0,0
53,AgentA wins,20.67,0,0,0,0,0,0,0,0,0,0
54,AgentA wins,15.67,0,0,0,0,0,0,0,0,0,0
55,AgentA wins,15.00,0,0,0,0,0,0,0,0,0,0
56,AgentA wins,31.00,0,0,0,0,0,0,0,0,0,0
57,AgentA wins,15.00,0,0,0,0,0,0,0,0,0,0
58,AgentA wins,15.00,0,0,0,0,0,0,0,0,0,0
59,AgentA wins,18.00,0,0,0,0,0,0,0,0,0,0
60,AgentA wins,32.33,0,0,0,0,0,0,0,0,0,0
51,AgentA wins,15.00,0,0,0,0,0,0,0,0,0,0
52,AgentA wins,18.00,0,0,0,0,0,0,0,0,0,0
53,AgentB wins,49.33,0,0,0,0,0,0,0,0,0,0
54,AgentA wins,43.67,0,0,0,0,0,0,0,0,0,0
55,AgentA wins,49.67,0,0,0,0,0,0,0,0,0,0
56,AgentA wins,27.00,0,0,0,0,0,0,0,0,0,0
57,AgentB wins,38.33,0,0,0,0,0,0,0,0,0,0
58,AgentA wins,29.67,0,0,0,0,0,0,0,0,0,0
59,AgentA wins,21.00,0,0,0,0,0,0,0,0,0,0
60,AgentB wins,25.67,0,0,0,0,0,0,0,0,0,0
51,AgentA wins,15.00,0,0,0,0,0,0,0,0,0,0
52,AgentA wins,27.00,0,0,0,0,0,0,0,0,0,0
53,AgentA wins,30.00,0,0,0,0,0,0,0,0,0,0
54,AgentA wins,18.00,0,0,0,0,0,0,0,0,0,0
55,AgentA wins,36.33,0,0,0,0,0,0,0,0,0,0
56,AgentB wins,38.67,0,0,0,0,0,0,0,0,0,0
57,AgentA wins,18.00,0,0,0,0,0,0,0,0,0,0
58,AgentA wins,32.33,0,0,0,0,0,0,0,0,0,0
59,AgentA wins,32.00,0,0,0,0,0,0,0,0,0,0
60,AgentA wins,46.33,0,0,0,0,0,0,0,0,0,0
51,AgentA wins,27.00,0,0,0,0,0,0,0,0,0,0
52,AgentA wins,32.33,0,0,0,0,0,0,0,0,0,0
53,AgentA wins,18.67,0,0,0,0,0,0,0,0,0,0
54,AgentA wins,24.00,0,0,0,0,0,0,0,0,0,0
55,AgentA wins,27.00,0,0,0,0,0,0,0,0,0,0
56,AgentB wins,33.67,0,0,0,0,0,0,0,0,0,0
57,AgentA wins,18.00,0,0,0,0,0,0,0,0,0,0
58,AgentA wins,26.67,0,0,0,0,0,0,0,0,0,0
59,AgentA wins,18.00,0,0,0,0,0,0,0,0,0,0
60,AgentA wins,15.00,0,0,0,0,0,0,0,0,0,0
51,AgentA wins,21.00,0,0,0,0,0,0,0,0,0,0
52,AgentA wins,18.00,0,0,0,0,0,0,0,0,0,0
53,AgentA wins,18.00,0,0,0,0,0,0,0,0,0,0
54,AgentA wins,26.00,0,0,0,0,0,0,0,0,0,0
55,AgentA wins,26.00,0,0,0,0,0,0,0,0,0,0
56,AgentB wins,23.67,0,0,0,0,0,0,0,0,0,0
57,AgentA wins,18.00,0,0,0,0,0,0,0,0,0,0
58,AgentB wins,35.67,0,0,0,0,0,0,0,0,0,0
59,AgentA wins,29.33,0,0,0,0,0,0,0,0,0,0
60,AgentB wins,38.67,0,0,0,0,0,0,0,0,0,0
51,AgentB wins,31.33,0,0,0,0,0,0,0,0,0,0
52,AgentA wins,35.00,0,0,0,0,0,0,0,0,0,0
53,AgentA wins,26.00,0,0,0,0,0,0,0,0,0,0
54,AgentB wins,38.00,0,0,0,0,0,0,0,0,0,0
55,AgentB wins,23.00,0,0,0,0,0,0,0,0,0,0
56,AgentA wins,43.67,0,0,0,0,0,0,0,0,0,0
57,AgentA wins,20.67,0,0,0,0,0,0,0,0,0,0
58,AgentA wins,21.00,0,0,0,0,0,0,0,0,0,0
59,AgentA wins,18.00,0,0,0,0,0,0,0,0,0,0
60,AgentA wins,15.00,0,0,0,0,0,0,0,0,0,0
81,AgentA wins,15.00,0,0,0,0,0,0,0,0,0,0
82,AgentA wins,17.00,0,0,0,0,0,0,0,0,0,0
83,AgentA wins,20.00,0,0,0,0,0,0,0,0,0,0
84,AgentA wins,15.00,0,0,0,0,0,0,0,0,0,0
85,AgentA wins,19.67,0,0,0,0,0,0,0,0,0,0
86,AgentA wins,15.00,0,0,0,0,0,0,0,0,0,0
87,AgentA wins,22.33,0,0,0,0,0,0,0,0,0,0
88,AgentA wins,19.67,0,0,0,0,0,0,0,0,0,0
89,AgentA wins,15.00,0,0,0,0,0,0,0,0,0,0
90,AgentA wins,17.00,0,0,0,0,0,0,0,0,0,0
61,AgentA wins,15.00,134,138,0,84,0,103,0,15,21,33
62,AgentA wins,31.00,274,284,0,158,0,221,0,33,51,49
63,AgentA wins,15.00,130,137,0,83,0,104,0,19,23,28
64,AgentA wins,27.00,244,248,0,140,0,204,0,34,42,51
65,AgentA wins,21.00,184,186,0,108,0,151,0,25,28,37
66,AgentA wins,18.33,163,165,0,106,0,135,0,26,22,29
67,AgentA wins,15.00,132,136,0,92,0,107,0,15,14,40
68,AgentA wins,15.00,134,132,0,76,0,107,0,18,22,33
69,AgentA wins,15.00,132,135,0,87,0,104,0,21,17,29
70,AgentA wins,30.00,267,269,0,164,0,213,0,39,30,78
81,AgentA wins,20.00,0,0,0,0,0,0,0,0,0,0
82,AgentA wins,20.00,0,0,0,0,0,0,0,0,0,0
83,AgentA wins,19.67,0,0,0,0,0,0,0,0,0,0
84,AgentA wins,17.00,0,0,0,0,0,0,0,0,0,0
85,AgentA wins,20.00,0,0,0,0,0,0,0,0,0,0
86,AgentA wins,19.67,0,0,0,0,0,0,0,0,0,0
87,AgentA wins,15.00,0,0,0,0,0,0,0,0,0,0
88,AgentA wins,20.00,0,0,0,0,0,0,0,0,0,0
89,AgentA wins,19.67,0,0,0,0,0,0,0,0,0,0
90,AgentA wins,20.00,0,0,0,0,0,0,0,0,0,0
81,AgentA wins,15.00,0,0,0,0,0,0,0,0,0,0
82,AgentA wins,20.00,0,0,0,0,0,0,0,0,0,0
83,AgentA wins,19.67,0,0,0,0,0,0,0,0,0,0
84,AgentA wins,23.33,0,0,0,0,0,0,0,0,0,0
85,AgentA wins,20.00,0,0,0,0,0,0,0,0,0,0
86,AgentA wins,20.00,0,0,0,0,0,0,0,0,0,0
87,AgentA wins,20.00,0,0,0,0,0,0,0,0,0,0
88,AgentA wins,19.67,0,0,0,0,0,0,0,0,0,0
89,AgentA wins,20.00,0,0,0,0,0,0,0,0,0,0
90,AgentA wins,20.00,0,0,0,0,0,0,0,0,0,0
81,AgentA wins,20.00,0,0,0,0,0,0,0,0,0,0
82,AgentA wins,15.00,0,0,0,0,0,0,0,0,0,0
83,AgentA wins,23.33,0,0,0,0,0,0,0,0,0,0
84,AgentA wins,15.00,0,0,0,0,0,0,0,0,0,0
85,AgentA wins,25.00,0,0,0,0,0,0,0,0,0,0
86,AgentA wins,20.00,0,0,0,0,0,0,0,0,0,0
87,AgentA wins,18.00,0,0,0,0,0,0,0,0,0,0
88,AgentA wins,24.33,0,0,0,0,0,0,0,0,0,0
89,AgentA wins,20.00,0,0,0,0,0,0,0,0,0,0
90,AgentA wins,20.00,0,0,0,0,0,0,0,0,0,0
81,AgentA wins,22.33,0,0,0,0,0,0,0,0,0,0
82,AgentA wins,20.00,0,0,0,0,0,0,0,0,0,0
83,AgentA wins,20.00,0,0,0,0,0,0,0,0,0,0
84,AgentA wins,19.67,0,0,0,0,0,0,0,0,0,0
85,AgentA wins,15.00,0,0,0,0,0,0,0,0,0,0
86,AgentA wins,20.00,0,0,0,0,0,0,0,0,0,0
87,AgentA wins,15.00,0,0,0,0,0,0,0,0,0,0
88,AgentA wins,20.00,0,0,0,0,0,0,0,0,0,0
89,AgentA wins,15.00,0,0,0,0,0,0,0,0,0,0
90,AgentA wins,20.00,0,0,0,0,0,0,0,0,0,0
51,AgentB wins,52.67,0,0,0,0,0,0,0,0,0,0
52,AgentB wins,40.33,0,0,0,0,0,0,0,0,0,0
53,AgentA wins,27.00,0,0,0,0,0,0,0,0,0,0
54,AgentA wins,33.00,0,0,0,0,0,0,0,0,0,0
55,AgentA wins,18.00,0,0,0,0,0,0,0,0,0,0
56,AgentA wins,21.00,0,0,0,0,0,0,0,0,0,0
57,AgentB wins,50.67,0,0,0,0,0,0,0,0,0,0
58,AgentA wins,40.67,0,0,0,0,0,0,0,0,0,0
59,AgentB wins,55.67,0,0,0,0,0,0,0,0,0,0
60,AgentA wins,42.00,0,0,0,0,0,0,0,0,0,0
81,AgentA wins,17.00,0,0,0,0,0,0,0,0,0,0
82,AgentA wins,17.00,0,0,0,0,0,0,0,0,0,0
83,AgentA wins,15.00,0,0,0,0,0,0,0,0,0,0
84,AgentA wins,20.00,0,0,0,0,0,0,0,0,0,0
85,AgentA wins,20.00,0,0,0,0,0,0,0,0,0,0
86,AgentA wins,17.00,0,0,0,0,0,0,0,0,0,0
87,AgentA wins,20.00,0,0,0,0,0,0,0,0,0,0
88,AgentA wins,15.00,0,0,0,0,0,0,0,0,0,0
89,AgentA wins,18.00,0,0,0,0,0,0,0,0,0,0
90,AgentA wins,15.00,0,0,0,0,0,0,0,0,0,0
81,AgentA wins,15.00,0,0,0,0,0,0,0,0,0,0
82,AgentA wins,23.33,0,0,0,0,0,0,0,0,0,0
83,AgentA wins,17.00,0,0,0,0,0,0,0,0,0,0
84,AgentA wins,15.00,0,0,0,0,0,0,0,0,0,0
85,AgentA wins,20.00,0,0,0,0,0,0,0,0,0,0
86,AgentA wins,15.00,0,0,0,0,0,0,0,0,0,0
87,AgentA wins,19.67,0,0,0,0,0,0,0,0,0,0
88,AgentA wins,17.00,0,0,0,0,0,0,0,0,0,0
89,AgentA wins,18.00,0,0,0,0,0,0,0,0,0,0
90,AgentA wins,20.00,0,0,0,0,0,0,0,0,0,0
81,AgentA wins,15.00,0,0,0,0,0,0,0,0,0,0
82,AgentA wins,19.67,0,0,0,0,0,0,0,0,0,0
83,AgentB wins,24.67,0,0,0,0,0,0,0,0,0,0
84,AgentA wins,15.00,0,0,0,0,0,0,0,0,0,0
85,AgentA wins,20.00,0,0,0,0,0,0,0,0,0,0
86,AgentA wins,23.33,0,0,0,0,0,0,0,0,0,0
87,AgentA wins,15.00,0,0,0,0,0,0,0,0,0,0
88,AgentA wins,18.00,0,0,0,0,0,0,0,0,0,0
89,AgentA wins,15.00,0,0,0,0,0,0,0,0,0,0
90,AgentA wins,20.00,0,0,0,0,0,0,0,0,0,0
81,AgentA wins,17.00,0,0,0,0,0,0,0,0,0,0
82,AgentA wins,15.00,0,0,0,0,0,0,0,0,0,0
83,AgentA wins,20.00,0,0,0,0,0,0,0,0,0,0
84,AgentA wins,20.00,0,0,0,0,0,0,0,0,0,0
85,AgentA wins,19.67,0,0,0,0,0,0,0,0,0,0
86,AgentA wins,17.00,0,0,0,0,0,0,0,0,0,0
87,AgentA wins,15.00,0,0,0,0,0,0,0,0,0,0
88,AgentA wins,23.33,0,0,0,0,0,0,0,0,0,0
89,AgentA wins,20.00,0,0,0,0,0,0,0,0,0,0
90,AgentA wins,18.00,0,0,0,0,0,0,0,0,0,0
81,AgentA wins,20.00,0,0,0,0,0,0,0,0,0,0
82,AgentA wins,19.67,0,0,0,0,0,0,0,0,0,0
83,AgentA wins,20.00,0,0,0,0,0,0,0,0,0,0
84,AgentA wins,20.00,0,0,0,0,0,0,0,0,0,0
85,AgentA wins,20.00,0,0,0,0,0,0,0,0,0,0
86,AgentA wins,23.33,0,0,0,0,0,0,0,0,0,0
87,AgentA wins,18.00,0,0,0,0,0,0,0,0,0,0
88,AgentA wins,15.00,0,0,0,0,0,0,0,0,0,0
89,AgentA wins,15.00,0,0,0,0,0,0,0,0,0,0
90,AgentA wins,15.00,0,0,0,0,0,0,0,0,0,0
81,AgentA wins,20.00,0,0,0,0,0,0,0,0,0,0
82,AgentA wins,20.00,0,0,0,0,0,0,0,0,0,0
83,AgentA wins,15.00,0,0,0,0,0,0,0,0,0,0
84,AgentA wins,20.00,0,0,0,0,0,0,0,0,0,0
85,AgentA wins,20.00,0,0,0,0,0,0,0,0,0,0
86,AgentA wins,17.00,0,0,0,0,0,0,0,0,0,0
87,AgentA wins,15.00,0,0,0,0,0,0,0,0,0,0
88,AgentA wins,20.00,0,0,0,0,0,0,0,0,0,0
89,AgentA wins,19.67,0,0,0,0,0,0,0,0,0,0
90,AgentA wins,20.00,0,0,0,0,0,0,0,0,0,0
81,AgentA wins,19.67,0,0,0,0,0,0,0,0,0,0
82,AgentA wins,19.67,0,0,0,0,0,0,0,0,0,0
83,AgentA wins,20.00,0,0,0,0,0,0,0,0,0,0
84,AgentA wins,19.67,0,0,0,0,0,0,0,0,0,0
85,AgentA wins,15.00,0,0,0,0,0,0,0,0,0,0
86,AgentA wins,19.67,0,0,0,0,0,0,0,0,0,0
87,AgentA wins,17.00,0,0,0,0,0,0,0,0,0,0
88,AgentA wins,19.67,0,0,0,0,0,0,0,0,0,0
89,AgentA wins,20.00,0,0,0,0,0,0,0,0,0,0
90,AgentA wins,20.00,0,0,0,0,0,0,0,0,0,0
81,AgentA wins,19.67,0,0,0,0,0,0,0,0,0,0
82,AgentA wins,19.67,0,0,0,0,0,0,0,0,0,0
83,AgentA wins,20.00,0,0,0,0,0,0,0,0,0,0
84,AgentA wins,20.00,0,0,0,0,0,0,0,0,0,0
85,AgentA wins,15.00,0,0,0,0,0,0,0,0,0,0
86,AgentA wins,18.00,0,0,0,0,0,0,0,0,0,0
87,AgentA wins,19.67,0,0,0,0,0,0,0,0,0,0
88,AgentA wins,15.00,0,0,0,0,0,0,0,0,0,0
89,AgentA wins,20.00,0,0,0,0,0,0,0,0,0,0
90,AgentA wins,18.00,0,0,0,0,0,0,0,0,0,0
81,AgentA wins,20.00,0,0,0,0,0,0,0,0,0,0
82,AgentA wins,15.00,0,0,0,0,0,0,0,0,0,0
83,AgentA wins,23.33,0,0,0,0,0,0,0,0,0,0
84,AgentA wins,15.00,0,0,0,0,0,0,0,0,0,0
85,AgentA wins,15.00,0,0,0,0,0,0,0,0,0,0
86,AgentA wins,17.00,0,0,0,0,0,0,0,0,0,0
87,AgentA wins,20.00,0,0,0,0,0,0,0,0,0,0
88,AgentA wins,20.00,0,0,0,0,0,0,0,0,0,0
89,AgentA wins,15.00,0,0,0,0,0,0,0,0,0,0
90,AgentA wins,17.00,0,0,0,0,0,0,0,0,0,0
81,AgentA wins,17.00,0,0,0,0,0,0,0,0,0,0
82,AgentA wins,20.00,0,0,0,0,0,0,0,0,0,0
83,AgentA wins,17.00,0,0,0,0,0,0,0,0,0,0
84,AgentA wins,23.33,0,0,0,0,0,0,0,0,0,0
85,AgentA wins,15.00,0,0,0,0,0,0,0,0,0,0
86,AgentA wins,20.00,0,0,0,0,0,0,0,0,0,0
87,AgentA wins,23.33,0,0,0,0,0,0,0,0,0,0
88,AgentA wins,18.00,0,0,0,0,0,0,0,0,0,0
89,AgentA wins,20.00,0,0,0,0,0,0,0,0,0,0
90,AgentA wins,19.67,0,0,0,0,0,0,0,0,0,0
51,AgentB wins,36.67,0,0,0,0,0,0,0,0,0,0
52,AgentA wins,30.00,0,0,0,0,0,0,0,0,0,0
53,AgentB wins,22.33,0,0,0,0,0,0,0,0,0,0
54,AgentA wins,38.67,0,0,0,0,0,0,0,0,0,0
55,AgentA wins,15.00,0,0,0,0,0,0,0,0,0,0
56,AgentA wins,38.00,0,0,0,0,0,0,0,0,0,0
57,AgentB wins,39.33,0,0,0,0,0,0,0,0,0,0
58,AgentA wins,31.00,0,0,0,0,0,0,0,0,0,0
59,AgentB wins,30.00,0,0,0,0,0,0,0,0,0,0
60,AgentA wins,39.00,0,0,0,0,0,0,0,0,0,0
61,AgentA wins,27.00,0,0,0,0,0,0,0,0,0,0
62,AgentA wins,26.00,0,0,0,0,0,0,0,0,0,0
63,AgentA wins,18.00,0,0,0,0,0,0,0,0,0,0
64,AgentB wins,19.33,0,0,0,0,0,0,0,0,0,0
65,AgentA wins,24.00,0,0,0,0,0,0,0,0,0,0
66,AgentA wins,24.67,0,0,0,0,0,0,0,0,0,0
67,AgentA wins,15.00,0,0,0,0,0,0,0,0,0,0
68,AgentA wins,15.00,0,0,0,0,0,0,0,0,0,0
69,AgentA wins,31.67,0,0,0,0,0,0,0,0,0,0
70,AgentA wins,15.00,0,0,0,0,0,0,0,0,0,0
61,AgentA wins,21.67,0,0,0,0,0,0,0,0,0,0
62,AgentA wins,35.33,0,0,0,0,0,0,0,0,0,0
63,AgentA wins,15.00,0,0,0,0,0,0,0,0,0,0
64,AgentA wins,18.00,0,0,0,0,0,0,0,0,0,0
65,AgentA wins,40.00,0,0,0,0,0,0,0,0,0,0
66,AgentA wins,23.00,0,0,0,0,0,0,0,0,0,0
67,AgentA wins,15.00,0,0,0,0,0,0,0,0,0,0
68,AgentA wins,29.67,0,0,0,0,0,0,0,0,0,0
69,AgentA wins,15.00,0,0,0,0,0,0,0,0,0,0
70,AgentA wins,15.00,0,0,0,0,0,0,0,0,0,0
91,AgentA wins,19.67,0,0,0,0,0,0,0,0,0,0
92,AgentA wins,18.00,0,0,0,0,0,0,0,0,0,0
93,AgentA wins,22.33,0,0,0,0,0,0,0,0,0,0
94,AgentA wins,19.67,0,0,0,0,0,0,0,0,0,0
95,AgentA wins,20.00,0,0,0,0,0,0,0,0,0,0
96,AgentA wins,19.67,0,0,0,0,0,0,0,0,0,0
97,AgentA wins,19.67,0,0,0,0,0,0,0,0,0,0
98,AgentA wins,15.00,0,0,0,0,0,0,0,0,0,0
99,AgentA wins,15.00,0,0,0,0,0,0,0,0,0,0
100,AgentA wins,19.67,0,0,0,0,0,0,0,0,0,0
61,AgentA wins,15.00,0,0,0,0,0,0,0,0,0,0
62,AgentA wins,21.00,0,0,0,0,0,0,0,0,0,0
63,AgentA wins,18.00,0,0,0,0,0,0,0,0,0,0
64,AgentB wins,40.00,0,0,0,0,0,0,0,0,0,0
65,AgentA wins,15.00,0,0,0,0,0,0,0,0,0,0
66,AgentA wins,24.00,0,0,0,0,0,0,0,0,0,0
67,AgentA wins,35.67,0,0,0,0,0,0,0,0,0,0
68,AgentB wins,43.67,0,0,0,0,0,0,0,0,0,0
69,AgentA wins,30.00,0,0,0,0,0,0,0,0,0,0
70,AgentA wins,28.67,0,0,0,0,0,0,0,0,0,0
61,AgentA wins,18.00,0,0,0,0,0,0,0,0,0,0
62,AgentA wins,24.00,0,0,0,0,0,0,0,0,0,0
63,AgentA wins,21.67,0,0,0,0,0,0,0,0,0,0
64,AgentA wins,33.67,0,0,0,0,0,0,0,0,0,0
65,AgentB wins,34.33,0,0,0,0,0,0,0,0,0,0
66,AgentA wins,37.33,0,0,0,0,0,0,0,0,0,0
67,AgentB wins,34.33,0,0,0,0,0,0,0,0,0,0
68,AgentA wins,31.33,0,0,0,0,0,0,0,0,0,0
69,AgentA wins,15.00,0,0,0,0,0,0,0,0,0,0
70,AgentB wins,21.67,0,0,0,0,0,0,0,0,0,0
91,AgentA wins,18.00,0,0,0,0,0,0,0,0,0,0
92,AgentA wins,20.00,0,0,0,0,0,0,0,0,0,0
93,AgentA wins,15.00,0,0,0,0,0,0,0,0,0,0
94,AgentA wins,20.00,0,0,0,0,0,0,0,0,0,0
95,AgentA wins,23.33,0,0,0,0,0,0,0,0,0,0
96,AgentA wins,15.00,0,0,0,0,0,0,0,0,0,0
97,AgentA wins,20.00,0,0,0,0,0,0,0,0,0,0
98,AgentA wins,20.00,0,0,0,0,0,0,0,0,0,0
99,AgentA wins,20.00,0,0,0,0,0,0,0,0,0,0
100,AgentA wins,15.00,0,0,0,0,0,0,0,0,0,0
91,AgentA wins,19.67,0,0,0,0,0,0,0,0,0,0
92,AgentA wins,20.00,0,0,0,0,0,0,0,0,0,0
93,AgentA wins,23.33,0,0,0,0,0,0,0,0,0,0
94,AgentA wins,18.00,0,0,0,0,0,0,0,0,0,0
95,AgentA wins,15.00,0,0,0,0,0,0,0,0,0,0
96,AgentA wins,17.00,0,0,0,0,0,0,0,0,0,0
97,AgentA wins,23.33,0,0,0,0,0,0,0,0,0,0
98,AgentA wins,18.00,0,0,0,0,0,0,0,0,0,0
99,AgentA wins,18.00,0,0,0,0,0,0,0,0,0,0
100,AgentA wins,17.00,0,0,0,0,0,0,0,0,0,0
91,AgentA wins,20.00,0,0,0,0,0,0,0,0,0,0
92,AgentA wins,20.00,0,0,0,0,0,0,0,0,0,0
93,AgentA wins,17.00,0,0,0,0,0,0,0,0,0,0
94,AgentA wins,15.00,0,0,0,0,0,0,0,0,0,0
95,AgentA wins,20.00,0,0,0,0,0,0,0,0,0,0
96,AgentA wins,20.00,0,0,0,0,0,0,0,0,0,0
97,AgentA wins,19.67,0,0,0,0,0,0,0,0,0,0
98,AgentA wins,20.00,0,0,0,0,0,0,0,0,0,0
99,AgentA wins,15.00,0,0,0,0,0,0,0,0,0,0
100,AgentA wins,20.00,0,0,0,0,0,0,0,0,0,0
91,AgentA wins,20.00,0,0,0,0,0,0,0,0,0,0
92,AgentA wins,20.00,0,0,0,0,0,0,0,0,0,0
93,AgentB wins,24.67,0,0,0,0,0,0,0,0,0,0
94,AgentA wins,15.00,0,0,0,0,0,0,0,0,0,0
95,AgentA wins,19.67,0,0,0,0,0,0,0,0,0,0
96,AgentA wins,15.00,0,0,0,0,0,0,0,0,0,0
97,AgentA wins,23.33,0,0,0,0,0,0,0,0,0,0
98,AgentA wins,18.00,0,0,0,0,0,0,0,0,0,0
99,AgentA wins,20.00,0,0,0,0,0,0,0,0,0,0
100,AgentA wins,20.00,0,0,0,0,0,0,0,0,0,0
91,AgentA wins,17.00,0,0,0,0,0,0,0,0,0,0
92,AgentA wins,20.00,0,0,0,0,0,0,0,0,0,0
93,AgentA wins,15.00,0,0,0,0,0,0,0,0,0,0
94,AgentA wins,15.00,0,0,0,0,0,0,0,0,0,0
95,AgentA wins,23.33,0,0,0,0,0,0,0,0,0,0
96,AgentA wins,20.00,0,0,0,0,0,0,0,0,0,0
97,AgentA wins,20.00,0,0,0,0,0,0,0,0,0,0
98,AgentA wins,18.00,0,0,0,0,0,0,0,0,0,0
99,AgentA wins,15.00,0,0,0,0,0,0,0,0,0,0
100,AgentA wins,19.67,0,0,0,0,0,0,0,0,0,0
61,AgentA wins,18.00,0,0,0,0,0,0,0,0,0,0
62,AgentA wins,15.00,0,0,0,0,0,0,0,0,0,0
63,AgentA wins,35.00,0,0,0,0,0,0,0,0,0,0
64,AgentA wins,35.33,0,0,0,0,0,0,0,0,0,0
65,AgentA wins,18.00,0,0,0,0,0,0,0,0,0,0
66,AgentA wins,15.00,0,0,0,0,0,0,0,0,0,0
67,AgentA wins,35.33,0,0,0,0,0,0,0,0,0,0
68,AgentA wins,21.00,0,0,0,0,0,0,0,0,0,0
69,AgentA wins,18.00,0,0,0,0,0,0,0,0,0,0
70,AgentA wins,30.67,0,0,0,0,0,0,0,0,0,0
91,AgentA wins,20.00,0,0,0,0,0,0,0,0,0,0
92,AgentA wins,20.00,0,0,0,0,0,0,0,0,0,0
93,AgentA wins,20.00,0,0,0,0,0,0,0,0,0,0
94,AgentA wins,23.33,0,0,0,0,0,0,0,0,0,0
95,AgentA wins,20.00,0,0,0,0,0,0,0,0,0,0
96,AgentA wins,19.67,0,0,0,0,0,0,0,0,0,0
97,AgentA wins,20.00,0,0,0,0,0,0,0,0,0,0
98,AgentA wins,20.00,0,0,0,0,0,0,0,0,0,0
99,AgentA wins,20.00,0,0,0,0,0,0,0,0,0,0
100,AgentA wins,15.00,0,0,0,0,0,0,0,0,0,0
91,AgentA wins,15.00,0,0,0,0,0,0,0,0,0,0
92,AgentA wins,17.00,0,0,0,0,0,0,0,0,0,0
93,AgentA wins,15.00,0,0,0,0,0,0,0,0,0,0
94,AgentA wins,20.00,0,0,0,0,0,0,0,0,0,0
95,AgentA wins,15.00,0,0,0,0,0,0,0,0,0,0
96,AgentA wins,20.00,0,0,0,0,0,0,0,0,0,0
97,AgentA wins,19.67,0,0,0,0,0,0,0,0,0,0
98,AgentA wins,15.00,0,0,0,0,0,0,0,0,0,0
99,AgentA wins,20.00,0,0,0,0,0,0,0,0,0,0
100,AgentA wins,15.00,0,0,0,0,0,0,0,0,0,0
61,AgentA wins,36.00,0,0,0,0,0,0,0,0,0,0
62,AgentA wins,24.00,0,0,0,0,0,0,0,0,0,0
63,AgentA wins,24.00,0,0,0,0,0,0,0,0,0,0
64,AgentA wins,21.00,0,0,0,0,0,0,0,0,0,0
65,AgentA wins,21.00,0,0,0,0,0,0,0,0,0,0
66,AgentB wins,30.67,0,0,0,0,0,0,0,0,0,0
67,AgentA wins,36.00,0,0,0,0,0,0,0,0,0,0
68,AgentA wins,21.00,0,0,0,0,0,0,0,0,0,0
69,AgentA wins,45.00,0,0,0,0,0,0,0,0,0,0
70,AgentA wins,26.00,0,0,0,0,0,0,0,0,0,0
91,AgentA wins,18.00,0,0,0,0,0,0,0,0,0,0
92,AgentA wins,17.00,0,0,0,0,0,0,0,0,0,0
93,AgentA wins,19.67,0,0,0,0,0,0,0,0,0,0
94,AgentA wins,20.00,0,0,0,0,0,0,0,0,0,0
95,AgentA wins,20.00,0,0,0,0,0,0,0,0,0,0
96,AgentA wins,17.00,0,0,0,0,0,0,0,0,0,0
97,AgentA wins,20.00,0,0,0,0,0,0,0,0,0,0
98,AgentA wins,20.00,0,0,0,0,0,0,0,0,0,0
99,AgentA wins,20.00,0,0,0,0,0,0,0,0,0,0
100,AgentA wins,19.67,0,0,0,0,0,0,0,0,0,0
91,AgentA wins,20.00,0,0,0,0,0,0,0,0,0,0
92,AgentA wins,15.00,0,0,0,0,0,0,0,0,0,0
93,AgentA wins,20.00,0,0,0,0,0,0,0,0,0,0
94,AgentA wins,17.00,0,0,0,0,0,0,0,0,0,0
95,AgentA wins,23.33,0,0,0,0,0,0,0,0,0,0
96,AgentA wins,20.00,0,0,0,0,0,0,0,0,0,0
97,AgentA wins,15.00,0,0,0,0,0,0,0,0,0,0
98,AgentA wins,20.00,0,0,0,0,0,0,0,0,0,0
99,AgentA wins,22.33,0,0,0,0,0,0,0,0,0,0
100,AgentA wins,23.33,0,0,0,0,0,0,0,0,0,0
91,AgentA wins,20.00,0,0,0,0,0,0,0,0,0,0
92,AgentA wins,15.00,0,0,0,0,0,0,0,0,0,0
93,AgentA wins,20.00,0,0,0,0,0,0,0,0,0,0
94,AgentA wins,18.00,0,0,0,0,0,0,0,0,0,0
95,AgentA wins,20.00,0,0,0,0,0,0,0,0,0,0
96,AgentA wins,17.00,0,0,0,0,0,0,0,0,0,0
97,AgentA wins,18.00,0,0,0,0,0,0,0,0,0,0
98,AgentA wins,19.67,0,0,0,0,0,0,0,0,0,0
99,AgentA wins,20.00,0,0,0,0,0,0,0,0,0,0
100,AgentB wins,24.67,0,0,0,0,0,0,0,0,0,0
91,AgentA wins,23.33,0,0,0,0,0,0,0,0,0,0
92,AgentA wins,23.33,0,0,0,0,0,0,0,0,0,0
93,AgentA wins,20.00,0,0,0,0,0,0,0,0,0,0
94,AgentA wins,19.67,0,0,0,0,0,0,0,0,0,0
95,AgentA wins,19.67,0,0,0,0,0,0,0,0,0,0
96,AgentA wins,15.00,0,0,0,0,0,0,0,0,0,0
97,AgentA wins,20.00,0,0,0,0,0,0,0,0,0,0
98,AgentA wins,19.67,0,0,0,0,0,0,0,0,0,0
99,AgentA wins,15.00,0,0,0,0,0,0,0,0,0,0
100,AgentA wins,20.00,0,0,0,0,0,0,0,0,0,0
91,AgentA wins,20.00,0,0,0,0,0,0,0,0,0,0
92,AgentA wins,20.00,0,0,0,0,0,0,0,0,0,0
93,AgentA wins,15.00,0,0,0,0,0,0,0,0,0,0
94,AgentA wins,23.33,0,0,0,0,0,0,0,0,0,0
95,AgentA wins,19.67,0,0,0,0,0,0,0,0,0,0
96,AgentA wins,20.00,0,0,0,0,0,0,0,0,0,0
97,AgentA wins,19.67,0,0,0,0,0,0,0,0,0,0
98,AgentA wins,23.33,0,0,0,0,0,0,0,0,0,0
99,AgentA wins,22.33,0,0,0,0,0,0,0,0,0,0
100,AgentA wins,15.00,0,0,0,0,0,0,0,0,0,0
91,AgentA wins,15.00,0,0,0,0,0,0,0,0,0,0
92,AgentA wins,15.00,0,0,0,0,0,0,0,0,0,0
93,AgentA wins,19.67,0,0,0,0,0,0,0,0,0,0
94,AgentA wins,23.33,0,0,0,0,0,0,0,0,0,0
95,AgentA wins,19.67,0,0,0,0,0,0,0,0,0,0
96,AgentA wins,20.00,0,0,0,0,0,0,0,0,0,0
97,AgentA wins,19.67,0,0,0,0,0,0,0,0,0,0
98,AgentA wins,18.00,0,0,0,0,0,0,0,0,0,0
99,AgentA wins,23.33,0,0,0,0,0,0,0,0,0,0
100,AgentA wins,15.00,0,0,0,0,0,0,0,0,0,0
61,AgentA wins,18.67,0,0,0,0,0,0,0,0,0,0
62,AgentA wins,24.00,0,0,0,0,0,0,0,0,0,0
63,AgentA wins,34.33,0,0,0,0,0,0,0,0,0,0
64,AgentA wins,24.00,0,0,0,0,0,0,0,0,0,0
65,AgentA wins,15.00,0,0,0,0,0,0,0,0,0,0
66,AgentB wins,55.00,0,0,0,0,0,0,0,0,0,0
67,AgentA wins,51.00,0,0,0,0,0,0,0,0,0,0
68,AgentA wins,21.00,0,0,0,0,0,0,0,0,0,0
69,AgentA wins,30.00,0,0,0,0,0,0,0,0,0,0
70,AgentA wins,18.00,0,0,0,0,0,0,0,0,0,0
91,AgentA wins,15.00,0,0,0,0,0,0,0,0,0,0
92,AgentA wins,20.00,0,0,0,0,0,0,0,0,0,0
93,AgentA wins,23.33,0,0,0,0,0,0,0,0,0,0
94,AgentA wins,20.00,0,0,0,0,0,0,0,0,0,0
95,AgentA wins,20.00,0,0,0,0,0,0,0,0,0,0
96,AgentA wins,20.00,0,0,0,0,0,0,0,0,0,0
97,AgentA wins,20.00,0,0,0,0,0,0,0,0,0,0
98,AgentA wins,20.00,0,0,0,0,0,0,0,0,0,0
99,AgentA wins,20.00,0,0,0,0,0,0,0,0,0,0
100,AgentA wins,20.00,0,0,0,0,0,0,0,0,0,0
61,AgentA wins,20.00,0,0,0,0,0,0,0,0,0,0
62,AgentB wins,38.00,0,0,0,0,0,0,0,0,0,0
63,AgentA wins,15.00,0,0,0,0,0,0,0,0,0,0
64,AgentA wins,28.67,0,0,0,0,0,0,0,0,0,0
65,AgentA wins,15.00,0,0,0,0,0,0,0,0,0,0
66,AgentA wins,15.00,0,0,0,0,0,0,0,0,0,0
67,AgentA wins,15.00,0,0,0,0,0,0,0,0,0,0
68,AgentA wins,36.33,0,0,0,0,0,0,0,0,0,0
69,AgentA wins,24.00,0,0,0,0,0,0,0,0,0,0
70,AgentA wins,33.00,0,0,0,0,0,0,0,0,0,0
61,AgentA wins,15.00,0,0,0,0,0,0,0,0,0,0
62,AgentA wins,18.00,0,0,0,0,0,0,0,0,0,0
63,AgentA wins,37.67,0,0,0,0,0,0,0,0,0,0
64,AgentB wins,19.33,0,0,0,0,0,0,0,0,0,0
65,AgentA wins,24.00,0,0,0,0,0,0,0,0,0,0
66,AgentA wins,18.00,0,0,0,0,0,0,0,0,0,0
67,AgentA wins,26.67,0,0,0,0,0,0,0,0,0,0
68,AgentA wins,18.00,0,0,0,0,0,0,0,0,0,0
69,AgentA wins,18.00,0,0,0,0,0,0,0,0,0,0
70,AgentB wins,30.33,0,0,0,0,0,0,0,0,0,0
71,AgentA wins,26.67,241,238,0,141,0,193,0,27,30,60
72,AgentA wins,42.33,382,383,0,231,0,300,0,51,52,93
73,AgentA wins,40.00,358,367,0,212,0,279,0,47,54,99
74,AgentA wins,24.67,218,222,0,125,0,174,0,32,37,52
75,AgentA wins,21.00,192,189,0,110,0,151,0,24,27,40
76,AgentA wins,18.67,166,167,0,104,0,127,0,26,12,43
77,AgentB wins,30.00,271,274,0,162,0,218,0,39,41,48
78,AgentA wins,26.33,233,238,0,142,0,189,0,31,29,54
79,AgentA wins,42.00,379,378,0,225,0,305,0,45,49,86
80,AgentA wins,26.33,238,235,0,135,0,188,0,31,34,57
101,AgentA wins,20.00,0,0,0,0,0,0,0,0,0,0
102,AgentA wins,15.00,0,0,0,0,0,0,0,0,0,0
103,AgentA wins,20.00,0,0,0,0,0,0,0,0,0,0
104,AgentA wins,23.33,0,0,0,0,0,0,0,0,0,0
105,AgentA wins,15.00,0,0,0,0,0,0,0,0,0,0
106,AgentA wins,15.00,0,0,0,0,0,0,0,0,0,0
107,AgentA wins,20.00,0,0,0,0,0,0,0,0,0,0
108,AgentA wins,20.00,0,0,0,0,0,0,0,0,0,0
109,AgentA wins,19.67,0,0,0,0,0,0,0,0,0,0
110,AgentA wins,15.00,0,0,0,0,0,0,0,0,0,0
71,AgentA wins,27.33,0,0,0,0,0,0,0,0,0,0
72,AgentA wins,15.00,0,0,0,0,0,0,0,0,0,0
73,AgentA wins,15.00,0,0,0,0,0,0,0,0,0,0
74,AgentA wins,21.67,0,0,0,0,0,0,0,0,0,0
75,AgentA wins,23.00,0,0,0,0,0,0,0,0,0,0
76,AgentA wins,24.00,0,0,0,0,0,0,0,0,0,0
77,AgentA wins,32.67,0,0,0,0,0,0,0,0,0,0
78,AgentA wins,31.67,0,0,0,0,0,0,0,0,0,0
79,AgentA wins,24.67,0,0,0,0,0,0,0,0,0,0
80,AgentA wins,34.00,0,0,0,0,0,0,0,0,0,0
101,AgentA wins,15.00,0,0,0,0,0,0,0,0,0,0
102,AgentA wins,20.00,0,0,0,0,0,0,0,0,0,0
103,AgentA wins,15.00,0,0,0,0,0,0,0,0,0,0
104,AgentA wins,20.00,0,0,0,0,0,0,0,0,0,0
105,AgentA wins,15.00,0,0,0,0,0,0,0,0,0,0
106,AgentA wins,20.00,0,0,0,0,0,0,0,0,0,0
107,AgentA wins,23.33,0,0,0,0,0,0,0,0,0,0
108,AgentA wins,20.00,0,0,0,0,0,0,0,0,0,0
109,AgentA wins,18.00,0,0,0,0,0,0,0,0,0,0
110,AgentA wins,18.00,0,0,0,0,0,0,0,0,0,0
101,AgentA wins,18.00,0,0,0,0,0,0,0,0,0,0
102,AgentA wins,20.00,0,0,0,0,0,0,0,0,0,0
103,AgentA wins,15.00,0,0,0,0,0,0,0,0,0,0
104,AgentA wins,17.00,0,0,0,0,0,0,0,0,0,0
105,AgentA wins,20.00,0,0,0,0,0,0,0,0,0,0
106,AgentA wins,17.00,0,0,0,0,0,0,0,0,0,0
107,AgentA wins,20.00,0,0,0,0,0,0,0,0,0,0
108,AgentA wins,20.00,0,0,0,0,0,0,0,0,0,0
109,AgentA wins,17.00,0,0,0,0,0,0,0,0,0,0
110,AgentA wins,15.00,0,0,0,0,0,0,0,0,0,0
101,AgentA wins,19.67,0,0,0,0,0,0,0,0,0,0
102,AgentA wins,20.00,0,0,0,0,0,0,0,0,0,0
103,AgentA wins,20.00,0,0,0,0,0,0,0,0,0,0
104,AgentA wins,17.00,0,0,0,0,0,0,0,0,0,0
105,AgentA wins,20.00,0,0,0,0,0,0,0,0,0,0
106,AgentA wins,20.00,0,0,0,0,0,0,0,0,0,0
107,AgentA wins,15.00,0,0,0,0,0,0,0,0,0,0
108,AgentA wins,20.00,0,0,0,0,0,0,0,0,0,0
109,AgentA wins,15.00,0,0,0,0,0,0,0,0,0,0
110,AgentA wins,20.00,0,0,0,0,0,0,0,0,0,0
101,AgentA wins,20.00,0,0,0,0,0,0,0,0,0,0
102,AgentA wins,20.00,0,0,0,0,0,0,0,0,0,0
103,AgentA wins,15.00,0,0,0,0,0,0,0,0,0,0
104,AgentA wins,18.00,0,0,0,0,0,0,0,0,0,0
105,AgentA wins,22.33,0,0,0,0,0,0,0,0,0,0
106,AgentA wins,15.00,0,0,0,0,0,0,0,0,0,0
107,AgentA wins,20.00,0,0,0,0,0,0,0,0,0,0
108,AgentA wins,20.00,0,0,0,0,0,0,0,0,0,0
109,AgentA wins,20.00,0,0,0,0,0,0,0,0,0,0
110,AgentA wins,20.00,0,0,0,0,0,0,0,0,0,0
101,AgentA wins,20.00,0,0,0,0,0,0,0,0,0,0
102,AgentA wins,20.00,0,0,0,0,0,0,0,0,0,0
103,AgentA wins,20.00,0,0,0,0,0,0,0,0,0,0
104,AgentA wins,18.00,0,0,0,0,0,0,0,0,0,0
105,AgentA wins,15.00,0,0,0,0,0,0,0,0,0,0
106,AgentA wins,17.00,0,0,0,0,0,0,0,0,0,0
107,AgentA wins,20.00,0,0,0,0,0,0,0,0,0,0
108,AgentA wins,23.33,0,0,0,0,0,0,0,0,0,0
109,AgentA wins,20.00,0,0,0,0,0,0,0,0,0,0
110,AgentA wins,19.67,0,0,0,0,0,0,0,0,0,0
71,AgentA wins,29.00,0,0,0,0,0,0,0,0,0,0
72,timeout draw,60.00,0,0,0,0,0,0,0,0,0,0
73,AgentA wins,29.00,0,0,0,0,0,0,0,0,0,0
74,AgentB wins,40.67,0,0,0,0,0,0,0,0,0,0
75,AgentA wins,18.00,0,0,0,0,0,0,0,0,0,0
76,AgentA wins,26.67,0,0,0,0,0,0,0,0,0,0
77,AgentA wins,28.67,0,0,0,0,0,0,0,0,0,0
78,AgentA wins,26.67,0,0,0,0,0,0,0,0,0,0
79,AgentA wins,43.00,0,0,0,0,0,0,0,0,0,0
80,AgentA wins,18.00,0,0,0,0,0,0,0,0,0,0
101,AgentA wins,20.00,0,0,0,0,0,0,0,0,0,0
102,AgentA wins,17.00,0,0,0,0,0,0,0,0,0,0
103,AgentA wins,20.00,0,0,0,0,0,0,0,0,0,0
104,AgentA wins,20.00,0,0,0,0,0,0,0,0,0,0
105,AgentA wins,20.00,0,0,0,0,0,0,0,0,0,0
106,AgentA wins,20.00,0,0,0,0,0,0,0,0,0,0
107,AgentA wins,20.00,0,0,0,0,0,0,0,0,0,0
108,AgentA wins,20.00,0,0,0,0,0,0,0,0,0,0
109,AgentA wins,20.00,0,0,0,0,0,0,0,0,0,0
110,AgentA wins,18.00,0,0,0,0,0,0,0,0,0,0
101,AgentA wins,18.00,0,0,0,0,0,0,0,0,0,0
102,AgentA wins,20.00,0,0,0,0,0,0,0,0,0,0
103,AgentA wins,19.67,0,0,0,0,0,0,0,0,0,0
104,AgentA wins,20.00,0,0,0,0,0,0,0,0,0,0
105,AgentA wins,20.00,0,0,0,0,0,0,0,0,0,0
106,AgentA wins,20.00,0,0,0,0,0,0,0,0,0,0
107,AgentA wins,20.00,0,0,0,0,0,0,0,0,0,0
108,AgentA wins,15.00,0,0,0,0,0,0,0,0,0,0
109,AgentA wins,19.67,0,0,0,0,0,0,0,0,0,0
110,AgentA wins,23.33,0,0,0,0,0,0,0,0,0,0
101,AgentA wins,20.00,0,0,0,0,0,0,0,0,0,0
102,AgentA wins,20.00,0,0,0,0,0,0,0,0,0,0
103,AgentA wins,19.67,0,0,0,0,0,0,0,0,0,0
104,AgentA wins,19.67,0,0,0,0,0,0,0,0,0,0
105,AgentA wins,19.67,0,0,0,0,0,0,0,0,0,0
106,AgentA wins,19.67,0,0,0,0,0,0,0,0,0,0
107,AgentA wins,20.00,0,0,0,0,0,0,0,0,0,0
108,AgentA wins,20.00,0,0,0,0,0,0,0,0,0,0
109,AgentA wins,18.00,0,0,0,0,0,0,0,0,0,0
110,AgentA wins,18.00,0,0,0,0,0,0,0,0,0,0
101,AgentA wins,19.67,0,0,0,0,0,0,0,0,0,0
102,AgentA wins,20.00,0,0,0,0,0,0,0,0,0,0
103,AgentA wins,23.33,0,0,0,0,0,0,0,0,0,0
104,AgentA wins,20.00,0,0,0,0,0,0,0,0,0,0
105,AgentA wins,15.00,0,0,0,0,0,0,0,0,0,0
106,AgentA wins,20.00,0,0,0,0,0,0,0,0,0,0
107,AgentA wins,18.00,0,0,0,0,0,0,0,0,0,0
108,AgentA wins,15.00,0,0,0,0,0,0,0,0,0,0
109,AgentA wins,20.00,0,0,0,0,0,0,0,0,0,0
110,AgentA wins,17.00,0,0,0,0,0,0,0,0,0,0
101,AgentA wins,17.00,0,0,0,0,0,0,0,0,0,0
102,AgentA wins,20.00,0,0,0,0,0,0,0,0,0,0
103,AgentA wins,20.00,0,0,0,0,0,0,0,0,0,0
104,AgentA wins,23.33,0,0,0,0,0,0,0,0,0,0
105,AgentA wins,20.00,0,0,0,0,0,0,0,0,0,0
106,AgentA wins,19.67,0,0,0,0,0,0,0,0,0,0
107,AgentA wins,17.00,0,0,0,0,0,0,0,0,0,0
108,AgentA wins,18.00,0,0,0,0,0,0,0,0,0,0
109,AgentA wins,15.00,0,0,0,0,0,0,0,0,0,0
110,AgentA wins,20.00,0,0,0,0,0,0,0,0,0,0
101,AgentA wins,20.00,0,0,0,0,0,0,0,0,0,0
102,AgentA wins,20.00,0,0,0,0,0,0,0,0,0,0
103,AgentA wins,20.00,0,0,0,0,0,0,0,0,0,0
104,AgentA wins,20.00,0,0,0,0,0,0,0,0,0,0
105,AgentA wins,15.00,0,0,0,0,0,0,0,0,0,0
106,AgentA wins,20.00,0,0,0,0,0,0,0,0,0,0
107,AgentA wins,20.00,0,0,0,0,0,0,0,0,0,0
108,AgentA wins,18.00,0,0,0,0,0,0,0,0,0,0
109,AgentA wins,25.67,0,0,0,0,0,0,0,0,0,0
110,AgentA wins,20.00,0,0,0,0,0,0,0,0,0,0
101,AgentA wins,19.67,0,0,0,0,0,0,0,0,0,0
102,AgentA wins,20.00,0,0,0,0,0,0,0,0,0,0
103,AgentA wins,23.33,0,0,0,0,0,0,0,0,0,0
104,AgentA wins,18.00,0,0,0,0,0,0,0,0,0,0
105,AgentA wins,17.00,0,0,0,0,0,0,0,0,0,0
106,AgentA wins,20.00,0,0,0,0,0,0,0,0,0,0
107,AgentA wins,15.00,0,0,0,0,0,0,0,0,0,0
108,AgentA wins,15.00,0,0,0,0,0,0,0,0,0,0
109,AgentA wins,20.00,0,0,0,0,0,0,0,0,0,0
110,AgentA wins,20.00,0,0,0,0,0,0,0,0,0,0
101,AgentA wins,20.00,0,0,0,0,0,0,0,0,0,0
102,AgentA wins,23.33,0,0,0,0,0,0,0,0,0,0
103,AgentA wins,18.00,0,0,0,0,0,0,0,0,0,0
104,AgentA wins,19.67,0,0,0,0,0,0,0,0,0,0
105,AgentA wins,15.00,0,0,0,0,0,0,0,0,0,0
106,AgentA wins,20.00,0,0,0,0,0,0,0,0,0,0
107,AgentA wins,17.00,0,0,0,0,0,0,0,0,0,0
108,AgentA wins,20.00,0,0,0,0,0,0,0,0,0,0
109,AgentA wins,18.00,0,0,0,0,0,0,0,0,0,0
110,AgentA wins,20.00,0,0,0,0,0,0,0,0,0,0
71,AgentA wins,17.67,0,0,0,0,0,0,0,0,0,0
72,AgentB wins,27.67,0,0,0,0,0,0,0,0,0,0
73,AgentA wins,18.00,0,0,0,0,0,0,0,0,0,0
74,AgentA wins,44.00,0,0,0,0,0,0,0,0,0,0
75,AgentA wins,34.00,0,0,0,0,0,0,0,0,0,0
76,AgentA wins,37.00,0,0,0,0,0,0,0,0,0,0
77,AgentA wins,32.67,0,0,0,0,0,0,0,0,0,0
78,AgentA wins,15.00,0,0,0,0,0,0,0,0,0,0
79,AgentA wins,21.00,0,0,0,0,0,0,0,0,0,0
80,AgentA wins,15.00,0,0,0,0,0,0,0,0,0,0
71,AgentA wins,29.00,0,0,0,0,0,0,0,0,0,0
72,AgentA wins,31.67,0,0,0,0,0,0,0,0,0,0
73,AgentA wins,18.00,0,0,0,0,0,0,0,0,0,0
74,AgentA wins,24.00,0,0,0,0,0,0,0,0,0,0
75,AgentA wins,15.00,0,0,0,0,0,0,0,0,0,0
76,AgentA wins,41.33,0,0,0,0,0,0,0,0,0,0
77,AgentA wins,15.00,0,0,0,0,0,0,0,0,0,0
78,AgentA wins,26.33,0,0,0,0,0,0,0,0,0,0
79,AgentA wins,26.00,0,0,0,0,0,0,0,0,0,0
80,AgentA wins,25.67,0,0,0,0,0,0,0,0,0,0
101,AgentA wins,19.67,0,0,0,0,0,0,0,0,0,0
102,AgentA wins,23.33,0,0,0,0,0,0,0,0,0,0
103,AgentA wins,20.00,0,0,0,0,0,0,0,0,0,0
104,AgentA wins,20.00,0,0,0,0,0,0,0,0,0,0
105,AgentA wins,20.00,0,0,0,0,0,0,0,0,0,0
106,AgentA wins,20.00,0,0,0,0,0,0,0,0,0,0
107,AgentA wins,17.00,0,0,0,0,0,0,0,0,0,0
108,AgentA wins,15.00,0,0,0,0,0,0,0,0,0,0
109,AgentA wins,20.00,0,0,0,0,0,0,0,0,0,0
110,AgentA wins,20.00,0,0,0,0,0,0,0,0,0,0
71,AgentA wins,24.00,0,0,0,0,0,0,0,0,0,0
72,AgentA wins,18.00,0,0,0,0,0,0,0,0,0,0
73,AgentA wins,54.67,0,0,0,0,0,0,0,0,0,0
74,AgentA wins,35.33,0,0,0,0,0,0,0,0,0,0
75,AgentA wins,15.00,0,0,0,0,0,0,0,0,0,0
76,AgentA wins,21.00,0,0,0,0,0,0,0,0,0,0
77,AgentA wins,18.00,0,0,0,0,0,0,0,0,0,0
78,AgentA wins,15.00,0,0,0,0,0,0,0,0,0,0
79,AgentA wins,23.67,0,0,0,0,0,0,0,0,0,0
80,AgentA wins,21.00,0,0,0,0,0,0,0,0,0,0
71,AgentA wins,29.00,0,0,0,0,0,0,0,0,0,0
72,AgentA wins,21.67,0,0,0,0,0,0,0,0,0,0
73,AgentA wins,15.00,0,0,0,0,0,0,0,0,0,0
74,AgentA wins,18.00,0,0,0,0,0,0,0,0,0,0
75,AgentA wins,15.00,0,0,0,0,0,0,0,0,0,0
76,AgentA wins,24.00,0,0,0,0,0,0,0,0,0,0
77,AgentA wins,21.00,0,0,0,0,0,0,0,0,0,0
78,AgentA wins,18.00,0,0,0,0,0,0,0,0,0,0
79,AgentA wins,31.33,0,0,0,0,0,0,0,0,0,0
80,AgentA wins,24.67,0,0,0,0,0,0,0,0,0,0
71,AgentA wins,18.00,0,0,0,0,0,0,0,0,0,0
72,AgentB wins,29.00,0,0,0,0,0,0,0,0,0,0
73,AgentA wins,18.67,0,0,0,0,0,0,0,0,0,0
74,AgentA wins,15.00,0,0,0,0,0,0,0,0,0,0
75,AgentA wins,29.67,0,0,0,0,0,0,0,0,0,0
76,AgentA wins,15.00,0,0,0,0,0,0,0,0,0,0
77,AgentB wins,36.33,0,0,0,0,0,0,0,0,0,0
78,AgentA wins,15.00,0,0,0,0,0,0,0,0,0,0
79,AgentA wins,15.00,0,0,0,0,0,0,0,0,0,0
80,AgentA wins,34.00,0,0,0,0,0,0,0,0,0,0
71,AgentA wins,15.00,0,0,0,0,0,0,0,0,0,0
72,AgentA wins,15.00,0,0,0,0,0,0,0,0,0,0
73,AgentB wins,27.33,0,0,0,0,0,0,0,0,0,0
74,AgentA wins,15.00,0,0,0,0,0,0,0,0,0,0
75,AgentA wins,15.00,0,0,0,0,0,0,0,0,0,0
76,AgentA wins,37.67,0,0,0,0,0,0,0,0,0,0
77,AgentA wins,38.33,0,0,0,0,0,0,0,0,0,0
78,AgentA wins,29.00,0,0,0,0,0,0,0,0,0,0
79,AgentA wins,18.00,0,0,0,0,0,0,0,0,0,0
80,AgentA wins,24.00,0,0,0,0,0,0,0,0,0,0
71,AgentA wins,27.00,0,0,0,0,0,0,0,0,0,0
72,AgentA wins,31.33,0,0,0,0,0,0,0,0,0,0
73,AgentA wins,27.00,0,0,0,0,0,0,0,0,0,0
74,AgentA wins,24.67,0,0,0,0,0,0,0,0,0,0
75,AgentA wins,43.00,0,0,0,0,0,0,0,0,0,0
76,AgentA wins,21.00,0,0,0,0,0,0,0,0,0,0
77,AgentA wins,33.00,0,0,0,0,0,0,0,0,0,0
78,AgentA wins,35.33,0,0,0,0,0,0,0,0,0,0
79,AgentB wins,59.33,0,0,0,0,0,0,0,0,0,0
80,AgentA wins,15.00,0,0,0,0,0,0,0,0,0,0
81,AgentA wins,18.00,164,157,0,102,0,132,0,24,20,35
82,AgentA wins,15.00,137,133,0,82,0,112,0,20,15,37
83,AgentA wins,43.67,399,397,0,233,0,311,0,52,49,89
84,AgentA wins,15.00,135,135,0,87,0,111,0,17,13,39
85,AgentA wins,18.00,164,159,0,103,0,129,0,22,13,56
86,AgentA wins,24.67,225,222,0,131,0,171,0,26,24,50
87,AgentA wins,24.00,220,215,0,135,0,175,0,28,23,54
88,AgentB wins,33.00,298,296,0,161,0,242,0,35,45,75
89,AgentA wins,18.00,162,162,0,94,0,131,0,24,21,43
90,AgentA wins,28.00,248,251,0,144,0,205,0,25,34,67
111,AgentA wins,20.00,0,0,0,0,0,0,0,0,0,0
112,AgentA wins,18.00,0,0,0,0,0,0,0,0,0,0
113,AgentA wins,20.00,0,0,0,0,0,0,0,0,0,0
114,AgentA wins,20.00,0,0,0,0,0,0,0,0,0,0
115,AgentA wins,20.00,0,0,0,0,0,0,0,0,0,0
116,AgentA wins,20.00,0,0,0,0,0,0,0,0,0,0
117,AgentA wins,15.00,0,0,0,0,0,0,0,0,0,0
118,AgentA wins,15.00,0,0,0,0,0,0,0,0,0,0
119,AgentA wins,19.67,0,0,0,0,0,0,0,0,0,0
120,AgentA wins,17.00,0,0,0,0,0,0,0,0,0,0
111,AgentA wins,18.00,0,0,0,0,0,0,0,0,0,0
112,AgentA wins,20.00,0,0,0,0,0,0,0,0,0,0
113,AgentA wins,20.00,0,0,0,0,0,0,0,0,0,0
114,AgentA wins,18.00,0,0,0,0,0,0,0,0,0,0
115,AgentA wins,20.00,0,0,0,0,0,0,0,0,0,0
116,AgentA wins,15.00,0,0,0,0,0,0,0,0,0,0
117,AgentA wins,20.00,0,0,0,0,0,0,0,0,0,0
118,AgentA wins,20.00,0,0,0,0,0,0,0,0,0,0
119,AgentA wins,15.00,0,0,0,0,0,0,0,0,0,0
120,AgentA wins,18.00,0,0,0,0,0,0,0,0,0,0
111,AgentA wins,20.00,0,0,0,0,0,0,0,0,0,0
112,AgentA wins,20.00,0,0,0,0,0,0,0,0,0,0
113,AgentA wins,20.00,0,0,0,0,0,0,0,0,0,0
114,AgentA wins,17.00,0,0,0,0,0,0,0,0,0,0
115,AgentA wins,15.00,0,0,0,0,0,0,0,0,0,0
116,AgentA wins,15.00,0,0,0,0,0,0,0,0,0,0
117,AgentA wins,20.00,0,0,0,0,0,0,0,0,0,0
118,AgentA wins,18.00,0,0,0,0,0,0,0,0,0,0
119,AgentA wins,18.00,0,0,0,0,0,0,0,0,0,0
120,AgentA wins,20.00,0,0,0,0,0,0,0,0,0,0
111,AgentA wins,20.00,0,0,0,0,0,0,0,0,0,0
112,AgentA wins,17.00,0,0,0,0,0,0,0,0,0,0
113,AgentA wins,20.00,0,0,0,0,0,0,0,0,0,0
114,AgentA wins,20.00,0,0,0,0,0,0,0,0,0,0
115,AgentA wins,17.00,0,0,0,0,0,0,0,0,0,0
116,AgentA wins,20.00,0,0,0,0,0,0,0,0,0,0
117,AgentA wins,20.00,0,0,0,0,0,0,0,0,0,0
118,AgentA wins,15.00,0,0,0,0,0,0,0,0,0,0
119,AgentA wins,18.00,0,0,0,0,0,0,0,0,0,0
120,AgentA wins,17.00,0,0,0,0,0,0,0,0,0,0
111,AgentA wins,20.00,0,0,0,0,0,0,0,0,0,0
112,AgentA wins,23.33,0,0,0,0,0,0,0,0,0,0
113,AgentA wins,19.67,0,0,0,0,0,0,0,0,0,0
114,AgentA wins,23.33,0,0,0,0,0,0,0,0,0,0
115,AgentA wins,20.00,0,0,0,0,0,0,0,0,0,0
116,AgentA wins,20.00,0,0,0,0,0,0,0,0,0,0
117,AgentA wins,20.00,0,0,0,0,0,0,0,0,0,0
118,AgentA wins,15.00,0,0,0,0,0,0,0,0,0,0
119,AgentA wins,18.00,0,0,0,0,0,0,0,0,0,0
120,AgentA wins,20.00,0,0,0,0,0,0,0,0,0,0
111,AgentA wins,15.00,0,0,0,0,0,0,0,0,0,0
112,AgentA wins,20.00,0,0,0,0,0,0,0,0,0,0
113,AgentA wins,18.00,0,0,0,0,0,0,0,0,0,0
114,AgentA wins,20.00,0,0,0,0,0,0,0,0,0,0
115,AgentA wins,20.00,0,0,0,0,0,0,0,0,0,0
116,AgentA wins,20.00,0,0,0,0,0,0,0,0,0,0
117,AgentA wins,20.00,0,0,0,0,0,0,0,0,0,0
118,AgentA wins,20.00,0,0,0,0,0,0,0,0,0,0
119,AgentA wins,20.00,0,0,0,0,0,0,0,0,0,0
120,AgentA wins,20.00,0,0,0,0,0,0,0,0,0,0
81,AgentA wins,30.00,0,0,0,0,0,0,0,0,0,0
82,AgentA wins,18.00,0,0,0,0,0,0,0,0,0,0
83,AgentA wins,15.00,0,0,0,0,0,0,0,0,0,0
84,AgentB wins,26.67,0,0,0,0,0,0,0,0,0,0
85,AgentA wins,15.00,0,0,0,0,0,0,0,0,0,0
86,AgentA wins,15.00,0,0,0,0,0,0,0,0,0,0
87,AgentB wins,31.00,0,0,0,0,0,0,0,0,0,0
88,AgentA wins,30.00,0,0,0,0,0,0,0,0,0,0
89,AgentA wins,15.00,0,0,0,0,0,0,0,0,0,0
90,AgentA wins,24.00,0,0,0,0,0,0,0,0,0,0
111,AgentA wins,23.33,0,0,0,0,0,0,0,0,0,0
112,AgentA wins,15.00,0,0,0,0,0,0,0,0,0,0
113,AgentA wins,18.00,0,0,0,0,0,0,0,0,0,0
114,AgentA wins,20.00,0,0,0,0,0,0,0,0,0,0
115,AgentA wins,15.00,0,0,0,0,0,0,0,0,0,0
116,AgentA wins,18.00,0,0,0,0,0,0,0,0,0,0
117,AgentA wins,20.00,0,0,0,0,0,0,0,0,0,0
118,AgentA wins,20.00,0,0,0,0,0,0,0,0,0,0
119,AgentA wins,18.00,0,0,0,0,0,0,0,0,0,0
120,AgentA wins,20.00,0,0,0,0,0,0,0,0,0,0
111,AgentA wins,20.00,0,0,0,0,0,0,0,0,0,0
112,AgentA wins,15.00,0,0,0,0,0,0,0,0,0,0
113,AgentA wins,17.00,0,0,0,0,0,0,0,0,0,0
114,AgentA wins,20.00,0,0,0,0,0,0,0,0,0,0
115,AgentA wins,15.00,0,0,0,0,0,0,0,0,0,0
116,AgentA wins,17.00,0,0,0,0,0,0,0,0,0,0
117,AgentA wins,20.00,0,0,0,0,0,0,0,0,0,0
118,AgentA wins,20.00,0,0,0,0,0,0,0,0,0,0
119,AgentA wins,17.00,0,0,0,0,0,0,0,0,0,0
120,AgentA wins,20.00,0,0,0,0,0,0,0,0,0,0
111,AgentA wins,19.67,0,0,0,0,0,0,0,0,0,0
112,AgentA wins,18.00,0,0,0,0,0,0,0,0,0,0
113,AgentA wins,20.00,0,0,0,0,0,0,0,0,0,0
114,AgentA wins,19.67,0,0,0,0,0,0,0,0,0,0
115,AgentA wins,20.00,0,0,0,0,0,0,0,0,0,0
116,AgentA wins,18.00,0,0,0,0,0,0,0,0,0,0
117,AgentA wins,20.00,0,0,0,0,0,0,0,0,0,0
118,AgentA wins,20.00,0,0,0,0,0,0,0,0,0,0
119,AgentA wins,18.00,0,0,0,0,0,0,0,0,0,0
120,AgentA wins,20.00,0,0,0,0,0,0,0,0,0,0
111,AgentA wins,18.00,0,0,0,0,0,0,0,0,0,0
112,AgentA wins,15.00,0,0,0,0,0,0,0,0,0,0
113,AgentA wins,20.00,0,0,0,0,0,0,0,0,0,0
114,AgentA wins,17.00,0,0,0,0,0,0,0,0,0,0
115,AgentA wins,18.00,0,0,0,0,0,0,0,0,0,0
116,AgentA wins,20.00,0,0,0,0,0,0,0,0,0,0
117,AgentA wins,15.00,0,0,0,0,0,0,0,0,0,0
118,AgentA wins,18.00,0,0,0,0,0,0,0,0,0,0
119,AgentA wins,20.00,0,0,0,0,0,0,0,0,0,0
120,AgentA wins,20.00,0,0,0,0,0,0,0,0,0,0
111,AgentA wins,20.00,0,0,0,0,0,0,0,0,0,0
112,AgentA wins,18.00,0,0,0,0,0,0,0,0,0,0
113,AgentA wins,20.00,0,0,0,0,0,0,0,0,0,0
114,AgentA wins,20.00,0,0,0,0,0,0,0,0,0,0
115,AgentA wins,15.00,0,0,0,0,0,0,0,0,0,0
116,AgentA wins,18.00,0,0,0,0,0,0,0,0,0,0
117,AgentA wins,20.00,0,0,0,0,0,0,0,0,0,0
118,AgentA wins,18.00,0,0,0,0,0,0,0,0,0,0
119,AgentA wins,18.00,0,0,0,0,0,0,0,0,0,0
120,AgentA wins,20.00,0,0,0,0,0,0,0,0,0,0
111,AgentA wins,20.00,0,0,0,0,0,0,0,0,0,0
112,AgentA wins,20.00,0,0,0,0,0,0,0,0,0,0
113,AgentA wins,23.33,0,0,0,0,0,0,0,0,0,0
114,AgentA wins,20.00,0,0,0,0,0,0,0,0,0,0
115,AgentA wins,20.00,0,0,0,0,0,0,0,0,0,0
116,AgentA wins,20.00,0,0,0,0,0,0,0,0,0,0
117,AgentA wins,18.00,0,0,0,0,0,0,0,0,0,0
118,AgentA wins,20.00,0,0,0,0,0,0,0,0,0,0
119,AgentA wins,20.00,0,0,0,0,0,0,0,0,0,0
120,AgentA wins,20.00,0,0,0,0,0,0,0,0,0,0
111,AgentA wins,20.00,0,0,0,0,0,0,0,0,0,0
112,AgentA wins,20.00,0,0,0,0,0,0,0,0,0,0
113,AgentA wins,20.00,0,0,0,0,0,0,0,0,0,0
114,AgentA wins,18.00,0,0,0,0,0,0,0,0,0,0
115,AgentA wins,20.00,0,0,0,0,0,0,0,0,0,0
116,AgentA wins,20.00,0,0,0,0,0,0,0,0,0,0
117,AgentA wins,20.00,0,0,0,0,0,0,0,0,0,0
118,AgentA wins,20.00,0,0,0,0,0,0,0,0,0,0
119,AgentA wins,15.00,0,0,0,0,0,0,0,0,0,0
120,AgentA wins,20.00,0,0,0,0,0,0,0,0,0,0
111,AgentA wins,20.00,0,0,0,0,0,0,0,0,0,0
112,AgentA wins,18.00,0,0,0,0,0,0,0,0,0,0
113,AgentA wins,20.00,0,0,0,0,0,0,0,0,0,0
114,AgentA wins,18.00,0,0,0,0,0,0,0,0,0,0
115,AgentA wins,20.00,0,0,0,0,0,0,0,0,0,0
116,AgentA wins,23.33,0,0,0,0,0,0,0,0,0,0
117,AgentA wins,18.00,0,0,0,0,0,0,0,0,0,0
118,AgentA wins,20.00,0,0,0,0,0,0,0,0,0,0
119,AgentA wins,18.00,0,0,0,0,0,0,0,0,0,0
120,AgentA wins,20.00,0,0,0,0,0,0,0,0,0,0
111,AgentA wins,20.00,0,0,0,0,0,0,0,0,0,0
112,AgentA wins,20.00,0,0,0,0,0,0,0,0,0,0
113,AgentA wins,20.00,0,0,0,0,0,0,0,0,0,0
114,AgentA wins,18.00,0,0,0,0,0,0,0,0,0,0
115,AgentA wins,18.00,0,0,0,0,0,0,0,0,0,0
116,AgentA wins,20.00,0,0,0,0,0,0,0,0,0,0
117,AgentA wins,20.00,0,0,0,0,0,0,0,0,0,0
118,AgentA wins,20.00,0,0,0,0,0,0,0,0,0,0
119,AgentA wins,20.00,0,0,0,0,0,0,0,0,0,0
120,AgentA wins,15.00,0,0,0,0,0,0,0,0,0,0
81,AgentA wins,21.00,0,0,0,0,0,0,0,0,0,0
82,AgentA wins,46.00,0,0,0,0,0,0,0,0,0,0
83,AgentA wins,35.00,0,0,0,0,0,0,0,0,0,0
84,AgentA wins,51.00,0,0,0,0,0,0,0,0,0,0
85,AgentA wins,18.00,0,0,0,0,0,0,0,0,0,0
86,AgentA wins,15.00,0,0,0,0,0,0,0,0,0,0
87,AgentA wins,27.00,0,0,0,0,0,0,0,0,0,0
88,AgentA wins,15.00,0,0,0,0,0,0,0,0,0,0
89,AgentA wins,47.00,0,0,0,0,0,0,0,0,0,0
90,AgentA wins,18.00,0,0,0,0,0,0,0,0,0,0
81,AgentA wins,35.33,0,0,0,0,0,0,0,0,0,0
82,AgentA wins,26.67,0,0,0,0,0,0,0,0,0,0
83,AgentB wins,28.33,0,0,0,0,0,0,0,0,0,0
84,AgentB wins,34.00,0,0,0,0,0,0,0,0,0,0
85,AgentA wins,36.33,0,0,0,0,0,0,0,0,0,0
86,AgentA wins,35.00,0,0,0,0,0,0,0,0,0,0
87,AgentA wins,35.00,0,0,0,0,0,0,0,0,0,0
88,AgentA wins,35.00,0,0,0,0,0,0,0,0,0,0
89,AgentA wins,36.00,0,0,0,0,0,0,0,0,0,0
90,AgentA wins,25.67,0,0,0,0,0,0,0,0,0,0
121,AgentA wins,20.00,0,0,0,0,0,0,0,0,0,0
122,AgentA wins,20.00,0,0,0,0,0,0,0,0,0,0
123,AgentA wins,20.00,0,0,0,0,0,0,0,0,0,0
124,AgentA wins,17.00,0,0,0,0,0,0,0,0,0,0
125,AgentA wins,20.00,0,0,0,0,0,0,0,0,0,0
126,AgentA wins,18.00,0,0,0,0,0,0,0,0,0,0
127,AgentA wins,15.00,0,0,0,0,0,0,0,0,0,0
128,AgentA wins,20.00,0,0,0,0,0,0,0,0,0,0
129,AgentA wins,20.00,0,0,0,0,0,0,0,0,0,0
130,AgentA wins,19.67,0,0,0,0,0,0,0,0,0,0
81,AgentA wins,38.00,0,0,0,0,0,0,0,0,0,0
82,AgentA wins,36.00,0,0,0,0,0,0,0,0,0,0
83,AgentA wins,18.00,0,0,0,0,0,0,0,0,0,0
84,timeout draw,60.00,0,0,0,0,0,0,0,0,0,0
85,AgentA wins,52.67,0,0,0,0,0,0,0,0,0,0
86,AgentA wins,24.00,0,0,0,0,0,0,0,0,0,0
87,AgentA wins,18.00,0,0,0,0,0,0,0,0,0,0
88,AgentA wins,15.00,0,0,0,0,0,0,0,0,0,0
89,AgentA wins,18.00,0,0,0,0,0,0,0,0,0,0
90,AgentA wins,41.33,0,0,0,0,0,0,0,0,0,0
81,AgentA wins,32.33,0,0,0,0,0,0,0,0,0,0
82,AgentA wins,18.00,0,0,0,0,0,0,0,0,0,0
83,AgentA wins,18.00,0,0,0,0,0,0,0,0,0,0
84,AgentA wins,18.00,0,0,0,0,0,0,0,0,0,0
85,AgentA wins,26.67,0,0,0,0,0,0,0,0,0,0
86,AgentB wins,21.67,0,0,0,0,0,0,0,0,0,0
87,AgentA wins,15.00,0,0,0,0,0,0,0,0,0,0
88,AgentA wins,34.00,0,0,0,0,0,0,0,0,0,0
89,AgentA wins,23.67,0,0,0,0,0,0,0,0,0,0
90,AgentA wins,33.00,0,0,0,0,0,0,0,0,0,0
121,AgentA wins,15.00,0,0,0,0,0,0,0,0,0,0
122,AgentA wins,20.00,0,0,0,0,0,0,0,0,0,0
123,AgentA wins,18.00,0,0,0,0,0,0,0,0,0,0
124,AgentA wins,18.00,0,0,0,0,0,0,0,0,0,0
125,AgentA wins,15.00,0,0,0,0,0,0,0,0,0,0
126,AgentA wins,20.00,0,0,0,0,0,0,0,0,0,0
127,AgentA wins,20.00,0,0,0,0,0,0,0,0,0,0
128,AgentA wins,15.00,0,0,0,0,0,0,0,0,0,0
129,AgentA wins,18.00,0,0,0,0,0,0,0,0,0,0
130,AgentA wins,20.00,0,0,0,0,0,0,0,0,0,0
81,AgentB wins,39.33,0,0,0,0,0,0,0,0,0,0
82,AgentA wins,18.00,0,0,0,0,0,0,0,0,0,0
83,AgentA wins,29.00,0,0,0,0,0,0,0,0,0,0
84,AgentA wins,26.00,0,0,0,0,0,0,0,0,0,0
85,AgentA wins,18.00,0,0,0,0,0,0,0,0,0,0
86,AgentA wins,15.00,0,0,0,0,0,0,0,0,0,0
87,AgentA wins,40.33,0,0,0,0,0,0,0,0,0,0
88,AgentA wins,33.67,0,0,0,0,0,0,0,0,0,0
89,AgentB wins,42.67,0,0,0,0,0,0,0,0,0,0
90,AgentA wins,49.33,0,0,0,0,0,0,0,0,0,0
121,AgentA wins,20.00,0,0,0,0,0,0,0,0,0,0
122,AgentA wins,18.00,0,0,0,0,0,0,0,0,0,0
123,AgentA wins,20.00,0,0,0,0,0,0,0,0,0,0
124,AgentA wins,20.00,0,0,0,0,0,0,0,0,0,0
125,AgentA wins,15.00,0,0,0,0,0,0,0,0,0,0
126,AgentA wins,20.00,0,0,0,0,0,0,0,0,0,0
127,AgentA wins,20.00,0,0,0,0,0,0,0,0,0,0
128,AgentA wins,18.00,0,0,0,0,0,0,0,0,0,0
129,AgentA wins,15.00,0,0,0,0,0,0,0,0,0,0
130,AgentA wins,19.67,0,0,0,0,0,0,0,0,0,0
121,AgentA wins,20.00,0,0,0,0,0,0,0,0,0,0
122,AgentA wins,19.67,0,0,0,0,0,0,0,0,0,0
123,AgentA wins,20.00,0,0,0,0,0,0,0,0,0,0
124,AgentA wins,20.00,0,0,0,0,0,0,0,0,0,0
125,AgentA wins,20.00,0,0,0,0,0,0,0,0,0,0
126,AgentA wins,17.00,0,0,0,0,0,0,0,0,0,0
127,AgentA wins,18.00,0,0,0,0,0,0,0,0,0,0
128,AgentA wins,20.00,0,0,0,0,0,0,0,0,0,0
129,AgentA wins,15.00,0,0,0,0,0,0,0,0,0,0
130,AgentA wins,20.00,0,0,0,0,0,0,0,0,0,0
91,AgentB wins,28.00,254,256,0,138,0,189,0,29,25,66
92,AgentA wins,24.00,215,216,0,131,0,160,0,26,17,59
93,AgentA wins,15.00,138,136,0,80,0,108,0,18,17,34
94,AgentA wins,29.33,265,260,0,149,0,211,0,33,29,67
95,AgentA wins,35.67,320,324,0,187,0,250,0,37,31,92
96,AgentA wins,15.00,136,137,0,82,0,102,0,19,14,28
97,AgentA wins,15.00,137,135,0,76,0,104,0,22,22,32
98,AgentA wins,18.00,162,158,1,96,0,123,0,22,21,46
99,AgentA wins,38.33,341,342,0,199,0,271,0,45,37,101
100,AgentA wins,15.00,134,140,0,80,0,98,0,19,12,31
81,AgentA wins,29.33,0,0,0,0,0,0,0,0,0,0
82,AgentA wins,33.00,0,0,0,0,0,0,0,0,0,0
83,AgentA wins,27.00,0,0,0,0,0,0,0,0,0,0
84,AgentB wins,36.33,0,0,0,0,0,0,0,0,0,0
85,AgentA wins,49.00,0,0,0,0,0,0,0,0,0,0
86,AgentA wins,26.00,0,0,0,0,0,0,0,0,0,0
87,AgentA wins,23.67,0,0,0,0,0,0,0,0,0,0
88,AgentA wins,32.00,0,0,0,0,0,0,0,0,0,0
89,AgentA wins,29.00,0,0,0,0,0,0,0,0,0,0
90,AgentA wins,24.00,0,0,0,0,0,0,0,0,0,0
121,AgentA wins,20.00,0,0,0,0,0,0,0,0,0,0
122,AgentA wins,20.00,0,0,0,0,0,0,0,0,0,0
123,AgentA wins,20.00,0,0,0,0,0,0,0,0,0,0
124,AgentA wins,20.00,0,0,0,0,0,0,0,0,0,0
125,AgentA wins,20.00,0,0,0,0,0,0,0,0,0,0
126,AgentA wins,20.00,0,0,0,0,0,0,0,0,0,0
127,AgentA wins,20.00,0,0,0,0,0,0,0,0,0,0
128,AgentA wins,15.00,0,0,0,0,0,0,0,0,0,0
129,AgentA wins,15.00,0,0,0,0,0,0,0,0,0,0
130,AgentA wins,15.00,0,0,0,0,0,0,0,0,0,0
121,AgentA wins,18.00,0,0,0,0,0,0,0,0,0,0
122,AgentA wins,17.00,0,0,0,0,0,0,0,0,0,0
123,AgentA wins,20.00,0,0,0,0,0,0,0,0,0,0
124,AgentA wins,20.00,0,0,0,0,0,0,0,0,0,0
125,AgentA wins,18.00,0,0,0,0,0,0,0,0,0,0
126,AgentA wins,18.00,0,0,0,0,0,0,0,0,0,0
127,AgentA wins,20.00,0,0,0,0,0,0,0,0,0,0
128,AgentA wins,20.00,0,0,0,0,0,0,0,0,0,0
129,AgentA wins,20.00,0,0,0,0,0,0,0,0,0,0
130,AgentA wins,18.00,0,0,0,0,0,0,0,0,0,0
121,AgentA wins,20.00,0,0,0,0,0,0,0,0,0,0
122,AgentA wins,18.00,0,0,0,0,0,0,0,0,0,0
123,AgentA wins,15.00,0,0,0,0,0,0,0,0,0,0
124,AgentA wins,20.00,0,0,0,0,0,0,0,0,0,0
125,AgentA wins,23.33,0,0,0,0,0,0,0,0,0,0
126,AgentA wins,18.00,0,0,0,0,0,0,0,0,0,0
127,AgentA wins,23.33,0,0,0,0,0,0,0,0,0,0
128,AgentA wins,15.00,0,0,0,0,0,0,0,0,0,0
129,AgentA wins,18.00,0,0,0,0,0,0,0,0,0,0
130,AgentA wins,20.00,0,0,0,0,0,0,0,0,0,0
81,AgentA wins,27.00,0,0,0,0,0,0,0,0,0,0
82,AgentA wins,32.33,0,0,0,0,0,0,0,0,0,0
83,AgentA wins,27.00,0,0,0,0,0,0,0,0,0,0
84,AgentA wins,28.67,0,0,0,0,0,0,0,0,0,0
85,AgentA wins,24.00,0,0,0,0,0,0,0,0,0,0
86,AgentA wins,48.00,0,0,0,0,0,0,0,0,0,0
87,AgentA wins,26.00,0,0,0,0,0,0,0,0,0,0
88,timeout draw,60.00,0,0,0,0,0,0,0,0,0,0
89,AgentB wins,52.67,0,0,0,0,0,0,0,0,0,0
90,AgentA wins,15.00,0,0,0,0,0,0,0,0,0,0
121,AgentA wins,23.33,0,0,0,0,0,0,0,0,0,0
122,AgentA wins,18.00,0,0,0,0,0,0,0,0,0,0
123,AgentA wins,15.00,0,0,0,0,0,0,0,0,0,0
124,AgentA wins,15.00,0,0,0,0,0,0,0,0,0,0
125,AgentA wins,15.00,0,0,0,0,0,0,0,0,0,0
126,AgentA wins,18.00,0,0,0,0,0,0,0,0,0,0
127,AgentA wins,18.00,0,0,0,0,0,0,0,0,0,0
128,AgentA wins,20.00,0,0,0,0,0,0,0,0,0,0
129,AgentA wins,20.00,0,0,0,0,0,0,0,0,0,0
130,AgentA wins,18.00,0,0,0,0,0,0,0,0,0,0
121,AgentA wins,20.00,0,0,0,0,0,0,0,0,0,0
122,AgentA wins,20.00,0,0,0,0,0,0,0,0,0,0
123,AgentA wins,15.00,0,0,0,0,0,0,0,0,0,0
124,AgentA wins,20.00,0,0,0,0,0,0,0,0,0,0
125,AgentA wins,15.00,0,0,0,0,0,0,0,0,0,0
126,AgentA wins,18.00,0,0,0,0,0,0,0,0,0,0
127,AgentA wins,20.00,0,0,0,0,0,0,0,0,0,0
128,AgentA wins,20.00,0,0,0,0,0,0,0,0,0,0
129,AgentA wins,18.00,0,0,0,0,0,0,0,0,0,0
130,AgentA wins,20.00,0,0,0,0,0,0,0,0,0,0
121,AgentA wins,15.00,0,0,0,0,0,0,0,0,0,0
122,AgentA wins,20.00,0,0,0,0,0,0,0,0,0,0
123,AgentA wins,20.00,0,0,0,0,0,0,0,0,0,0
124,AgentA wins,15.00,0,0,0,0,0,0,0,0,0,0
125,AgentA wins,18.00,0,0,0,0,0,0,0,0,0,0
126,AgentA wins,20.00,0,0,0,0,0,0,0,0,0,0
127,AgentA wins,18.00,0,0,0,0,0,0,0,0,0,0
128,AgentA wins,20.00,0,0,0,0,0,0,0,0,0,0
129,AgentA wins,20.00,0,0,0,0,0,0,0,0,0,0
130,AgentA wins,20.00,0,0,0,0,0,0,0,0,0,0
121,AgentA wins,20.00,0,0,0,0,0,0,0,0,0,0
122,AgentA wins,20.00,0,0,0,0,0,0,0,0,0,0
123,AgentA wins,20.00,0,0,0,0,0,0,0,0,0,0
124,AgentA wins,20.00,0,0,0,0,0,0,0,0,0,0
125,AgentA wins,19.67,0,0,0,0,0,0,0,0,0,0
126,AgentA wins,18.00,0,0,0,0,0,0,0,0,0,0
127,AgentA wins,20.00,0,0,0,0,0,0,0,0,0,0
128,AgentA wins,20.00,0,0,0,0,0,0,0,0,0,0
129,AgentA wins,15.00,0,0,0,0,0,0,0,0,0,0
130,AgentA wins,20.00,0,0,0,0,0,0,0,0,0,0
121,AgentA wins,15.00,0,0,0,0,0,0,0,0,0,0
122,AgentA wins,18.00,0,0,0,0,0,0,0,0,0,0
123,AgentA wins,20.00,0,0,0,0,0,0,0,0,0,0
124,AgentA wins,20.00,0,0,0,0,0,0,0,0,0,0
125,AgentA wins,18.00,0,0,0,0,0,0,0,0,0,0
126,AgentA wins,18.00,0,0,0,0,0,0,0,0,0,0
127,AgentA wins,23.33,0,0,0,0,0,0,0,0,0,0
128,AgentA wins,20.00,0,0,0,0,0,0,0,0,0,0
129,AgentA wins,20.00,0,0,0,0,0,0,0,0,0,0
130,AgentA wins,20.00,0,0,0,0,0,0,0,0,0,0
121,AgentA wins,20.00,0,0,0,0,0,0,0,0,0,0
122,AgentA wins,18.00,0,0,0,0,0,0,0,0,0,0
123,AgentA wins,20.00,0,0,0,0,0,0,0,0,0,0
124,AgentA wins,18.00,0,0,0,0,0,0,0,0,0,0
125,AgentA wins,17.00,0,0,0,0,0,0,0,0,0,0
126,AgentA wins,20.00,0,0,0,0,0,0,0,0,0,0
127,AgentA wins,15.00,0,0,0,0,0,0,0,0,0,0
128,AgentA wins,20.00,0,0,0,0,0,0,0,0,0,0
129,AgentA wins,20.00,0,0,0,0,0,0,0,0,0,0
130,AgentA wins,20.00,0,0,0,0,0,0,0,0,0,0
121,AgentA wins,15.00,0,0,0,0,0,0,0,0,0,0
122,AgentA wins,20.00,0,0,0,0,0,0,0,0,0,0
123,AgentA wins,20.00,0,0,0,0,0,0,0,0,0,0
124,AgentA wins,15.00,0,0,0,0,0,0,0,0,0,0
125,AgentA wins,20.00,0,0,0,0,0,0,0,0,0,0
126,AgentA wins,20.00,0,0,0,0,0,0,0,0,0,0
127,AgentA wins,20.00,0,0,0,0,0,0,0,0,0,0
128,AgentA wins,20.00,0,0,0,0,0,0,0,0,0,0
129,AgentA wins,20.00,0,0,0,0,0,0,0,0,0,0
130,AgentA wins,20.00,0,0,0,0,0,0,0,0,0,0
121,AgentA wins,15.00,0,0,0,0,0,0,0,0,0,0
122,AgentA wins,17.00,0,0,0,0,0,0,0,0,0,0
123,AgentA wins,19.67,0,0,0,0,0,0,0,0,0,0
124,AgentA wins,19.67,0,0,0,0,0,0,0,0,0,0
125,AgentA wins,17.00,0,0,0,0,0,0,0,0,0,0
126,AgentA wins,23.33,0,0,0,0,0,0,0,0,0,0
127,AgentA wins,20.00,0,0,0,0,0,0,0,0,0,0
128,AgentA wins,20.00,0,0,0,0,0,0,0,0,0,0
129,AgentA wins,20.00,0,0,0,0,0,0,0,0,0,0
130,AgentA wins,20.00,0,0,0,0,0,0,0,0,0,0
81,AgentA wins,27.00,0,0,0,0,0,0,0,0,0,0
82,AgentA wins,18.00,0,0,0,0,0,0,0,0,0,0
83,AgentA wins,56.33,0,0,0,0,0,0,0,0,0,0
84,AgentA wins,30.00,0,0,0,0,0,0,0,0,0,0
85,AgentB wins,37.00,0,0,0,0,0,0,0,0,0,0
86,AgentA wins,31.67,0,0,0,0,0,0,0,0,0,0
87,AgentA wins,33.00,0,0,0,0,0,0,0,0,0,0
88,AgentA wins,42.00,0,0,0,0,0,0,0,0,0,0
89,AgentA wins,15.00,0,0,0,0,0,0,0,0,0,0
90,AgentA wins,45.67,0,0,0,0,0,0,0,0,0,0
91,AgentA wins,15.00,0,0,0,0,0,0,0,0,0,0
92,AgentA wins,21.00,0,0,0,0,0,0,0,0,0,0
93,AgentA wins,59.00,0,0,0,0,0,0,0,0,0,0
94,AgentA wins,18.00,0,0,0,0,0,0,0,0,0,0
95,AgentA wins,27.00,0,0,0,0,0,0,0,0,0,0
96,AgentA wins,15.00,0,0,0,0,0,0,0,0,0,0
97,AgentA wins,45.67,0,0,0,0,0,0,0,0,0,0
98,AgentA wins,15.00,0,0,0,0,0,0,0,0,0,0
99,AgentA wins,38.67,0,0,0,0,0,0,0,0,0,0
100,AgentA wins,18.00,0,0,0,0,0,0,0,0,0,0
131,AgentA wins,20.00,0,0,0,0,0,0,0,0,0,0
132,AgentA wins,20.00,0,0,0,0,0,0,0,0,0,0
133,AgentA wins,20.00,0,0,0,0,0,0,0,0,0,0
134,AgentA wins,19.67,0,0,0,0,0,0,0,0,0,0
135,AgentA wins,20.00,0,0,0,0,0,0,0,0,0,0
136,AgentA wins,20.00,0,0,0,0,0,0,0,0,0,0
137,AgentA wins,17.00,0,0,0,0,0,0,0,0,0,0
138,AgentA wins,20.00,0,0,0,0,0,0,0,0,0,0
139,AgentA wins,20.00,0,0,0,0,0,0,0,0,0,0
140,AgentA wins,20.00,0,0,0,0,0,0,0,0,0,0
131,AgentA wins,15.00,0,0,0,0,0,0,0,0,0,0
132,AgentA wins,18.00,0,0,0,0,0,0,0,0,0,0
133,AgentA wins,20.00,0,0,0,0,0,0,0,0,0,0
134,AgentA wins,15.00,0,0,0,0,0,0,0,0,0,0
135,AgentA wins,18.00,0,0,0,0,0,0,0,0,0,0
136,AgentA wins,20.00,0,0,0,0,0,0,0,0,0,0
137,AgentA wins,18.00,0,0,0,0,0,0,0,0,0,0
138,AgentA wins,18.00,0,0,0,0,0,0,0,0,0,0
139,AgentA wins,23.33,0,0,0,0,0,0,0,0,0,0
140,AgentA wins,20.00,0,0,0,0,0,0,0,0,0,0
131,AgentA wins,20.00,0,0,0,0,0,0,0,0,0,0
132,AgentA wins,17.00,0,0,0,0,0,0,0,0,0,0
133,AgentA wins,20.00,0,0,0,0,0,0,0,0,0,0
134,AgentA wins,18.00,0,0,0,0,0,0,0,0,0,0
135,AgentA wins,20.00,0,0,0,0,0,0,0,0,0,0
136,AgentA wins,15.00,0,0,0,0,0,0,0,0,0,0
137,AgentA wins,18.00,0,0,0,0,0,0,0,0,0,0
138,AgentA wins,18.00,0,0,0,0,0,0,0,0,0,0
139,AgentA wins,20.00,0,0,0,0,0,0,0,0,0,0
140,AgentA wins,20.00,0,0,0,0,0,0,0,0,0,0
131,AgentA wins,20.00,0,0,0,0,0,0,0,0,0,0
132,AgentA wins,20.00,0,0,0,0,0,0,0,0,0,0
133,AgentA wins,20.00,0,0,0,0,0,0,0,0,0,0
134,AgentA wins,20.00,0,0,0,0,0,0,0,0,0,0
135,AgentA wins,20.00,0,0,0,0,0,0,0,0,0,0
136,AgentA wins,20.00,0,0,0,0,0,0,0,0,0,0
137,AgentA wins,20.00,0,0,0,0,0,0,0,0,0,0
138,AgentA wins,15.00,0,0,0,0,0,0,0,0,0,0
139,AgentA wins,20.00,0,0,0,0,0,0,0,0,0,0
140,AgentA wins,15.00,0,0,0,0,0,0,0,0,0,0
91,AgentA wins,20.67,0,0,0,0,0,0,0,0,0,0
92,AgentA wins,32.00,0,0,0,0,0,0,0,0,0,0
93,AgentA wins,21.00,0,0,0,0,0,0,0,0,0,0
94,AgentA wins,18.00,0,0,0,0,0,0,0,0,0,0
95,AgentA wins,21.00,0,0,0,0,0,0,0,0,0,0
96,AgentA wins,18.00,0,0,0,0,0,0,0,0,0,0
97,AgentA wins,31.33,0,0,0,0,0,0,0,0,0,0
98,AgentA wins,18.00,0,0,0,0,0,0,0,0,0,0
99,AgentA wins,18.00,0,0,0,0,0,0,0,0,0,0
100,AgentA wins,15.00,0,0,0,0,0,0,0,0,0,0
131,AgentA wins,18.00,0,0,0,0,0,0,0,0,0,0
132,AgentA wins,15.00,0,0,0,0,0,0,0,0,0,0
133,AgentA wins,17.00,0,0,0,0,0,0,0,0,0,0
134,AgentA wins,20.00,0,0,0,0,0,0,0,0,0,0
135,AgentA wins,20.00,0,0,0,0,0,0,0,0,0,0
136,AgentA wins,18.00,0,0,0,0,0,0,0,0,0,0
137,AgentA wins,18.00,0,0,0,0,0,0,0,0,0,0
138,AgentA wins,18.00,0,0,0,0,0,0,0,0,0,0
139,AgentA wins,15.00,0,0,0,0,0,0,0,0,0,0
140,AgentA wins,15.00,0,0,0,0,0,0,0,0,0,0
131,AgentA wins,17.00,0,0,0,0,0,0,0,0,0,0
132,AgentA wins,20.00,0,0,0,0,0,0,0,0,0,0
133,AgentA wins,20.00,0,0,0,0,0,0,0,0,0,0
134,AgentA wins,20.00,0,0,0,0,0,0,0,0,0,0
135,AgentA wins,20.00,0,0,0,0,0,0,0,0,0,0
136,AgentA wins,17.00,0,0,0,0,0,0,0,0,0,0
137,AgentA wins,15.00,0,0,0,0,0,0,0,0,0,0
138,AgentA wins,18.00,0,0,0,0,0,0,0,0,0,0
139,AgentA wins,19.67,0,0,0,0,0,0,0,0,0,0
140,AgentA wins,20.00,0,0,0,0,0,0,0,0,0,0
131,AgentA wins,20.00,0,0,0,0,0,0,0,0,0,0
132,AgentA wins,20.00,0,0,0,0,0,0,0,0,0,0
133,AgentA wins,15.00,0,0,0,0,0,0,0,0,0,0
134,AgentA wins,20.00,0,0,0,0,0,0,0,0,0,0
135,AgentA wins,15.00,0,0,0,0,0,0,0,0,0,0
136,AgentA wins,18.00,0,0,0,0,0,0,0,0,0,0
137,AgentA wins,20.00,0,0,0,0,0,0,0,0,0,0
138,AgentA wins,15.00,0,0,0,0,0,0,0,0,0,0
139,AgentA wins,15.00,0,0,0,0,0,0,0,0,0,0
140,AgentA wins,19.67,0,0,0,0,0,0,0,0,0,0
101,AgentA wins,18.00,164,164,0,98,0,127,0,25,24,38
102,AgentA wins,23.67,216,213,0,133,0,175,0,27,21,52
103,AgentA wins,18.00,160,166,0,99,0,130,0,22,18,32
104,AgentA wins,27.00,240,245,0,146,0,193,0,30,25,63
105,AgentA wins,29.33,266,268,0,172,0,205,0,39,23,82
106,AgentA wins,18.00,162,159,0,97,0,123,0,18,14,47
107,AgentA wins,21.00,186,187,0,113,0,143,0,23,21,63
108,AgentA wins,15.00,134,134,0,86,0,106,0,23,11,41
109,AgentA wins,18.00,163,159,0,102,0,124,0,19,17,43
110,AgentA wins,27.00,240,237,0,153,0,183,0,33,23,75
131,AgentA wins,20.00,0,0,0,0,0,0,0,0,0,0
132,AgentA wins,18.00,0,0,0,0,0,0,0,0,0,0
133,AgentA wins,20.00,0,0,0,0,0,0,0,0,0,0
134,AgentA wins,17.00,0,0,0,0,0,0,0,0,0,0
135,AgentA wins,18.00,0,0,0,0,0,0,0,0,0,0
136,AgentA wins,15.00,0,0,0,0,0,0,0,0,0,0
137,AgentA wins,20.00,0,0,0,0,0,0,0,0,0,0
138,AgentA wins,20.00,0,0,0,0,0,0,0,0,0,0
139,AgentA wins,18.00,0,0,0,0,0,0,0,0,0,0
140,AgentA wins,15.00,0,0,0,0,0,0,0,0,0,0
91,AgentA wins,37.67,0,0,0,0,0,0,0,0,0,0
92,AgentA wins,15.00,0,0,0,0,0,0,0,0,0,0
93,AgentA wins,38.33,0,0,0,0,0,0,0,0,0,0
94,AgentA wins,29.00,0,0,0,0,0,0,0,0,0,0
95,AgentA wins,18.00,0,0,0,0,0,0,0,0,0,0
96,AgentA wins,31.00,0,0,0,0,0,0,0,0,0,0
97,AgentA wins,15.00,0,0,0,0,0,0,0,0,0,0
98,AgentA wins,18.00,0,0,0,0,0,0,0,0,0,0
99,AgentA wins,15.00,0,0,0,0,0,0,0,0,0,0
100,AgentA wins,18.00,0,0,0,0,0,0,0,0,0,0
131,AgentA wins,20.00,0,0,0,0,0,0,0,0,0,0
132,AgentA wins,17.00,0,0,0,0,0,0,0,0,0,0
133,AgentA wins,17.00,0,0,0,0,0,0,0,0,0,0
134,AgentA wins,20.00,0,0,0,0,0,0,0,0,0,0
135,AgentA wins,20.00,0,0,0,0,0,0,0,0,0,0
136,AgentA wins,15.00,0,0,0,0,0,0,0,0,0,0
137,AgentA wins,20.00,0,0,0,0,0,0,0,0,0,0
138,AgentA wins,20.00,0,0,0,0,0,0,0,0,0,0
139,AgentA wins,20.00,0,0,0,0,0,0,0,0,0,0
140,AgentA wins,15.00,0,0,0,0,0,0,0,0,0,0
131,AgentA wins,20.00,0,0,0,0,0,0,0,0,0,0
132,AgentA wins,15.00,0,0,0,0,0,0,0,0,0,0
133,AgentA wins,15.00,0,0,0,0,0,0,0,0,0,0
134,AgentA wins,18.00,0,0,0,0,0,0,0,0,0,0
135,AgentA wins,20.00,0,0,0,0,0,0,0,0,0,0
136,AgentA wins,18.00,0,0,0,0,0,0,0,0,0,0
137,AgentA wins,18.00,0,0,0,0,0,0,0,0,0,0
138,AgentA wins,20.00,0,0,0,0,0,0,0,0,0,0
139,AgentA wins,20.00,0,0,0,0,0,0,0,0,0,0
140,AgentA wins,18.00,0,0,0,0,0,0,0,0,0,0
131,AgentA wins,20.00,0,0,0,0,0,0,0,0,0,0
132,AgentA wins,18.00,0,0,0,0,0,0,0,0,0,0
133,AgentA wins,20.00,0,0,0,0,0,0,0,0,0,0
134,AgentA wins,18.00,0,0,0,0,0,0,0,0,0,0
135,AgentA wins,20.00,0,0,0,0,0,0,0,0,0,0
136,AgentA wins,18.00,0,0,0,0,0,0,0,0,0,0
137,AgentA wins,18.00,0,0,0,0,0,0,0,0,0,0
138,AgentA wins,18.00,0,0,0,0,0,0,0,0,0,0
139,AgentA wins,18.00,0,0,0,0,0,0,0,0,0,0
140,AgentA wins,20.00,0,0,0,0,0,0,0,0,0,0
131,AgentA wins,20.00,0,0,0,0,0,0,0,0,0,0
132,AgentA wins,20.00,0,0,0,0,0,0,0,0,0,0
133,AgentA wins,18.00,0,0,0,0,0,0,0,0,0,0
134,AgentA wins,18.00,0,0,0,0,0,0,0,0,0,0
135,AgentA wins,20.00,0,0,0,0,0,0,0,0,0,0
136,AgentA wins,18.00,0,0,0,0,0,0,0,0,0,0
137,AgentA wins,20.00,0,0,0,0,0,0,0,0,0,0
138,AgentA wins,17.00,0,0,0,0,0,0,0,0,0,0
139,AgentA wins,17.00,0,0,0,0,0,0,0,0,0,0
140,AgentA wins,15.00,0,0,0,0,0,0,0,0,0,0
91,AgentA wins,39.00,0,0,0,0,0,0,0,0,0,0
92,AgentA wins,24.00,0,0,0,0,0,0,0,0,0,0
93,AgentA wins,36.00,0,0,0,0,0,0,0,0,0,0
94,AgentA wins,34.00,0,0,0,0,0,0,0,0,0,0
95,AgentA wins,23.67,0,0,0,0,0,0,0,0,0,0
96,AgentA wins,18.00,0,0,0,0,0,0,0,0,0,0
97,AgentA wins,31.00,0,0,0,0,0,0,0,0,0,0
98,AgentB wins,37.33,0,0,0,0,0,0,0,0,0,0
99,AgentA wins,15.00,0,0,0,0,0,0,0,0,0,0
100,AgentA wins,15.00,0,0,0,0,0,0,0,0,0,0
91,AgentA wins,18.00,0,0,0,0,0,0,0,0,0,0
92,AgentA wins,23.67,0,0,0,0,0,0,0,0,0,0
93,AgentA wins,15.00,0,0,0,0,0,0,0,0,0,0
94,AgentA wins,18.00,0,0,0,0,0,0,0,0,0,0
95,AgentA wins,23.67,0,0,0,0,0,0,0,0,0,0
96,AgentA wins,18.00,0,0,0,0,0,0,0,0,0,0
97,AgentA wins,15.00,0,0,0,0,0,0,0,0,0,0
98,AgentA wins,44.67,0,0,0,0,0,0,0,0,0,0
99,AgentA wins,29.33,0,0,0,0,0,0,0,0,0,0
100,AgentA wins,42.00,0,0,0,0,0,0,0,0,0,0
91,AgentA wins,15.00,0,0,0,0,0,0,0,0,0,0
92,AgentA wins,18.00,0,0,0,0,0,0,0,0,0,0
93,AgentA wins,31.00,0,0,0,0,0,0,0,0,0,0
94,AgentA wins,29.33,0,0,0,0,0,0,0,0,0,0
95,AgentA wins,45.00,0,0,0,0,0,0,0,0,0,0
96,AgentA wins,15.00,0,0,0,0,0,0,0,0,0,0
97,timeout draw,60.00,0,0,0,0,0,0,0,0,0,0
98,AgentA wins,32.67,0,0,0,0,0,0,0,0,0,0
99,AgentA wins,15.00,0,0,0,0,0,0,0,0,0,0
100,AgentA wins,29.00,0,0,0,0,0,0,0,0,0,0
131,AgentA wins,20.00,0,0,0,0,0,0,0,0,0,0
132,AgentA wins,20.00,0,0,0,0,0,0,0,0,0,0
133,AgentA wins,15.00,0,0,0,0,0,0,0,0,0,0
134,AgentA wins,20.00,0,0,0,0,0,0,0,0,0,0
135,AgentA wins,18.00,0,0,0,0,0,0,0,0,0,0
136,AgentA wins,20.00,0,0,0,0,0,0,0,0,0,0
137,AgentA wins,18.00,0,0,0,0,0,0,0,0,0,0
138,AgentA wins,18.00,0,0,0,0,0,0,0,0,0,0
139,AgentA wins,20.00,0,0,0,0,0,0,0,0,0,0
140,AgentA wins,20.00,0,0,0,0,0,0,0,0,0,0
131,AgentA wins,20.00,0,0,0,0,0,0,0,0,0,0
132,AgentA wins,20.00,0,0,0,0,0,0,0,0,0,0
133,AgentA wins,20.00,0,0,0,0,0,0,0,0,0,0
134,AgentA wins,18.00,0,0,0,0,0,0,0,0,0,0
135,AgentA wins,23.33,0,0,0,0,0,0,0,0,0,0
136,AgentA wins,15.00,0,0,0,0,0,0,0,0,0,0
137,AgentA wins,19.67,0,0,0,0,0,0,0,0,0,0
138,AgentA wins,18.00,0,0,0,0,0,0,0,0,0,0
139,AgentA wins,15.00,0,0,0,0,0,0,0,0,0,0
140,AgentA wins,19.67,0,0,0,0,0,0,0,0,0,0
131,AgentA wins,20.00,0,0,0,0,0,0,0,0,0,0
132,AgentA wins,18.00,0,0,0,0,0,0,0,0,0,0
133,AgentA wins,15.00,0,0,0,0,0,0,0,0,0,0
134,AgentA wins,20.00,0,0,0,0,0,0,0,0,0,0
135,AgentA wins,20.00,0,0,0,0,0,0,0,0,0,0
136,AgentA wins,20.00,0,0,0,0,0,0,0,0,0,0
137,AgentA wins,18.00,0,0,0,0,0,0,0,0,0,0
138,AgentA wins,20.00,0,0,0,0,0,0,0,0,0,0
139,AgentA wins,20.00,0,0,0,0,0,0,0,0,0,0
140,AgentA wins,17.00,0,0,0,0,0,0,0,0,0,0
91,AgentA wins,32.33,0,0,0,0,0,0,0,0,0,0
92,AgentA wins,33.00,0,0,0,0,0,0,0,0,0,0
93,AgentA wins,24.00,0,0,0,0,0,0,0,0,0,0
94,AgentA wins,35.33,0,0,0,0,0,0,0,0,0,0
95,AgentA wins,29.33,0,0,0,0,0,0,0,0,0,0
96,AgentA wins,33.00,0,0,0,0,0,0,0,0,0,0
97,AgentA wins,15.00,0,0,0,0,0,0,0,0,0,0
98,AgentA wins,29.33,0,0,0,0,0,0,0,0,0,0
99,AgentA wins,15.67,0,0,0,0,0,0,0,0,0,0
100,AgentA wins,21.00,0,0,0,0,0,0,0,0,0,0
91,AgentA wins,21.00,0,0,0,0,0,0,0,0,0,0
92,AgentA wins,30.67,0,0,0,0,0,0,0,0,0,0
93,AgentA wins,18.00,0,0,0,0,0,0,0,0,0,0
94,AgentA wins,34.00,0,0,0,0,0,0,0,0,0,0
95,AgentA wins,28.67,0,0,0,0,0,0,0,0,0,0
96,AgentA wins,24.00,0,0,0,0,0,0,0,0,0,0
97,AgentA wins,55.00,0,0,0,0,0,0,0,0,0,0
98,AgentA wins,15.00,0,0,0,0,0,0,0,0,0,0
99,AgentA wins,31.00,0,0,0,0,0,0,0,0,0,0
100,AgentA wins,37.33,0,0,0,0,0,0,0,0,0,0
91,AgentA wins,24.00,0,0,0,0,0,0,0,0,0,0
92,AgentA wins,33.67,0,0,0,0,0,0,0,0,0,0
93,AgentA wins,29.33,0,0,0,0,0,0,0,0,0,0
94,AgentA wins,27.00,0,0,0,0,0,0,0,0,0,0
95,AgentA wins,28.67,0,0,0,0,0,0,0,0,0,0
96,AgentA wins,24.00,0,0,0,0,0,0,0,0,0,0
97,AgentA wins,18.00,0,0,0,0,0,0,0,0,0,0
98,AgentA wins,24.00,0,0,0,0,0,0,0,0,0,0
99,AgentA wins,15.00,0,0,0,0,0,0,0,0,0,0
100,AgentA wins,30.00,0,0,0,0,0,0,0,0,0,0
141,AgentA wins,18.00,0,0,0,0,0,0,0,0,0,0
142,AgentA wins,19.67,0,0,0,0,0,0,0,0,0,0
143,AgentA wins,19.67,0,0,0,0,0,0,0,0,0,0
144,AgentA wins,17.00,0,0,0,0,0,0,0,0,0,0
145,AgentA wins,17.00,0,0,0,0,0,0,0,0,0,0
146,AgentA wins,15.00,0,0,0,0,0,0,0,0,0,0
147,AgentA wins,19.67,0,0,0,0,0,0,0,0,0,0
148,AgentA wins,15.00,0,0,0,0,0,0,0,0,0,0
149,AgentA wins,15.00,0,0,0,0,0,0,0,0,0,0
150,AgentA wins,18.00,0,0,0,0,0,0,0,0,0,0
141,AgentA wins,20.00,0,0,0,0,0,0,0,0,0,0
142,AgentA wins,19.67,0,0,0,0,0,0,0,0,0,0
143,AgentA wins,20.00,0,0,0,0,0,0,0,0,0,0
144,AgentA wins,20.00,0,0,0,0,0,0,0,0,0,0
145,AgentA wins,18.00,0,0,0,0,0,0,0,0,0,0
146,AgentA wins,18.00,0,0,0,0,0,0,0,0,0,0
147,AgentA wins,15.00,0,0,0,0,0,0,0,0,0,0
148,AgentA wins,15.00,0,0,0,0,0,0,0,0,0,0
149,AgentA wins,18.00,0,0,0,0,0,0,0,0,0,0
150,AgentA wins,20.00,0,0,0,0,0,0,0,0,0,0
141,AgentA wins,15.00,0,0,0,0,0,0,0,0,0,0
142,AgentA wins,20.00,0,0,0,0,0,0,0,0,0,0
143,AgentA wins,20.00,0,0,0,0,0,0,0,0,0,0
144,AgentA wins,20.00,0,0,0,0,0,0,0,0,0,0
145,AgentA wins,15.00,0,0,0,0,0,0,0,0,0,0
146,AgentA wins,19.67,0,0,0,0,0,0,0,0,0,0
147,AgentA wins,18.00,0,0,0,0,0,0,0,0,0,0
148,AgentA wins,18.00,0,0,0,0,0,0,0,0,0,0
149,AgentA wins,20.00,0,0,0,0,0,0,0,0,0,0
150,AgentA wins,15.00,0,0,0,0,0,0,0,0,0,0
101,AgentA wins,26.00,0,0,0,0,0,0,0,0,0,0
102,AgentA wins,32.67,0,0,0,0,0,0,0,0,0,0
103,AgentA wins,24.00,0,0,0,0,0,0,0,0,0,0
104,AgentB wins,30.00,0,0,0,0,0,0,0,0,0,0
105,AgentA wins,34.00,0,0,0,0,0,0,0,0,0,0
106,AgentA wins,32.33,0,0,0,0,0,0,0,0,0,0
107,AgentA wins,33.00,0,0,0,0,0,0,0,0,0,0
108,AgentA wins,31.00,0,0,0,0,0,0,0,0,0,0
109,AgentA wins,18.00,0,0,0,0,0,0,0,0,0,0
110,AgentA wins,15.00,0,0,0,0,0,0,0,0,0,0
141,AgentA wins,15.00,0,0,0,0,0,0,0,0,0,0
142,AgentA wins,20.00,0,0,0,0,0,0,0,0,0,0
143,AgentA wins,20.00,0,0,0,0,0,0,0,0,0,0
144,AgentA wins,20.00,0,0,0,0,0,0,0,0,0,0
145,AgentA wins,20.00,0,0,0,0,0,0,0,0,0,0
146,AgentA wins,20.00,0,0,0,0,0,0,0,0,0,0
147,AgentA wins,15.00,0,0,0,0,0,0,0,0,0,0
148,AgentA wins,15.00,0,0,0,0,0,0,0,0,0,0
149,AgentA wins,20.00,0,0,0,0,0,0,0,0,0,0
150,AgentA wins,20.00,0,0,0,0,0,0,0,0,0,0
141,AgentA wins,15.00,0,0,0,0,0,0,0,0,0,0
142,AgentA wins,19.67,0,0,0,0,0,0,0,0,0,0
143,AgentA wins,20.00,0,0,0,0,0,0,0,0,0,0
144,AgentA wins,20.00,0,0,0,0,0,0,0,0,0,0
145,AgentA wins,15.00,0,0,0,0,0,0,0,0,0,0
146,AgentA wins,20.00,0,0,0,0,0,0,0,0,0,0
147,AgentA wins,19.67,0,0,0,0,0,0,0,0,0,0
148,AgentA wins,17.00,0,0,0,0,0,0,0,0,0,0
149,AgentA wins,15.00,0,0,0,0,0,0,0,0,0,0
150,AgentA wins,20.00,0,0,0,0,0,0,0,0,0,0
141,AgentA wins,15.00,0,0,0,0,0,0,0,0,0,0
142,AgentA wins,19.67,0,0,0,0,0,0,0,0,0,0
143,AgentA wins,20.00,0,0,0,0,0,0,0,0,0,0
144,AgentA wins,20.00,0,0,0,0,0,0,0,0,0,0
145,AgentA wins,18.00,0,0,0,0,0,0,0,0,0,0
146,AgentA wins,20.00,0,0,0,0,0,0,0,0,0,0
147,AgentA wins,15.00,0,0,0,0,0,0,0,0,0,0
148,AgentA wins,23.33,0,0,0,0,0,0,0,0,0,0
149,AgentA wins,15.00,0,0,0,0,0,0,0,0,0,0
150,AgentA wins,20.00,0,0,0,0,0,0,0,0,0,0
141,AgentA wins,17.00,0,0,0,0,0,0,0,0,0,0
142,AgentA wins,20.00,0,0,0,0,0,0,0,0,0,0
143,AgentA wins,15.00,0,0,0,0,0,0,0,0,0,0
144,AgentA wins,17.00,0,0,0,0,0,0,0,0,0,0
145,AgentA wins,20.00,0,0,0,0,0,0,0,0,0,0
146,AgentA wins,15.00,0,0,0,0,0,0,0,0,0,0
147,AgentA wins,20.00,0,0,0,0,0,0,0,0,0,0
148,AgentA wins,20.00,0,0,0,0,0,0,0,0,0,0
149,AgentA wins,20.00,0,0,0,0,0,0,0,0,0,0
150,AgentA wins,20.00,0,0,0,0,0,0,0,0,0,0
141,AgentA wins,20.00,0,0,0,0,0,0,0,0,0,0
142,AgentA wins,20.00,0,0,0,0,0,0,0,0,0,0
143,AgentA wins,15.00,0,0,0,0,0,0,0,0,0,0
144,AgentA wins,18.00,0,0,0,0,0,0,0,0,0,0
145,AgentA wins,20.00,0,0,0,0,0,0,0,0,0,0
146,AgentA wins,20.00,0,0,0,0,0,0,0,0,0,0
147,AgentA wins,15.00,0,0,0,0,0,0,0,0,0,0
148,AgentA wins,22.33,0,0,0,0,0,0,0,0,0,0
149,AgentA wins,20.00,0,0,0,0,0,0,0,0,0,0
150,AgentA wins,18.00,0,0,0,0,0,0,0,0,0,0
141,AgentA wins,15.00,0,0,0,0,0,0,0,0,0,0
142,AgentA wins,20.00,0,0,0,0,0,0,0,0,0,0
143,AgentA wins,20.00,0,0,0,0,0,0,0,0,0,0
144,AgentA wins,20.00,0,0,0,0,0,0,0,0,0,0
145,AgentA wins,20.00,0,0,0,0,0,0,0,0,0,0
146,AgentA wins,20.00,0,0,0,0,0,0,0,0,0,0
147,AgentA wins,19.67,0,0,0,0,0,0,0,0,0,0
148,AgentA wins,19.67,0,0,0,0,0,0,0,0,0,0
149,AgentA wins,20.00,0,0,0,0,0,0,0,0,0,0
150,AgentA wins,20.00,0,0,0,0,0,0,0,0,0,0
141,AgentA wins,19.67,0,0,0,0,0,0,0,0,0,0
142,AgentA wins,15.00,0,0,0,0,0,0,0,0,0,0
143,AgentA wins,20.00,0,0,0,0,0,0,0,0,0,0
144,AgentA wins,15.00,0,0,0,0,0,0,0,0,0,0
145,AgentA wins,15.00,0,0,0,0,0,0,0,0,0,0
146,AgentA wins,18.00,0,0,0,0,0,0,0,0,0,0
147,AgentA wins,19.67,0,0,0,0,0,0,0,0,0,0
148,AgentA wins,20.00,0,0,0,0,0,0,0,0,0,0
149,AgentA wins,20.00,0,0,0,0,0,0,0,0,0,0
150,AgentA wins,20.00,0,0,0,0,0,0,0,0,0,0
141,AgentA wins,20.00,0,0,0,0,0,0,0,0,0,0
142,AgentA wins,18.00,0,0,0,0,0,0,0,0,0,0
143,AgentA wins,17.00,0,0,0,0,0,0,0,0,0,0
144,AgentA wins,20.00,0,0,0,0,0,0,0,0,0,0
145,AgentA wins,20.00,0,0,0,0,0,0,0,0,0,0
146,AgentA wins,18.00,0,0,0,0,0,0,0,0,0,0
147,AgentA wins,20.00,0,0,0,0,0,0,0,0,0,0
148,AgentA wins,15.00,0,0,0,0,0,0,0,0,0,0
149,AgentA wins,20.00,0,0,0,0,0,0,0,0,0,0
150,AgentA wins,20.00,0,0,0,0,0,0,0,0,0,0
141,AgentA wins,20.00,0,0,0,0,0,0,0,0,0,0
142,AgentA wins,20.00,0,0,0,0,0,0,0,0,0,0
143,AgentA wins,18.00,0,0,0,0,0,0,0,0,0,0
144,AgentA wins,20.00,0,0,0,0,0,0,0,0,0,0
145,AgentA wins,20.00,0,0,0,0,0,0,0,0,0,0
146,AgentA wins,20.00,0,0,0,0,0,0,0,0,0,0
147,AgentA wins,20.00,0,0,0,0,0,0,0,0,0,0
148,AgentA wins,20.00,0,0,0,0,0,0,0,0,0,0
149,AgentA wins,17.00,0,0,0,0,0,0,0,0,0,0
150,AgentA wins,19.67,0,0,0,0,0,0,0,0,0,0
111,AgentA wins,36.67,337,335,0,196,0,263,0,41,42,59
112,AgentA wins,15.00,134,136,0,95,0,112,0,20,16,35
113,AgentA wins,24.67,221,224,0,135,0,177,0,27,19,64
114,AgentA wins,15.00,136,137,0,92,0,109,0,19,11,29
115,AgentA wins,24.00,212,214,0,133,0,172,0,26,20,65
116,AgentA wins,18.00,158,164,0,99,0,123,0,24,14,40
117,AgentA wins,21.67,197,197,0,112,0,149,0,27,25,40
118,AgentA wins,15.00,138,134,0,79,0,110,0,15,12,34
119,AgentB wins,22.33,201,200,0,113,0,155,0,24,25,45
120,AgentA wins,18.00,162,161,0,96,0,126,0,20,19,38
141,AgentA wins,20.00,0,0,0,0,0,0,0,0,0,0
142,AgentA wins,15.00,0,0,0,0,0,0,0,0,0,0
143,AgentA wins,20.00,0,0,0,0,0,0,0,0,0,0
144,AgentA wins,20.00,0,0,0,0,0,0,0,0,0,0
145,AgentA wins,20.00,0,0,0,0,0,0,0,0,0,0
146,AgentA wins,18.00,0,0,0,0,0,0,0,0,0,0
147,AgentA wins,18.00,0,0,0,0,0,0,0,0,0,0
148,AgentA wins,18.00,0,0,0,0,0,0,0,0,0,0
149,AgentA wins,18.00,0,0,0,0,0,0,0,0,0,0
150,AgentA wins,19.67,0,0,0,0,0,0,0,0,0,0
141,AgentA wins,20.00,0,0,0,0,0,0,0,0,0,0
142,AgentA wins,20.00,0,0,0,0,0,0,0,0,0,0
143,AgentA wins,20.00,0,0,0,0,0,0,0,0,0,0
144,AgentA wins,20.00,0,0,0,0,0,0,0,0,0,0
145,AgentA wins,20.00,0,0,0,0,0,0,0,0,0,0
146,AgentA wins,20.00,0,0,0,0,0,0,0,0,0,0
147,AgentA wins,20.00,0,0,0,0,0,0,0,0,0,0
148,AgentA wins,17.00,0,0,0,0,0,0,0,0,0,0
149,AgentA wins,19.67,0,0,0,0,0,0,0,0,0,0
150,AgentA wins,20.00,0,0,0,0,0,0,0,0,0,0
141,AgentA wins,20.00,0,0,0,0,0,0,0,0,0,0
142,AgentA wins,19.67,0,0,0,0,0,0,0,0,0,0
143,AgentA wins,20.00,0,0,0,0,0,0,0,0,0,0
144,AgentA wins,20.00,0,0,0,0,0,0,0,0,0,0
145,AgentA wins,15.00,0,0,0,0,0,0,0,0,0,0
146,AgentA wins,20.00,0,0,0,0,0,0,0,0,0,0
147,AgentA wins,20.00,0,0,0,0,0,0,0,0,0,0
148,AgentA wins,20.00,0,0,0,0,0,0,0,0,0,0
149,AgentA wins,20.00,0,0,0,0,0,0,0,0,0,0
150,AgentA wins,18.00,0,0,0,0,0,0,0,0,0,0
101,AgentA wins,26.67,0,0,0,0,0,0,0,0,0,0
102,AgentA wins,24.00,0,0,0,0,0,0,0,0,0,0
103,AgentA wins,18.00,0,0,0,0,0,0,0,0,0,0
104,AgentA wins,15.00,0,0,0,0,0,0,0,0,0,0
105,AgentA wins,51.00,0,0,0,0,0,0,0,0,0,0
106,AgentA wins,41.00,0,0,0,0,0,0,0,0,0,0
107,AgentA wins,36.00,0,0,0,0,0,0,0,0,0,0
108,AgentA wins,18.00,0,0,0,0,0,0,0,0,0,0
109,AgentA wins,21.00,0,0,0,0,0,0,0,0,0,0
110,AgentA wins,21.67,0,0,0,0,0,0,0,0,0,0
101,AgentA wins,15.00,0,0,0,0,0,0,0,0,0,0
102,AgentA wins,15.00,0,0,0,0,0,0,0,0,0,0
103,AgentA wins,15.00,0,0,0,0,0,0,0,0,0,0
104,AgentA wins,30.00,0,0,0,0,0,0,0,0,0,0
105,AgentA wins,21.00,0,0,0,0,0,0,0,0,0,0
106,AgentA wins,36.00,0,0,0,0,0,0,0,0,0,0
107,AgentA wins,39.67,0,0,0,0,0,0,0,0,0,0
108,AgentA wins,30.00,0,0,0,0,0,0,0,0,0,0
109,AgentA wins,27.00,0,0,0,0,0,0,0,0,0,0
110,AgentA wins,30.00,0,0,0,0,0,0,0,0,0,0
101,AgentA wins,18.00,0,0,0,0,0,0,0,0,0,0
102,AgentA wins,15.00,0,0,0,0,0,0,0,0,0,0
103,AgentA wins,26.00,0,0,0,0,0,0,0,0,0,0
104,AgentA wins,35.00,0,0,0,0,0,0,0,0,0,0
105,AgentA wins,40.00,0,0,0,0,0,0,0,0,0,0
106,AgentA wins,24.33,0,0,0,0,0,0,0,0,0,0
107,AgentA wins,15.00,0,0,0,0,0,0,0,0,0,0
108,AgentA wins,34.33,0,0,0,0,0,0,0,0,0,0
109,AgentB wins,34.33,0,0,0,0,0,0,0,0,0,0
110,AgentA wins,15.00,0,0,0,0,0,0,0,0,0,0
101,AgentA wins,18.00,0,0,0,0,0,0,0,0,0,0
102,AgentA wins,38.00,0,0,0,0,0,0,0,0,0,0
103,AgentA wins,23.33,0,0,0,0,0,0,0,0,0,0
104,AgentA wins,24.00,0,0,0,0,0,0,0,0,0,0
105,AgentA wins,26.00,0,0,0,0,0,0,0,0,0,0
106,AgentA wins,30.00,0,0,0,0,0,0,0,0,0,0
107,AgentA wins,26.00,0,0,0,0,0,0,0,0,0,0
108,AgentB wins,56.00,0,0,0,0,0,0,0,0,0,0
109,AgentB wins,40.00,0,0,0,0,0,0,0,0,0,0
110,AgentA wins,44.00,0,0,0,0,0,0,0,0,0,0
101,AgentA wins,54.33,0,0,0,0,0,0,0,0,0,0
102,AgentA wins,21.00,0,0,0,0,0,0,0,0,0,0
103,AgentA wins,20.00,0,0,0,0,0,0,0,0,0,0
104,AgentA wins,34.67,0,0,0,0,0,0,0,0,0,0
105,AgentA wins,18.00,0,0,0,0,0,0,0,0,0,0
106,AgentA wins,34.67,0,0,0,0,0,0,0,0,0,0
107,AgentA wins,15.00,0,0,0,0,0,0,0,0,0,0
108,AgentA wins,33.00,0,0,0,0,0,0,0,0,0,0
109,AgentA wins,35.00,0,0,0,0,0,0,0,0,0,0
110,AgentA wins,18.00,0,0,0,0,0,0,0,0,0,0
151,AgentA wins,19.67,0,0,0,0,0,0,0,0,0,0
152,AgentA wins,15.00,0,0,0,0,0,0,0,0,0,0
153,AgentA wins,18.00,0,0,0,0,0,0,0,0,0,0
154,AgentA wins,20.00,0,0,0,0,0,0,0,0,0,0
155,AgentA wins,20.00,0,0,0,0,0,0,0,0,0,0
156,AgentA wins,15.00,0,0,0,0,0,0,0,0,0,0
157,AgentA wins,15.00,0,0,0,0,0,0,0,0,0,0
158,AgentA wins,19.67,0,0,0,0,0,0,0,0,0,0
159,AgentA wins,20.00,0,0,0,0,0,0,0,0,0,0
160,AgentA wins,15.00,0,0,0,0,0,0,0,0,0,0
101,AgentA wins,26.67,0,0,0,0,0,0,0,0,0,0
102,AgentA wins,27.00,0,0,0,0,0,0,0,0,0,0
103,AgentA wins,23.67,0,0,0,0,0,0,0,0,0,0
104,AgentA wins,18.00,0,0,0,0,0,0,0,0,0,0
105,AgentA wins,45.00,0,0,0,0,0,0,0,0,0,0
106,AgentA wins,18.00,0,0,0,0,0,0,0,0,0,0
107,AgentA wins,15.00,0,0,0,0,0,0,0,0,0,0
108,AgentA wins,21.00,0,0,0,0,0,0,0,0,0,0
109,AgentA wins,15.00,0,0,0,0,0,0,0,0,0,0
110,AgentB wins,36.00,0,0,0,0,0,0,0,0,0,0
151,AgentA wins,20.00,0,0,0,0,0,0,0,0,0,0
152,AgentA wins,18.00,0,0,0,0,0,0,0,0,0,0
153,AgentA wins,15.00,0,0,0,0,0,0,0,0,0,0
154,AgentA wins,19.67,0,0,0,0,0,0,0,0,0,0
155,AgentA wins,20.00,0,0,0,0,0,0,0,0,0,0
156,AgentA wins,18.00,0,0,0,0,0,0,0,0,0,0
157,AgentA wins,19.67,0,0,0,0,0,0,0,0,0,0
158,AgentA wins,20.00,0,0,0,0,0,0,0,0,0,0
159,AgentA wins,15.00,0,0,0,0,0,0,0,0,0,0
160,AgentA wins,20.00,0,0,0,0,0,0,0,0,0,0
151,AgentA wins,20.00,0,0,0,0,0,0,0,0,0,0
152,AgentA wins,18.00,0,0,0,0,0,0,0,0,0,0
153,AgentA wins,15.00,0,0,0,0,0,0,0,0,0,0
154,AgentA wins,17.00,0,0,0,0,0,0,0,0,0,0
155,AgentA wins,18.00,0,0,0,0,0,0,0,0,0,0
156,AgentA wins,20.00,0,0,0,0,0,0,0,0,0,0
157,AgentA wins,15.00,0,0,0,0,0,0,0,0,0,0
158,AgentA wins,19.67,0,0,0,0,0,0,0,0,0,0
159,AgentA wins,20.00,0,0,0,0,0,0,0,0,0,0
160,AgentA wins,20.00,0,0,0,0,0,0,0,0,0,0
151,AgentA wins,20.00,0,0,0,0,0,0,0,0,0,0
152,AgentA wins,20.00,0,0,0,0,0,0,0,0,0,0
153,AgentA wins,20.00,0,0,0,0,0,0,0,0,0,0
154,AgentA wins,20.00,0,0,0,0,0,0,0,0,0,0
155,AgentA wins,15.00,0,0,0,0,0,0,0,0,0,0
156,AgentA wins,20.00,0,0,0,0,0,0,0,0,0,0
157,AgentA wins,17.00,0,0,0,0,0,0,0,0,0,0
158,AgentA wins,15.00,0,0,0,0,0,0,0,0,0,0
159,AgentA wins,20.00,0,0,0,0,0,0,0,0,0,0
160,AgentA wins,15.00,0,0,0,0,0,0,0,0,0,0
151,AgentA wins,20.00,0,0,0,0,0,0,0,0,0,0
152,AgentA wins,15.00,0,0,0,0,0,0,0,0,0,0
153,AgentA wins,20.00,0,0,0,0,0,0,0,0,0,0
154,AgentA wins,18.00,0,0,0,0,0,0,0,0,0,0
155,AgentA wins,20.00,0,0,0,0,0,0,0,0,0,0
156,AgentA wins,15.00,0,0,0,0,0,0,0,0,0,0
157,AgentA wins,15.00,0,0,0,0,0,0,0,0,0,0
158,AgentA wins,20.00,0,0,0,0,0,0,0,0,0,0
159,AgentA wins,20.00,0,0,0,0,0,0,0,0,0,0
160,AgentA wins,20.00,0,0,0,0,0,0,0,0,0,0
151,AgentA wins,20.00,0,0,0,0,0,0,0,0,0,0
152,AgentA wins,15.00,0,0,0,0,0,0,0,0,0,0
153,AgentA wins,20.00,0,0,0,0,0,0,0,0,0,0
154,AgentA wins,20.00,0,0,0,0,0,0,0,0,0,0
155,AgentA wins,20.00,0,0,0,0,0,0,0,0,0,0
156,AgentA wins,19.67,0,0,0,0,0,0,0,0,0,0
157,AgentA wins,15.00,0,0,0,0,0,0,0,0,0,0
158,AgentA wins,18.00,0,0,0,0,0,0,0,0,0,0
159,AgentA wins,19.67,0,0,0,0,0,0,0,0,0,0
160,AgentA wins,20.00,0,0,0,0,0,0,0,0,0,0
151,AgentA wins,20.00,0,0,0,0,0,0,0,0,0,0
152,AgentA wins,20.00,0,0,0,0,0,0,0,0,0,0
153,AgentA wins,19.67,0,0,0,0,0,0,0,0,0,0
154,AgentA wins,15.00,0,0,0,0,0,0,0,0,0,0
155,AgentA wins,20.00,0,0,0,0,0,0,0,0,0,0
156,AgentA wins,20.00,0,0,0,0,0,0,0,0,0,0
157,AgentA wins,23.33,0,0,0,0,0,0,0,0,0,0
158,AgentA wins,18.00,0,0,0,0,0,0,0,0,0,0
159,AgentA wins,19.67,0,0,0,0,0,0,0,0,0,0
160,AgentA wins,20.00,0,0,0,0,0,0,0,0,0,0
151,AgentA wins,20.00,0,0,0,0,0,0,0,0,0,0
152,AgentA wins,20.00,0,0,0,0,0,0,0,0,0,0
153,AgentA wins,15.00,0,0,0,0,0,0,0,0,0,0
154,AgentA wins,19.67,0,0,0,0,0,0,0,0,0,0
155,AgentA wins,18.00,0,0,0,0,0,0,0,0,0,0
156,AgentA wins,17.00,0,0,0,0,0,0,0,0,0,0
157,AgentA wins,20.00,0,0,0,0,0,0,0,0,0,0
158,AgentA wins,20.00,0,0,0,0,0,0,0,0,0,0
159,AgentA wins,15.00,0,0,0,0,0,0,0,0,0,0
160,AgentA wins,15.00,0,0,0,0,0,0,0,0,0,0
101,AgentA wins,27.00,0,0,0,0,0,0,0,0,0,0
102,timeout draw,60.00,0,0,0,0,0,0,0,0,0,0
103,AgentA wins,23.67,0,0,0,0,0,0,0,0,0,0
104,AgentA wins,18.00,0,0,0,0,0,0,0,0,0,0
105,AgentA wins,35.00,0,0,0,0,0,0,0,0,0,0
106,AgentA wins,15.67,0,0,0,0,0,0,0,0,0,0
107,AgentA wins,39.00,0,0,0,0,0,0,0,0,0,0
108,AgentA wins,18.00,0,0,0,0,0,0,0,0,0,0
109,AgentA wins,24.00,0,0,0,0,0,0,0,0,0,0
110,AgentB wins,38.33,0,0,0,0,0,0,0,0,0,0
151,AgentA wins,23.33,0,0,0,0,0,0,0,0,0,0
152,AgentA wins,15.00,0,0,0,0,0,0,0,0,0,0
153,AgentA wins,17.00,0,0,0,0,0,0,0,0,0,0
154,AgentA wins,17.00,0,0,0,0,0,0,0,0,0,0
155,AgentA wins,18.00,0,0,0,0,0,0,0,0,0,0
156,AgentA wins,19.67,0,0,0,0,0,0,0,0,0,0
157,AgentA wins,19.67,0,0,0,0,0,0,0,0,0,0
158,AgentA wins,20.00,0,0,0,0,0,0,0,0,0,0
159,AgentA wins,20.00,0,0,0,0,0,0,0,0,0,0
160,AgentA wins,15.00,0,0,0,0,0,0,0,0,0,0
151,AgentA wins,20.00,0,0,0,0,0,0,0,0,0,0
152,AgentA wins,19.67,0,0,0,0,0,0,0,0,0,0
153,AgentA wins,19.67,0,0,0,0,0,0,0,0,0,0
154,AgentA wins,20.00,0,0,0,0,0,0,0,0,0,0
155,AgentA wins,20.00,0,0,0,0,0,0,0,0,0,0
156,AgentA wins,15.00,0,0,0,0,0,0,0,0,0,0
157,AgentA wins,20.00,0,0,0,0,0,0,0,0,0,0
158,AgentA wins,18.00,0,0,0,0,0,0,0,0,0,0
159,AgentA wins,20.00,0,0,0,0,0,0,0,0,0,0
160,AgentA wins,18.00,0,0,0,0,0,0,0,0,0,0
151,AgentA wins,17.00,0,0,0,0,0,0,0,0,0,0
152,AgentA wins,20.00,0,0,0,0,0,0,0,0,0,0
153,AgentA wins,15.00,0,0,0,0,0,0,0,0,0,0
154,AgentA wins,20.00,0,0,0,0,0,0,0,0,0,0
155,AgentA wins,20.00,0,0,0,0,0,0,0,0,0,0
156,AgentA wins,18.00,0,0,0,0,0,0,0,0,0,0
157,AgentA wins,15.00,0,0,0,0,0,0,0,0,0,0
158,AgentA wins,20.00,0,0,0,0,0,0,0,0,0,0
159,AgentA wins,18.00,0,0,0,0,0,0,0,0,0,0
160,AgentA wins,20.00,0,0,0,0,0,0,0,0,0,0
151,AgentA wins,20.00,0,0,0,0,0,0,0,0,0,0
152,AgentA wins,19.67,0,0,0,0,0,0,0,0,0,0
153,AgentA wins,20.00,0,0,0,0,0,0,0,0,0,0
154,AgentA wins,20.00,0,0,0,0,0,0,0,0,0,0
155,AgentA wins,20.00,0,0,0,0,0,0,0,0,0,0
156,AgentA wins,23.33,0,0,0,0,0,0,0,0,0,0
157,AgentA wins,15.00,0,0,0,0,0,0,0,0,0,0
158,AgentA wins,23.33,0,0,0,0,0,0,0,0,0,0
159,AgentA wins,20.00,0,0,0,0,0,0,0,0,0,0
160,AgentA wins,17.00,0,0,0,0,0,0,0,0,0,0
151,AgentA wins,20.00,0,0,0,0,0,0,0,0,0,0
152,AgentA wins,20.00,0,0,0,0,0,0,0,0,0,0
153,AgentA wins,20.00,0,0,0,0,0,0,0,0,0,0
154,AgentA wins,15.00,0,0,0,0,0,0,0,0,0,0
155,AgentA wins,15.00,0,0,0,0,0,0,0,0,0,0
156,AgentA wins,20.00,0,0,0,0,0,0,0,0,0,0
157,AgentA wins,20.00,0,0,0,0,0,0,0,0,0,0
158,AgentA wins,19.67,0,0,0,0,0,0,0,0,0,0
159,AgentA wins,18.00,0,0,0,0,0,0,0,0,0,0
160,AgentA wins,15.00,0,0,0,0,0,0,0,0,0,0
101,AgentA wins,28.67,0,0,0,0,0,0,0,0,0,0
102,AgentA wins,40.33,0,0,0,0,0,0,0,0,0,0
103,AgentA wins,41.67,0,0,0,0,0,0,0,0,0,0
104,AgentB wins,24.67,0,0,0,0,0,0,0,0,0,0
105,AgentA wins,24.00,0,0,0,0,0,0,0,0,0,0
106,AgentA wins,24.00,0,0,0,0,0,0,0,0,0,0
107,AgentA wins,35.33,0,0,0,0,0,0,0,0,0,0
108,AgentA wins,15.00,0,0,0,0,0,0,0,0,0,0
109,AgentA wins,30.00,0,0,0,0,0,0,0,0,0,0
110,AgentA wins,24.00,0,0,0,0,0,0,0,0,0,0
121,AgentA wins,15.00,133,137,0,77,0,111,0,19,20,31
122,AgentA wins,15.00,134,136,0,79,0,102,0,16,15,41
123,AgentA wins,15.00,135,136,0,90,0,109,0,16,18,28
124,AgentA wins,15.00,136,134,0,76,0,114,0,15,20,22
125,AgentA wins,18.00,161,163,0,103,0,133,0,18,17,44
126,AgentA wins,26.00,232,235,0,145,0,183,0,34,22,71
127,AgentA wins,24.00,213,216,0,131,0,174,0,21,30,52
128,AgentA wins,31.00,279,283,0,162,0,227,0,38,41,55
129,AgentA wins,18.00,163,163,0,95,0,130,0,18,23,37
130,AgentA wins,18.00,162,161,0,92,0,132,0,19,31,33
151,AgentA wins,18.00,0,0,0,0,0,0,0,0,0,0
152,AgentA wins,20.00,0,0,0,0,0,0,0,0,0,0
153,AgentA wins,20.00,0,0,0,0,0,0,0,0,0,0
154,AgentA wins,20.00,0,0,0,0,0,0,0,0,0,0
155,AgentA wins,20.00,0,0,0,0,0,0,0,0,0,0
156,AgentA wins,18.00,0,0,0,0,0,0,0,0,0,0
157,AgentA wins,20.00,0,0,0,0,0,0,0,0,0,0
158,AgentA wins,23.33,0,0,0,0,0,0,0,0,0,0
159,AgentA wins,20.00,0,0,0,0,0,0,0,0,0,0
160,AgentA wins,19.67,0,0,0,0,0,0,0,0,0,0
151,AgentA wins,20.00,0,0,0,0,0,0,0,0,0,0
152,AgentA wins,17.00,0,0,0,0,0,0,0,0,0,0
153,AgentA wins,20.00,0,0,0,0,0,0,0,0,0,0
154,AgentA wins,15.00,0,0,0,0,0,0,0,0,0,0
155,AgentA wins,15.00,0,0,0,0,0,0,0,0,0,0
156,AgentA wins,20.00,0,0,0,0,0,0,0,0,0,0
157,AgentA wins,25.00,0,0,0,0,0,0,0,0,0,0
158,AgentA wins,20.00,0,0,0,0,0,0,0,0,0,0
159,AgentA wins,20.00,0,0,0,0,0,0,0,0,0,0
160,AgentA wins,20.00,0,0,0,0,0,0,0,0,0,0
111,AgentA wins,41.67,0,0,0,0,0,0,0,0,0,0
112,AgentA wins,35.00,0,0,0,0,0,0,0,0,0,0
113,AgentA wins,38.00,0,0,0,0,0,0,0,0,0,0
114,AgentA wins,33.00,0,0,0,0,0,0,0,0,0,0
115,AgentB wins,30.67,0,0,0,0,0,0,0,0,0,0
116,AgentA wins,27.33,0,0,0,0,0,0,0,0,0,0
117,AgentA wins,24.00,0,0,0,0,0,0,0,0,0,0
118,AgentB wins,21.67,0,0,0,0,0,0,0,0,0,0
119,AgentA wins,24.00,0,0,0,0,0,0,0,0,0,0
120,AgentA wins,15.00,0,0,0,0,0,0,0,0,0,0
161,AgentA wins,15.00,0,0,0,0,0,0,0,0,0,0
162,AgentA wins,15.00,0,0,0,0,0,0,0,0,0,0
163,AgentA wins,20.00,0,0,0,0,0,0,0,0,0,0
164,AgentA wins,20.00,0,0,0,0,0,0,0,0,0,0
165,AgentA wins,17.00,0,0,0,0,0,0,0,0,0,0
166,AgentA wins,18.00,0,0,0,0,0,0,0,0,0,0
167,AgentA wins,20.00,0,0,0,0,0,0,0,0,0,0
168,AgentA wins,19.67,0,0,0,0,0,0,0,0,0,0
169,AgentA wins,15.00,0,0,0,0,0,0,0,0,0,0
170,AgentA wins,15.00,0,0,0,0,0,0,0,0,0,0
111,AgentA wins,18.00,0,0,0,0,0,0,0,0,0,0
112,AgentA wins,27.00,0,0,0,0,0,0,0,0,0,0
113,AgentA wins,15.00,0,0,0,0,0,0,0,0,0,0
114,AgentA wins,32.33,0,0,0,0,0,0,0,0,0,0
115,AgentA wins,30.00,0,0,0,0,0,0,0,0,0,0
116,AgentA wins,15.00,0,0,0,0,0,0,0,0,0,0
117,AgentA wins,18.00,0,0,0,0,0,0,0,0,0,0
118,AgentA wins,21.00,0,0,0,0,0,0,0,0,0,0
119,AgentA wins,15.00,0,0,0,0,0,0,0,0,0,0
120,AgentB wins,27.67,0,0,0,0,0,0,0,0,0,0
161,AgentA wins,20.00,0,0,0,0,0,0,0,0,0,0
162,AgentA wins,20.00,0,0,0,0,0,0,0,0,0,0
163,AgentA wins,20.00,0,0,0,0,0,0,0,0,0,0
164,AgentA wins,19.67,0,0,0,0,0,0,0,0,0,0
165,AgentA wins,20.00,0,0,0,0,0,0,0,0,0,0
166,AgentA wins,20.00,0,0,0,0,0,0,0,0,0,0
167,AgentA wins,20.00,0,0,0,0,0,0,0,0,0,0
168,AgentA wins,15.00,0,0,0,0,0,0,0,0,0,0
169,AgentA wins,20.00,0,0,0,0,0,0,0,0,0,0
170,AgentA wins,18.00,0,0,0,0,0,0,0,0,0,0
111,AgentA wins,18.67,0,0,0,0,0,0,0,0,0,0
112,AgentA wins,30.00,0,0,0,0,0,0,0,0,0,0
113,AgentA wins,38.67,0,0,0,0,0,0,0,0,0,0
114,AgentA wins,15.00,0,0,0,0,0,0,0,0,0,0
115,AgentA wins,41.00,0,0,0,0,0,0,0,0,0,0
116,AgentA wins,18.00,0,0,0,0,0,0,0,0,0,0
117,AgentA wins,26.33,0,0,0,0,0,0,0,0,0,0
118,AgentB wins,28.33,0,0,0,0,0,0,0,0,0,0
119,AgentA wins,15.00,0,0,0,0,0,0,0,0,0,0
120,AgentB wins,30.00,0,0,0,0,0,0,0,0,0,0
111,AgentA wins,37.33,0,0,0,0,0,0,0,0,0,0
112,AgentA wins,25.00,0,0,0,0,0,0,0,0,0,0
113,AgentA wins,33.00,0,0,0,0,0,0,0,0,0,0
114,AgentA wins,21.33,0,0,0,0,0,0,0,0,0,0
115,AgentB wins,39.67,0,0,0,0,0,0,0,0,0,0
116,AgentA wins,15.00,0,0,0,0,0,0,0,0,0,0
117,AgentA wins,15.00,0,0,0,0,0,0,0,0,0,0
118,AgentA wins,29.33,0,0,0,0,0,0,0,0,0,0
119,AgentA wins,18.00,0,0,0,0,0,0,0,0,0,0
120,AgentA wins,29.00,0,0,0,0,0,0,0,0,0,0
161,AgentA wins,20.00,0,0,0,0,0,0,0,0,0,0
162,AgentA wins,20.00,0,0,0,0,0,0,0,0,0,0
163,AgentA wins,20.00,0,0,0,0,0,0,0,0,0,0
164,AgentA wins,20.00,0,0,0,0,0,0,0,0,0,0
165,AgentA wins,20.00,0,0,0,0,0,0,0,0,0,0
166,AgentA wins,15.00,0,0,0,0,0,0,0,0,0,0
167,AgentA wins,20.00,0,0,0,0,0,0,0,0,0,0
168,AgentA wins,20.00,0,0,0,0,0,0,0,0,0,0
169,AgentA wins,20.00,0,0,0,0,0,0,0,0,0,0
170,AgentA wins,15.00,0,0,0,0,0,0,0,0,0,0
161,AgentA wins,20.00,0,0,0,0,0,0,0,0,0,0
162,AgentA wins,22.33,0,0,0,0,0,0,0,0,0,0
163,AgentA wins,20.00,0,0,0,0,0,0,0,0,0,0
164,AgentA wins,20.00,0,0,0,0,0,0,0,0,0,0
165,AgentA wins,23.33,0,0,0,0,0,0,0,0,0,0
166,AgentA wins,18.00,0,0,0,0,0,0,0,0,0,0
167,AgentA wins,18.00,0,0,0,0,0,0,0,0,0,0
168,AgentA wins,18.00,0,0,0,0,0,0,0,0,0,0
169,AgentA wins,15.00,0,0,0,0,0,0,0,0,0,0
170,AgentA wins,20.00,0,0,0,0,0,0,0,0,0,0
111,AgentA wins,15.00,0,0,0,0,0,0,0,0,0,0
112,AgentA wins,15.67,0,0,0,0,0,0,0,0,0,0
113,AgentA wins,30.00,0,0,0,0,0,0,0,0,0,0
114,AgentA wins,32.67,0,0,0,0,0,0,0,0,0,0
115,AgentA wins,18.00,0,0,0,0,0,0,0,0,0,0
116,AgentA wins,29.33,0,0,0,0,0,0,0,0,0,0
117,AgentA wins,21.00,0,0,0,0,0,0,0,0,0,0
118,AgentB wins,46.00,0,0,0,0,0,0,0,0,0,0
119,AgentA wins,18.00,0,0,0,0,0,0,0,0,0,0
120,AgentB wins,24.00,0,0,0,0,0,0,0,0,0,0
161,AgentA wins,20.00,0,0,0,0,0,0,0,0,0,0
162,AgentA wins,19.67,0,0,0,0,0,0,0,0,0,0
163,AgentA wins,20.00,0,0,0,0,0,0,0,0,0,0
164,AgentA wins,19.67,0,0,0,0,0,0,0,0,0,0
165,AgentA wins,20.00,0,0,0,0,0,0,0,0,0,0
166,AgentA wins,20.00,0,0,0,0,0,0,0,0,0,0
167,AgentA wins,20.00,0,0,0,0,0,0,0,0,0,0
168,AgentA wins,18.00,0,0,0,0,0,0,0,0,0,0
169,AgentA wins,18.00,0,0,0,0,0,0,0,0,0,0
170,AgentA wins,15.00,0,0,0,0,0,0,0,0,0,0
111,AgentB wins,22.00,0,0,0,0,0,0,0,0,0,0
112,AgentA wins,24.00,0,0,0,0,0,0,0,0,0,0
113,AgentA wins,26.67,0,0,0,0,0,0,0,0,0,0
114,AgentB wins,33.67,0,0,0,0,0,0,0,0,0,0
115,AgentA wins,28.67,0,0,0,0,0,0,0,0,0,0
116,AgentA wins,24.00,0,0,0,0,0,0,0,0,0,0
117,AgentA wins,18.00,0,0,0,0,0,0,0,0,0,0
118,AgentA wins,27.00,0,0,0,0,0,0,0,0,0,0
119,AgentA wins,18.00,0,0,0,0,0,0,0,0,0,0
120,AgentA wins,30.00,0,0,0,0,0,0,0,0,0,0
111,AgentA wins,15.67,0,0,0,0,0,0,0,0,0,0
112,AgentA wins,18.00,0,0,0,0,0,0,0,0,0,0
113,AgentA wins,37.33,0,0,0,0,0,0,0,0,0,0
114,AgentA wins,18.00,0,0,0,0,0,0,0,0,0,0
115,AgentA wins,18.00,0,0,0,0,0,0,0,0,0,0
116,AgentA wins,36.67,0,0,0,0,0,0,0,0,0,0
117,AgentA wins,32.67,0,0,0,0,0,0,0,0,0,0
118,AgentA wins,30.00,0,0,0,0,0,0,0,0,0,0
119,AgentA wins,15.00,0,0,0,0,0,0,0,0,0,0
120,AgentA wins,15.00,0,0,0,0,0,0,0,0,0,0
161,AgentA wins,17.00,0,0,0,0,0,0,0,0,0,0
162,AgentA wins,19.67,0,0,0,0,0,0,0,0,0,0
163,AgentA wins,20.00,0,0,0,0,0,0,0,0,0,0
164,AgentA wins,15.00,0,0,0,0,0,0,0,0,0,0
165,AgentA wins,19.67,0,0,0,0,0,0,0,0,0,0
166,AgentA wins,18.00,0,0,0,0,0,0,0,0,0,0
167,AgentA wins,20.00,0,0,0,0,0,0,0,0,0,0
168,AgentA wins,20.00,0,0,0,0,0,0,0,0,0,0
169,AgentA wins,15.00,0,0,0,0,0,0,0,0,0,0
170,AgentA wins,15.00,0,0,0,0,0,0,0,0,0,0
161,AgentA wins,20.00,0,0,0,0,0,0,0,0,0,0
162,AgentA wins,15.00,0,0,0,0,0,0,0,0,0,0
163,AgentA wins,15.00,0,0,0,0,0,0,0,0,0,0
164,AgentA wins,19.67,0,0,0,0,0,0,0,0,0,0
165,AgentA wins,20.00,0,0,0,0,0,0,0,0,0,0
166,AgentA wins,23.33,0,0,0,0,0,0,0,0,0,0
167,AgentA wins,18.00,0,0,0,0,0,0,0,0,0,0
168,AgentA wins,20.00,0,0,0,0,0,0,0,0,0,0
169,AgentA wins,19.67,0,0,0,0,0,0,0,0,0,0
170,AgentA wins,15.00,0,0,0,0,0,0,0,0,0,0
161,AgentA wins,19.67,0,0,0,0,0,0,0,0,0,0
162,AgentA wins,20.00,0,0,0,0,0,0,0,0,0,0
163,AgentA wins,15.00,0,0,0,0,0,0,0,0,0,0
164,AgentA wins,23.33,0,0,0,0,0,0,0,0,0,0
165,AgentA wins,19.67,0,0,0,0,0,0,0,0,0,0
166,AgentA wins,19.67,0,0,0,0,0,0,0,0,0,0
167,AgentA wins,20.00,0,0,0,0,0,0,0,0,0,0
168,AgentA wins,19.67,0,0,0,0,0,0,0,0,0,0
169,AgentA wins,15.00,0,0,0,0,0,0,0,0,0,0
170,AgentA wins,20.00,0,0,0,0,0,0,0,0,0,0
161,AgentA wins,15.00,0,0,0,0,0,0,0,0,0,0
162,AgentA wins,18.00,0,0,0,0,0,0,0,0,0,0
163,AgentA wins,15.00,0,0,0,0,0,0,0,0,0,0
164,AgentA wins,15.00,0,0,0,0,0,0,0,0,0,0
165,AgentA wins,17.00,0,0,0,0,0,0,0,0,0,0
166,AgentA wins,20.00,0,0,0,0,0,0,0,0,0,0
167,AgentA wins,20.00,0,0,0,0,0,0,0,0,0,0
168,AgentA wins,15.00,0,0,0,0,0,0,0,0,0,0
169,AgentA wins,20.00,0,0,0,0,0,0,0,0,0,0
170,AgentA wins,17.00,0,0,0,0,0,0,0,0,0,0
161,AgentA wins,20.00,0,0,0,0,0,0,0,0,0,0
162,AgentA wins,19.67,0,0,0,0,0,0,0,0,0,0
163,AgentA wins,19.67,0,0,0,0,0,0,0,0,0,0
164,AgentA wins,20.00,0,0,0,0,0,0,0,0,0,0
165,AgentA wins,18.00,0,0,0,0,0,0,0,0,0,0
166,AgentA wins,15.00,0,0,0,0,0,0,0,0,0,0
167,AgentA wins,15.00,0,0,0,0,0,0,0,0,0,0
168,AgentA wins,20.00,0,0,0,0,0,0,0,0,0,0
169,AgentA wins,18.00,0,0,0,0,0,0,0,0,0,0
170,AgentA wins,15.00,0,0,0,0,0,0,0,0,0,0
161,AgentA wins,20.00,0,0,0,0,0,0,0,0,0,0
162,AgentA wins,18.00,0,0,0,0,0,0,0,0,0,0
163,AgentA wins,17.00,0,0,0,0,0,0,0,0,0,0
164,AgentA wins,18.00,0,0,0,0,0,0,0,0,0,0
165,AgentA wins,20.00,0,0,0,0,0,0,0,0,0,0
166,AgentA wins,18.00,0,0,0,0,0,0,0,0,0,0
167,AgentA wins,15.00,0,0,0,0,0,0,0,0,0,0
168,AgentA wins,15.00,0,0,0,0,0,0,0,0,0,0
169,AgentA wins,20.00,0,0,0,0,0,0,0,0,0,0
170,AgentA wins,17.00,0,0,0,0,0,0,0,0,0,0
161,AgentA wins,15.00,0,0,0,0,0,0,0,0,0,0
162,AgentA wins,19.67,0,0,0,0,0,0,0,0,0,0
163,AgentA wins,20.00,0,0,0,0,0,0,0,0,0,0
164,AgentA wins,23.33,0,0,0,0,0,0,0,0,0,0
165,AgentA wins,15.00,0,0,0,0,0,0,0,0,0,0
166,AgentA wins,19.67,0,0,0,0,0,0,0,0,0,0
167,AgentA wins,18.00,0,0,0,0,0,0,0,0,0,0
168,AgentA wins,20.00,0,0,0,0,0,0,0,0,0,0
169,AgentA wins,15.00,0,0,0,0,0,0,0,0,0,0
170,AgentA wins,23.33,0,0,0,0,0,0,0,0,0,0
161,AgentA wins,20.00,0,0,0,0,0,0,0,0,0,0
162,AgentA wins,20.00,0,0,0,0,0,0,0,0,0,0
163,AgentA wins,20.00,0,0,0,0,0,0,0,0,0,0
164,AgentA wins,20.00,0,0,0,0,0,0,0,0,0,0
165,AgentA wins,20.00,0,0,0,0,0,0,0,0,0,0
166,AgentA wins,23.33,0,0,0,0,0,0,0,0,0,0
167,AgentA wins,20.00,0,0,0,0,0,0,0,0,0,0
168,AgentA wins,20.00,0,0,0,0,0,0,0,0,0,0
169,AgentA wins,20.00,0,0,0,0,0,0,0,0,0,0
170,AgentA wins,15.00,0,0,0,0,0,0,0,0,0,0
161,AgentA wins,17.00,0,0,0,0,0,0,0,0,0,0
162,AgentA wins,20.00,0,0,0,0,0,0,0,0,0,0
163,AgentA wins,20.00,0,0,0,0,0,0,0,0,0,0
164,AgentA wins,15.00,0,0,0,0,0,0,0,0,0,0
165,AgentA wins,18.00,0,0,0,0,0,0,0,0,0,0
166,AgentA wins,20.00,0,0,0,0,0,0,0,0,0,0
167,AgentA wins,18.00,0,0,0,0,0,0,0,0,0,0
168,AgentA wins,20.00,0,0,0,0,0,0,0,0,0,0
169,AgentA wins,15.00,0,0,0,0,0,0,0,0,0,0
170,AgentA wins,20.00,0,0,0,0,0,0,0,0,0,0
161,AgentA wins,20.00,0,0,0,0,0,0,0,0,0,0
162,AgentA wins,20.00,0,0,0,0,0,0,0,0,0,0
163,AgentA wins,20.00,0,0,0,0,0,0,0,0,0,0
164,AgentA wins,20.00,0,0,0,0,0,0,0,0,0,0
165,AgentA wins,15.00,0,0,0,0,0,0,0,0,0,0
166,AgentA wins,20.00,0,0,0,0,0,0,0,0,0,0
167,AgentA wins,20.00,0,0,0,0,0,0,0,0,0,0
168,AgentA wins,15.00,0,0,0,0,0,0,0,0,0,0
169,AgentA wins,17.00,0,0,0,0,0,0,0,0,0,0
170,AgentA wins,18.00,0,0,0,0,0,0,0,0,0,0
111,AgentB wins,26.33,0,0,0,0,0,0,0,0,0,0
112,AgentA wins,21.33,0,0,0,0,0,0,0,0,0,0
113,AgentA wins,30.00,0,0,0,0,0,0,0,0,0,0
114,AgentA wins,26.33,0,0,0,0,0,0,0,0,0,0
115,AgentA wins,26.00,0,0,0,0,0,0,0,0,0,0
116,AgentA wins,18.00,0,0,0,0,0,0,0,0,0,0
117,AgentA wins,27.00,0,0,0,0,0,0,0,0,0,0
118,AgentA wins,36.67,0,0,0,0,0,0,0,0,0,0
119,AgentA wins,18.00,0,0,0,0,0,0,0,0,0,0
120,AgentA wins,15.00,0,0,0,0,0,0,0,0,0,0
131,AgentA wins,37.00,334,334,0,210,0,269,0,40,38,76
132,AgentA wins,15.00,133,134,0,83,0,109,0,16,14,38
133,AgentA wins,15.00,137,138,0,78,0,103,0,16,19,33
134,AgentA wins,18.00,163,161,0,93,0,123,0,19,20,42
135,AgentA wins,15.00,136,131,0,84,0,104,0,21,15,36
136,AgentA wins,33.00,293,295,0,185,0,231,0,36,33,97
137,AgentA wins,26.00,236,238,0,144,0,177,0,29,18,58
138,AgentA wins,39.00,349,352,0,221,0,280,0,44,34,99
139,AgentA wins,23.33,211,213,0,136,0,158,0,28,21,66
140,AgentA wins,15.00,136,133,0,73,0,101,0,13,13,35
111,AgentA wins,24.00,0,0,0,0,0,0,0,0,0,0
112,AgentA wins,15.00,0,0,0,0,0,0,0,0,0,0
113,AgentA wins,35.00,0,0,0,0,0,0,0,0,0,0
114,AgentB wins,53.33,0,0,0,0,0,0,0,0,0,0
115,AgentA wins,15.00,0,0,0,0,0,0,0,0,0,0
116,AgentA wins,18.00,0,0,0,0,0,0,0,0,0,0
117,AgentA wins,38.00,0,0,0,0,0,0,0,0,0,0
118,AgentA wins,15.00,0,0,0,0,0,0,0,0,0,0
119,AgentA wins,47.00,0,0,0,0,0,0,0,0,0,0
120,AgentA wins,18.00,0,0,0,0,0,0,0,0,0,0
171,AgentA wins,15.00,0,0,0,0,0,0,0,0,0,0
172,AgentA wins,20.00,0,0,0,0,0,0,0,0,0,0
173,AgentA wins,20.00,0,0,0,0,0,0,0,0,0,0
174,AgentA wins,20.00,0,0,0,0,0,0,0,0,0,0
175,AgentA wins,19.67,0,0,0,0,0,0,0,0,0,0
176,AgentA wins,20.00,0,0,0,0,0,0,0,0,0,0
177,AgentA wins,20.00,0,0,0,0,0,0,0,0,0,0
178,AgentA wins,20.00,0,0,0,0,0,0,0,0,0,0
179,AgentA wins,18.00,0,0,0,0,0,0,0,0,0,0
180,AgentA wins,15.00,0,0,0,0,0,0,0,0,0,0
171,AgentA wins,18.00,0,0,0,0,0,0,0,0,0,0
172,AgentA wins,20.00,0,0,0,0,0,0,0,0,0,0
173,AgentA wins,18.00,0,0,0,0,0,0,0,0,0,0
174,AgentA wins,17.00,0,0,0,0,0,0,0,0,0,0
175,AgentA wins,18.00,0,0,0,0,0,0,0,0,0,0
176,AgentA wins,20.00,0,0,0,0,0,0,0,0,0,0
177,AgentA wins,20.00,0,0,0,0,0,0,0,0,0,0
178,AgentA wins,20.00,0,0,0,0,0,0,0,0,0,0
179,AgentA wins,15.00,0,0,0,0,0,0,0,0,0,0
180,AgentA wins,18.00,0,0,0,0,0,0,0,0,0,0
171,AgentA wins,15.00,0,0,0,0,0,0,0,0,0,0
172,AgentA wins,20.00,0,0,0,0,0,0,0,0,0,0
173,AgentA wins,18.00,0,0,0,0,0,0,0,0,0,0
174,AgentA wins,20.00,0,0,0,0,0,0,0,0,0,0
175,AgentA wins,18.00,0,0,0,0,0,0,0,0,0,0
176,AgentA wins,20.00,0,0,0,0,0,0,0,0,0,0
177,AgentA wins,20.00,0,0,0,0,0,0,0,0,0,0
178,AgentA wins,18.00,0,0,0,0,0,0,0,0,0,0
179,AgentA wins,20.00,0,0,0,0,0,0,0,0,0,0
180,AgentA wins,15.00,0,0,0,0,0,0,0,0,0,0
171,AgentA wins,20.00,0,0,0,0,0,0,0,0,0,0
172,AgentA wins,20.00,0,0,0,0,0,0,0,0,0,0
173,AgentA wins,15.00,0,0,0,0,0,0,0,0,0,0
174,AgentA wins,20.00,0,0,0,0,0,0,0,0,0,0
175,AgentA wins,18.00,0,0,0,0,0,0,0,0,0,0
176,AgentA wins,20.00,0,0,0,0,0,0,0,0,0,0
177,AgentA wins,20.00,0,0,0,0,0,0,0,0,0,0
178,AgentA wins,20.00,0,0,0,0,0,0,0,0,0,0
179,AgentA wins,20.00,0,0,0,0,0,0,0,0,0,0
180,AgentA wins,20.00,0,0,0,0,0,0,0,0,0,0
171,AgentA wins,20.00,0,0,0,0,0,0,0,0,0,0
172,AgentA wins,19.67,0,0,0,0,0,0,0,0,0,0
173,AgentA wins,15.00,0,0,0,0,0,0,0,0,0,0
174,AgentA wins,19.67,0,0,0,0,0,0,0,0,0,0
175,AgentA wins,18.00,0,0,0,0,0,0,0,0,0,0
176,AgentA wins,20.00,0,0,0,0,0,0,0,0,0,0
177,AgentA wins,15.00,0,0,0,0,0,0,0,0,0,0
178,AgentA wins,15.00,0,0,0,0,0,0,0,0,0,0
179,AgentA wins,20.00,0,0,0,0,0,0,0,0,0,0
180,AgentA wins,18.00,0,0,0,0,0,0,0,0,0,0
121,AgentA wins,38.67,0,0,0,0,0,0,0,0,0,0
122,AgentA wins,38.00,0,0,0,0,0,0,0,0,0,0
123,AgentA wins,15.00,0,0,0,0,0,0,0,0,0,0
124,AgentA wins,15.00,0,0,0,0,0,0,0,0,0,0
125,AgentA wins,30.00,0,0,0,0,0,0,0,0,0,0
126,AgentA wins,21.00,0,0,0,0,0,0,0,0,0,0
127,AgentA wins,35.67,0,0,0,0,0,0,0,0,0,0
128,AgentA wins,30.00,0,0,0,0,0,0,0,0,0,0
129,AgentA wins,24.00,0,0,0,0,0,0,0,0,0,0
130,AgentA wins,47.00,0,0,0,0,0,0,0,0,0,0
171,AgentA wins,18.00,0,0,0,0,0,0,0,0,0,0
172,AgentA wins,20.00,0,0,0,0,0,0,0,0,0,0
173,AgentA wins,15.00,0,0,0,0,0,0,0,0,0,0
174,AgentA wins,18.00,0,0,0,0,0,0,0,0,0,0
175,AgentA wins,20.00,0,0,0,0,0,0,0,0,0,0
176,AgentA wins,15.00,0,0,0,0,0,0,0,0,0,0
177,AgentA wins,15.00,0,0,0,0,0,0,0,0,0,0
178,AgentA wins,20.00,0,0,0,0,0,0,0,0,0,0
179,AgentA wins,18.00,0,0,0,0,0,0,0,0,0,0
180,AgentA wins,20.00,0,0,0,0,0,0,0,0,0,0
171,AgentA wins,17.00,0,0,0,0,0,0,0,0,0,0
172,AgentA wins,20.00,0,0,0,0,0,0,0,0,0,0
173,AgentA wins,18.00,0,0,0,0,0,0,0,0,0,0
174,AgentA wins,15.00,0,0,0,0,0,0,0,0,0,0
175,AgentA wins,15.00,0,0,0,0,0,0,0,0,0,0
176,AgentA wins,18.00,0,0,0,0,0,0,0,0,0,0
177,AgentA wins,20.00,0,0,0,0,0,0,0,0,0,0
178,AgentA wins,20.00,0,0,0,0,0,0,0,0,0,0
179,AgentA wins,15.00,0,0,0,0,0,0,0,0,0,0
180,AgentA wins,18.00,0,0,0,0,0,0,0,0,0,0
171,AgentA wins,18.00,0,0,0,0,0,0,0,0,0,0
172,AgentA wins,20.00,0,0,0,0,0,0,0,0,0,0
173,AgentA wins,20.00,0,0,0,0,0,0,0,0,0,0
174,AgentA wins,20.00,0,0,0,0,0,0,0,0,0,0
175,AgentA wins,15.00,0,0,0,0,0,0,0,0,0,0
176,AgentA wins,20.00,0,0,0,0,0,0,0,0,0,0
177,AgentA wins,17.00,0,0,0,0,0,0,0,0,0,0
178,AgentA wins,17.00,0,0,0,0,0,0,0,0,0,0
179,AgentA wins,20.00,0,0,0,0,0,0,0,0,0,0
180,AgentA wins,20.00,0,0,0,0,0,0,0,0,0,0
171,AgentA wins,18.00,0,0,0,0,0,0,0,0,0,0
172,AgentA wins,17.00,0,0,0,0,0,0,0,0,0,0
173,AgentA wins,18.00,0,0,0,0,0,0,0,0,0,0
174,AgentA wins,20.00,0,0,0,0,0,0,0,0,0,0
175,AgentA wins,15.00,0,0,0,0,0,0,0,0,0,0
176,AgentA wins,15.00,0,0,0,0,0,0,0,0,0,0
177,AgentA wins,18.00,0,0,0,0,0,0,0,0,0,0
178,AgentA wins,17.00,0,0,0,0,0,0,0,0,0,0
179,AgentA wins,15.00,0,0,0,0,0,0,0,0,0,0
180,AgentA wins,20.00,0,0,0,0,0,0,0,0,0,0
171,AgentA wins,20.00,0,0,0,0,0,0,0,0,0,0
172,AgentA wins,19.67,0,0,0,0,0,0,0,0,0,0
173,AgentA wins,15.00,0,0,0,0,0,0,0,0,0,0
174,AgentA wins,20.00,0,0,0,0,0,0,0,0,0,0
175,AgentA wins,20.00,0,0,0,0,0,0,0,0,0,0
176,AgentA wins,20.00,0,0,0,0,0,0,0,0,0,0
177,AgentA wins,17.00,0,0,0,0,0,0,0,0,0,0
178,AgentA wins,20.00,0,0,0,0,0,0,0,0,0,0
179,AgentA wins,20.00,0,0,0,0,0,0,0,0,0,0
180,AgentA wins,20.00,0,0,0,0,0,0,0,0,0,0
171,AgentA wins,19.67,0,0,0,0,0,0,0,0,0,0
172,AgentA wins,20.00,0,0,0,0,0,0,0,0,0,0
173,AgentA wins,20.00,0,0,0,0,0,0,0,0,0,0
174,AgentA wins,20.00,0,0,0,0,0,0,0,0,0,0
175,AgentA wins,20.00,0,0,0,0,0,0,0,0,0,0
176,AgentA wins,15.00,0,0,0,0,0,0,0,0,0,0
177,AgentA wins,18.00,0,0,0,0,0,0,0,0,0,0
178,AgentA wins,20.00,0,0,0,0,0,0,0,0,0,0
179,AgentA wins,15.00,0,0,0,0,0,0,0,0,0,0
180,AgentA wins,18.00,0,0,0,0,0,0,0,0,0,0
171,AgentA wins,20.00,0,0,0,0,0,0,0,0,0,0
172,AgentA wins,18.00,0,0,0,0,0,0,0,0,0,0
173,AgentA wins,15.00,0,0,0,0,0,0,0,0,0,0
174,AgentA wins,15.00,0,0,0,0,0,0,0,0,0,0
175,AgentA wins,18.00,0,0,0,0,0,0,0,0,0,0
176,AgentA wins,20.00,0,0,0,0,0,0,0,0,0,0
177,AgentA wins,20.00,0,0,0,0,0,0,0,0,0,0
178,AgentA wins,18.00,0,0,0,0,0,0,0,0,0,0
179,AgentA wins,20.00,0,0,0,0,0,0,0,0,0,0
180,AgentA wins,20.00,0,0,0,0,0,0,0,0,0,0
121,AgentA wins,27.00,0,0,0,0,0,0,0,0,0,0
122,AgentA wins,24.00,0,0,0,0,0,0,0,0,0,0
123,AgentA wins,15.00,0,0,0,0,0,0,0,0,0,0
124,AgentA wins,31.33,0,0,0,0,0,0,0,0,0,0
125,AgentA wins,24.00,0,0,0,0,0,0,0,0,0,0
126,AgentA wins,18.00,0,0,0,0,0,0,0,0,0,0
127,AgentA wins,26.67,0,0,0,0,0,0,0,0,0,0
128,AgentA wins,27.00,0,0,0,0,0,0,0,0,0,0
129,AgentA wins,24.00,0,0,0,0,0,0,0,0,0,0
130,AgentA wins,23.67,0,0,0,0,0,0,0,0,0,0
121,AgentA wins,31.00,0,0,0,0,0,0,0,0,0,0
122,AgentA wins,30.00,0,0,0,0,0,0,0,0,0,0
123,AgentA wins,15.00,0,0,0,0,0,0,0,0,0,0
124,AgentA wins,24.00,0,0,0,0,0,0,0,0,0,0
125,AgentA wins,27.00,0,0,0,0,0,0,0,0,0,0
126,AgentB wins,26.00,0,0,0,0,0,0,0,0,0,0
127,AgentA wins,21.00,0,0,0,0,0,0,0,0,0,0
128,AgentB wins,21.67,0,0,0,0,0,0,0,0,0,0
129,AgentA wins,18.00,0,0,0,0,0,0,0,0,0,0
130,AgentA wins,18.00,0,0,0,0,0,0,0,0,0,0
121,AgentA wins,24.00,0,0,0,0,0,0,0,0,0,0
122,AgentA wins,31.67,0,0,0,0,0,0,0,0,0,0
123,AgentA wins,27.00,0,0,0,0,0,0,0,0,0,0
124,AgentA wins,24.00,0,0,0,0,0,0,0,0,0,0
125,AgentA wins,15.00,0,0,0,0,0,0,0,0,0,0
126,AgentA wins,35.33,0,0,0,0,0,0,0,0,0,0
127,AgentA wins,35.67,0,0,0,0,0,0,0,0,0,0
128,AgentB wins,32.33,0,0,0,0,0,0,0,0,0,0
129,AgentA wins,26.67,0,0,0,0,0,0,0,0,0,0
130,AgentB wins,33.67,0,0,0,0,0,0,0,0,0,0
121,AgentA wins,28.67,0,0,0,0,0,0,0,0,0,0
122,AgentA wins,15.00,0,0,0,0,0,0,0,0,0,0
123,AgentA wins,15.00,0,0,0,0,0,0,0,0,0,0
124,AgentA wins,15.00,0,0,0,0,0,0,0,0,0,0
125,AgentA wins,49.33,0,0,0,0,0,0,0,0,0,0
126,AgentA wins,26.00,0,0,0,0,0,0,0,0,0,0
127,AgentA wins,29.00,0,0,0,0,0,0,0,0,0,0
128,AgentA wins,18.00,0,0,0,0,0,0,0,0,0,0
129,AgentB wins,31.00,0,0,0,0,0,0,0,0,0,0
130,AgentA wins,38.00,0,0,0,0,0,0,0,0,0,0
171,AgentA wins,19.67,0,0,0,0,0,0,0,0,0,0
172,AgentA wins,15.00,0,0,0,0,0,0,0,0,0,0
173,AgentA wins,20.00,0,0,0,0,0,0,0,0,0,0
174,AgentA wins,17.00,0,0,0,0,0,0,0,0,0,0
175,AgentA wins,20.00,0,0,0,0,0,0,0,0,0,0
176,AgentA wins,18.00,0,0,0,0,0,0,0,0,0,0
177,AgentA wins,20.00,0,0,0,0,0,0,0,0,0,0
178,AgentA wins,20.00,0,0,0,0,0,0,0,0,0,0
179,AgentA wins,15.00,0,0,0,0,0,0,0,0,0,0
180,AgentA wins,20.00,0,0,0,0,0,0,0,0,0,0
171,AgentA wins,20.00,0,0,0,0,0,0,0,0,0,0
172,AgentA wins,20.00,0,0,0,0,0,0,0,0,0,0
173,AgentA wins,19.67,0,0,0,0,0,0,0,0,0,0
174,AgentA wins,20.00,0,0,0,0,0,0,0,0,0,0
175,AgentA wins,20.00,0,0,0,0,0,0,0,0,0,0
176,AgentA wins,18.00,0,0,0,0,0,0,0,0,0,0
177,AgentA wins,20.00,0,0,0,0,0,0,0,0,0,0
178,AgentA wins,20.00,0,0,0,0,0,0,0,0,0,0
179,AgentA wins,20.00,0,0,0,0,0,0,0,0,0,0
180,AgentA wins,20.00,0,0,0,0,0,0,0,0,0,0
171,AgentA wins,20.00,0,0,0,0,0,0,0,0,0,0
172,AgentA wins,20.00,0,0,0,0,0,0,0,0,0,0
173,AgentA wins,18.00,0,0,0,0,0,0,0,0,0,0
174,AgentA wins,17.00,0,0,0,0,0,0,0,0,0,0
175,AgentA wins,20.00,0,0,0,0,0,0,0,0,0,0
176,AgentA wins,15.00,0,0,0,0,0,0,0,0,0,0
177,AgentA wins,20.00,0,0,0,0,0,0,0,0,0,0
178,AgentA wins,20.00,0,0,0,0,0,0,0,0,0,0
179,AgentA wins,20.00,0,0,0,0,0,0,0,0,0,0
180,AgentA wins,20.00,0,0,0,0,0,0,0,0,0,0
121,AgentA wins,32.00,0,0,0,0,0,0,0,0,0,0
122,AgentA wins,15.00,0,0,0,0,0,0,0,0,0,0
123,AgentB wins,38.33,0,0,0,0,0,0,0,0,0,0
124,AgentA wins,31.67,0,0,0,0,0,0,0,0,0,0
125,AgentA wins,15.00,0,0,0,0,0,0,0,0,0,0
126,AgentA wins,26.67,0,0,0,0,0,0,0,0,0,0
127,AgentB wins,27.67,0,0,0,0,0,0,0,0,0,0
128,AgentA wins,32.00,0,0,0,0,0,0,0,0,0,0
129,AgentA wins,18.00,0,0,0,0,0,0,0,0,0,0
130,AgentA wins,41.00,0,0,0,0,0,0,0,0,0,0
121,AgentA wins,33.00,0,0,0,0,0,0,0,0,0,0
122,AgentA wins,18.00,0,0,0,0,0,0,0,0,0,0
123,AgentA wins,18.00,0,0,0,0,0,0,0,0,0,0
124,AgentA wins,38.33,0,0,0,0,0,0,0,0,0,0
125,AgentA wins,18.00,0,0,0,0,0,0,0,0,0,0
126,AgentA wins,27.00,0,0,0,0,0,0,0,0,0,0
127,AgentA wins,28.67,0,0,0,0,0,0,0,0,0,0
128,AgentB wins,33.67,0,0,0,0,0,0,0,0,0,0
129,AgentB wins,45.33,0,0,0,0,0,0,0,0,0,0
130,AgentA wins,18.00,0,0,0,0,0,0,0,0,0,0
181,AgentA wins,15.00,0,0,0,0,0,0,0,0,0,0
182,AgentA wins,20.00,0,0,0,0,0,0,0,0,0,0
183,AgentA wins,18.00,0,0,0,0,0,0,0,0,0,0
184,AgentA wins,20.00,0,0,0,0,0,0,0,0,0,0
185,AgentA wins,20.00,0,0,0,0,0,0,0,0,0,0
186,AgentA wins,20.00,0,0,0,0,0,0,0,0,0,0
187,AgentA wins,20.00,0,0,0,0,0,0,0,0,0,0
188,AgentA wins,15.00,0,0,0,0,0,0,0,0,0,0
189,AgentA wins,20.00,0,0,0,0,0,0,0,0,0,0
190,AgentA wins,20.00,0,0,0,0,0,0,0,0,0,0
181,AgentA wins,20.00,0,0,0,0,0,0,0,0,0,0
182,AgentA wins,19.67,0,0,0,0,0,0,0,0,0,0
183,AgentA wins,18.00,0,0,0,0,0,0,0,0,0,0
184,AgentA wins,20.00,0,0,0,0,0,0,0,0,0,0
185,AgentA wins,20.00,0,0,0,0,0,0,0,0,0,0
186,AgentA wins,20.00,0,0,0,0,0,0,0,0,0,0
187,AgentA wins,18.00,0,0,0,0,0,0,0,0,0,0
188,AgentA wins,20.00,0,0,0,0,0,0,0,0,0,0
189,AgentA wins,20.00,0,0,0,0,0,0,0,0,0,0
190,AgentA wins,20.00,0,0,0,0,0,0,0,0,0,0
121,AgentA wins,21.00,0,0,0,0,0,0,0,0,0,0
122,AgentA wins,41.33,0,0,0,0,0,0,0,0,0,0
123,AgentA wins,37.00,0,0,0,0,0,0,0,0,0,0
124,AgentA wins,18.00,0,0,0,0,0,0,0,0,0,0
125,AgentA wins,30.00,0,0,0,0,0,0,0,0,0,0
126,AgentA wins,30.00,0,0,0,0,0,0,0,0,0,0
127,AgentA wins,24.00,0,0,0,0,0,0,0,0,0,0
128,AgentA wins,27.00,0,0,0,0,0,0,0,0,0,0
129,AgentA wins,35.00,0,0,0,0,0,0,0,0,0,0
130,AgentA wins,30.00,0,0,0,0,0,0,0,0,0,0
181,AgentA wins,20.00,0,0,0,0,0,0,0,0,0,0
182,AgentA wins,18.00,0,0,0,0,0,0,0,0,0,0
183,AgentA wins,19.67,0,0,0,0,0,0,0,0,0,0
184,AgentA wins,20.00,0,0,0,0,0,0,0,0,0,0
185,AgentA wins,18.00,0,0,0,0,0,0,0,0,0,0
186,AgentA wins,20.00,0,0,0,0,0,0,0,0,0,0
187,AgentA wins,20.00,0,0,0,0,0,0,0,0,0,0
188,AgentA wins,18.00,0,0,0,0,0,0,0,0,0,0
189,AgentA wins,18.00,0,0,0,0,0,0,0,0,0,0
190,AgentA wins,20.00,0,0,0,0,0,0,0,0,0,0
181,AgentA wins,18.00,0,0,0,0,0,0,0,0,0,0
182,AgentA wins,15.00,0,0,0,0,0,0,0,0,0,0
183,AgentA wins,18.00,0,0,0,0,0,0,0,0,0,0
184,AgentA wins,20.00,0,0,0,0,0,0,0,0,0,0
185,AgentA wins,20.00,0,0,0,0,0,0,0,0,0,0
186,AgentA wins,20.00,0,0,0,0,0,0,0,0,0,0
187,AgentA wins,20.00,0,0,0,0,0,0,0,0,0,0
188,AgentA wins,20.00,0,0,0,0,0,0,0,0,0,0
189,AgentA wins,18.00,0,0,0,0,0,0,0,0,0,0
190,AgentA wins,18.00,0,0,0,0,0,0,0,0,0,0
141,AgentA wins,34.00,306,308,0,186,0,244,0,41,30,89
142,AgentA wins,26.00,235,233,0,139,0,189,0,26,26,53
143,AgentA wins,18.00,161,163,0,99,0,131,0,19,16,51
144,AgentA wins,35.00,311,318,0,181,0,244,0,36,37,79
145,AgentA wins,18.00,163,161,0,92,0,125,0,21,18,39
146,AgentA wins,31.67,288,287,0,161,0,237,0,37,39,74
147,AgentA wins,48.67,438,440,0,258,0,341,0,50,43,112
148,AgentA wins,30.00,270,270,0,162,0,218,0,31,33,64
149,AgentA wins,29.67,267,270,0,149,0,217,0,28,32,73
150,AgentA wins,18.00,158,163,0,92,0,126,0,15,15,49
181,AgentA wins,18.00,0,0,0,0,0,0,0,0,0,0
182,AgentA wins,17.00,0,0,0,0,0,0,0,0,0,0
183,AgentA wins,18.00,0,0,0,0,0,0,0,0,0,0
184,AgentA wins,20.00,0,0,0,0,0,0,0,0,0,0
185,AgentA wins,20.00,0,0,0,0,0,0,0,0,0,0
186,AgentA wins,20.00,0,0,0,0,0,0,0,0,0,0
187,AgentA wins,20.00,0,0,0,0,0,0,0,0,0,0
188,AgentA wins,20.00,0,0,0,0,0,0,0,0,0,0
189,AgentA wins,15.00,0,0,0,0,0,0,0,0,0,0
190,AgentA wins,20.00,0,0,0,0,0,0,0,0,0,0
181,AgentA wins,20.00,0,0,0,0,0,0,0,0,0,0
182,AgentA wins,20.00,0,0,0,0,0,0,0,0,0,0
183,AgentA wins,20.00,0,0,0,0,0,0,0,0,0,0
184,AgentA wins,20.00,0,0,0,0,0,0,0,0,0,0
185,AgentA wins,20.00,0,0,0,0,0,0,0,0,0,0
186,AgentA wins,20.00,0,0,0,0,0,0,0,0,0,0
187,AgentA wins,18.00,0,0,0,0,0,0,0,0,0,0
188,AgentA wins,20.00,0,0,0,0,0,0,0,0,0,0
189,AgentA wins,20.00,0,0,0,0,0,0,0,0,0,0
190,AgentA wins,20.00,0,0,0,0,0,0,0,0,0,0
121,AgentA wins,23.67,0,0,0,0,0,0,0,0,0,0
122,AgentA wins,26.67,0,0,0,0,0,0,0,0,0,0
123,AgentA wins,24.00,0,0,0,0,0,0,0,0,0,0
124,AgentA wins,40.67,0,0,0,0,0,0,0,0,0,0
125,AgentA wins,15.00,0,0,0,0,0,0,0,0,0,0
126,AgentA wins,18.00,0,0,0,0,0,0,0,0,0,0
127,AgentA wins,18.00,0,0,0,0,0,0,0,0,0,0
128,AgentA wins,18.00,0,0,0,0,0,0,0,0,0,0
129,AgentB wins,41.33,0,0,0,0,0,0,0,0,0,0
130,AgentB wins,31.67,0,0,0,0,0,0,0,0,0,0
181,AgentA wins,20.00,0,0,0,0,0,0,0,0,0,0
182,AgentA wins,20.00,0,0,0,0,0,0,0,0,0,0
183,AgentA wins,20.00,0,0,0,0,0,0,0,0,0,0
184,AgentA wins,20.00,0,0,0,0,0,0,0,0,0,0
185,AgentA wins,18.00,0,0,0,0,0,0,0,0,0,0
186,AgentA wins,20.00,0,0,0,0,0,0,0,0,0,0
187,AgentA wins,15.00,0,0,0,0,0,0,0,0,0,0
188,AgentA wins,20.00,0,0,0,0,0,0,0,0,0,0
189,AgentA wins,20.00,0,0,0,0,0,0,0,0,0,0
190,AgentA wins,20.00,0,0,0,0,0,0,0,0,0,0
181,AgentA wins,20.00,0,0,0,0,0,0,0,0,0,0
182,AgentA wins,15.00,0,0,0,0,0,0,0,0,0,0
183,AgentA wins,18.00,0,0,0,0,0,0,0,0,0,0
184,AgentA wins,20.00,0,0,0,0,0,0,0,0,0,0
185,AgentA wins,18.00,0,0,0,0,0,0,0,0,0,0
186,AgentA wins,15.00,0,0,0,0,0,0,0,0,0,0
187,AgentA wins,20.00,0,0,0,0,0,0,0,0,0,0
188,AgentA wins,20.00,0,0,0,0,0,0,0,0,0,0
189,AgentA wins,18.00,0,0,0,0,0,0,0,0,0,0
190,AgentA wins,20.00,0,0,0,0,0,0,0,0,0,0
181,AgentA wins,15.00,0,0,0,0,0,0,0,0,0,0
182,AgentA wins,20.00,0,0,0,0,0,0,0,0,0,0
183,AgentA wins,20.00,0,0,0,0,0,0,0,0,0,0
184,AgentA wins,20.00,0,0,0,0,0,0,0,0,0,0
185,AgentA wins,20.00,0,0,0,0,0,0,0,0,0,0
186,AgentA wins,20.00,0,0,0,0,0,0,0,0,0,0
187,AgentA wins,20.00,0,0,0,0,0,0,0,0,0,0
188,AgentA wins,20.00,0,0,0,0,0,0,0,0,0,0
189,AgentA wins,18.00,0,0,0,0,0,0,0,0,0,0
190,AgentA wins,18.00,0,0,0,0,0,0,0,0,0,0
181,AgentA wins,17.00,0,0,0,0,0,0,0,0,0,0
182,AgentA wins,15.00,0,0,0,0,0,0,0,0,0,0
183,AgentA wins,20.00,0,0,0,0,0,0,0,0,0,0
184,AgentA wins,20.00,0,0,0,0,0,0,0,0,0,0
185,AgentA wins,20.00,0,0,0,0,0,0,0,0,0,0
186,AgentA wins,20.00,0,0,0,0,0,0,0,0,0,0
187,AgentA wins,20.00,0,0,0,0,0,0,0,0,0,0
188,AgentA wins,18.00,0,0,0,0,0,0,0,0,0,0
189,AgentA wins,20.00,0,0,0,0,0,0,0,0,0,0
190,AgentA wins,20.00,0,0,0,0,0,0,0,0,0,0
181,AgentA wins,17.00,0,0,0,0,0,0,0,0,0,0
182,AgentA wins,20.00,0,0,0,0,0,0,0,0,0,0
183,AgentA wins,20.00,0,0,0,0,0,0,0,0,0,0
184,AgentA wins,20.00,0,0,0,0,0,0,0,0,0,0
185,AgentA wins,20.00,0,0,0,0,0,0,0,0,0,0
186,AgentA wins,20.00,0,0,0,0,0,0,0,0,0,0
187,AgentA wins,15.00,0,0,0,0,0,0,0,0,0,0
188,AgentA wins,20.00,0,0,0,0,0,0,0,0,0,0
189,AgentA wins,20.00,0,0,0,0,0,0,0,0,0,0
190,AgentA wins,18.00,0,0,0,0,0,0,0,0,0,0
181,AgentA wins,20.00,0,0,0,0,0,0,0,0,0,0
182,AgentA wins,20.00,0,0,0,0,0,0,0,0,0,0
183,AgentA wins,18.00,0,0,0,0,0,0,0,0,0,0
184,AgentA wins,20.00,0,0,0,0,0,0,0,0,0,0
185,AgentA wins,20.00,0,0,0,0,0,0,0,0,0,0
186,AgentA wins,18.00,0,0,0,0,0,0,0,0,0,0
187,AgentA wins,20.00,0,0,0,0,0,0,0,0,0,0
188,AgentA wins,20.00,0,0,0,0,0,0,0,0,0,0
189,AgentA wins,20.00,0,0,0,0,0,0,0,0,0,0
190,AgentA wins,20.00,0,0,0,0,0,0,0,0,0,0
181,AgentA wins,15.00,0,0,0,0,0,0,0,0,0,0
182,AgentA wins,20.00,0,0,0,0,0,0,0,0,0,0
183,AgentA wins,18.00,0,0,0,0,0,0,0,0,0,0
184,AgentA wins,15.00,0,0,0,0,0,0,0,0,0,0
185,AgentA wins,18.00,0,0,0,0,0,0,0,0,0,0
186,AgentA wins,18.00,0,0,0,0,0,0,0,0,0,0
187,AgentA wins,18.00,0,0,0,0,0,0,0,0,0,0
188,AgentA wins,20.00,0,0,0,0,0,0,0,0,0,0
189,AgentA wins,18.00,0,0,0,0,0,0,0,0,0,0
190,AgentA wins,17.00,0,0,0,0,0,0,0,0,0,0
181,AgentA wins,18.00,0,0,0,0,0,0,0,0,0,0
182,AgentA wins,20.00,0,0,0,0,0,0,0,0,0,0
183,AgentA wins,20.00,0,0,0,0,0,0,0,0,0,0
184,AgentA wins,15.00,0,0,0,0,0,0,0,0,0,0
185,AgentA wins,20.00,0,0,0,0,0,0,0,0,0,0
186,AgentA wins,18.00,0,0,0,0,0,0,0,0,0,0
187,AgentA wins,18.00,0,0,0,0,0,0,0,0,0,0
188,AgentA wins,18.00,0,0,0,0,0,0,0,0,0,0
189,AgentA wins,18.00,0,0,0,0,0,0,0,0,0,0
190,AgentA wins,15.00,0,0,0,0,0,0,0,0,0,0
181,AgentA wins,18.00,0,0,0,0,0,0,0,0,0,0
182,AgentA wins,20.00,0,0,0,0,0,0,0,0,0,0
183,AgentA wins,20.00,0,0,0,0,0,0,0,0,0,0
184,AgentA wins,20.00,0,0,0,0,0,0,0,0,0,0
185,AgentA wins,20.00,0,0,0,0,0,0,0,0,0,0
186,AgentA wins,20.00,0,0,0,0,0,0,0,0,0,0
187,AgentA wins,20.00,0,0,0,0,0,0,0,0,0,0
188,AgentA wins,18.00,0,0,0,0,0,0,0,0,0,0
189,AgentA wins,20.00,0,0,0,0,0,0,0,0,0,0
190,AgentA wins,18.00,0,0,0,0,0,0,0,0,0,0
131,AgentA wins,32.00,0,0,0,0,0,0,0,0,0,0
132,AgentA wins,27.00,0,0,0,0,0,0,0,0,0,0
133,AgentA wins,23.67,0,0,0,0,0,0,0,0,0,0
134,AgentA wins,35.00,0,0,0,0,0,0,0,0,0,0
135,AgentA wins,26.00,0,0,0,0,0,0,0,0,0,0
136,AgentA wins,29.00,0,0,0,0,0,0,0,0,0,0
137,AgentA wins,33.00,0,0,0,0,0,0,0,0,0,0
138,AgentA wins,27.00,0,0,0,0,0,0,0,0,0,0
139,AgentA wins,29.67,0,0,0,0,0,0,0,0,0,0
140,AgentA wins,18.00,0,0,0,0,0,0,0,0,0,0
131,AgentA wins,18.00,0,0,0,0,0,0,0,0,0,0
132,AgentA wins,29.33,0,0,0,0,0,0,0,0,0,0
133,AgentA wins,21.00,0,0,0,0,0,0,0,0,0,0
134,AgentA wins,39.67,0,0,0,0,0,0,0,0,0,0
135,AgentA wins,15.00,0,0,0,0,0,0,0,0,0,0
136,AgentA wins,31.00,0,0,0,0,0,0,0,0,0,0
137,AgentA wins,21.00,0,0,0,0,0,0,0,0,0,0
138,AgentA wins,18.00,0,0,0,0,0,0,0,0,0,0
139,AgentA wins,15.00,0,0,0,0,0,0,0,0,0,0
140,AgentB wins,33.67,0,0,0,0,0,0,0,0,0,0
131,AgentB wins,45.67,0,0,0,0,0,0,0,0,0,0
132,AgentA wins,18.00,0,0,0,0,0,0,0,0,0,0
133,AgentA wins,31.00,0,0,0,0,0,0,0,0,0,0
134,AgentA wins,15.00,0,0,0,0,0,0,0,0,0,0
135,AgentA wins,24.00,0,0,0,0,0,0,0,0,0,0
136,AgentA wins,29.00,0,0,0,0,0,0,0,0,0,0
137,AgentA wins,23.67,0,0,0,0,0,0,0,0,0,0
138,AgentA wins,18.00,0,0,0,0,0,0,0,0,0,0
139,AgentA wins,34.00,0,0,0,0,0,0,0,0,0,0
140,AgentA wins,29.67,0,0,0,0,0,0,0,0,0,0
131,AgentA wins,18.00,0,0,0,0,0,0,0,0,0,0
132,AgentA wins,32.00,0,0,0,0,0,0,0,0,0,0
133,AgentA wins,33.00,0,0,0,0,0,0,0,0,0,0
134,AgentA wins,40.67,0,0,0,0,0,0,0,0,0,0
135,AgentA wins,15.00,0,0,0,0,0,0,0,0,0,0
136,AgentA wins,38.00,0,0,0,0,0,0,0,0,0,0
137,AgentA wins,18.00,0,0,0,0,0,0,0,0,0,0
138,AgentA wins,18.00,0,0,0,0,0,0,0,0,0,0
139,AgentA wins,15.00,0,0,0,0,0,0,0,0,0,0
140,AgentA wins,21.00,0,0,0,0,0,0,0,0,0,0
131,AgentA wins,40.00,0,0,0,0,0,0,0,0,0,0
132,AgentA wins,23.33,0,0,0,0,0,0,0,0,0,0
133,AgentA wins,15.00,0,0,0,0,0,0,0,0,0,0
134,AgentA wins,34.33,0,0,0,0,0,0,0,0,0,0
135,AgentA wins,18.00,0,0,0,0,0,0,0,0,0,0
136,AgentA wins,22.67,0,0,0,0,0,0,0,0,0,0
137,AgentB wins,49.67,0,0,0,0,0,0,0,0,0,0
138,AgentA wins,15.00,0,0,0,0,0,0,0,0,0,0
139,AgentB wins,33.67,0,0,0,0,0,0,0,0,0,0
140,AgentA wins,28.67,0,0,0,0,0,0,0,0,0,0
191,AgentA wins,20.00,0,0,0,0,0,0,0,0,0,0
192,AgentA wins,18.00,0,0,0,0,0,0,0,0,0,0
193,AgentA wins,18.00,0,0,0,0,0,0,0,0,0,0
194,AgentA wins,20.00,0,0,0,0,0,0,0,0,0,0
195,AgentA wins,20.00,0,0,0,0,0,0,0,0,0,0
196,AgentA wins,19.67,0,0,0,0,0,0,0,0,0,0
197,AgentA wins,18.00,0,0,0,0,0,0,0,0,0,0
198,AgentA wins,20.00,0,0,0,0,0,0,0,0,0,0
199,AgentA wins,20.00,0,0,0,0,0,0,0,0,0,0
200,AgentA wins,20.00,0,0,0,0,0,0,0,0,0,0
131,AgentA wins,27.00,0,0,0,0,0,0,0,0,0,0
132,AgentA wins,18.00,0,0,0,0,0,0,0,0,0,0
133,AgentA wins,35.00,0,0,0,0,0,0,0,0,0,0
134,AgentA wins,33.00,0,0,0,0,0,0,0,0,0,0
135,AgentA wins,18.00,0,0,0,0,0,0,0,0,0,0
136,AgentA wins,24.00,0,0,0,0,0,0,0,0,0,0
137,AgentA wins,15.00,0,0,0,0,0,0,0,0,0,0
138,AgentA wins,35.00,0,0,0,0,0,0,0,0,0,0
139,AgentA wins,18.00,0,0,0,0,0,0,0,0,0,0
140,AgentA wins,21.00,0,0,0,0,0,0,0,0,0,0
131,AgentA wins,29.33,0,0,0,0,0,0,0,0,0,0
132,AgentA wins,29.00,0,0,0,0,0,0,0,0,0,0
133,AgentA wins,20.67,0,0,0,0,0,0,0,0,0,0
134,AgentB wins,22.33,0,0,0,0,0,0,0,0,0,0
135,AgentB wins,45.00,0,0,0,0,0,0,0,0,0,0
136,AgentA wins,31.67,0,0,0,0,0,0,0,0,0,0
137,AgentA wins,38.00,0,0,0,0,0,0,0,0,0,0
138,AgentA wins,49.33,0,0,0,0,0,0,0,0,0,0
139,AgentA wins,32.00,0,0,0,0,0,0,0,0,0,0
140,AgentA wins,24.00,0,0,0,0,0,0,0,0,0,0
191,AgentA wins,20.00,0,0,0,0,0,0,0,0,0,0
192,AgentA wins,20.00,0,0,0,0,0,0,0,0,0,0
193,AgentA wins,20.00,0,0,0,0,0,0,0,0,0,0
194,AgentA wins,20.00,0,0,0,0,0,0,0,0,0,0
195,AgentA wins,20.00,0,0,0,0,0,0,0,0,0,0
196,AgentA wins,20.00,0,0,0,0,0,0,0,0,0,0
197,AgentA wins,15.00,0,0,0,0,0,0,0,0,0,0
198,AgentA wins,18.00,0,0,0,0,0,0,0,0,0,0
199,AgentA wins,18.00,0,0,0,0,0,0,0,0,0,0
200,AgentA wins,17.00,0,0,0,0,0,0,0,0,0,0
191,AgentA wins,18.00,0,0,0,0,0,0,0,0,0,0
192,AgentA wins,18.00,0,0,0,0,0,0,0,0,0,0
193,AgentA wins,18.00,0,0,0,0,0,0,0,0,0,0
194,AgentA wins,20.00,0,0,0,0,0,0,0,0,0,0
195,AgentA wins,20.00,0,0,0,0,0,0,0,0,0,0
196,AgentA wins,20.00,0,0,0,0,0,0,0,0,0,0
197,AgentA wins,20.00,0,0,0,0,0,0,0,0,0,0
198,AgentA wins,18.00,0,0,0,0,0,0,0,0,0,0
199,AgentA wins,18.00,0,0,0,0,0,0,0,0,0,0
200,AgentA wins,20.00,0,0,0,0,0,0,0,0,0,0
191,AgentA wins,18.00,0,0,0,0,0,0,0,0,0,0
192,AgentA wins,18.00,0,0,0,0,0,0,0,0,0,0
193,AgentA wins,18.00,0,0,0,0,0,0,0,0,0,0
194,AgentA wins,20.00,0,0,0,0,0,0,0,0,0,0
195,AgentA wins,20.00,0,0,0,0,0,0,0,0,0,0
196,AgentA wins,20.00,0,0,0,0,0,0,0,0,0,0
197,AgentA wins,20.00,0,0,0,0,0,0,0,0,0,0
198,AgentA wins,18.00,0,0,0,0,0,0,0,0,0,0
199,AgentA wins,18.00,0,0,0,0,0,0,0,0,0,0
200,AgentA wins,18.00,0,0,0,0,0,0,0,0,0,0
191,AgentA wins,18.00,0,0,0,0,0,0,0,0,0,0
192,AgentA wins,18.00,0,0,0,0,0,0,0,0,0,0
193,AgentA wins,18.00,0,0,0,0,0,0,0,0,0,0
194,AgentA wins,18.00,0,0,0,0,0,0,0,0,0,0
195,AgentA wins,18.00,0,0,0,0,0,0,0,0,0,0
196,AgentA wins,18.00,0,0,0,0,0,0,0,0,0,0
197,AgentA wins,15.00,0,0,0,0,0,0,0,0,0,0
198,AgentA wins,20.00,0,0,0,0,0,0,0,0,0,0
199,AgentA wins,18.00,0,0,0,0,0,0,0,0,0,0
200,AgentA wins,20.00,0,0,0,0,0,0,0,0,0,0
191,AgentA wins,18.00,0,0,0,0,0,0,0,0,0,0
192,AgentA wins,18.00,0,0,0,0,0,0,0,0,0,0
193,AgentA wins,15.00,0,0,0,0,0,0,0,0,0,0
194,AgentA wins,15.00,0,0,0,0,0,0,0,0,0,0
195,AgentA wins,20.00,0,0,0,0,0,0,0,0,0,0
196,AgentA wins,20.00,0,0,0,0,0,0,0,0,0,0
197,AgentA wins,19.67,0,0,0,0,0,0,0,0,0,0
198,AgentA wins,20.00,0,0,0,0,0,0,0,0,0,0
199,AgentA wins,20.00,0,0,0,0,0,0,0,0,0,0
200,AgentA wins,20.00,0,0,0,0,0,0,0,0,0,0
191,AgentA wins,20.00,0,0,0,0,0,0,0,0,0,0
192,AgentA wins,18.00,0,0,0,0,0,0,0,0,0,0
193,AgentA wins,15.00,0,0,0,0,0,0,0,0,0,0
194,AgentA wins,20.00,0,0,0,0,0,0,0,0,0,0
195,AgentA wins,20.00,0,0,0,0,0,0,0,0,0,0
196,AgentA wins,18.00,0,0,0,0,0,0,0,0,0,0
197,AgentA wins,20.00,0,0,0,0,0,0,0,0,0,0
198,AgentA wins,20.00,0,0,0,0,0,0,0,0,0,0
199,AgentA wins,18.00,0,0,0,0,0,0,0,0,0,0
200,AgentA wins,20.00,0,0,0,0,0,0,0,0,0,0
191,AgentA wins,18.00,0,0,0,0,0,0,0,0,0,0
192,AgentA wins,18.00,0,0,0,0,0,0,0,0,0,0
193,AgentA wins,20.00,0,0,0,0,0,0,0,0,0,0
194,AgentA wins,20.00,0,0,0,0,0,0,0,0,0,0
195,AgentA wins,20.00,0,0,0,0,0,0,0,0,0,0
196,AgentA wins,20.00,0,0,0,0,0,0,0,0,0,0
197,AgentA wins,20.00,0,0,0,0,0,0,0,0,0,0
198,AgentA wins,20.00,0,0,0,0,0,0,0,0,0,0
199,AgentA wins,18.00,0,0,0,0,0,0,0,0,0,0
200,AgentA wins,20.00,0,0,0,0,0,0,0,0,0,0
191,AgentA wins,20.00,0,0,0,0,0,0,0,0,0,0
192,AgentA wins,20.00,0,0,0,0,0,0,0,0,0,0
193,AgentA wins,20.00,0,0,0,0,0,0,0,0,0,0
194,AgentA wins,20.00,0,0,0,0,0,0,0,0,0,0
195,AgentA wins,18.00,0,0,0,0,0,0,0,0,0,0
196,AgentA wins,20.00,0,0,0,0,0,0,0,0,0,0
197,AgentA wins,18.00,0,0,0,0,0,0,0,0,0,0
198,AgentA wins,15.00,0,0,0,0,0,0,0,0,0,0
199,AgentA wins,20.00,0,0,0,0,0,0,0,0,0,0
200,AgentA wins,20.00,0,0,0,0,0,0,0,0,0,0
191,AgentA wins,18.00,0,0,0,0,0,0,0,0,0,0
192,AgentA wins,20.00,0,0,0,0,0,0,0,0,0,0
193,AgentA wins,20.00,0,0,0,0,0,0,0,0,0,0
194,AgentA wins,20.00,0,0,0,0,0,0,0,0,0,0
195,AgentA wins,20.00,0,0,0,0,0,0,0,0,0,0
196,AgentA wins,18.00,0,0,0,0,0,0,0,0,0,0
197,AgentA wins,18.00,0,0,0,0,0,0,0,0,0,0
198,AgentA wins,18.00,0,0,0,0,0,0,0,0,0,0
199,AgentA wins,18.00,0,0,0,0,0,0,0,0,0,0
200,AgentA wins,18.00,0,0,0,0,0,0,0,0,0,0
191,AgentA wins,20.00,0,0,0,0,0,0,0,0,0,0
192,AgentA wins,15.00,0,0,0,0,0,0,0,0,0,0
193,AgentA wins,20.00,0,0,0,0,0,0,0,0,0,0
194,AgentA wins,18.00,0,0,0,0,0,0,0,0,0,0
195,AgentA wins,18.00,0,0,0,0,0,0,0,0,0,0
196,AgentA wins,20.00,0,0,0,0,0,0,0,0,0,0
197,AgentA wins,18.00,0,0,0,0,0,0,0,0,0,0
198,AgentA wins,18.00,0,0,0,0,0,0,0,0,0,0
199,AgentA wins,20.00,0,0,0,0,0,0,0,0,0,0
200,AgentA wins,15.00,0,0,0,0,0,0,0,0,0,0
191,AgentA wins,20.00,0,0,0,0,0,0,0,0,0,0
192,AgentA wins,20.00,0,0,0,0,0,0,0,0,0,0
193,AgentA wins,18.00,0,0,0,0,0,0,0,0,0,0
194,AgentA wins,20.00,0,0,0,0,0,0,0,0,0,0
195,AgentA wins,20.00,0,0,0,0,0,0,0,0,0,0
196,AgentA wins,20.00,0,0,0,0,0,0,0,0,0,0
197,AgentA wins,20.00,0,0,0,0,0,0,0,0,0,0
198,AgentA wins,18.00,0,0,0,0,0,0,0,0,0,0
199,AgentA wins,15.00,0,0,0,0,0,0,0,0,0,0
200,AgentA wins,20.00,0,0,0,0,0,0,0,0,0,0
151,AgentA wins,18.00,160,168,0,94,0,128,0,22,21,42
152,AgentA wins,15.00,133,135,0,89,0,105,0,18,7,52
153,AgentA wins,27.00,240,245,0,143,0,182,0,33,24,75
154,AgentA wins,34.00,304,312,0,183,0,234,0,36,30,87
155,AgentA wins,18.00,161,164,0,92,0,120,0,18,17,50
156,AgentA wins,24.00,216,216,0,131,0,164,0,24,16,63
157,AgentA wins,24.00,214,213,0,120,0,166,0,22,22,71
158,AgentA wins,15.00,138,134,0,81,0,100,0,18,8,48
159,AgentA wins,15.00,134,136,0,82,0,104,0,17,16,38
160,AgentA wins,37.00,335,332,0,197,0,266,0,37,40,88
191,AgentA wins,18.00,0,0,0,0,0,0,0,0,0,0
192,AgentA wins,18.00,0,0,0,0,0,0,0,0,0,0
193,AgentA wins,18.00,0,0,0,0,0,0,0,0,0,0
194,AgentA wins,18.00,0,0,0,0,0,0,0,0,0,0
195,AgentA wins,20.00,0,0,0,0,0,0,0,0,0,0
196,AgentA wins,19.67,0,0,0,0,0,0,0,0,0,0
197,AgentA wins,18.00,0,0,0,0,0,0,0,0,0,0
198,AgentA wins,20.00,0,0,0,0,0,0,0,0,0,0
199,AgentA wins,20.00,0,0,0,0,0,0,0,0,0,0
200,AgentA wins,20.00,0,0,0,0,0,0,0,0,0,0
191,AgentA wins,18.00,0,0,0,0,0,0,0,0,0,0
192,AgentA wins,15.00,0,0,0,0,0,0,0,0,0,0
193,AgentA wins,18.00,0,0,0,0,0,0,0,0,0,0
194,AgentA wins,20.00,0,0,0,0,0,0,0,0,0,0
195,AgentA wins,18.00,0,0,0,0,0,0,0,0,0,0
196,AgentA wins,18.00,0,0,0,0,0,0,0,0,0,0
197,AgentA wins,20.00,0,0,0,0,0,0,0,0,0,0
198,AgentA wins,20.00,0,0,0,0,0,0,0,0,0,0
199,AgentA wins,18.00,0,0,0,0,0,0,0,0,0,0
200,AgentA wins,20.00,0,0,0,0,0,0,0,0,0,0
191,AgentA wins,18.00,0,0,0,0,0,0,0,0,0,0
192,AgentA wins,15.00,0,0,0,0,0,0,0,0,0,0
193,AgentA wins,18.00,0,0,0,0,0,0,0,0,0,0
194,AgentA wins,15.00,0,0,0,0,0,0,0,0,0,0
195,AgentA wins,18.00,0,0,0,0,0,0,0,0,0,0
196,AgentA wins,18.00,0,0,0,0,0,0,0,0,0,0
197,AgentA wins,20.00,0,0,0,0,0,0,0,0,0,0
198,AgentA wins,20.00,0,0,0,0,0,0,0,0,0,0
199,AgentA wins,18.00,0,0,0,0,0,0,0,0,0,0
200,AgentA wins,20.00,0,0,0,0,0,0,0,0,0,0
131,AgentA wins,32.33,0,0,0,0,0,0,0,0,0,0
132,AgentB wins,38.00,0,0,0,0,0,0,0,0,0,0
133,AgentA wins,18.00,0,0,0,0,0,0,0,0,0,0
134,AgentA wins,40.33,0,0,0,0,0,0,0,0,0,0
135,AgentB wins,45.00,0,0,0,0,0,0,0,0,0,0
136,AgentA wins,18.00,0,0,0,0,0,0,0,0,0,0
137,AgentB wins,29.67,0,0,0,0,0,0,0,0,0,0
138,AgentA wins,18.00,0,0,0,0,0,0,0,0,0,0
139,AgentA wins,30.00,0,0,0,0,0,0,0,0,0,0
140,AgentA wins,31.67,0,0,0,0,0,0,0,0,0,0
131,AgentA wins,32.67,0,0,0,0,0,0,0,0,0,0
132,AgentA wins,28.00,0,0,0,0,0,0,0,0,0,0
133,AgentA wins,29.00,0,0,0,0,0,0,0,0,0,0
134,AgentA wins,18.00,0,0,0,0,0,0,0,0,0,0
135,AgentA wins,18.00,0,0,0,0,0,0,0,0,0,0
136,AgentA wins,36.00,0,0,0,0,0,0,0,0,0,0
137,AgentA wins,29.33,0,0,0,0,0,0,0,0,0,0
138,AgentA wins,40.67,0,0,0,0,0,0,0,0,0,0
139,AgentA wins,18.00,0,0,0,0,0,0,0,0,0,0
140,AgentA wins,28.67,0,0,0,0,0,0,0,0,0,0
201,AgentA wins,20.00,0,0,0,0,0,0,0,0,0,0
202,AgentA wins,20.00,0,0,0,0,0,0,0,0,0,0
203,AgentA wins,15.00,0,0,0,0,0,0,0,0,0,0
204,AgentA wins,20.00,0,0,0,0,0,0,0,0,0,0
205,AgentA wins,20.00,0,0,0,0,0,0,0,0,0,0
206,AgentA wins,18.00,0,0,0,0,0,0,0,0,0,0
207,AgentA wins,20.00,0,0,0,0,0,0,0,0,0,0
208,AgentA wins,20.00,0,0,0,0,0,0,0,0,0,0
209,AgentA wins,20.00,0,0,0,0,0,0,0,0,0,0
210,AgentA wins,20.00,0,0,0,0,0,0,0,0,0,0
141,AgentA wins,48.00,0,0,0,0,0,0,0,0,0,0
142,AgentA wins,38.33,0,0,0,0,0,0,0,0,0,0
143,AgentA wins,38.00,0,0,0,0,0,0,0,0,0,0
144,AgentA wins,21.00,0,0,0,0,0,0,0,0,0,0
145,AgentA wins,15.00,0,0,0,0,0,0,0,0,0,0
146,AgentA wins,30.00,0,0,0,0,0,0,0,0,0,0
147,AgentA wins,15.00,0,0,0,0,0,0,0,0,0,0
148,AgentA wins,23.67,0,0,0,0,0,0,0,0,0,0
149,AgentA wins,26.33,0,0,0,0,0,0,0,0,0,0
150,AgentA wins,21.00,0,0,0,0,0,0,0,0,0,0
201,AgentA wins,20.00,0,0,0,0,0,0,0,0,0,0
202,AgentA wins,20.00,0,0,0,0,0,0,0,0,0,0
203,AgentA wins,20.00,0,0,0,0,0,0,0,0,0,0
204,AgentA wins,18.00,0,0,0,0,0,0,0,0,0,0
205,AgentA wins,20.00,0,0,0,0,0,0,0,0,0,0
206,AgentA wins,20.00,0,0,0,0,0,0,0,0,0,0
207,AgentA wins,18.00,0,0,0,0,0,0,0,0,0,0
208,AgentA wins,20.00,0,0,0,0,0,0,0,0,0,0
209,AgentA wins,19.67,0,0,0,0,0,0,0,0,0,0
210,AgentA wins,18.00,0,0,0,0,0,0,0,0,0,0
141,AgentA wins,38.67,0,0,0,0,0,0,0,0,0,0
142,AgentA wins,15.00,0,0,0,0,0,0,0,0,0,0
143,AgentA wins,36.00,0,0,0,0,0,0,0,0,0,0
144,AgentA wins,15.00,0,0,0,0,0,0,0,0,0,0
145,AgentA wins,18.00,0,0,0,0,0,0,0,0,0,0
146,AgentA wins,36.00,0,0,0,0,0,0,0,0,0,0
147,AgentA wins,18.00,0,0,0,0,0,0,0,0,0,0
148,AgentA wins,21.00,0,0,0,0,0,0,0,0,0,0
149,AgentA wins,27.00,0,0,0,0,0,0,0,0,0,0
150,AgentA wins,48.00,0,0,0,0,0,0,0,0,0,0
201,AgentA wins,18.00,0,0,0,0,0,0,0,0,0,0
202,AgentA wins,20.00,0,0,0,0,0,0,0,0,0,0
203,AgentA wins,18.00,0,0,0,0,0,0,0,0,0,0
204,AgentA wins,20.00,0,0,0,0,0,0,0,0,0,0
205,AgentA wins,20.00,0,0,0,0,0,0,0,0,0,0
206,AgentA wins,20.00,0,0,0,0,0,0,0,0,0,0
207,AgentA wins,15.00,0,0,0,0,0,0,0,0,0,0
208,AgentA wins,20.00,0,0,0,0,0,0,0,0,0,0
209,AgentA wins,18.00,0,0,0,0,0,0,0,0,0,0
210,AgentA wins,20.00,0,0,0,0,0,0,0,0,0,0
201,AgentA wins,15.00,0,0,0,0,0,0,0,0,0,0
202,AgentA wins,20.00,0,0,0,0,0,0,0,0,0,0
203,AgentA wins,18.00,0,0,0,0,0,0,0,0,0,0
204,AgentA wins,18.00,0,0,0,0,0,0,0,0,0,0
205,AgentA wins,20.00,0,0,0,0,0,0,0,0,0,0
206,AgentA wins,15.00,0,0,0,0,0,0,0,0,0,0
207,AgentA wins,18.00,0,0,0,0,0,0,0,0,0,0
208,AgentA wins,17.00,0,0,0,0,0,0,0,0,0,0
209,AgentA wins,20.00,0,0,0,0,0,0,0,0,0,0
210,AgentA wins,18.00,0,0,0,0,0,0,0,0,0,0
201,AgentA wins,20.00,0,0,0,0,0,0,0,0,0,0
202,AgentA wins,20.00,0,0,0,0,0,0,0,0,0,0
203,AgentA wins,20.00,0,0,0,0,0,0,0,0,0,0
204,AgentA wins,20.00,0,0,0,0,0,0,0,0,0,0
205,AgentA wins,15.00,0,0,0,0,0,0,0,0,0,0
206,AgentA wins,20.00,0,0,0,0,0,0,0,0,0,0
207,AgentA wins,20.00,0,0,0,0,0,0,0,0,0,0
208,AgentA wins,18.00,0,0,0,0,0,0,0,0,0,0
209,AgentA wins,20.00,0,0,0,0,0,0,0,0,0,0
210,AgentA wins,18.00,0,0,0,0,0,0,0,0,0,0
201,AgentA wins,20.00,0,0,0,0,0,0,0,0,0,0
202,AgentA wins,18.00,0,0,0,0,0,0,0,0,0,0
203,AgentA wins,20.00,0,0,0,0,0,0,0,0,0,0
204,AgentA wins,18.00,0,0,0,0,0,0,0,0,0,0
205,AgentA wins,20.00,0,0,0,0,0,0,0,0,0,0
206,AgentA wins,18.00,0,0,0,0,0,0,0,0,0,0
207,AgentA wins,20.00,0,0,0,0,0,0,0,0,0,0
208,AgentA wins,20.00,0,0,0,0,0,0,0,0,0,0
209,AgentA wins,15.00,0,0,0,0,0,0,0,0,0,0
210,AgentA wins,18.00,0,0,0,0,0,0,0,0,0,0
201,AgentA wins,15.00,0,0,0,0,0,0,0,0,0,0
202,AgentA wins,15.00,0,0,0,0,0,0,0,0,0,0
203,AgentA wins,20.00,0,0,0,0,0,0,0,0,0,0
204,AgentA wins,20.00,0,0,0,0,0,0,0,0,0,0
205,AgentA wins,20.00,0,0,0,0,0,0,0,0,0,0
206,AgentA wins,18.00,0,0,0,0,0,0,0,0,0,0
207,AgentA wins,20.00,0,0,0,0,0,0,0,0,0,0
208,AgentA wins,20.00,0,0,0,0,0,0,0,0,0,0
209,AgentA wins,15.00,0,0,0,0,0,0,0,0,0,0
210,AgentA wins,18.00,0,0,0,0,0,0,0,0,0,0
141,AgentA wins,15.00,0,0,0,0,0,0,0,0,0,0
142,AgentA wins,18.00,0,0,0,0,0,0,0,0,0,0
143,AgentA wins,24.00,0,0,0,0,0,0,0,0,0,0
144,AgentA wins,34.33,0,0,0,0,0,0,0,0,0,0
145,AgentA wins,18.00,0,0,0,0,0,0,0,0,0,0
146,AgentA wins,27.00,0,0,0,0,0,0,0,0,0,0
147,AgentB wins,36.33,0,0,0,0,0,0,0,0,0,0
148,AgentA wins,39.33,0,0,0,0,0,0,0,0,0,0
149,AgentA wins,15.00,0,0,0,0,0,0,0,0,0,0
150,AgentA wins,24.00,0,0,0,0,0,0,0,0,0,0
201,AgentA wins,20.00,0,0,0,0,0,0,0,0,0,0
202,AgentA wins,20.00,0,0,0,0,0,0,0,0,0,0
203,AgentA wins,20.00,0,0,0,0,0,0,0,0,0,0
204,AgentA wins,18.00,0,0,0,0,0,0,0,0,0,0
205,AgentA wins,18.00,0,0,0,0,0,0,0,0,0,0
206,AgentA wins,20.00,0,0,0,0,0,0,0,0,0,0
207,AgentA wins,18.00,0,0,0,0,0,0,0,0,0,0
208,AgentA wins,20.00,0,0,0,0,0,0,0,0,0,0
209,AgentA wins,20.00,0,0,0,0,0,0,0,0,0,0
210,AgentA wins,20.00,0,0,0,0,0,0,0,0,0,0
141,AgentA wins,30.00,0,0,0,0,0,0,0,0,0,0
142,AgentA wins,27.00,0,0,0,0,0,0,0,0,0,0
143,AgentA wins,15.00,0,0,0,0,0,0,0,0,0,0
144,AgentA wins,23.67,0,0,0,0,0,0,0,0,0,0
145,AgentA wins,39.33,0,0,0,0,0,0,0,0,0,0
146,AgentA wins,18.00,0,0,0,0,0,0,0,0,0,0
147,AgentA wins,38.33,0,0,0,0,0,0,0,0,0,0
148,AgentA wins,28.00,0,0,0,0,0,0,0,0,0,0
149,AgentA wins,15.00,0,0,0,0,0,0,0,0,0,0
150,AgentB wins,27.33,0,0,0,0,0,0,0,0,0,0
201,AgentA wins,20.00,0,0,0,0,0,0,0,0,0,0
202,AgentA wins,20.00,0,0,0,0,0,0,0,0,0,0
203,AgentA wins,18.00,0,0,0,0,0,0,0,0,0,0
204,AgentA wins,18.00,0,0,0,0,0,0,0,0,0,0
205,AgentA wins,20.00,0,0,0,0,0,0,0,0,0,0
206,AgentA wins,20.00,0,0,0,0,0,0,0,0,0,0
207,AgentA wins,18.00,0,0,0,0,0,0,0,0,0,0
208,AgentA wins,19.67,0,0,0,0,0,0,0,0,0,0
209,AgentA wins,18.00,0,0,0,0,0,0,0,0,0,0
210,AgentA wins,20.00,0,0,0,0,0,0,0,0,0,0
201,AgentA wins,15.00,0,0,0,0,0,0,0,0,0,0
202,AgentA wins,18.00,0,0,0,0,0,0,0,0,0,0
203,AgentA wins,20.00,0,0,0,0,0,0,0,0,0,0
204,AgentA wins,18.00,0,0,0,0,0,0,0,0,0,0
205,AgentA wins,18.00,0,0,0,0,0,0,0,0,0,0
206,AgentA wins,18.00,0,0,0,0,0,0,0,0,0,0
207,AgentA wins,20.00,0,0,0,0,0,0,0,0,0,0
208,AgentA wins,20.00,0,0,0,0,0,0,0,0,0,0
209,AgentA wins,20.00,0,0,0,0,0,0,0,0,0,0
210,AgentA wins,18.00,0,0,0,0,0,0,0,0,0,0
141,AgentA wins,44.00,0,0,0,0,0,0,0,0,0,0
142,AgentA wins,18.00,0,0,0,0,0,0,0,0,0,0
143,AgentA wins,27.00,0,0,0,0,0,0,0,0,0,0
144,AgentA wins,31.67,0,0,0,0,0,0,0,0,0,0
145,AgentA wins,15.00,0,0,0,0,0,0,0,0,0,0
146,AgentA wins,27.00,0,0,0,0,0,0,0,0,0,0
147,AgentB wins,33.67,0,0,0,0,0,0,0,0,0,0
148,AgentA wins,30.00,0,0,0,0,0,0,0,0,0,0
149,AgentA wins,40.67,0,0,0,0,0,0,0,0,0,0
150,AgentA wins,25.67,0,0,0,0,0,0,0,0,0,0
201,AgentA wins,18.00,0,0,0,0,0,0,0,0,0,0
202,AgentA wins,15.00,0,0,0,0,0,0,0,0,0,0
203,AgentA wins,20.00,0,0,0,0,0,0,0,0,0,0
204,AgentA wins,20.00,0,0,0,0,0,0,0,0,0,0
205,AgentA wins,20.00,0,0,0,0,0,0,0,0,0,0
206,AgentA wins,20.00,0,0,0,0,0,0,0,0,0,0
207,AgentA wins,20.00,0,0,0,0,0,0,0,0,0,0
208,AgentA wins,20.00,0,0,0,0,0,0,0,0,0,0
209,AgentA wins,18.00,0,0,0,0,0,0,0,0,0,0
210,AgentA wins,20.00,0,0,0,0,0,0,0,0,0,0
141,AgentA wins,35.00,0,0,0,0,0,0,0,0,0,0
142,AgentA wins,48.00,0,0,0,0,0,0,0,0,0,0
143,AgentA wins,18.00,0,0,0,0,0,0,0,0,0,0
144,AgentA wins,28.00,0,0,0,0,0,0,0,0,0,0
145,AgentA wins,18.00,0,0,0,0,0,0,0,0,0,0
146,AgentA wins,31.33,0,0,0,0,0,0,0,0,0,0
147,AgentA wins,18.00,0,0,0,0,0,0,0,0,0,0
148,AgentA wins,18.00,0,0,0,0,0,0,0,0,0,0
149,AgentA wins,18.00,0,0,0,0,0,0,0,0,0,0
150,AgentA wins,30.00,0,0,0,0,0,0,0,0,0,0
201,AgentA wins,20.00,0,0,0,0,0,0,0,0,0,0
202,AgentA wins,20.00,0,0,0,0,0,0,0,0,0,0
203,AgentA wins,20.00,0,0,0,0,0,0,0,0,0,0
204,AgentA wins,18.00,0,0,0,0,0,0,0,0,0,0
205,AgentA wins,20.00,0,0,0,0,0,0,0,0,0,0
206,AgentA wins,15.00,0,0,0,0,0,0,0,0,0,0
207,AgentA wins,20.00,0,0,0,0,0,0,0,0,0,0
208,AgentA wins,20.00,0,0,0,0,0,0,0,0,0,0
209,AgentA wins,20.00,0,0,0,0,0,0,0,0,0,0
210,AgentA wins,18.00,0,0,0,0,0,0,0,0,0,0
141,AgentA wins,38.00,0,0,0,0,0,0,0,0,0,0
142,AgentB wins,33.33,0,0,0,0,0,0,0,0,0,0
143,AgentB wins,41.00,0,0,0,0,0,0,0,0,0,0
144,AgentA wins,32.67,0,0,0,0,0,0,0,0,0,0
145,AgentA wins,18.00,0,0,0,0,0,0,0,0,0,0
146,AgentA wins,15.00,0,0,0,0,0,0,0,0,0,0
147,AgentA wins,37.33,0,0,0,0,0,0,0,0,0,0
148,AgentB wins,30.00,0,0,0,0,0,0,0,0,0,0
149,AgentA wins,30.67,0,0,0,0,0,0,0,0,0,0
150,AgentA wins,31.67,0,0,0,0,0,0,0,0,0,0
201,AgentA wins,18.00,0,0,0,0,0,0,0,0,0,0
202,AgentA wins,18.00,0,0,0,0,0,0,0,0,0,0
203,AgentA wins,20.00,0,0,0,0,0,0,0,0,0,0
204,AgentA wins,20.00,0,0,0,0,0,0,0,0,0,0
205,AgentA wins,18.00,0,0,0,0,0,0,0,0,0,0
206,AgentA wins,20.00,0,0,0,0,0,0,0,0,0,0
207,AgentA wins,20.00,0,0,0,0,0,0,0,0,0,0
208,AgentA wins,18.00,0,0,0,0,0,0,0,0,0,0
209,AgentA wins,20.00,0,0,0,0,0,0,0,0,0,0
210,AgentA wins,20.00,0,0,0,0,0,0,0,0,0,0
201,AgentA wins,20.00,0,0,0,0,0,0,0,0,0,0
202,AgentA wins,20.00,0,0,0,0,0,0,0,0,0,0
203,AgentA wins,20.00,0,0,0,0,0,0,0,0,0,0
204,AgentA wins,20.00,0,0,0,0,0,0,0,0,0,0
205,AgentA wins,20.00,0,0,0,0,0,0,0,0,0,0
206,AgentA wins,18.00,0,0,0,0,0,0,0,0,0,0
207,AgentA wins,20.00,0,0,0,0,0,0,0,0,0,0
208,AgentA wins,20.00,0,0,0,0,0,0,0,0,0,0
209,AgentA wins,15.00,0,0,0,0,0,0,0,0,0,0
210,AgentA wins,17.00,0,0,0,0,0,0,0,0,0,0
201,AgentA wins,20.00,0,0,0,0,0,0,0,0,0,0
202,AgentA wins,20.00,0,0,0,0,0,0,0,0,0,0
203,AgentA wins,20.00,0,0,0,0,0,0,0,0,0,0
204,AgentA wins,20.00,0,0,0,0,0,0,0,0,0,0
205,AgentA wins,20.00,0,0,0,0,0,0,0,0,0,0
206,AgentA wins,20.00,0,0,0,0,0,0,0,0,0,0
207,AgentA wins,20.00,0,0,0,0,0,0,0,0,0,0
208,AgentA wins,17.00,0,0,0,0,0,0,0,0,0,0
209,AgentA wins,20.00,0,0,0,0,0,0,0,0,0,0
210,AgentA wins,20.00,0,0,0,0,0,0,0,0,0,0
161,AgentA wins,27.00,240,242,0,150,0,187,0,32,20,76
162,AgentA wins,15.00,135,136,0,83,0,104,0,15,13,36
163,AgentA wins,18.00,166,162,0,98,0,131,0,22,13,45
164,AgentA wins,26.33,237,235,0,140,0,190,0,25,30,70
165,AgentA wins,31.67,284,287,0,158,0,225,0,31,38,67
166,AgentB wins,36.33,334,326,0,193,0,261,0,40,41,84
167,AgentA wins,18.00,165,160,0,95,0,129,0,20,22,39
168,AgentB wins,33.67,300,302,0,192,0,239,0,39,36,80
169,AgentA wins,18.00,162,164,0,97,0,124,0,18,23,40
170,AgentA wins,26.33,239,236,0,146,0,184,0,29,32,61
211,AgentA wins,18.00,0,0,0,0,0,0,0,0,0,0
212,AgentA wins,18.00,0,0,0,0,0,0,0,0,0,0
213,AgentA wins,19.67,0,0,0,0,0,0,0,0,0,0
214,AgentA wins,18.00,0,0,0,0,0,0,0,0,0,0
215,AgentA wins,20.00,0,0,0,0,0,0,0,0,0,0
216,AgentA wins,15.00,0,0,0,0,0,0,0,0,0,0
217,AgentA wins,20.00,0,0,0,0,0,0,0,0,0,0
218,AgentA wins,18.00,0,0,0,0,0,0,0,0,0,0
219,AgentA wins,20.00,0,0,0,0,0,0,0,0,0,0
220,AgentA wins,20.00,0,0,0,0,0,0,0,0,0,0
211,AgentA wins,20.00,0,0,0,0,0,0,0,0,0,0
212,AgentA wins,20.00,0,0,0,0,0,0,0,0,0,0
213,AgentA wins,15.00,0,0,0,0,0,0,0,0,0,0
214,AgentA wins,15.00,0,0,0,0,0,0,0,0,0,0
215,AgentA wins,20.00,0,0,0,0,0,0,0,0,0,0
216,AgentA wins,15.00,0,0,0,0,0,0,0,0,0,0
217,AgentA wins,15.00,0,0,0,0,0,0,0,0,0,0
218,AgentA wins,19.67,0,0,0,0,0,0,0,0,0,0
219,AgentA wins,18.00,0,0,0,0,0,0,0,0,0,0
220,AgentA wins,15.00,0,0,0,0,0,0,0,0,0,0
211,AgentA wins,20.00,0,0,0,0,0,0,0,0,0,0
212,AgentA wins,20.00,0,0,0,0,0,0,0,0,0,0
213,AgentA wins,20.00,0,0,0,0,0,0,0,0,0,0
214,AgentA wins,17.00,0,0,0,0,0,0,0,0,0,0
215,AgentA wins,18.00,0,0,0,0,0,0,0,0,0,0
216,AgentA wins,17.00,0,0,0,0,0,0,0,0,0,0
217,AgentA wins,17.00,0,0,0,0,0,0,0,0,0,0
218,AgentA wins,22.33,0,0,0,0,0,0,0,0,0,0
219,AgentA wins,15.00,0,0,0,0,0,0,0,0,0,0
220,AgentA wins,15.00,0,0,0,0,0,0,0,0,0,0
211,AgentA wins,18.00,0,0,0,0,0,0,0,0,0,0
212,AgentA wins,15.00,0,0,0,0,0,0,0,0,0,0
213,AgentA wins,20.00,0,0,0,0,0,0,0,0,0,0
214,AgentA wins,20.00,0,0,0,0,0,0,0,0,0,0
215,AgentA wins,15.00,0,0,0,0,0,0,0,0,0,0
216,AgentA wins,20.00,0,0,0,0,0,0,0,0,0,0
217,AgentA wins,19.67,0,0,0,0,0,0,0,0,0,0
218,AgentA wins,20.00,0,0,0,0,0,0,0,0,0,0
219,AgentA wins,15.00,0,0,0,0,0,0,0,0,0,0
220,AgentA wins,15.00,0,0,0,0,0,0,0,0,0,0
211,AgentA wins,17.00,0,0,0,0,0,0,0,0,0,0
212,AgentA wins,20.00,0,0,0,0,0,0,0,0,0,0
213,AgentA wins,15.00,0,0,0,0,0,0,0,0,0,0
214,AgentA wins,18.00,0,0,0,0,0,0,0,0,0,0
215,AgentA wins,17.00,0,0,0,0,0,0,0,0,0,0
216,AgentA wins,20.00,0,0,0,0,0,0,0,0,0,0
217,AgentA wins,15.00,0,0,0,0,0,0,0,0,0,0
218,AgentA wins,19.67,0,0,0,0,0,0,0,0,0,0
219,AgentA wins,20.00,0,0,0,0,0,0,0,0,0,0
220,AgentA wins,20.00,0,0,0,0,0,0,0,0,0,0
141,AgentB wins,25.33,0,0,0,0,0,0,0,0,0,0
142,AgentA wins,27.00,0,0,0,0,0,0,0,0,0,0
143,AgentA wins,32.00,0,0,0,0,0,0,0,0,0,0
144,AgentA wins,18.00,0,0,0,0,0,0,0,0,0,0
145,AgentA wins,35.33,0,0,0,0,0,0,0,0,0,0
146,AgentA wins,18.00,0,0,0,0,0,0,0,0,0,0
147,AgentB wins,37.33,0,0,0,0,0,0,0,0,0,0
148,AgentA wins,39.67,0,0,0,0,0,0,0,0,0,0
149,AgentA wins,29.00,0,0,0,0,0,0,0,0,0,0
150,AgentA wins,27.00,0,0,0,0,0,0,0,0,0,0
211,AgentA wins,18.00,0,0,0,0,0,0,0,0,0,0
212,AgentA wins,15.00,0,0,0,0,0,0,0,0,0,0
213,AgentA wins,20.00,0,0,0,0,0,0,0,0,0,0
214,AgentA wins,18.00,0,0,0,0,0,0,0,0,0,0
215,AgentA wins,15.00,0,0,0,0,0,0,0,0,0,0
216,AgentA wins,20.00,0,0,0,0,0,0,0,0,0,0
217,AgentA wins,20.00,0,0,0,0,0,0,0,0,0,0
218,AgentA wins,20.00,0,0,0,0,0,0,0,0,0,0
219,AgentA wins,20.00,0,0,0,0,0,0,0,0,0,0
220,AgentA wins,20.00,0,0,0,0,0,0,0,0,0,0
141,AgentA wins,18.00,0,0,0,0,0,0,0,0,0,0
142,AgentA wins,28.33,0,0,0,0,0,0,0,0,0,0
143,AgentA wins,29.00,0,0,0,0,0,0,0,0,0,0
144,AgentA wins,28.67,0,0,0,0,0,0,0,0,0,0
145,AgentA wins,27.00,0,0,0,0,0,0,0,0,0,0
146,AgentB wins,26.67,0,0,0,0,0,0,0,0,0,0
147,AgentA wins,30.67,0,0,0,0,0,0,0,0,0,0
148,AgentA wins,36.67,0,0,0,0,0,0,0,0,0,0
149,AgentA wins,35.33,0,0,0,0,0,0,0,0,0,0
150,AgentA wins,32.00,0,0,0,0,0,0,0,0,0,0
211,AgentA wins,17.00,0,0,0,0,0,0,0,0,0,0
212,AgentA wins,20.00,0,0,0,0,0,0,0,0,0,0
213,AgentA wins,20.00,0,0,0,0,0,0,0,0,0,0
214,AgentA wins,15.00,0,0,0,0,0,0,0,0,0,0
215,AgentA wins,20.00,0,0,0,0,0,0,0,0,0,0
216,AgentA wins,18.00,0,0,0,0,0,0,0,0,0,0
217,AgentA wins,15.00,0,0,0,0,0,0,0,0,0,0
218,AgentA wins,15.00,0,0,0,0,0,0,0,0,0,0
219,AgentA wins,18.00,0,0,0,0,0,0,0,0,0,0
220,AgentA wins,20.00,0,0,0,0,0,0,0,0,0,0
211,AgentA wins,17.00,0,0,0,0,0,0,0,0,0,0
212,AgentA wins,18.00,0,0,0,0,0,0,0,0,0,0
213,AgentA wins,20.00,0,0,0,0,0,0,0,0,0,0
214,AgentA wins,15.00,0,0,0,0,0,0,0,0,0,0
215,AgentA wins,20.00,0,0,0,0,0,0,0,0,0,0
216,AgentA wins,20.00,0,0,0,0,0,0,0,0,0,0
217,AgentA wins,15.00,0,0,0,0,0,0,0,0,0,0
218,AgentA wins,18.00,0,0,0,0,0,0,0,0,0,0
219,AgentA wins,20.00,0,0,0,0,0,0,0,0,0,0
220,AgentA wins,20.00,0,0,0,0,0,0,0,0,0,0
211,AgentA wins,20.00,0,0,0,0,0,0,0,0,0,0
212,AgentA wins,17.00,0,0,0,0,0,0,0,0,0,0
213,AgentA wins,20.00,0,0,0,0,0,0,0,0,0,0
214,AgentA wins,15.00,0,0,0,0,0,0,0,0,0,0
215,AgentA wins,20.00,0,0,0,0,0,0,0,0,0,0
216,AgentA wins,18.00,0,0,0,0,0,0,0,0,0,0
217,AgentA wins,20.00,0,0,0,0,0,0,0,0,0,0
218,AgentA wins,20.00,0,0,0,0,0,0,0,0,0,0
219,AgentA wins,20.00,0,0,0,0,0,0,0,0,0,0
220,AgentA wins,20.00,0,0,0,0,0,0,0,0,0,0
211,AgentA wins,18.00,0,0,0,0,0,0,0,0,0,0
212,AgentA wins,20.00,0,0,0,0,0,0,0,0,0,0
213,AgentA wins,20.00,0,0,0,0,0,0,0,0,0,0
214,AgentA wins,20.00,0,0,0,0,0,0,0,0,0,0
215,AgentA wins,18.00,0,0,0,0,0,0,0,0,0,0
216,AgentA wins,20.00,0,0,0,0,0,0,0,0,0,0
217,AgentA wins,20.00,0,0,0,0,0,0,0,0,0,0
218,AgentA wins,20.00,0,0,0,0,0,0,0,0,0,0
219,AgentA wins,20.00,0,0,0,0,0,0,0,0,0,0
220,AgentA wins,20.00,0,0,0,0,0,0,0,0,0,0
151,AgentA wins,27.00,0,0,0,0,0,0,0,0,0,0
152,AgentA wins,36.00,0,0,0,0,0,0,0,0,0,0
153,AgentA wins,32.33,0,0,0,0,0,0,0,0,0,0
154,AgentA wins,22.67,0,0,0,0,0,0,0,0,0,0
155,AgentA wins,18.00,0,0,0,0,0,0,0,0,0,0
156,AgentA wins,15.00,0,0,0,0,0,0,0,0,0,0
157,AgentA wins,27.00,0,0,0,0,0,0,0,0,0,0
158,AgentA wins,18.00,0,0,0,0,0,0,0,0,0,0
159,AgentA wins,15.00,0,0,0,0,0,0,0,0,0,0
160,AgentA wins,29.00,0,0,0,0,0,0,0,0,0,0
211,AgentA wins,20.00,0,0,0,0,0,0,0,0,0,0
212,AgentA wins,20.00,0,0,0,0,0,0,0,0,0,0
213,AgentA wins,18.00,0,0,0,0,0,0,0,0,0,0
214,AgentA wins,20.00,0,0,0,0,0,0,0,0,0,0
215,AgentA wins,20.00,0,0,0,0,0,0,0,0,0,0
216,AgentA wins,15.00,0,0,0,0,0,0,0,0,0,0
217,AgentA wins,17.00,0,0,0,0,0,0,0,0,0,0
218,AgentA wins,20.00,0,0,0,0,0,0,0,0,0,0
219,AgentA wins,20.00,0,0,0,0,0,0,0,0,0,0
220,AgentA wins,15.00,0,0,0,0,0,0,0,0,0,0
211,AgentA wins,20.00,0,0,0,0,0,0,0,0,0,0
212,AgentA wins,20.00,0,0,0,0,0,0,0,0,0,0
213,AgentA wins,18.00,0,0,0,0,0,0,0,0,0,0
214,AgentA wins,20.00,0,0,0,0,0,0,0,0,0,0
215,AgentA wins,20.00,0,0,0,0,0,0,0,0,0,0
216,AgentA wins,20.00,0,0,0,0,0,0,0,0,0,0
217,AgentA wins,17.00,0,0,0,0,0,0,0,0,0,0
218,AgentA wins,20.00,0,0,0,0,0,0,0,0,0,0
219,AgentA wins,18.00,0,0,0,0,0,0,0,0,0,0
220,AgentA wins,20.00,0,0,0,0,0,0,0,0,0,0
151,AgentA wins,15.00,0,0,0,0,0,0,0,0,0,0
152,AgentA wins,15.00,0,0,0,0,0,0,0,0,0,0
153,AgentA wins,23.00,0,0,0,0,0,0,0,0,0,0
154,AgentA wins,15.00,0,0,0,0,0,0,0,0,0,0
155,AgentA wins,15.00,0,0,0,0,0,0,0,0,0,0
156,AgentA wins,18.00,0,0,0,0,0,0,0,0,0,0
157,AgentA wins,34.00,0,0,0,0,0,0,0,0,0,0
158,AgentA wins,15.00,0,0,0,0,0,0,0,0,0,0
159,AgentA wins,31.33,0,0,0,0,0,0,0,0,0,0
160,AgentA wins,34.67,0,0,0,0,0,0,0,0,0,0
151,AgentA wins,31.00,0,0,0,0,0,0,0,0,0,0
152,AgentA wins,27.00,0,0,0,0,0,0,0,0,0,0
153,AgentA wins,24.00,0,0,0,0,0,0,0,0,0,0
154,AgentA wins,22.67,0,0,0,0,0,0,0,0,0,0
155,AgentA wins,15.00,0,0,0,0,0,0,0,0,0,0
156,AgentA wins,21.00,0,0,0,0,0,0,0,0,0,0
157,AgentB wins,33.67,0,0,0,0,0,0,0,0,0,0
158,AgentA wins,56.67,0,0,0,0,0,0,0,0,0,0
159,AgentA wins,24.00,0,0,0,0,0,0,0,0,0,0
160,AgentB wins,25.33,0,0,0,0,0,0,0,0,0,0
151,AgentA wins,21.00,0,0,0,0,0,0,0,0,0,0
152,AgentA wins,15.00,0,0,0,0,0,0,0,0,0,0
153,AgentA wins,27.00,0,0,0,0,0,0,0,0,0,0
154,AgentA wins,33.67,0,0,0,0,0,0,0,0,0,0
155,AgentA wins,27.00,0,0,0,0,0,0,0,0,0,0
156,AgentA wins,15.00,0,0,0,0,0,0,0,0,0,0
157,AgentA wins,38.00,0,0,0,0,0,0,0,0,0,0
158,AgentA wins,28.67,0,0,0,0,0,0,0,0,0,0
159,AgentA wins,18.00,0,0,0,0,0,0,0,0,0,0
160,AgentA wins,15.00,0,0,0,0,0,0,0,0,0,0
211,AgentA wins,18.00,0,0,0,0,0,0,0,0,0,0
212,AgentA wins,17.00,0,0,0,0,0,0,0,0,0,0
213,AgentA wins,18.00,0,0,0,0,0,0,0,0,0,0
214,AgentA wins,18.00,0,0,0,0,0,0,0,0,0,0
215,AgentA wins,18.00,0,0,0,0,0,0,0,0,0,0
216,AgentA wins,20.00,0,0,0,0,0,0,0,0,0,0
217,AgentA wins,20.00,0,0,0,0,0,0,0,0,0,0
218,AgentA wins,20.00,0,0,0,0,0,0,0,0,0,0
219,AgentA wins,20.00,0,0,0,0,0,0,0,0,0,0
220,AgentA wins,20.00,0,0,0,0,0,0,0,0,0,0
211,AgentA wins,19.67,0,0,0,0,0,0,0,0,0,0
212,AgentA wins,15.00,0,0,0,0,0,0,0,0,0,0
213,AgentA wins,20.00,0,0,0,0,0,0,0,0,0,0
214,AgentA wins,20.00,0,0,0,0,0,0,0,0,0,0
215,AgentA wins,20.00,0,0,0,0,0,0,0,0,0,0
216,AgentA wins,20.00,0,0,0,0,0,0,0,0,0,0
217,AgentA wins,20.00,0,0,0,0,0,0,0,0,0,0
218,AgentA wins,20.00,0,0,0,0,0,0,0,0,0,0
219,AgentA wins,18.00,0,0,0,0,0,0,0,0,0,0
220,AgentA wins,18.00,0,0,0,0,0,0,0,0,0,0
211,AgentA wins,18.00,0,0,0,0,0,0,0,0,0,0
212,AgentA wins,20.00,0,0,0,0,0,0,0,0,0,0
213,AgentA wins,19.67,0,0,0,0,0,0,0,0,0,0
214,AgentA wins,19.67,0,0,0,0,0,0,0,0,0,0
215,AgentA wins,20.00,0,0,0,0,0,0,0,0,0,0
216,AgentA wins,20.00,0,0,0,0,0,0,0,0,0,0
217,AgentA wins,20.00,0,0,0,0,0,0,0,0,0,0
218,AgentA wins,20.00,0,0,0,0,0,0,0,0,0,0
219,AgentA wins,20.00,0,0,0,0,0,0,0,0,0,0
220,AgentA wins,20.00,0,0,0,0,0,0,0,0,0,0
151,AgentA wins,23.67,0,0,0,0,0,0,0,0,0,0
152,AgentA wins,30.00,0,0,0,0,0,0,0,0,0,0
153,AgentA wins,34.67,0,0,0,0,0,0,0,0,0,0
154,AgentA wins,30.00,0,0,0,0,0,0,0,0,0,0
155,AgentB wins,22.00,0,0,0,0,0,0,0,0,0,0
156,timeout draw,60.00,0,0,0,0,0,0,0,0,0,0
157,AgentA wins,18.00,0,0,0,0,0,0,0,0,0,0
158,AgentA wins,26.67,0,0,0,0,0,0,0,0,0,0
159,AgentA wins,18.00,0,0,0,0,0,0,0,0,0,0
160,AgentA wins,15.00,0,0,0,0,0,0,0,0,0,0
151,AgentA wins,18.00,0,0,0,0,0,0,0,0,0,0
152,AgentA wins,32.00,0,0,0,0,0,0,0,0,0,0
153,AgentA wins,43.33,0,0,0,0,0,0,0,0,0,0
154,AgentA wins,24.00,0,0,0,0,0,0,0,0,0,0
155,AgentA wins,21.00,0,0,0,0,0,0,0,0,0,0
156,AgentA wins,15.00,0,0,0,0,0,0,0,0,0,0
157,AgentA wins,37.67,0,0,0,0,0,0,0,0,0,0
158,AgentA wins,41.33,0,0,0,0,0,0,0,0,0,0
159,AgentB wins,23.33,0,0,0,0,0,0,0,0,0,0
160,AgentA wins,46.00,0,0,0,0,0,0,0,0,0,0
221,AgentA wins,18.00,0,0,0,0,0,0,0,0,0,0
222,AgentA wins,20.00,0,0,0,0,0,0,0,0,0,0
223,AgentA wins,20.00,0,0,0,0,0,0,0,0,0,0
224,AgentA wins,18.00,0,0,0,0,0,0,0,0,0,0
225,AgentA wins,20.00,0,0,0,0,0,0,0,0,0,0
226,AgentA wins,20.00,0,0,0,0,0,0,0,0,0,0
227,AgentA wins,20.00,0,0,0,0,0,0,0,0,0,0
228,AgentA wins,19.67,0,0,0,0,0,0,0,0,0,0
229,AgentA wins,15.00,0,0,0,0,0,0,0,0,0,0
230,AgentA wins,20.00,0,0,0,0,0,0,0,0,0,0
171,AgentA wins,18.00,164,163,0,96,0,132,0,22,28,40
172,AgentA wins,21.00,186,191,0,116,0,153,0,21,18,50
173,AgentA wins,34.00,304,312,0,181,0,233,0,35,37,77
174,AgentA wins,18.00,156,163,0,95,0,130,0,18,19,38
175,AgentA wins,32.67,296,296,0,161,0,221,0,40,32,71
176,AgentA wins,26.00,236,234,0,136,0,189,0,30,35,55
177,AgentA wins,45.67,411,411,0,230,0,334,0,44,62,89
178,AgentA wins,33.00,297,296,0,174,0,229,0,40,31,76
179,AgentA wins,15.00,134,135,0,90,0,108,0,16,14,32
180,AgentA wins,15.00,134,136,0,86,0,113,0,17,19,33
221,AgentA wins,17.00,0,0,0,0,0,0,0,0,0,0
222,AgentA wins,20.00,0,0,0,0,0,0,0,0,0,0
223,AgentA wins,20.00,0,0,0,0,0,0,0,0,0,0
224,AgentA wins,15.00,0,0,0,0,0,0,0,0,0,0
225,AgentA wins,20.00,0,0,0,0,0,0,0,0,0,0
226,AgentA wins,20.00,0,0,0,0,0,0,0,0,0,0
227,AgentA wins,20.00,0,0,0,0,0,0,0,0,0,0
228,AgentA wins,20.00,0,0,0,0,0,0,0,0,0,0
229,AgentA wins,15.00,0,0,0,0,0,0,0,0,0,0
230,AgentA wins,17.00,0,0,0,0,0,0,0,0,0,0
221,AgentA wins,23.33,0,0,0,0,0,0,0,0,0,0
222,AgentA wins,18.00,0,0,0,0,0,0,0,0,0,0
223,AgentA wins,20.00,0,0,0,0,0,0,0,0,0,0
224,AgentA wins,20.00,0,0,0,0,0,0,0,0,0,0
225,AgentA wins,20.00,0,0,0,0,0,0,0,0,0,0
226,AgentA wins,18.00,0,0,0,0,0,0,0,0,0,0
227,AgentA wins,18.00,0,0,0,0,0,0,0,0,0,0
228,AgentA wins,15.00,0,0,0,0,0,0,0,0,0,0
229,AgentA wins,15.00,0,0,0,0,0,0,0,0,0,0
230,AgentA wins,18.00,0,0,0,0,0,0,0,0,0,0
221,AgentA wins,20.00,0,0,0,0,0,0,0,0,0,0
222,AgentA wins,18.00,0,0,0,0,0,0,0,0,0,0
223,AgentA wins,19.67,0,0,0,0,0,0,0,0,0,0
224,AgentA wins,15.00,0,0,0,0,0,0,0,0,0,0
225,AgentA wins,20.00,0,0,0,0,0,0,0,0,0,0
226,AgentA wins,20.00,0,0,0,0,0,0,0,0,0,0
227,AgentA wins,20.00,0,0,0,0,0,0,0,0,0,0
228,AgentA wins,20.00,0,0,0,0,0,0,0,0,0,0
229,AgentA wins,15.00,0,0,0,0,0,0,0,0,0,0
230,AgentA wins,15.00,0,0,0,0,0,0,0,0,0,0
221,AgentA wins,18.00,0,0,0,0,0,0,0,0,0,0
222,AgentA wins,15.00,0,0,0,0,0,0,0,0,0,0
223,AgentA wins,15.00,0,0,0,0,0,0,0,0,0,0
224,AgentA wins,20.00,0,0,0,0,0,0,0,0,0,0
225,AgentA wins,15.00,0,0,0,0,0,0,0,0,0,0
226,AgentA wins,15.00,0,0,0,0,0,0,0,0,0,0
227,AgentA wins,19.67,0,0,0,0,0,0,0,0,0,0
228,AgentA wins,15.00,0,0,0,0,0,0,0,0,0,0
229,AgentA wins,17.00,0,0,0,0,0,0,0,0,0,0
230,AgentA wins,19.67,0,0,0,0,0,0,0,0,0,0
151,AgentB wins,29.00,0,0,0,0,0,0,0,0,0,0
152,AgentA wins,20.67,0,0,0,0,0,0,0,0,0,0
153,AgentA wins,21.00,0,0,0,0,0,0,0,0,0,0
154,AgentB wins,40.00,0,0,0,0,0,0,0,0,0,0
155,AgentA wins,29.67,0,0,0,0,0,0,0,0,0,0
156,AgentA wins,31.67,0,0,0,0,0,0,0,0,0,0
157,AgentA wins,29.67,0,0,0,0,0,0,0,0,0,0
158,AgentA wins,52.67,0,0,0,0,0,0,0,0,0,0
159,AgentA wins,15.00,0,0,0,0,0,0,0,0,0,0
160,AgentA wins,46.67,0,0,0,0,0,0,0,0,0,0
221,AgentA wins,18.00,0,0,0,0,0,0,0,0,0,0
222,AgentA wins,15.00,0,0,0,0,0,0,0,0,0,0
223,AgentA wins,20.00,0,0,0,0,0,0,0,0,0,0
224,AgentA wins,20.00,0,0,0,0,0,0,0,0,0,0
225,AgentA wins,20.00,0,0,0,0,0,0,0,0,0,0
226,AgentA wins,20.00,0,0,0,0,0,0,0,0,0,0
227,AgentA wins,20.00,0,0,0,0,0,0,0,0,0,0
228,AgentA wins,20.00,0,0,0,0,0,0,0,0,0,0
229,AgentA wins,20.00,0,0,0,0,0,0,0,0,0,0
230,AgentA wins,18.00,0,0,0,0,0,0,0,0,0,0
221,AgentA wins,18.00,0,0,0,0,0,0,0,0,0,0
222,AgentA wins,20.00,0,0,0,0,0,0,0,0,0,0
223,AgentA wins,20.00,0,0,0,0,0,0,0,0,0,0
224,AgentA wins,19.67,0,0,0,0,0,0,0,0,0,0
225,AgentA wins,19.67,0,0,0,0,0,0,0,0,0,0
226,AgentA wins,20.00,0,0,0,0,0,0,0,0,0,0
227,AgentA wins,20.00,0,0,0,0,0,0,0,0,0,0
228,AgentA wins,20.00,0,0,0,0,0,0,0,0,0,0
229,AgentA wins,20.00,0,0,0,0,0,0,0,0,0,0
230,AgentA wins,20.00,0,0,0,0,0,0,0,0,0,0
221,AgentA wins,20.00,0,0,0,0,0,0,0,0,0,0
222,AgentA wins,20.00,0,0,0,0,0,0,0,0,0,0
223,AgentA wins,18.00,0,0,0,0,0,0,0,0,0,0
224,AgentA wins,20.00,0,0,0,0,0,0,0,0,0,0
225,AgentA wins,15.00,0,0,0,0,0,0,0,0,0,0
226,AgentA wins,20.00,0,0,0,0,0,0,0,0,0,0
227,AgentA wins,19.67,0,0,0,0,0,0,0,0,0,0
228,AgentA wins,15.00,0,0,0,0,0,0,0,0,0,0
229,AgentA wins,19.67,0,0,0,0,0,0,0,0,0,0
230,AgentA wins,20.00,0,0,0,0,0,0,0,0,0,0
221,AgentA wins,20.00,0,0,0,0,0,0,0,0,0,0
222,AgentA wins,20.00,0,0,0,0,0,0,0,0,0,0
223,AgentA wins,17.00,0,0,0,0,0,0,0,0,0,0
224,AgentA wins,18.00,0,0,0,0,0,0,0,0,0,0
225,AgentA wins,20.00,0,0,0,0,0,0,0,0,0,0
226,AgentA wins,20.00,0,0,0,0,0,0,0,0,0,0
227,AgentA wins,18.00,0,0,0,0,0,0,0,0,0,0
228,AgentA wins,15.00,0,0,0,0,0,0,0,0,0,0
229,AgentA wins,20.00,0,0,0,0,0,0,0,0,0,0
230,AgentA wins,15.00,0,0,0,0,0,0,0,0,0,0
221,AgentA wins,18.00,0,0,0,0,0,0,0,0,0,0
222,AgentA wins,20.00,0,0,0,0,0,0,0,0,0,0
223,AgentA wins,20.00,0,0,0,0,0,0,0,0,0,0
224,AgentA wins,20.00,0,0,0,0,0,0,0,0,0,0
225,AgentA wins,19.67,0,0,0,0,0,0,0,0,0,0
226,AgentA wins,20.00,0,0,0,0,0,0,0,0,0,0
227,AgentA wins,15.00,0,0,0,0,0,0,0,0,0,0
228,AgentA wins,15.00,0,0,0,0,0,0,0,0,0,0
229,AgentA wins,19.67,0,0,0,0,0,0,0,0,0,0
230,AgentA wins,20.00,0,0,0,0,0,0,0,0,0,0
221,AgentA wins,20.00,0,0,0,0,0,0,0,0,0,0
222,AgentA wins,18.00,0,0,0,0,0,0,0,0,0,0
223,AgentA wins,20.00,0,0,0,0,0,0,0,0,0,0
224,AgentA wins,17.00,0,0,0,0,0,0,0,0,0,0
225,AgentA wins,20.00,0,0,0,0,0,0,0,0,0,0
226,AgentA wins,20.00,0,0,0,0,0,0,0,0,0,0
227,AgentA wins,18.00,0,0,0,0,0,0,0,0,0,0
228,AgentA wins,15.00,0,0,0,0,0,0,0,0,0,0
229,AgentA wins,20.00,0,0,0,0,0,0,0,0,0,0
230,AgentA wins,20.00,0,0,0,0,0,0,0,0,0,0
221,AgentA wins,20.00,0,0,0,0,0,0,0,0,0,0
222,AgentA wins,20.00,0,0,0,0,0,0,0,0,0,0
223,AgentA wins,15.00,0,0,0,0,0,0,0,0,0,0
224,AgentA wins,20.00,0,0,0,0,0,0,0,0,0,0
225,AgentA wins,20.00,0,0,0,0,0,0,0,0,0,0
226,AgentA wins,20.00,0,0,0,0,0,0,0,0,0,0
227,AgentA wins,17.00,0,0,0,0,0,0,0,0,0,0
228,AgentA wins,20.00,0,0,0,0,0,0,0,0,0,0
229,AgentA wins,20.00,0,0,0,0,0,0,0,0,0,0
230,AgentA wins,20.00,0,0,0,0,0,0,0,0,0,0
221,AgentA wins,20.00,0,0,0,0,0,0,0,0,0,0
222,AgentA wins,18.00,0,0,0,0,0,0,0,0,0,0
223,AgentA wins,15.00,0,0,0,0,0,0,0,0,0,0
224,AgentA wins,15.00,0,0,0,0,0,0,0,0,0,0
225,AgentA wins,20.00,0,0,0,0,0,0,0,0,0,0
226,AgentA wins,20.00,0,0,0,0,0,0,0,0,0,0
227,AgentA wins,15.00,0,0,0,0,0,0,0,0,0,0
228,AgentA wins,15.00,0,0,0,0,0,0,0,0,0,0
229,AgentA wins,20.00,0,0,0,0,0,0,0,0,0,0
230,AgentA wins,15.00,0,0,0,0,0,0,0,0,0,0
221,AgentA wins,20.00,0,0,0,0,0,0,0,0,0,0
222,AgentA wins,18.00,0,0,0,0,0,0,0,0,0,0
223,AgentA wins,15.00,0,0,0,0,0,0,0,0,0,0
224,AgentA wins,19.67,0,0,0,0,0,0,0,0,0,0
225,AgentA wins,20.00,0,0,0,0,0,0,0,0,0,0
226,AgentA wins,20.00,0,0,0,0,0,0,0,0,0,0
227,AgentA wins,20.00,0,0,0,0,0,0,0,0,0,0
228,AgentA wins,19.67,0,0,0,0,0,0,0,0,0,0
229,AgentA wins,20.00,0,0,0,0,0,0,0,0,0,0
230,AgentA wins,18.00,0,0,0,0,0,0,0,0,0,0
151,AgentB wins,42.33,0,0,0,0,0,0,0,0,0,0
152,AgentB wins,44.00,0,0,0,0,0,0,0,0,0,0
153,AgentA wins,33.00,0,0,0,0,0,0,0,0,0,0
154,AgentA wins,18.00,0,0,0,0,0,0,0,0,0,0
155,AgentA wins,29.00,0,0,0,0,0,0,0,0,0,0
156,AgentA wins,18.00,0,0,0,0,0,0,0,0,0,0
157,AgentA wins,15.00,0,0,0,0,0,0,0,0,0,0
158,AgentA wins,28.33,0,0,0,0,0,0,0,0,0,0
159,AgentA wins,15.00,0,0,0,0,0,0,0,0,0,0
160,AgentA wins,24.00,0,0,0,0,0,0,0,0,0,0
151,AgentA wins,18.00,0,0,0,0,0,0,0,0,0,0
152,AgentA wins,18.00,0,0,0,0,0,0,0,0,0,0
153,AgentA wins,21.00,0,0,0,0,0,0,0,0,0,0
154,AgentA wins,34.00,0,0,0,0,0,0,0,0,0,0
155,AgentA wins,15.00,0,0,0,0,0,0,0,0,0,0
156,AgentA wins,26.33,0,0,0,0,0,0,0,0,0,0
157,AgentA wins,45.00,0,0,0,0,0,0,0,0,0,0
158,AgentA wins,21.00,0,0,0,0,0,0,0,0,0,0
159,AgentA wins,37.67,0,0,0,0,0,0,0,0,0,0
160,AgentA wins,48.67,0,0,0,0,0,0,0,0,0,0
221,AgentA wins,22.33,0,0,0,0,0,0,0,0,0,0
222,AgentA wins,20.00,0,0,0,0,0,0,0,0,0,0
223,AgentA wins,20.00,0,0,0,0,0,0,0,0,0,0
224,AgentA wins,20.00,0,0,0,0,0,0,0,0,0,0
225,AgentA wins,20.00,0,0,0,0,0,0,0,0,0,0
226,AgentA wins,20.00,0,0,0,0,0,0,0,0,0,0
227,AgentA wins,20.00,0,0,0,0,0,0,0,0,0,0
228,AgentA wins,15.00,0,0,0,0,0,0,0,0,0,0
229,AgentA wins,20.00,0,0,0,0,0,0,0,0,0,0
230,AgentA wins,20.00,0,0,0,0,0,0,0,0,0,0
161,AgentA wins,43.67,0,0,0,0,0,0,0,0,0,0
162,AgentA wins,29.00,0,0,0,0,0,0,0,0,0,0
163,AgentA wins,15.00,0,0,0,0,0,0,0,0,0,0
164,AgentA wins,15.00,0,0,0,0,0,0,0,0,0,0
165,AgentA wins,24.00,0,0,0,0,0,0,0,0,0,0
166,AgentA wins,15.00,0,0,0,0,0,0,0,0,0,0
167,AgentA wins,28.67,0,0,0,0,0,0,0,0,0,0
168,AgentB wins,30.00,0,0,0,0,0,0,0,0,0,0
169,AgentA wins,15.00,0,0,0,0,0,0,0,0,0,0
170,AgentA wins,26.33,0,0,0,0,0,0,0,0,0,0
161,AgentA wins,15.00,0,0,0,0,0,0,0,0,0,0
162,AgentA wins,15.00,0,0,0,0,0,0,0,0,0,0
163,AgentA wins,27.00,0,0,0,0,0,0,0,0,0,0
164,AgentA wins,28.67,0,0,0,0,0,0,0,0,0,0
165,AgentA wins,27.00,0,0,0,0,0,0,0,0,0,0
166,AgentA wins,30.00,0,0,0,0,0,0,0,0,0,0
167,AgentA wins,15.00,0,0,0,0,0,0,0,0,0,0
168,AgentA wins,26.67,0,0,0,0,0,0,0,0,0,0
169,AgentA wins,21.00,0,0,0,0,0,0,0,0,0,0
170,AgentB wins,43.00,0,0,0,0,0,0,0,0,0,0
161,AgentB wins,53.00,0,0,0,0,0,0,0,0,0,0
162,AgentA wins,18.00,0,0,0,0,0,0,0,0,0,0
163,AgentA wins,18.33,0,0,0,0,0,0,0,0,0,0
164,AgentA wins,15.00,0,0,0,0,0,0,0,0,0,0
165,AgentA wins,18.00,0,0,0,0,0,0,0,0,0,0
166,AgentA wins,36.00,0,0,0,0,0,0,0,0,0,0
167,AgentA wins,37.67,0,0,0,0,0,0,0,0,0,0
168,AgentA wins,15.00,0,0,0,0,0,0,0,0,0,0
169,AgentA wins,24.00,0,0,0,0,0,0,0,0,0,0
170,AgentA wins,15.00,0,0,0,0,0,0,0,0,0,0
161,AgentA wins,39.33,0,0,0,0,0,0,0,0,0,0
162,AgentA wins,27.33,0,0,0,0,0,0,0,0,0,0
163,AgentA wins,26.00,0,0,0,0,0,0,0,0,0,0
164,AgentA wins,23.33,0,0,0,0,0,0,0,0,0,0
165,AgentA wins,18.00,0,0,0,0,0,0,0,0,0,0
166,AgentA wins,32.00,0,0,0,0,0,0,0,0,0,0
167,AgentA wins,32.00,0,0,0,0,0,0,0,0,0,0
168,AgentA wins,18.00,0,0,0,0,0,0,0,0,0,0
169,AgentA wins,57.00,0,0,0,0,0,0,0,0,0,0
170,AgentA wins,15.00,0,0,0,0,0,0,0,0,0,0
231,AgentA wins,20.00,0,0,0,0,0,0,0,0,0,0
232,AgentA wins,15.00,0,0,0,0,0,0,0,0,0,0
233,AgentA wins,20.00,0,0,0,0,0,0,0,0,0,0
234,AgentA wins,20.00,0,0,0,0,0,0,0,0,0,0
235,AgentA wins,19.67,0,0,0,0,0,0,0,0,0,0
236,AgentA wins,18.00,0,0,0,0,0,0,0,0,0,0
237,AgentA wins,20.00,0,0,0,0,0,0,0,0,0,0
238,AgentA wins,20.00,0,0,0,0,0,0,0,0,0,0
239,AgentA wins,20.00,0,0,0,0,0,0,0,0,0,0
240,AgentA wins,15.00,0,0,0,0,0,0,0,0,0,0
231,AgentA wins,20.00,0,0,0,0,0,0,0,0,0,0
232,AgentA wins,15.00,0,0,0,0,0,0,0,0,0,0
233,AgentA wins,18.00,0,0,0,0,0,0,0,0,0,0
234,AgentA wins,20.00,0,0,0,0,0,0,0,0,0,0
235,AgentA wins,15.00,0,0,0,0,0,0,0,0,0,0
236,AgentA wins,18.00,0,0,0,0,0,0,0,0,0,0
237,AgentA wins,20.00,0,0,0,0,0,0,0,0,0,0
238,AgentA wins,15.00,0,0,0,0,0,0,0,0,0,0
239,AgentA wins,15.00,0,0,0,0,0,0,0,0,0,0
240,AgentA wins,18.00,0,0,0,0,0,0,0,0,0,0
231,AgentA wins,17.00,0,0,0,0,0,0,0,0,0,0
232,AgentA wins,15.00,0,0,0,0,0,0,0,0,0,0
233,AgentA wins,20.00,0,0,0,0,0,0,0,0,0,0
234,AgentA wins,20.00,0,0,0,0,0,0,0,0,0,0
235,AgentA wins,15.00,0,0,0,0,0,0,0,0,0,0
236,AgentA wins,20.00,0,0,0,0,0,0,0,0,0,0
237,AgentA wins,20.00,0,0,0,0,0,0,0,0,0,0
238,AgentA wins,20.00,0,0,0,0,0,0,0,0,0,0
239,AgentA wins,20.00,0,0,0,0,0,0,0,0,0,0
240,AgentA wins,20.00,0,0,0,0,0,0,0,0,0,0
231,AgentA wins,15.00,0,0,0,0,0,0,0,0,0,0
232,AgentA wins,20.00,0,0,0,0,0,0,0,0,0,0
233,AgentA wins,15.00,0,0,0,0,0,0,0,0,0,0
234,AgentA wins,20.00,0,0,0,0,0,0,0,0,0,0
235,AgentA wins,20.00,0,0,0,0,0,0,0,0,0,0
236,AgentA wins,20.00,0,0,0,0,0,0,0,0,0,0
237,AgentA wins,20.00,0,0,0,0,0,0,0,0,0,0
238,AgentA wins,20.00,0,0,0,0,0,0,0,0,0,0
239,AgentA wins,15.00,0,0,0,0,0,0,0,0,0,0
240,AgentA wins,15.00,0,0,0,0,0,0,0,0,0,0
231,AgentA wins,15.00,0,0,0,0,0,0,0,0,0,0
232,AgentA wins,17.00,0,0,0,0,0,0,0,0,0,0
233,AgentA wins,20.00,0,0,0,0,0,0,0,0,0,0
234,AgentA wins,20.00,0,0,0,0,0,0,0,0,0,0
235,AgentA wins,17.00,0,0,0,0,0,0,0,0,0,0
236,AgentA wins,20.00,0,0,0,0,0,0,0,0,0,0
237,AgentA wins,20.00,0,0,0,0,0,0,0,0,0,0
238,AgentA wins,20.00,0,0,0,0,0,0,0,0,0,0
239,AgentA wins,19.67,0,0,0,0,0,0,0,0,0,0
240,AgentA wins,20.00,0,0,0,0,0,0,0,0,0,0
231,AgentA wins,17.00,0,0,0,0,0,0,0,0,0,0
232,AgentA wins,18.00,0,0,0,0,0,0,0,0,0,0
233,AgentA wins,15.00,0,0,0,0,0,0,0,0,0,0
234,AgentA wins,17.00,0,0,0,0,0,0,0,0,0,0
235,AgentA wins,19.67,0,0,0,0,0,0,0,0,0,0
236,AgentA wins,20.00,0,0,0,0,0,0,0,0,0,0
237,AgentA wins,20.00,0,0,0,0,0,0,0,0,0,0
238,AgentA wins,15.00,0,0,0,0,0,0,0,0,0,0
239,AgentA wins,15.00,0,0,0,0,0,0,0,0,0,0
240,AgentA wins,15.00,0,0,0,0,0,0,0,0,0,0
161,AgentA wins,27.00,0,0,0,0,0,0,0,0,0,0
162,AgentA wins,26.33,0,0,0,0,0,0,0,0,0,0
163,AgentA wins,15.00,0,0,0,0,0,0,0,0,0,0
164,AgentA wins,21.33,0,0,0,0,0,0,0,0,0,0
165,AgentA wins,24.00,0,0,0,0,0,0,0,0,0,0
166,AgentA wins,32.00,0,0,0,0,0,0,0,0,0,0
167,AgentA wins,18.00,0,0,0,0,0,0,0,0,0,0
168,AgentA wins,26.00,0,0,0,0,0,0,0,0,0,0
169,AgentA wins,35.00,0,0,0,0,0,0,0,0,0,0
170,AgentA wins,38.00,0,0,0,0,0,0,0,0,0,0
231,AgentA wins,18.00,0,0,0,0,0,0,0,0,0,0
232,AgentA wins,20.00,0,0,0,0,0,0,0,0,0,0
233,AgentA wins,20.00,0,0,0,0,0,0,0,0,0,0
234,AgentA wins,15.00,0,0,0,0,0,0,0,0,0,0
235,AgentA wins,20.00,0,0,0,0,0,0,0,0,0,0
236,AgentA wins,20.00,0,0,0,0,0,0,0,0,0,0
237,AgentA wins,20.00,0,0,0,0,0,0,0,0,0,0
238,AgentA wins,20.00,0,0,0,0,0,0,0,0,0,0
239,AgentA wins,20.00,0,0,0,0,0,0,0,0,0,0
240,AgentA wins,20.00,0,0,0,0,0,0,0,0,0,0
161,AgentA wins,32.00,0,0,0,0,0,0,0,0,0,0
162,AgentA wins,18.00,0,0,0,0,0,0,0,0,0,0
163,AgentA wins,23.67,0,0,0,0,0,0,0,0,0,0
164,AgentA wins,47.00,0,0,0,0,0,0,0,0,0,0
165,AgentA wins,33.00,0,0,0,0,0,0,0,0,0,0
166,AgentA wins,31.33,0,0,0,0,0,0,0,0,0,0
167,AgentA wins,15.00,0,0,0,0,0,0,0,0,0,0
168,AgentA wins,15.00,0,0,0,0,0,0,0,0,0,0
169,AgentA wins,15.00,0,0,0,0,0,0,0,0,0,0
170,AgentA wins,30.00,0,0,0,0,0,0,0,0,0,0
231,AgentA wins,20.00,0,0,0,0,0,0,0,0,0,0
232,AgentA wins,20.00,0,0,0,0,0,0,0,0,0,0
233,AgentA wins,20.00,0,0,0,0,0,0,0,0,0,0
234,AgentA wins,17.00,0,0,0,0,0,0,0,0,0,0
235,AgentA wins,15.00,0,0,0,0,0,0,0,0,0,0
236,AgentA wins,19.67,0,0,0,0,0,0,0,0,0,0
237,AgentA wins,15.00,0,0,0,0,0,0,0,0,0,0
238,AgentA wins,20.00,0,0,0,0,0,0,0,0,0,0
239,AgentA wins,20.00,0,0,0,0,0,0,0,0,0,0
240,AgentA wins,15.00,0,0,0,0,0,0,0,0,0,0
231,AgentA wins,20.00,0,0,0,0,0,0,0,0,0,0
232,AgentA wins,15.00,0,0,0,0,0,0,0,0,0,0
233,AgentA wins,20.00,0,0,0,0,0,0,0,0,0,0
234,AgentA wins,20.00,0,0,0,0,0,0,0,0,0,0
235,AgentA wins,18.00,0,0,0,0,0,0,0,0,0,0
236,AgentA wins,19.67,0,0,0,0,0,0,0,0,0,0
237,AgentA wins,19.67,0,0,0,0,0,0,0,0,0,0
238,AgentA wins,20.00,0,0,0,0,0,0,0,0,0,0
239,AgentA wins,19.67,0,0,0,0,0,0,0,0,0,0
240,AgentA wins,19.67,0,0,0,0,0,0,0,0,0,0
231,AgentA wins,20.00,0,0,0,0,0,0,0,0,0,0
232,AgentA wins,19.67,0,0,0,0,0,0,0,0,0,0
233,AgentA wins,18.00,0,0,0,0,0,0,0,0,0,0
234,AgentA wins,15.00,0,0,0,0,0,0,0,0,0,0
235,AgentA wins,19.67,0,0,0,0,0,0,0,0,0,0
236,AgentA wins,20.00,0,0,0,0,0,0,0,0,0,0
237,AgentA wins,20.00,0,0,0,0,0,0,0,0,0,0
238,AgentA wins,22.33,0,0,0,0,0,0,0,0,0,0
239,AgentA wins,20.00,0,0,0,0,0,0,0,0,0,0
240,AgentA wins,18.00,0,0,0,0,0,0,0,0,0,0
231,AgentA wins,19.67,0,0,0,0,0,0,0,0,0,0
232,AgentA wins,20.00,0,0,0,0,0,0,0,0,0,0
233,AgentA wins,18.00,0,0,0,0,0,0,0,0,0,0
234,AgentA wins,20.00,0,0,0,0,0,0,0,0,0,0
235,AgentA wins,20.00,0,0,0,0,0,0,0,0,0,0
236,AgentA wins,17.00,0,0,0,0,0,0,0,0,0,0
237,AgentA wins,15.00,0,0,0,0,0,0,0,0,0,0
238,AgentA wins,15.00,0,0,0,0,0,0,0,0,0,0
239,AgentA wins,20.00,0,0,0,0,0,0,0,0,0,0
240,AgentA wins,15.00,0,0,0,0,0,0,0,0,0,0
231,AgentA wins,18.00,0,0,0,0,0,0,0,0,0,0
232,AgentA wins,17.00,0,0,0,0,0,0,0,0,0,0
233,AgentA wins,20.00,0,0,0,0,0,0,0,0,0,0
234,AgentA wins,19.67,0,0,0,0,0,0,0,0,0,0
235,AgentA wins,20.00,0,0,0,0,0,0,0,0,0,0
236,AgentA wins,15.00,0,0,0,0,0,0,0,0,0,0
237,AgentA wins,20.00,0,0,0,0,0,0,0,0,0,0
238,AgentA wins,20.00,0,0,0,0,0,0,0,0,0,0
239,AgentA wins,20.00,0,0,0,0,0,0,0,0,0,0
240,AgentA wins,19.67,0,0,0,0,0,0,0,0,0,0
161,AgentA wins,18.00,0,0,0,0,0,0,0,0,0,0
162,AgentA wins,24.33,0,0,0,0,0,0,0,0,0,0
163,AgentA wins,24.00,0,0,0,0,0,0,0,0,0,0
164,AgentA wins,25.67,0,0,0,0,0,0,0,0,0,0
165,AgentA wins,18.00,0,0,0,0,0,0,0,0,0,0
166,AgentA wins,18.00,0,0,0,0,0,0,0,0,0,0
167,AgentA wins,27.00,0,0,0,0,0,0,0,0,0,0
168,AgentA wins,18.00,0,0,0,0,0,0,0,0,0,0
169,AgentA wins,42.00,0,0,0,0,0,0,0,0,0,0
170,AgentA wins,26.00,0,0,0,0,0,0,0,0,0,0
181,AgentA wins,42.33,382,381,0,248,0,298,0,52,31,107
182,AgentA wins,18.00,163,162,0,94,0,139,0,17,18,43
183,AgentB wins,21.67,194,196,0,116,0,160,0,23,25,45
184,AgentA wins,40.00,367,360,0,210,0,280,0,44,41,84
185,AgentA wins,27.00,244,244,0,147,0,194,0,31,32,52
186,AgentA wins,15.00,139,131,0,82,0,106,0,14,13,36
187,AgentA wins,25.67,235,230,0,140,0,178,0,26,22,56
188,AgentA wins,15.00,141,134,0,82,0,103,0,19,18,26
189,AgentA wins,44.00,401,396,0,232,0,317,0,46,48,93
190,AgentA wins,18.00,163,162,0,107,0,129,0,22,10,51
231,AgentA wins,20.00,0,0,0,0,0,0,0,0,0,0
232,AgentA wins,20.00,0,0,0,0,0,0,0,0,0,0
233,AgentA wins,15.00,0,0,0,0,0,0,0,0,0,0
234,AgentA wins,15.00,0,0,0,0,0,0,0,0,0,0
235,AgentA wins,20.00,0,0,0,0,0,0,0,0,0,0
236,AgentA wins,20.00,0,0,0,0,0,0,0,0,0,0
237,AgentA wins,15.00,0,0,0,0,0,0,0,0,0,0
238,AgentA wins,18.00,0,0,0,0,0,0,0,0,0,0
239,AgentA wins,15.00,0,0,0,0,0,0,0,0,0,0
240,AgentA wins,20.00,0,0,0,0,0,0,0,0,0,0
231,AgentA wins,20.00,0,0,0,0,0,0,0,0,0,0
232,AgentA wins,20.00,0,0,0,0,0,0,0,0,0,0
233,AgentA wins,18.00,0,0,0,0,0,0,0,0,0,0
234,AgentA wins,15.00,0,0,0,0,0,0,0,0,0,0
235,AgentA wins,20.00,0,0,0,0,0,0,0,0,0,0
236,AgentA wins,20.00,0,0,0,0,0,0,0,0,0,0
237,AgentA wins,20.00,0,0,0,0,0,0,0,0,0,0
238,AgentA wins,20.00,0,0,0,0,0,0,0,0,0,0
239,AgentA wins,15.00,0,0,0,0,0,0,0,0,0,0
240,AgentA wins,20.00,0,0,0,0,0,0,0,0,0,0
231,AgentA wins,15.00,0,0,0,0,0,0,0,0,0,0
232,AgentA wins,15.00,0,0,0,0,0,0,0,0,0,0
233,AgentA wins,20.00,0,0,0,0,0,0,0,0,0,0
234,AgentA wins,18.00,0,0,0,0,0,0,0,0,0,0
235,AgentA wins,20.00,0,0,0,0,0,0,0,0,0,0
236,AgentA wins,20.00,0,0,0,0,0,0,0,0,0,0
237,AgentA wins,18.00,0,0,0,0,0,0,0,0,0,0
238,AgentA wins,20.00,0,0,0,0,0,0,0,0,0,0
239,AgentA wins,20.00,0,0,0,0,0,0,0,0,0,0
240,AgentA wins,18.00,0,0,0,0,0,0,0,0,0,0
171,AgentA wins,15.00,0,0,0,0,0,0,0,0,0,0
172,AgentA wins,21.00,0,0,0,0,0,0,0,0,0,0
173,AgentA wins,18.00,0,0,0,0,0,0,0,0,0,0
174,AgentA wins,26.67,0,0,0,0,0,0,0,0,0,0
175,AgentA wins,32.33,0,0,0,0,0,0,0,0,0,0
176,AgentA wins,28.33,0,0,0,0,0,0,0,0,0,0
177,AgentA wins,23.33,0,0,0,0,0,0,0,0,0,0
178,AgentA wins,18.00,0,0,0,0,0,0,0,0,0,0
179,AgentA wins,25.67,0,0,0,0,0,0,0,0,0,0
180,AgentA wins,18.00,0,0,0,0,0,0,0,0,0,0
241,AgentA wins,20.00,0,0,0,0,0,0,0,0,0,0
242,AgentA wins,20.00,0,0,0,0,0,0,0,0,0,0
243,AgentA wins,15.00,0,0,0,0,0,0,0,0,0,0
244,AgentA wins,18.00,0,0,0,0,0,0,0,0,0,0
245,AgentA wins,20.00,0,0,0,0,0,0,0,0,0,0
246,AgentA wins,19.67,0,0,0,0,0,0,0,0,0,0
247,AgentA wins,18.00,0,0,0,0,0,0,0,0,0,0
248,AgentA wins,19.67,0,0,0,0,0,0,0,0,0,0
249,AgentA wins,18.00,0,0,0,0,0,0,0,0,0,0
250,AgentA wins,15.00,0,0,0,0,0,0,0,0,0,0
241,AgentA wins,20.00,0,0,0,0,0,0,0,0,0,0
242,AgentA wins,20.00,0,0,0,0,0,0,0,0,0,0
243,AgentA wins,20.00,0,0,0,0,0,0,0,0,0,0
244,AgentA wins,15.00,0,0,0,0,0,0,0,0,0,0
245,AgentA wins,20.00,0,0,0,0,0,0,0,0,0,0
246,AgentA wins,20.00,0,0,0,0,0,0,0,0,0,0
247,AgentA wins,20.00,0,0,0,0,0,0,0,0,0,0
248,AgentA wins,20.00,0,0,0,0,0,0,0,0,0,0
249,AgentA wins,18.00,0,0,0,0,0,0,0,0,0,0
250,AgentA wins,18.00,0,0,0,0,0,0,0,0,0,0
241,AgentA wins,18.00,0,0,0,0,0,0,0,0,0,0
242,AgentA wins,19.67,0,0,0,0,0,0,0,0,0,0
243,AgentA wins,18.00,0,0,0,0,0,0,0,0,0,0
244,AgentA wins,15.00,0,0,0,0,0,0,0,0,0,0
245,AgentA wins,18.00,0,0,0,0,0,0,0,0,0,0
246,AgentA wins,18.00,0,0,0,0,0,0,0,0,0,0
247,AgentA wins,20.00,0,0,0,0,0,0,0,0,0,0
248,AgentA wins,20.00,0,0,0,0,0,0,0,0,0,0
249,AgentA wins,18.00,0,0,0,0,0,0,0,0,0,0
250,AgentA wins,17.00,0,0,0,0,0,0,0,0,0,0
161,AgentA wins,36.33,0,0,0,0,0,0,0,0,0,0
162,AgentA wins,15.00,0,0,0,0,0,0,0,0,0,0
163,AgentA wins,53.00,0,0,0,0,0,0,0,0,0,0
164,AgentA wins,28.33,0,0,0,0,0,0,0,0,0,0
165,AgentA wins,27.00,0,0,0,0,0,0,0,0,0,0
166,AgentA wins,18.00,0,0,0,0,0,0,0,0,0,0
167,AgentA wins,18.00,0,0,0,0,0,0,0,0,0,0
168,AgentA wins,15.00,0,0,0,0,0,0,0,0,0,0
169,AgentA wins,27.00,0,0,0,0,0,0,0,0,0,0
170,AgentA wins,32.67,0,0,0,0,0,0,0,0,0,0
171,AgentA wins,32.00,0,0,0,0,0,0,0,0,0,0
172,AgentA wins,20.00,0,0,0,0,0,0,0,0,0,0
173,AgentA wins,15.00,0,0,0,0,0,0,0,0,0,0
174,AgentA wins,30.00,0,0,0,0,0,0,0,0,0,0
175,AgentA wins,15.00,0,0,0,0,0,0,0,0,0,0
176,AgentA wins,32.00,0,0,0,0,0,0,0,0,0,0
177,AgentA wins,34.33,0,0,0,0,0,0,0,0,0,0
178,AgentA wins,15.00,0,0,0,0,0,0,0,0,0,0
179,AgentA wins,15.00,0,0,0,0,0,0,0,0,0,0
180,AgentA wins,34.00,0,0,0,0,0,0,0,0,0,0
241,AgentA wins,20.00,0,0,0,0,0,0,0,0,0,0
242,AgentA wins,20.00,0,0,0,0,0,0,0,0,0,0
243,AgentA wins,20.00,0,0,0,0,0,0,0,0,0,0
244,AgentA wins,20.00,0,0,0,0,0,0,0,0,0,0
245,AgentA wins,15.00,0,0,0,0,0,0,0,0,0,0
246,AgentA wins,20.00,0,0,0,0,0,0,0,0,0,0
247,AgentA wins,18.00,0,0,0,0,0,0,0,0,0,0
248,AgentA wins,20.00,0,0,0,0,0,0,0,0,0,0
249,AgentA wins,20.00,0,0,0,0,0,0,0,0,0,0
250,AgentA wins,17.00,0,0,0,0,0,0,0,0,0,0
241,AgentA wins,20.00,0,0,0,0,0,0,0,0,0,0
242,AgentA wins,20.00,0,0,0,0,0,0,0,0,0,0
243,AgentA wins,20.00,0,0,0,0,0,0,0,0,0,0
244,AgentA wins,20.00,0,0,0,0,0,0,0,0,0,0
245,AgentA wins,18.00,0,0,0,0,0,0,0,0,0,0
246,AgentA wins,20.00,0,0,0,0,0,0,0,0,0,0
247,AgentA wins,20.00,0,0,0,0,0,0,0,0,0,0
248,AgentA wins,20.00,0,0,0,0,0,0,0,0,0,0
249,AgentA wins,15.00,0,0,0,0,0,0,0,0,0,0
250,AgentA wins,18.00,0,0,0,0,0,0,0,0,0,0
161,AgentA wins,33.00,0,0,0,0,0,0,0,0,0,0
162,AgentA wins,29.00,0,0,0,0,0,0,0,0,0,0
163,AgentB wins,27.00,0,0,0,0,0,0,0,0,0,0
164,AgentA wins,20.67,0,0,0,0,0,0,0,0,0,0
165,AgentA wins,27.00,0,0,0,0,0,0,0,0,0,0
166,AgentB wins,39.67,0,0,0,0,0,0,0,0,0,0
167,AgentA wins,38.00,0,0,0,0,0,0,0,0,0,0
168,AgentA wins,18.00,0,0,0,0,0,0,0,0,0,0
169,AgentB wins,34.33,0,0,0,0,0,0,0,0,0,0
170,AgentA wins,35.00,0,0,0,0,0,0,0,0,0,0
241,AgentA wins,17.00,0,0,0,0,0,0,0,0,0,0
242,AgentA wins,20.00,0,0,0,0,0,0,0,0,0,0
243,AgentA wins,18.00,0,0,0,0,0,0,0,0,0,0
244,AgentA wins,20.00,0,0,0,0,0,0,0,0,0,0
245,AgentA wins,20.00,0,0,0,0,0,0,0,0,0,0
246,AgentA wins,15.00,0,0,0,0,0,0,0,0,0,0
247,AgentA wins,20.00,0,0,0,0,0,0,0,0,0,0
248,AgentA wins,20.00,0,0,0,0,0,0,0,0,0,0
249,AgentA wins,15.00,0,0,0,0,0,0,0,0,0,0
250,AgentA wins,18.00,0,0,0,0,0,0,0,0,0,0
241,AgentA wins,20.00,0,0,0,0,0,0,0,0,0,0
242,AgentA wins,20.00,0,0,0,0,0,0,0,0,0,0
243,AgentA wins,19.67,0,0,0,0,0,0,0,0,0,0
244,AgentA wins,20.00,0,0,0,0,0,0,0,0,0,0
245,AgentA wins,18.00,0,0,0,0,0,0,0,0,0,0
246,AgentA wins,15.00,0,0,0,0,0,0,0,0,0,0
247,AgentA wins,20.00,0,0,0,0,0,0,0,0,0,0
248,AgentA wins,20.00,0,0,0,0,0,0,0,0,0,0
249,AgentA wins,20.00,0,0,0,0,0,0,0,0,0,0
250,AgentA wins,20.00,0,0,0,0,0,0,0,0,0,0
171,AgentA wins,37.33,0,0,0,0,0,0,0,0,0,0
172,AgentA wins,15.00,0,0,0,0,0,0,0,0,0,0
173,AgentA wins,31.67,0,0,0,0,0,0,0,0,0,0
174,AgentA wins,18.00,0,0,0,0,0,0,0,0,0,0
175,AgentB wins,27.67,0,0,0,0,0,0,0,0,0,0
176,AgentA wins,39.00,0,0,0,0,0,0,0,0,0,0
177,AgentA wins,38.00,0,0,0,0,0,0,0,0,0,0
178,AgentA wins,15.00,0,0,0,0,0,0,0,0,0,0
179,AgentA wins,36.00,0,0,0,0,0,0,0,0,0,0
180,AgentA wins,15.00,0,0,0,0,0,0,0,0,0,0
171,AgentA wins,27.00,0,0,0,0,0,0,0,0,0,0
172,AgentA wins,29.00,0,0,0,0,0,0,0,0,0,0
173,AgentA wins,32.67,0,0,0,0,0,0,0,0,0,0
174,AgentA wins,15.00,0,0,0,0,0,0,0,0,0,0
175,AgentA wins,34.00,0,0,0,0,0,0,0,0,0,0
176,AgentA wins,26.00,0,0,0,0,0,0,0,0,0,0
177,AgentA wins,39.67,0,0,0,0,0,0,0,0,0,0
178,AgentA wins,15.00,0,0,0,0,0,0,0,0,0,0
179,AgentA wins,30.00,0,0,0,0,0,0,0,0,0,0
180,AgentA wins,18.00,0,0,0,0,0,0,0,0,0,0
241,AgentA wins,15.00,0,0,0,0,0,0,0,0,0,0
242,AgentA wins,15.00,0,0,0,0,0,0,0,0,0,0
243,AgentA wins,20.00,0,0,0,0,0,0,0,0,0,0
244,AgentA wins,15.00,0,0,0,0,0,0,0,0,0,0
245,AgentA wins,18.00,0,0,0,0,0,0,0,0,0,0
246,AgentA wins,18.00,0,0,0,0,0,0,0,0,0,0
247,AgentA wins,20.00,0,0,0,0,0,0,0,0,0,0
248,AgentA wins,20.00,0,0,0,0,0,0,0,0,0,0
249,AgentA wins,15.00,0,0,0,0,0,0,0,0,0,0
250,AgentA wins,18.00,0,0,0,0,0,0,0,0,0,0
241,AgentA wins,15.00,0,0,0,0,0,0,0,0,0,0
242,AgentA wins,20.00,0,0,0,0,0,0,0,0,0,0
243,AgentA wins,20.00,0,0,0,0,0,0,0,0,0,0
244,AgentA wins,20.00,0,0,0,0,0,0,0,0,0,0
245,AgentA wins,15.00,0,0,0,0,0,0,0,0,0,0
246,AgentA wins,18.00,0,0,0,0,0,0,0,0,0,0
247,AgentA wins,20.00,0,0,0,0,0,0,0,0,0,0
248,AgentA wins,20.00,0,0,0,0,0,0,0,0,0,0
249,AgentA wins,20.00,0,0,0,0,0,0,0,0,0,0
250,AgentA wins,20.00,0,0,0,0,0,0,0,0,0,0
241,AgentA wins,20.00,0,0,0,0,0,0,0,0,0,0
242,AgentA wins,20.00,0,0,0,0,0,0,0,0,0,0
243,AgentA wins,20.00,0,0,0,0,0,0,0,0,0,0
244,AgentA wins,18.00,0,0,0,0,0,0,0,0,0,0
245,AgentA wins,23.33,0,0,0,0,0,0,0,0,0,0
246,AgentA wins,18.00,0,0,0,0,0,0,0,0,0,0
247,AgentA wins,18.00,0,0,0,0,0,0,0,0,0,0
248,AgentA wins,15.00,0,0,0,0,0,0,0,0,0,0
249,AgentA wins,18.00,0,0,0,0,0,0,0,0,0,0
250,AgentA wins,20.00,0,0,0,0,0,0,0,0,0,0
241,AgentA wins,20.00,0,0,0,0,0,0,0,0,0,0
242,AgentA wins,20.00,0,0,0,0,0,0,0,0,0,0
243,AgentA wins,15.00,0,0,0,0,0,0,0,0,0,0
244,AgentA wins,20.00,0,0,0,0,0,0,0,0,0,0
245,AgentA wins,20.00,0,0,0,0,0,0,0,0,0,0
246,AgentA wins,20.00,0,0,0,0,0,0,0,0,0,0
247,AgentA wins,20.00,0,0,0,0,0,0,0,0,0,0
248,AgentA wins,18.00,0,0,0,0,0,0,0,0,0,0
249,AgentA wins,15.00,0,0,0,0,0,0,0,0,0,0
250,AgentA wins,20.00,0,0,0,0,0,0,0,0,0,0
241,AgentA wins,18.00,0,0,0,0,0,0,0,0,0,0
242,AgentA wins,20.00,0,0,0,0,0,0,0,0,0,0
243,AgentA wins,18.00,0,0,0,0,0,0,0,0,0,0
244,AgentA wins,15.00,0,0,0,0,0,0,0,0,0,0
245,AgentA wins,20.00,0,0,0,0,0,0,0,0,0,0
246,AgentA wins,20.00,0,0,0,0,0,0,0,0,0,0
247,AgentA wins,15.00,0,0,0,0,0,0,0,0,0,0
248,AgentA wins,18.00,0,0,0,0,0,0,0,0,0,0
249,AgentA wins,20.00,0,0,0,0,0,0,0,0,0,0
250,AgentA wins,20.00,0,0,0,0,0,0,0,0,0,0
241,AgentA wins,20.00,0,0,0,0,0,0,0,0,0,0
242,AgentA wins,18.00,0,0,0,0,0,0,0,0,0,0
243,AgentA wins,20.00,0,0,0,0,0,0,0,0,0,0
244,AgentA wins,20.00,0,0,0,0,0,0,0,0,0,0
245,AgentA wins,20.00,0,0,0,0,0,0,0,0,0,0
246,AgentA wins,20.00,0,0,0,0,0,0,0,0,0,0
247,AgentA wins,20.00,0,0,0,0,0,0,0,0,0,0
248,AgentA wins,18.00,0,0,0,0,0,0,0,0,0,0
249,AgentA wins,15.00,0,0,0,0,0,0,0,0,0,0
250,AgentA wins,20.00,0,0,0,0,0,0,0,0,0,0
191,AgentA wins,34.00,307,309,1,175,0,251,0,38,44,72
192,AgentA wins,18.00,161,163,0,100,0,127,0,20,14,51
193,AgentA wins,18.00,164,164,0,94,0,123,0,21,19,53
194,AgentA wins,28.67,261,260,0,147,0,203,0,28,29,66
195,AgentA wins,18.00,166,159,0,99,0,126,0,20,17,44
196,AgentA wins,15.00,138,135,0,82,0,104,0,16,10,44
197,AgentA wins,15.00,135,137,0,83,0,108,0,17,11,32
198,AgentA wins,15.00,131,133,0,86,0,108,0,20,11,36
199,AgentA wins,29.00,257,261,0,157,0,211,0,34,26,75
200,AgentA wins,15.00,135,131,0,86,0,102,0,20,11,46
241,AgentA wins,20.00,0,0,0,0,0,0,0,0,0,0
242,AgentA wins,19.67,0,0,0,0,0,0,0,0,0,0
243,AgentA wins,20.00,0,0,0,0,0,0,0,0,0,0
244,AgentA wins,20.00,0,0,0,0,0,0,0,0,0,0
245,AgentA wins,20.00,0,0,0,0,0,0,0,0,0,0
246,AgentA wins,20.00,0,0,0,0,0,0,0,0,0,0
247,AgentA wins,20.00,0,0,0,0,0,0,0,0,0,0
248,AgentA wins,20.00,0,0,0,0,0,0,0,0,0,0
249,AgentA wins,15.00,0,0,0,0,0,0,0,0,0,0
250,AgentA wins,17.00,0,0,0,0,0,0,0,0,0,0
241,AgentA wins,20.00,0,0,0,0,0,0,0,0,0,0
242,AgentA wins,18.00,0,0,0,0,0,0,0,0,0,0
243,AgentA wins,20.00,0,0,0,0,0,0,0,0,0,0
244,AgentA wins,18.00,0,0,0,0,0,0,0,0,0,0
245,AgentA wins,20.00,0,0,0,0,0,0,0,0,0,0
246,AgentA wins,20.00,0,0,0,0,0,0,0,0,0,0
247,AgentA wins,15.00,0,0,0,0,0,0,0,0,0,0
248,AgentA wins,20.00,0,0,0,0,0,0,0,0,0,0
249,AgentA wins,20.00,0,0,0,0,0,0,0,0,0,0
250,AgentA wins,15.00,0,0,0,0,0,0,0,0,0,0
171,AgentA wins,36.00,0,0,0,0,0,0,0,0,0,0
172,AgentA wins,15.00,0,0,0,0,0,0,0,0,0,0
173,AgentA wins,32.00,0,0,0,0,0,0,0,0,0,0
174,AgentA wins,36.00,0,0,0,0,0,0,0,0,0,0
175,AgentA wins,47.67,0,0,0,0,0,0,0,0,0,0
176,AgentA wins,35.33,0,0,0,0,0,0,0,0,0,0
177,AgentA wins,26.33,0,0,0,0,0,0,0,0,0,0
178,AgentA wins,15.00,0,0,0,0,0,0,0,0,0,0
179,AgentA wins,15.00,0,0,0,0,0,0,0,0,0,0
180,AgentA wins,37.67,0,0,0,0,0,0,0,0,0,0
171,AgentA wins,32.67,0,0,0,0,0,0,0,0,0,0
172,AgentA wins,15.00,0,0,0,0,0,0,0,0,0,0
173,AgentA wins,21.00,0,0,0,0,0,0,0,0,0,0
174,AgentA wins,15.00,0,0,0,0,0,0,0,0,0,0
175,AgentA wins,43.67,0,0,0,0,0,0,0,0,0,0
176,AgentA wins,18.00,0,0,0,0,0,0,0,0,0,0
177,AgentA wins,46.33,0,0,0,0,0,0,0,0,0,0
178,timeout draw,60.00,0,0,0,0,0,0,0,0,0,0
179,AgentA wins,15.00,0,0,0,0,0,0,0,0,0,0
180,AgentB wins,42.67,0,0,0,0,0,0,0,0,0,0
171,AgentA wins,38.67,0,0,0,0,0,0,0,0,0,0
172,AgentB wins,36.33,0,0,0,0,0,0,0,0,0,0
173,AgentA wins,34.67,0,0,0,0,0,0,0,0,0,0
174,AgentA wins,15.00,0,0,0,0,0,0,0,0,0,0
175,AgentA wins,15.00,0,0,0,0,0,0,0,0,0,0
176,AgentA wins,33.00,0,0,0,0,0,0,0,0,0,0
177,AgentA wins,30.00,0,0,0,0,0,0,0,0,0,0
178,AgentA wins,21.33,0,0,0,0,0,0,0,0,0,0
179,AgentA wins,28.67,0,0,0,0,0,0,0,0,0,0
180,AgentA wins,24.00,0,0,0,0,0,0,0,0,0,0
251,AgentA wins,18.00,0,0,0,0,0,0,0,0,0,0
252,AgentA wins,20.00,0,0,0,0,0,0,0,0,0,0
253,AgentA wins,18.00,0,0,0,0,0,0,0,0,0,0
254,AgentA wins,20.00,0,0,0,0,0,0,0,0,0,0
255,AgentA wins,18.00,0,0,0,0,0,0,0,0,0,0
256,AgentA wins,15.00,0,0,0,0,0,0,0,0,0,0
257,AgentA wins,20.00,0,0,0,0,0,0,0,0,0,0
258,AgentA wins,20.00,0,0,0,0,0,0,0,0,0,0
259,AgentA wins,15.00,0,0,0,0,0,0,0,0,0,0
260,AgentA wins,20.00,0,0,0,0,0,0,0,0,0,0
251,AgentA wins,18.00,0,0,0,0,0,0,0,0,0,0
252,AgentA wins,15.00,0,0,0,0,0,0,0,0,0,0
253,AgentA wins,20.00,0,0,0,0,0,0,0,0,0,0
254,AgentA wins,18.00,0,0,0,0,0,0,0,0,0,0
255,AgentA wins,15.00,0,0,0,0,0,0,0,0,0,0
256,AgentA wins,18.00,0,0,0,0,0,0,0,0,0,0
257,AgentA wins,20.00,0,0,0,0,0,0,0,0,0,0
258,AgentA wins,20.00,0,0,0,0,0,0,0,0,0,0
259,AgentA wins,20.00,0,0,0,0,0,0,0,0,0,0
260,AgentA wins,20.00,0,0,0,0,0,0,0,0,0,0
251,AgentA wins,18.00,0,0,0,0,0,0,0,0,0,0
252,AgentA wins,20.00,0,0,0,0,0,0,0,0,0,0
253,AgentA wins,18.00,0,0,0,0,0,0,0,0,0,0
254,AgentA wins,20.00,0,0,0,0,0,0,0,0,0,0
255,AgentA wins,18.00,0,0,0,0,0,0,0,0,0,0
256,AgentA wins,15.00,0,0,0,0,0,0,0,0,0,0
257,AgentA wins,20.00,0,0,0,0,0,0,0,0,0,0
258,AgentA wins,15.00,0,0,0,0,0,0,0,0,0,0
259,AgentA wins,20.00,0,0,0,0,0,0,0,0,0,0
260,AgentA wins,18.00,0,0,0,0,0,0,0,0,0,0
251,AgentA wins,20.00,0,0,0,0,0,0,0,0,0,0
252,AgentA wins,20.00,0,0,0,0,0,0,0,0,0,0
253,AgentA wins,15.00,0,0,0,0,0,0,0,0,0,0
254,AgentA wins,15.00,0,0,0,0,0,0,0,0,0,0
255,AgentA wins,18.00,0,0,0,0,0,0,0,0,0,0
256,AgentA wins,20.00,0,0,0,0,0,0,0,0,0,0
257,AgentA wins,20.00,0,0,0,0,0,0,0,0,0,0
258,AgentA wins,20.00,0,0,0,0,0,0,0,0,0,0
259,AgentA wins,17.00,0,0,0,0,0,0,0,0,0,0
260,AgentA wins,20.00,0,0,0,0,0,0,0,0,0,0
251,AgentA wins,20.00,0,0,0,0,0,0,0,0,0,0
252,AgentA wins,20.00,0,0,0,0,0,0,0,0,0,0
253,AgentA wins,18.00,0,0,0,0,0,0,0,0,0,0
254,AgentA wins,20.00,0,0,0,0,0,0,0,0,0,0
255,AgentA wins,20.00,0,0,0,0,0,0,0,0,0,0
256,AgentA wins,20.00,0,0,0,0,0,0,0,0,0,0
257,AgentA wins,17.00,0,0,0,0,0,0,0,0,0,0
258,AgentA wins,20.00,0,0,0,0,0,0,0,0,0,0
259,AgentA wins,18.00,0,0,0,0,0,0,0,0,0,0
260,AgentA wins,20.00,0,0,0,0,0,0,0,0,0,0
251,AgentA wins,20.00,0,0,0,0,0,0,0,0,0,0
252,AgentA wins,18.00,0,0,0,0,0,0,0,0,0,0
253,AgentA wins,15.00,0,0,0,0,0,0,0,0,0,0
254,AgentA wins,20.00,0,0,0,0,0,0,0,0,0,0
255,AgentA wins,20.00,0,0,0,0,0,0,0,0,0,0
256,AgentA wins,19.67,0,0,0,0,0,0,0,0,0,0
257,AgentA wins,18.00,0,0,0,0,0,0,0,0,0,0
258,AgentA wins,18.00,0,0,0,0,0,0,0,0,0,0
259,AgentA wins,18.00,0,0,0,0,0,0,0,0,0,0
260,AgentA wins,20.00,0,0,0,0,0,0,0,0,0,0
251,AgentA wins,20.00,0,0,0,0,0,0,0,0,0,0
252,AgentA wins,20.00,0,0,0,0,0,0,0,0,0,0
253,AgentA wins,18.00,0,0,0,0,0,0,0,0,0,0
254,AgentA wins,20.00,0,0,0,0,0,0,0,0,0,0
255,AgentA wins,20.00,0,0,0,0,0,0,0,0,0,0
256,AgentA wins,20.00,0,0,0,0,0,0,0,0,0,0
257,AgentA wins,20.00,0,0,0,0,0,0,0,0,0,0
258,AgentA wins,17.00,0,0,0,0,0,0,0,0,0,0
259,AgentA wins,20.00,0,0,0,0,0,0,0,0,0,0
260,AgentA wins,18.00,0,0,0,0,0,0,0,0,0,0
251,AgentA wins,20.00,0,0,0,0,0,0,0,0,0,0
252,AgentA wins,18.00,0,0,0,0,0,0,0,0,0,0
253,AgentA wins,20.00,0,0,0,0,0,0,0,0,0,0
254,AgentA wins,20.00,0,0,0,0,0,0,0,0,0,0
255,AgentA wins,18.00,0,0,0,0,0,0,0,0,0,0
256,AgentA wins,18.00,0,0,0,0,0,0,0,0,0,0
257,AgentA wins,15.00,0,0,0,0,0,0,0,0,0,0
258,AgentA wins,18.00,0,0,0,0,0,0,0,0,0,0
259,AgentA wins,20.00,0,0,0,0,0,0,0,0,0,0
260,AgentA wins,15.00,0,0,0,0,0,0,0,0,0,0
251,AgentA wins,19.67,0,0,0,0,0,0,0,0,0,0
252,AgentA wins,20.00,0,0,0,0,0,0,0,0,0,0
253,AgentA wins,15.00,0,0,0,0,0,0,0,0,0,0
254,AgentA wins,20.00,0,0,0,0,0,0,0,0,0,0
255,AgentA wins,17.00,0,0,0,0,0,0,0,0,0,0
256,AgentA wins,20.00,0,0,0,0,0,0,0,0,0,0
257,AgentA wins,18.00,0,0,0,0,0,0,0,0,0,0
258,AgentA wins,20.00,0,0,0,0,0,0,0,0,0,0
259,AgentA wins,20.00,0,0,0,0,0,0,0,0,0,0
260,AgentA wins,20.00,0,0,0,0,0,0,0,0,0,0
251,AgentA wins,17.00,0,0,0,0,0,0,0,0,0,0
252,AgentA wins,15.00,0,0,0,0,0,0,0,0,0,0
253,AgentA wins,20.00,0,0,0,0,0,0,0,0,0,0
254,AgentA wins,15.00,0,0,0,0,0,0,0,0,0,0
255,AgentA wins,18.00,0,0,0,0,0,0,0,0,0,0
256,AgentA wins,20.00,0,0,0,0,0,0,0,0,0,0
257,AgentA wins,18.00,0,0,0,0,0,0,0,0,0,0
258,AgentA wins,18.00,0,0,0,0,0,0,0,0,0,0
259,AgentA wins,18.00,0,0,0,0,0,0,0,0,0,0
260,AgentA wins,18.00,0,0,0,0,0,0,0,0,0,0
251,AgentA wins,15.00,0,0,0,0,0,0,0,0,0,0
252,AgentA wins,15.00,0,0,0,0,0,0,0,0,0,0
253,AgentA wins,20.00,0,0,0,0,0,0,0,0,0,0
254,AgentA wins,15.00,0,0,0,0,0,0,0,0,0,0
255,AgentA wins,20.00,0,0,0,0,0,0,0,0,0,0
256,AgentA wins,18.00,0,0,0,0,0,0,0,0,0,0
257,AgentA wins,20.00,0,0,0,0,0,0,0,0,0,0
258,AgentA wins,20.00,0,0,0,0,0,0,0,0,0,0
259,AgentA wins,20.00,0,0,0,0,0,0,0,0,0,0
260,AgentA wins,20.00,0,0,0,0,0,0,0,0,0,0
251,AgentA wins,17.00,0,0,0,0,0,0,0,0,0,0
252,AgentA wins,20.00,0,0,0,0,0,0,0,0,0,0
253,AgentA wins,20.00,0,0,0,0,0,0,0,0,0,0
254,AgentA wins,19.67,0,0,0,0,0,0,0,0,0,0
255,AgentA wins,20.00,0,0,0,0,0,0,0,0,0,0
256,AgentA wins,15.00,0,0,0,0,0,0,0,0,0,0
257,AgentA wins,20.00,0,0,0,0,0,0,0,0,0,0
258,AgentA wins,15.00,0,0,0,0,0,0,0,0,0,0
259,AgentA wins,19.67,0,0,0,0,0,0,0,0,0,0
260,AgentA wins,20.00,0,0,0,0,0,0,0,0,0,0
251,AgentA wins,20.00,0,0,0,0,0,0,0,0,0,0
252,AgentA wins,15.00,0,0,0,0,0,0,0,0,0,0
253,AgentA wins,15.00,0,0,0,0,0,0,0,0,0,0
254,AgentA wins,15.00,0,0,0,0,0,0,0,0,0,0
255,AgentA wins,20.00,0,0,0,0,0,0,0,0,0,0
256,AgentA wins,18.00,0,0,0,0,0,0,0,0,0,0
257,AgentA wins,20.00,0,0,0,0,0,0,0,0,0,0
258,AgentA wins,15.00,0,0,0,0,0,0,0,0,0,0
259,AgentA wins,19.67,0,0,0,0,0,0,0,0,0,0
260,AgentA wins,20.00,0,0,0,0,0,0,0,0,0,0
181,AgentA wins,33.00,0,0,0,0,0,0,0,0,0,0
182,AgentA wins,30.00,0,0,0,0,0,0,0,0,0,0
183,AgentA wins,21.00,0,0,0,0,0,0,0,0,0,0
184,AgentA wins,18.00,0,0,0,0,0,0,0,0,0,0
185,AgentA wins,27.00,0,0,0,0,0,0,0,0,0,0
186,AgentA wins,21.00,0,0,0,0,0,0,0,0,0,0
187,AgentA wins,34.00,0,0,0,0,0,0,0,0,0,0
188,AgentA wins,30.00,0,0,0,0,0,0,0,0,0,0
189,AgentA wins,15.00,0,0,0,0,0,0,0,0,0,0
190,AgentA wins,36.67,0,0,0,0,0,0,0,0,0,0
171,AgentA wins,18.00,0,0,0,0,0,0,0,0,0,0
172,AgentA wins,30.00,0,0,0,0,0,0,0,0,0,0
173,AgentA wins,21.00,0,0,0,0,0,0,0,0,0,0
174,AgentA wins,32.33,0,0,0,0,0,0,0,0,0,0
175,AgentA wins,15.00,0,0,0,0,0,0,0,0,0,0
176,AgentA wins,33.00,0,0,0,0,0,0,0,0,0,0
177,AgentA wins,30.33,0,0,0,0,0,0,0,0,0,0
178,AgentA wins,22.67,0,0,0,0,0,0,0,0,0,0
179,AgentB wins,21.67,0,0,0,0,0,0,0,0,0,0
180,AgentA wins,51.33,0,0,0,0,0,0,0,0,0,0
171,AgentA wins,32.33,0,0,0,0,0,0,0,0,0,0
172,AgentA wins,37.67,0,0,0,0,0,0,0,0,0,0
173,AgentA wins,32.67,0,0,0,0,0,0,0,0,0,0
174,AgentA wins,18.00,0,0,0,0,0,0,0,0,0,0
175,AgentA wins,15.00,0,0,0,0,0,0,0,0,0,0
176,AgentA wins,18.00,0,0,0,0,0,0,0,0,0,0
177,AgentA wins,15.00,0,0,0,0,0,0,0,0,0,0
178,AgentA wins,15.00,0,0,0,0,0,0,0,0,0,0
179,AgentA wins,37.00,0,0,0,0,0,0,0,0,0,0
180,AgentA wins,38.00,0,0,0,0,0,0,0,0,0,0
181,AgentA wins,24.00,0,0,0,0,0,0,0,0,0,0
182,AgentA wins,21.00,0,0,0,0,0,0,0,0,0,0
183,AgentA wins,15.00,0,0,0,0,0,0,0,0,0,0
184,AgentA wins,37.67,0,0,0,0,0,0,0,0,0,0
185,AgentA wins,18.00,0,0,0,0,0,0,0,0,0,0
186,AgentB wins,21.67,0,0,0,0,0,0,0,0,0,0
187,AgentA wins,15.00,0,0,0,0,0,0,0,0,0,0
188,AgentA wins,29.00,0,0,0,0,0,0,0,0,0,0
189,AgentA wins,42.00,0,0,0,0,0,0,0,0,0,0
190,AgentA wins,15.00,0,0,0,0,0,0,0,0,0,0
181,AgentA wins,25.67,0,0,0,0,0,0,0,0,0,0
182,AgentA wins,24.00,0,0,0,0,0,0,0,0,0,0
183,AgentB wins,42.67,0,0,0,0,0,0,0,0,0,0
184,AgentA wins,31.33,0,0,0,0,0,0,0,0,0,0
185,AgentA wins,42.00,0,0,0,0,0,0,0,0,0,0
186,AgentA wins,23.00,0,0,0,0,0,0,0,0,0,0
187,AgentA wins,15.00,0,0,0,0,0,0,0,0,0,0
188,AgentA wins,18.00,0,0,0,0,0,0,0,0,0,0
189,AgentA wins,32.33,0,0,0,0,0,0,0,0,0,0
190,AgentA wins,46.67,0,0,0,0,0,0,0,0,0,0
251,AgentA wins,15.00,0,0,0,0,0,0,0,0,0,0
252,AgentA wins,20.00,0,0,0,0,0,0,0,0,0,0
253,AgentA wins,20.00,0,0,0,0,0,0,0,0,0,0
254,AgentA wins,17.00,0,0,0,0,0,0,0,0,0,0
255,AgentA wins,15.00,0,0,0,0,0,0,0,0,0,0
256,AgentA wins,15.00,0,0,0,0,0,0,0,0,0,0
257,AgentA wins,20.00,0,0,0,0,0,0,0,0,0,0
258,AgentA wins,15.00,0,0,0,0,0,0,0,0,0,0
259,AgentA wins,19.67,0,0,0,0,0,0,0,0,0,0
260,AgentA wins,15.00,0,0,0,0,0,0,0,0,0,0
251,AgentA wins,20.00,0,0,0,0,0,0,0,0,0,0
252,AgentA wins,20.00,0,0,0,0,0,0,0,0,0,0
253,AgentA wins,15.00,0,0,0,0,0,0,0,0,0,0
254,AgentA wins,20.00,0,0,0,0,0,0,0,0,0,0
255,AgentA wins,18.00,0,0,0,0,0,0,0,0,0,0
256,AgentA wins,20.00,0,0,0,0,0,0,0,0,0,0
257,AgentA wins,20.00,0,0,0,0,0,0,0,0,0,0
258,AgentA wins,20.00,0,0,0,0,0,0,0,0,0,0
259,AgentA wins,20.00,0,0,0,0,0,0,0,0,0,0
260,AgentA wins,17.00,0,0,0,0,0,0,0,0,0,0
181,AgentB wins,58.67,0,0,0,0,0,0,0,0,0,0
182,AgentA wins,15.00,0,0,0,0,0,0,0,0,0,0
183,AgentA wins,15.00,0,0,0,0,0,0,0,0,0,0
184,AgentA wins,31.67,0,0,0,0,0,0,0,0,0,0
185,AgentA wins,39.00,0,0,0,0,0,0,0,0,0,0
186,AgentA wins,30.00,0,0,0,0,0,0,0,0,0,0
187,AgentA wins,26.00,0,0,0,0,0,0,0,0,0,0
188,AgentA wins,32.00,0,0,0,0,0,0,0,0,0,0
189,AgentA wins,15.00,0,0,0,0,0,0,0,0,0,0
190,AgentA wins,24.00,0,0,0,0,0,0,0,0,0,0
201,AgentA wins,21.67,193,195,0,119,0,149,0,25,19,49
202,AgentA wins,18.00,163,164,0,94,0,129,0,21,17,41
203,AgentA wins,27.00,241,244,0,153,0,197,0,31,22,66
204,AgentA wins,15.00,135,135,0,77,0,111,0,13,13,37
205,AgentA wins,15.00,136,133,0,89,0,109,0,18,11,43
206,AgentA wins,15.00,134,136,0,86,0,111,0,20,10,40
207,AgentA wins,36.00,323,323,0,192,0,246,0,38,38,78
208,AgentA wins,34.67,310,312,0,176,0,247,0,36,40,76
209,AgentA wins,29.33,262,267,0,164,0,208,0,33,30,67
210,AgentA wins,36.00,323,321,0,190,0,259,0,38,34,95
261,AgentA wins,15.00,0,0,0,0,0,0,0,0,0,0
262,AgentA wins,20.00,0,0,0,0,0,0,0,0,0,0
263,AgentA wins,20.00,0,0,0,0,0,0,0,0,0,0
264,AgentA wins,15.00,0,0,0,0,0,0,0,0,0,0
265,AgentA wins,15.00,0,0,0,0,0,0,0,0,0,0
266,AgentA wins,15.00,0,0,0,0,0,0,0,0,0,0
267,AgentA wins,18.00,0,0,0,0,0,0,0,0,0,0
268,AgentA wins,15.00,0,0,0,0,0,0,0,0,0,0
269,AgentA wins,18.00,0,0,0,0,0,0,0,0,0,0
270,AgentA wins,18.00,0,0,0,0,0,0,0,0,0,0
261,AgentA wins,20.00,0,0,0,0,0,0,0,0,0,0
262,AgentA wins,15.00,0,0,0,0,0,0,0,0,0,0
263,AgentA wins,15.00,0,0,0,0,0,0,0,0,0,0
264,AgentA wins,15.00,0,0,0,0,0,0,0,0,0,0
265,AgentA wins,15.00,0,0,0,0,0,0,0,0,0,0
266,AgentA wins,15.00,0,0,0,0,0,0,0,0,0,0
267,AgentA wins,15.00,0,0,0,0,0,0,0,0,0,0
268,AgentA wins,20.00,0,0,0,0,0,0,0,0,0,0
269,AgentA wins,20.00,0,0,0,0,0,0,0,0,0,0
270,AgentA wins,20.00,0,0,0,0,0,0,0,0,0,0
261,AgentA wins,20.00,0,0,0,0,0,0,0,0,0,0
262,AgentA wins,15.00,0,0,0,0,0,0,0,0,0,0
263,AgentA wins,18.00,0,0,0,0,0,0,0,0,0,0
264,AgentA wins,19.67,0,0,0,0,0,0,0,0,0,0
265,AgentA wins,18.00,0,0,0,0,0,0,0,0,0,0
266,AgentA wins,20.00,0,0,0,0,0,0,0,0,0,0
267,AgentA wins,15.00,0,0,0,0,0,0,0,0,0,0
268,AgentA wins,20.00,0,0,0,0,0,0,0,0,0,0
269,AgentA wins,20.00,0,0,0,0,0,0,0,0,0,0
270,AgentA wins,18.00,0,0,0,0,0,0,0,0,0,0
261,AgentA wins,20.00,0,0,0,0,0,0,0,0,0,0
262,AgentA wins,15.00,0,0,0,0,0,0,0,0,0,0
263,AgentA wins,20.00,0,0,0,0,0,0,0,0,0,0
264,AgentA wins,20.00,0,0,0,0,0,0,0,0,0,0
265,AgentA wins,20.00,0,0,0,0,0,0,0,0,0,0
266,AgentA wins,20.00,0,0,0,0,0,0,0,0,0,0
267,AgentA wins,18.00,0,0,0,0,0,0,0,0,0,0
268,AgentA wins,20.00,0,0,0,0,0,0,0,0,0,0
269,AgentA wins,18.00,0,0,0,0,0,0,0,0,0,0
270,AgentA wins,15.00,0,0,0,0,0,0,0,0,0,0
261,AgentA wins,20.00,0,0,0,0,0,0,0,0,0,0
262,AgentA wins,20.00,0,0,0,0,0,0,0,0,0,0
263,AgentA wins,20.00,0,0,0,0,0,0,0,0,0,0
264,AgentA wins,20.00,0,0,0,0,0,0,0,0,0,0
265,AgentA wins,20.00,0,0,0,0,0,0,0,0,0,0
266,AgentA wins,18.00,0,0,0,0,0,0,0,0,0,0
267,AgentA wins,15.00,0,0,0,0,0,0,0,0,0,0
268,AgentA wins,17.00,0,0,0,0,0,0,0,0,0,0
269,AgentA wins,15.00,0,0,0,0,0,0,0,0,0,0
270,AgentA wins,15.00,0,0,0,0,0,0,0,0,0,0
261,AgentA wins,15.00,0,0,0,0,0,0,0,0,0,0
262,AgentA wins,18.00,0,0,0,0,0,0,0,0,0,0
263,AgentA wins,19.67,0,0,0,0,0,0,0,0,0,0
264,AgentA wins,20.00,0,0,0,0,0,0,0,0,0,0
265,AgentA wins,20.00,0,0,0,0,0,0,0,0,0,0
266,AgentA wins,15.00,0,0,0,0,0,0,0,0,0,0
267,AgentA wins,20.00,0,0,0,0,0,0,0,0,0,0
268,AgentA wins,20.00,0,0,0,0,0,0,0,0,0,0
269,AgentA wins,15.00,0,0,0,0,0,0,0,0,0,0
270,AgentA wins,20.00,0,0,0,0,0,0,0,0,0,0
181,AgentA wins,40.67,0,0,0,0,0,0,0,0,0,0
182,AgentA wins,45.00,0,0,0,0,0,0,0,0,0,0
183,AgentA wins,31.00,0,0,0,0,0,0,0,0,0,0
184,AgentA wins,15.00,0,0,0,0,0,0,0,0,0,0
185,AgentA wins,21.00,0,0,0,0,0,0,0,0,0,0
186,AgentA wins,21.00,0,0,0,0,0,0,0,0,0,0
187,AgentA wins,15.00,0,0,0,0,0,0,0,0,0,0
188,AgentA wins,44.00,0,0,0,0,0,0,0,0,0,0
189,AgentA wins,18.00,0,0,0,0,0,0,0,0,0,0
190,AgentB wins,24.67,0,0,0,0,0,0,0,0,0,0
181,AgentA wins,53.00,0,0,0,0,0,0,0,0,0,0
182,AgentA wins,27.00,0,0,0,0,0,0,0,0,0,0
183,AgentA wins,26.00,0,0,0,0,0,0,0,0,0,0
184,AgentB wins,42.67,0,0,0,0,0,0,0,0,0,0
185,AgentA wins,18.00,0,0,0,0,0,0,0,0,0,0
186,AgentB wins,29.67,0,0,0,0,0,0,0,0,0,0
187,AgentA wins,18.00,0,0,0,0,0,0,0,0,0,0
188,AgentA wins,27.00,0,0,0,0,0,0,0,0,0,0
189,AgentA wins,15.00,0,0,0,0,0,0,0,0,0,0
190,AgentA wins,18.00,0,0,0,0,0,0,0,0,0,0
261,AgentA wins,20.00,0,0,0,0,0,0,0,0,0,0
262,AgentA wins,20.00,0,0,0,0,0,0,0,0,0,0
263,AgentA wins,15.00,0,0,0,0,0,0,0,0,0,0
264,AgentA wins,19.67,0,0,0,0,0,0,0,0,0,0
265,AgentA wins,20.00,0,0,0,0,0,0,0,0,0,0
266,AgentA wins,20.00,0,0,0,0,0,0,0,0,0,0
267,AgentA wins,20.00,0,0,0,0,0,0,0,0,0,0
268,AgentA wins,20.00,0,0,0,0,0,0,0,0,0,0
269,AgentA wins,15.00,0,0,0,0,0,0,0,0,0,0
270,AgentA wins,15.00,0,0,0,0,0,0,0,0,0,0
261,AgentA wins,15.00,0,0,0,0,0,0,0,0,0,0
262,AgentA wins,18.00,0,0,0,0,0,0,0,0,0,0
263,AgentA wins,15.00,0,0,0,0,0,0,0,0,0,0
264,AgentA wins,20.00,0,0,0,0,0,0,0,0,0,0
265,AgentA wins,18.00,0,0,0,0,0,0,0,0,0,0
266,AgentA wins,15.00,0,0,0,0,0,0,0,0,0,0
267,AgentA wins,20.00,0,0,0,0,0,0,0,0,0,0
268,AgentA wins,20.00,0,0,0,0,0,0,0,0,0,0
269,AgentA wins,18.00,0,0,0,0,0,0,0,0,0,0
270,AgentA wins,20.00,0,0,0,0,0,0,0,0,0,0
261,AgentA wins,18.00,0,0,0,0,0,0,0,0,0,0
262,AgentA wins,20.00,0,0,0,0,0,0,0,0,0,0
263,AgentA wins,20.00,0,0,0,0,0,0,0,0,0,0
264,AgentA wins,17.00,0,0,0,0,0,0,0,0,0,0
265,AgentA wins,19.67,0,0,0,0,0,0,0,0,0,0
266,AgentA wins,20.00,0,0,0,0,0,0,0,0,0,0
267,AgentA wins,19.67,0,0,0,0,0,0,0,0,0,0
268,AgentA wins,19.67,0,0,0,0,0,0,0,0,0,0
269,AgentA wins,17.00,0,0,0,0,0,0,0,0,0,0
270,AgentA wins,18.00,0,0,0,0,0,0,0,0,0,0
261,AgentA wins,20.00,0,0,0,0,0,0,0,0,0,0
262,AgentA wins,18.00,0,0,0,0,0,0,0,0,0,0
263,AgentA wins,20.00,0,0,0,0,0,0,0,0,0,0
264,AgentA wins,20.00,0,0,0,0,0,0,0,0,0,0
265,AgentA wins,15.00,0,0,0,0,0,0,0,0,0,0
266,AgentA wins,15.00,0,0,0,0,0,0,0,0,0,0
267,AgentA wins,18.00,0,0,0,0,0,0,0,0,0,0
268,AgentA wins,15.00,0,0,0,0,0,0,0,0,0,0
269,AgentA wins,20.00,0,0,0,0,0,0,0,0,0,0
270,AgentA wins,20.00,0,0,0,0,0,0,0,0,0,0
261,AgentA wins,20.00,0,0,0,0,0,0,0,0,0,0
262,AgentA wins,20.00,0,0,0,0,0,0,0,0,0,0
263,AgentA wins,18.00,0,0,0,0,0,0,0,0,0,0
264,AgentA wins,15.00,0,0,0,0,0,0,0,0,0,0
265,AgentA wins,18.00,0,0,0,0,0,0,0,0,0,0
266,AgentA wins,15.00,0,0,0,0,0,0,0,0,0,0
267,AgentA wins,15.00,0,0,0,0,0,0,0,0,0,0
268,AgentA wins,18.00,0,0,0,0,0,0,0,0,0,0
269,AgentA wins,20.00,0,0,0,0,0,0,0,0,0,0
270,AgentA wins,15.00,0,0,0,0,0,0,0,0,0,0
261,AgentA wins,18.00,0,0,0,0,0,0,0,0,0,0
262,AgentA wins,18.00,0,0,0,0,0,0,0,0,0,0
263,AgentA wins,18.00,0,0,0,0,0,0,0,0,0,0
264,AgentA wins,20.00,0,0,0,0,0,0,0,0,0,0
265,AgentA wins,18.00,0,0,0,0,0,0,0,0,0,0
266,AgentA wins,18.00,0,0,0,0,0,0,0,0,0,0
267,AgentA wins,20.00,0,0,0,0,0,0,0,0,0,0
268,AgentA wins,20.00,0,0,0,0,0,0,0,0,0,0
269,AgentA wins,15.00,0,0,0,0,0,0,0,0,0,0
270,AgentA wins,20.00,0,0,0,0,0,0,0,0,0,0
261,AgentA wins,20.00,0,0,0,0,0,0,0,0,0,0
262,AgentA wins,20.00,0,0,0,0,0,0,0,0,0,0
263,AgentA wins,17.00,0,0,0,0,0,0,0,0,0,0
264,AgentA wins,20.00,0,0,0,0,0,0,0,0,0,0
265,AgentA wins,20.00,0,0,0,0,0,0,0,0,0,0
266,AgentA wins,20.00,0,0,0,0,0,0,0,0,0,0
267,AgentA wins,15.00,0,0,0,0,0,0,0,0,0,0
268,AgentA wins,15.00,0,0,0,0,0,0,0,0,0,0
269,AgentA wins,15.00,0,0,0,0,0,0,0,0,0,0
270,AgentA wins,20.00,0,0,0,0,0,0,0,0,0,0
181,AgentA wins,31.33,0,0,0,0,0,0,0,0,0,0
182,AgentA wins,15.00,0,0,0,0,0,0,0,0,0,0
183,AgentA wins,29.33,0,0,0,0,0,0,0,0,0,0
184,AgentB wins,43.33,0,0,0,0,0,0,0,0,0,0
185,AgentA wins,32.00,0,0,0,0,0,0,0,0,0,0
186,AgentA wins,32.33,0,0,0,0,0,0,0,0,0,0
187,AgentA wins,32.67,0,0,0,0,0,0,0,0,0,0
188,AgentA wins,20.00,0,0,0,0,0,0,0,0,0,0
189,AgentA wins,24.00,0,0,0,0,0,0,0,0,0,0
190,AgentA wins,50.00,0,0,0,0,0,0,0,0,0,0
261,AgentA wins,20.00,0,0,0,0,0,0,0,0,0,0
262,AgentA wins,18.00,0,0,0,0,0,0,0,0,0,0
263,AgentA wins,15.00,0,0,0,0,0,0,0,0,0,0
264,AgentA wins,20.00,0,0,0,0,0,0,0,0,0,0
265,AgentA wins,17.00,0,0,0,0,0,0,0,0,0,0
266,AgentA wins,20.00,0,0,0,0,0,0,0,0,0,0
267,AgentA wins,15.00,0,0,0,0,0,0,0,0,0,0
268,AgentA wins,19.67,0,0,0,0,0,0,0,0,0,0
269,AgentA wins,20.00,0,0,0,0,0,0,0,0,0,0
270,AgentA wins,20.00,0,0,0,0,0,0,0,0,0,0
261,AgentA wins,20.00,0,0,0,0,0,0,0,0,0,0
262,AgentA wins,20.00,0,0,0,0,0,0,0,0,0,0
263,AgentA wins,20.00,0,0,0,0,0,0,0,0,0,0
264,AgentA wins,20.00,0,0,0,0,0,0,0,0,0,0
265,AgentA wins,15.00,0,0,0,0,0,0,0,0,0,0
266,AgentA wins,20.00,0,0,0,0,0,0,0,0,0,0
267,AgentA wins,20.00,0,0,0,0,0,0,0,0,0,0
268,AgentA wins,18.00,0,0,0,0,0,0,0,0,0,0
269,AgentA wins,20.00,0,0,0,0,0,0,0,0,0,0
270,AgentA wins,20.00,0,0,0,0,0,0,0,0,0,0
181,AgentA wins,25.67,0,0,0,0,0,0,0,0,0,0
182,AgentA wins,15.00,0,0,0,0,0,0,0,0,0,0
183,AgentA wins,36.00,0,0,0,0,0,0,0,0,0,0
184,AgentA wins,15.00,0,0,0,0,0,0,0,0,0,0
185,AgentA wins,38.33,0,0,0,0,0,0,0,0,0,0
186,AgentA wins,33.00,0,0,0,0,0,0,0,0,0,0
187,AgentA wins,18.00,0,0,0,0,0,0,0,0,0,0
188,AgentA wins,15.00,0,0,0,0,0,0,0,0,0,0
189,AgentA wins,38.00,0,0,0,0,0,0,0,0,0,0
190,AgentA wins,18.00,0,0,0,0,0,0,0,0,0,0
271,AgentA wins,18.00,0,0,0,0,0,0,0,0,0,0
272,AgentA wins,18.00,0,0,0,0,0,0,0,0,0,0
273,AgentA wins,15.00,0,0,0,0,0,0,0,0,0,0
274,AgentA wins,20.00,0,0,0,0,0,0,0,0,0,0
275,AgentA wins,15.00,0,0,0,0,0,0,0,0,0,0
276,AgentA wins,20.00,0,0,0,0,0,0,0,0,0,0
277,AgentA wins,20.00,0,0,0,0,0,0,0,0,0,0
278,AgentA wins,20.00,0,0,0,0,0,0,0,0,0,0
279,AgentA wins,15.00,0,0,0,0,0,0,0,0,0,0
280,AgentA wins,20.00,0,0,0,0,0,0,0,0,0,0
191,AgentB wins,47.00,0,0,0,0,0,0,0,0,0,0
192,AgentA wins,32.67,0,0,0,0,0,0,0,0,0,0
193,AgentA wins,15.00,0,0,0,0,0,0,0,0,0,0
194,AgentA wins,18.00,0,0,0,0,0,0,0,0,0,0
195,AgentA wins,24.00,0,0,0,0,0,0,0,0,0,0
196,AgentA wins,15.00,0,0,0,0,0,0,0,0,0,0
197,AgentA wins,27.00,0,0,0,0,0,0,0,0,0,0
198,AgentB wins,33.33,0,0,0,0,0,0,0,0,0,0
199,AgentA wins,21.33,0,0,0,0,0,0,0,0,0,0
200,AgentA wins,28.67,0,0,0,0,0,0,0,0,0,0
191,AgentA wins,26.33,0,0,0,0,0,0,0,0,0,0
192,AgentA wins,33.00,0,0,0,0,0,0,0,0,0,0
193,AgentA wins,33.00,0,0,0,0,0,0,0,0,0,0
194,AgentA wins,15.00,0,0,0,0,0,0,0,0,0,0
195,AgentA wins,20.00,0,0,0,0,0,0,0,0,0,0
196,AgentA wins,15.00,0,0,0,0,0,0,0,0,0,0
197,AgentA wins,45.67,0,0,0,0,0,0,0,0,0,0
198,AgentA wins,30.00,0,0,0,0,0,0,0,0,0,0
199,AgentA wins,23.67,0,0,0,0,0,0,0,0,0,0
200,AgentA wins,26.33,0,0,0,0,0,0,0,0,0,0
271,AgentA wins,18.00,0,0,0,0,0,0,0,0,0,0
272,AgentA wins,20.00,0,0,0,0,0,0,0,0,0,0
273,AgentA wins,20.00,0,0,0,0,0,0,0,0,0,0
274,AgentA wins,20.00,0,0,0,0,0,0,0,0,0,0
275,AgentA wins,15.00,0,0,0,0,0,0,0,0,0,0
276,AgentA wins,20.00,0,0,0,0,0,0,0,0,0,0
277,AgentA wins,20.00,0,0,0,0,0,0,0,0,0,0
278,AgentA wins,15.00,0,0,0,0,0,0,0,0,0,0
279,AgentA wins,20.00,0,0,0,0,0,0,0,0,0,0
280,AgentA wins,20.00,0,0,0,0,0,0,0,0,0,0
271,AgentA wins,20.00,0,0,0,0,0,0,0,0,0,0
272,AgentA wins,20.00,0,0,0,0,0,0,0,0,0,0
273,AgentA wins,17.00,0,0,0,0,0,0,0,0,0,0
274,AgentA wins,20.00,0,0,0,0,0,0,0,0,0,0
275,AgentA wins,20.00,0,0,0,0,0,0,0,0,0,0
276,AgentA wins,18.00,0,0,0,0,0,0,0,0,0,0
277,AgentA wins,20.00,0,0,0,0,0,0,0,0,0,0
278,AgentA wins,18.00,0,0,0,0,0,0,0,0,0,0
279,AgentA wins,20.00,0,0,0,0,0,0,0,0,0,0
280,AgentA wins,20.00,0,0,0,0,0,0,0,0,0,0
191,AgentA wins,15.00,0,0,0,0,0,0,0,0,0,0
192,AgentA wins,40.00,0,0,0,0,0,0,0,0,0,0
193,AgentA wins,39.33,0,0,0,0,0,0,0,0,0,0
194,AgentA wins,27.00,0,0,0,0,0,0,0,0,0,0
195,AgentA wins,31.33,0,0,0,0,0,0,0,0,0,0
196,AgentA wins,32.00,0,0,0,0,0,0,0,0,0,0
197,AgentA wins,26.00,0,0,0,0,0,0,0,0,0,0
198,AgentA wins,18.00,0,0,0,0,0,0,0,0,0,0
199,AgentA wins,40.33,0,0,0,0,0,0,0,0,0,0
200,AgentA wins,24.67,0,0,0,0,0,0,0,0,0,0
181,AgentA wins,33.00,0,0,0,0,0,0,0,0,0,0
182,AgentB wins,21.67,0,0,0,0,0,0,0,0,0,0
183,AgentA wins,18.00,0,0,0,0,0,0,0,0,0,0
184,AgentA wins,30.00,0,0,0,0,0,0,0,0,0,0
185,AgentA wins,24.00,0,0,0,0,0,0,0,0,0,0
186,AgentA wins,35.67,0,0,0,0,0,0,0,0,0,0
187,AgentA wins,48.00,0,0,0,0,0,0,0,0,0,0
188,AgentA wins,32.00,0,0,0,0,0,0,0,0,0,0
189,AgentA wins,29.67,0,0,0,0,0,0,0,0,0,0
190,AgentA wins,27.00,0,0,0,0,0,0,0,0,0,0
271,AgentA wins,17.00,0,0,0,0,0,0,0,0,0,0
272,AgentA wins,20.00,0,0,0,0,0,0,0,0,0,0
273,AgentA wins,15.00,0,0,0,0,0,0,0,0,0,0
274,AgentA wins,15.00,0,0,0,0,0,0,0,0,0,0
275,AgentA wins,20.00,0,0,0,0,0,0,0,0,0,0
276,AgentA wins,20.00,0,0,0,0,0,0,0,0,0,0
277,AgentA wins,15.00,0,0,0,0,0,0,0,0,0,0
278,AgentA wins,18.00,0,0,0,0,0,0,0,0,0,0
279,AgentA wins,15.00,0,0,0,0,0,0,0,0,0,0
280,AgentA wins,18.00,0,0,0,0,0,0,0,0,0,0
271,AgentA wins,18.00,0,0,0,0,0,0,0,0,0,0
272,AgentA wins,20.00,0,0,0,0,0,0,0,0,0,0
273,AgentA wins,17.00,0,0,0,0,0,0,0,0,0,0
274,AgentA wins,20.00,0,0,0,0,0,0,0,0,0,0
275,AgentA wins,18.00,0,0,0,0,0,0,0,0,0,0
276,AgentA wins,19.67,0,0,0,0,0,0,0,0,0,0
277,AgentA wins,15.00,0,0,0,0,0,0,0,0,0,0
278,AgentA wins,18.00,0,0,0,0,0,0,0,0,0,0
279,AgentA wins,19.67,0,0,0,0,0,0,0,0,0,0
280,AgentA wins,20.00,0,0,0,0,0,0,0,0,0,0
191,AgentA wins,27.00,0,0,0,0,0,0,0,0,0,0
192,AgentA wins,18.00,0,0,0,0,0,0,0,0,0,0
193,AgentA wins,35.33,0,0,0,0,0,0,0,0,0,0
194,AgentA wins,15.00,0,0,0,0,0,0,0,0,0,0
195,AgentA wins,32.67,0,0,0,0,0,0,0,0,0,0
196,AgentA wins,27.00,0,0,0,0,0,0,0,0,0,0
197,AgentB wins,39.00,0,0,0,0,0,0,0,0,0,0
198,AgentA wins,18.00,0,0,0,0,0,0,0,0,0,0
199,AgentA wins,18.00,0,0,0,0,0,0,0,0,0,0
200,AgentA wins,29.00,0,0,0,0,0,0,0,0,0,0
271,AgentA wins,17.00,0,0,0,0,0,0,0,0,0,0
272,AgentA wins,20.00,0,0,0,0,0,0,0,0,0,0
273,AgentA wins,20.00,0,0,0,0,0,0,0,0,0,0
274,AgentA wins,20.00,0,0,0,0,0,0,0,0,0,0
275,AgentA wins,20.00,0,0,0,0,0,0,0,0,0,0
276,AgentA wins,15.00,0,0,0,0,0,0,0,0,0,0
277,AgentA wins,18.00,0,0,0,0,0,0,0,0,0,0
278,AgentA wins,20.00,0,0,0,0,0,0,0,0,0,0
279,AgentA wins,15.00,0,0,0,0,0,0,0,0,0,0
280,AgentA wins,15.00,0,0,0,0,0,0,0,0,0,0
211,AgentA wins,15.00,131,133,0,84,0,104,0,16,8,38
212,AgentA wins,38.00,339,341,0,223,0,268,0,47,30,116
213,AgentA wins,15.00,136,137,0,86,0,105,0,20,15,39
214,AgentA wins,34.00,306,310,0,189,0,235,0,38,30,67
215,AgentA wins,18.00,159,161,0,96,0,118,0,25,11,50
216,AgentA wins,33.00,293,299,0,168,0,234,0,33,30,68
217,AgentA wins,25.67,236,235,0,137,0,178,0,29,27,55
218,AgentA wins,29.67,268,263,0,152,0,211,0,29,25,72
219,AgentA wins,30.67,277,277,0,166,0,220,0,40,35,64
220,AgentA wins,31.33,280,282,1,163,0,224,0,35,31,74
271,AgentA wins,20.00,0,0,0,0,0,0,0,0,0,0
272,AgentA wins,20.00,0,0,0,0,0,0,0,0,0,0
273,AgentA wins,20.00,0,0,0,0,0,0,0,0,0,0
274,AgentA wins,20.00,0,0,0,0,0,0,0,0,0,0
275,AgentA wins,20.00,0,0,0,0,0,0,0,0,0,0
276,AgentA wins,20.00,0,0,0,0,0,0,0,0,0,0
277,AgentA wins,20.00,0,0,0,0,0,0,0,0,0,0
278,AgentA wins,18.00,0,0,0,0,0,0,0,0,0,0
279,AgentA wins,20.00,0,0,0,0,0,0,0,0,0,0
280,AgentA wins,20.00,0,0,0,0,0,0,0,0,0,0
271,AgentA wins,18.00,0,0,0,0,0,0,0,0,0,0
272,AgentA wins,20.00,0,0,0,0,0,0,0,0,0,0
273,AgentA wins,20.00,0,0,0,0,0,0,0,0,0,0
274,AgentA wins,20.00,0,0,0,0,0,0,0,0,0,0
275,AgentA wins,20.00,0,0,0,0,0,0,0,0,0,0
276,AgentA wins,20.00,0,0,0,0,0,0,0,0,0,0
277,AgentA wins,17.00,0,0,0,0,0,0,0,0,0,0
278,AgentA wins,19.67,0,0,0,0,0,0,0,0,0,0
279,AgentA wins,18.00,0,0,0,0,0,0,0,0,0,0
280,AgentA wins,20.00,0,0,0,0,0,0,0,0,0,0
271,AgentA wins,18.00,0,0,0,0,0,0,0,0,0,0
272,AgentA wins,18.00,0,0,0,0,0,0,0,0,0,0
273,AgentA wins,20.00,0,0,0,0,0,0,0,0,0,0
274,AgentA wins,15.00,0,0,0,0,0,0,0,0,0,0
275,AgentA wins,15.00,0,0,0,0,0,0,0,0,0,0
276,AgentA wins,15.00,0,0,0,0,0,0,0,0,0,0
277,AgentA wins,20.00,0,0,0,0,0,0,0,0,0,0
278,AgentA wins,20.00,0,0,0,0,0,0,0,0,0,0
279,AgentA wins,20.00,0,0,0,0,0,0,0,0,0,0
280,AgentA wins,20.00,0,0,0,0,0,0,0,0,0,0
271,AgentA wins,17.00,0,0,0,0,0,0,0,0,0,0
272,AgentA wins,18.00,0,0,0,0,0,0,0,0,0,0
273,AgentA wins,18.00,0,0,0,0,0,0,0,0,0,0
274,AgentA wins,20.00,0,0,0,0,0,0,0,0,0,0
275,AgentA wins,20.00,0,0,0,0,0,0,0,0,0,0
276,AgentA wins,20.00,0,0,0,0,0,0,0,0,0,0
277,AgentA wins,20.00,0,0,0,0,0,0,0,0,0,0
278,AgentA wins,20.00,0,0,0,0,0,0,0,0,0,0
279,AgentA wins,18.00,0,0,0,0,0,0,0,0,0,0
280,AgentA wins,20.00,0,0,0,0,0,0,0,0,0,0
271,AgentA wins,15.00,0,0,0,0,0,0,0,0,0,0
272,AgentA wins,19.67,0,0,0,0,0,0,0,0,0,0
273,AgentA wins,20.00,0,0,0,0,0,0,0,0,0,0
274,AgentA wins,20.00,0,0,0,0,0,0,0,0,0,0
275,AgentA wins,18.00,0,0,0,0,0,0,0,0,0,0
276,AgentA wins,20.00,0,0,0,0,0,0,0,0,0,0
277,AgentA wins,20.00,0,0,0,0,0,0,0,0,0,0
278,AgentA wins,19.67,0,0,0,0,0,0,0,0,0,0
279,AgentA wins,18.00,0,0,0,0,0,0,0,0,0,0
280,AgentA wins,19.67,0,0,0,0,0,0,0,0,0,0
271,AgentA wins,15.00,0,0,0,0,0,0,0,0,0,0
272,AgentA wins,20.00,0,0,0,0,0,0,0,0,0,0
273,AgentA wins,15.00,0,0,0,0,0,0,0,0,0,0
274,AgentA wins,20.00,0,0,0,0,0,0,0,0,0,0
275,AgentA wins,18.00,0,0,0,0,0,0,0,0,0,0
276,AgentA wins,20.00,0,0,0,0,0,0,0,0,0,0
277,AgentA wins,20.00,0,0,0,0,0,0,0,0,0,0
278,AgentA wins,15.00,0,0,0,0,0,0,0,0,0,0
279,AgentA wins,18.00,0,0,0,0,0,0,0,0,0,0
280,AgentA wins,20.00,0,0,0,0,0,0,0,0,0,0
271,AgentA wins,20.00,0,0,0,0,0,0,0,0,0,0
272,AgentA wins,20.00,0,0,0,0,0,0,0,0,0,0
273,AgentA wins,20.00,0,0,0,0,0,0,0,0,0,0
274,AgentA wins,20.00,0,0,0,0,0,0,0,0,0,0
275,AgentA wins,20.00,0,0,0,0,0,0,0,0,0,0
276,AgentA wins,15.00,0,0,0,0,0,0,0,0,0,0
277,AgentA wins,20.00,0,0,0,0,0,0,0,0,0,0
278,AgentA wins,20.00,0,0,0,0,0,0,0,0,0,0
279,AgentA wins,20.00,0,0,0,0,0,0,0,0,0,0
280,AgentA wins,19.67,0,0,0,0,0,0,0,0,0,0
271,AgentA wins,17.00,0,0,0,0,0,0,0,0,0,0
272,AgentA wins,15.00,0,0,0,0,0,0,0,0,0,0
273,AgentA wins,18.00,0,0,0,0,0,0,0,0,0,0
274,AgentA wins,15.00,0,0,0,0,0,0,0,0,0,0
275,AgentA wins,18.00,0,0,0,0,0,0,0,0,0,0
276,AgentA wins,15.00,0,0,0,0,0,0,0,0,0,0
277,AgentA wins,15.00,0,0,0,0,0,0,0,0,0,0
278,AgentA wins,15.00,0,0,0,0,0,0,0,0,0,0
279,AgentA wins,20.00,0,0,0,0,0,0,0,0,0,0
280,AgentA wins,19.67,0,0,0,0,0,0,0,0,0,0
191,AgentA wins,15.00,0,0,0,0,0,0,0,0,0,0
192,AgentA wins,24.00,0,0,0,0,0,0,0,0,0,0
193,AgentA wins,24.00,0,0,0,0,0,0,0,0,0,0
194,AgentA wins,21.00,0,0,0,0,0,0,0,0,0,0
195,AgentA wins,46.00,0,0,0,0,0,0,0,0,0,0
196,AgentB wins,55.67,0,0,0,0,0,0,0,0,0,0
197,AgentA wins,21.00,0,0,0,0,0,0,0,0,0,0
198,AgentA wins,18.00,0,0,0,0,0,0,0,0,0,0
199,AgentA wins,18.00,0,0,0,0,0,0,0,0,0,0
200,AgentA wins,21.00,0,0,0,0,0,0,0,0,0,0
271,AgentA wins,19.67,0,0,0,0,0,0,0,0,0,0
272,AgentA wins,20.00,0,0,0,0,0,0,0,0,0,0
273,AgentA wins,20.00,0,0,0,0,0,0,0,0,0,0
274,AgentA wins,20.00,0,0,0,0,0,0,0,0,0,0
275,AgentA wins,20.00,0,0,0,0,0,0,0,0,0,0
276,AgentA wins,17.00,0,0,0,0,0,0,0,0,0,0
277,AgentA wins,20.00,0,0,0,0,0,0,0,0,0,0
278,AgentA wins,18.00,0,0,0,0,0,0,0,0,0,0
279,AgentA wins,18.00,0,0,0,0,0,0,0,0,0,0
280,AgentA wins,20.00,0,0,0,0,0,0,0,0,0,0
191,AgentA wins,29.67,0,0,0,0,0,0,0,0,0,0
192,AgentA wins,24.00,0,0,0,0,0,0,0,0,0,0
193,AgentA wins,15.00,0,0,0,0,0,0,0,0,0,0
194,AgentA wins,24.00,0,0,0,0,0,0,0,0,0,0
195,AgentA wins,36.00,0,0,0,0,0,0,0,0,0,0
196,AgentA wins,34.33,0,0,0,0,0,0,0,0,0,0
197,AgentA wins,31.00,0,0,0,0,0,0,0,0,0,0
198,AgentA wins,53.00,0,0,0,0,0,0,0,0,0,0
199,AgentA wins,18.00,0,0,0,0,0,0,0,0,0,0
200,AgentA wins,34.33,0,0,0,0,0,0,0,0,0,0
281,AgentA wins,15.00,0,0,0,0,0,0,0,0,0,0
282,AgentA wins,17.00,0,0,0,0,0,0,0,0,0,0
283,AgentA wins,20.00,0,0,0,0,0,0,0,0,0,0
284,AgentA wins,20.00,0,0,0,0,0,0,0,0,0,0
285,AgentA wins,20.00,0,0,0,0,0,0,0,0,0,0
286,AgentA wins,15.00,0,0,0,0,0,0,0,0,0,0
287,AgentA wins,15.00,0,0,0,0,0,0,0,0,0,0
288,AgentA wins,18.00,0,0,0,0,0,0,0,0,0,0
289,AgentA wins,20.00,0,0,0,0,0,0,0,0,0,0
290,AgentA wins,18.00,0,0,0,0,0,0,0,0,0,0
281,AgentA wins,20.00,0,0,0,0,0,0,0,0,0,0
282,AgentA wins,20.00,0,0,0,0,0,0,0,0,0,0
283,AgentA wins,15.00,0,0,0,0,0,0,0,0,0,0
284,AgentA wins,20.00,0,0,0,0,0,0,0,0,0,0
285,AgentA wins,15.00,0,0,0,0,0,0,0,0,0,0
286,AgentA wins,15.00,0,0,0,0,0,0,0,0,0,0
287,AgentA wins,15.00,0,0,0,0,0,0,0,0,0,0
288,AgentA wins,15.00,0,0,0,0,0,0,0,0,0,0
289,AgentA wins,20.00,0,0,0,0,0,0,0,0,0,0
290,AgentA wins,20.00,0,0,0,0,0,0,0,0,0,0
281,AgentA wins,18.00,0,0,0,0,0,0,0,0,0,0
282,AgentA wins,20.00,0,0,0,0,0,0,0,0,0,0
283,AgentA wins,20.00,0,0,0,0,0,0,0,0,0,0
284,AgentA wins,20.00,0,0,0,0,0,0,0,0,0,0
285,AgentA wins,20.00,0,0,0,0,0,0,0,0,0,0
286,AgentA wins,20.00,0,0,0,0,0,0,0,0,0,0
287,AgentA wins,20.00,0,0,0,0,0,0,0,0,0,0
288,AgentA wins,15.00,0,0,0,0,0,0,0,0,0,0
289,AgentA wins,20.00,0,0,0,0,0,0,0,0,0,0
290,AgentA wins,18.00,0,0,0,0,0,0,0,0,0,0
191,AgentA wins,38.33,0,0,0,0,0,0,0,0,0,0
192,AgentA wins,15.00,0,0,0,0,0,0,0,0,0,0
193,AgentA wins,39.00,0,0,0,0,0,0,0,0,0,0
194,AgentB wins,41.67,0,0,0,0,0,0,0,0,0,0
195,AgentA wins,18.00,0,0,0,0,0,0,0,0,0,0
196,AgentA wins,52.33,0,0,0,0,0,0,0,0,0,0
197,AgentA wins,32.00,0,0,0,0,0,0,0,0,0,0
198,AgentA wins,29.00,0,0,0,0,0,0,0,0,0,0
199,AgentA wins,15.00,0,0,0,0,0,0,0,0,0,0
200,AgentA wins,21.00,0,0,0,0,0,0,0,0,0,0
281,AgentA wins,15.00,0,0,0,0,0,0,0,0,0,0
282,AgentA wins,17.00,0,0,0,0,0,0,0,0,0,0
283,AgentA wins,20.00,0,0,0,0,0,0,0,0,0,0
284,AgentA wins,20.00,0,0,0,0,0,0,0,0,0,0
285,AgentA wins,15.00,0,0,0,0,0,0,0,0,0,0
286,AgentA wins,15.00,0,0,0,0,0,0,0,0,0,0
287,AgentA wins,15.00,0,0,0,0,0,0,0,0,0,0
288,AgentA wins,18.00,0,0,0,0,0,0,0,0,0,0
289,AgentA wins,20.00,0,0,0,0,0,0,0,0,0,0
290,AgentA wins,15.00,0,0,0,0,0,0,0,0,0,0
281,AgentA wins,20.00,0,0,0,0,0,0,0,0,0,0
282,AgentA wins,20.00,0,0,0,0,0,0,0,0,0,0
283,AgentA wins,15.00,0,0,0,0,0,0,0,0,0,0
284,AgentA wins,15.00,0,0,0,0,0,0,0,0,0,0
285,AgentA wins,20.00,0,0,0,0,0,0,0,0,0,0
286,AgentA wins,18.00,0,0,0,0,0,0,0,0,0,0
287,AgentA wins,20.00,0,0,0,0,0,0,0,0,0,0
288,AgentA wins,15.00,0,0,0,0,0,0,0,0,0,0
289,AgentA wins,20.00,0,0,0,0,0,0,0,0,0,0
290,AgentA wins,20.00,0,0,0,0,0,0,0,0,0,0
281,AgentA wins,18.00,0,0,0,0,0,0,0,0,0,0
282,AgentA wins,15.00,0,0,0,0,0,0,0,0,0,0
283,AgentA wins,20.00,0,0,0,0,0,0,0,0,0,0
284,AgentA wins,17.00,0,0,0,0,0,0,0,0,0,0
285,AgentA wins,17.00,0,0,0,0,0,0,0,0,0,0
286,AgentA wins,18.00,0,0,0,0,0,0,0,0,0,0
287,AgentA wins,20.00,0,0,0,0,0,0,0,0,0,0
288,AgentA wins,18.00,0,0,0,0,0,0,0,0,0,0
289,AgentA wins,18.00,0,0,0,0,0,0,0,0,0,0
290,AgentA wins,20.00,0,0,0,0,0,0,0,0,0,0
201,AgentA wins,15.00,0,0,0,0,0,0,0,0,0,0
202,AgentA wins,24.33,0,0,0,0,0,0,0,0,0,0
203,AgentA wins,44.00,0,0,0,0,0,0,0,0,0,0
204,AgentA wins,15.00,0,0,0,0,0,0,0,0,0,0
205,AgentA wins,15.00,0,0,0,0,0,0,0,0,0,0
206,AgentA wins,15.00,0,0,0,0,0,0,0,0,0,0
207,AgentA wins,18.00,0,0,0,0,0,0,0,0,0,0
208,AgentB wins,36.33,0,0,0,0,0,0,0,0,0,0
209,AgentB wins,31.33,0,0,0,0,0,0,0,0,0,0
210,AgentA wins,18.00,0,0,0,0,0,0,0,0,0,0
281,AgentA wins,17.00,0,0,0,0,0,0,0,0,0,0
282,AgentA wins,18.00,0,0,0,0,0,0,0,0,0,0
283,AgentA wins,20.00,0,0,0,0,0,0,0,0,0,0
284,AgentA wins,20.00,0,0,0,0,0,0,0,0,0,0
285,AgentA wins,15.00,0,0,0,0,0,0,0,0,0,0
286,AgentA wins,20.00,0,0,0,0,0,0,0,0,0,0
287,AgentA wins,15.00,0,0,0,0,0,0,0,0,0,0
288,AgentA wins,15.00,0,0,0,0,0,0,0,0,0,0
289,AgentA wins,20.00,0,0,0,0,0,0,0,0,0,0
290,AgentA wins,15.00,0,0,0,0,0,0,0,0,0,0
201,AgentA wins,26.33,0,0,0,0,0,0,0,0,0,0
202,AgentA wins,15.00,0,0,0,0,0,0,0,0,0,0
203,AgentA wins,21.00,0,0,0,0,0,0,0,0,0,0
204,AgentA wins,18.00,0,0,0,0,0,0,0,0,0,0
205,AgentA wins,26.67,0,0,0,0,0,0,0,0,0,0
206,AgentA wins,18.00,0,0,0,0,0,0,0,0,0,0
207,AgentA wins,24.00,0,0,0,0,0,0,0,0,0,0
208,AgentA wins,23.33,0,0,0,0,0,0,0,0,0,0
209,AgentA wins,18.00,0,0,0,0,0,0,0,0,0,0
210,AgentA wins,18.00,0,0,0,0,0,0,0,0,0,0
221,AgentA wins,15.00,137,138,0,85,0,106,0,19,13,22
222,AgentA wins,23.33,210,212,0,127,0,169,0,28,29,52
223,AgentA wins,18.00,162,165,0,106,0,128,0,19,12,44
224,AgentA wins,18.00,162,162,0,108,0,125,0,20,9,54
225,AgentA wins,15.00,135,135,0,88,0,107,0,17,11,35
226,AgentA wins,15.00,133,136,0,80,0,99,0,18,11,39
227,AgentA wins,31.67,287,282,0,169,0,220,0,35,32,80
228,AgentA wins,15.00,141,132,0,80,0,105,0,15,18,28
229,AgentA wins,15.00,135,130,0,82,0,110,0,16,13,37
230,AgentA wins,18.00,162,162,0,104,0,123,0,23,13,54
281,AgentA wins,20.00,0,0,0,0,0,0,0,0,0,0
282,AgentA wins,18.00,0,0,0,0,0,0,0,0,0,0
283,AgentA wins,15.00,0,0,0,0,0,0,0,0,0,0
284,AgentA wins,17.00,0,0,0,0,0,0,0,0,0,0
285,AgentA wins,15.00,0,0,0,0,0,0,0,0,0,0
286,AgentA wins,18.00,0,0,0,0,0,0,0,0,0,0
287,AgentA wins,20.00,0,0,0,0,0,0,0,0,0,0
288,AgentA wins,18.00,0,0,0,0,0,0,0,0,0,0
289,AgentA wins,18.00,0,0,0,0,0,0,0,0,0,0
290,AgentA wins,20.00,0,0,0,0,0,0,0,0,0,0
281,AgentA wins,20.00,0,0,0,0,0,0,0,0,0,0
282,AgentA wins,20.00,0,0,0,0,0,0,0,0,0,0
283,AgentA wins,15.00,0,0,0,0,0,0,0,0,0,0
284,AgentA wins,20.00,0,0,0,0,0,0,0,0,0,0
285,AgentA wins,19.67,0,0,0,0,0,0,0,0,0,0
286,AgentA wins,20.00,0,0,0,0,0,0,0,0,0,0
287,AgentA wins,15.00,0,0,0,0,0,0,0,0,0,0
288,AgentA wins,18.00,0,0,0,0,0,0,0,0,0,0
289,AgentA wins,18.00,0,0,0,0,0,0,0,0,0,0
290,AgentA wins,18.00,0,0,0,0,0,0,0,0,0,0
281,AgentA wins,20.00,0,0,0,0,0,0,0,0,0,0
282,AgentA wins,20.00,0,0,0,0,0,0,0,0,0,0
283,AgentA wins,20.00,0,0,0,0,0,0,0,0,0,0
284,AgentA wins,18.00,0,0,0,0,0,0,0,0,0,0
285,AgentA wins,18.00,0,0,0,0,0,0,0,0,0,0
286,AgentA wins,20.00,0,0,0,0,0,0,0,0,0,0
287,AgentA wins,20.00,0,0,0,0,0,0,0,0,0,0
288,AgentA wins,20.00,0,0,0,0,0,0,0,0,0,0
289,AgentA wins,20.00,0,0,0,0,0,0,0,0,0,0
290,AgentA wins,20.00,0,0,0,0,0,0,0,0,0,0
281,AgentA wins,20.00,0,0,0,0,0,0,0,0,0,0
282,AgentA wins,15.00,0,0,0,0,0,0,0,0,0,0
283,AgentA wins,20.00,0,0,0,0,0,0,0,0,0,0
284,AgentA wins,18.00,0,0,0,0,0,0,0,0,0,0
285,AgentA wins,15.00,0,0,0,0,0,0,0,0,0,0
286,AgentA wins,20.00,0,0,0,0,0,0,0,0,0,0
287,AgentA wins,15.00,0,0,0,0,0,0,0,0,0,0
288,AgentA wins,20.00,0,0,0,0,0,0,0,0,0,0
289,AgentA wins,20.00,0,0,0,0,0,0,0,0,0,0
290,AgentA wins,20.00,0,0,0,0,0,0,0,0,0,0
281,AgentA wins,19.67,0,0,0,0,0,0,0,0,0,0
282,AgentA wins,20.00,0,0,0,0,0,0,0,0,0,0
283,AgentA wins,20.00,0,0,0,0,0,0,0,0,0,0
284,AgentA wins,20.00,0,0,0,0,0,0,0,0,0,0
285,AgentA wins,20.00,0,0,0,0,0,0,0,0,0,0
286,AgentA wins,15.00,0,0,0,0,0,0,0,0,0,0
287,AgentA wins,20.00,0,0,0,0,0,0,0,0,0,0
288,AgentA wins,20.00,0,0,0,0,0,0,0,0,0,0
289,AgentA wins,20.00,0,0,0,0,0,0,0,0,0,0
290,AgentA wins,15.00,0,0,0,0,0,0,0,0,0,0
201,AgentA wins,33.00,0,0,0,0,0,0,0,0,0,0
202,AgentA wins,21.00,0,0,0,0,0,0,0,0,0,0
203,AgentA wins,27.00,0,0,0,0,0,0,0,0,0,0
204,AgentA wins,39.33,0,0,0,0,0,0,0,0,0,0
205,AgentA wins,15.00,0,0,0,0,0,0,0,0,0,0
206,AgentA wins,29.33,0,0,0,0,0,0,0,0,0,0
207,AgentA wins,35.00,0,0,0,0,0,0,0,0,0,0
208,AgentA wins,30.00,0,0,0,0,0,0,0,0,0,0
209,AgentA wins,15.00,0,0,0,0,0,0,0,0,0,0
210,AgentA wins,33.00,0,0,0,0,0,0,0,0,0,0
201,AgentB wins,27.33,0,0,0,0,0,0,0,0,0,0
202,AgentA wins,30.00,0,0,0,0,0,0,0,0,0,0
203,AgentA wins,15.00,0,0,0,0,0,0,0,0,0,0
204,AgentA wins,18.00,0,0,0,0,0,0,0,0,0,0
205,AgentA wins,24.00,0,0,0,0,0,0,0,0,0,0
206,AgentA wins,29.00,0,0,0,0,0,0,0,0,0,0
207,AgentB wins,30.67,0,0,0,0,0,0,0,0,0,0
208,AgentB wins,28.00,0,0,0,0,0,0,0,0,0,0
209,AgentA wins,33.00,0,0,0,0,0,0,0,0,0,0
210,AgentB wins,36.00,0,0,0,0,0,0,0,0,0,0
281,AgentA wins,18.00,0,0,0,0,0,0,0,0,0,0
282,AgentA wins,20.00,0,0,0,0,0,0,0,0,0,0
283,AgentA wins,18.00,0,0,0,0,0,0,0,0,0,0
284,AgentA wins,18.00,0,0,0,0,0,0,0,0,0,0
285,AgentA wins,18.00,0,0,0,0,0,0,0,0,0,0
286,AgentA wins,20.00,0,0,0,0,0,0,0,0,0,0
287,AgentA wins,20.00,0,0,0,0,0,0,0,0,0,0
288,AgentA wins,18.00,0,0,0,0,0,0,0,0,0,0
289,AgentA wins,20.00,0,0,0,0,0,0,0,0,0,0
290,AgentA wins,20.00,0,0,0,0,0,0,0,0,0,0
281,AgentA wins,20.00,0,0,0,0,0,0,0,0,0,0
282,AgentA wins,20.00,0,0,0,0,0,0,0,0,0,0
283,AgentA wins,20.00,0,0,0,0,0,0,0,0,0,0
284,AgentA wins,20.00,0,0,0,0,0,0,0,0,0,0
285,AgentA wins,18.00,0,0,0,0,0,0,0,0,0,0
286,AgentA wins,17.00,0,0,0,0,0,0,0,0,0,0
287,AgentA wins,20.00,0,0,0,0,0,0,0,0,0,0
288,AgentA wins,20.00,0,0,0,0,0,0,0,0,0,0
289,AgentA wins,18.00,0,0,0,0,0,0,0,0,0,0
290,AgentA wins,18.00,0,0,0,0,0,0,0,0,0,0
191,AgentA wins,21.00,0,0,0,0,0,0,0,0,0,0
192,AgentA wins,21.00,0,0,0,0,0,0,0,0,0,0
193,AgentA wins,24.00,0,0,0,0,0,0,0,0,0,0
194,AgentA wins,29.33,0,0,0,0,0,0,0,0,0,0
195,AgentA wins,20.67,0,0,0,0,0,0,0,0,0,0
196,AgentB wins,39.33,0,0,0,0,0,0,0,0,0,0
197,AgentA wins,29.67,0,0,0,0,0,0,0,0,0,0
198,AgentA wins,15.00,0,0,0,0,0,0,0,0,0,0
199,AgentA wins,25.00,0,0,0,0,0,0,0,0,0,0
200,timeout draw,60.00,0,0,0,0,0,0,0,0,0,0
191,AgentA wins,45.67,0,0,0,0,0,0,0,0,0,0
192,AgentA wins,25.67,0,0,0,0,0,0,0,0,0,0
193,AgentB wins,33.67,0,0,0,0,0,0,0,0,0,0
194,AgentA wins,33.00,0,0,0,0,0,0,0,0,0,0
195,AgentA wins,18.00,0,0,0,0,0,0,0,0,0,0
196,AgentA wins,54.00,0,0,0,0,0,0,0,0,0,0
197,AgentA wins,18.00,0,0,0,0,0,0,0,0,0,0
198,AgentA wins,44.00,0,0,0,0,0,0,0,0,0,0
199,AgentA wins,32.33,0,0,0,0,0,0,0,0,0,0
200,AgentA wins,32.00,0,0,0,0,0,0,0,0,0,0
281,AgentA wins,20.00,0,0,0,0,0,0,0,0,0,0
282,AgentA wins,20.00,0,0,0,0,0,0,0,0,0,0
283,AgentA wins,20.00,0,0,0,0,0,0,0,0,0,0
284,AgentA wins,20.00,0,0,0,0,0,0,0,0,0,0
285,AgentA wins,20.00,0,0,0,0,0,0,0,0,0,0
286,AgentA wins,18.00,0,0,0,0,0,0,0,0,0,0
287,AgentA wins,15.00,0,0,0,0,0,0,0,0,0,0
288,AgentA wins,20.00,0,0,0,0,0,0,0,0,0,0
289,AgentA wins,20.00,0,0,0,0,0,0,0,0,0,0
290,AgentA wins,20.00,0,0,0,0,0,0,0,0,0,0
291,AgentA wins,20.00,0,0,0,0,0,0,0,0,0,0
292,AgentA wins,20.00,0,0,0,0,0,0,0,0,0,0
293,AgentA wins,20.00,0,0,0,0,0,0,0,0,0,0
294,AgentA wins,18.00,0,0,0,0,0,0,0,0,0,0
295,AgentA wins,15.00,0,0,0,0,0,0,0,0,0,0
296,AgentA wins,18.00,0,0,0,0,0,0,0,0,0,0
297,AgentA wins,20.00,0,0,0,0,0,0,0,0,0,0
298,AgentA wins,20.00,0,0,0,0,0,0,0,0,0,0
299,AgentA wins,20.00,0,0,0,0,0,0,0,0,0,0
300,AgentA wins,20.00,0,0,0,0,0,0,0,0,0,0
291,AgentA wins,20.00,0,0,0,0,0,0,0,0,0,0
292,AgentA wins,20.00,0,0,0,0,0,0,0,0,0,0
293,AgentA wins,20.00,0,0,0,0,0,0,0,0,0,0
294,AgentA wins,18.00,0,0,0,0,0,0,0,0,0,0
295,AgentA wins,20.00,0,0,0,0,0,0,0,0,0,0
296,AgentA wins,20.00,0,0,0,0,0,0,0,0,0,0
297,AgentA wins,20.00,0,0,0,0,0,0,0,0,0,0
298,AgentA wins,18.00,0,0,0,0,0,0,0,0,0,0
299,AgentA wins,20.00,0,0,0,0,0,0,0,0,0,0
300,AgentA wins,20.00,0,0,0,0,0,0,0,0,0,0
291,AgentA wins,20.00,0,0,0,0,0,0,0,0,0,0
292,AgentA wins,15.00,0,0,0,0,0,0,0,0,0,0
293,AgentA wins,18.00,0,0,0,0,0,0,0,0,0,0
294,AgentA wins,18.00,0,0,0,0,0,0,0,0,0,0
295,AgentA wins,18.00,0,0,0,0,0,0,0,0,0,0
296,AgentA wins,20.00,0,0,0,0,0,0,0,0,0,0
297,AgentA wins,15.00,0,0,0,0,0,0,0,0,0,0
298,AgentA wins,20.00,0,0,0,0,0,0,0,0,0,0
299,AgentA wins,20.00,0,0,0,0,0,0,0,0,0,0
300,AgentA wins,20.00,0,0,0,0,0,0,0,0,0,0
291,AgentA wins,18.00,0,0,0,0,0,0,0,0,0,0
292,AgentA wins,15.00,0,0,0,0,0,0,0,0,0,0
293,AgentA wins,15.00,0,0,0,0,0,0,0,0,0,0
294,AgentA wins,15.00,0,0,0,0,0,0,0,0,0,0
295,AgentA wins,20.00,0,0,0,0,0,0,0,0,0,0
296,AgentA wins,20.00,0,0,0,0,0,0,0,0,0,0
297,AgentA wins,20.00,0,0,0,0,0,0,0,0,0,0
298,AgentA wins,18.00,0,0,0,0,0,0,0,0,0,0
299,AgentA wins,18.00,0,0,0,0,0,0,0,0,0,0
300,AgentA wins,20.00,0,0,0,0,0,0,0,0,0,0
291,AgentA wins,17.00,0,0,0,0,0,0,0,0,0,0
292,AgentA wins,18.00,0,0,0,0,0,0,0,0,0,0
293,AgentA wins,20.00,0,0,0,0,0,0,0,0,0,0
294,AgentA wins,18.00,0,0,0,0,0,0,0,0,0,0
295,AgentA wins,18.00,0,0,0,0,0,0,0,0,0,0
296,AgentA wins,17.00,0,0,0,0,0,0,0,0,0,0
297,AgentA wins,18.00,0,0,0,0,0,0,0,0,0,0
298,AgentA wins,20.00,0,0,0,0,0,0,0,0,0,0
299,AgentA wins,20.00,0,0,0,0,0,0,0,0,0,0
300,AgentA wins,20.00,0,0,0,0,0,0,0,0,0,0
291,AgentA wins,20.00,0,0,0,0,0,0,0,0,0,0
292,AgentA wins,18.00,0,0,0,0,0,0,0,0,0,0
293,AgentA wins,20.00,0,0,0,0,0,0,0,0,0,0
294,AgentA wins,18.00,0,0,0,0,0,0,0,0,0,0
295,AgentA wins,20.00,0,0,0,0,0,0,0,0,0,0
296,AgentA wins,20.00,0,0,0,0,0,0,0,0,0,0
297,AgentA wins,18.00,0,0,0,0,0,0,0,0,0,0
298,AgentA wins,20.00,0,0,0,0,0,0,0,0,0,0
299,AgentA wins,20.00,0,0,0,0,0,0,0,0,0,0
300,AgentA wins,18.00,0,0,0,0,0,0,0,0,0,0
201,AgentA wins,29.67,0,0,0,0,0,0,0,0,0,0
202,AgentA wins,18.00,0,0,0,0,0,0,0,0,0,0
203,AgentA wins,29.33,0,0,0,0,0,0,0,0,0,0
204,AgentA wins,15.00,0,0,0,0,0,0,0,0,0,0
205,AgentB wins,30.67,0,0,0,0,0,0,0,0,0,0
206,AgentA wins,23.00,0,0,0,0,0,0,0,0,0,0
207,AgentA wins,42.00,0,0,0,0,0,0,0,0,0,0
208,AgentB wins,33.00,0,0,0,0,0,0,0,0,0,0
209,AgentA wins,27.00,0,0,0,0,0,0,0,0,0,0
210,AgentA wins,27.00,0,0,0,0,0,0,0,0,0,0
201,AgentA wins,15.00,0,0,0,0,0,0,0,0,0,0
202,AgentA wins,33.00,0,0,0,0,0,0,0,0,0,0
203,AgentA wins,18.00,0,0,0,0,0,0,0,0,0,0
204,AgentA wins,34.00,0,0,0,0,0,0,0,0,0,0
205,AgentA wins,27.00,0,0,0,0,0,0,0,0,0,0
206,AgentA wins,23.33,0,0,0,0,0,0,0,0,0,0
207,AgentA wins,43.67,0,0,0,0,0,0,0,0,0,0
208,AgentA wins,39.00,0,0,0,0,0,0,0,0,0,0
209,timeout draw,60.00,0,0,0,0,0,0,0,0,0,0
210,AgentA wins,21.00,0,0,0,0,0,0,0,0,0,0
291,AgentA wins,18.00,0,0,0,0,0,0,0,0,0,0
292,AgentA wins,15.00,0,0,0,0,0,0,0,0,0,0
293,AgentA wins,20.00,0,0,0,0,0,0,0,0,0,0
294,AgentA wins,18.00,0,0,0,0,0,0,0,0,0,0
295,AgentA wins,18.00,0,0,0,0,0,0,0,0,0,0
296,AgentA wins,20.00,0,0,0,0,0,0,0,0,0,0
297,AgentA wins,20.00,0,0,0,0,0,0,0,0,0,0
298,AgentA wins,20.00,0,0,0,0,0,0,0,0,0,0
299,AgentA wins,17.00,0,0,0,0,0,0,0,0,0,0
300,AgentA wins,18.00,0,0,0,0,0,0,0,0,0,0
211,AgentA wins,32.00,0,0,0,0,0,0,0,0,0,0
212,AgentA wins,18.00,0,0,0,0,0,0,0,0,0,0
213,AgentA wins,21.00,0,0,0,0,0,0,0,0,0,0
214,AgentA wins,15.00,0,0,0,0,0,0,0,0,0,0
215,AgentA wins,24.00,0,0,0,0,0,0,0,0,0,0
216,AgentA wins,15.00,0,0,0,0,0,0,0,0,0,0
217,AgentA wins,15.00,0,0,0,0,0,0,0,0,0,0
218,AgentA wins,18.00,0,0,0,0,0,0,0,0,0,0
219,AgentA wins,27.00,0,0,0,0,0,0,0,0,0,0
220,AgentA wins,24.00,0,0,0,0,0,0,0,0,0,0
291,AgentA wins,20.00,0,0,0,0,0,0,0,0,0,0
292,AgentA wins,20.00,0,0,0,0,0,0,0,0,0,0
293,AgentA wins,20.00,0,0,0,0,0,0,0,0,0,0
294,AgentA wins,18.00,0,0,0,0,0,0,0,0,0,0
295,AgentA wins,15.00,0,0,0,0,0,0,0,0,0,0
296,AgentA wins,20.00,0,0,0,0,0,0,0,0,0,0
297,AgentA wins,18.00,0,0,0,0,0,0,0,0,0,0
298,AgentA wins,20.00,0,0,0,0,0,0,0,0,0,0
299,AgentA wins,17.00,0,0,0,0,0,0,0,0,0,0
300,AgentA wins,20.00,0,0,0,0,0,0,0,0,0,0
291,AgentA wins,20.00,0,0,0,0,0,0,0,0,0,0
292,AgentA wins,20.00,0,0,0,0,0,0,0,0,0,0
293,AgentA wins,15.00,0,0,0,0,0,0,0,0,0,0
294,AgentA wins,18.00,0,0,0,0,0,0,0,0,0,0
295,AgentA wins,20.00,0,0,0,0,0,0,0,0,0,0
296,AgentA wins,20.00,0,0,0,0,0,0,0,0,0,0
297,AgentA wins,20.00,0,0,0,0,0,0,0,0,0,0
298,AgentA wins,18.00,0,0,0,0,0,0,0,0,0,0
299,AgentA wins,18.00,0,0,0,0,0,0,0,0,0,0
300,AgentA wins,17.00,0,0,0,0,0,0,0,0,0,0
291,AgentA wins,18.00,0,0,0,0,0,0,0,0,0,0
292,AgentA wins,18.00,0,0,0,0,0,0,0,0,0,0
293,AgentA wins,20.00,0,0,0,0,0,0,0,0,0,0
294,AgentA wins,18.00,0,0,0,0,0,0,0,0,0,0
295,AgentA wins,20.00,0,0,0,0,0,0,0,0,0,0
296,AgentA wins,20.00,0,0,0,0,0,0,0,0,0,0
297,AgentA wins,20.00,0,0,0,0,0,0,0,0,0,0
298,AgentA wins,20.00,0,0,0,0,0,0,0,0,0,0
299,AgentA wins,18.00,0,0,0,0,0,0,0,0,0,0
300,AgentA wins,18.00,0,0,0,0,0,0,0,0,0,0
211,AgentA wins,15.00,0,0,0,0,0,0,0,0,0,0
212,AgentA wins,18.00,0,0,0,0,0,0,0,0,0,0
213,AgentA wins,15.00,0,0,0,0,0,0,0,0,0,0
214,AgentA wins,18.00,0,0,0,0,0,0,0,0,0,0
215,AgentA wins,18.00,0,0,0,0,0,0,0,0,0,0
216,AgentA wins,21.00,0,0,0,0,0,0,0,0,0,0
217,AgentA wins,27.00,0,0,0,0,0,0,0,0,0,0
218,AgentA wins,32.00,0,0,0,0,0,0,0,0,0,0
219,AgentA wins,15.00,0,0,0,0,0,0,0,0,0,0
220,AgentA wins,28.33,0,0,0,0,0,0,0,0,0,0
291,AgentA wins,18.00,0,0,0,0,0,0,0,0,0,0
292,AgentA wins,20.00,0,0,0,0,0,0,0,0,0,0
293,AgentA wins,19.67,0,0,0,0,0,0,0,0,0,0
294,AgentA wins,20.00,0,0,0,0,0,0,0,0,0,0
295,AgentA wins,15.00,0,0,0,0,0,0,0,0,0,0
296,AgentA wins,20.00,0,0,0,0,0,0,0,0,0,0
297,AgentA wins,18.00,0,0,0,0,0,0,0,0,0,0
298,AgentA wins,20.00,0,0,0,0,0,0,0,0,0,0
299,AgentA wins,18.00,0,0,0,0,0,0,0,0,0,0
300,AgentA wins,20.00,0,0,0,0,0,0,0,0,0,0
201,AgentA wins,15.00,0,0,0,0,0,0,0,0,0,0
202,AgentA wins,37.00,0,0,0,0,0,0,0,0,0,0
203,AgentA wins,15.00,0,0,0,0,0,0,0,0,0,0
204,AgentA wins,29.33,0,0,0,0,0,0,0,0,0,0
205,AgentA wins,24.00,0,0,0,0,0,0,0,0,0,0
206,AgentA wins,32.00,0,0,0,0,0,0,0,0,0,0
207,AgentA wins,29.00,0,0,0,0,0,0,0,0,0,0
208,AgentA wins,21.00,0,0,0,0,0,0,0,0,0,0
209,AgentA wins,15.00,0,0,0,0,0,0,0,0,0,0
210,AgentA wins,31.33,0,0,0,0,0,0,0,0,0,0
291,AgentA wins,20.00,0,0,0,0,0,0,0,0,0,0
292,AgentA wins,20.00,0,0,0,0,0,0,0,0,0,0
293,AgentA wins,20.00,0,0,0,0,0,0,0,0,0,0
294,AgentA wins,20.00,0,0,0,0,0,0,0,0,0,0
295,AgentA wins,20.00,0,0,0,0,0,0,0,0,0,0
296,AgentA wins,18.00,0,0,0,0,0,0,0,0,0,0
297,AgentA wins,20.00,0,0,0,0,0,0,0,0,0,0
298,AgentA wins,20.00,0,0,0,0,0,0,0,0,0,0
299,AgentA wins,20.00,0,0,0,0,0,0,0,0,0,0
300,AgentA wins,20.00,0,0,0,0,0,0,0,0,0,0
291,AgentA wins,18.00,0,0,0,0,0,0,0,0,0,0
292,AgentA wins,20.00,0,0,0,0,0,0,0,0,0,0
293,AgentA wins,18.00,0,0,0,0,0,0,0,0,0,0
294,AgentA wins,15.00,0,0,0,0,0,0,0,0,0,0
295,AgentA wins,20.00,0,0,0,0,0,0,0,0,0,0
296,AgentA wins,20.00,0,0,0,0,0,0,0,0,0,0
297,AgentA wins,20.00,0,0,0,0,0,0,0,0,0,0
298,AgentA wins,18.00,0,0,0,0,0,0,0,0,0,0
299,AgentA wins,20.00,0,0,0,0,0,0,0,0,0,0
300,AgentA wins,15.00,0,0,0,0,0,0,0,0,0,0
291,AgentA wins,20.00,0,0,0,0,0,0,0,0,0,0
292,AgentA wins,20.00,0,0,0,0,0,0,0,0,0,0
293,AgentA wins,18.00,0,0,0,0,0,0,0,0,0,0
294,AgentA wins,18.00,0,0,0,0,0,0,0,0,0,0
295,AgentA wins,18.00,0,0,0,0,0,0,0,0,0,0
296,AgentA wins,18.00,0,0,0,0,0,0,0,0,0,0
297,AgentA wins,20.00,0,0,0,0,0,0,0,0,0,0
298,AgentA wins,15.00,0,0,0,0,0,0,0,0,0,0
299,AgentA wins,20.00,0,0,0,0,0,0,0,0,0,0
300,AgentA wins,20.00,0,0,0,0,0,0,0,0,0,0
231,AgentA wins,52.33,469,470,0,282,0,349,0,58,46,144
232,AgentA wins,28.33,256,256,0,154,0,194,0,32,24,61
233,AgentA wins,18.00,164,159,0,99,0,118,0,21,10,58
234,AgentA wins,18.00,163,157,0,102,0,130,0,20,14,49
235,AgentA wins,29.67,268,264,0,151,0,208,0,29,31,59
236,AgentA wins,18.00,164,161,0,92,0,120,0,23,17,37
237,AgentA wins,15.67,140,141,0,88,0,113,0,18,15,43
238,AgentA wins,24.00,216,219,0,134,0,168,0,25,27,53
239,AgentA wins,15.00,133,137,0,89,0,114,0,17,16,35
240,AgentA wins,25.00,225,225,0,134,0,177,0,27,27,68
211,AgentA wins,15.00,0,0,0,0,0,0,0,0,0,0
212,AgentA wins,21.00,0,0,0,0,0,0,0,0,0,0
213,AgentA wins,15.00,0,0,0,0,0,0,0,0,0,0
214,AgentA wins,18.00,0,0,0,0,0,0,0,0,0,0
215,AgentA wins,30.00,0,0,0,0,0,0,0,0,0,0
216,AgentA wins,18.00,0,0,0,0,0,0,0,0,0,0
217,AgentA wins,15.00,0,0,0,0,0,0,0,0,0,0
218,AgentB wins,31.00,0,0,0,0,0,0,0,0,0,0
219,AgentA wins,37.33,0,0,0,0,0,0,0,0,0,0
220,AgentA wins,15.00,0,0,0,0,0,0,0,0,0,0
211,AgentA wins,18.00,0,0,0,0,0,0,0,0,0,0
212,AgentA wins,18.00,0,0,0,0,0,0,0,0,0,0
213,AgentA wins,27.00,0,0,0,0,0,0,0,0,0,0
214,AgentA wins,18.00,0,0,0,0,0,0,0,0,0,0
215,AgentA wins,18.00,0,0,0,0,0,0,0,0,0,0
216,AgentB wins,34.33,0,0,0,0,0,0,0,0,0,0
217,AgentB wins,36.67,0,0,0,0,0,0,0,0,0,0
218,AgentA wins,15.00,0,0,0,0,0,0,0,0,0,0
219,AgentA wins,15.00,0,0,0,0,0,0,0,0,0,0
220,AgentA wins,36.00,0,0,0,0,0,0,0,0,0,0
291,AgentA wins,20.00,0,0,0,0,0,0,0,0,0,0
292,AgentA wins,20.00,0,0,0,0,0,0,0,0,0,0
293,AgentA wins,20.00,0,0,0,0,0,0,0,0,0,0
294,AgentA wins,20.00,0,0,0,0,0,0,0,0,0,0
295,AgentA wins,20.00,0,0,0,0,0,0,0,0,0,0
296,AgentA wins,15.00,0,0,0,0,0,0,0,0,0,0
297,AgentA wins,20.00,0,0,0,0,0,0,0,0,0,0
298,AgentA wins,20.00,0,0,0,0,0,0,0,0,0,0
299,AgentA wins,15.00,0,0,0,0,0,0,0,0,0,0
300,AgentA wins,15.00,0,0,0,0,0,0,0,0,0,0
201,AgentA wins,18.00,0,0,0,0,0,0,0,0,0,0
202,AgentB wins,30.33,0,0,0,0,0,0,0,0,0,0
203,AgentA wins,26.00,0,0,0,0,0,0,0,0,0,0
204,AgentA wins,21.00,0,0,0,0,0,0,0,0,0,0
205,AgentA wins,30.00,0,0,0,0,0,0,0,0,0,0
206,AgentA wins,15.00,0,0,0,0,0,0,0,0,0,0
207,AgentA wins,29.33,0,0,0,0,0,0,0,0,0,0
208,AgentA wins,24.00,0,0,0,0,0,0,0,0,0,0
209,AgentA wins,15.00,0,0,0,0,0,0,0,0,0,0
210,AgentA wins,24.33,0,0,0,0,0,0,0,0,0,0
301,AgentA wins,20.00,0,0,0,0,0,0,0,0,0,0
302,AgentA wins,18.00,0,0,0,0,0,0,0,0,0,0
303,AgentA wins,18.00,0,0,0,0,0,0,0,0,0,0
304,AgentA wins,20.00,0,0,0,0,0,0,0,0,0,0
305,AgentA wins,18.00,0,0,0,0,0,0,0,0,0,0
306,AgentA wins,15.00,0,0,0,0,0,0,0,0,0,0
307,AgentA wins,18.00,0,0,0,0,0,0,0,0,0,0
308,AgentA wins,18.00,0,0,0,0,0,0,0,0,0,0
309,AgentA wins,20.00,0,0,0,0,0,0,0,0,0,0
310,AgentA wins,19.67,0,0,0,0,0,0,0,0,0,0
201,AgentA wins,21.00,0,0,0,0,0,0,0,0,0,0
202,AgentA wins,18.00,0,0,0,0,0,0,0,0,0,0
203,AgentA wins,34.33,0,0,0,0,0,0,0,0,0,0
204,AgentB wins,36.67,0,0,0,0,0,0,0,0,0,0
205,AgentA wins,18.00,0,0,0,0,0,0,0,0,0,0
206,AgentA wins,15.00,0,0,0,0,0,0,0,0,0,0
207,AgentA wins,31.67,0,0,0,0,0,0,0,0,0,0
208,AgentA wins,28.67,0,0,0,0,0,0,0,0,0,0
209,AgentA wins,31.33,0,0,0,0,0,0,0,0,0,0
210,AgentA wins,29.00,0,0,0,0,0,0,0,0,0,0
301,AgentA wins,20.00,0,0,0,0,0,0,0,0,0,0
302,AgentA wins,20.00,0,0,0,0,0,0,0,0,0,0
303,AgentA wins,20.00,0,0,0,0,0,0,0,0,0,0
304,AgentA wins,18.00,0,0,0,0,0,0,0,0,0,0
305,AgentA wins,18.00,0,0,0,0,0,0,0,0,0,0
306,AgentA wins,18.00,0,0,0,0,0,0,0,0,0,0
307,AgentA wins,20.00,0,0,0,0,0,0,0,0,0,0
308,AgentA wins,19.67,0,0,0,0,0,0,0,0,0,0
309,AgentA wins,17.00,0,0,0,0,0,0,0,0,0,0
310,AgentA wins,15.00,0,0,0,0,0,0,0,0,0,0
301,AgentA wins,20.00,0,0,0,0,0,0,0,0,0,0
302,AgentA wins,15.00,0,0,0,0,0,0,0,0,0,0
303,AgentA wins,20.00,0,0,0,0,0,0,0,0,0,0
304,AgentA wins,17.00,0,0,0,0,0,0,0,0,0,0
305,AgentA wins,18.00,0,0,0,0,0,0,0,0,0,0
306,AgentA wins,20.00,0,0,0,0,0,0,0,0,0,0
307,AgentA wins,18.00,0,0,0,0,0,0,0,0,0,0
308,AgentA wins,20.00,0,0,0,0,0,0,0,0,0,0
309,AgentA wins,20.00,0,0,0,0,0,0,0,0,0,0
310,AgentA wins,20.00,0,0,0,0,0,0,0,0,0,0
301,AgentA wins,18.00,0,0,0,0,0,0,0,0,0,0
302,AgentA wins,20.00,0,0,0,0,0,0,0,0,0,0
303,AgentA wins,19.67,0,0,0,0,0,0,0,0,0,0
304,AgentA wins,20.00,0,0,0,0,0,0,0,0,0,0
305,AgentA wins,19.67,0,0,0,0,0,0,0,0,0,0
306,AgentA wins,17.00,0,0,0,0,0,0,0,0,0,0
307,AgentA wins,20.00,0,0,0,0,0,0,0,0,0,0
308,AgentA wins,15.00,0,0,0,0,0,0,0,0,0,0
309,AgentA wins,20.00,0,0,0,0,0,0,0,0,0,0
310,AgentA wins,20.00,0,0,0,0,0,0,0,0,0,0
301,AgentA wins,20.00,0,0,0,0,0,0,0,0,0,0
302,AgentA wins,23.33,0,0,0,0,0,0,0,0,0,0
303,AgentA wins,20.00,0,0,0,0,0,0,0,0,0,0
304,AgentA wins,17.00,0,0,0,0,0,0,0,0,0,0
305,AgentA wins,17.00,0,0,0,0,0,0,0,0,0,0
306,AgentA wins,20.00,0,0,0,0,0,0,0,0,0,0
307,AgentA wins,15.00,0,0,0,0,0,0,0,0,0,0
308,AgentA wins,20.00,0,0,0,0,0,0,0,0,0,0
309,AgentA wins,15.00,0,0,0,0,0,0,0,0,0,0
310,AgentA wins,20.00,0,0,0,0,0,0,0,0,0,0
301,AgentA wins,20.00,0,0,0,0,0,0,0,0,0,0
302,AgentA wins,20.00,0,0,0,0,0,0,0,0,0,0
303,AgentA wins,20.00,0,0,0,0,0,0,0,0,0,0
304,AgentA wins,20.00,0,0,0,0,0,0,0,0,0,0
305,AgentA wins,15.00,0,0,0,0,0,0,0,0,0,0
306,AgentA wins,20.00,0,0,0,0,0,0,0,0,0,0
307,AgentA wins,20.00,0,0,0,0,0,0,0,0,0,0
308,AgentA wins,19.67,0,0,0,0,0,0,0,0,0,0
309,AgentA wins,20.00,0,0,0,0,0,0,0,0,0,0
310,AgentA wins,20.00,0,0,0,0,0,0,0,0,0,0
301,AgentA wins,20.00,0,0,0,0,0,0,0,0,0,0
302,AgentA wins,20.00,0,0,0,0,0,0,0,0,0,0
303,AgentA wins,18.00,0,0,0,0,0,0,0,0,0,0
304,AgentA wins,20.00,0,0,0,0,0,0,0,0,0,0
305,AgentA wins,20.00,0,0,0,0,0,0,0,0,0,0
306,AgentA wins,18.00,0,0,0,0,0,0,0,0,0,0
307,AgentA wins,18.00,0,0,0,0,0,0,0,0,0,0
308,AgentA wins,18.00,0,0,0,0,0,0,0,0,0,0
309,AgentA wins,20.00,0,0,0,0,0,0,0,0,0,0
310,AgentA wins,20.00,0,0,0,0,0,0,0,0,0,0
301,AgentA wins,15.00,0,0,0,0,0,0,0,0,0,0
302,AgentA wins,18.00,0,0,0,0,0,0,0,0,0,0
303,AgentA wins,18.00,0,0,0,0,0,0,0,0,0,0
304,AgentA wins,15.00,0,0,0,0,0,0,0,0,0,0
305,AgentA wins,20.00,0,0,0,0,0,0,0,0,0,0
306,AgentA wins,20.00,0,0,0,0,0,0,0,0,0,0
307,AgentA wins,15.00,0,0,0,0,0,0,0,0,0,0
308,AgentA wins,20.00,0,0,0,0,0,0,0,0,0,0
309,AgentA wins,15.00,0,0,0,0,0,0,0,0,0,0
310,AgentA wins,18.00,0,0,0,0,0,0,0,0,0,0
301,AgentA wins,20.00,0,0,0,0,0,0,0,0,0,0
302,AgentA wins,15.00,0,0,0,0,0,0,0,0,0,0
303,AgentA wins,20.00,0,0,0,0,0,0,0,0,0,0
304,AgentA wins,20.00,0,0,0,0,0,0,0,0,0,0
305,AgentA wins,18.00,0,0,0,0,0,0,0,0,0,0
306,AgentA wins,18.00,0,0,0,0,0,0,0,0,0,0
307,AgentA wins,19.67,0,0,0,0,0,0,0,0,0,0
308,AgentA wins,18.00,0,0,0,0,0,0,0,0,0,0
309,AgentA wins,20.00,0,0,0,0,0,0,0,0,0,0
310,AgentA wins,20.00,0,0,0,0,0,0,0,0,0,0
301,AgentA wins,20.00,0,0,0,0,0,0,0,0,0,0
302,AgentA wins,15.00,0,0,0,0,0,0,0,0,0,0
303,AgentA wins,19.67,0,0,0,0,0,0,0,0,0,0
304,AgentA wins,20.00,0,0,0,0,0,0,0,0,0,0
305,AgentA wins,20.00,0,0,0,0,0,0,0,0,0,0
306,AgentA wins,20.00,0,0,0,0,0,0,0,0,0,0
307,AgentA wins,20.00,0,0,0,0,0,0,0,0,0,0
308,AgentA wins,18.00,0,0,0,0,0,0,0,0,0,0
309,AgentA wins,20.00,0,0,0,0,0,0,0,0,0,0
310,AgentA wins,18.00,0,0,0,0,0,0,0,0,0,0
301,AgentA wins,18.00,0,0,0,0,0,0,0,0,0,0
302,AgentA wins,19.67,0,0,0,0,0,0,0,0,0,0
303,AgentA wins,20.00,0,0,0,0,0,0,0,0,0,0
304,AgentA wins,20.00,0,0,0,0,0,0,0,0,0,0
305,AgentA wins,20.00,0,0,0,0,0,0,0,0,0,0
306,AgentA wins,17.00,0,0,0,0,0,0,0,0,0,0
307,AgentA wins,20.00,0,0,0,0,0,0,0,0,0,0
308,AgentA wins,18.00,0,0,0,0,0,0,0,0,0,0
309,AgentA wins,18.00,0,0,0,0,0,0,0,0,0,0
310,AgentA wins,15.00,0,0,0,0,0,0,0,0,0,0
301,AgentA wins,20.00,0,0,0,0,0,0,0,0,0,0
302,AgentA wins,18.00,0,0,0,0,0,0,0,0,0,0
303,AgentA wins,20.00,0,0,0,0,0,0,0,0,0,0
304,AgentA wins,20.00,0,0,0,0,0,0,0,0,0,0
305,AgentA wins,20.00,0,0,0,0,0,0,0,0,0,0
306,AgentA wins,20.00,0,0,0,0,0,0,0,0,0,0
307,AgentA wins,20.00,0,0,0,0,0,0,0,0,0,0
308,AgentA wins,18.00,0,0,0,0,0,0,0,0,0,0
309,AgentA wins,19.67,0,0,0,0,0,0,0,0,0,0
310,AgentA wins,20.00,0,0,0,0,0,0,0,0,0,0
211,AgentA wins,21.00,0,0,0,0,0,0,0,0,0,0
212,AgentA wins,15.00,0,0,0,0,0,0,0,0,0,0
213,AgentA wins,18.00,0,0,0,0,0,0,0,0,0,0
214,AgentA wins,15.00,0,0,0,0,0,0,0,0,0,0
215,AgentA wins,15.00,0,0,0,0,0,0,0,0,0,0
216,AgentA wins,15.00,0,0,0,0,0,0,0,0,0,0
217,AgentA wins,15.00,0,0,0,0,0,0,0,0,0,0
218,AgentA wins,56.00,0,0,0,0,0,0,0,0,0,0
219,AgentA wins,36.33,0,0,0,0,0,0,0,0,0,0
220,AgentA wins,31.33,0,0,0,0,0,0,0,0,0,0
301,AgentA wins,20.00,0,0,0,0,0,0,0,0,0,0
302,AgentA wins,20.00,0,0,0,0,0,0,0,0,0,0
303,AgentA wins,20.00,0,0,0,0,0,0,0,0,0,0
304,AgentA wins,15.00,0,0,0,0,0,0,0,0,0,0
305,AgentA wins,20.00,0,0,0,0,0,0,0,0,0,0
306,AgentA wins,18.00,0,0,0,0,0,0,0,0,0,0
307,AgentA wins,15.00,0,0,0,0,0,0,0,0,0,0
308,AgentA wins,20.00,0,0,0,0,0,0,0,0,0,0
309,AgentA wins,15.00,0,0,0,0,0,0,0,0,0,0
310,AgentA wins,20.00,0,0,0,0,0,0,0,0,0,0
301,AgentA wins,15.00,0,0,0,0,0,0,0,0,0,0
302,AgentA wins,20.00,0,0,0,0,0,0,0,0,0,0
303,AgentA wins,20.00,0,0,0,0,0,0,0,0,0,0
304,AgentA wins,20.00,0,0,0,0,0,0,0,0,0,0
305,AgentA wins,20.00,0,0,0,0,0,0,0,0,0,0
306,AgentA wins,20.00,0,0,0,0,0,0,0,0,0,0
307,AgentA wins,20.00,0,0,0,0,0,0,0,0,0,0
308,AgentA wins,18.00,0,0,0,0,0,0,0,0,0,0
309,AgentA wins,20.00,0,0,0,0,0,0,0,0,0,0
310,AgentA wins,20.00,0,0,0,0,0,0,0,0,0,0
221,AgentA wins,31.67,0,0,0,0,0,0,0,0,0,0
222,AgentB wins,31.67,0,0,0,0,0,0,0,0,0,0
223,AgentA wins,15.00,0,0,0,0,0,0,0,0,0,0
224,AgentA wins,36.67,0,0,0,0,0,0,0,0,0,0
225,AgentA wins,24.00,0,0,0,0,0,0,0,0,0,0
226,AgentA wins,15.00,0,0,0,0,0,0,0,0,0,0
227,AgentA wins,18.00,0,0,0,0,0,0,0,0,0,0
228,AgentA wins,18.00,0,0,0,0,0,0,0,0,0,0
229,AgentA wins,18.00,0,0,0,0,0,0,0,0,0,0
230,AgentA wins,29.00,0,0,0,0,0,0,0,0,0,0
241,AgentA wins,33.00,294,298,0,191,0,233,0,39,33,73
242,AgentA wins,15.00,133,137,0,72,0,102,0,13,17,27
243,AgentA wins,27.00,248,242,0,137,0,187,0,33,27,54
244,AgentA wins,15.00,136,134,0,80,0,112,0,15,16,35
245,AgentA wins,15.00,133,134,0,84,0,104,0,14,12,43
246,AgentA wins,18.00,163,161,0,102,0,127,0,19,15,50
247,AgentA wins,33.00,299,296,0,177,0,218,0,33,18,89
248,AgentA wins,32.00,291,292,0,163,0,242,0,32,43,63
249,AgentA wins,15.00,136,139,0,94,0,116,0,20,14,28
250,AgentA wins,15.00,133,134,0,79,0,109,0,14,12,36
301,AgentA wins,20.00,0,0,0,0,0,0,0,0,0,0
302,AgentA wins,15.00,0,0,0,0,0,0,0,0,0,0
303,AgentA wins,20.00,0,0,0,0,0,0,0,0,0,0
304,AgentA wins,15.00,0,0,0,0,0,0,0,0,0,0
305,AgentA wins,20.00,0,0,0,0,0,0,0,0,0,0
306,AgentA wins,20.00,0,0,0,0,0,0,0,0,0,0
307,AgentA wins,20.00,0,0,0,0,0,0,0,0,0,0
308,AgentA wins,17.00,0,0,0,0,0,0,0,0,0,0
309,AgentA wins,20.00,0,0,0,0,0,0,0,0,0,0
310,AgentA wins,20.00,0,0,0,0,0,0,0,0,0,0
211,AgentB wins,42.67,0,0,0,0,0,0,0,0,0,0
212,AgentA wins,15.00,0,0,0,0,0,0,0,0,0,0
213,AgentA wins,43.67,0,0,0,0,0,0,0,0,0,0
214,AgentA wins,15.00,0,0,0,0,0,0,0,0,0,0
215,AgentA wins,46.33,0,0,0,0,0,0,0,0,0,0
216,AgentA wins,18.00,0,0,0,0,0,0,0,0,0,0
217,AgentA wins,28.67,0,0,0,0,0,0,0,0,0,0
218,AgentA wins,18.00,0,0,0,0,0,0,0,0,0,0
219,AgentA wins,15.00,0,0,0,0,0,0,0,0,0,0
220,AgentA wins,24.00,0,0,0,0,0,0,0,0,0,0
211,AgentA wins,33.00,0,0,0,0,0,0,0,0,0,0
212,AgentA wins,23.67,0,0,0,0,0,0,0,0,0,0
213,AgentB wins,21.67,0,0,0,0,0,0,0,0,0,0
214,AgentA wins,15.00,0,0,0,0,0,0,0,0,0,0
215,AgentA wins,29.00,0,0,0,0,0,0,0,0,0,0
216,AgentA wins,30.00,0,0,0,0,0,0,0,0,0,0
217,AgentB wins,31.67,0,0,0,0,0,0,0,0,0,0
218,AgentA wins,50.33,0,0,0,0,0,0,0,0,0,0
219,AgentA wins,32.67,0,0,0,0,0,0,0,0,0,0
220,AgentA wins,32.67,0,0,0,0,0,0,0,0,0,0
311,AgentA wins,20.00,0,0,0,0,0,0,0,0,0,0
312,AgentA wins,20.00,0,0,0,0,0,0,0,0,0,0
313,AgentA wins,18.00,0,0,0,0,0,0,0,0,0,0
314,AgentA wins,15.00,0,0,0,0,0,0,0,0,0,0
315,AgentA wins,15.00,0,0,0,0,0,0,0,0,0,0
316,AgentA wins,18.00,0,0,0,0,0,0,0,0,0,0
317,AgentA wins,20.00,0,0,0,0,0,0,0,0,0,0
318,AgentA wins,17.00,0,0,0,0,0,0,0,0,0,0
319,AgentA wins,20.00,0,0,0,0,0,0,0,0,0,0
320,AgentA wins,20.00,0,0,0,0,0,0,0,0,0,0
221,AgentA wins,15.00,0,0,0,0,0,0,0,0,0,0
222,AgentA wins,30.00,0,0,0,0,0,0,0,0,0,0
223,AgentA wins,21.00,0,0,0,0,0,0,0,0,0,0
224,AgentA wins,41.00,0,0,0,0,0,0,0,0,0,0
225,AgentB wins,30.33,0,0,0,0,0,0,0,0,0,0
226,AgentA wins,15.00,0,0,0,0,0,0,0,0,0,0
227,AgentA wins,42.00,0,0,0,0,0,0,0,0,0,0
228,AgentA wins,38.00,0,0,0,0,0,0,0,0,0,0
229,AgentA wins,34.33,0,0,0,0,0,0,0,0,0,0
230,AgentA wins,24.00,0,0,0,0,0,0,0,0,0,0
311,AgentA wins,15.00,0,0,0,0,0,0,0,0,0,0
312,AgentA wins,20.00,0,0,0,0,0,0,0,0,0,0
313,AgentA wins,20.00,0,0,0,0,0,0,0,0,0,0
314,AgentA wins,20.00,0,0,0,0,0,0,0,0,0,0
315,AgentA wins,20.00,0,0,0,0,0,0,0,0,0,0
316,AgentA wins,20.00,0,0,0,0,0,0,0,0,0,0
317,AgentA wins,18.00,0,0,0,0,0,0,0,0,0,0
318,AgentA wins,18.00,0,0,0,0,0,0,0,0,0,0
319,AgentA wins,19.67,0,0,0,0,0,0,0,0,0,0
320,AgentA wins,19.67,0,0,0,0,0,0,0,0,0,0
311,AgentA wins,20.00,0,0,0,0,0,0,0,0,0,0
312,AgentA wins,18.00,0,0,0,0,0,0,0,0,0,0
313,AgentA wins,18.00,0,0,0,0,0,0,0,0,0,0
314,AgentA wins,20.00,0,0,0,0,0,0,0,0,0,0
315,AgentA wins,18.00,0,0,0,0,0,0,0,0,0,0
316,AgentA wins,20.00,0,0,0,0,0,0,0,0,0,0
317,AgentA wins,15.00,0,0,0,0,0,0,0,0,0,0
318,AgentA wins,20.00,0,0,0,0,0,0,0,0,0,0
319,AgentA wins,15.00,0,0,0,0,0,0,0,0,0,0
320,AgentA wins,19.67,0,0,0,0,0,0,0,0,0,0
211,AgentA wins,24.00,0,0,0,0,0,0,0,0,0,0
212,AgentA wins,18.00,0,0,0,0,0,0,0,0,0,0
213,AgentA wins,15.00,0,0,0,0,0,0,0,0,0,0
214,AgentA wins,26.33,0,0,0,0,0,0,0,0,0,0
215,AgentA wins,25.67,0,0,0,0,0,0,0,0,0,0
216,AgentA wins,39.00,0,0,0,0,0,0,0,0,0,0
217,AgentA wins,26.67,0,0,0,0,0,0,0,0,0,0
218,AgentA wins,15.00,0,0,0,0,0,0,0,0,0,0
219,AgentA wins,34.00,0,0,0,0,0,0,0,0,0,0
220,AgentA wins,15.00,0,0,0,0,0,0,0,0,0,0
311,AgentA wins,18.00,0,0,0,0,0,0,0,0,0,0
312,AgentA wins,20.00,0,0,0,0,0,0,0,0,0,0
313,AgentA wins,20.00,0,0,0,0,0,0,0,0,0,0
314,AgentA wins,20.00,0,0,0,0,0,0,0,0,0,0
315,AgentA wins,20.00,0,0,0,0,0,0,0,0,0,0
316,AgentA wins,20.00,0,0,0,0,0,0,0,0,0,0
317,AgentA wins,18.00,0,0,0,0,0,0,0,0,0,0
318,AgentA wins,20.00,0,0,0,0,0,0,0,0,0,0
319,AgentA wins,20.00,0,0,0,0,0,0,0,0,0,0
320,AgentA wins,20.00,0,0,0,0,0,0,0,0,0,0
221,AgentA wins,21.00,0,0,0,0,0,0,0,0,0,0
222,AgentA wins,32.00,0,0,0,0,0,0,0,0,0,0
223,AgentA wins,42.33,0,0,0,0,0,0,0,0,0,0
224,AgentA wins,15.00,0,0,0,0,0,0,0,0,0,0
225,AgentA wins,15.00,0,0,0,0,0,0,0,0,0,0
226,AgentA wins,36.00,0,0,0,0,0,0,0,0,0,0
227,AgentA wins,15.00,0,0,0,0,0,0,0,0,0,0
228,AgentA wins,37.00,0,0,0,0,0,0,0,0,0,0
229,AgentA wins,33.00,0,0,0,0,0,0,0,0,0,0
230,AgentB wins,39.00,0,0,0,0,0,0,0,0,0,0
311,AgentA wins,17.00,0,0,0,0,0,0,0,0,0,0
312,AgentA wins,17.00,0,0,0,0,0,0,0,0,0,0
313,AgentA wins,20.00,0,0,0,0,0,0,0,0,0,0
314,AgentA wins,18.00,0,0,0,0,0,0,0,0,0,0
315,AgentA wins,18.00,0,0,0,0,0,0,0,0,0,0
316,AgentA wins,18.00,0,0,0,0,0,0,0,0,0,0
317,AgentA wins,20.00,0,0,0,0,0,0,0,0,0,0
318,AgentA wins,18.00,0,0,0,0,0,0,0,0,0,0
319,AgentA wins,20.00,0,0,0,0,0,0,0,0,0,0
320,AgentA wins,20.00,0,0,0,0,0,0,0,0,0,0
311,AgentA wins,17.00,0,0,0,0,0,0,0,0,0,0
312,AgentA wins,18.00,0,0,0,0,0,0,0,0,0,0
313,AgentA wins,20.00,0,0,0,0,0,0,0,0,0,0
314,AgentA wins,15.00,0,0,0,0,0,0,0,0,0,0
315,AgentA wins,18.00,0,0,0,0,0,0,0,0,0,0
316,AgentA wins,20.00,0,0,0,0,0,0,0,0,0,0
317,AgentA wins,20.00,0,0,0,0,0,0,0,0,0,0
318,AgentA wins,20.00,0,0,0,0,0,0,0,0,0,0
319,AgentA wins,20.00,0,0,0,0,0,0,0,0,0,0
320,AgentA wins,20.00,0,0,0,0,0,0,0,0,0,0
221,timeout draw,60.00,0,0,0,0,0,0,0,0,0,0
222,AgentA wins,30.00,0,0,0,0,0,0,0,0,0,0
223,AgentA wins,35.00,0,0,0,0,0,0,0,0,0,0
224,AgentA wins,18.00,0,0,0,0,0,0,0,0,0,0
225,AgentB wins,22.33,0,0,0,0,0,0,0,0,0,0
226,AgentA wins,25.67,0,0,0,0,0,0,0,0,0,0
227,AgentA wins,24.00,0,0,0,0,0,0,0,0,0,0
228,AgentA wins,18.00,0,0,0,0,0,0,0,0,0,0
229,AgentA wins,48.67,0,0,0,0,0,0,0,0,0,0
230,AgentA wins,27.00,0,0,0,0,0,0,0,0,0,0
211,AgentA wins,15.00,0,0,0,0,0,0,0,0,0,0
212,AgentA wins,15.00,0,0,0,0,0,0,0,0,0,0
213,AgentA wins,18.00,0,0,0,0,0,0,0,0,0,0
214,AgentA wins,18.67,0,0,0,0,0,0,0,0,0,0
215,AgentA wins,24.00,0,0,0,0,0,0,0,0,0,0
216,AgentA wins,26.33,0,0,0,0,0,0,0,0,0,0
217,AgentA wins,32.33,0,0,0,0,0,0,0,0,0,0
218,AgentA wins,37.67,0,0,0,0,0,0,0,0,0,0
219,AgentA wins,32.00,0,0,0,0,0,0,0,0,0,0
220,AgentA wins,26.33,0,0,0,0,0,0,0,0,0,0
311,AgentA wins,15.00,0,0,0,0,0,0,0,0,0,0
312,AgentA wins,20.00,0,0,0,0,0,0,0,0,0,0
313,AgentA wins,20.00,0,0,0,0,0,0,0,0,0,0
314,AgentA wins,20.00,0,0,0,0,0,0,0,0,0,0
315,AgentA wins,20.00,0,0,0,0,0,0,0,0,0,0
316,AgentA wins,20.00,0,0,0,0,0,0,0,0,0,0
317,AgentA wins,20.00,0,0,0,0,0,0,0,0,0,0
318,AgentA wins,18.00,0,0,0,0,0,0,0,0,0,0
319,AgentA wins,20.00,0,0,0,0,0,0,0,0,0,0
320,AgentA wins,17.00,0,0,0,0,0,0,0,0,0,0
311,AgentA wins,20.00,0,0,0,0,0,0,0,0,0,0
312,AgentA wins,18.00,0,0,0,0,0,0,0,0,0,0
313,AgentA wins,20.00,0,0,0,0,0,0,0,0,0,0
314,AgentA wins,20.00,0,0,0,0,0,0,0,0,0,0
315,AgentA wins,20.00,0,0,0,0,0,0,0,0,0,0
316,AgentA wins,20.00,0,0,0,0,0,0,0,0,0,0
317,AgentA wins,20.00,0,0,0,0,0,0,0,0,0,0
318,AgentA wins,20.00,0,0,0,0,0,0,0,0,0,0
319,AgentA wins,20.00,0,0,0,0,0,0,0,0,0,0
320,AgentA wins,15.00,0,0,0,0,0,0,0,0,0,0
311,AgentA wins,20.00,0,0,0,0,0,0,0,0,0,0
312,AgentA wins,15.00,0,0,0,0,0,0,0,0,0,0
313,AgentA wins,20.00,0,0,0,0,0,0,0,0,0,0
314,AgentA wins,20.00,0,0,0,0,0,0,0,0,0,0
315,AgentA wins,18.00,0,0,0,0,0,0,0,0,0,0
316,AgentA wins,17.00,0,0,0,0,0,0,0,0,0,0
317,AgentA wins,19.67,0,0,0,0,0,0,0,0,0,0
318,AgentA wins,17.00,0,0,0,0,0,0,0,0,0,0
319,AgentA wins,20.00,0,0,0,0,0,0,0,0,0,0
320,AgentA wins,20.00,0,0,0,0,0,0,0,0,0,0
311,AgentA wins,20.00,0,0,0,0,0,0,0,0,0,0
312,AgentA wins,20.00,0,0,0,0,0,0,0,0,0,0
313,AgentA wins,20.00,0,0,0,0,0,0,0,0,0,0
314,AgentA wins,17.00,0,0,0,0,0,0,0,0,0,0
315,AgentA wins,20.00,0,0,0,0,0,0,0,0,0,0
316,AgentA wins,17.00,0,0,0,0,0,0,0,0,0,0
317,AgentA wins,20.00,0,0,0,0,0,0,0,0,0,0
318,AgentA wins,20.00,0,0,0,0,0,0,0,0,0,0
319,AgentA wins,20.00,0,0,0,0,0,0,0,0,0,0
320,AgentA wins,20.00,0,0,0,0,0,0,0,0,0,0
311,AgentA wins,20.00,0,0,0,0,0,0,0,0,0,0
312,AgentA wins,20.00,0,0,0,0,0,0,0,0,0,0
313,AgentA wins,15.00,0,0,0,0,0,0,0,0,0,0
314,AgentA wins,19.67,0,0,0,0,0,0,0,0,0,0
315,AgentA wins,18.00,0,0,0,0,0,0,0,0,0,0
316,AgentA wins,20.00,0,0,0,0,0,0,0,0,0,0
317,AgentA wins,15.00,0,0,0,0,0,0,0,0,0,0
318,AgentA wins,20.00,0,0,0,0,0,0,0,0,0,0
319,AgentA wins,20.00,0,0,0,0,0,0,0,0,0,0
320,AgentA wins,19.67,0,0,0,0,0,0,0,0,0,0
311,AgentA wins,20.00,0,0,0,0,0,0,0,0,0,0
312,AgentA wins,20.00,0,0,0,0,0,0,0,0,0,0
313,AgentA wins,20.00,0,0,0,0,0,0,0,0,0,0
314,AgentA wins,20.00,0,0,0,0,0,0,0,0,0,0
315,AgentA wins,20.00,0,0,0,0,0,0,0,0,0,0
316,AgentA wins,17.00,0,0,0,0,0,0,0,0,0,0
317,AgentA wins,15.00,0,0,0,0,0,0,0,0,0,0
318,AgentA wins,15.00,0,0,0,0,0,0,0,0,0,0
319,AgentA wins,18.00,0,0,0,0,0,0,0,0,0,0
320,AgentA wins,19.67,0,0,0,0,0,0,0,0,0,0
311,AgentA wins,18.00,0,0,0,0,0,0,0,0,0,0
312,AgentA wins,20.00,0,0,0,0,0,0,0,0,0,0
313,AgentA wins,17.00,0,0,0,0,0,0,0,0,0,0
314,AgentA wins,18.00,0,0,0,0,0,0,0,0,0,0
315,AgentA wins,20.00,0,0,0,0,0,0,0,0,0,0
316,AgentA wins,19.67,0,0,0,0,0,0,0,0,0,0
317,AgentA wins,15.00,0,0,0,0,0,0,0,0,0,0
318,AgentA wins,17.00,0,0,0,0,0,0,0,0,0,0
319,AgentA wins,20.00,0,0,0,0,0,0,0,0,0,0
320,AgentA wins,18.00,0,0,0,0,0,0,0,0,0,0
311,AgentA wins,20.00,0,0,0,0,0,0,0,0,0,0
312,AgentA wins,20.00,0,0,0,0,0,0,0,0,0,0
313,AgentA wins,20.00,0,0,0,0,0,0,0,0,0,0
314,AgentA wins,15.00,0,0,0,0,0,0,0,0,0,0
315,AgentA wins,19.67,0,0,0,0,0,0,0,0,0,0
316,AgentA wins,19.67,0,0,0,0,0,0,0,0,0,0
317,AgentA wins,20.00,0,0,0,0,0,0,0,0,0,0
318,AgentA wins,15.00,0,0,0,0,0,0,0,0,0,0
319,AgentA wins,20.00,0,0,0,0,0,0,0,0,0,0
320,AgentA wins,20.00,0,0,0,0,0,0,0,0,0,0
221,AgentA wins,37.00,0,0,0,0,0,0,0,0,0,0
222,AgentA wins,24.00,0,0,0,0,0,0,0,0,0,0
223,AgentA wins,27.00,0,0,0,0,0,0,0,0,0,0
224,AgentA wins,23.67,0,0,0,0,0,0,0,0,0,0
225,AgentA wins,15.00,0,0,0,0,0,0,0,0,0,0
226,AgentA wins,15.00,0,0,0,0,0,0,0,0,0,0
227,AgentA wins,15.00,0,0,0,0,0,0,0,0,0,0
228,AgentB wins,31.33,0,0,0,0,0,0,0,0,0,0
229,AgentA wins,23.67,0,0,0,0,0,0,0,0,0,0
230,AgentA wins,24.00,0,0,0,0,0,0,0,0,0,0
311,AgentA wins,15.00,0,0,0,0,0,0,0,0,0,0
312,AgentA wins,20.00,0,0,0,0,0,0,0,0,0,0
313,AgentA wins,20.00,0,0,0,0,0,0,0,0,0,0
314,AgentA wins,20.00,0,0,0,0,0,0,0,0,0,0
315,AgentA wins,19.67,0,0,0,0,0,0,0,0,0,0
316,AgentA wins,20.00,0,0,0,0,0,0,0,0,0,0
317,AgentA wins,20.00,0,0,0,0,0,0,0,0,0,0
318,AgentA wins,15.00,0,0,0,0,0,0,0,0,0,0
319,AgentA wins,20.00,0,0,0,0,0,0,0,0,0,0
320,AgentA wins,20.00,0,0,0,0,0,0,0,0,0,0
321,AgentA wins,19.67,0,0,0,0,0,0,0,0,0,0
322,AgentA wins,20.00,0,0,0,0,0,0,0,0,0,0
323,AgentA wins,17.00,0,0,0,0,0,0,0,0,0,0
324,AgentA wins,20.00,0,0,0,0,0,0,0,0,0,0
325,AgentA wins,15.00,0,0,0,0,0,0,0,0,0,0
326,AgentA wins,20.00,0,0,0,0,0,0,0,0,0,0
327,AgentA wins,15.00,0,0,0,0,0,0,0,0,0,0
328,AgentA wins,20.00,0,0,0,0,0,0,0,0,0,0
329,AgentA wins,15.00,0,0,0,0,0,0,0,0,0,0
330,AgentA wins,15.00,0,0,0,0,0,0,0,0,0,0
231,AgentA wins,15.00,0,0,0,0,0,0,0,0,0,0
232,AgentA wins,28.67,0,0,0,0,0,0,0,0,0,0
233,AgentA wins,34.67,0,0,0,0,0,0,0,0,0,0
234,AgentA wins,18.00,0,0,0,0,0,0,0,0,0,0
235,AgentA wins,30.00,0,0,0,0,0,0,0,0,0,0
236,AgentA wins,21.00,0,0,0,0,0,0,0,0,0,0
237,AgentA wins,15.00,0,0,0,0,0,0,0,0,0,0
238,AgentA wins,31.33,0,0,0,0,0,0,0,0,0,0
239,AgentA wins,21.00,0,0,0,0,0,0,0,0,0,0
240,AgentA wins,27.00,0,0,0,0,0,0,0,0,0,0
321,AgentA wins,20.00,0,0,0,0,0,0,0,0,0,0
322,AgentA wins,18.00,0,0,0,0,0,0,0,0,0,0
323,AgentA wins,15.00,0,0,0,0,0,0,0,0,0,0
324,AgentA wins,20.00,0,0,0,0,0,0,0,0,0,0
325,AgentA wins,17.00,0,0,0,0,0,0,0,0,0,0
326,AgentA wins,15.00,0,0,0,0,0,0,0,0,0,0
327,AgentA wins,23.33,0,0,0,0,0,0,0,0,0,0
328,AgentA wins,17.00,0,0,0,0,0,0,0,0,0,0
329,AgentA wins,18.00,0,0,0,0,0,0,0,0,0,0
330,AgentA wins,20.00,0,0,0,0,0,0,0,0,0,0
321,AgentA wins,18.00,0,0,0,0,0,0,0,0,0,0
322,AgentA wins,20.00,0,0,0,0,0,0,0,0,0,0
323,AgentA wins,20.00,0,0,0,0,0,0,0,0,0,0
324,AgentA wins,20.00,0,0,0,0,0,0,0,0,0,0
325,AgentA wins,15.00,0,0,0,0,0,0,0,0,0,0
326,AgentA wins,20.00,0,0,0,0,0,0,0,0,0,0
327,AgentA wins,15.00,0,0,0,0,0,0,0,0,0,0
328,AgentA wins,20.00,0,0,0,0,0,0,0,0,0,0
329,AgentA wins,15.00,0,0,0,0,0,0,0,0,0,0
330,AgentA wins,15.00,0,0,0,0,0,0,0,0,0,0
231,AgentA wins,15.00,0,0,0,0,0,0,0,0,0,0
232,AgentA wins,25.00,0,0,0,0,0,0,0,0,0,0
233,AgentA wins,15.00,0,0,0,0,0,0,0,0,0,0
234,AgentB wins,33.33,0,0,0,0,0,0,0,0,0,0
235,AgentA wins,21.00,0,0,0,0,0,0,0,0,0,0
236,AgentB wins,33.67,0,0,0,0,0,0,0,0,0,0
237,AgentA wins,15.00,0,0,0,0,0,0,0,0,0,0
238,AgentA wins,15.00,0,0,0,0,0,0,0,0,0,0
239,AgentA wins,15.00,0,0,0,0,0,0,0,0,0,0
240,AgentA wins,32.00,0,0,0,0,0,0,0,0,0,0
321,AgentA wins,15.00,0,0,0,0,0,0,0,0,0,0
322,AgentA wins,15.00,0,0,0,0,0,0,0,0,0,0
323,AgentA wins,18.00,0,0,0,0,0,0,0,0,0,0
324,AgentA wins,19.67,0,0,0,0,0,0,0,0,0,0
325,AgentA wins,20.00,0,0,0,0,0,0,0,0,0,0
326,AgentA wins,15.00,0,0,0,0,0,0,0,0,0,0
327,AgentA wins,20.00,0,0,0,0,0,0,0,0,0,0
328,AgentA wins,15.00,0,0,0,0,0,0,0,0,0,0
329,AgentA wins,20.00,0,0,0,0,0,0,0,0,0,0
330,AgentA wins,15.00,0,0,0,0,0,0,0,0,0,0
321,AgentA wins,20.00,0,0,0,0,0,0,0,0,0,0
322,AgentA wins,20.00,0,0,0,0,0,0,0,0,0,0
323,AgentA wins,15.00,0,0,0,0,0,0,0,0,0,0
324,AgentA wins,20.00,0,0,0,0,0,0,0,0,0,0
325,AgentA wins,18.00,0,0,0,0,0,0,0,0,0,0
326,AgentA wins,18.00,0,0,0,0,0,0,0,0,0,0
327,AgentA wins,18.00,0,0,0,0,0,0,0,0,0,0
328,AgentA wins,19.67,0,0,0,0,0,0,0,0,0,0
329,AgentA wins,15.00,0,0,0,0,0,0,0,0,0,0
330,AgentA wins,20.00,0,0,0,0,0,0,0,0,0,0
221,AgentA wins,27.00,0,0,0,0,0,0,0,0,0,0
222,AgentA wins,41.33,0,0,0,0,0,0,0,0,0,0
223,AgentA wins,21.67,0,0,0,0,0,0,0,0,0,0
224,AgentA wins,35.00,0,0,0,0,0,0,0,0,0,0
225,AgentB wins,33.33,0,0,0,0,0,0,0,0,0,0
226,AgentA wins,15.00,0,0,0,0,0,0,0,0,0,0
227,AgentA wins,31.33,0,0,0,0,0,0,0,0,0,0
228,AgentA wins,18.00,0,0,0,0,0,0,0,0,0,0
229,AgentA wins,18.00,0,0,0,0,0,0,0,0,0,0
230,AgentA wins,21.00,0,0,0,0,0,0,0,0,0,0
221,AgentA wins,40.33,0,0,0,0,0,0,0,0,0,0
222,AgentA wins,20.00,0,0,0,0,0,0,0,0,0,0
223,AgentA wins,32.67,0,0,0,0,0,0,0,0,0,0
224,AgentA wins,32.67,0,0,0,0,0,0,0,0,0,0
225,AgentA wins,29.00,0,0,0,0,0,0,0,0,0,0
226,AgentA wins,23.00,0,0,0,0,0,0,0,0,0,0
227,AgentB wins,21.67,0,0,0,0,0,0,0,0,0,0
228,AgentA wins,18.00,0,0,0,0,0,0,0,0,0,0
229,AgentA wins,26.33,0,0,0,0,0,0,0,0,0,0
230,AgentA wins,15.00,0,0,0,0,0,0,0,0,0,0
321,AgentA wins,19.67,0,0,0,0,0,0,0,0,0,0
322,AgentA wins,18.00,0,0,0,0,0,0,0,0,0,0
323,AgentA wins,19.67,0,0,0,0,0,0,0,0,0,0
324,AgentA wins,15.00,0,0,0,0,0,0,0,0,0,0
325,AgentA wins,20.00,0,0,0,0,0,0,0,0,0,0
326,AgentA wins,20.00,0,0,0,0,0,0,0,0,0,0
327,AgentA wins,20.00,0,0,0,0,0,0,0,0,0,0
328,AgentA wins,18.00,0,0,0,0,0,0,0,0,0,0
329,AgentA wins,18.00,0,0,0,0,0,0,0,0,0,0
330,AgentA wins,20.00,0,0,0,0,0,0,0,0,0,0
321,AgentA wins,20.00,0,0,0,0,0,0,0,0,0,0
322,AgentA wins,18.00,0,0,0,0,0,0,0,0,0,0
323,AgentA wins,15.00,0,0,0,0,0,0,0,0,0,0
324,AgentA wins,19.67,0,0,0,0,0,0,0,0,0,0
325,AgentA wins,15.00,0,0,0,0,0,0,0,0,0,0
326,AgentA wins,18.00,0,0,0,0,0,0,0,0,0,0
327,AgentA wins,18.00,0,0,0,0,0,0,0,0,0,0
328,AgentA wins,15.00,0,0,0,0,0,0,0,0,0,0
329,AgentA wins,15.00,0,0,0,0,0,0,0,0,0,0
330,AgentA wins,18.00,0,0,0,0,0,0,0,0,0,0
321,AgentA wins,20.00,0,0,0,0,0,0,0,0,0,0
322,AgentA wins,19.67,0,0,0,0,0,0,0,0,0,0
323,AgentA wins,20.00,0,0,0,0,0,0,0,0,0,0
324,AgentA wins,17.00,0,0,0,0,0,0,0,0,0,0
325,AgentA wins,20.00,0,0,0,0,0,0,0,0,0,0
326,AgentA wins,20.00,0,0,0,0,0,0,0,0,0,0
327,AgentA wins,20.00,0,0,0,0,0,0,0,0,0,0
328,AgentA wins,17.00,0,0,0,0,0,0,0,0,0,0
329,AgentA wins,18.00,0,0,0,0,0,0,0,0,0,0
330,AgentA wins,20.00,0,0,0,0,0,0,0,0,0,0
321,AgentA wins,22.33,0,0,0,0,0,0,0,0,0,0
322,AgentA wins,15.00,0,0,0,0,0,0,0,0,0,0
323,AgentA wins,20.00,0,0,0,0,0,0,0,0,0,0
324,AgentA wins,20.00,0,0,0,0,0,0,0,0,0,0
325,AgentA wins,20.00,0,0,0,0,0,0,0,0,0,0
326,AgentA wins,15.00,0,0,0,0,0,0,0,0,0,0
327,AgentA wins,20.00,0,0,0,0,0,0,0,0,0,0
328,AgentA wins,15.00,0,0,0,0,0,0,0,0,0,0
329,AgentA wins,18.00,0,0,0,0,0,0,0,0,0,0
330,AgentA wins,20.00,0,0,0,0,0,0,0,0,0,0
321,AgentA wins,17.00,0,0,0,0,0,0,0,0,0,0
322,AgentA wins,15.00,0,0,0,0,0,0,0,0,0,0
323,AgentA wins,20.00,0,0,0,0,0,0,0,0,0,0
324,AgentA wins,15.00,0,0,0,0,0,0,0,0,0,0
325,AgentA wins,20.00,0,0,0,0,0,0,0,0,0,0
326,AgentA wins,20.00,0,0,0,0,0,0,0,0,0,0
327,AgentA wins,15.00,0,0,0,0,0,0,0,0,0,0
328,AgentA wins,18.00,0,0,0,0,0,0,0,0,0,0
329,AgentA wins,20.00,0,0,0,0,0,0,0,0,0,0
330,AgentA wins,20.00,0,0,0,0,0,0,0,0,0,0
251,AgentA wins,24.00,217,220,0,134,0,176,0,29,22,55
252,AgentA wins,29.00,265,259,0,153,0,211,0,33,33,48
253,AgentA wins,18.00,164,161,0,98,0,127,0,23,20,34
254,timeout draw,60.00,539,545,0,322,0,426,0,69,73,117
255,AgentA wins,30.00,269,269,0,167,0,210,0,33,29,70
256,AgentA wins,31.67,284,286,0,171,0,219,0,34,39,68
257,AgentA wins,15.00,134,135,0,83,0,105,0,15,20,36
258,AgentA wins,35.67,320,325,0,202,0,256,0,39,31,82
259,AgentB wins,33.67,301,301,0,197,0,233,0,39,28,89
260,AgentA wins,40.33,368,363,0,207,0,288,0,39,42,92
321,AgentA wins,20.00,0,0,0,0,0,0,0,0,0,0
322,AgentA wins,20.00,0,0,0,0,0,0,0,0,0,0
323,AgentA wins,18.00,0,0,0,0,0,0,0,0,0,0
324,AgentA wins,15.00,0,0,0,0,0,0,0,0,0,0
325,AgentA wins,20.00,0,0,0,0,0,0,0,0,0,0
326,AgentA wins,15.00,0,0,0,0,0,0,0,0,0,0
327,AgentA wins,17.00,0,0,0,0,0,0,0,0,0,0
328,AgentA wins,20.00,0,0,0,0,0,0,0,0,0,0
329,AgentA wins,20.00,0,0,0,0,0,0,0,0,0,0
330,AgentA wins,18.00,0,0,0,0,0,0,0,0,0,0
321,AgentA wins,15.00,0,0,0,0,0,0,0,0,0,0
322,AgentA wins,19.67,0,0,0,0,0,0,0,0,0,0
323,AgentA wins,18.00,0,0,0,0,0,0,0,0,0,0
324,AgentA wins,20.00,0,0,0,0,0,0,0,0,0,0
325,AgentA wins,20.00,0,0,0,0,0,0,0,0,0,0
326,AgentA wins,17.00,0,0,0,0,0,0,0,0,0,0
327,AgentA wins,20.00,0,0,0,0,0,0,0,0,0,0
328,AgentA wins,15.00,0,0,0,0,0,0,0,0,0,0
329,AgentA wins,19.67,0,0,0,0,0,0,0,0,0,0
330,AgentA wins,20.00,0,0,0,0,0,0,0,0,0,0
221,AgentA wins,23.67,0,0,0,0,0,0,0,0,0,0
222,AgentA wins,34.00,0,0,0,0,0,0,0,0,0,0
223,AgentA wins,18.00,0,0,0,0,0,0,0,0,0,0
224,AgentB wins,40.00,0,0,0,0,0,0,0,0,0,0
225,AgentA wins,32.67,0,0,0,0,0,0,0,0,0,0
226,AgentA wins,15.00,0,0,0,0,0,0,0,0,0,0
227,AgentA wins,24.00,0,0,0,0,0,0,0,0,0,0
228,AgentA wins,15.00,0,0,0,0,0,0,0,0,0,0
229,AgentA wins,15.00,0,0,0,0,0,0,0,0,0,0
230,AgentA wins,43.00,0,0,0,0,0,0,0,0,0,0
321,AgentA wins,15.00,0,0,0,0,0,0,0,0,0,0
322,AgentA wins,18.00,0,0,0,0,0,0,0,0,0,0
323,AgentA wins,20.00,0,0,0,0,0,0,0,0,0,0
324,AgentA wins,20.00,0,0,0,0,0,0,0,0,0,0
325,AgentA wins,15.00,0,0,0,0,0,0,0,0,0,0
326,AgentA wins,15.00,0,0,0,0,0,0,0,0,0,0
327,AgentA wins,20.00,0,0,0,0,0,0,0,0,0,0
328,AgentA wins,20.00,0,0,0,0,0,0,0,0,0,0
329,AgentA wins,20.00,0,0,0,0,0,0,0,0,0,0
330,AgentA wins,20.00,0,0,0,0,0,0,0,0,0,0
321,AgentA wins,20.00,0,0,0,0,0,0,0,0,0,0
322,AgentA wins,18.00,0,0,0,0,0,0,0,0,0,0
323,AgentA wins,20.00,0,0,0,0,0,0,0,0,0,0
324,AgentA wins,20.00,0,0,0,0,0,0,0,0,0,0
325,AgentA wins,18.00,0,0,0,0,0,0,0,0,0,0
326,AgentA wins,15.00,0,0,0,0,0,0,0,0,0,0
327,AgentA wins,20.00,0,0,0,0,0,0,0,0,0,0
328,AgentA wins,15.00,0,0,0,0,0,0,0,0,0,0
329,AgentA wins,20.00,0,0,0,0,0,0,0,0,0,0
330,AgentA wins,18.00,0,0,0,0,0,0,0,0,0,0
231,AgentB wins,16.00,0,0,0,0,0,0,0,0,0,0
232,AgentA wins,18.00,0,0,0,0,0,0,0,0,0,0
233,AgentA wins,26.00,0,0,0,0,0,0,0,0,0,0
234,AgentA wins,15.00,0,0,0,0,0,0,0,0,0,0
235,AgentB wins,40.00,0,0,0,0,0,0,0,0,0,0
236,AgentA wins,27.00,0,0,0,0,0,0,0,0,0,0
237,AgentA wins,26.33,0,0,0,0,0,0,0,0,0,0
238,AgentA wins,34.00,0,0,0,0,0,0,0,0,0,0
239,AgentA wins,33.67,0,0,0,0,0,0,0,0,0,0
240,AgentB wins,30.67,0,0,0,0,0,0,0,0,0,0
321,AgentA wins,17.00,0,0,0,0,0,0,0,0,0,0
322,AgentA wins,17.00,0,0,0,0,0,0,0,0,0,0
323,AgentA wins,15.00,0,0,0,0,0,0,0,0,0,0
324,AgentA wins,15.00,0,0,0,0,0,0,0,0,0,0
325,AgentA wins,19.67,0,0,0,0,0,0,0,0,0,0
326,AgentA wins,20.00,0,0,0,0,0,0,0,0,0,0
327,AgentA wins,20.00,0,0,0,0,0,0,0,0,0,0
328,AgentA wins,15.00,0,0,0,0,0,0,0,0,0,0
329,AgentA wins,18.00,0,0,0,0,0,0,0,0,0,0
330,AgentA wins,20.00,0,0,0,0,0,0,0,0,0,0
221,AgentA wins,18.00,0,0,0,0,0,0,0,0,0,0
222,AgentA wins,24.00,0,0,0,0,0,0,0,0,0,0
223,AgentA wins,40.33,0,0,0,0,0,0,0,0,0,0
224,AgentA wins,44.00,0,0,0,0,0,0,0,0,0,0
225,AgentA wins,24.00,0,0,0,0,0,0,0,0,0,0
226,AgentA wins,18.00,0,0,0,0,0,0,0,0,0,0
227,AgentA wins,21.00,0,0,0,0,0,0,0,0,0,0
228,AgentA wins,44.33,0,0,0,0,0,0,0,0,0,0
229,AgentA wins,34.00,0,0,0,0,0,0,0,0,0,0
230,AgentA wins,24.00,0,0,0,0,0,0,0,0,0,0
331,AgentA wins,20.00,0,0,0,0,0,0,0,0,0,0
332,AgentA wins,17.00,0,0,0,0,0,0,0,0,0,0
333,AgentA wins,15.00,0,0,0,0,0,0,0,0,0,0
334,AgentA wins,20.00,0,0,0,0,0,0,0,0,0,0
335,AgentA wins,15.00,0,0,0,0,0,0,0,0,0,0
336,AgentA wins,20.00,0,0,0,0,0,0,0,0,0,0
337,AgentA wins,20.00,0,0,0,0,0,0,0,0,0,0
338,AgentA wins,20.00,0,0,0,0,0,0,0,0,0,0
339,AgentA wins,18.00,0,0,0,0,0,0,0,0,0,0
340,AgentA wins,20.00,0,0,0,0,0,0,0,0,0,0
231,AgentA wins,23.67,0,0,0,0,0,0,0,0,0,0
232,AgentA wins,39.00,0,0,0,0,0,0,0,0,0,0
233,AgentA wins,15.00,0,0,0,0,0,0,0,0,0,0
234,AgentB wins,24.67,0,0,0,0,0,0,0,0,0,0
235,AgentA wins,32.33,0,0,0,0,0,0,0,0,0,0
236,AgentA wins,43.33,0,0,0,0,0,0,0,0,0,0
237,AgentA wins,32.00,0,0,0,0,0,0,0,0,0,0
238,AgentA wins,32.67,0,0,0,0,0,0,0,0,0,0
239,AgentA wins,18.00,0,0,0,0,0,0,0,0,0,0
240,AgentA wins,51.33,0,0,0,0,0,0,0,0,0,0
331,AgentA wins,15.00,0,0,0,0,0,0,0,0,0,0
332,AgentA wins,20.00,0,0,0,0,0,0,0,0,0,0
333,AgentA wins,18.00,0,0,0,0,0,0,0,0,0,0
334,AgentA wins,19.67,0,0,0,0,0,0,0,0,0,0
335,AgentA wins,15.00,0,0,0,0,0,0,0,0,0,0
336,AgentA wins,18.00,0,0,0,0,0,0,0,0,0,0
337,AgentA wins,18.00,0,0,0,0,0,0,0,0,0,0
338,AgentA wins,20.00,0,0,0,0,0,0,0,0,0,0
339,AgentA wins,15.00,0,0,0,0,0,0,0,0,0,0
340,AgentA wins,15.00,0,0,0,0,0,0,0,0,0,0
331,AgentA wins,15.00,0,0,0,0,0,0,0,0,0,0
332,AgentA wins,18.00,0,0,0,0,0,0,0,0,0,0
333,AgentA wins,15.00,0,0,0,0,0,0,0,0,0,0
334,AgentA wins,20.00,0,0,0,0,0,0,0,0,0,0
335,AgentA wins,17.00,0,0,0,0,0,0,0,0,0,0
336,AgentA wins,17.00,0,0,0,0,0,0,0,0,0,0
337,AgentA wins,20.00,0,0,0,0,0,0,0,0,0,0
338,AgentA wins,20.00,0,0,0,0,0,0,0,0,0,0
339,AgentA wins,15.00,0,0,0,0,0,0,0,0,0,0
340,AgentA wins,20.00,0,0,0,0,0,0,0,0,0,0
231,AgentA wins,15.00,0,0,0,0,0,0,0,0,0,0
232,AgentA wins,27.00,0,0,0,0,0,0,0,0,0,0
233,AgentA wins,21.00,0,0,0,0,0,0,0,0,0,0
234,AgentA wins,21.00,0,0,0,0,0,0,0,0,0,0
235,AgentA wins,18.00,0,0,0,0,0,0,0,0,0,0
236,AgentA wins,15.00,0,0,0,0,0,0,0,0,0,0
237,AgentB wins,44.33,0,0,0,0,0,0,0,0,0,0
238,AgentA wins,32.33,0,0,0,0,0,0,0,0,0,0
239,AgentA wins,32.67,0,0,0,0,0,0,0,0,0,0
240,AgentA wins,15.00,0,0,0,0,0,0,0,0,0,0
331,AgentA wins,20.00,0,0,0,0,0,0,0,0,0,0
332,AgentA wins,19.67,0,0,0,0,0,0,0,0,0,0
333,AgentA wins,20.00,0,0,0,0,0,0,0,0,0,0
334,AgentA wins,20.00,0,0,0,0,0,0,0,0,0,0
335,AgentA wins,18.00,0,0,0,0,0,0,0,0,0,0
336,AgentA wins,19.67,0,0,0,0,0,0,0,0,0,0
337,AgentA wins,20.00,0,0,0,0,0,0,0,0,0,0
338,AgentA wins,18.00,0,0,0,0,0,0,0,0,0,0
339,AgentA wins,15.00,0,0,0,0,0,0,0,0,0,0
340,AgentA wins,19.67,0,0,0,0,0,0,0,0,0,0
331,AgentA wins,19.67,0,0,0,0,0,0,0,0,0,0
332,AgentA wins,20.00,0,0,0,0,0,0,0,0,0,0
333,AgentA wins,15.00,0,0,0,0,0,0,0,0,0,0
334,AgentA wins,15.00,0,0,0,0,0,0,0,0,0,0
335,AgentA wins,15.00,0,0,0,0,0,0,0,0,0,0
336,AgentA wins,20.00,0,0,0,0,0,0,0,0,0,0
337,AgentA wins,18.00,0,0,0,0,0,0,0,0,0,0
338,AgentA wins,17.00,0,0,0,0,0,0,0,0,0,0
339,AgentA wins,18.00,0,0,0,0,0,0,0,0,0,0
340,AgentA wins,19.67,0,0,0,0,0,0,0,0,0,0
331,AgentA wins,20.00,0,0,0,0,0,0,0,0,0,0
332,AgentA wins,18.00,0,0,0,0,0,0,0,0,0,0
333,AgentA wins,20.00,0,0,0,0,0,0,0,0,0,0
334,AgentA wins,20.00,0,0,0,0,0,0,0,0,0,0
335,AgentA wins,20.00,0,0,0,0,0,0,0,0,0,0
336,AgentA wins,18.00,0,0,0,0,0,0,0,0,0,0
337,AgentA wins,22.33,0,0,0,0,0,0,0,0,0,0
338,AgentA wins,20.00,0,0,0,0,0,0,0,0,0,0
339,AgentA wins,20.00,0,0,0,0,0,0,0,0,0,0
340,AgentA wins,20.00,0,0,0,0,0,0,0,0,0,0
331,AgentA wins,15.00,0,0,0,0,0,0,0,0,0,0
332,AgentA wins,20.00,0,0,0,0,0,0,0,0,0,0
333,AgentA wins,18.00,0,0,0,0,0,0,0,0,0,0
334,AgentA wins,20.00,0,0,0,0,0,0,0,0,0,0
335,AgentA wins,20.00,0,0,0,0,0,0,0,0,0,0
336,AgentA wins,18.00,0,0,0,0,0,0,0,0,0,0
337,AgentA wins,20.00,0,0,0,0,0,0,0,0,0,0
338,AgentA wins,19.67,0,0,0,0,0,0,0,0,0,0
339,AgentA wins,20.00,0,0,0,0,0,0,0,0,0,0
340,AgentA wins,15.00,0,0,0,0,0,0,0,0,0,0
241,AgentA wins,29.67,0,0,0,0,0,0,0,0,0,0
242,AgentA wins,29.33,0,0,0,0,0,0,0,0,0,0
243,AgentB wins,52.00,0,0,0,0,0,0,0,0,0,0
244,AgentA wins,18.00,0,0,0,0,0,0,0,0,0,0
245,AgentA wins,35.33,0,0,0,0,0,0,0,0,0,0
246,AgentA wins,15.00,0,0,0,0,0,0,0,0,0,0
247,AgentA wins,31.33,0,0,0,0,0,0,0,0,0,0
248,AgentA wins,26.67,0,0,0,0,0,0,0,0,0,0
249,AgentA wins,26.00,0,0,0,0,0,0,0,0,0,0
250,AgentA wins,18.00,0,0,0,0,0,0,0,0,0,0
331,AgentA wins,20.00,0,0,0,0,0,0,0,0,0,0
332,AgentA wins,18.00,0,0,0,0,0,0,0,0,0,0
333,AgentA wins,20.00,0,0,0,0,0,0,0,0,0,0
334,AgentA wins,18.00,0,0,0,0,0,0,0,0,0,0
335,AgentA wins,20.00,0,0,0,0,0,0,0,0,0,0
336,AgentA wins,20.00,0,0,0,0,0,0,0,0,0,0
337,AgentA wins,20.00,0,0,0,0,0,0,0,0,0,0
338,AgentA wins,18.00,0,0,0,0,0,0,0,0,0,0
339,AgentA wins,19.67,0,0,0,0,0,0,0,0,0,0
340,AgentA wins,20.00,0,0,0,0,0,0,0,0,0,0
331,AgentA wins,15.00,0,0,0,0,0,0,0,0,0,0
332,AgentA wins,20.00,0,0,0,0,0,0,0,0,0,0
333,AgentA wins,20.00,0,0,0,0,0,0,0,0,0,0
334,AgentA wins,20.00,0,0,0,0,0,0,0,0,0,0
335,AgentA wins,15.00,0,0,0,0,0,0,0,0,0,0
336,AgentA wins,20.00,0,0,0,0,0,0,0,0,0,0
337,AgentA wins,20.00,0,0,0,0,0,0,0,0,0,0
338,AgentA wins,20.00,0,0,0,0,0,0,0,0,0,0
339,AgentA wins,20.00,0,0,0,0,0,0,0,0,0,0
340,AgentA wins,19.67,0,0,0,0,0,0,0,0,0,0
331,AgentA wins,20.00,0,0,0,0,0,0,0,0,0,0
332,AgentA wins,20.00,0,0,0,0,0,0,0,0,0,0
333,AgentA wins,20.00,0,0,0,0,0,0,0,0,0,0
334,AgentA wins,15.00,0,0,0,0,0,0,0,0,0,0
335,AgentA wins,20.00,0,0,0,0,0,0,0,0,0,0
336,AgentA wins,20.00,0,0,0,0,0,0,0,0,0,0
337,AgentA wins,15.00,0,0,0,0,0,0,0,0,0,0
338,AgentA wins,20.00,0,0,0,0,0,0,0,0,0,0
339,AgentA wins,15.00,0,0,0,0,0,0,0,0,0,0
340,AgentA wins,15.00,0,0,0,0,0,0,0,0,0,0
331,AgentA wins,20.00,0,0,0,0,0,0,0,0,0,0
332,AgentA wins,20.00,0,0,0,0,0,0,0,0,0,0
333,AgentA wins,20.00,0,0,0,0,0,0,0,0,0,0
334,AgentA wins,20.00,0,0,0,0,0,0,0,0,0,0
335,AgentA wins,20.00,0,0,0,0,0,0,0,0,0,0
336,AgentA wins,20.00,0,0,0,0,0,0,0,0,0,0
337,AgentA wins,20.00,0,0,0,0,0,0,0,0,0,0
338,AgentA wins,20.00,0,0,0,0,0,0,0,0,0,0
339,AgentA wins,17.00,0,0,0,0,0,0,0,0,0,0
340,AgentA wins,20.00,0,0,0,0,0,0,0,0,0,0
331,AgentA wins,20.00,0,0,0,0,0,0,0,0,0,0
332,AgentA wins,20.00,0,0,0,0,0,0,0,0,0,0
333,AgentA wins,17.00,0,0,0,0,0,0,0,0,0,0
334,AgentA wins,20.00,0,0,0,0,0,0,0,0,0,0
335,AgentA wins,19.67,0,0,0,0,0,0,0,0,0,0
336,AgentA wins,20.00,0,0,0,0,0,0,0,0,0,0
337,AgentA wins,20.00,0,0,0,0,0,0,0,0,0,0
338,AgentA wins,20.00,0,0,0,0,0,0,0,0,0,0
339,AgentA wins,18.00,0,0,0,0,0,0,0,0,0,0
340,AgentA wins,18.00,0,0,0,0,0,0,0,0,0,0
331,AgentA wins,17.00,0,0,0,0,0,0,0,0,0,0
332,AgentA wins,19.67,0,0,0,0,0,0,0,0,0,0
333,AgentA wins,18.00,0,0,0,0,0,0,0,0,0,0
334,AgentA wins,17.00,0,0,0,0,0,0,0,0,0,0
335,AgentA wins,19.67,0,0,0,0,0,0,0,0,0,0
336,AgentA wins,15.00,0,0,0,0,0,0,0,0,0,0
337,AgentA wins,17.00,0,0,0,0,0,0,0,0,0,0
338,AgentA wins,18.00,0,0,0,0,0,0,0,0,0,0
339,AgentA wins,20.00,0,0,0,0,0,0,0,0,0,0
340,AgentA wins,20.00,0,0,0,0,0,0,0,0,0,0
331,AgentA wins,20.00,0,0,0,0,0,0,0,0,0,0
332,AgentA wins,19.67,0,0,0,0,0,0,0,0,0,0
333,AgentA wins,15.00,0,0,0,0,0,0,0,0,0,0
334,AgentA wins,20.00,0,0,0,0,0,0,0,0,0,0
335,AgentA wins,20.00,0,0,0,0,0,0,0,0,0,0
336,AgentA wins,20.00,0,0,0,0,0,0,0,0,0,0
337,AgentA wins,19.67,0,0,0,0,0,0,0,0,0,0
338,AgentA wins,19.67,0,0,0,0,0,0,0,0,0,0
339,AgentA wins,19.67,0,0,0,0,0,0,0,0,0,0
340,AgentA wins,15.00,0,0,0,0,0,0,0,0,0,0
231,AgentA wins,34.67,0,0,0,0,0,0,0,0,0,0
232,AgentA wins,23.67,0,0,0,0,0,0,0,0,0,0
233,AgentA wins,51.33,0,0,0,0,0,0,0,0,0,0
234,AgentA wins,18.00,0,0,0,0,0,0,0,0,0,0
235,AgentA wins,29.00,0,0,0,0,0,0,0,0,0,0
236,AgentA wins,21.00,0,0,0,0,0,0,0,0,0,0
237,AgentA wins,21.00,0,0,0,0,0,0,0,0,0,0
238,AgentA wins,18.00,0,0,0,0,0,0,0,0,0,0
239,AgentA wins,35.33,0,0,0,0,0,0,0,0,0,0
240,AgentA wins,18.00,0,0,0,0,0,0,0,0,0,0
241,AgentA wins,15.00,0,0,0,0,0,0,0,0,0,0
242,AgentA wins,18.00,0,0,0,0,0,0,0,0,0,0
243,AgentA wins,50.33,0,0,0,0,0,0,0,0,0,0
244,AgentA wins,38.33,0,0,0,0,0,0,0,0,0,0
245,AgentA wins,20.67,0,0,0,0,0,0,0,0,0,0
246,AgentA wins,40.00,0,0,0,0,0,0,0,0,0,0
247,AgentA wins,32.00,0,0,0,0,0,0,0,0,0,0
248,AgentA wins,15.00,0,0,0,0,0,0,0,0,0,0
249,AgentA wins,41.00,0,0,0,0,0,0,0,0,0,0
250,AgentA wins,24.00,0,0,0,0,0,0,0,0,0,0
231,AgentA wins,55.00,0,0,0,0,0,0,0,0,0,0
232,AgentA wins,21.00,0,0,0,0,0,0,0,0,0,0
233,AgentA wins,43.67,0,0,0,0,0,0,0,0,0,0
234,AgentA wins,34.67,0,0,0,0,0,0,0,0,0,0
235,AgentA wins,28.00,0,0,0,0,0,0,0,0,0,0
236,AgentA wins,15.00,0,0,0,0,0,0,0,0,0,0
237,AgentA wins,27.00,0,0,0,0,0,0,0,0,0,0
238,AgentA wins,18.67,0,0,0,0,0,0,0,0,0,0
239,AgentA wins,24.00,0,0,0,0,0,0,0,0,0,0
240,AgentA wins,18.00,0,0,0,0,0,0,0,0,0,0
331,AgentA wins,20.00,0,0,0,0,0,0,0,0,0,0
332,AgentA wins,20.00,0,0,0,0,0,0,0,0,0,0
333,AgentA wins,18.00,0,0,0,0,0,0,0,0,0,0
334,AgentA wins,17.00,0,0,0,0,0,0,0,0,0,0
335,AgentA wins,20.00,0,0,0,0,0,0,0,0,0,0
336,AgentA wins,20.00,0,0,0,0,0,0,0,0,0,0
337,AgentA wins,20.00,0,0,0,0,0,0,0,0,0,0
338,AgentA wins,20.00,0,0,0,0,0,0,0,0,0,0
339,AgentA wins,18.00,0,0,0,0,0,0,0,0,0,0
340,AgentA wins,17.00,0,0,0,0,0,0,0,0,0,0
231,AgentA wins,15.00,0,0,0,0,0,0,0,0,0,0
232,AgentB wins,55.33,0,0,0,0,0,0,0,0,0,0
233,AgentA wins,30.67,0,0,0,0,0,0,0,0,0,0
234,AgentA wins,29.00,0,0,0,0,0,0,0,0,0,0
235,AgentA wins,18.00,0,0,0,0,0,0,0,0,0,0
236,AgentA wins,27.00,0,0,0,0,0,0,0,0,0,0
237,AgentA wins,27.00,0,0,0,0,0,0,0,0,0,0
238,AgentA wins,15.00,0,0,0,0,0,0,0,0,0,0
239,AgentA wins,15.00,0,0,0,0,0,0,0,0,0,0
240,AgentA wins,18.00,0,0,0,0,0,0,0,0,0,0
341,AgentA wins,20.00,0,0,0,0,0,0,0,0,0,0
342,AgentA wins,17.00,0,0,0,0,0,0,0,0,0,0
343,AgentA wins,19.67,0,0,0,0,0,0,0,0,0,0
344,AgentA wins,15.00,0,0,0,0,0,0,0,0,0,0
345,AgentA wins,18.00,0,0,0,0,0,0,0,0,0,0
346,AgentA wins,18.00,0,0,0,0,0,0,0,0,0,0
347,AgentA wins,17.00,0,0,0,0,0,0,0,0,0,0
348,AgentA wins,15.00,0,0,0,0,0,0,0,0,0,0
349,AgentA wins,20.00,0,0,0,0,0,0,0,0,0,0
350,AgentA wins,18.00,0,0,0,0,0,0,0,0,0,0
261,AgentA wins,35.33,321,317,0,181,0,256,0,41,35,81
262,AgentA wins,15.00,136,134,0,77,0,109,0,17,18,30
263,AgentA wins,32.00,292,289,0,168,0,235,0,36,43,65
264,AgentA wins,18.00,162,158,0,92,0,131,0,16,21,42
265,AgentA wins,33.00,298,306,0,187,0,234,0,37,33,63
266,AgentA wins,15.00,131,140,0,91,0,106,0,21,12,34
267,AgentA wins,30.00,270,272,0,177,0,220,0,32,24,79
268,AgentA wins,37.67,341,338,0,204,0,265,0,42,36,76
269,AgentA wins,18.00,162,162,0,111,0,127,0,24,11,57
270,AgentA wins,40.67,367,368,0,223,0,289,0,51,44,86
241,AgentA wins,15.00,0,0,0,0,0,0,0,0,0,0
242,AgentA wins,35.33,0,0,0,0,0,0,0,0,0,0
243,AgentA wins,21.00,0,0,0,0,0,0,0,0,0,0
244,AgentA wins,18.00,0,0,0,0,0,0,0,0,0,0
245,AgentA wins,27.00,0,0,0,0,0,0,0,0,0,0
246,AgentA wins,23.00,0,0,0,0,0,0,0,0,0,0
247,AgentA wins,18.00,0,0,0,0,0,0,0,0,0,0
248,AgentA wins,38.33,0,0,0,0,0,0,0,0,0,0
249,AgentA wins,47.00,0,0,0,0,0,0,0,0,0,0
250,AgentA wins,18.00,0,0,0,0,0,0,0,0,0,0
341,AgentA wins,15.00,0,0,0,0,0,0,0,0,0,0
342,AgentA wins,15.00,0,0,0,0,0,0,0,0,0,0
343,AgentA wins,20.00,0,0,0,0,0,0,0,0,0,0
344,AgentA wins,20.00,0,0,0,0,0,0,0,0,0,0
345,AgentA wins,20.00,0,0,0,0,0,0,0,0,0,0
346,AgentA wins,20.00,0,0,0,0,0,0,0,0,0,0
347,AgentA wins,19.67,0,0,0,0,0,0,0,0,0,0
348,AgentA wins,15.00,0,0,0,0,0,0,0,0,0,0
349,AgentA wins,15.00,0,0,0,0,0,0,0,0,0,0
350,AgentA wins,18.00,0,0,0,0,0,0,0,0,0,0
341,AgentA wins,15.00,0,0,0,0,0,0,0,0,0,0
342,AgentA wins,18.00,0,0,0,0,0,0,0,0,0,0
343,AgentA wins,20.00,0,0,0,0,0,0,0,0,0,0
344,AgentA wins,18.00,0,0,0,0,0,0,0,0,0,0
345,AgentA wins,19.67,0,0,0,0,0,0,0,0,0,0
346,AgentA wins,18.00,0,0,0,0,0,0,0,0,0,0
347,AgentA wins,20.00,0,0,0,0,0,0,0,0,0,0
348,AgentA wins,20.00,0,0,0,0,0,0,0,0,0,0
349,AgentA wins,15.00,0,0,0,0,0,0,0,0,0,0
350,AgentA wins,20.00,0,0,0,0,0,0,0,0,0,0
241,AgentA wins,20.67,0,0,0,0,0,0,0,0,0,0
242,AgentA wins,15.00,0,0,0,0,0,0,0,0,0,0
243,AgentA wins,18.00,0,0,0,0,0,0,0,0,0,0
244,AgentA wins,18.00,0,0,0,0,0,0,0,0,0,0
245,AgentA wins,24.00,0,0,0,0,0,0,0,0,0,0
246,AgentA wins,27.00,0,0,0,0,0,0,0,0,0,0
247,AgentA wins,15.00,0,0,0,0,0,0,0,0,0,0
248,AgentA wins,18.00,0,0,0,0,0,0,0,0,0,0
249,AgentA wins,26.33,0,0,0,0,0,0,0,0,0,0
250,AgentA wins,41.67,0,0,0,0,0,0,0,0,0,0
341,AgentA wins,19.67,0,0,0,0,0,0,0,0,0,0
342,AgentA wins,20.00,0,0,0,0,0,0,0,0,0,0
343,AgentA wins,18.00,0,0,0,0,0,0,0,0,0,0
344,AgentA wins,15.00,0,0,0,0,0,0,0,0,0,0
345,AgentA wins,20.00,0,0,0,0,0,0,0,0,0,0
346,AgentA wins,20.00,0,0,0,0,0,0,0,0,0,0
347,AgentA wins,15.00,0,0,0,0,0,0,0,0,0,0
348,AgentA wins,15.00,0,0,0,0,0,0,0,0,0,0
349,AgentA wins,15.00,0,0,0,0,0,0,0,0,0,0
350,AgentA wins,15.00,0,0,0,0,0,0,0,0,0,0
341,AgentA wins,20.00,0,0,0,0,0,0,0,0,0,0
342,AgentA wins,15.00,0,0,0,0,0,0,0,0,0,0
343,AgentA wins,15.00,0,0,0,0,0,0,0,0,0,0
344,AgentA wins,20.00,0,0,0,0,0,0,0,0,0,0
345,AgentA wins,17.00,0,0,0,0,0,0,0,0,0,0
346,AgentA wins,15.00,0,0,0,0,0,0,0,0,0,0
347,AgentA wins,17.00,0,0,0,0,0,0,0,0,0,0
348,AgentA wins,22.33,0,0,0,0,0,0,0,0,0,0
349,AgentA wins,17.00,0,0,0,0,0,0,0,0,0,0
350,AgentA wins,15.00,0,0,0,0,0,0,0,0,0,0
341,AgentA wins,17.00,0,0,0,0,0,0,0,0,0,0
342,AgentA wins,15.00,0,0,0,0,0,0,0,0,0,0
343,AgentA wins,20.00,0,0,0,0,0,0,0,0,0,0
344,AgentA wins,19.67,0,0,0,0,0,0,0,0,0,0
345,AgentA wins,20.00,0,0,0,0,0,0,0,0,0,0
346,AgentA wins,19.67,0,0,0,0,0,0,0,0,0,0
347,AgentA wins,17.00,0,0,0,0,0,0,0,0,0,0
348,AgentA wins,19.67,0,0,0,0,0,0,0,0,0,0
349,AgentA wins,19.67,0,0,0,0,0,0,0,0,0,0
350,AgentA wins,19.67,0,0,0,0,0,0,0,0,0,0
231,AgentA wins,29.67,0,0,0,0,0,0,0,0,0,0
232,AgentA wins,21.00,0,0,0,0,0,0,0,0,0,0
233,AgentA wins,35.00,0,0,0,0,0,0,0,0,0,0
234,AgentA wins,21.00,0,0,0,0,0,0,0,0,0,0
235,AgentA wins,27.00,0,0,0,0,0,0,0,0,0,0
236,AgentA wins,15.00,0,0,0,0,0,0,0,0,0,0
237,AgentA wins,33.67,0,0,0,0,0,0,0,0,0,0
238,AgentA wins,31.00,0,0,0,0,0,0,0,0,0,0
239,AgentA wins,32.67,0,0,0,0,0,0,0,0,0,0
240,AgentA wins,18.00,0,0,0,0,0,0,0,0,0,0
341,AgentA wins,18.00,0,0,0,0,0,0,0,0,0,0
342,AgentA wins,19.67,0,0,0,0,0,0,0,0,0,0
343,AgentA wins,18.00,0,0,0,0,0,0,0,0,0,0
344,AgentA wins,20.00,0,0,0,0,0,0,0,0,0,0
345,AgentA wins,18.00,0,0,0,0,0,0,0,0,0,0
346,AgentA wins,15.00,0,0,0,0,0,0,0,0,0,0
347,AgentA wins,19.67,0,0,0,0,0,0,0,0,0,0
348,AgentA wins,18.00,0,0,0,0,0,0,0,0,0,0
349,AgentA wins,19.67,0,0,0,0,0,0,0,0,0,0
350,AgentA wins,20.00,0,0,0,0,0,0,0,0,0,0
341,AgentA wins,19.67,0,0,0,0,0,0,0,0,0,0
342,AgentA wins,19.67,0,0,0,0,0,0,0,0,0,0
343,AgentA wins,15.00,0,0,0,0,0,0,0,0,0,0
344,AgentA wins,15.00,0,0,0,0,0,0,0,0,0,0
345,AgentA wins,18.00,0,0,0,0,0,0,0,0,0,0
346,AgentA wins,20.00,0,0,0,0,0,0,0,0,0,0
347,AgentA wins,19.67,0,0,0,0,0,0,0,0,0,0
348,AgentA wins,20.00,0,0,0,0,0,0,0,0,0,0
349,AgentA wins,15.00,0,0,0,0,0,0,0,0,0,0
350,AgentA wins,19.67,0,0,0,0,0,0,0,0,0,0
341,AgentA wins,19.67,0,0,0,0,0,0,0,0,0,0
342,AgentA wins,15.00,0,0,0,0,0,0,0,0,0,0
343,AgentA wins,17.00,0,0,0,0,0,0,0,0,0,0
344,AgentA wins,20.00,0,0,0,0,0,0,0,0,0,0
345,AgentA wins,18.00,0,0,0,0,0,0,0,0,0,0
346,AgentA wins,15.00,0,0,0,0,0,0,0,0,0,0
347,AgentA wins,20.00,0,0,0,0,0,0,0,0,0,0
348,AgentA wins,20.00,0,0,0,0,0,0,0,0,0,0
349,AgentA wins,20.00,0,0,0,0,0,0,0,0,0,0
350,AgentA wins,20.00,0,0,0,0,0,0,0,0,0,0
341,AgentA wins,15.00,0,0,0,0,0,0,0,0,0,0
342,AgentA wins,15.00,0,0,0,0,0,0,0,0,0,0
343,AgentA wins,15.00,0,0,0,0,0,0,0,0,0,0
344,AgentA wins,20.00,0,0,0,0,0,0,0,0,0,0
345,AgentA wins,20.00,0,0,0,0,0,0,0,0,0,0
346,AgentA wins,20.00,0,0,0,0,0,0,0,0,0,0
347,AgentA wins,19.67,0,0,0,0,0,0,0,0,0,0
348,AgentA wins,20.00,0,0,0,0,0,0,0,0,0,0
349,AgentA wins,20.00,0,0,0,0,0,0,0,0,0,0
350,AgentA wins,20.00,0,0,0,0,0,0,0,0,0,0
341,AgentA wins,20.00,0,0,0,0,0,0,0,0,0,0
342,AgentA wins,20.00,0,0,0,0,0,0,0,0,0,0
343,AgentA wins,20.00,0,0,0,0,0,0,0,0,0,0
344,AgentA wins,15.00,0,0,0,0,0,0,0,0,0,0
345,AgentA wins,20.00,0,0,0,0,0,0,0,0,0,0
346,AgentA wins,20.00,0,0,0,0,0,0,0,0,0,0
347,AgentA wins,15.00,0,0,0,0,0,0,0,0,0,0
348,AgentA wins,15.00,0,0,0,0,0,0,0,0,0,0
349,AgentA wins,20.00,0,0,0,0,0,0,0,0,0,0
350,AgentA wins,15.00,0,0,0,0,0,0,0,0,0,0
341,AgentA wins,15.00,0,0,0,0,0,0,0,0,0,0
342,AgentA wins,20.00,0,0,0,0,0,0,0,0,0,0
343,AgentA wins,20.00,0,0,0,0,0,0,0,0,0,0
344,AgentA wins,19.67,0,0,0,0,0,0,0,0,0,0
345,AgentA wins,20.00,0,0,0,0,0,0,0,0,0,0
346,AgentA wins,20.00,0,0,0,0,0,0,0,0,0,0
347,AgentA wins,20.00,0,0,0,0,0,0,0,0,0,0
348,AgentA wins,18.00,0,0,0,0,0,0,0,0,0,0
349,AgentA wins,19.67,0,0,0,0,0,0,0,0,0,0
350,AgentA wins,15.00,0,0,0,0,0,0,0,0,0,0
341,AgentA wins,15.00,0,0,0,0,0,0,0,0,0,0
342,AgentA wins,20.00,0,0,0,0,0,0,0,0,0,0
343,AgentA wins,20.00,0,0,0,0,0,0,0,0,0,0
344,AgentA wins,20.00,0,0,0,0,0,0,0,0,0,0
345,AgentA wins,20.00,0,0,0,0,0,0,0,0,0,0
346,AgentA wins,15.00,0,0,0,0,0,0,0,0,0,0
347,AgentA wins,18.00,0,0,0,0,0,0,0,0,0,0
348,AgentA wins,17.00,0,0,0,0,0,0,0,0,0,0
349,AgentA wins,20.00,0,0,0,0,0,0,0,0,0,0
350,AgentA wins,18.00,0,0,0,0,0,0,0,0,0,0
341,AgentA wins,15.00,0,0,0,0,0,0,0,0,0,0
342,AgentA wins,20.00,0,0,0,0,0,0,0,0,0,0
343,AgentA wins,18.00,0,0,0,0,0,0,0,0,0,0
344,AgentA wins,15.00,0,0,0,0,0,0,0,0,0,0
345,AgentA wins,20.00,0,0,0,0,0,0,0,0,0,0
346,AgentA wins,19.67,0,0,0,0,0,0,0,0,0,0
347,AgentA wins,19.67,0,0,0,0,0,0,0,0,0,0
348,AgentA wins,15.00,0,0,0,0,0,0,0,0,0,0
349,AgentA wins,15.00,0,0,0,0,0,0,0,0,0,0
350,AgentA wins,19.67,0,0,0,0,0,0,0,0,0,0
241,AgentA wins,15.00,0,0,0,0,0,0,0,0,0,0
242,AgentA wins,15.00,0,0,0,0,0,0,0,0,0,0
243,AgentA wins,15.00,0,0,0,0,0,0,0,0,0,0
244,AgentA wins,40.67,0,0,0,0,0,0,0,0,0,0
245,AgentB wins,53.67,0,0,0,0,0,0,0,0,0,0
246,AgentA wins,15.00,0,0,0,0,0,0,0,0,0,0
247,AgentA wins,46.00,0,0,0,0,0,0,0,0,0,0
248,AgentA wins,21.67,0,0,0,0,0,0,0,0,0,0
249,AgentA wins,45.33,0,0,0,0,0,0,0,0,0,0
250,AgentA wins,33.00,0,0,0,0,0,0,0,0,0,0
341,AgentA wins,15.00,0,0,0,0,0,0,0,0,0,0
342,AgentA wins,18.00,0,0,0,0,0,0,0,0,0,0
343,AgentA wins,15.00,0,0,0,0,0,0,0,0,0,0
344,AgentA wins,15.00,0,0,0,0,0,0,0,0,0,0
345,AgentA wins,15.00,0,0,0,0,0,0,0,0,0,0
346,AgentA wins,19.67,0,0,0,0,0,0,0,0,0,0
347,AgentA wins,15.00,0,0,0,0,0,0,0,0,0,0
348,AgentA wins,18.00,0,0,0,0,0,0,0,0,0,0
349,AgentA wins,17.00,0,0,0,0,0,0,0,0,0,0
350,AgentA wins,18.00,0,0,0,0,0,0,0,0,0,0
351,AgentA wins,20.00,0,0,0,0,0,0,0,0,0,0
352,AgentA wins,15.00,0,0,0,0,0,0,0,0,0,0
353,AgentA wins,20.00,0,0,0,0,0,0,0,0,0,0
354,AgentA wins,20.00,0,0,0,0,0,0,0,0,0,0
355,AgentA wins,20.00,0,0,0,0,0,0,0,0,0,0
356,AgentA wins,19.67,0,0,0,0,0,0,0,0,0,0
357,AgentA wins,19.67,0,0,0,0,0,0,0,0,0,0
358,AgentA wins,19.67,0,0,0,0,0,0,0,0,0,0
359,AgentA wins,20.00,0,0,0,0,0,0,0,0,0,0
360,AgentA wins,20.00,0,0,0,0,0,0,0,0,0,0
241,AgentA wins,18.00,0,0,0,0,0,0,0,0,0,0
242,AgentA wins,20.00,0,0,0,0,0,0,0,0,0,0
243,AgentA wins,35.00,0,0,0,0,0,0,0,0,0,0
244,AgentA wins,21.00,0,0,0,0,0,0,0,0,0,0
245,AgentA wins,15.00,0,0,0,0,0,0,0,0,0,0
246,AgentA wins,32.00,0,0,0,0,0,0,0,0,0,0
247,AgentA wins,15.00,0,0,0,0,0,0,0,0,0,0
248,AgentA wins,15.00,0,0,0,0,0,0,0,0,0,0
249,AgentA wins,18.00,0,0,0,0,0,0,0,0,0,0
250,AgentA wins,15.00,0,0,0,0,0,0,0,0,0,0
351,AgentA wins,20.00,0,0,0,0,0,0,0,0,0,0
352,AgentA wins,15.00,0,0,0,0,0,0,0,0,0,0
353,AgentA wins,15.00,0,0,0,0,0,0,0,0,0,0
354,AgentA wins,20.00,0,0,0,0,0,0,0,0,0,0
355,AgentA wins,19.67,0,0,0,0,0,0,0,0,0,0
356,AgentA wins,20.00,0,0,0,0,0,0,0,0,0,0
357,AgentA wins,15.00,0,0,0,0,0,0,0,0,0,0
358,AgentA wins,17.00,0,0,0,0,0,0,0,0,0,0
359,AgentA wins,19.67,0,0,0,0,0,0,0,0,0,0
360,AgentA wins,15.00,0,0,0,0,0,0,0,0,0,0
351,AgentA wins,20.00,0,0,0,0,0,0,0,0,0,0
352,AgentA wins,20.00,0,0,0,0,0,0,0,0,0,0
353,AgentA wins,20.00,0,0,0,0,0,0,0,0,0,0
354,AgentA wins,19.67,0,0,0,0,0,0,0,0,0,0
355,AgentA wins,18.00,0,0,0,0,0,0,0,0,0,0
356,AgentA wins,19.67,0,0,0,0,0,0,0,0,0,0
357,AgentA wins,20.00,0,0,0,0,0,0,0,0,0,0
358,AgentA wins,20.00,0,0,0,0,0,0,0,0,0,0
359,AgentA wins,17.00,0,0,0,0,0,0,0,0,0,0
360,AgentA wins,15.00,0,0,0,0,0,0,0,0,0,0
251,AgentA wins,23.33,0,0,0,0,0,0,0,0,0,0
252,AgentA wins,21.67,0,0,0,0,0,0,0,0,0,0
253,AgentA wins,42.67,0,0,0,0,0,0,0,0,0,0
254,AgentA wins,15.00,0,0,0,0,0,0,0,0,0,0
255,AgentA wins,42.00,0,0,0,0,0,0,0,0,0,0
256,AgentA wins,40.67,0,0,0,0,0,0,0,0,0,0
257,AgentA wins,29.33,0,0,0,0,0,0,0,0,0,0
258,AgentA wins,15.00,0,0,0,0,0,0,0,0,0,0
259,AgentA wins,18.00,0,0,0,0,0,0,0,0,0,0
260,AgentA wins,18.00,0,0,0,0,0,0,0,0,0,0
251,AgentB wins,34.00,0,0,0,0,0,0,0,0,0,0
252,AgentA wins,24.00,0,0,0,0,0,0,0,0,0,0
253,AgentB wins,58.00,0,0,0,0,0,0,0,0,0,0
254,timeout draw,60.00,0,0,0,0,0,0,0,0,0,0
255,AgentA wins,21.00,0,0,0,0,0,0,0,0,0,0
256,AgentA wins,15.00,0,0,0,0,0,0,0,0,0,0
257,AgentA wins,15.00,0,0,0,0,0,0,0,0,0,0
258,AgentA wins,32.00,0,0,0,0,0,0,0,0,0,0
259,AgentA wins,39.33,0,0,0,0,0,0,0,0,0,0
260,AgentA wins,26.67,0,0,0,0,0,0,0,0,0,0
241,AgentA wins,24.00,0,0,0,0,0,0,0,0,0,0
242,AgentA wins,15.00,0,0,0,0,0,0,0,0,0,0
243,AgentA wins,15.00,0,0,0,0,0,0,0,0,0,0
244,AgentA wins,36.00,0,0,0,0,0,0,0,0,0,0
245,AgentA wins,21.00,0,0,0,0,0,0,0,0,0,0
246,AgentA wins,33.00,0,0,0,0,0,0,0,0,0,0
247,AgentA wins,27.00,0,0,0,0,0,0,0,0,0,0
248,AgentA wins,31.00,0,0,0,0,0,0,0,0,0,0
249,AgentA wins,34.67,0,0,0,0,0,0,0,0,0,0
250,AgentA wins,26.67,0,0,0,0,0,0,0,0,0,0
241,AgentA wins,33.00,0,0,0,0,0,0,0,0,0,0
242,AgentA wins,24.00,0,0,0,0,0,0,0,0,0,0
243,AgentA wins,26.67,0,0,0,0,0,0,0,0,0,0
244,AgentA wins,15.00,0,0,0,0,0,0,0,0,0,0
245,AgentA wins,24.00,0,0,0,0,0,0,0,0,0,0
246,AgentA wins,29.67,0,0,0,0,0,0,0,0,0,0
247,AgentA wins,18.00,0,0,0,0,0,0,0,0,0,0
248,AgentA wins,32.67,0,0,0,0,0,0,0,0,0,0
249,AgentB wins,48.00,0,0,0,0,0,0,0,0,0,0
250,AgentA wins,30.00,0,0,0,0,0,0,0,0,0,0
351,AgentA wins,19.67,0,0,0,0,0,0,0,0,0,0
352,AgentA wins,20.00,0,0,0,0,0,0,0,0,0,0
353,AgentA wins,20.00,0,0,0,0,0,0,0,0,0,0
354,AgentA wins,19.67,0,0,0,0,0,0,0,0,0,0
355,AgentA wins,18.00,0,0,0,0,0,0,0,0,0,0
356,AgentA wins,20.00,0,0,0,0,0,0,0,0,0,0
357,AgentA wins,17.00,0,0,0,0,0,0,0,0,0,0
358,AgentA wins,20.00,0,0,0,0,0,0,0,0,0,0
359,AgentA wins,20.00,0,0,0,0,0,0,0,0,0,0
360,AgentA wins,20.00,0,0,0,0,0,0,0,0,0,0
351,AgentA wins,20.00,0,0,0,0,0,0,0,0,0,0
352,AgentA wins,20.00,0,0,0,0,0,0,0,0,0,0
353,AgentA wins,15.00,0,0,0,0,0,0,0,0,0,0
354,AgentA wins,18.00,0,0,0,0,0,0,0,0,0,0
355,AgentA wins,20.00,0,0,0,0,0,0,0,0,0,0
356,AgentA wins,20.00,0,0,0,0,0,0,0,0,0,0
357,AgentA wins,17.00,0,0,0,0,0,0,0,0,0,0
358,AgentA wins,20.00,0,0,0,0,0,0,0,0,0,0
359,AgentA wins,23.33,0,0,0,0,0,0,0,0,0,0
360,AgentA wins,20.00,0,0,0,0,0,0,0,0,0,0
271,AgentA wins,24.00,211,217,0,138,0,162,0,32,19,61
272,AgentA wins,18.00,160,165,0,93,0,133,0,20,24,32
273,AgentA wins,15.00,137,136,0,88,0,100,0,15,11,40
274,AgentA wins,15.00,136,136,0,80,0,108,0,18,12,38
275,AgentA wins,32.33,291,295,0,177,0,232,0,38,36,74
276,AgentA wins,33.00,299,297,0,177,0,222,0,36,30,69
277,AgentA wins,31.33,282,283,0,174,0,222,0,38,34,62
278,AgentA wins,21.00,194,188,0,114,0,153,0,23,28,36
279,AgentA wins,26.67,238,241,0,151,0,182,0,36,27,57
280,AgentA wins,31.33,286,283,0,164,0,224,0,36,39,62
251,AgentA wins,15.00,0,0,0,0,0,0,0,0,0,0
252,AgentA wins,15.00,0,0,0,0,0,0,0,0,0,0
253,AgentA wins,15.00,0,0,0,0,0,0,0,0,0,0
254,AgentB wins,32.67,0,0,0,0,0,0,0,0,0,0
255,AgentA wins,31.00,0,0,0,0,0,0,0,0,0,0
256,AgentA wins,31.00,0,0,0,0,0,0,0,0,0,0
257,AgentB wins,31.67,0,0,0,0,0,0,0,0,0,0
258,AgentA wins,15.00,0,0,0,0,0,0,0,0,0,0
259,AgentA wins,27.00,0,0,0,0,0,0,0,0,0,0
260,AgentA wins,18.00,0,0,0,0,0,0,0,0,0,0
351,AgentA wins,20.00,0,0,0,0,0,0,0,0,0,0
352,AgentA wins,18.00,0,0,0,0,0,0,0,0,0,0
353,AgentA wins,15.00,0,0,0,0,0,0,0,0,0,0
354,AgentA wins,20.00,0,0,0,0,0,0,0,0,0,0
355,AgentA wins,18.00,0,0,0,0,0,0,0,0,0,0
356,AgentA wins,19.67,0,0,0,0,0,0,0,0,0,0
357,AgentA wins,15.00,0,0,0,0,0,0,0,0,0,0
358,AgentA wins,20.00,0,0,0,0,0,0,0,0,0,0
359,AgentA wins,15.00,0,0,0,0,0,0,0,0,0,0
360,AgentA wins,19.67,0,0,0,0,0,0,0,0,0,0
251,AgentA wins,15.00,0,0,0,0,0,0,0,0,0,0
252,AgentA wins,26.67,0,0,0,0,0,0,0,0,0,0
253,AgentA wins,18.00,0,0,0,0,0,0,0,0,0,0
254,AgentA wins,35.00,0,0,0,0,0,0,0,0,0,0
255,AgentA wins,18.00,0,0,0,0,0,0,0,0,0,0
256,AgentA wins,15.00,0,0,0,0,0,0,0,0,0,0
257,AgentA wins,21.67,0,0,0,0,0,0,0,0,0,0
258,AgentA wins,18.00,0,0,0,0,0,0,0,0,0,0
259,AgentA wins,21.00,0,0,0,0,0,0,0,0,0,0
260,AgentA wins,33.67,0,0,0,0,0,0,0,0,0,0
351,AgentA wins,20.00,0,0,0,0,0,0,0,0,0,0
352,AgentA wins,20.00,0,0,0,0,0,0,0,0,0,0
353,AgentA wins,15.00,0,0,0,0,0,0,0,0,0,0
354,AgentA wins,17.00,0,0,0,0,0,0,0,0,0,0
355,AgentA wins,20.00,0,0,0,0,0,0,0,0,0,0
356,AgentA wins,15.00,0,0,0,0,0,0,0,0,0,0
357,AgentA wins,20.00,0,0,0,0,0,0,0,0,0,0
358,AgentA wins,15.00,0,0,0,0,0,0,0,0,0,0
359,AgentA wins,18.00,0,0,0,0,0,0,0,0,0,0
360,AgentA wins,20.00,0,0,0,0,0,0,0,0,0,0
351,AgentA wins,17.00,0,0,0,0,0,0,0,0,0,0
352,AgentA wins,15.00,0,0,0,0,0,0,0,0,0,0
353,AgentA wins,20.00,0,0,0,0,0,0,0,0,0,0
354,AgentA wins,19.67,0,0,0,0,0,0,0,0,0,0
355,AgentA wins,20.00,0,0,0,0,0,0,0,0,0,0
356,AgentA wins,15.00,0,0,0,0,0,0,0,0,0,0
357,AgentA wins,19.67,0,0,0,0,0,0,0,0,0,0
358,AgentA wins,19.67,0,0,0,0,0,0,0,0,0,0
359,AgentA wins,17.00,0,0,0,0,0,0,0,0,0,0
360,AgentA wins,17.00,0,0,0,0,0,0,0,0,0,0
351,AgentA wins,15.00,0,0,0,0,0,0,0,0,0,0
352,AgentA wins,15.00,0,0,0,0,0,0,0,0,0,0
353,AgentA wins,15.00,0,0,0,0,0,0,0,0,0,0
354,AgentA wins,15.00,0,0,0,0,0,0,0,0,0,0
355,AgentA wins,17.00,0,0,0,0,0,0,0,0,0,0
356,AgentA wins,20.00,0,0,0,0,0,0,0,0,0,0
357,AgentA wins,19.67,0,0,0,0,0,0,0,0,0,0
358,AgentA wins,20.00,0,0,0,0,0,0,0,0,0,0
359,AgentA wins,15.00,0,0,0,0,0,0,0,0,0,0
360,AgentA wins,15.00,0,0,0,0,0,0,0,0,0,0
351,AgentA wins,20.00,0,0,0,0,0,0,0,0,0,0
352,AgentA wins,17.00,0,0,0,0,0,0,0,0,0,0
353,AgentA wins,20.00,0,0,0,0,0,0,0,0,0,0
354,AgentA wins,20.00,0,0,0,0,0,0,0,0,0,0
355,AgentA wins,19.67,0,0,0,0,0,0,0,0,0,0
356,AgentA wins,19.67,0,0,0,0,0,0,0,0,0,0
357,AgentA wins,15.00,0,0,0,0,0,0,0,0,0,0
358,AgentA wins,18.00,0,0,0,0,0,0,0,0,0,0
359,AgentA wins,20.00,0,0,0,0,0,0,0,0,0,0
360,AgentA wins,20.00,0,0,0,0,0,0,0,0,0,0
351,AgentA wins,20.00,0,0,0,0,0,0,0,0,0,0
352,AgentA wins,22.33,0,0,0,0,0,0,0,0,0,0
353,AgentA wins,20.00,0,0,0,0,0,0,0,0,0,0
354,AgentA wins,20.00,0,0,0,0,0,0,0,0,0,0
355,AgentA wins,19.67,0,0,0,0,0,0,0,0,0,0
356,AgentA wins,20.00,0,0,0,0,0,0,0,0,0,0
357,AgentA wins,20.00,0,0,0,0,0,0,0,0,0,0
358,AgentA wins,15.00,0,0,0,0,0,0,0,0,0,0
359,AgentA wins,15.00,0,0,0,0,0,0,0,0,0,0
360,AgentA wins,15.00,0,0,0,0,0,0,0,0,0,0
351,AgentA wins,18.00,0,0,0,0,0,0,0,0,0,0
352,AgentA wins,20.00,0,0,0,0,0,0,0,0,0,0
353,AgentA wins,18.00,0,0,0,0,0,0,0,0,0,0
354,AgentA wins,20.00,0,0,0,0,0,0,0,0,0,0
355,AgentA wins,19.67,0,0,0,0,0,0,0,0,0,0
356,AgentA wins,19.67,0,0,0,0,0,0,0,0,0,0
357,AgentA wins,20.00,0,0,0,0,0,0,0,0,0,0
358,AgentA wins,20.00,0,0,0,0,0,0,0,0,0,0
359,AgentA wins,19.67,0,0,0,0,0,0,0,0,0,0
360,AgentA wins,20.00,0,0,0,0,0,0,0,0,0,0
351,AgentA wins,20.00,0,0,0,0,0,0,0,0,0,0
352,AgentA wins,20.00,0,0,0,0,0,0,0,0,0,0
353,AgentA wins,18.00,0,0,0,0,0,0,0,0,0,0
354,AgentA wins,20.00,0,0,0,0,0,0,0,0,0,0
355,AgentA wins,20.00,0,0,0,0,0,0,0,0,0,0
356,AgentA wins,20.00,0,0,0,0,0,0,0,0,0,0
357,AgentA wins,17.00,0,0,0,0,0,0,0,0,0,0
358,AgentA wins,17.00,0,0,0,0,0,0,0,0,0,0
359,AgentA wins,18.00,0,0,0,0,0,0,0,0,0,0
360,AgentA wins,20.00,0,0,0,0,0,0,0,0,0,0
351,AgentA wins,20.00,0,0,0,0,0,0,0,0,0,0
352,AgentA wins,20.00,0,0,0,0,0,0,0,0,0,0
353,AgentA wins,20.00,0,0,0,0,0,0,0,0,0,0
354,AgentA wins,15.00,0,0,0,0,0,0,0,0,0,0
355,AgentA wins,18.00,0,0,0,0,0,0,0,0,0,0
356,AgentA wins,20.00,0,0,0,0,0,0,0,0,0,0
357,AgentA wins,15.00,0,0,0,0,0,0,0,0,0,0
358,AgentA wins,18.00,0,0,0,0,0,0,0,0,0,0
359,AgentA wins,18.00,0,0,0,0,0,0,0,0,0,0
360,AgentA wins,20.00,0,0,0,0,0,0,0,0,0,0
241,AgentA wins,15.00,0,0,0,0,0,0,0,0,0,0
242,AgentA wins,18.00,0,0,0,0,0,0,0,0,0,0
243,AgentA wins,35.00,0,0,0,0,0,0,0,0,0,0
244,AgentA wins,18.00,0,0,0,0,0,0,0,0,0,0
245,AgentA wins,21.67,0,0,0,0,0,0,0,0,0,0
246,AgentA wins,34.67,0,0,0,0,0,0,0,0,0,0
247,AgentA wins,39.67,0,0,0,0,0,0,0,0,0,0
248,AgentA wins,15.67,0,0,0,0,0,0,0,0,0,0
249,AgentA wins,26.33,0,0,0,0,0,0,0,0,0,0
250,AgentA wins,32.33,0,0,0,0,0,0,0,0,0,0
351,AgentA wins,23.33,0,0,0,0,0,0,0,0,0,0
352,AgentA wins,18.00,0,0,0,0,0,0,0,0,0,0
353,AgentA wins,15.00,0,0,0,0,0,0,0,0,0,0
354,AgentA wins,19.67,0,0,0,0,0,0,0,0,0,0
355,AgentA wins,20.00,0,0,0,0,0,0,0,0,0,0
356,AgentA wins,20.00,0,0,0,0,0,0,0,0,0,0
357,AgentA wins,15.00,0,0,0,0,0,0,0,0,0,0
358,AgentA wins,18.00,0,0,0,0,0,0,0,0,0,0
359,AgentA wins,20.00,0,0,0,0,0,0,0,0,0,0
360,AgentA wins,20.00,0,0,0,0,0,0,0,0,0,0
361,AgentA wins,15.00,0,0,0,0,0,0,0,0,0,0
362,AgentA wins,15.00,0,0,0,0,0,0,0,0,0,0
363,AgentA wins,18.00,0,0,0,0,0,0,0,0,0,0
364,AgentA wins,20.00,0,0,0,0,0,0,0,0,0,0
365,AgentA wins,20.00,0,0,0,0,0,0,0,0,0,0
366,AgentA wins,15.00,0,0,0,0,0,0,0,0,0,0
367,AgentA wins,20.00,0,0,0,0,0,0,0,0,0,0
368,AgentA wins,20.00,0,0,0,0,0,0,0,0,0,0
369,AgentA wins,20.00,0,0,0,0,0,0,0,0,0,0
370,AgentA wins,20.00,0,0,0,0,0,0,0,0,0,0
361,AgentA wins,15.00,0,0,0,0,0,0,0,0,0,0
362,AgentA wins,20.00,0,0,0,0,0,0,0,0,0,0
363,AgentA wins,20.00,0,0,0,0,0,0,0,0,0,0
364,AgentA wins,20.00,0,0,0,0,0,0,0,0,0,0
365,AgentA wins,22.33,0,0,0,0,0,0,0,0,0,0
366,AgentA wins,19.67,0,0,0,0,0,0,0,0,0,0
367,AgentA wins,17.00,0,0,0,0,0,0,0,0,0,0
368,AgentA wins,17.00,0,0,0,0,0,0,0,0,0,0
369,AgentA wins,15.00,0,0,0,0,0,0,0,0,0,0
370,AgentA wins,18.00,0,0,0,0,0,0,0,0,0,0
251,AgentA wins,23.33,0,0,0,0,0,0,0,0,0,0
252,AgentA wins,15.00,0,0,0,0,0,0,0,0,0,0
253,AgentA wins,29.67,0,0,0,0,0,0,0,0,0,0
254,AgentA wins,21.67,0,0,0,0,0,0,0,0,0,0
255,AgentB wins,24.33,0,0,0,0,0,0,0,0,0,0
256,AgentA wins,29.33,0,0,0,0,0,0,0,0,0,0
257,AgentA wins,35.33,0,0,0,0,0,0,0,0,0,0
258,AgentA wins,36.67,0,0,0,0,0,0,0,0,0,0
259,AgentA wins,18.00,0,0,0,0,0,0,0,0,0,0
260,AgentA wins,18.00,0,0,0,0,0,0,0,0,0,0
361,AgentA wins,19.67,0,0,0,0,0,0,0,0,0,0
362,AgentA wins,19.67,0,0,0,0,0,0,0,0,0,0
363,AgentA wins,17.00,0,0,0,0,0,0,0,0,0,0
364,AgentA wins,18.00,0,0,0,0,0,0,0,0,0,0
365,AgentA wins,18.00,0,0,0,0,0,0,0,0,0,0
366,AgentA wins,15.00,0,0,0,0,0,0,0,0,0,0
367,AgentA wins,20.00,0,0,0,0,0,0,0,0,0,0
368,AgentA wins,20.00,0,0,0,0,0,0,0,0,0,0
369,AgentA wins,20.00,0,0,0,0,0,0,0,0,0,0
370,AgentA wins,20.00,0,0,0,0,0,0,0,0,0,0
361,AgentA wins,18.00,0,0,0,0,0,0,0,0,0,0
362,AgentA wins,15.00,0,0,0,0,0,0,0,0,0,0
363,AgentA wins,20.00,0,0,0,0,0,0,0,0,0,0
364,AgentA wins,18.00,0,0,0,0,0,0,0,0,0,0
365,AgentA wins,20.00,0,0,0,0,0,0,0,0,0,0
366,AgentA wins,17.00,0,0,0,0,0,0,0,0,0,0
367,AgentA wins,20.00,0,0,0,0,0,0,0,0,0,0
368,AgentA wins,17.00,0,0,0,0,0,0,0,0,0,0
369,AgentA wins,17.00,0,0,0,0,0,0,0,0,0,0
370,AgentA wins,15.00,0,0,0,0,0,0,0,0,0,0
361,AgentA wins,20.00,0,0,0,0,0,0,0,0,0,0
362,AgentA wins,20.00,0,0,0,0,0,0,0,0,0,0
363,AgentA wins,19.67,0,0,0,0,0,0,0,0,0,0
364,AgentA wins,20.00,0,0,0,0,0,0,0,0,0,0
365,AgentA wins,15.00,0,0,0,0,0,0,0,0,0,0
366,AgentA wins,17.00,0,0,0,0,0,0,0,0,0,0
367,AgentA wins,20.00,0,0,0,0,0,0,0,0,0,0
368,AgentA wins,15.00,0,0,0,0,0,0,0,0,0,0
369,AgentA wins,17.00,0,0,0,0,0,0,0,0,0,0
370,AgentA wins,19.67,0,0,0,0,0,0,0,0,0,0
361,AgentA wins,18.00,0,0,0,0,0,0,0,0,0,0
362,AgentA wins,18.00,0,0,0,0,0,0,0,0,0,0
363,AgentA wins,19.67,0,0,0,0,0,0,0,0,0,0
364,AgentA wins,15.00,0,0,0,0,0,0,0,0,0,0
365,AgentA wins,20.00,0,0,0,0,0,0,0,0,0,0
366,AgentA wins,18.00,0,0,0,0,0,0,0,0,0,0
367,AgentA wins,20.00,0,0,0,0,0,0,0,0,0,0
368,AgentA wins,20.00,0,0,0,0,0,0,0,0,0,0
369,AgentA wins,22.33,0,0,0,0,0,0,0,0,0,0
370,AgentA wins,20.00,0,0,0,0,0,0,0,0,0,0
361,AgentA wins,19.67,0,0,0,0,0,0,0,0,0,0
362,AgentA wins,20.00,0,0,0,0,0,0,0,0,0,0
363,AgentA wins,15.00,0,0,0,0,0,0,0,0,0,0
364,AgentA wins,20.00,0,0,0,0,0,0,0,0,0,0
365,AgentA wins,20.00,0,0,0,0,0,0,0,0,0,0
366,AgentA wins,18.00,0,0,0,0,0,0,0,0,0,0
367,AgentA wins,15.00,0,0,0,0,0,0,0,0,0,0
368,AgentA wins,20.00,0,0,0,0,0,0,0,0,0,0
369,AgentA wins,15.00,0,0,0,0,0,0,0,0,0,0
370,AgentA wins,20.00,0,0,0,0,0,0,0,0,0,0
251,AgentA wins,29.67,0,0,0,0,0,0,0,0,0,0
252,AgentA wins,15.00,0,0,0,0,0,0,0,0,0,0
253,AgentA wins,23.33,0,0,0,0,0,0,0,0,0,0
254,AgentA wins,34.67,0,0,0,0,0,0,0,0,0,0
255,AgentA wins,18.00,0,0,0,0,0,0,0,0,0,0
256,AgentA wins,18.00,0,0,0,0,0,0,0,0,0,0
257,AgentA wins,35.67,0,0,0,0,0,0,0,0,0,0
258,AgentA wins,32.00,0,0,0,0,0,0,0,0,0,0
259,AgentA wins,21.67,0,0,0,0,0,0,0,0,0,0
260,AgentA wins,18.00,0,0,0,0,0,0,0,0,0,0
361,AgentA wins,19.67,0,0,0,0,0,0,0,0,0,0
362,AgentA wins,20.00,0,0,0,0,0,0,0,0,0,0
363,AgentA wins,18.00,0,0,0,0,0,0,0,0,0,0
364,AgentA wins,19.67,0,0,0,0,0,0,0,0,0,0
365,AgentA wins,17.00,0,0,0,0,0,0,0,0,0,0
366,AgentA wins,15.00,0,0,0,0,0,0,0,0,0,0
367,AgentA wins,19.67,0,0,0,0,0,0,0,0,0,0
368,AgentA wins,20.00,0,0,0,0,0,0,0,0,0,0
369,AgentA wins,20.00,0,0,0,0,0,0,0,0,0,0
370,AgentA wins,20.00,0,0,0,0,0,0,0,0,0,0
361,AgentA wins,15.00,0,0,0,0,0,0,0,0,0,0
362,AgentA wins,15.00,0,0,0,0,0,0,0,0,0,0
363,AgentA wins,20.00,0,0,0,0,0,0,0,0,0,0
364,AgentA wins,15.00,0,0,0,0,0,0,0,0,0,0
365,AgentA wins,20.00,0,0,0,0,0,0,0,0,0,0
366,AgentA wins,19.67,0,0,0,0,0,0,0,0,0,0
367,AgentA wins,20.00,0,0,0,0,0,0,0,0,0,0
368,AgentA wins,19.67,0,0,0,0,0,0,0,0,0,0
369,AgentA wins,17.00,0,0,0,0,0,0,0,0,0,0
370,AgentA wins,20.00,0,0,0,0,0,0,0,0,0,0
361,AgentA wins,20.00,0,0,0,0,0,0,0,0,0,0
362,AgentA wins,18.00,0,0,0,0,0,0,0,0,0,0
363,AgentA wins,20.00,0,0,0,0,0,0,0,0,0,0
364,AgentA wins,20.00,0,0,0,0,0,0,0,0,0,0
365,AgentA wins,15.00,0,0,0,0,0,0,0,0,0,0
366,AgentA wins,19.67,0,0,0,0,0,0,0,0,0,0
367,AgentA wins,15.00,0,0,0,0,0,0,0,0,0,0
368,AgentA wins,20.00,0,0,0,0,0,0,0,0,0,0
369,AgentA wins,20.00,0,0,0,0,0,0,0,0,0,0
370,AgentA wins,15.00,0,0,0,0,0,0,0,0,0,0
261,timeout draw,60.00,0,0,0,0,0,0,0,0,0,0
262,AgentA wins,15.00,0,0,0,0,0,0,0,0,0,0
263,AgentA wins,15.00,0,0,0,0,0,0,0,0,0,0
264,AgentA wins,28.00,0,0,0,0,0,0,0,0,0,0
265,AgentA wins,20.67,0,0,0,0,0,0,0,0,0,0
266,AgentA wins,29.67,0,0,0,0,0,0,0,0,0,0
267,AgentA wins,15.00,0,0,0,0,0,0,0,0,0,0
268,AgentA wins,37.33,0,0,0,0,0,0,0,0,0,0
269,AgentB wins,23.33,0,0,0,0,0,0,0,0,0,0
270,AgentA wins,15.00,0,0,0,0,0,0,0,0,0,0
261,AgentA wins,15.00,0,0,0,0,0,0,0,0,0,0
262,AgentA wins,18.00,0,0,0,0,0,0,0,0,0,0
263,AgentA wins,18.00,0,0,0,0,0,0,0,0,0,0
264,AgentA wins,32.67,0,0,0,0,0,0,0,0,0,0
265,AgentB wins,37.00,0,0,0,0,0,0,0,0,0,0
266,AgentB wins,18.67,0,0,0,0,0,0,0,0,0,0
267,AgentA wins,21.00,0,0,0,0,0,0,0,0,0,0
268,AgentA wins,15.00,0,0,0,0,0,0,0,0,0,0
269,AgentA wins,27.00,0,0,0,0,0,0,0,0,0,0
270,AgentA wins,21.00,0,0,0,0,0,0,0,0,0,0
261,AgentA wins,24.00,0,0,0,0,0,0,0,0,0,0
262,AgentA wins,25.00,0,0,0,0,0,0,0,0,0,0
263,AgentA wins,47.33,0,0,0,0,0,0,0,0,0,0
264,AgentA wins,15.00,0,0,0,0,0,0,0,0,0,0
265,AgentA wins,21.00,0,0,0,0,0,0,0,0,0,0
266,AgentA wins,23.67,0,0,0,0,0,0,0,0,0,0
267,AgentA wins,24.33,0,0,0,0,0,0,0,0,0,0
268,AgentA wins,36.00,0,0,0,0,0,0,0,0,0,0
269,AgentA wins,21.00,0,0,0,0,0,0,0,0,0,0
270,AgentA wins,34.00,0,0,0,0,0,0,0,0,0,0
361,AgentA wins,18.00,0,0,0,0,0,0,0,0,0,0
362,AgentA wins,18.00,0,0,0,0,0,0,0,0,0,0
363,AgentA wins,20.00,0,0,0,0,0,0,0,0,0,0
364,AgentA wins,19.67,0,0,0,0,0,0,0,0,0,0
365,AgentA wins,20.00,0,0,0,0,0,0,0,0,0,0
366,AgentA wins,17.00,0,0,0,0,0,0,0,0,0,0
367,AgentA wins,20.00,0,0,0,0,0,0,0,0,0,0
368,AgentA wins,20.00,0,0,0,0,0,0,0,0,0,0
369,AgentA wins,22.33,0,0,0,0,0,0,0,0,0,0
370,AgentA wins,18.00,0,0,0,0,0,0,0,0,0,0
251,AgentA wins,24.67,0,0,0,0,0,0,0,0,0,0
252,AgentA wins,33.00,0,0,0,0,0,0,0,0,0,0
253,AgentA wins,35.67,0,0,0,0,0,0,0,0,0,0
254,AgentA wins,29.67,0,0,0,0,0,0,0,0,0,0
255,AgentA wins,32.00,0,0,0,0,0,0,0,0,0,0
256,AgentA wins,33.33,0,0,0,0,0,0,0,0,0,0
257,AgentA wins,26.33,0,0,0,0,0,0,0,0,0,0
258,AgentA wins,24.00,0,0,0,0,0,0,0,0,0,0
259,AgentA wins,27.00,0,0,0,0,0,0,0,0,0,0
260,AgentA wins,36.33,0,0,0,0,0,0,0,0,0,0
361,AgentA wins,18.00,0,0,0,0,0,0,0,0,0,0
362,AgentA wins,15.00,0,0,0,0,0,0,0,0,0,0
363,AgentA wins,20.00,0,0,0,0,0,0,0,0,0,0
364,AgentA wins,19.67,0,0,0,0,0,0,0,0,0,0
365,AgentA wins,19.67,0,0,0,0,0,0,0,0,0,0
366,AgentA wins,20.00,0,0,0,0,0,0,0,0,0,0
367,AgentA wins,15.00,0,0,0,0,0,0,0,0,0,0
368,AgentA wins,20.00,0,0,0,0,0,0,0,0,0,0
369,AgentA wins,20.00,0,0,0,0,0,0,0,0,0,0
370,AgentA wins,20.00,0,0,0,0,0,0,0,0,0,0
361,AgentA wins,20.00,0,0,0,0,0,0,0,0,0,0
362,AgentA wins,20.00,0,0,0,0,0,0,0,0,0,0
363,AgentA wins,18.00,0,0,0,0,0,0,0,0,0,0
364,AgentA wins,19.67,0,0,0,0,0,0,0,0,0,0
365,AgentA wins,20.00,0,0,0,0,0,0,0,0,0,0
366,AgentA wins,19.67,0,0,0,0,0,0,0,0,0,0
367,AgentA wins,20.00,0,0,0,0,0,0,0,0,0,0
368,AgentA wins,15.00,0,0,0,0,0,0,0,0,0,0
369,AgentA wins,19.67,0,0,0,0,0,0,0,0,0,0
370,AgentA wins,20.00,0,0,0,0,0,0,0,0,0,0
361,AgentA wins,20.00,0,0,0,0,0,0,0,0,0,0
362,AgentA wins,15.00,0,0,0,0,0,0,0,0,0,0
363,AgentA wins,20.00,0,0,0,0,0,0,0,0,0,0
364,AgentA wins,20.00,0,0,0,0,0,0,0,0,0,0
365,AgentA wins,15.00,0,0,0,0,0,0,0,0,0,0
366,AgentA wins,20.00,0,0,0,0,0,0,0,0,0,0
367,AgentA wins,15.00,0,0,0,0,0,0,0,0,0,0
368,AgentA wins,20.00,0,0,0,0,0,0,0,0,0,0
369,AgentA wins,15.00,0,0,0,0,0,0,0,0,0,0
370,AgentA wins,20.00,0,0,0,0,0,0,0,0,0,0
261,AgentA wins,15.67,0,0,0,0,0,0,0,0,0,0
262,AgentA wins,35.00,0,0,0,0,0,0,0,0,0,0
263,AgentA wins,38.00,0,0,0,0,0,0,0,0,0,0
264,AgentA wins,21.67,0,0,0,0,0,0,0,0,0,0
265,AgentA wins,48.00,0,0,0,0,0,0,0,0,0,0
266,AgentA wins,27.00,0,0,0,0,0,0,0,0,0,0
267,AgentA wins,32.33,0,0,0,0,0,0,0,0,0,0
268,AgentA wins,15.00,0,0,0,0,0,0,0,0,0,0
269,AgentA wins,18.00,0,0,0,0,0,0,0,0,0,0
270,AgentA wins,21.67,0,0,0,0,0,0,0,0,0,0
251,AgentA wins,23.00,0,0,0,0,0,0,0,0,0,0
252,AgentA wins,23.00,0,0,0,0,0,0,0,0,0,0
253,AgentA wins,24.00,0,0,0,0,0,0,0,0,0,0
254,AgentB wins,46.00,0,0,0,0,0,0,0,0,0,0
255,AgentA wins,24.67,0,0,0,0,0,0,0,0,0,0
256,AgentA wins,32.67,0,0,0,0,0,0,0,0,0,0
257,AgentA wins,32.67,0,0,0,0,0,0,0,0,0,0
258,AgentA wins,31.00,0,0,0,0,0,0,0,0,0,0
259,AgentA wins,26.67,0,0,0,0,0,0,0,0,0,0
260,AgentA wins,31.67,0,0,0,0,0,0,0,0,0,0
281,AgentA wins,27.33,250,243,0,149,0,200,0,28,31,56
282,AgentA wins,31.33,287,281,0,165,0,218,0,35,35,67
283,AgentA wins,32.67,294,291,0,179,0,226,0,35,32,82
284,AgentA wins,24.00,217,217,0,134,0,174,0,30,23,45
285,AgentA wins,30.00,269,270,0,154,0,219,0,30,36,59
286,AgentA wins,33.67,306,304,0,178,0,250,0,36,51,50
287,AgentA wins,23.00,206,210,0,126,0,161,0,32,20,48
288,AgentA wins,31.00,277,281,0,168,0,229,0,40,44,58
289,AgentA wins,39.00,355,353,0,210,0,284,0,39,50,69
290,AgentA wins,26.67,241,244,0,140,0,187,0,28,36,44
361,AgentA wins,19.67,0,0,0,0,0,0,0,0,0,0
362,AgentA wins,15.00,0,0,0,0,0,0,0,0,0,0
363,AgentA wins,17.00,0,0,0,0,0,0,0,0,0,0
364,AgentA wins,20.00,0,0,0,0,0,0,0,0,0,0
365,AgentA wins,18.00,0,0,0,0,0,0,0,0,0,0
366,AgentA wins,19.67,0,0,0,0,0,0,0,0,0,0
367,AgentA wins,20.00,0,0,0,0,0,0,0,0,0,0
368,AgentA wins,20.00,0,0,0,0,0,0,0,0,0,0
369,AgentA wins,20.00,0,0,0,0,0,0,0,0,0,0
370,AgentA wins,20.00,0,0,0,0,0,0,0,0,0,0
371,AgentA wins,19.67,0,0,0,0,0,0,0,0,0,0
372,AgentA wins,19.67,0,0,0,0,0,0,0,0,0,0
373,AgentA wins,19.67,0,0,0,0,0,0,0,0,0,0
374,AgentA wins,20.00,0,0,0,0,0,0,0,0,0,0
375,AgentA wins,19.67,0,0,0,0,0,0,0,0,0,0
376,AgentA wins,20.00,0,0,0,0,0,0,0,0,0,0
377,AgentA wins,15.00,0,0,0,0,0,0,0,0,0,0
378,AgentA wins,15.00,0,0,0,0,0,0,0,0,0,0
379,AgentA wins,19.67,0,0,0,0,0,0,0,0,0,0
380,AgentA wins,17.00,0,0,0,0,0,0,0,0,0,0
371,AgentA wins,19.67,0,0,0,0,0,0,0,0,0,0
372,AgentA wins,20.00,0,0,0,0,0,0,0,0,0,0
373,AgentA wins,19.67,0,0,0,0,0,0,0,0,0,0
374,AgentA wins,20.00,0,0,0,0,0,0,0,0,0,0
375,AgentA wins,15.00,0,0,0,0,0,0,0,0,0,0
376,AgentA wins,20.00,0,0,0,0,0,0,0,0,0,0
377,AgentA wins,20.00,0,0,0,0,0,0,0,0,0,0
378,AgentA wins,22.33,0,0,0,0,0,0,0,0,0,0
379,AgentA wins,22.33,0,0,0,0,0,0,0,0,0,0
380,AgentA wins,20.00,0,0,0,0,0,0,0,0,0,0
251,AgentA wins,21.33,0,0,0,0,0,0,0,0,0,0
252,AgentA wins,34.67,0,0,0,0,0,0,0,0,0,0
253,AgentA wins,33.00,0,0,0,0,0,0,0,0,0,0
254,AgentA wins,15.00,0,0,0,0,0,0,0,0,0,0
255,AgentA wins,50.00,0,0,0,0,0,0,0,0,0,0
256,AgentB wins,22.00,0,0,0,0,0,0,0,0,0,0
257,AgentA wins,18.67,0,0,0,0,0,0,0,0,0,0
258,AgentA wins,35.00,0,0,0,0,0,0,0,0,0,0
259,AgentB wins,29.67,0,0,0,0,0,0,0,0,0,0
260,AgentA wins,18.00,0,0,0,0,0,0,0,0,0,0
371,AgentA wins,18.00,0,0,0,0,0,0,0,0,0,0
372,AgentA wins,20.00,0,0,0,0,0,0,0,0,0,0
373,AgentA wins,20.00,0,0,0,0,0,0,0,0,0,0
374,AgentA wins,19.67,0,0,0,0,0,0,0,0,0,0
375,AgentA wins,20.00,0,0,0,0,0,0,0,0,0,0
376,AgentA wins,20.00,0,0,0,0,0,0,0,0,0,0
377,AgentA wins,20.00,0,0,0,0,0,0,0,0,0,0
378,AgentA wins,19.67,0,0,0,0,0,0,0,0,0,0
379,AgentA wins,15.00,0,0,0,0,0,0,0,0,0,0
380,AgentA wins,20.00,0,0,0,0,0,0,0,0,0,0
371,AgentA wins,20.00,0,0,0,0,0,0,0,0,0,0
372,AgentA wins,15.00,0,0,0,0,0,0,0,0,0,0
373,AgentA wins,20.00,0,0,0,0,0,0,0,0,0,0
374,AgentA wins,20.00,0,0,0,0,0,0,0,0,0,0
375,AgentA wins,17.00,0,0,0,0,0,0,0,0,0,0
376,AgentA wins,20.00,0,0,0,0,0,0,0,0,0,0
377,AgentA wins,19.67,0,0,0,0,0,0,0,0,0,0
378,AgentA wins,18.00,0,0,0,0,0,0,0,0,0,0
379,AgentA wins,17.00,0,0,0,0,0,0,0,0,0,0
380,AgentA wins,20.00,0,0,0,0,0,0,0,0,0,0
371,AgentA wins,19.67,0,0,0,0,0,0,0,0,0,0
372,AgentA wins,17.00,0,0,0,0,0,0,0,0,0,0
373,AgentA wins,22.33,0,0,0,0,0,0,0,0,0,0
374,AgentA wins,17.00,0,0,0,0,0,0,0,0,0,0
375,AgentA wins,15.00,0,0,0,0,0,0,0,0,0,0
376,AgentA wins,20.00,0,0,0,0,0,0,0,0,0,0
377,AgentA wins,17.00,0,0,0,0,0,0,0,0,0,0
378,AgentA wins,15.00,0,0,0,0,0,0,0,0,0,0
379,AgentA wins,20.00,0,0,0,0,0,0,0,0,0,0
380,AgentA wins,20.00,0,0,0,0,0,0,0,0,0,0
371,AgentA wins,15.00,0,0,0,0,0,0,0,0,0,0
372,AgentA wins,20.00,0,0,0,0,0,0,0,0,0,0
373,AgentA wins,18.00,0,0,0,0,0,0,0,0,0,0
374,AgentA wins,19.67,0,0,0,0,0,0,0,0,0,0
375,AgentA wins,20.00,0,0,0,0,0,0,0,0,0,0
376,AgentA wins,15.00,0,0,0,0,0,0,0,0,0,0
377,AgentA wins,17.00,0,0,0,0,0,0,0,0,0,0
378,AgentA wins,15.00,0,0,0,0,0,0,0,0,0,0
379,AgentA wins,20.00,0,0,0,0,0,0,0,0,0,0
380,AgentA wins,19.67,0,0,0,0,0,0,0,0,0,0
371,AgentA wins,20.00,0,0,0,0,0,0,0,0,0,0
372,AgentA wins,20.00,0,0,0,0,0,0,0,0,0,0
373,AgentA wins,19.67,0,0,0,0,0,0,0,0,0,0
374,AgentA wins,19.67,0,0,0,0,0,0,0,0,0,0
375,AgentA wins,20.00,0,0,0,0,0,0,0,0,0,0
376,AgentA wins,15.00,0,0,0,0,0,0,0,0,0,0
377,AgentA wins,15.00,0,0,0,0,0,0,0,0,0,0
378,AgentA wins,18.00,0,0,0,0,0,0,0,0,0,0
379,AgentA wins,20.00,0,0,0,0,0,0,0,0,0,0
380,AgentA wins,15.00,0,0,0,0,0,0,0,0,0,0
371,AgentA wins,19.67,0,0,0,0,0,0,0,0,0,0
372,AgentA wins,17.00,0,0,0,0,0,0,0,0,0,0
373,AgentA wins,20.00,0,0,0,0,0,0,0,0,0,0
374,AgentA wins,17.00,0,0,0,0,0,0,0,0,0,0
375,AgentA wins,20.00,0,0,0,0,0,0,0,0,0,0
376,AgentA wins,20.00,0,0,0,0,0,0,0,0,0,0
377,AgentA wins,15.00,0,0,0,0,0,0,0,0,0,0
378,AgentA wins,19.67,0,0,0,0,0,0,0,0,0,0
379,AgentA wins,15.00,0,0,0,0,0,0,0,0,0,0
380,AgentA wins,19.67,0,0,0,0,0,0,0,0,0,0
371,AgentA wins,15.00,0,0,0,0,0,0,0,0,0,0
372,AgentA wins,20.00,0,0,0,0,0,0,0,0,0,0
373,AgentA wins,20.00,0,0,0,0,0,0,0,0,0,0
374,AgentA wins,17.00,0,0,0,0,0,0,0,0,0,0
375,AgentA wins,20.00,0,0,0,0,0,0,0,0,0,0
376,AgentA wins,15.00,0,0,0,0,0,0,0,0,0,0
377,AgentA wins,20.00,0,0,0,0,0,0,0,0,0,0
378,AgentA wins,15.00,0,0,0,0,0,0,0,0,0,0
379,AgentA wins,20.00,0,0,0,0,0,0,0,0,0,0
380,AgentA wins,15.00,0,0,0,0,0,0,0,0,0,0
371,AgentA wins,20.00,0,0,0,0,0,0,0,0,0,0
372,AgentA wins,15.00,0,0,0,0,0,0,0,0,0,0
373,AgentA wins,20.00,0,0,0,0,0,0,0,0,0,0
374,AgentA wins,19.67,0,0,0,0,0,0,0,0,0,0
375,AgentA wins,20.00,0,0,0,0,0,0,0,0,0,0
376,AgentA wins,20.00,0,0,0,0,0,0,0,0,0,0
377,AgentA wins,20.00,0,0,0,0,0,0,0,0,0,0
378,AgentA wins,15.00,0,0,0,0,0,0,0,0,0,0
379,AgentA wins,15.00,0,0,0,0,0,0,0,0,0,0
380,AgentA wins,15.00,0,0,0,0,0,0,0,0,0,0
371,AgentA wins,20.00,0,0,0,0,0,0,0,0,0,0
372,AgentA wins,15.00,0,0,0,0,0,0,0,0,0,0
373,AgentA wins,15.00,0,0,0,0,0,0,0,0,0,0
374,AgentA wins,15.00,0,0,0,0,0,0,0,0,0,0
375,AgentA wins,20.00,0,0,0,0,0,0,0,0,0,0
376,AgentA wins,15.00,0,0,0,0,0,0,0,0,0,0
377,AgentA wins,15.00,0,0,0,0,0,0,0,0,0,0
378,AgentA wins,18.00,0,0,0,0,0,0,0,0,0,0
379,AgentA wins,19.67,0,0,0,0,0,0,0,0,0,0
380,AgentA wins,15.00,0,0,0,0,0,0,0,0,0,0
261,timeout draw,60.00,0,0,0,0,0,0,0,0,0,0
262,AgentA wins,30.00,0,0,0,0,0,0,0,0,0,0
263,AgentA wins,21.00,0,0,0,0,0,0,0,0,0,0
264,AgentA wins,32.00,0,0,0,0,0,0,0,0,0,0
265,AgentA wins,27.67,0,0,0,0,0,0,0,0,0,0
266,AgentA wins,29.33,0,0,0,0,0,0,0,0,0,0
267,AgentA wins,24.67,0,0,0,0,0,0,0,0,0,0
268,AgentA wins,24.33,0,0,0,0,0,0,0,0,0,0
269,AgentA wins,18.00,0,0,0,0,0,0,0,0,0,0
270,AgentA wins,15.00,0,0,0,0,0,0,0,0,0,0
371,AgentA wins,17.00,0,0,0,0,0,0,0,0,0,0
372,AgentA wins,15.00,0,0,0,0,0,0,0,0,0,0
373,AgentA wins,20.00,0,0,0,0,0,0,0,0,0,0
374,AgentA wins,20.00,0,0,0,0,0,0,0,0,0,0
375,AgentA wins,15.00,0,0,0,0,0,0,0,0,0,0
376,AgentA wins,20.00,0,0,0,0,0,0,0,0,0,0
377,AgentA wins,15.00,0,0,0,0,0,0,0,0,0,0
378,AgentA wins,20.00,0,0,0,0,0,0,0,0,0,0
379,AgentA wins,18.00,0,0,0,0,0,0,0,0,0,0
380,AgentA wins,20.00,0,0,0,0,0,0,0,0,0,0
371,AgentA wins,20.00,0,0,0,0,0,0,0,0,0,0
372,AgentA wins,19.67,0,0,0,0,0,0,0,0,0,0
373,AgentA wins,20.00,0,0,0,0,0,0,0,0,0,0
374,AgentA wins,20.00,0,0,0,0,0,0,0,0,0,0
375,AgentA wins,20.00,0,0,0,0,0,0,0,0,0,0
376,AgentA wins,15.00,0,0,0,0,0,0,0,0,0,0
377,AgentA wins,19.67,0,0,0,0,0,0,0,0,0,0
378,AgentA wins,20.00,0,0,0,0,0,0,0,0,0,0
379,AgentA wins,20.00,0,0,0,0,0,0,0,0,0,0
380,AgentA wins,18.00,0,0,0,0,0,0,0,0,0,0
371,AgentA wins,20.00,0,0,0,0,0,0,0,0,0,0
372,AgentA wins,20.00,0,0,0,0,0,0,0,0,0,0
373,AgentA wins,20.00,0,0,0,0,0,0,0,0,0,0
374,AgentA wins,19.67,0,0,0,0,0,0,0,0,0,0
375,AgentA wins,20.00,0,0,0,0,0,0,0,0,0,0
376,AgentA wins,20.00,0,0,0,0,0,0,0,0,0,0
377,AgentA wins,15.00,0,0,0,0,0,0,0,0,0,0
378,AgentA wins,18.00,0,0,0,0,0,0,0,0,0,0
379,AgentA wins,20.00,0,0,0,0,0,0,0,0,0,0
380,AgentA wins,19.67,0,0,0,0,0,0,0,0,0,0
371,AgentA wins,20.00,0,0,0,0,0,0,0,0,0,0
372,AgentA wins,15.00,0,0,0,0,0,0,0,0,0,0
373,AgentA wins,18.00,0,0,0,0,0,0,0,0,0,0
374,AgentA wins,20.00,0,0,0,0,0,0,0,0,0,0
375,AgentA wins,15.00,0,0,0,0,0,0,0,0,0,0
376,AgentA wins,15.00,0,0,0,0,0,0,0,0,0,0
377,AgentA wins,19.67,0,0,0,0,0,0,0,0,0,0
378,AgentA wins,20.00,0,0,0,0,0,0,0,0,0,0
379,AgentA wins,20.00,0,0,0,0,0,0,0,0,0,0
380,AgentA wins,17.00,0,0,0,0,0,0,0,0,0,0
271,AgentA wins,15.00,0,0,0,0,0,0,0,0,0,0
272,AgentA wins,32.67,0,0,0,0,0,0,0,0,0,0
273,AgentA wins,15.00,0,0,0,0,0,0,0,0,0,0
274,AgentA wins,29.67,0,0,0,0,0,0,0,0,0,0
275,AgentB wins,24.67,0,0,0,0,0,0,0,0,0,0
276,AgentA wins,18.00,0,0,0,0,0,0,0,0,0,0
277,AgentA wins,53.00,0,0,0,0,0,0,0,0,0,0
278,AgentA wins,15.00,0,0,0,0,0,0,0,0,0,0
279,AgentA wins,22.67,0,0,0,0,0,0,0,0,0,0
280,AgentA wins,18.00,0,0,0,0,0,0,0,0,0,0
271,AgentA wins,15.00,0,0,0,0,0,0,0,0,0,0
272,AgentA wins,27.00,0,0,0,0,0,0,0,0,0,0
273,AgentA wins,18.00,0,0,0,0,0,0,0,0,0,0
274,AgentA wins,26.00,0,0,0,0,0,0,0,0,0,0
275,AgentA wins,24.67,0,0,0,0,0,0,0,0,0,0
276,AgentA wins,18.00,0,0,0,0,0,0,0,0,0,0
277,AgentA wins,31.00,0,0,0,0,0,0,0,0,0,0
278,AgentA wins,42.00,0,0,0,0,0,0,0,0,0,0
279,AgentA wins,32.33,0,0,0,0,0,0,0,0,0,0
280,AgentA wins,23.67,0,0,0,0,0,0,0,0,0,0
271,AgentA wins,34.00,0,0,0,0,0,0,0,0,0,0
272,AgentA wins,15.00,0,0,0,0,0,0,0,0,0,0
273,AgentB wins,18.67,0,0,0,0,0,0,0,0,0,0
274,AgentA wins,15.00,0,0,0,0,0,0,0,0,0,0
275,AgentA wins,33.00,0,0,0,0,0,0,0,0,0,0
276,AgentA wins,21.00,0,0,0,0,0,0,0,0,0,0
277,AgentA wins,49.67,0,0,0,0,0,0,0,0,0,0
278,AgentB wins,41.33,0,0,0,0,0,0,0,0,0,0
279,AgentA wins,29.33,0,0,0,0,0,0,0,0,0,0
280,AgentA wins,15.00,0,0,0,0,0,0,0,0,0,0
271,AgentB wins,31.00,0,0,0,0,0,0,0,0,0,0
272,AgentA wins,21.00,0,0,0,0,0,0,0,0,0,0
273,AgentA wins,29.33,0,0,0,0,0,0,0,0,0,0
274,AgentA wins,15.00,0,0,0,0,0,0,0,0,0,0
275,AgentA wins,15.00,0,0,0,0,0,0,0,0,0,0
276,AgentA wins,26.00,0,0,0,0,0,0,0,0,0,0
277,AgentA wins,39.00,0,0,0,0,0,0,0,0,0,0
278,AgentA wins,15.00,0,0,0,0,0,0,0,0,0,0
279,AgentB wins,31.33,0,0,0,0,0,0,0,0,0,0
280,AgentA wins,15.67,0,0,0,0,0,0,0,0,0,0
261,AgentA wins,34.67,0,0,0,0,0,0,0,0,0,0
262,AgentA wins,37.33,0,0,0,0,0,0,0,0,0,0
263,AgentA wins,15.00,0,0,0,0,0,0,0,0,0,0
264,AgentA wins,15.67,0,0,0,0,0,0,0,0,0,0
265,AgentA wins,42.33,0,0,0,0,0,0,0,0,0,0
266,AgentA wins,24.33,0,0,0,0,0,0,0,0,0,0
267,AgentA wins,15.00,0,0,0,0,0,0,0,0,0,0
268,AgentA wins,15.00,0,0,0,0,0,0,0,0,0,0
269,AgentA wins,21.00,0,0,0,0,0,0,0,0,0,0
270,AgentA wins,18.00,0,0,0,0,0,0,0,0,0,0
261,AgentB wins,25.00,0,0,0,0,0,0,0,0,0,0
262,AgentA wins,35.67,0,0,0,0,0,0,0,0,0,0
263,AgentA wins,38.67,0,0,0,0,0,0,0,0,0,0
264,AgentA wins,26.00,0,0,0,0,0,0,0,0,0,0
265,AgentA wins,18.00,0,0,0,0,0,0,0,0,0,0
266,AgentA wins,27.00,0,0,0,0,0,0,0,0,0,0
267,AgentB wins,38.67,0,0,0,0,0,0,0,0,0,0
268,AgentA wins,15.00,0,0,0,0,0,0,0,0,0,0
269,AgentA wins,35.00,0,0,0,0,0,0,0,0,0,0
270,AgentA wins,15.00,0,0,0,0,0,0,0,0,0,0
381,AgentA wins,15.00,0,0,0,0,0,0,0,0,0,0
382,AgentA wins,18.00,0,0,0,0,0,0,0,0,0,0
383,AgentA wins,19.67,0,0,0,0,0,0,0,0,0,0
384,AgentA wins,17.00,0,0,0,0,0,0,0,0,0,0
385,AgentA wins,20.00,0,0,0,0,0,0,0,0,0,0
386,AgentA wins,20.00,0,0,0,0,0,0,0,0,0,0
387,AgentA wins,20.00,0,0,0,0,0,0,0,0,0,0
388,AgentA wins,20.00,0,0,0,0,0,0,0,0,0,0
389,AgentA wins,19.67,0,0,0,0,0,0,0,0,0,0
390,AgentA wins,20.00,0,0,0,0,0,0,0,0,0,0
381,AgentA wins,20.00,0,0,0,0,0,0,0,0,0,0
382,AgentA wins,15.00,0,0,0,0,0,0,0,0,0,0
383,AgentA wins,18.00,0,0,0,0,0,0,0,0,0,0
384,AgentA wins,19.67,0,0,0,0,0,0,0,0,0,0
385,AgentA wins,19.67,0,0,0,0,0,0,0,0,0,0
386,AgentA wins,20.00,0,0,0,0,0,0,0,0,0,0
387,AgentA wins,20.00,0,0,0,0,0,0,0,0,0,0
388,AgentA wins,20.00,0,0,0,0,0,0,0,0,0,0
389,AgentA wins,19.67,0,0,0,0,0,0,0,0,0,0
390,AgentA wins,18.00,0,0,0,0,0,0,0,0,0,0
261,AgentA wins,15.00,0,0,0,0,0,0,0,0,0,0
262,AgentA wins,29.33,0,0,0,0,0,0,0,0,0,0
263,AgentA wins,32.67,0,0,0,0,0,0,0,0,0,0
264,AgentA wins,21.67,0,0,0,0,0,0,0,0,0,0
265,AgentA wins,21.00,0,0,0,0,0,0,0,0,0,0
266,AgentA wins,28.00,0,0,0,0,0,0,0,0,0,0
267,AgentA wins,41.33,0,0,0,0,0,0,0,0,0,0
268,AgentB wins,43.00,0,0,0,0,0,0,0,0,0,0
269,AgentA wins,55.33,0,0,0,0,0,0,0,0,0,0
270,AgentA wins,21.00,0,0,0,0,0,0,0,0,0,0
381,AgentA wins,20.00,0,0,0,0,0,0,0,0,0,0
382,AgentA wins,15.00,0,0,0,0,0,0,0,0,0,0
383,AgentA wins,15.00,0,0,0,0,0,0,0,0,0,0
384,AgentA wins,18.00,0,0,0,0,0,0,0,0,0,0
385,AgentA wins,17.00,0,0,0,0,0,0,0,0,0,0
386,AgentA wins,15.00,0,0,0,0,0,0,0,0,0,0
387,AgentA wins,20.00,0,0,0,0,0,0,0,0,0,0
388,AgentA wins,15.00,0,0,0,0,0,0,0,0,0,0
389,AgentA wins,20.00,0,0,0,0,0,0,0,0,0,0
390,AgentA wins,15.00,0,0,0,0,0,0,0,0,0,0
291,AgentA wins,15.00,132,134,0,82,0,111,0,17,24,26
292,AgentA wins,15.00,133,139,0,83,0,111,0,14,17,39
293,AgentA wins,18.00,159,164,0,95,0,116,0,21,16,46
294,AgentA wins,15.00,137,137,0,82,0,105,0,18,12,38
295,AgentA wins,21.33,191,192,0,135,0,154,0,28,18,48
296,AgentA wins,18.00,165,160,0,99,0,116,0,18,14,45
297,AgentA wins,30.00,276,266,0,152,0,196,0,34,31,64
298,AgentA wins,39.00,353,348,0,201,0,271,0,41,49,80
299,AgentA wins,33.00,298,299,0,180,0,238,0,36,41,55
300,AgentB wins,38.67,352,353,0,234,0,280,0,47,46,77
381,AgentA wins,17.00,0,0,0,0,0,0,0,0,0,0
382,AgentA wins,17.00,0,0,0,0,0,0,0,0,0,0
383,AgentA wins,15.00,0,0,0,0,0,0,0,0,0,0
384,AgentA wins,15.00,0,0,0,0,0,0,0,0,0,0
385,AgentA wins,19.67,0,0,0,0,0,0,0,0,0,0
386,AgentA wins,20.00,0,0,0,0,0,0,0,0,0,0
387,AgentA wins,15.00,0,0,0,0,0,0,0,0,0,0
388,AgentA wins,17.00,0,0,0,0,0,0,0,0,0,0
389,AgentA wins,19.67,0,0,0,0,0,0,0,0,0,0
390,AgentA wins,18.00,0,0,0,0,0,0,0,0,0,0
381,AgentA wins,15.00,0,0,0,0,0,0,0,0,0,0
382,AgentA wins,20.00,0,0,0,0,0,0,0,0,0,0
383,AgentA wins,15.00,0,0,0,0,0,0,0,0,0,0
384,AgentA wins,20.00,0,0,0,0,0,0,0,0,0,0
385,AgentA wins,17.00,0,0,0,0,0,0,0,0,0,0
386,AgentA wins,17.00,0,0,0,0,0,0,0,0,0,0
387,AgentA wins,15.00,0,0,0,0,0,0,0,0,0,0
388,AgentA wins,18.00,0,0,0,0,0,0,0,0,0,0
389,AgentA wins,17.00,0,0,0,0,0,0,0,0,0,0
390,AgentA wins,15.00,0,0,0,0,0,0,0,0,0,0
381,AgentA wins,15.00,0,0,0,0,0,0,0,0,0,0
382,AgentA wins,19.67,0,0,0,0,0,0,0,0,0,0
383,AgentA wins,18.00,0,0,0,0,0,0,0,0,0,0
384,AgentA wins,18.00,0,0,0,0,0,0,0,0,0,0
385,AgentA wins,20.00,0,0,0,0,0,0,0,0,0,0
386,AgentA wins,20.00,0,0,0,0,0,0,0,0,0,0
387,AgentA wins,19.67,0,0,0,0,0,0,0,0,0,0
388,AgentA wins,20.00,0,0,0,0,0,0,0,0,0,0
389,AgentA wins,20.00,0,0,0,0,0,0,0,0,0,0
390,AgentA wins,20.00,0,0,0,0,0,0,0,0,0,0
381,AgentA wins,20.00,0,0,0,0,0,0,0,0,0,0
382,AgentA wins,15.00,0,0,0,0,0,0,0,0,0,0
383,AgentA wins,20.00,0,0,0,0,0,0,0,0,0,0
384,AgentA wins,20.00,0,0,0,0,0,0,0,0,0,0
385,AgentA wins,20.00,0,0,0,0,0,0,0,0,0,0
386,AgentA wins,19.67,0,0,0,0,0,0,0,0,0,0
387,AgentA wins,19.67,0,0,0,0,0,0,0,0,0,0
388,AgentA wins,18.00,0,0,0,0,0,0,0,0,0,0
389,AgentA wins,17.00,0,0,0,0,0,0,0,0,0,0
390,AgentA wins,20.00,0,0,0,0,0,0,0,0,0,0
381,AgentA wins,15.00,0,0,0,0,0,0,0,0,0,0
382,AgentA wins,19.67,0,0,0,0,0,0,0,0,0,0
383,AgentA wins,20.00,0,0,0,0,0,0,0,0,0,0
384,AgentA wins,20.00,0,0,0,0,0,0,0,0,0,0
385,AgentA wins,15.00,0,0,0,0,0,0,0,0,0,0
386,AgentA wins,15.00,0,0,0,0,0,0,0,0,0,0
387,AgentA wins,17.00,0,0,0,0,0,0,0,0,0,0
388,AgentA wins,20.00,0,0,0,0,0,0,0,0,0,0
389,AgentA wins,15.00,0,0,0,0,0,0,0,0,0,0
390,AgentA wins,20.00,0,0,0,0,0,0,0,0,0,0
381,AgentA wins,19.67,0,0,0,0,0,0,0,0,0,0
382,AgentA wins,15.00,0,0,0,0,0,0,0,0,0,0
383,AgentA wins,15.00,0,0,0,0,0,0,0,0,0,0
384,AgentA wins,20.00,0,0,0,0,0,0,0,0,0,0
385,AgentA wins,19.67,0,0,0,0,0,0,0,0,0,0
386,AgentA wins,15.00,0,0,0,0,0,0,0,0,0,0
387,AgentA wins,17.00,0,0,0,0,0,0,0,0,0,0
388,AgentA wins,19.67,0,0,0,0,0,0,0,0,0,0
389,AgentA wins,20.00,0,0,0,0,0,0,0,0,0,0
390,AgentA wins,15.00,0,0,0,0,0,0,0,0,0,0
381,AgentA wins,20.00,0,0,0,0,0,0,0,0,0,0
382,AgentA wins,20.00,0,0,0,0,0,0,0,0,0,0
383,AgentA wins,20.00,0,0,0,0,0,0,0,0,0,0
384,AgentA wins,19.67,0,0,0,0,0,0,0,0,0,0
385,AgentA wins,19.67,0,0,0,0,0,0,0,0,0,0
386,AgentA wins,19.67,0,0,0,0,0,0,0,0,0,0
387,AgentA wins,18.00,0,0,0,0,0,0,0,0,0,0
388,AgentA wins,19.67,0,0,0,0,0,0,0,0,0,0
389,AgentA wins,15.00,0,0,0,0,0,0,0,0,0,0
390,AgentA wins,15.00,0,0,0,0,0,0,0,0,0,0
261,AgentA wins,15.00,0,0,0,0,0,0,0,0,0,0
262,AgentA wins,36.00,0,0,0,0,0,0,0,0,0,0
263,AgentA wins,35.00,0,0,0,0,0,0,0,0,0,0
264,AgentA wins,15.00,0,0,0,0,0,0,0,0,0,0
265,AgentA wins,24.00,0,0,0,0,0,0,0,0,0,0
266,AgentA wins,44.33,0,0,0,0,0,0,0,0,0,0
267,AgentA wins,15.00,0,0,0,0,0,0,0,0,0,0
268,AgentA wins,30.00,0,0,0,0,0,0,0,0,0,0
269,AgentA wins,26.00,0,0,0,0,0,0,0,0,0,0
270,AgentA wins,18.00,0,0,0,0,0,0,0,0,0,0
381,AgentA wins,15.00,0,0,0,0,0,0,0,0,0,0
382,AgentA wins,15.00,0,0,0,0,0,0,0,0,0,0
383,AgentA wins,22.33,0,0,0,0,0,0,0,0,0,0
384,AgentA wins,20.00,0,0,0,0,0,0,0,0,0,0
385,AgentA wins,20.00,0,0,0,0,0,0,0,0,0,0
386,AgentA wins,20.00,0,0,0,0,0,0,0,0,0,0
387,AgentA wins,22.33,0,0,0,0,0,0,0,0,0,0
388,AgentA wins,20.00,0,0,0,0,0,0,0,0,0,0
389,AgentA wins,20.00,0,0,0,0,0,0,0,0,0,0
390,AgentA wins,15.00,0,0,0,0,0,0,0,0,0,0
381,AgentA wins,17.00,0,0,0,0,0,0,0,0,0,0
382,AgentA wins,15.00,0,0,0,0,0,0,0,0,0,0
383,AgentA wins,20.00,0,0,0,0,0,0,0,0,0,0
384,AgentA wins,18.00,0,0,0,0,0,0,0,0,0,0
385,AgentA wins,20.00,0,0,0,0,0,0,0,0,0,0
386,AgentA wins,19.67,0,0,0,0,0,0,0,0,0,0
387,AgentA wins,20.00,0,0,0,0,0,0,0,0,0,0
388,AgentA wins,20.00,0,0,0,0,0,0,0,0,0,0
389,AgentA wins,20.00,0,0,0,0,0,0,0,0,0,0
390,AgentA wins,15.00,0,0,0,0,0,0,0,0,0,0
381,AgentA wins,15.00,0,0,0,0,0,0,0,0,0,0
382,AgentA wins,17.00,0,0,0,0,0,0,0,0,0,0
383,AgentA wins,17.00,0,0,0,0,0,0,0,0,0,0
384,AgentA wins,20.00,0,0,0,0,0,0,0,0,0,0
385,AgentA wins,17.00,0,0,0,0,0,0,0,0,0,0
386,AgentA wins,19.67,0,0,0,0,0,0,0,0,0,0
387,AgentA wins,17.00,0,0,0,0,0,0,0,0,0,0
388,AgentA wins,15.00,0,0,0,0,0,0,0,0,0,0
389,AgentA wins,18.00,0,0,0,0,0,0,0,0,0,0
390,AgentA wins,18.00,0,0,0,0,0,0,0,0,0,0
381,AgentA wins,15.00,0,0,0,0,0,0,0,0,0,0
382,AgentA wins,17.00,0,0,0,0,0,0,0,0,0,0
383,AgentA wins,18.00,0,0,0,0,0,0,0,0,0,0
384,AgentA wins,20.00,0,0,0,0,0,0,0,0,0,0
385,AgentA wins,15.00,0,0,0,0,0,0,0,0,0,0
386,AgentA wins,20.00,0,0,0,0,0,0,0,0,0,0
387,AgentA wins,18.00,0,0,0,0,0,0,0,0,0,0
388,AgentA wins,19.67,0,0,0,0,0,0,0,0,0,0
389,AgentA wins,15.00,0,0,0,0,0,0,0,0,0,0
390,AgentA wins,20.00,0,0,0,0,0,0,0,0,0,0
381,AgentA wins,20.00,0,0,0,0,0,0,0,0,0,0
382,AgentA wins,17.00,0,0,0,0,0,0,0,0,0,0
383,AgentA wins,19.67,0,0,0,0,0,0,0,0,0,0
384,AgentA wins,19.67,0,0,0,0,0,0,0,0,0,0
385,AgentA wins,18.00,0,0,0,0,0,0,0,0,0,0
386,AgentA wins,20.00,0,0,0,0,0,0,0,0,0,0
387,AgentA wins,15.00,0,0,0,0,0,0,0,0,0,0
388,AgentA wins,15.00,0,0,0,0,0,0,0,0,0,0
389,AgentA wins,15.00,0,0,0,0,0,0,0,0,0,0
390,AgentA wins,17.00,0,0,0,0,0,0,0,0,0,0
271,AgentA wins,15.00,0,0,0,0,0,0,0,0,0,0
272,AgentA wins,18.00,0,0,0,0,0,0,0,0,0,0
273,AgentA wins,34.33,0,0,0,0,0,0,0,0,0,0
274,AgentA wins,28.00,0,0,0,0,0,0,0,0,0,0
275,AgentA wins,27.33,0,0,0,0,0,0,0,0,0,0
391,AgentA wins,15.00,0,0,0,0,0,0,0,0,0,0
392,AgentA wins,20.00,0,0,0,0,0,0,0,0,0,0
393,AgentA wins,19.67,0,0,0,0,0,0,0,0,0,0
394,AgentA wins,20.00,0,0,0,0,0,0,0,0,0,0
395,AgentA wins,19.67,0,0,0,0,0,0,0,0,0,0
396,AgentA wins,18.00,0,0,0,0,0,0,0,0,0,0
391,AgentA wins,20.00,0,0,0,0,0,0,0,0,0,0
281,AgentA wins,15.00,0,0,0,0,0,0,0,0,0,0
282,AgentA wins,18.00,0,0,0,0,0,0,0,0,0,0
283,AgentA wins,46.33,0,0,0,0,0,0,0,0,0,0
284,AgentA wins,18.00,0,0,0,0,0,0,0,0,0,0
285,AgentA wins,15.00,0,0,0,0,0,0,0,0,0,0
286,AgentA wins,27.00,0,0,0,0,0,0,0,0,0,0
281,AgentA wins,20.00,0,0,0,0,0,0,0,0,0,0
282,AgentA wins,15.00,0,0,0,0,0,0,0,0,0,0
283,AgentA wins,23.67,0,0,0,0,0,0,0,0,0,0
284,AgentA wins,27.33,0,0,0,0,0,0,0,0,0,0
285,AgentB wins,40.33,0,0,0,0,0,0,0,0,0,0
286,AgentA wins,27.00,0,0,0,0,0,0,0,0,0,0
271,AgentB wins,47.00,0,0,0,0,0,0,0,0,0,0
281,AgentA wins,29.33,0,0,0,0,0,0,0,0,0,0
282,AgentA wins,15.00,0,0,0,0,0,0,0,0,0,0
283,AgentA wins,18.00,0,0,0,0,0,0,0,0,0,0
284,AgentA wins,29.67,0,0,0,0,0,0,0,0,0,0
285,AgentA wins,15.00,0,0,0,0,0,0,0,0,0,0
286,AgentA wins,34.33,0,0,0,0,0,0,0,0,0,0
287,AgentA wins,24.00,0,0,0,0,0,0,0,0,0,0
391,AgentA wins,15.00,0,0,0,0,0,0,0,0,0,0
392,AgentA wins,17.00,0,0,0,0,0,0,0,0,0,0
393,AgentA wins,20.00,0,0,0,0,0,0,0,0,0,0
394,AgentA wins,20.00,0,0,0,0,0,0,0,0,0,0
395,AgentA wins,18.00,0,0,0,0,0,0,0,0,0,0
391,AgentA wins,18.00,0,0,0,0,0,0,0,0,0,0
392,AgentA wins,19.67,0,0,0,0,0,0,0,0,0,0
393,AgentA wins,19.67,0,0,0,0,0,0,0,0,0,0
394,AgentA wins,19.67,0,0,0,0,0,0,0,0,0,0
395,AgentA wins,15.00,0,0,0,0,0,0,0,0,0,0
391,AgentA wins,20.00,0,0,0,0,0,0,0,0,0,0
392,AgentA wins,15.00,0,0,0,0,0,0,0,0,0,0
393,AgentA wins,18.00,0,0,0,0,0,0,0,0,0,0
394,AgentA wins,22.33,0,0,0,0,0,0,0,0,0,0
395,AgentA wins,20.00,0,0,0,0,0,0,0,0,0,0
391,AgentA wins,20.00,0,0,0,0,0,0,0,0,0,0
392,AgentA wins,15.00,0,0,0,0,0,0,0,0,0,0
393,AgentA wins,17.00,0,0,0,0,0,0,0,0,0,0
271,AgentA wins,26.00,0,0,0,0,0,0,0,0,0,0
272,AgentA wins,41.67,0,0,0,0,0,0,0,0,0,0
273,AgentA wins,59.33,0,0,0,0,0,0,0,0,0,0
301,AgentA wins,15.00,136,131,0,84,0,110,0,14,16,40
302,AgentA wins,15.00,138,133,0,84,0,112,0,18,18,26
303,AgentA wins,18.67,165,172,0,101,0,129,0,26,20,32
304,AgentA wins,27.00,247,244,0,154,0,196,0,31,30,66
305,AgentA wins,24.00,213,212,0,136,0,169,0,24,18,60
306,AgentA wins,21.00,185,194,0,118,0,150,0,23,28,36
391,AgentA wins,20.00,0,0,0,0,0,0,0,0,0,0
271,AgentA wins,47.33,0,0,0,0,0,0,0,0,0,0
272,AgentA wins,15.00,0,0,0,0,0,0,0,0,0,0
273,AgentA wins,23.33,0,0,0,0,0,0,0,0,0,0
274,AgentA wins,18.00,0,0,0,0,0,0,0,0,0,0
275,AgentA wins,30.00,0,0,0,0,0,0,0,0,0,0
276,AgentA wins,23.00,0,0,0,0,0,0,0,0,0,0
277,AgentA wins,34.00,0,0,0,0,0,0,0,0,0,0
278,AgentA wins,38.33,0,0,0,0,0,0,0,0,0,0
391,AgentA wins,20.00,0,0,0,0,0,0,0,0,0,0
392,AgentA wins,20.00,0,0,0,0,0,0,0,0,0,0
391,AgentA wins,15.00,0,0,0,0,0,0,0,0,0,0
392,AgentA wins,18.00,0,0,0,0,0,0,0,0,0,0
393,AgentA wins,19.67,0,0,0,0,0,0,0,0,0,0
281,AgentA wins,15.00,0,0,0,0,0,0,0,0,0,0
282,AgentA wins,15.00,0,0,0,0,0,0,0,0,0,0
283,AgentA wins,15.00,0,0,0,0,0,0,0,0,0,0
284,AgentA wins,26.67,0,0,0,0,0,0,0,0,0,0
285,AgentA wins,21.00,0,0,0,0,0,0,0,0,0,0
286,AgentA wins,15.00,0,0,0,0,0,0,0,0,0,0
287,AgentA wins,18.00,0,0,0,0,0,0,0,0,0,0
288,AgentA wins,24.00,0,0,0,0,0,0,0,0,0,0
391,AgentA wins,17.00,0,0,0,0,0,0,0,0,0,0
392,AgentA wins,20.00,0,0,0,0,0,0,0,0,0,0
393,AgentA wins,19.67,0,0,0,0,0,0,0,0,0,0
271,AgentA wins,15.00,0,0,0,0,0,0,0,0,0,0
272,AgentB wins,22.33,0,0,0,0,0,0,0,0,0,0
273,AgentA wins,15.00,0,0,0,0,0,0,0,0,0,0
274,AgentA wins,34.33,0,0,0,0,0,0,0,0,0,0
275,AgentA wins,15.00,0,0,0,0,0,0,0,0,0,0
276,AgentA wins,15.00,0,0,0,0,0,0,0,0,0,0
391,AgentA wins,15.00,0,0,0,0,0,0,0,0,0,0
392,AgentA wins,18.00,0,0,0,0,0,0,0,0,0,0
391,AgentA wins,20.00,0,0,0,0,0,0,0,0,0,0
392,AgentA wins,19.67,0,0,0,0,0,0,0,0,0,0
391,AgentA wins,20.00,0,0,0,0,0,0,0,0,0,0
392,AgentA wins,19.67,0,0,0,0,0,0,0,0,0,0
393,AgentA wins,17.00,0,0,0,0,0,0,0,0,0,0
394,AgentA wins,18.00,0,0,0,0,0,0,0,0,0,0
395,AgentA wins,15.00,0,0,0,0,0,0,0,0,0,0
396,AgentA wins,15.00,0,0,0,0,0,0,0,0,0,0
397,AgentA wins,20.00,0,0,0,0,0,0,0,0,0,0
391,AgentA wins,20.00,0,0,0,0,0,0,0,0,0,0
392,AgentA wins,20.00,0,0,0,0,0,0,0,0,0,0
393,AgentA wins,20.00,0,0,0,0,0,0,0,0,0,0
394,AgentA wins,19.67,0,0,0,0,0,0,0,0,0,0
395,AgentA wins,18.00,0,0,0,0,0,0,0,0,0,0
396,AgentA wins,20.00,0,0,0,0,0,0,0,0,0,0
