Episode,Result,Duration,A_Attack,A_Block,A_Dodge,A_Hit,A_Blocked,B_Attack,B_Block,B_Dodge,B_Hit,B_Blocked
1,AgentB wins,16.67,0,0,0,0,0,0,0,0,0,0
2,AgentA wins,32.33,0,0,0,0,0,0,0,0,0,0
3,AgentA wins,20.00,0,0,0,0,0,0,0,0,0,0
4,AgentB wins,14.67,0,0,0,0,0,0,0,0,0,0
5,AgentA wins,20.33,0,0,0,0,0,0,0,0,0,0
6,AgentB wins,21.33,0,0,0,0,0,0,0,0,0,0
7,AgentA wins,15.67,0,0,0,0,0,0,0,0,0,0
8,AgentA wins,15.00,0,0,0,0,0,0,0,0,0,0
9,AgentA wins,15.67,0,0,0,0,0,0,0,0,0,0
10,AgentA wins,15.67,0,0,0,0,0,0,0,0,0,0
1,AgentB wins,15.33,0,0,0,0,0,0,0,0,0,0
2,AgentB wins,25.33,0,0,0,0,0,0,0,0,0,0
3,AgentB wins,22.00,0,0,0,0,0,0,0,0,0,0
4,AgentA wins,18.33,0,0,0,0,0,0,0,0,0,0
5,AgentA wins,26.33,0,0,0,0,0,0,0,0,0,0
6,AgentA wins,18.33,0,0,0,0,0,0,0,0,0,0
7,AgentA wins,18.00,0,0,0,0,0,0,0,0,0,0
8,AgentA wins,22.67,0,0,0,0,0,0,0,0,0,0
9,AgentB wins,17.67,0,0,0,0,0,0,0,0,0,0
10,AgentA wins,15.67,0,0,0,0,0,0,0,0,0,0
1,AgentA wins,27.67,0,0,0,0,0,0,0,0,0,0
2,AgentA wins,20.33,0,0,0,0,0,0,0,0,0,0
3,AgentA wins,27.33,0,0,0,0,0,0,0,0,0,0
4,AgentA wins,18.67,0,0,0,0,0,0,0,0,0,0
5,AgentB wins,23.67,0,0,0,0,0,0,0,0,0,0
6,AgentB wins,20.67,0,0,0,0,0,0,0,0,0,0
7,AgentB wins,20.67,0,0,0,0,0,0,0,0,0,0
8,AgentA wins,15.00,0,0,0,0,0,0,0,0,0,0
9,AgentA wins,19.67,0,0,0,0,0,0,0,0,0,0
10,AgentB wins,14.67,0,0,0,0,0,0,0,0,0,0
1,AgentB wins,20.67,0,0,0,0,0,0,0,0,0,0
2,AgentA wins,27.67,0,0,0,0,0,0,0,0,0,0
3,AgentA wins,26.00,0,0,0,0,0,0,0,0,0,0
4,AgentA wins,18.00,0,0,0,0,0,0,0,0,0,0
5,AgentA wins,20.00,0,0,0,0,0,0,0,0,0,0
6,AgentA wins,19.33,0,0,0,0,0,0,0,0,0,0
7,AgentA wins,23.00,0,0,0,0,0,0,0,0,0,0
8,AgentB wins,18.33,0,0,0,0,0,0,0,0,0,0
9,AgentA wins,15.67,0,0,0,0,0,0,0,0,0,0
10,AgentA wins,25.33,0,0,0,0,0,0,0,0,0,0
1,AgentA wins,15.33,0,0,0,0,0,0,0,0,0,0
2,AgentB wins,21.00,0,0,0,0,0,0,0,0,0,0
3,AgentB wins,13.67,0,0,0,0,0,0,0,0,0,0
4,AgentA wins,15.67,0,0,0,0,0,0,0,0,0,0
5,AgentB wins,18.33,0,0,0,0,0,0,0,0,0,0
6,AgentB wins,22.00,0,0,0,0,0,0,0,0,0,0
7,AgentA wins,15.67,0,0,0,0,0,0,0,0,0,0
8,timeout draw,60.00,0,0,0,0,0,0,0,0,0,0
9,AgentB wins,18.00,0,0,0,0,0,0,0,0,0,0
10,AgentA wins,15.67,0,0,0,0,0,0,0,0,0,0
1,AgentB wins,15.33,0,0,0,0,0,0,0,0,0,0
2,AgentA wins,16.67,0,0,0,0,0,0,0,0,0,0
3,AgentA wins,22.67,0,0,0,0,0,0,0,0,0,0
4,AgentA wins,21.00,0,0,0,0,0,0,0,0,0,0
5,AgentB wins,14.33,0,0,0,0,0,0,0,0,0,0
6,AgentB wins,23.67,0,0,0,0,0,0,0,0,0,0
7,AgentB wins,20.67,0,0,0,0,0,0,0,0,0,0
8,AgentB wins,40.00,0,0,0,0,0,0,0,0,0,0
9,AgentB wins,24.67,0,0,0,0,0,0,0,0,0,0
10,AgentB wins,21.67,0,0,0,0,0,0,0,0,0,0
1,AgentB wins,54.67,0,0,0,0,0,0,0,0,0,0
2,AgentA wins,19.67,0,0,0,0,0,0,0,0,0,0
3,AgentB wins,20.67,0,0,0,0,0,0,0,0,0,0
4,AgentB wins,16.67,0,0,0,0,0,0,0,0,0,0
5,AgentA wins,16.33,0,0,0,0,0,0,0,0,0,0
6,AgentB wins,21.33,0,0,0,0,0,0,0,0,0,0
7,AgentA wins,20.33,0,0,0,0,0,0,0,0,0,0
8,AgentB wins,20.67,0,0,0,0,0,0,0,0,0,0
9,AgentA wins,15.00,0,0,0,0,0,0,0,0,0,0
10,AgentA wins,15.67,0,0,0,0,0,0,0,0,0,0
1,AgentA wins,22.00,0,0,0,0,0,0,0,0,0,0
2,AgentA wins,28.67,0,0,0,0,0,0,0,0,0,0
3,AgentB wins,25.33,0,0,0,0,0,0,0,0,0,0
4,AgentB wins,20.67,0,0,0,0,0,0,0,0,0,0
5,AgentA wins,19.00,0,0,0,0,0,0,0,0,0,0
6,AgentA wins,30.33,0,0,0,0,0,0,0,0,0,0
7,AgentB wins,24.67,0,0,0,0,0,0,0,0,0,0
8,AgentA wins,15.00,0,0,0,0,0,0,0,0,0,0
9,AgentA wins,20.67,0,0,0,0,0,0,0,0,0,0
10,AgentB wins,20.67,0,0,0,0,0,0,0,0,0,0
1,AgentA wins,26.33,0,0,0,0,0,0,0,0,0,0
2,AgentA wins,34.33,0,0,0,0,0,0,0,0,0,0
3,AgentA wins,17.33,0,0,0,0,0,0,0,0,0,0
4,AgentB wins,32.00,0,0,0,0,0,0,0,0,0,0
5,AgentA wins,16.33,0,0,0,0,0,0,0,0,0,0
6,AgentB wins,15.67,0,0,0,0,0,0,0,0,0,0
7,AgentA wins,19.33,0,0,0,0,0,0,0,0,0,0
8,AgentA wins,26.33,0,0,0,0,0,0,0,0,0,0
9,AgentA wins,20.00,0,0,0,0,0,0,0,0,0,0
10,AgentB wins,19.67,0,0,0,0,0,0,0,0,0,0
1,AgentA wins,21.67,0,0,0,0,0,0,0,0,0,0
2,AgentB wins,23.67,0,0,0,0,0,0,0,0,0,0
3,AgentB wins,28.33,0,0,0,0,0,0,0,0,0,0
4,AgentB wins,23.33,0,0,0,0,0,0,0,0,0,0
5,AgentA wins,26.33,0,0,0,0,0,0,0,0,0,0
6,AgentB wins,20.67,0,0,0,0,0,0,0,0,0,0
7,AgentB wins,23.67,0,0,0,0,0,0,0,0,0,0
8,AgentA wins,23.33,0,0,0,0,0,0,0,0,0,0
9,AgentB wins,20.67,0,0,0,0,0,0,0,0,0,0
10,AgentB wins,18.33,0,0,0,0,0,0,0,0,0,0
1,AgentA wins,17.67,0,0,0,0,0,0,0,0,0,0
2,timeout draw,60.33,0,0,0,0,0,0,0,0,0,0
3,AgentA wins,15.67,0,0,0,0,0,0,0,0,0,0
4,AgentB wins,20.67,0,0,0,0,0,0,0,0,0,0
5,AgentB wins,20.67,0,0,0,0,0,0,0,0,0,0
6,AgentA wins,18.67,0,0,0,0,0,0,0,0,0,0
7,AgentB wins,20.67,0,0,0,0,0,0,0,0,0,0
8,AgentB wins,21.67,0,0,0,0,0,0,0,0,0,0
9,AgentA wins,15.00,0,0,0,0,0,0,0,0,0,0
10,AgentA wins,28.00,0,0,0,0,0,0,0,0,0,0
1,AgentA wins,35.00,0,0,0,0,0,0,0,0,0,0
2,AgentA wins,22.00,0,0,0,0,0,0,0,0,0,0
3,AgentB wins,17.33,0,0,0,0,0,0,0,0,0,0
4,AgentA wins,20.00,0,0,0,0,0,0,0,0,0,0
5,AgentB wins,21.00,0,0,0,0,0,0,0,0,0,0
6,AgentA wins,34.67,0,0,0,0,0,0,0,0,0,0
7,AgentA wins,15.67,0,0,0,0,0,0,0,0,0,0
8,AgentA wins,30.33,0,0,0,0,0,0,0,0,0,0
9,AgentA wins,25.33,0,0,0,0,0,0,0,0,0,0
10,AgentA wins,18.67,0,0,0,0,0,0,0,0,0,0
1,AgentB wins,19.67,0,0,0,0,0,0,0,0,0,0
2,AgentA wins,18.00,0,0,0,0,0,0,0,0,0,0
3,AgentB wins,27.33,0,0,0,0,0,0,0,0,0,0
4,timeout draw,60.33,0,0,0,0,0,0,0,0,0,0
5,AgentA wins,17.33,0,0,0,0,0,0,0,0,0,0
6,AgentA wins,30.67,0,0,0,0,0,0,0,0,0,0
7,AgentB wins,14.67,0,0,0,0,0,0,0,0,0,0
8,AgentA wins,17.33,0,0,0,0,0,0,0,0,0,0
9,AgentB wins,20.67,0,0,0,0,0,0,0,0,0,0
10,AgentB wins,20.67,0,0,0,0,0,0,0,0,0,0
1,AgentA wins,33.67,0,0,0,0,0,0,0,0,0,0
2,AgentA wins,22.00,0,0,0,0,0,0,0,0,0,0
3,AgentB wins,25.33,0,0,0,0,0,0,0,0,0,0
4,AgentB wins,23.00,0,0,0,0,0,0,0,0,0,0
5,AgentA wins,17.33,0,0,0,0,0,0,0,0,0,0
6,AgentA wins,34.00,0,0,0,0,0,0,0,0,0,0
7,AgentB wins,32.00,0,0,0,0,0,0,0,0,0,0
8,AgentB wins,30.33,0,0,0,0,0,0,0,0,0,0
9,AgentA wins,19.33,0,0,0,0,0,0,0,0,0,0
10,AgentA wins,19.33,0,0,0,0,0,0,0,0,0,0
1,AgentB wins,30.67,0,0,0,0,0,0,0,0,0,0
2,AgentA wins,30.00,0,0,0,0,0,0,0,0,0,0
3,AgentA wins,16.67,0,0,0,0,0,0,0,0,0,0
4,AgentA wins,21.33,0,0,0,0,0,0,0,0,0,0
5,AgentA wins,25.33,0,0,0,0,0,0,0,0,0,0
6,AgentA wins,17.33,0,0,0,0,0,0,0,0,0,0
7,AgentB wins,20.67,0,0,0,0,0,0,0,0,0,0
8,AgentB wins,22.00,0,0,0,0,0,0,0,0,0,0
9,AgentA wins,51.33,0,0,0,0,0,0,0,0,0,0
10,AgentA wins,22.67,0,0,0,0,0,0,0,0,0,0
1,AgentA wins,22.00,0,0,0,0,0,0,0,0,0,0
2,AgentA wins,30.00,0,0,0,0,0,0,0,0,0,0
3,AgentB wins,26.67,0,0,0,0,0,0,0,0,0,0
4,AgentB wins,22.00,0,0,0,0,0,0,0,0,0,0
5,AgentA wins,28.67,0,0,0,0,0,0,0,0,0,0
6,AgentA wins,30.00,0,0,0,0,0,0,0,0,0,0
7,AgentA wins,24.33,0,0,0,0,0,0,0,0,0,0
8,AgentA wins,25.33,0,0,0,0,0,0,0,0,0,0
9,AgentA wins,22.33,0,0,0,0,0,0,0,0,0,0
10,AgentA wins,32.00,0,0,0,0,0,0,0,0,0,0
1,AgentA wins,17.00,0,0,0,0,0,0,0,0,0,0
2,AgentA wins,38.33,0,0,0,0,0,0,0,0,0,0
3,AgentB wins,29.33,0,0,0,0,0,0,0,0,0,0
4,AgentA wins,27.33,0,0,0,0,0,0,0,0,0,0
5,AgentA wins,34.33,0,0,0,0,0,0,0,0,0,0
6,AgentA wins,31.33,0,0,0,0,0,0,0,0,0,0
7,AgentB wins,25.67,0,0,0,0,0,0,0,0,0,0
8,AgentA wins,21.67,0,0,0,0,0,0,0,0,0,0
9,AgentA wins,23.00,0,0,0,0,0,0,0,0,0,0
10,AgentA wins,18.00,0,0,0,0,0,0,0,0,0,0
1,AgentB wins,29.00,239,220,120,103,0,184,0,17,73,35
2,AgentA wins,21.00,170,153,74,66,0,105,0,14,38,30
3,AgentA wins,41.67,354,318,129,135,0,246,0,31,115,44
4,AgentB wins,14.33,127,109,41,45,0,92,0,7,50,17
5,AgentB wins,17.00,147,126,41,66,0,107,0,12,45,22
6,AgentA wins,43.00,379,331,113,167,0,279,0,31,113,46
7,AgentA wins,18.00,159,130,57,65,0,109,0,18,41,18
8,AgentA wins,36.00,322,256,104,127,0,220,0,23,89,35
9,AgentA wins,19.33,172,145,46,76,0,119,0,16,45,15
10,AgentB wins,31.00,281,242,70,108,0,208,0,21,101,18
1,AgentA wins,19.67,0,0,0,0,0,0,0,0,0,0
2,AgentB wins,21.00,0,0,0,0,0,0,0,0,0,0
3,AgentB wins,20.00,0,0,0,0,0,0,0,0,0,0
4,timeout draw,60.00,0,0,0,0,0,0,0,0,0,0
5,AgentA wins,18.33,0,0,0,0,0,0,0,0,0,0
6,AgentB wins,15.33,0,0,0,0,0,0,0,0,0,0
7,timeout draw,60.00,0,0,0,0,0,0,0,0,0,0
8,AgentA wins,15.67,0,0,0,0,0,0,0,0,0,0
9,AgentB wins,20.67,0,0,0,0,0,0,0,0,0,0
10,AgentB wins,20.67,0,0,0,0,0,0,0,0,0,0
1,AgentA wins,25.33,0,0,0,0,0,0,0,0,0,0
2,AgentA wins,23.33,0,0,0,0,0,0,0,0,0,0
3,AgentA wins,18.00,0,0,0,0,0,0,0,0,0,0
4,AgentB wins,26.33,0,0,0,0,0,0,0,0,0,0
5,AgentB wins,28.33,0,0,0,0,0,0,0,0,0,0
6,AgentA wins,21.67,0,0,0,0,0,0,0,0,0,0
7,AgentA wins,31.33,0,0,0,0,0,0,0,0,0,0
8,AgentB wins,50.67,0,0,0,0,0,0,0,0,0,0
9,AgentB wins,22.67,0,0,0,0,0,0,0,0,0,0
10,AgentB wins,24.00,0,0,0,0,0,0,0,0,0,0
1,AgentA wins,30.33,0,0,0,0,0,0,0,0,0,0
2,AgentA wins,17.33,0,0,0,0,0,0,0,0,0,0
3,AgentA wins,25.67,0,0,0,0,0,0,0,0,0,0
4,AgentA wins,40.67,0,0,0,0,0,0,0,0,0,0
5,AgentA wins,26.33,0,0,0,0,0,0,0,0,0,0
6,AgentB wins,18.67,0,0,0,0,0,0,0,0,0,0
7,AgentB wins,37.33,0,0,0,0,0,0,0,0,0,0
8,AgentA wins,37.67,0,0,0,0,0,0,0,0,0,0
9,AgentB wins,23.00,0,0,0,0,0,0,0,0,0,0
10,AgentB wins,15.33,0,0,0,0,0,0,0,0,0,0
1,AgentA wins,25.00,0,0,0,0,0,0,0,0,0,0
2,AgentA wins,26.00,0,0,0,0,0,0,0,0,0,0
3,AgentA wins,28.33,0,0,0,0,0,0,0,0,0,0
4,AgentB wins,18.33,0,0,0,0,0,0,0,0,0,0
5,AgentA wins,22.67,0,0,0,0,0,0,0,0,0,0
6,AgentA wins,22.00,0,0,0,0,0,0,0,0,0,0
7,AgentA wins,18.00,0,0,0,0,0,0,0,0,0,0
8,AgentA wins,35.67,0,0,0,0,0,0,0,0,0,0
9,timeout draw,60.33,0,0,0,0,0,0,0,0,0,0
10,AgentA wins,17.33,0,0,0,0,0,0,0,0,0,0
1,timeout draw,60.33,0,0,0,0,0,0,0,0,0,0
2,AgentB wins,20.67,0,0,0,0,0,0,0,0,0,0
3,AgentA wins,18.00,0,0,0,0,0,0,0,0,0,0
4,AgentA wins,26.33,0,0,0,0,0,0,0,0,0,0
5,AgentB wins,18.67,0,0,0,0,0,0,0,0,0,0
6,AgentA wins,35.00,0,0,0,0,0,0,0,0,0,0
7,AgentB wins,23.67,0,0,0,0,0,0,0,0,0,0
8,AgentA wins,32.33,0,0,0,0,0,0,0,0,0,0
9,AgentB wins,23.67,0,0,0,0,0,0,0,0,0,0
10,AgentB wins,20.67,0,0,0,0,0,0,0,0,0,0
1,AgentB wins,16.67,0,0,0,0,0,0,0,0,0,0
2,AgentA wins,56.00,0,0,0,0,0,0,0,0,0,0
3,AgentB wins,16.33,0,0,0,0,0,0,0,0,0,0
4,AgentA wins,31.00,0,0,0,0,0,0,0,0,0,0
5,AgentB wins,17.00,0,0,0,0,0,0,0,0,0,0
6,AgentB wins,19.00,0,0,0,0,0,0,0,0,0,0
7,AgentA wins,25.33,0,0,0,0,0,0,0,0,0,0
8,AgentB wins,35.00,0,0,0,0,0,0,0,0,0,0
9,timeout draw,60.00,0,0,0,0,0,0,0,0,0,0
10,AgentA wins,25.00,0,0,0,0,0,0,0,0,0,0
1,timeout draw,60.33,0,0,0,0,0,0,0,0,0,0
2,AgentB wins,20.67,0,0,0,0,0,0,0,0,0,0
3,AgentB wins,35.67,0,0,0,0,0,0,0,0,0,0
4,AgentA wins,18.67,0,0,0,0,0,0,0,0,0,0
5,AgentA wins,18.00,0,0,0,0,0,0,0,0,0,0
6,AgentA wins,29.33,0,0,0,0,0,0,0,0,0,0
7,AgentA wins,37.00,0,0,0,0,0,0,0,0,0,0
8,timeout draw,60.33,0,0,0,0,0,0,0,0,0,0
9,AgentA wins,33.67,0,0,0,0,0,0,0,0,0,0
10,AgentA wins,22.67,0,0,0,0,0,0,0,0,0,0
11,AgentA wins,26.33,0,0,0,0,0,0,0,0,0,0
12,AgentA wins,15.67,0,0,0,0,0,0,0,0,0,0
13,AgentA wins,17.33,0,0,0,0,0,0,0,0,0,0
14,AgentB wins,20.67,0,0,0,0,0,0,0,0,0,0
15,AgentA wins,15.67,0,0,0,0,0,0,0,0,0,0
16,AgentA wins,15.67,0,0,0,0,0,0,0,0,0,0
17,AgentB wins,20.67,0,0,0,0,0,0,0,0,0,0
18,AgentB wins,20.67,0,0,0,0,0,0,0,0,0,0
19,AgentB wins,20.67,0,0,0,0,0,0,0,0,0,0
20,AgentA wins,15.67,0,0,0,0,0,0,0,0,0,0
11,AgentA wins,20.33,0,0,0,0,0,0,0,0,0,0
12,AgentB wins,20.67,0,0,0,0,0,0,0,0,0,0
13,AgentA wins,15.67,0,0,0,0,0,0,0,0,0,0
14,AgentB wins,20.67,0,0,0,0,0,0,0,0,0,0
15,AgentB wins,15.33,0,0,0,0,0,0,0,0,0,0
16,AgentA wins,22.67,0,0,0,0,0,0,0,0,0,0
17,AgentA wins,15.67,0,0,0,0,0,0,0,0,0,0
18,AgentA wins,17.33,0,0,0,0,0,0,0,0,0,0
19,AgentA wins,15.67,0,0,0,0,0,0,0,0,0,0
20,AgentB wins,20.67,0,0,0,0,0,0,0,0,0,0
11,AgentB wins,17.00,0,0,0,0,0,0,0,0,0,0
12,AgentA wins,15.67,0,0,0,0,0,0,0,0,0,0
13,AgentA wins,22.33,0,0,0,0,0,0,0,0,0,0
14,AgentB wins,20.67,0,0,0,0,0,0,0,0,0,0
15,AgentA wins,22.67,0,0,0,0,0,0,0,0,0,0
16,AgentB wins,23.67,0,0,0,0,0,0,0,0,0,0
17,AgentA wins,15.67,0,0,0,0,0,0,0,0,0,0
18,AgentB wins,20.67,0,0,0,0,0,0,0,0,0,0
19,AgentB wins,20.67,0,0,0,0,0,0,0,0,0,0
20,AgentB wins,20.67,0,0,0,0,0,0,0,0,0,0
11,AgentA wins,22.33,0,0,0,0,0,0,0,0,0,0
12,AgentB wins,23.67,0,0,0,0,0,0,0,0,0,0
13,AgentA wins,15.67,0,0,0,0,0,0,0,0,0,0
14,AgentB wins,18.00,0,0,0,0,0,0,0,0,0,0
15,AgentA wins,15.67,0,0,0,0,0,0,0,0,0,0
16,AgentB wins,20.67,0,0,0,0,0,0,0,0,0,0
17,AgentB wins,20.67,0,0,0,0,0,0,0,0,0,0
18,AgentB wins,20.67,0,0,0,0,0,0,0,0,0,0
19,AgentB wins,23.67,0,0,0,0,0,0,0,0,0,0
20,AgentA wins,21.67,0,0,0,0,0,0,0,0,0,0
11,AgentA wins,16.67,0,0,0,0,0,0,0,0,0,0
12,AgentB wins,23.67,0,0,0,0,0,0,0,0,0,0
13,AgentB wins,21.67,0,0,0,0,0,0,0,0,0,0
14,AgentA wins,25.33,0,0,0,0,0,0,0,0,0,0
15,AgentA wins,15.00,0,0,0,0,0,0,0,0,0,0
16,AgentA wins,15.00,0,0,0,0,0,0,0,0,0,0
17,AgentB wins,20.67,0,0,0,0,0,0,0,0,0,0
18,AgentB wins,20.67,0,0,0,0,0,0,0,0,0,0
19,AgentA wins,15.67,0,0,0,0,0,0,0,0,0,0
20,AgentB wins,20.67,0,0,0,0,0,0,0,0,0,0
11,AgentA wins,25.67,0,0,0,0,0,0,0,0,0,0
12,AgentB wins,14.67,0,0,0,0,0,0,0,0,0,0
13,AgentA wins,22.67,0,0,0,0,0,0,0,0,0,0
14,AgentB wins,23.67,0,0,0,0,0,0,0,0,0,0
15,AgentB wins,21.00,0,0,0,0,0,0,0,0,0,0
16,AgentA wins,17.00,0,0,0,0,0,0,0,0,0,0
17,AgentA wins,22.33,0,0,0,0,0,0,0,0,0,0
18,AgentA wins,15.67,0,0,0,0,0,0,0,0,0,0
19,AgentA wins,16.67,0,0,0,0,0,0,0,0,0,0
20,timeout draw,60.00,0,0,0,0,0,0,0,0,0,0
11,AgentA wins,24.67,0,0,0,0,0,0,0,0,0,0
12,AgentB wins,24.67,0,0,0,0,0,0,0,0,0,0
13,AgentB wins,20.67,0,0,0,0,0,0,0,0,0,0
14,AgentB wins,20.67,0,0,0,0,0,0,0,0,0,0
15,AgentB wins,20.67,0,0,0,0,0,0,0,0,0,0
16,AgentA wins,28.00,0,0,0,0,0,0,0,0,0,0
17,AgentA wins,22.33,0,0,0,0,0,0,0,0,0,0
18,AgentB wins,20.67,0,0,0,0,0,0,0,0,0,0
19,AgentA wins,15.67,0,0,0,0,0,0,0,0,0,0
20,AgentB wins,20.67,0,0,0,0,0,0,0,0,0,0
11,AgentB wins,21.67,0,0,0,0,0,0,0,0,0,0
12,AgentA wins,15.00,0,0,0,0,0,0,0,0,0,0
13,AgentA wins,22.67,0,0,0,0,0,0,0,0,0,0
14,AgentB wins,20.67,0,0,0,0,0,0,0,0,0,0
15,AgentB wins,23.67,0,0,0,0,0,0,0,0,0,0
16,AgentA wins,22.33,0,0,0,0,0,0,0,0,0,0
17,AgentB wins,20.67,0,0,0,0,0,0,0,0,0,0
18,AgentB wins,20.67,0,0,0,0,0,0,0,0,0,0
19,AgentB wins,20.67,0,0,0,0,0,0,0,0,0,0
20,AgentB wins,20.67,0,0,0,0,0,0,0,0,0,0
11,AgentB wins,21.67,0,0,0,0,0,0,0,0,0,0
12,AgentA wins,15.00,0,0,0,0,0,0,0,0,0,0
13,AgentB wins,15.00,0,0,0,0,0,0,0,0,0,0
14,AgentB wins,20.67,0,0,0,0,0,0,0,0,0,0
15,AgentA wins,28.67,0,0,0,0,0,0,0,0,0,0
16,AgentA wins,15.67,0,0,0,0,0,0,0,0,0,0
17,AgentB wins,20.67,0,0,0,0,0,0,0,0,0,0
18,AgentB wins,23.67,0,0,0,0,0,0,0,0,0,0
19,AgentB wins,20.67,0,0,0,0,0,0,0,0,0,0
20,AgentB wins,20.67,0,0,0,0,0,0,0,0,0,0
11,AgentB wins,20.67,0,0,0,0,0,0,0,0,0,0
12,AgentA wins,29.33,0,0,0,0,0,0,0,0,0,0
13,AgentB wins,23.67,0,0,0,0,0,0,0,0,0,0
14,AgentA wins,17.33,0,0,0,0,0,0,0,0,0,0
15,AgentA wins,15.67,0,0,0,0,0,0,0,0,0,0
16,AgentB wins,20.67,0,0,0,0,0,0,0,0,0,0
17,AgentA wins,15.67,0,0,0,0,0,0,0,0,0,0
18,AgentB wins,20.67,0,0,0,0,0,0,0,0,0,0
19,AgentA wins,17.33,0,0,0,0,0,0,0,0,0,0
20,AgentA wins,15.67,0,0,0,0,0,0,0,0,0,0
11,AgentB wins,20.67,0,0,0,0,0,0,0,0,0,0
12,AgentB wins,20.67,0,0,0,0,0,0,0,0,0,0
13,AgentB wins,21.33,0,0,0,0,0,0,0,0,0,0
14,AgentA wins,15.67,0,0,0,0,0,0,0,0,0,0
15,AgentA wins,15.67,0,0,0,0,0,0,0,0,0,0
16,AgentB wins,20.67,0,0,0,0,0,0,0,0,0,0
17,AgentB wins,20.67,0,0,0,0,0,0,0,0,0,0
18,AgentB wins,20.67,0,0,0,0,0,0,0,0,0,0
19,AgentA wins,16.33,0,0,0,0,0,0,0,0,0,0
20,AgentB wins,20.67,0,0,0,0,0,0,0,0,0,0
11,AgentA wins,16.67,0,0,0,0,0,0,0,0,0,0
12,AgentB wins,23.67,0,0,0,0,0,0,0,0,0,0
13,AgentB wins,20.67,0,0,0,0,0,0,0,0,0,0
14,AgentB wins,20.67,0,0,0,0,0,0,0,0,0,0
15,AgentA wins,15.67,0,0,0,0,0,0,0,0,0,0
16,AgentA wins,15.67,0,0,0,0,0,0,0,0,0,0
17,AgentA wins,22.67,0,0,0,0,0,0,0,0,0,0
18,timeout draw,60.00,0,0,0,0,0,0,0,0,0,0
19,AgentB wins,20.67,0,0,0,0,0,0,0,0,0,0
20,AgentB wins,20.67,0,0,0,0,0,0,0,0,0,0
11,AgentB wins,20.67,0,0,0,0,0,0,0,0,0,0
12,AgentA wins,15.67,0,0,0,0,0,0,0,0,0,0
13,AgentB wins,20.67,0,0,0,0,0,0,0,0,0,0
14,AgentA wins,15.67,0,0,0,0,0,0,0,0,0,0
15,AgentB wins,20.67,0,0,0,0,0,0,0,0,0,0
16,AgentB wins,20.67,0,0,0,0,0,0,0,0,0,0
17,AgentA wins,15.67,0,0,0,0,0,0,0,0,0,0
18,AgentB wins,23.67,0,0,0,0,0,0,0,0,0,0
19,AgentA wins,15.00,0,0,0,0,0,0,0,0,0,0
20,AgentB wins,23.67,0,0,0,0,0,0,0,0,0,0
11,AgentA wins,15.67,0,0,0,0,0,0,0,0,0,0
12,AgentB wins,20.67,0,0,0,0,0,0,0,0,0,0
13,AgentB wins,23.67,0,0,0,0,0,0,0,0,0,0
14,AgentB wins,20.67,0,0,0,0,0,0,0,0,0,0
15,AgentB wins,20.67,0,0,0,0,0,0,0,0,0,0
16,AgentB wins,20.67,0,0,0,0,0,0,0,0,0,0
17,AgentB wins,20.67,0,0,0,0,0,0,0,0,0,0
18,AgentA wins,22.33,0,0,0,0,0,0,0,0,0,0
19,AgentB wins,20.67,0,0,0,0,0,0,0,0,0,0
20,AgentB wins,20.67,0,0,0,0,0,0,0,0,0,0
11,AgentB wins,23.67,0,0,0,0,0,0,0,0,0,0
12,AgentA wins,15.67,0,0,0,0,0,0,0,0,0,0
13,AgentB wins,20.67,0,0,0,0,0,0,0,0,0,0
14,AgentB wins,20.67,0,0,0,0,0,0,0,0,0,0
15,AgentB wins,20.67,0,0,0,0,0,0,0,0,0,0
16,AgentB wins,20.67,0,0,0,0,0,0,0,0,0,0
17,AgentA wins,22.67,0,0,0,0,0,0,0,0,0,0
18,AgentB wins,20.67,0,0,0,0,0,0,0,0,0,0
19,AgentA wins,15.00,0,0,0,0,0,0,0,0,0,0
20,AgentA wins,27.33,0,0,0,0,0,0,0,0,0,0
11,AgentA wins,19.00,0,0,0,0,0,0,0,0,0,0
12,AgentA wins,19.33,0,0,0,0,0,0,0,0,0,0
13,AgentA wins,24.67,0,0,0,0,0,0,0,0,0,0
14,AgentA wins,27.00,0,0,0,0,0,0,0,0,0,0
15,AgentA wins,41.67,0,0,0,0,0,0,0,0,0,0
16,AgentA wins,18.00,0,0,0,0,0,0,0,0,0,0
17,AgentB wins,26.33,0,0,0,0,0,0,0,0,0,0
18,AgentA wins,18.00,0,0,0,0,0,0,0,0,0,0
19,AgentA wins,21.33,0,0,0,0,0,0,0,0,0,0
20,AgentA wins,22.33,0,0,0,0,0,0,0,0,0,0
11,AgentB wins,24.33,0,0,0,0,0,0,0,0,0,0
12,AgentA wins,33.33,0,0,0,0,0,0,0,0,0,0
13,AgentA wins,21.67,0,0,0,0,0,0,0,0,0,0
14,AgentA wins,24.33,0,0,0,0,0,0,0,0,0,0
15,AgentB wins,15.00,0,0,0,0,0,0,0,0,0,0
16,AgentA wins,21.00,0,0,0,0,0,0,0,0,0,0
17,AgentA wins,29.00,0,0,0,0,0,0,0,0,0,0
18,AgentA wins,30.33,0,0,0,0,0,0,0,0,0,0
19,AgentA wins,24.67,0,0,0,0,0,0,0,0,0,0
20,AgentA wins,29.33,0,0,0,0,0,0,0,0,0,0
11,AgentA wins,16.33,0,0,0,0,0,0,0,0,0,0
12,AgentA wins,15.67,0,0,0,0,0,0,0,0,0,0
13,AgentA wins,28.67,0,0,0,0,0,0,0,0,0,0
14,AgentA wins,24.67,0,0,0,0,0,0,0,0,0,0
15,AgentB wins,21.33,0,0,0,0,0,0,0,0,0,0
16,AgentA wins,21.00,0,0,0,0,0,0,0,0,0,0
17,AgentA wins,18.67,0,0,0,0,0,0,0,0,0,0
18,AgentB wins,21.00,0,0,0,0,0,0,0,0,0,0
19,AgentA wins,25.33,0,0,0,0,0,0,0,0,0,0
20,AgentA wins,31.67,0,0,0,0,0,0,0,0,0,0
11,AgentA wins,22.00,0,0,0,0,0,0,0,0,0,0
12,AgentB wins,44.33,0,0,0,0,0,0,0,0,0,0
13,AgentA wins,37.67,0,0,0,0,0,0,0,0,0,0
14,AgentA wins,46.33,0,0,0,0,0,0,0,0,0,0
15,AgentA wins,31.67,0,0,0,0,0,0,0,0,0,0
16,AgentA wins,21.67,0,0,0,0,0,0,0,0,0,0
17,AgentB wins,19.00,0,0,0,0,0,0,0,0,0,0
18,AgentB wins,34.00,0,0,0,0,0,0,0,0,0,0
19,AgentA wins,16.33,0,0,0,0,0,0,0,0,0,0
20,AgentB wins,25.67,0,0,0,0,0,0,0,0,0,0
11,AgentB wins,26.33,0,0,0,0,0,0,0,0,0,0
12,AgentA wins,21.67,0,0,0,0,0,0,0,0,0,0
13,AgentA wins,29.67,0,0,0,0,0,0,0,0,0,0
14,AgentA wins,15.67,0,0,0,0,0,0,0,0,0,0
15,AgentA wins,27.67,0,0,0,0,0,0,0,0,0,0
16,AgentA wins,30.00,0,0,0,0,0,0,0,0,0,0
17,AgentA wins,27.00,0,0,0,0,0,0,0,0,0,0
18,AgentA wins,33.33,0,0,0,0,0,0,0,0,0,0
19,AgentA wins,33.67,0,0,0,0,0,0,0,0,0,0
20,AgentA wins,22.33,0,0,0,0,0,0,0,0,0,0
11,AgentB wins,22.67,0,0,0,0,0,0,0,0,0,0
12,AgentA wins,24.33,0,0,0,0,0,0,0,0,0,0
13,AgentB wins,23.00,0,0,0,0,0,0,0,0,0,0
14,AgentA wins,22.00,0,0,0,0,0,0,0,0,0,0
15,AgentA wins,25.00,0,0,0,0,0,0,0,0,0,0
16,AgentA wins,25.33,0,0,0,0,0,0,0,0,0,0
17,AgentB wins,27.67,0,0,0,0,0,0,0,0,0,0
18,AgentA wins,21.67,0,0,0,0,0,0,0,0,0,0
19,timeout draw,60.00,0,0,0,0,0,0,0,0,0,0
20,AgentA wins,19.67,0,0,0,0,0,0,0,0,0,0
11,AgentA wins,21.67,195,169,47,77,0,153,0,14,78,5
12,AgentA wins,25.33,228,186,58,92,0,174,0,16,86,13
13,AgentA wins,45.00,418,341,92,195,0,302,0,38,109,13
14,AgentB wins,30.33,275,238,70,98,0,214,0,14,112,23
15,AgentB wins,36.67,335,273,69,125,0,225,0,18,100,16
16,AgentB wins,23.00,215,172,58,72,0,160,0,11,90,6
17,AgentA wins,39.33,356,300,90,140,0,273,0,21,124,18
18,AgentB wins,21.00,193,164,43,72,0,142,0,9,72,4
19,AgentA wins,18.00,162,136,33,61,0,119,0,10,58,12
20,AgentB wins,20.67,184,167,42,79,0,142,0,13,72,10
11,AgentA wins,17.00,0,0,0,0,0,0,0,0,0,0
12,AgentA wins,18.67,0,0,0,0,0,0,0,0,0,0
13,AgentB wins,38.67,0,0,0,0,0,0,0,0,0,0
14,AgentA wins,28.67,0,0,0,0,0,0,0,0,0,0
15,timeout draw,60.00,0,0,0,0,0,0,0,0,0,0
16,AgentA wins,19.00,0,0,0,0,0,0,0,0,0,0
17,AgentB wins,35.33,0,0,0,0,0,0,0,0,0,0
18,AgentA wins,43.33,0,0,0,0,0,0,0,0,0,0
19,AgentA wins,22.33,0,0,0,0,0,0,0,0,0,0
20,AgentA wins,30.67,0,0,0,0,0,0,0,0,0,0
11,AgentB wins,23.67,0,0,0,0,0,0,0,0,0,0
12,AgentA wins,15.67,0,0,0,0,0,0,0,0,0,0
13,AgentA wins,30.33,0,0,0,0,0,0,0,0,0,0
14,AgentA wins,28.67,0,0,0,0,0,0,0,0,0,0
15,AgentB wins,37.67,0,0,0,0,0,0,0,0,0,0
16,AgentB wins,27.33,0,0,0,0,0,0,0,0,0,0
17,AgentB wins,26.67,0,0,0,0,0,0,0,0,0,0
18,AgentA wins,37.33,0,0,0,0,0,0,0,0,0,0
19,AgentA wins,25.33,0,0,0,0,0,0,0,0,0,0
20,AgentA wins,55.67,0,0,0,0,0,0,0,0,0,0
21,AgentB wins,16.00,0,0,0,0,0,0,0,0,0,0
22,AgentB wins,20.67,0,0,0,0,0,0,0,0,0,0
23,AgentB wins,23.67,0,0,0,0,0,0,0,0,0,0
24,AgentB wins,20.67,0,0,0,0,0,0,0,0,0,0
25,AgentB wins,23.67,0,0,0,0,0,0,0,0,0,0
26,AgentB wins,20.67,0,0,0,0,0,0,0,0,0,0
27,AgentB wins,24.67,0,0,0,0,0,0,0,0,0,0
28,AgentB wins,26.33,0,0,0,0,0,0,0,0,0,0
29,AgentB wins,21.00,0,0,0,0,0,0,0,0,0,0
30,AgentB wins,20.67,0,0,0,0,0,0,0,0,0,0
21,AgentA wins,15.67,0,0,0,0,0,0,0,0,0,0
22,AgentB wins,20.67,0,0,0,0,0,0,0,0,0,0
23,AgentB wins,20.67,0,0,0,0,0,0,0,0,0,0
24,AgentB wins,23.67,0,0,0,0,0,0,0,0,0,0
25,AgentA wins,15.67,0,0,0,0,0,0,0,0,0,0
26,AgentB wins,20.67,0,0,0,0,0,0,0,0,0,0
27,AgentB wins,20.67,0,0,0,0,0,0,0,0,0,0
28,AgentB wins,20.67,0,0,0,0,0,0,0,0,0,0
29,AgentB wins,20.67,0,0,0,0,0,0,0,0,0,0
30,AgentA wins,15.67,0,0,0,0,0,0,0,0,0,0
11,AgentA wins,32.67,0,0,0,0,0,0,0,0,0,0
12,AgentB wins,31.67,0,0,0,0,0,0,0,0,0,0
13,AgentA wins,27.67,0,0,0,0,0,0,0,0,0,0
14,timeout draw,60.00,0,0,0,0,0,0,0,0,0,0
15,AgentA wins,19.00,0,0,0,0,0,0,0,0,0,0
16,AgentB wins,27.33,0,0,0,0,0,0,0,0,0,0
17,AgentA wins,21.67,0,0,0,0,0,0,0,0,0,0
18,AgentA wins,25.33,0,0,0,0,0,0,0,0,0,0
19,AgentA wins,16.33,0,0,0,0,0,0,0,0,0,0
20,AgentA wins,39.00,0,0,0,0,0,0,0,0,0,0
21,AgentA wins,27.00,0,0,0,0,0,0,0,0,0,0
22,AgentB wins,14.67,0,0,0,0,0,0,0,0,0,0
23,AgentB wins,20.67,0,0,0,0,0,0,0,0,0,0
24,AgentB wins,20.67,0,0,0,0,0,0,0,0,0,0
25,AgentA wins,15.67,0,0,0,0,0,0,0,0,0,0
26,AgentA wins,19.00,0,0,0,0,0,0,0,0,0,0
27,AgentB wins,23.67,0,0,0,0,0,0,0,0,0,0
28,AgentA wins,18.00,0,0,0,0,0,0,0,0,0,0
29,AgentB wins,23.67,0,0,0,0,0,0,0,0,0,0
30,AgentB wins,20.67,0,0,0,0,0,0,0,0,0,0
21,AgentA wins,22.33,0,0,0,0,0,0,0,0,0,0
22,AgentA wins,25.67,0,0,0,0,0,0,0,0,0,0
23,AgentB wins,23.67,0,0,0,0,0,0,0,0,0,0
24,AgentA wins,22.67,0,0,0,0,0,0,0,0,0,0
25,AgentB wins,20.67,0,0,0,0,0,0,0,0,0,0
26,AgentA wins,15.67,0,0,0,0,0,0,0,0,0,0
27,AgentB wins,21.67,0,0,0,0,0,0,0,0,0,0
28,AgentB wins,20.67,0,0,0,0,0,0,0,0,0,0
29,AgentB wins,20.67,0,0,0,0,0,0,0,0,0,0
30,AgentB wins,20.67,0,0,0,0,0,0,0,0,0,0
21,AgentB wins,21.00,0,0,0,0,0,0,0,0,0,0
22,AgentA wins,22.33,0,0,0,0,0,0,0,0,0,0
23,AgentB wins,14.33,0,0,0,0,0,0,0,0,0,0
24,AgentB wins,20.67,0,0,0,0,0,0,0,0,0,0
25,AgentA wins,15.67,0,0,0,0,0,0,0,0,0,0
26,AgentB wins,20.67,0,0,0,0,0,0,0,0,0,0
27,AgentB wins,20.67,0,0,0,0,0,0,0,0,0,0
28,AgentB wins,20.67,0,0,0,0,0,0,0,0,0,0
29,AgentB wins,23.67,0,0,0,0,0,0,0,0,0,0
30,AgentB wins,20.67,0,0,0,0,0,0,0,0,0,0
21,AgentB wins,23.67,0,0,0,0,0,0,0,0,0,0
22,AgentB wins,20.67,0,0,0,0,0,0,0,0,0,0
23,AgentA wins,22.67,0,0,0,0,0,0,0,0,0,0
24,AgentB wins,14.33,0,0,0,0,0,0,0,0,0,0
25,AgentB wins,20.67,0,0,0,0,0,0,0,0,0,0
26,AgentB wins,20.67,0,0,0,0,0,0,0,0,0,0
27,AgentB wins,20.67,0,0,0,0,0,0,0,0,0,0
28,AgentB wins,20.67,0,0,0,0,0,0,0,0,0,0
29,AgentA wins,15.67,0,0,0,0,0,0,0,0,0,0
30,AgentB wins,23.67,0,0,0,0,0,0,0,0,0,0
21,AgentB wins,21.00,0,0,0,0,0,0,0,0,0,0
22,AgentA wins,17.33,0,0,0,0,0,0,0,0,0,0
23,AgentA wins,22.67,0,0,0,0,0,0,0,0,0,0
24,AgentB wins,20.67,0,0,0,0,0,0,0,0,0,0
25,AgentA wins,15.67,0,0,0,0,0,0,0,0,0,0
26,AgentB wins,20.67,0,0,0,0,0,0,0,0,0,0
27,AgentA wins,25.33,0,0,0,0,0,0,0,0,0,0
28,AgentB wins,20.67,0,0,0,0,0,0,0,0,0,0
29,AgentB wins,23.67,0,0,0,0,0,0,0,0,0,0
30,AgentB wins,23.67,0,0,0,0,0,0,0,0,0,0
21,AgentA wins,22.67,0,0,0,0,0,0,0,0,0,0
22,AgentA wins,15.67,0,0,0,0,0,0,0,0,0,0
23,AgentB wins,20.67,0,0,0,0,0,0,0,0,0,0
24,AgentB wins,20.67,0,0,0,0,0,0,0,0,0,0
25,AgentB wins,20.67,0,0,0,0,0,0,0,0,0,0
26,AgentB wins,20.67,0,0,0,0,0,0,0,0,0,0
27,AgentB wins,20.67,0,0,0,0,0,0,0,0,0,0
28,AgentB wins,20.67,0,0,0,0,0,0,0,0,0,0
29,AgentB wins,20.67,0,0,0,0,0,0,0,0,0,0
30,AgentB wins,20.67,0,0,0,0,0,0,0,0,0,0
21,AgentB wins,20.67,0,0,0,0,0,0,0,0,0,0
22,AgentB wins,20.67,0,0,0,0,0,0,0,0,0,0
23,AgentA wins,15.67,0,0,0,0,0,0,0,0,0,0
24,AgentA wins,18.00,0,0,0,0,0,0,0,0,0,0
25,timeout draw,60.00,0,0,0,0,0,0,0,0,0,0
26,AgentB wins,20.67,0,0,0,0,0,0,0,0,0,0
27,AgentB wins,20.67,0,0,0,0,0,0,0,0,0,0
28,AgentB wins,20.67,0,0,0,0,0,0,0,0,0,0
29,AgentA wins,20.33,0,0,0,0,0,0,0,0,0,0
30,AgentA wins,27.67,0,0,0,0,0,0,0,0,0,0
21,AgentA wins,17.00,0,0,0,0,0,0,0,0,0,0
22,AgentB wins,20.67,0,0,0,0,0,0,0,0,0,0
23,AgentA wins,22.67,0,0,0,0,0,0,0,0,0,0
24,AgentA wins,23.33,0,0,0,0,0,0,0,0,0,0
25,AgentB wins,20.67,0,0,0,0,0,0,0,0,0,0
26,AgentA wins,18.00,0,0,0,0,0,0,0,0,0,0
27,AgentB wins,20.67,0,0,0,0,0,0,0,0,0,0
28,AgentB wins,23.67,0,0,0,0,0,0,0,0,0,0
29,AgentB wins,20.67,0,0,0,0,0,0,0,0,0,0
30,AgentB wins,20.67,0,0,0,0,0,0,0,0,0,0
21,AgentA wins,29.67,0,0,0,0,0,0,0,0,0,0
22,AgentB wins,23.67,0,0,0,0,0,0,0,0,0,0
23,AgentB wins,20.67,0,0,0,0,0,0,0,0,0,0
24,AgentA wins,22.67,0,0,0,0,0,0,0,0,0,0
25,AgentB wins,20.67,0,0,0,0,0,0,0,0,0,0
26,AgentB wins,20.67,0,0,0,0,0,0,0,0,0,0
27,AgentB wins,20.67,0,0,0,0,0,0,0,0,0,0
28,AgentB wins,20.67,0,0,0,0,0,0,0,0,0,0
29,AgentB wins,20.67,0,0,0,0,0,0,0,0,0,0
30,AgentB wins,23.67,0,0,0,0,0,0,0,0,0,0
21,AgentB wins,23.67,0,0,0,0,0,0,0,0,0,0
22,AgentB wins,20.67,0,0,0,0,0,0,0,0,0,0
23,AgentB wins,23.67,0,0,0,0,0,0,0,0,0,0
24,AgentB wins,20.67,0,0,0,0,0,0,0,0,0,0
25,AgentB wins,20.67,0,0,0,0,0,0,0,0,0,0
26,AgentB wins,20.67,0,0,0,0,0,0,0,0,0,0
27,AgentB wins,23.67,0,0,0,0,0,0,0,0,0,0
28,AgentB wins,20.67,0,0,0,0,0,0,0,0,0,0
29,AgentA wins,22.67,0,0,0,0,0,0,0,0,0,0
30,AgentA wins,17.33,0,0,0,0,0,0,0,0,0,0
21,AgentB wins,20.67,0,0,0,0,0,0,0,0,0,0
22,AgentB wins,20.67,0,0,0,0,0,0,0,0,0,0
23,AgentB wins,20.67,0,0,0,0,0,0,0,0,0,0
24,AgentB wins,20.67,0,0,0,0,0,0,0,0,0,0
25,AgentB wins,20.67,0,0,0,0,0,0,0,0,0,0
26,AgentB wins,20.67,0,0,0,0,0,0,0,0,0,0
27,AgentB wins,23.67,0,0,0,0,0,0,0,0,0,0
28,AgentA wins,22.67,0,0,0,0,0,0,0,0,0,0
29,AgentB wins,17.67,0,0,0,0,0,0,0,0,0,0
30,AgentB wins,20.67,0,0,0,0,0,0,0,0,0,0
21,AgentB wins,14.67,0,0,0,0,0,0,0,0,0,0
22,AgentB wins,20.67,0,0,0,0,0,0,0,0,0,0
23,AgentA wins,28.33,0,0,0,0,0,0,0,0,0,0
24,AgentB wins,20.67,0,0,0,0,0,0,0,0,0,0
25,AgentB wins,20.67,0,0,0,0,0,0,0,0,0,0
26,AgentB wins,20.67,0,0,0,0,0,0,0,0,0,0
27,AgentB wins,20.67,0,0,0,0,0,0,0,0,0,0
28,AgentB wins,20.67,0,0,0,0,0,0,0,0,0,0
29,AgentB wins,20.67,0,0,0,0,0,0,0,0,0,0
30,AgentB wins,20.67,0,0,0,0,0,0,0,0,0,0
21,AgentB wins,20.67,0,0,0,0,0,0,0,0,0,0
22,AgentB wins,23.67,0,0,0,0,0,0,0,0,0,0
23,AgentB wins,20.67,0,0,0,0,0,0,0,0,0,0
24,AgentB wins,20.67,0,0,0,0,0,0,0,0,0,0
25,AgentB wins,20.67,0,0,0,0,0,0,0,0,0,0
26,AgentB wins,20.67,0,0,0,0,0,0,0,0,0,0
27,AgentA wins,22.33,0,0,0,0,0,0,0,0,0,0
28,AgentB wins,24.67,0,0,0,0,0,0,0,0,0,0
29,AgentA wins,24.00,0,0,0,0,0,0,0,0,0,0
30,AgentB wins,20.67,0,0,0,0,0,0,0,0,0,0
21,AgentA wins,30.00,0,0,0,0,0,0,0,0,0,0
22,AgentA wins,16.33,0,0,0,0,0,0,0,0,0,0
23,AgentB wins,36.00,0,0,0,0,0,0,0,0,0,0
24,AgentA wins,21.67,0,0,0,0,0,0,0,0,0,0
25,AgentA wins,24.67,0,0,0,0,0,0,0,0,0,0
26,AgentA wins,24.67,0,0,0,0,0,0,0,0,0,0
27,AgentA wins,18.00,0,0,0,0,0,0,0,0,0,0
28,AgentA wins,25.00,0,0,0,0,0,0,0,0,0,0
29,AgentA wins,16.33,0,0,0,0,0,0,0,0,0,0
30,AgentA wins,32.33,0,0,0,0,0,0,0,0,0,0
21,AgentB wins,23.00,0,0,0,0,0,0,0,0,0,0
22,AgentA wins,26.67,0,0,0,0,0,0,0,0,0,0
23,AgentA wins,22.33,0,0,0,0,0,0,0,0,0,0
24,AgentA wins,17.33,0,0,0,0,0,0,0,0,0,0
25,AgentB wins,16.67,0,0,0,0,0,0,0,0,0,0
26,AgentA wins,25.33,0,0,0,0,0,0,0,0,0,0
27,AgentB wins,17.00,0,0,0,0,0,0,0,0,0,0
28,AgentB wins,32.00,0,0,0,0,0,0,0,0,0,0
29,AgentA wins,34.33,0,0,0,0,0,0,0,0,0,0
30,AgentA wins,18.00,0,0,0,0,0,0,0,0,0,0
21,AgentB wins,37.00,0,0,0,0,0,0,0,0,0,0
22,AgentA wins,28.33,0,0,0,0,0,0,0,0,0,0
23,AgentB wins,26.67,0,0,0,0,0,0,0,0,0,0
24,AgentB wins,25.33,0,0,0,0,0,0,0,0,0,0
25,AgentA wins,22.00,0,0,0,0,0,0,0,0,0,0
26,AgentA wins,19.33,0,0,0,0,0,0,0,0,0,0
27,AgentA wins,19.33,0,0,0,0,0,0,0,0,0,0
28,AgentB wins,31.67,0,0,0,0,0,0,0,0,0,0
29,AgentA wins,28.33,0,0,0,0,0,0,0,0,0,0
30,AgentA wins,18.33,0,0,0,0,0,0,0,0,0,0
21,AgentA wins,28.00,0,0,0,0,0,0,0,0,0,0
22,AgentA wins,25.33,0,0,0,0,0,0,0,0,0,0
23,AgentA wins,27.33,0,0,0,0,0,0,0,0,0,0
24,AgentA wins,22.33,0,0,0,0,0,0,0,0,0,0
25,AgentA wins,18.67,0,0,0,0,0,0,0,0,0,0
26,AgentB wins,32.67,0,0,0,0,0,0,0,0,0,0
27,AgentA wins,32.67,0,0,0,0,0,0,0,0,0,0
28,AgentA wins,16.33,0,0,0,0,0,0,0,0,0,0
29,AgentA wins,24.33,0,0,0,0,0,0,0,0,0,0
30,AgentA wins,16.33,0,0,0,0,0,0,0,0,0,0
21,AgentA wins,34.67,0,0,0,0,0,0,0,0,0,0
22,AgentA wins,21.67,0,0,0,0,0,0,0,0,0,0
23,AgentA wins,16.33,0,0,0,0,0,0,0,0,0,0
24,AgentA wins,19.33,0,0,0,0,0,0,0,0,0,0
25,AgentA wins,30.67,0,0,0,0,0,0,0,0,0,0
26,AgentA wins,24.67,0,0,0,0,0,0,0,0,0,0
27,AgentA wins,18.00,0,0,0,0,0,0,0,0,0,0
28,AgentA wins,24.67,0,0,0,0,0,0,0,0,0,0
29,AgentB wins,33.33,0,0,0,0,0,0,0,0,0,0
30,AgentA wins,29.00,0,0,0,0,0,0,0,0,0,0
21,AgentA wins,19.33,0,0,0,0,0,0,0,0,0,0
22,AgentA wins,19.33,0,0,0,0,0,0,0,0,0,0
23,AgentA wins,30.67,0,0,0,0,0,0,0,0,0,0
24,AgentA wins,16.33,0,0,0,0,0,0,0,0,0,0
25,AgentA wins,31.67,0,0,0,0,0,0,0,0,0,0
26,AgentA wins,22.33,0,0,0,0,0,0,0,0,0,0
27,AgentA wins,24.67,0,0,0,0,0,0,0,0,0,0
28,AgentA wins,16.33,0,0,0,0,0,0,0,0,0,0
29,AgentB wins,26.67,0,0,0,0,0,0,0,0,0,0
30,AgentB wins,23.67,0,0,0,0,0,0,0,0,0,0
21,AgentB wins,28.67,0,0,0,0,0,0,0,0,0,0
22,AgentB wins,20.33,0,0,0,0,0,0,0,0,0,0
23,AgentA wins,22.33,0,0,0,0,0,0,0,0,0,0
24,AgentA wins,26.00,0,0,0,0,0,0,0,0,0,0
25,AgentA wins,25.33,0,0,0,0,0,0,0,0,0,0
26,AgentA wins,26.00,0,0,0,0,0,0,0,0,0,0
27,AgentB wins,23.67,0,0,0,0,0,0,0,0,0,0
28,AgentA wins,27.67,0,0,0,0,0,0,0,0,0,0
29,AgentA wins,36.67,0,0,0,0,0,0,0,0,0,0
30,AgentA wins,43.33,0,0,0,0,0,0,0,0,0,0
21,AgentA wins,25.33,0,0,0,0,0,0,0,0,0,0
22,AgentA wins,36.00,0,0,0,0,0,0,0,0,0,0
23,AgentB wins,18.33,0,0,0,0,0,0,0,0,0,0
24,AgentA wins,19.33,0,0,0,0,0,0,0,0,0,0
25,AgentA wins,22.33,0,0,0,0,0,0,0,0,0,0
26,AgentA wins,22.00,0,0,0,0,0,0,0,0,0,0
27,AgentA wins,36.67,0,0,0,0,0,0,0,0,0,0
28,AgentA wins,16.33,0,0,0,0,0,0,0,0,0,0
29,AgentA wins,19.33,0,0,0,0,0,0,0,0,0,0
30,AgentA wins,40.33,0,0,0,0,0,0,0,0,0,0
31,AgentA wins,15.67,0,0,0,0,0,0,0,0,0,0
32,AgentB wins,20.67,0,0,0,0,0,0,0,0,0,0
33,AgentB wins,23.67,0,0,0,0,0,0,0,0,0,0
34,AgentB wins,20.67,0,0,0,0,0,0,0,0,0,0
35,AgentB wins,20.67,0,0,0,0,0,0,0,0,0,0
36,AgentA wins,18.00,0,0,0,0,0,0,0,0,0,0
37,AgentB wins,20.67,0,0,0,0,0,0,0,0,0,0
38,AgentB wins,20.67,0,0,0,0,0,0,0,0,0,0
39,AgentA wins,18.00,0,0,0,0,0,0,0,0,0,0
40,AgentB wins,20.67,0,0,0,0,0,0,0,0,0,0
31,AgentB wins,20.67,0,0,0,0,0,0,0,0,0,0
32,AgentB wins,20.67,0,0,0,0,0,0,0,0,0,0
33,AgentA wins,17.33,0,0,0,0,0,0,0,0,0,0
34,AgentB wins,20.67,0,0,0,0,0,0,0,0,0,0
35,AgentB wins,20.67,0,0,0,0,0,0,0,0,0,0
36,AgentB wins,23.67,0,0,0,0,0,0,0,0,0,0
37,AgentA wins,27.67,0,0,0,0,0,0,0,0,0,0
38,AgentA wins,22.67,0,0,0,0,0,0,0,0,0,0
39,AgentB wins,20.67,0,0,0,0,0,0,0,0,0,0
40,AgentB wins,20.67,0,0,0,0,0,0,0,0,0,0
31,AgentB wins,20.67,0,0,0,0,0,0,0,0,0,0
32,AgentB wins,20.67,0,0,0,0,0,0,0,0,0,0
33,AgentA wins,18.00,0,0,0,0,0,0,0,0,0,0
34,AgentB wins,20.67,0,0,0,0,0,0,0,0,0,0
35,AgentA wins,22.33,0,0,0,0,0,0,0,0,0,0
36,AgentB wins,20.67,0,0,0,0,0,0,0,0,0,0
37,AgentA wins,15.67,0,0,0,0,0,0,0,0,0,0
38,AgentA wins,18.67,0,0,0,0,0,0,0,0,0,0
39,AgentA wins,18.00,0,0,0,0,0,0,0,0,0,0
40,AgentB wins,20.67,0,0,0,0,0,0,0,0,0,0
31,AgentA wins,15.67,0,0,0,0,0,0,0,0,0,0
32,AgentB wins,20.67,0,0,0,0,0,0,0,0,0,0
33,AgentB wins,20.67,0,0,0,0,0,0,0,0,0,0
34,AgentB wins,20.67,0,0,0,0,0,0,0,0,0,0
35,AgentA wins,17.33,0,0,0,0,0,0,0,0,0,0
36,AgentB wins,20.67,0,0,0,0,0,0,0,0,0,0
37,AgentB wins,23.67,0,0,0,0,0,0,0,0,0,0
38,AgentA wins,32.33,0,0,0,0,0,0,0,0,0,0
39,AgentB wins,20.67,0,0,0,0,0,0,0,0,0,0
40,AgentB wins,20.67,0,0,0,0,0,0,0,0,0,0
31,AgentB wins,20.67,0,0,0,0,0,0,0,0,0,0
32,AgentB wins,20.67,0,0,0,0,0,0,0,0,0,0
33,AgentB wins,20.67,0,0,0,0,0,0,0,0,0,0
34,AgentB wins,20.67,0,0,0,0,0,0,0,0,0,0
35,AgentB wins,20.67,0,0,0,0,0,0,0,0,0,0
36,AgentA wins,19.33,0,0,0,0,0,0,0,0,0,0
37,AgentA wins,15.67,0,0,0,0,0,0,0,0,0,0
38,AgentA wins,22.33,0,0,0,0,0,0,0,0,0,0
39,AgentB wins,26.67,0,0,0,0,0,0,0,0,0,0
40,AgentA wins,18.00,0,0,0,0,0,0,0,0,0,0
21,AgentB wins,20.33,181,163,41,55,0,147,0,5,85,5
22,AgentA wins,35.67,325,285,53,124,0,258,0,16,122,20
23,AgentA wins,24.33,216,190,51,84,0,173,0,13,95,5
24,AgentA wins,33.33,300,267,61,120,0,225,0,16,115,11
25,AgentA wins,43.67,392,354,65,151,0,300,0,19,153,20
26,AgentA wins,16.33,145,131,26,57,0,120,0,6,56,9
27,AgentA wins,27.67,249,227,48,98,0,202,0,12,104,13
28,AgentA wins,18.00,162,143,28,68,0,125,0,9,55,13
29,AgentA wins,22.33,203,178,34,88,0,151,0,14,66,14
30,timeout draw,60.00,527,486,101,197,0,381,0,33,194,47
31,AgentA wins,17.33,0,0,0,0,0,0,0,0,0,0
32,AgentB wins,20.67,0,0,0,0,0,0,0,0,0,0
33,AgentB wins,23.67,0,0,0,0,0,0,0,0,0,0
34,AgentB wins,20.67,0,0,0,0,0,0,0,0,0,0
35,AgentB wins,20.67,0,0,0,0,0,0,0,0,0,0
36,AgentB wins,20.67,0,0,0,0,0,0,0,0,0,0
37,AgentB wins,20.67,0,0,0,0,0,0,0,0,0,0
38,AgentA wins,15.67,0,0,0,0,0,0,0,0,0,0
39,AgentB wins,20.67,0,0,0,0,0,0,0,0,0,0
40,AgentA wins,18.00,0,0,0,0,0,0,0,0,0,0
31,AgentB wins,20.67,0,0,0,0,0,0,0,0,0,0
32,AgentB wins,20.67,0,0,0,0,0,0,0,0,0,0
33,AgentA wins,22.33,0,0,0,0,0,0,0,0,0,0
34,AgentB wins,20.67,0,0,0,0,0,0,0,0,0,0
35,AgentB wins,20.67,0,0,0,0,0,0,0,0,0,0
36,AgentB wins,23.67,0,0,0,0,0,0,0,0,0,0
37,AgentB wins,20.67,0,0,0,0,0,0,0,0,0,0
38,AgentB wins,20.67,0,0,0,0,0,0,0,0,0,0
39,AgentA wins,18.67,0,0,0,0,0,0,0,0,0,0
40,AgentA wins,22.67,0,0,0,0,0,0,0,0,0,0
31,AgentB wins,20.67,0,0,0,0,0,0,0,0,0,0
32,AgentB wins,20.67,0,0,0,0,0,0,0,0,0,0
33,AgentB wins,23.33,0,0,0,0,0,0,0,0,0,0
34,AgentB wins,20.67,0,0,0,0,0,0,0,0,0,0
35,AgentB wins,20.67,0,0,0,0,0,0,0,0,0,0
36,AgentA wins,22.33,0,0,0,0,0,0,0,0,0,0
37,AgentA wins,22.67,0,0,0,0,0,0,0,0,0,0
38,AgentB wins,14.67,0,0,0,0,0,0,0,0,0,0
39,AgentB wins,20.67,0,0,0,0,0,0,0,0,0,0
40,AgentB wins,20.67,0,0,0,0,0,0,0,0,0,0
31,AgentA wins,15.67,0,0,0,0,0,0,0,0,0,0
32,AgentA wins,18.00,0,0,0,0,0,0,0,0,0,0
33,AgentB wins,20.67,0,0,0,0,0,0,0,0,0,0
34,AgentB wins,20.67,0,0,0,0,0,0,0,0,0,0
35,AgentB wins,20.67,0,0,0,0,0,0,0,0,0,0
36,AgentB wins,23.67,0,0,0,0,0,0,0,0,0,0
37,timeout draw,60.00,0,0,0,0,0,0,0,0,0,0
38,AgentB wins,20.67,0,0,0,0,0,0,0,0,0,0
39,AgentA wins,18.00,0,0,0,0,0,0,0,0,0,0
40,AgentB wins,23.67,0,0,0,0,0,0,0,0,0,0
31,AgentB wins,23.67,0,0,0,0,0,0,0,0,0,0
32,AgentB wins,23.67,0,0,0,0,0,0,0,0,0,0
33,AgentA wins,18.00,0,0,0,0,0,0,0,0,0,0
34,AgentB wins,23.67,0,0,0,0,0,0,0,0,0,0
35,AgentA wins,22.67,0,0,0,0,0,0,0,0,0,0
36,AgentB wins,20.67,0,0,0,0,0,0,0,0,0,0
37,AgentA wins,22.33,0,0,0,0,0,0,0,0,0,0
38,AgentB wins,23.67,0,0,0,0,0,0,0,0,0,0
39,AgentA wins,18.67,0,0,0,0,0,0,0,0,0,0
40,AgentB wins,26.67,0,0,0,0,0,0,0,0,0,0
31,AgentB wins,23.67,0,0,0,0,0,0,0,0,0,0
32,AgentA wins,18.00,0,0,0,0,0,0,0,0,0,0
33,AgentB wins,20.67,0,0,0,0,0,0,0,0,0,0
34,AgentB wins,20.67,0,0,0,0,0,0,0,0,0,0
35,AgentB wins,23.67,0,0,0,0,0,0,0,0,0,0
36,AgentB wins,23.67,0,0,0,0,0,0,0,0,0,0
37,AgentB wins,20.67,0,0,0,0,0,0,0,0,0,0
38,AgentA wins,27.67,0,0,0,0,0,0,0,0,0,0
39,AgentB wins,20.67,0,0,0,0,0,0,0,0,0,0
40,AgentA wins,18.00,0,0,0,0,0,0,0,0,0,0
31,AgentB wins,20.67,0,0,0,0,0,0,0,0,0,0
32,AgentB wins,20.67,0,0,0,0,0,0,0,0,0,0
33,AgentB wins,20.67,0,0,0,0,0,0,0,0,0,0
34,AgentB wins,20.67,0,0,0,0,0,0,0,0,0,0
35,AgentB wins,20.67,0,0,0,0,0,0,0,0,0,0
36,AgentB wins,20.67,0,0,0,0,0,0,0,0,0,0
37,AgentB wins,20.67,0,0,0,0,0,0,0,0,0,0
38,AgentB wins,20.67,0,0,0,0,0,0,0,0,0,0
39,AgentB wins,23.33,0,0,0,0,0,0,0,0,0,0
40,AgentA wins,18.00,0,0,0,0,0,0,0,0,0,0
21,AgentA wins,51.00,0,0,0,0,0,0,0,0,0,0
22,AgentA wins,30.67,0,0,0,0,0,0,0,0,0,0
23,AgentA wins,22.33,0,0,0,0,0,0,0,0,0,0
24,AgentB wins,25.67,0,0,0,0,0,0,0,0,0,0
25,AgentA wins,25.33,0,0,0,0,0,0,0,0,0,0
26,AgentA wins,19.33,0,0,0,0,0,0,0,0,0,0
27,AgentA wins,19.00,0,0,0,0,0,0,0,0,0,0
28,AgentA wins,29.33,0,0,0,0,0,0,0,0,0,0
29,AgentB wins,26.00,0,0,0,0,0,0,0,0,0,0
30,AgentA wins,18.00,0,0,0,0,0,0,0,0,0,0
31,AgentB wins,20.67,0,0,0,0,0,0,0,0,0,0
32,AgentB wins,20.67,0,0,0,0,0,0,0,0,0,0
33,AgentA wins,18.00,0,0,0,0,0,0,0,0,0,0
34,AgentB wins,20.67,0,0,0,0,0,0,0,0,0,0
35,AgentA wins,18.67,0,0,0,0,0,0,0,0,0,0
36,AgentA wins,18.00,0,0,0,0,0,0,0,0,0,0
37,AgentB wins,20.67,0,0,0,0,0,0,0,0,0,0
38,AgentB wins,20.67,0,0,0,0,0,0,0,0,0,0
39,AgentB wins,20.67,0,0,0,0,0,0,0,0,0,0
40,AgentB wins,20.67,0,0,0,0,0,0,0,0,0,0
31,AgentB wins,23.67,0,0,0,0,0,0,0,0,0,0
32,AgentB wins,23.67,0,0,0,0,0,0,0,0,0,0
33,AgentA wins,18.00,0,0,0,0,0,0,0,0,0,0
34,AgentB wins,20.67,0,0,0,0,0,0,0,0,0,0
35,AgentB wins,20.67,0,0,0,0,0,0,0,0,0,0
36,AgentB wins,20.67,0,0,0,0,0,0,0,0,0,0
37,AgentB wins,20.67,0,0,0,0,0,0,0,0,0,0
38,AgentB wins,20.67,0,0,0,0,0,0,0,0,0,0
39,AgentB wins,20.67,0,0,0,0,0,0,0,0,0,0
40,AgentB wins,20.67,0,0,0,0,0,0,0,0,0,0
31,AgentB wins,23.67,0,0,0,0,0,0,0,0,0,0
32,AgentB wins,20.67,0,0,0,0,0,0,0,0,0,0
33,AgentB wins,20.67,0,0,0,0,0,0,0,0,0,0
34,AgentB wins,20.67,0,0,0,0,0,0,0,0,0,0
35,AgentB wins,23.67,0,0,0,0,0,0,0,0,0,0
36,timeout draw,60.00,0,0,0,0,0,0,0,0,0,0
37,AgentB wins,23.67,0,0,0,0,0,0,0,0,0,0
38,AgentB wins,20.67,0,0,0,0,0,0,0,0,0,0
39,AgentA wins,18.00,0,0,0,0,0,0,0,0,0,0
40,AgentB wins,20.67,0,0,0,0,0,0,0,0,0,0
31,AgentA wins,30.67,0,0,0,0,0,0,0,0,0,0
32,AgentA wins,19.33,0,0,0,0,0,0,0,0,0,0
33,AgentB wins,23.67,0,0,0,0,0,0,0,0,0,0
34,AgentB wins,21.00,0,0,0,0,0,0,0,0,0,0
35,AgentA wins,31.00,0,0,0,0,0,0,0,0,0,0
36,AgentA wins,18.00,0,0,0,0,0,0,0,0,0,0
37,AgentA wins,25.33,0,0,0,0,0,0,0,0,0,0
38,AgentA wins,24.67,0,0,0,0,0,0,0,0,0,0
39,AgentB wins,29.33,0,0,0,0,0,0,0,0,0,0
40,AgentA wins,22.00,0,0,0,0,0,0,0,0,0,0
31,AgentA wins,22.00,0,0,0,0,0,0,0,0,0,0
32,AgentA wins,17.33,0,0,0,0,0,0,0,0,0,0
33,AgentA wins,25.00,0,0,0,0,0,0,0,0,0,0
34,AgentA wins,27.67,0,0,0,0,0,0,0,0,0,0
35,AgentA wins,18.00,0,0,0,0,0,0,0,0,0,0
36,AgentA wins,37.00,0,0,0,0,0,0,0,0,0,0
37,AgentA wins,18.00,0,0,0,0,0,0,0,0,0,0
38,AgentA wins,18.00,0,0,0,0,0,0,0,0,0,0
39,AgentA wins,22.00,0,0,0,0,0,0,0,0,0,0
40,AgentA wins,18.67,0,0,0,0,0,0,0,0,0,0
31,AgentA wins,27.33,0,0,0,0,0,0,0,0,0,0
32,AgentB wins,26.33,0,0,0,0,0,0,0,0,0,0
33,AgentB wins,37.00,0,0,0,0,0,0,0,0,0,0
34,AgentA wins,21.67,0,0,0,0,0,0,0,0,0,0
35,AgentA wins,22.33,0,0,0,0,0,0,0,0,0,0
36,AgentA wins,18.00,0,0,0,0,0,0,0,0,0,0
37,AgentA wins,33.67,0,0,0,0,0,0,0,0,0,0
38,AgentA wins,22.00,0,0,0,0,0,0,0,0,0,0
39,AgentA wins,16.33,0,0,0,0,0,0,0,0,0,0
40,AgentA wins,38.67,0,0,0,0,0,0,0,0,0,0
31,AgentA wins,18.00,0,0,0,0,0,0,0,0,0,0
32,AgentA wins,18.67,0,0,0,0,0,0,0,0,0,0
33,AgentB wins,23.33,0,0,0,0,0,0,0,0,0,0
34,AgentA wins,24.67,0,0,0,0,0,0,0,0,0,0
35,AgentB wins,26.67,0,0,0,0,0,0,0,0,0,0
36,AgentB wins,16.67,0,0,0,0,0,0,0,0,0,0
37,AgentA wins,18.00,0,0,0,0,0,0,0,0,0,0
38,AgentA wins,23.33,0,0,0,0,0,0,0,0,0,0
39,AgentB wins,29.67,0,0,0,0,0,0,0,0,0,0
40,AgentA wins,18.00,0,0,0,0,0,0,0,0,0,0
41,AgentB wins,20.67,0,0,0,0,0,0,0,0,0,0
42,AgentB wins,20.67,0,0,0,0,0,0,0,0,0,0
43,AgentB wins,20.67,0,0,0,0,0,0,0,0,0,0
44,AgentA wins,18.00,0,0,0,0,0,0,0,0,0,0
45,AgentB wins,20.67,0,0,0,0,0,0,0,0,0,0
46,AgentA wins,18.67,0,0,0,0,0,0,0,0,0,0
47,AgentB wins,20.67,0,0,0,0,0,0,0,0,0,0
48,AgentA wins,18.00,0,0,0,0,0,0,0,0,0,0
49,AgentB wins,20.67,0,0,0,0,0,0,0,0,0,0
50,AgentB wins,23.67,0,0,0,0,0,0,0,0,0,0
41,AgentB wins,20.67,0,0,0,0,0,0,0,0,0,0
42,AgentB wins,20.67,0,0,0,0,0,0,0,0,0,0
43,AgentB wins,20.67,0,0,0,0,0,0,0,0,0,0
44,AgentB wins,20.67,0,0,0,0,0,0,0,0,0,0
45,AgentB wins,20.67,0,0,0,0,0,0,0,0,0,0
46,AgentA wins,18.00,0,0,0,0,0,0,0,0,0,0
47,AgentA wins,18.00,0,0,0,0,0,0,0,0,0,0
48,AgentA wins,18.00,0,0,0,0,0,0,0,0,0,0
49,AgentA wins,18.00,0,0,0,0,0,0,0,0,0,0
50,AgentA wins,18.00,0,0,0,0,0,0,0,0,0,0
31,AgentA wins,34.33,0,0,0,0,0,0,0,0,0,0
32,AgentB wins,22.33,0,0,0,0,0,0,0,0,0,0
33,AgentA wins,21.00,0,0,0,0,0,0,0,0,0,0
34,AgentA wins,16.33,0,0,0,0,0,0,0,0,0,0
35,AgentA wins,25.33,0,0,0,0,0,0,0,0,0,0
36,AgentB wins,23.33,0,0,0,0,0,0,0,0,0,0
37,AgentA wins,25.33,0,0,0,0,0,0,0,0,0,0
38,AgentB wins,35.67,0,0,0,0,0,0,0,0,0,0
39,AgentA wins,18.67,0,0,0,0,0,0,0,0,0,0
40,AgentA wins,17.33,0,0,0,0,0,0,0,0,0,0
41,AgentB wins,20.67,0,0,0,0,0,0,0,0,0,0
42,AgentB wins,20.67,0,0,0,0,0,0,0,0,0,0
43,AgentA wins,18.00,0,0,0,0,0,0,0,0,0,0
44,AgentA wins,18.00,0,0,0,0,0,0,0,0,0,0
45,AgentA wins,18.33,0,0,0,0,0,0,0,0,0,0
46,AgentA wins,18.67,0,0,0,0,0,0,0,0,0,0
47,AgentB wins,20.67,0,0,0,0,0,0,0,0,0,0
48,AgentA wins,18.00,0,0,0,0,0,0,0,0,0,0
49,AgentB wins,20.67,0,0,0,0,0,0,0,0,0,0
50,AgentB wins,20.67,0,0,0,0,0,0,0,0,0,0
41,AgentB wins,20.67,0,0,0,0,0,0,0,0,0,0
42,AgentB wins,23.67,0,0,0,0,0,0,0,0,0,0
43,AgentB wins,20.67,0,0,0,0,0,0,0,0,0,0
44,AgentB wins,23.67,0,0,0,0,0,0,0,0,0,0
45,AgentB wins,23.67,0,0,0,0,0,0,0,0,0,0
46,AgentA wins,18.00,0,0,0,0,0,0,0,0,0,0
47,AgentA wins,18.00,0,0,0,0,0,0,0,0,0,0
48,AgentB wins,20.67,0,0,0,0,0,0,0,0,0,0
49,AgentA wins,18.00,0,0,0,0,0,0,0,0,0,0
50,AgentB wins,20.67,0,0,0,0,0,0,0,0,0,0
41,AgentB wins,23.67,0,0,0,0,0,0,0,0,0,0
42,AgentA wins,17.33,0,0,0,0,0,0,0,0,0,0
43,AgentA wins,18.00,0,0,0,0,0,0,0,0,0,0
44,AgentB wins,20.67,0,0,0,0,0,0,0,0,0,0
45,AgentB wins,23.67,0,0,0,0,0,0,0,0,0,0
46,AgentA wins,18.00,0,0,0,0,0,0,0,0,0,0
47,AgentB wins,20.67,0,0,0,0,0,0,0,0,0,0
48,AgentA wins,18.00,0,0,0,0,0,0,0,0,0,0
49,AgentA wins,18.00,0,0,0,0,0,0,0,0,0,0
50,AgentA wins,19.33,0,0,0,0,0,0,0,0,0,0
31,AgentB wins,39.00,0,0,0,0,0,0,0,0,0,0
32,AgentB wins,23.00,0,0,0,0,0,0,0,0,0,0
33,AgentB wins,27.00,0,0,0,0,0,0,0,0,0,0
34,AgentA wins,30.33,0,0,0,0,0,0,0,0,0,0
35,AgentA wins,26.00,0,0,0,0,0,0,0,0,0,0
36,AgentA wins,24.00,0,0,0,0,0,0,0,0,0,0
37,AgentA wins,25.00,0,0,0,0,0,0,0,0,0,0
38,AgentA wins,25.00,0,0,0,0,0,0,0,0,0,0
39,AgentA wins,22.00,0,0,0,0,0,0,0,0,0,0
40,AgentB wins,27.67,0,0,0,0,0,0,0,0,0,0
41,AgentB wins,20.67,0,0,0,0,0,0,0,0,0,0
42,AgentB wins,20.67,0,0,0,0,0,0,0,0,0,0
43,AgentB wins,20.67,0,0,0,0,0,0,0,0,0,0
44,AgentB wins,20.67,0,0,0,0,0,0,0,0,0,0
45,AgentB wins,20.67,0,0,0,0,0,0,0,0,0,0
46,AgentB wins,20.67,0,0,0,0,0,0,0,0,0,0
47,AgentA wins,18.00,0,0,0,0,0,0,0,0,0,0
48,AgentB wins,20.67,0,0,0,0,0,0,0,0,0,0
49,AgentB wins,20.67,0,0,0,0,0,0,0,0,0,0
50,AgentA wins,18.00,0,0,0,0,0,0,0,0,0,0
41,AgentA wins,17.33,0,0,0,0,0,0,0,0,0,0
42,AgentB wins,20.67,0,0,0,0,0,0,0,0,0,0
43,AgentA wins,18.67,0,0,0,0,0,0,0,0,0,0
44,AgentA wins,18.67,0,0,0,0,0,0,0,0,0,0
45,AgentA wins,18.00,0,0,0,0,0,0,0,0,0,0
46,AgentB wins,20.67,0,0,0,0,0,0,0,0,0,0
47,AgentB wins,20.67,0,0,0,0,0,0,0,0,0,0
48,AgentB wins,20.67,0,0,0,0,0,0,0,0,0,0
49,AgentA wins,18.67,0,0,0,0,0,0,0,0,0,0
50,AgentB wins,20.67,0,0,0,0,0,0,0,0,0,0
31,AgentA wins,19.33,0,0,0,0,0,0,0,0,0,0
32,AgentA wins,28.00,0,0,0,0,0,0,0,0,0,0
33,AgentA wins,18.00,0,0,0,0,0,0,0,0,0,0
34,AgentA wins,31.33,0,0,0,0,0,0,0,0,0,0
35,AgentB wins,34.33,0,0,0,0,0,0,0,0,0,0
36,AgentA wins,51.00,0,0,0,0,0,0,0,0,0,0
37,AgentA wins,31.00,0,0,0,0,0,0,0,0,0,0
38,AgentA wins,25.33,0,0,0,0,0,0,0,0,0,0
39,AgentA wins,32.00,0,0,0,0,0,0,0,0,0,0
40,AgentA wins,18.00,0,0,0,0,0,0,0,0,0,0
41,AgentB wins,20.67,0,0,0,0,0,0,0,0,0,0
42,AgentB wins,23.33,0,0,0,0,0,0,0,0,0,0
43,timeout draw,60.00,0,0,0,0,0,0,0,0,0,0
44,AgentB wins,20.67,0,0,0,0,0,0,0,0,0,0
45,AgentB wins,20.67,0,0,0,0,0,0,0,0,0,0
46,AgentA wins,18.00,0,0,0,0,0,0,0,0,0,0
47,AgentA wins,18.00,0,0,0,0,0,0,0,0,0,0
48,AgentA wins,18.00,0,0,0,0,0,0,0,0,0,0
49,AgentA wins,18.00,0,0,0,0,0,0,0,0,0,0
50,AgentA wins,18.00,0,0,0,0,0,0,0,0,0,0
41,AgentA wins,22.67,0,0,0,0,0,0,0,0,0,0
42,AgentA wins,18.00,0,0,0,0,0,0,0,0,0,0
43,AgentB wins,21.00,0,0,0,0,0,0,0,0,0,0
44,AgentB wins,20.67,0,0,0,0,0,0,0,0,0,0
45,AgentB wins,23.33,0,0,0,0,0,0,0,0,0,0
46,AgentA wins,18.00,0,0,0,0,0,0,0,0,0,0
47,AgentB wins,20.67,0,0,0,0,0,0,0,0,0,0
48,AgentB wins,20.67,0,0,0,0,0,0,0,0,0,0
49,AgentB wins,20.67,0,0,0,0,0,0,0,0,0,0
50,AgentB wins,20.67,0,0,0,0,0,0,0,0,0,0
41,AgentB wins,20.67,0,0,0,0,0,0,0,0,0,0
42,AgentA wins,18.00,0,0,0,0,0,0,0,0,0,0
43,AgentB wins,20.67,0,0,0,0,0,0,0,0,0,0
44,AgentB wins,23.33,0,0,0,0,0,0,0,0,0,0
45,AgentB wins,20.67,0,0,0,0,0,0,0,0,0,0
46,AgentA wins,18.00,0,0,0,0,0,0,0,0,0,0
47,AgentA wins,18.00,0,0,0,0,0,0,0,0,0,0
48,AgentA wins,18.00,0,0,0,0,0,0,0,0,0,0
49,AgentA wins,18.67,0,0,0,0,0,0,0,0,0,0
50,AgentB wins,20.67,0,0,0,0,0,0,0,0,0,0
31,AgentB wins,20.33,179,166,36,68,0,142,0,6,72,12
32,AgentB wins,23.67,206,193,35,87,0,175,0,10,94,21
33,AgentA wins,22.33,203,181,21,86,0,150,0,13,64,27
34,AgentB wins,31.67,286,263,43,109,0,206,0,16,100,29
35,AgentA wins,17.00,145,141,19,75,0,116,0,14,48,25
36,AgentB wins,35.33,314,293,38,129,0,230,0,18,105,41
37,AgentB wins,29.00,261,243,34,115,0,193,0,20,84,44
38,AgentA wins,30.00,262,252,41,136,0,195,0,24,82,43
39,AgentA wins,18.00,157,148,23,74,0,119,0,11,58,22
40,AgentA wins,18.00,158,150,17,81,0,124,0,12,49,25
41,AgentA wins,18.00,0,0,0,0,0,0,0,0,0,0
42,AgentA wins,18.00,0,0,0,0,0,0,0,0,0,0
43,AgentB wins,20.67,0,0,0,0,0,0,0,0,0,0
44,AgentA wins,18.67,0,0,0,0,0,0,0,0,0,0
45,AgentB wins,20.67,0,0,0,0,0,0,0,0,0,0
46,AgentB wins,20.67,0,0,0,0,0,0,0,0,0,0
47,AgentB wins,20.67,0,0,0,0,0,0,0,0,0,0
48,AgentA wins,18.00,0,0,0,0,0,0,0,0,0,0
49,AgentB wins,20.67,0,0,0,0,0,0,0,0,0,0
50,AgentB wins,20.67,0,0,0,0,0,0,0,0,0,0
31,AgentA wins,31.33,0,0,0,0,0,0,0,0,0,0
32,AgentA wins,28.33,0,0,0,0,0,0,0,0,0,0
33,AgentB wins,32.67,0,0,0,0,0,0,0,0,0,0
34,AgentA wins,24.67,0,0,0,0,0,0,0,0,0,0
35,AgentA wins,22.33,0,0,0,0,0,0,0,0,0,0
36,AgentB wins,38.67,0,0,0,0,0,0,0,0,0,0
37,AgentA wins,33.67,0,0,0,0,0,0,0,0,0,0
38,AgentA wins,48.67,0,0,0,0,0,0,0,0,0,0
39,AgentB wins,29.33,0,0,0,0,0,0,0,0,0,0
40,AgentA wins,28.33,0,0,0,0,0,0,0,0,0,0
31,AgentB wins,26.67,0,0,0,0,0,0,0,0,0,0
32,AgentA wins,19.33,0,0,0,0,0,0,0,0,0,0
33,AgentA wins,19.33,0,0,0,0,0,0,0,0,0,0
34,AgentA wins,25.00,0,0,0,0,0,0,0,0,0,0
35,AgentA wins,34.33,0,0,0,0,0,0,0,0,0,0
36,AgentA wins,16.33,0,0,0,0,0,0,0,0,0,0
37,AgentB wins,16.67,0,0,0,0,0,0,0,0,0,0
38,AgentA wins,25.00,0,0,0,0,0,0,0,0,0,0
39,AgentA wins,22.33,0,0,0,0,0,0,0,0,0,0
40,AgentA wins,22.33,0,0,0,0,0,0,0,0,0,0
41,AgentB wins,20.67,0,0,0,0,0,0,0,0,0,0
42,AgentB wins,20.67,0,0,0,0,0,0,0,0,0,0
43,AgentB wins,23.67,0,0,0,0,0,0,0,0,0,0
44,AgentB wins,20.67,0,0,0,0,0,0,0,0,0,0
45,AgentA wins,27.00,0,0,0,0,0,0,0,0,0,0
46,AgentA wins,28.33,0,0,0,0,0,0,0,0,0,0
47,AgentA wins,18.67,0,0,0,0,0,0,0,0,0,0
48,AgentB wins,20.67,0,0,0,0,0,0,0,0,0,0
49,AgentB wins,20.67,0,0,0,0,0,0,0,0,0,0
50,AgentA wins,18.33,0,0,0,0,0,0,0,0,0,0
41,AgentA wins,18.00,0,0,0,0,0,0,0,0,0,0
42,AgentB wins,20.67,0,0,0,0,0,0,0,0,0,0
43,AgentA wins,22.33,0,0,0,0,0,0,0,0,0,0
44,timeout draw,60.33,0,0,0,0,0,0,0,0,0,0
45,AgentA wins,18.00,0,0,0,0,0,0,0,0,0,0
46,AgentA wins,19.33,0,0,0,0,0,0,0,0,0,0
47,AgentB wins,26.33,0,0,0,0,0,0,0,0,0,0
48,AgentA wins,18.00,0,0,0,0,0,0,0,0,0,0
49,AgentA wins,18.67,0,0,0,0,0,0,0,0,0,0
50,AgentA wins,28.33,0,0,0,0,0,0,0,0,0,0
41,AgentB wins,20.67,0,0,0,0,0,0,0,0,0,0
42,AgentB wins,23.67,0,0,0,0,0,0,0,0,0,0
43,AgentA wins,18.00,0,0,0,0,0,0,0,0,0,0
44,AgentB wins,20.67,0,0,0,0,0,0,0,0,0,0
45,AgentB wins,20.67,0,0,0,0,0,0,0,0,0,0
46,AgentB wins,20.67,0,0,0,0,0,0,0,0,0,0
47,AgentB wins,20.67,0,0,0,0,0,0,0,0,0,0
48,AgentB wins,20.67,0,0,0,0,0,0,0,0,0,0
49,AgentA wins,18.67,0,0,0,0,0,0,0,0,0,0
50,AgentA wins,20.67,0,0,0,0,0,0,0,0,0,0
41,AgentB wins,20.67,0,0,0,0,0,0,0,0,0,0
42,AgentA wins,27.00,0,0,0,0,0,0,0,0,0,0
43,AgentA wins,18.00,0,0,0,0,0,0,0,0,0,0
44,AgentB wins,23.67,0,0,0,0,0,0,0,0,0,0
45,AgentA wins,18.67,0,0,0,0,0,0,0,0,0,0
46,AgentA wins,18.00,0,0,0,0,0,0,0,0,0,0
47,AgentA wins,18.00,0,0,0,0,0,0,0,0,0,0
48,AgentB wins,20.67,0,0,0,0,0,0,0,0,0,0
49,AgentB wins,20.67,0,0,0,0,0,0,0,0,0,0
50,timeout draw,60.00,0,0,0,0,0,0,0,0,0,0
51,AgentB wins,20.67,0,0,0,0,0,0,0,0,0,0
52,AgentA wins,18.00,0,0,0,0,0,0,0,0,0,0
53,AgentA wins,18.00,0,0,0,0,0,0,0,0,0,0
54,AgentB wins,20.67,0,0,0,0,0,0,0,0,0,0
55,AgentA wins,17.33,0,0,0,0,0,0,0,0,0,0
56,AgentA wins,18.67,0,0,0,0,0,0,0,0,0,0
57,AgentB wins,20.67,0,0,0,0,0,0,0,0,0,0
58,AgentA wins,19.33,0,0,0,0,0,0,0,0,0,0
59,AgentB wins,20.67,0,0,0,0,0,0,0,0,0,0
60,AgentA wins,18.00,0,0,0,0,0,0,0,0,0,0
51,AgentA wins,19.67,0,0,0,0,0,0,0,0,0,0
52,AgentB wins,20.67,0,0,0,0,0,0,0,0,0,0
53,AgentA wins,18.00,0,0,0,0,0,0,0,0,0,0
54,AgentB wins,23.67,0,0,0,0,0,0,0,0,0,0
55,AgentB wins,20.67,0,0,0,0,0,0,0,0,0,0
56,AgentA wins,18.67,0,0,0,0,0,0,0,0,0,0
57,AgentB wins,24.00,0,0,0,0,0,0,0,0,0,0
58,AgentA wins,18.67,0,0,0,0,0,0,0,0,0,0
59,AgentB wins,23.67,0,0,0,0,0,0,0,0,0,0
60,AgentB wins,20.67,0,0,0,0,0,0,0,0,0,0
41,AgentA wins,41.00,0,0,0,0,0,0,0,0,0,0
42,AgentA wins,19.33,0,0,0,0,0,0,0,0,0,0
43,AgentA wins,31.33,0,0,0,0,0,0,0,0,0,0
44,AgentA wins,19.33,0,0,0,0,0,0,0,0,0,0
45,AgentA wins,30.33,0,0,0,0,0,0,0,0,0,0
46,AgentA wins,18.00,0,0,0,0,0,0,0,0,0,0
47,AgentA wins,25.67,0,0,0,0,0,0,0,0,0,0
48,AgentA wins,28.33,0,0,0,0,0,0,0,0,0,0
49,AgentB wins,27.67,0,0,0,0,0,0,0,0,0,0
50,AgentA wins,16.33,0,0,0,0,0,0,0,0,0,0
41,AgentA wins,18.00,0,0,0,0,0,0,0,0,0,0
42,AgentA wins,31.67,0,0,0,0,0,0,0,0,0,0
43,AgentB wins,16.67,0,0,0,0,0,0,0,0,0,0
44,AgentA wins,22.33,0,0,0,0,0,0,0,0,0,0
45,AgentA wins,18.00,0,0,0,0,0,0,0,0,0,0
46,AgentA wins,18.00,0,0,0,0,0,0,0,0,0,0
47,AgentA wins,28.00,0,0,0,0,0,0,0,0,0,0
48,AgentA wins,30.67,0,0,0,0,0,0,0,0,0,0
49,AgentA wins,40.33,0,0,0,0,0,0,0,0,0,0
50,AgentA wins,29.00,0,0,0,0,0,0,0,0,0,0
51,AgentA wins,18.67,0,0,0,0,0,0,0,0,0,0
52,AgentA wins,18.00,0,0,0,0,0,0,0,0,0,0
53,AgentA wins,18.67,0,0,0,0,0,0,0,0,0,0
54,AgentA wins,18.00,0,0,0,0,0,0,0,0,0,0
55,AgentB wins,23.33,0,0,0,0,0,0,0,0,0,0
56,AgentB wins,20.67,0,0,0,0,0,0,0,0,0,0
57,AgentB wins,23.33,0,0,0,0,0,0,0,0,0,0
58,AgentB wins,23.67,0,0,0,0,0,0,0,0,0,0
59,AgentA wins,29.67,0,0,0,0,0,0,0,0,0,0
60,AgentA wins,23.00,0,0,0,0,0,0,0,0,0,0
41,AgentB wins,32.00,0,0,0,0,0,0,0,0,0,0
42,AgentA wins,18.00,0,0,0,0,0,0,0,0,0,0
43,AgentA wins,22.00,0,0,0,0,0,0,0,0,0,0
44,AgentA wins,21.00,0,0,0,0,0,0,0,0,0,0
45,AgentA wins,28.00,0,0,0,0,0,0,0,0,0,0
46,AgentA wins,22.00,0,0,0,0,0,0,0,0,0,0
47,AgentA wins,28.33,0,0,0,0,0,0,0,0,0,0
48,AgentA wins,19.00,0,0,0,0,0,0,0,0,0,0
49,AgentA wins,16.33,0,0,0,0,0,0,0,0,0,0
50,AgentA wins,22.67,0,0,0,0,0,0,0,0,0,0
51,AgentA wins,17.33,0,0,0,0,0,0,0,0,0,0
52,AgentB wins,20.67,0,0,0,0,0,0,0,0,0,0
53,AgentA wins,18.00,0,0,0,0,0,0,0,0,0,0
54,AgentA wins,18.67,0,0,0,0,0,0,0,0,0,0
55,AgentA wins,18.00,0,0,0,0,0,0,0,0,0,0
56,AgentB wins,20.67,0,0,0,0,0,0,0,0,0,0
57,AgentA wins,22.33,0,0,0,0,0,0,0,0,0,0
58,AgentA wins,17.33,0,0,0,0,0,0,0,0,0,0
59,AgentB wins,23.33,0,0,0,0,0,0,0,0,0,0
60,AgentA wins,30.67,0,0,0,0,0,0,0,0,0,0
41,AgentA wins,18.00,0,0,0,0,0,0,0,0,0,0
42,AgentA wins,22.00,0,0,0,0,0,0,0,0,0,0
43,AgentA wins,19.00,0,0,0,0,0,0,0,0,0,0
44,AgentA wins,25.00,0,0,0,0,0,0,0,0,0,0
45,AgentA wins,18.67,0,0,0,0,0,0,0,0,0,0
46,AgentA wins,25.67,0,0,0,0,0,0,0,0,0,0
47,AgentA wins,18.67,0,0,0,0,0,0,0,0,0,0
48,timeout draw,60.00,0,0,0,0,0,0,0,0,0,0
49,AgentA wins,31.33,0,0,0,0,0,0,0,0,0,0
50,AgentA wins,21.67,0,0,0,0,0,0,0,0,0,0
51,AgentB wins,23.33,0,0,0,0,0,0,0,0,0,0
52,AgentA wins,18.67,0,0,0,0,0,0,0,0,0,0
53,AgentB wins,20.67,0,0,0,0,0,0,0,0,0,0
54,AgentA wins,18.00,0,0,0,0,0,0,0,0,0,0
55,AgentA wins,18.00,0,0,0,0,0,0,0,0,0,0
56,AgentA wins,18.00,0,0,0,0,0,0,0,0,0,0
57,AgentA wins,18.67,0,0,0,0,0,0,0,0,0,0
58,AgentB wins,14.67,0,0,0,0,0,0,0,0,0,0
59,AgentB wins,20.67,0,0,0,0,0,0,0,0,0,0
60,AgentB wins,23.67,0,0,0,0,0,0,0,0,0,0
51,AgentA wins,18.00,0,0,0,0,0,0,0,0,0,0
52,AgentA wins,18.00,0,0,0,0,0,0,0,0,0,0
53,AgentB wins,20.67,0,0,0,0,0,0,0,0,0,0
54,AgentA wins,18.67,0,0,0,0,0,0,0,0,0,0
55,AgentB wins,20.67,0,0,0,0,0,0,0,0,0,0
56,AgentB wins,23.33,0,0,0,0,0,0,0,0,0,0
57,AgentB wins,20.67,0,0,0,0,0,0,0,0,0,0
58,AgentB wins,23.33,0,0,0,0,0,0,0,0,0,0
59,AgentA wins,27.33,0,0,0,0,0,0,0,0,0,0
60,AgentA wins,28.33,0,0,0,0,0,0,0,0,0,0
51,AgentB wins,20.67,0,0,0,0,0,0,0,0,0,0
52,AgentB wins,23.33,0,0,0,0,0,0,0,0,0,0
53,AgentA wins,18.67,0,0,0,0,0,0,0,0,0,0
54,AgentB wins,20.67,0,0,0,0,0,0,0,0,0,0
55,AgentA wins,45.00,0,0,0,0,0,0,0,0,0,0
56,AgentB wins,20.67,0,0,0,0,0,0,0,0,0,0
57,AgentB wins,20.67,0,0,0,0,0,0,0,0,0,0
58,AgentA wins,18.00,0,0,0,0,0,0,0,0,0,0
59,AgentB wins,20.67,0,0,0,0,0,0,0,0,0,0
60,AgentA wins,32.00,0,0,0,0,0,0,0,0,0,0
51,AgentA wins,18.00,0,0,0,0,0,0,0,0,0,0
52,AgentB wins,20.67,0,0,0,0,0,0,0,0,0,0
53,AgentB wins,23.67,0,0,0,0,0,0,0,0,0,0
54,timeout draw,60.00,0,0,0,0,0,0,0,0,0,0
55,AgentB wins,23.67,0,0,0,0,0,0,0,0,0,0
56,AgentB wins,21.33,0,0,0,0,0,0,0,0,0,0
57,AgentB wins,23.67,0,0,0,0,0,0,0,0,0,0
58,AgentB wins,23.33,0,0,0,0,0,0,0,0,0,0
59,AgentB wins,23.33,0,0,0,0,0,0,0,0,0,0
60,AgentB wins,20.67,0,0,0,0,0,0,0,0,0,0
51,AgentB wins,20.67,0,0,0,0,0,0,0,0,0,0
52,AgentB wins,20.67,0,0,0,0,0,0,0,0,0,0
53,AgentA wins,18.00,0,0,0,0,0,0,0,0,0,0
54,AgentA wins,18.00,0,0,0,0,0,0,0,0,0,0
55,AgentB wins,20.67,0,0,0,0,0,0,0,0,0,0
56,AgentB wins,20.67,0,0,0,0,0,0,0,0,0,0
57,AgentB wins,20.67,0,0,0,0,0,0,0,0,0,0
58,AgentB wins,23.33,0,0,0,0,0,0,0,0,0,0
59,AgentB wins,23.33,0,0,0,0,0,0,0,0,0,0
60,AgentA wins,23.00,0,0,0,0,0,0,0,0,0,0
51,AgentA wins,18.00,0,0,0,0,0,0,0,0,0,0
52,AgentA wins,18.67,0,0,0,0,0,0,0,0,0,0
53,AgentA wins,18.67,0,0,0,0,0,0,0,0,0,0
54,AgentB wins,20.67,0,0,0,0,0,0,0,0,0,0
55,AgentA wins,37.33,0,0,0,0,0,0,0,0,0,0
56,AgentB wins,20.67,0,0,0,0,0,0,0,0,0,0
57,AgentB wins,23.67,0,0,0,0,0,0,0,0,0,0
58,AgentA wins,17.00,0,0,0,0,0,0,0,0,0,0
59,AgentA wins,22.67,0,0,0,0,0,0,0,0,0,0
60,AgentA wins,22.67,0,0,0,0,0,0,0,0,0,0
41,AgentA wins,22.00,0,0,0,0,0,0,0,0,0,0
42,AgentA wins,22.33,0,0,0,0,0,0,0,0,0,0
43,AgentB wins,26.00,0,0,0,0,0,0,0,0,0,0
44,AgentB wins,19.67,0,0,0,0,0,0,0,0,0,0
45,AgentB wins,22.00,0,0,0,0,0,0,0,0,0,0
46,AgentA wins,25.33,0,0,0,0,0,0,0,0,0,0
47,AgentA wins,27.00,0,0,0,0,0,0,0,0,0,0
48,AgentA wins,25.00,0,0,0,0,0,0,0,0,0,0
49,AgentA wins,45.00,0,0,0,0,0,0,0,0,0,0
50,AgentA wins,19.33,0,0,0,0,0,0,0,0,0,0
41,AgentA wins,22.33,195,187,23,96,0,152,0,15,55,39
42,AgentA wins,28.33,240,237,44,108,0,165,0,20,61,37
43,AgentA wins,19.33,168,161,28,76,0,124,0,12,52,21
44,AgentA wins,25.33,219,210,45,100,0,174,0,15,73,26
45,AgentA wins,23.00,202,182,38,93,0,137,0,15,49,26
46,AgentA wins,19.33,163,156,36,74,0,123,0,11,54,11
47,AgentA wins,16.33,140,129,32,60,0,116,0,7,52,14
48,AgentA wins,16.33,138,135,37,56,0,113,0,12,46,10
49,AgentA wins,34.00,294,275,70,131,0,227,0,21,80,34
50,AgentA wins,28.00,245,229,54,107,0,186,0,22,62,24
51,AgentA wins,18.00,0,0,0,0,0,0,0,0,0,0
52,AgentB wins,23.67,0,0,0,0,0,0,0,0,0,0
53,AgentA wins,27.67,0,0,0,0,0,0,0,0,0,0
54,AgentB wins,23.33,0,0,0,0,0,0,0,0,0,0
55,AgentA wins,35.67,0,0,0,0,0,0,0,0,0,0
56,AgentA wins,38.67,0,0,0,0,0,0,0,0,0,0
57,AgentA wins,18.67,0,0,0,0,0,0,0,0,0,0
58,AgentA wins,23.00,0,0,0,0,0,0,0,0,0,0
59,AgentA wins,28.33,0,0,0,0,0,0,0,0,0,0
60,AgentA wins,31.33,0,0,0,0,0,0,0,0,0,0
51,AgentB wins,23.33,0,0,0,0,0,0,0,0,0,0
52,AgentB wins,20.67,0,0,0,0,0,0,0,0,0,0
53,AgentA wins,19.33,0,0,0,0,0,0,0,0,0,0
54,AgentB wins,23.33,0,0,0,0,0,0,0,0,0,0
55,AgentB wins,20.67,0,0,0,0,0,0,0,0,0,0
56,AgentA wins,28.33,0,0,0,0,0,0,0,0,0,0
57,AgentA wins,18.00,0,0,0,0,0,0,0,0,0,0
58,AgentA wins,35.67,0,0,0,0,0,0,0,0,0,0
59,AgentA wins,27.67,0,0,0,0,0,0,0,0,0,0
60,AgentA wins,28.33,0,0,0,0,0,0,0,0,0,0
41,AgentA wins,21.00,0,0,0,0,0,0,0,0,0,0
42,AgentB wins,31.67,0,0,0,0,0,0,0,0,0,0
43,AgentA wins,29.00,0,0,0,0,0,0,0,0,0,0
44,timeout draw,60.00,0,0,0,0,0,0,0,0,0,0
45,AgentA wins,22.00,0,0,0,0,0,0,0,0,0,0
46,AgentA wins,40.67,0,0,0,0,0,0,0,0,0,0
47,AgentA wins,29.00,0,0,0,0,0,0,0,0,0,0
48,timeout draw,60.00,0,0,0,0,0,0,0,0,0,0
49,AgentA wins,36.67,0,0,0,0,0,0,0,0,0,0
50,AgentB wins,39.33,0,0,0,0,0,0,0,0,0,0
41,AgentB wins,22.33,0,0,0,0,0,0,0,0,0,0
42,AgentA wins,25.00,0,0,0,0,0,0,0,0,0,0
43,AgentA wins,41.67,0,0,0,0,0,0,0,0,0,0
44,AgentA wins,16.33,0,0,0,0,0,0,0,0,0,0
45,AgentA wins,19.00,0,0,0,0,0,0,0,0,0,0
46,AgentA wins,19.33,0,0,0,0,0,0,0,0,0,0
47,AgentA wins,19.33,0,0,0,0,0,0,0,0,0,0
48,AgentA wins,34.33,0,0,0,0,0,0,0,0,0,0
49,timeout draw,60.00,0,0,0,0,0,0,0,0,0,0
50,timeout draw,60.00,0,0,0,0,0,0,0,0,0,0
41,AgentA wins,18.67,0,0,0,0,0,0,0,0,0,0
42,AgentA wins,34.33,0,0,0,0,0,0,0,0,0,0
43,AgentA wins,21.67,0,0,0,0,0,0,0,0,0,0
44,AgentA wins,18.00,0,0,0,0,0,0,0,0,0,0
45,AgentB wins,26.00,0,0,0,0,0,0,0,0,0,0
46,AgentA wins,24.67,0,0,0,0,0,0,0,0,0,0
47,AgentA wins,31.33,0,0,0,0,0,0,0,0,0,0
48,AgentA wins,26.00,0,0,0,0,0,0,0,0,0,0
49,AgentA wins,15.67,0,0,0,0,0,0,0,0,0,0
50,AgentA wins,37.33,0,0,0,0,0,0,0,0,0,0
41,AgentA wins,36.67,0,0,0,0,0,0,0,0,0,0
42,AgentB wins,16.67,0,0,0,0,0,0,0,0,0,0
43,AgentA wins,16.33,0,0,0,0,0,0,0,0,0,0
44,AgentA wins,24.00,0,0,0,0,0,0,0,0,0,0
45,AgentA wins,18.00,0,0,0,0,0,0,0,0,0,0
46,AgentA wins,28.33,0,0,0,0,0,0,0,0,0,0
47,AgentA wins,39.33,0,0,0,0,0,0,0,0,0,0
48,AgentA wins,40.00,0,0,0,0,0,0,0,0,0,0
49,AgentA wins,25.33,0,0,0,0,0,0,0,0,0,0
50,AgentB wins,27.00,0,0,0,0,0,0,0,0,0,0
51,AgentB wins,20.67,0,0,0,0,0,0,0,0,0,0
52,AgentA wins,28.67,0,0,0,0,0,0,0,0,0,0
53,AgentA wins,19.00,0,0,0,0,0,0,0,0,0,0
54,AgentB wins,23.33,0,0,0,0,0,0,0,0,0,0
55,AgentA wins,26.67,0,0,0,0,0,0,0,0,0,0
56,AgentA wins,28.33,0,0,0,0,0,0,0,0,0,0
57,AgentA wins,23.00,0,0,0,0,0,0,0,0,0,0
58,AgentA wins,26.33,0,0,0,0,0,0,0,0,0,0
59,AgentA wins,28.33,0,0,0,0,0,0,0,0,0,0
60,AgentB wins,20.67,0,0,0,0,0,0,0,0,0,0
51,AgentA wins,18.67,0,0,0,0,0,0,0,0,0,0
52,AgentA wins,33.00,0,0,0,0,0,0,0,0,0,0
53,AgentB wins,20.67,0,0,0,0,0,0,0,0,0,0
54,AgentB wins,20.67,0,0,0,0,0,0,0,0,0,0
55,AgentB wins,20.67,0,0,0,0,0,0,0,0,0,0
56,AgentB wins,20.67,0,0,0,0,0,0,0,0,0,0
57,AgentA wins,28.33,0,0,0,0,0,0,0,0,0,0
58,AgentB wins,23.33,0,0,0,0,0,0,0,0,0,0
59,AgentA wins,25.33,0,0,0,0,0,0,0,0,0,0
60,timeout draw,60.00,0,0,0,0,0,0,0,0,0,0
61,AgentA wins,28.33,0,0,0,0,0,0,0,0,0,0
62,AgentA wins,18.00,0,0,0,0,0,0,0,0,0,0
63,AgentB wins,20.67,0,0,0,0,0,0,0,0,0,0
64,AgentA wins,28.33,0,0,0,0,0,0,0,0,0,0
65,AgentB wins,18.00,0,0,0,0,0,0,0,0,0,0
66,AgentA wins,23.67,0,0,0,0,0,0,0,0,0,0
67,AgentA wins,23.00,0,0,0,0,0,0,0,0,0,0
68,AgentA wins,23.00,0,0,0,0,0,0,0,0,0,0
69,AgentA wins,22.67,0,0,0,0,0,0,0,0,0,0
70,AgentA wins,23.00,0,0,0,0,0,0,0,0,0,0
51,AgentA wins,21.67,0,0,0,0,0,0,0,0,0,0
52,AgentA wins,18.67,0,0,0,0,0,0,0,0,0,0
53,AgentA wins,19.00,0,0,0,0,0,0,0,0,0,0
54,AgentA wins,16.33,0,0,0,0,0,0,0,0,0,0
55,AgentA wins,41.00,0,0,0,0,0,0,0,0,0,0
56,AgentA wins,25.00,0,0,0,0,0,0,0,0,0,0
57,AgentA wins,25.33,0,0,0,0,0,0,0,0,0,0
58,AgentA wins,31.33,0,0,0,0,0,0,0,0,0,0
59,AgentA wins,21.67,0,0,0,0,0,0,0,0,0,0
60,AgentA wins,22.33,0,0,0,0,0,0,0,0,0,0
61,AgentA wins,18.00,0,0,0,0,0,0,0,0,0,0
62,AgentA wins,23.00,0,0,0,0,0,0,0,0,0,0
63,AgentA wins,22.67,0,0,0,0,0,0,0,0,0,0
64,AgentA wins,28.33,0,0,0,0,0,0,0,0,0,0
65,AgentA wins,28.33,0,0,0,0,0,0,0,0,0,0
66,AgentA wins,28.33,0,0,0,0,0,0,0,0,0,0
67,AgentA wins,26.33,0,0,0,0,0,0,0,0,0,0
68,AgentA wins,30.67,0,0,0,0,0,0,0,0,0,0
69,AgentA wins,23.00,0,0,0,0,0,0,0,0,0,0
70,AgentA wins,23.00,0,0,0,0,0,0,0,0,0,0
61,AgentA wins,22.67,0,0,0,0,0,0,0,0,0,0
62,AgentA wins,23.00,0,0,0,0,0,0,0,0,0,0
63,AgentA wins,26.33,0,0,0,0,0,0,0,0,0,0
64,AgentA wins,26.33,0,0,0,0,0,0,0,0,0,0
65,AgentA wins,32.33,0,0,0,0,0,0,0,0,0,0
66,AgentA wins,22.33,0,0,0,0,0,0,0,0,0,0
67,AgentA wins,26.00,0,0,0,0,0,0,0,0,0,0
68,AgentA wins,23.00,0,0,0,0,0,0,0,0,0,0
69,AgentA wins,23.00,0,0,0,0,0,0,0,0,0,0
70,AgentA wins,22.67,0,0,0,0,0,0,0,0,0,0
51,AgentA wins,24.00,0,0,0,0,0,0,0,0,0,0
52,AgentA wins,23.00,0,0,0,0,0,0,0,0,0,0
53,AgentA wins,32.67,0,0,0,0,0,0,0,0,0,0
54,AgentA wins,27.67,0,0,0,0,0,0,0,0,0,0
55,timeout draw,60.00,0,0,0,0,0,0,0,0,0,0
56,AgentA wins,19.67,0,0,0,0,0,0,0,0,0,0
57,AgentA wins,25.00,0,0,0,0,0,0,0,0,0,0
58,AgentA wins,29.00,0,0,0,0,0,0,0,0,0,0
59,AgentA wins,23.00,0,0,0,0,0,0,0,0,0,0
60,AgentA wins,16.33,0,0,0,0,0,0,0,0,0,0
61,AgentA wins,18.67,0,0,0,0,0,0,0,0,0,0
62,AgentA wins,22.33,0,0,0,0,0,0,0,0,0,0
63,AgentA wins,17.33,0,0,0,0,0,0,0,0,0,0
64,AgentA wins,22.33,0,0,0,0,0,0,0,0,0,0
65,AgentA wins,28.33,0,0,0,0,0,0,0,0,0,0
66,AgentA wins,27.33,0,0,0,0,0,0,0,0,0,0
67,AgentA wins,23.00,0,0,0,0,0,0,0,0,0,0
68,AgentA wins,22.33,0,0,0,0,0,0,0,0,0,0
69,AgentB wins,20.67,0,0,0,0,0,0,0,0,0,0
70,AgentA wins,22.00,0,0,0,0,0,0,0,0,0,0
61,AgentA wins,28.33,0,0,0,0,0,0,0,0,0,0
62,AgentA wins,26.00,0,0,0,0,0,0,0,0,0,0
63,AgentA wins,28.33,0,0,0,0,0,0,0,0,0,0
64,AgentB wins,23.33,0,0,0,0,0,0,0,0,0,0
65,AgentA wins,28.33,0,0,0,0,0,0,0,0,0,0
66,AgentA wins,28.33,0,0,0,0,0,0,0,0,0,0
67,AgentA wins,22.67,0,0,0,0,0,0,0,0,0,0
68,AgentA wins,23.00,0,0,0,0,0,0,0,0,0,0
69,AgentA wins,26.33,0,0,0,0,0,0,0,0,0,0
70,AgentA wins,28.33,0,0,0,0,0,0,0,0,0,0
51,AgentB wins,47.67,0,0,0,0,0,0,0,0,0,0
52,AgentA wins,19.00,0,0,0,0,0,0,0,0,0,0
53,AgentA wins,21.67,0,0,0,0,0,0,0,0,0,0
54,AgentA wins,19.33,0,0,0,0,0,0,0,0,0,0
55,AgentA wins,31.33,0,0,0,0,0,0,0,0,0,0
56,AgentA wins,22.33,0,0,0,0,0,0,0,0,0,0
57,AgentA wins,25.00,0,0,0,0,0,0,0,0,0,0
58,AgentA wins,19.33,0,0,0,0,0,0,0,0,0,0
59,AgentA wins,22.33,0,0,0,0,0,0,0,0,0,0
60,AgentA wins,28.67,0,0,0,0,0,0,0,0,0,0
51,AgentA wins,19.33,0,0,0,0,0,0,0,0,0,0
52,timeout draw,60.00,0,0,0,0,0,0,0,0,0,0
53,AgentA wins,22.33,0,0,0,0,0,0,0,0,0,0
54,AgentA wins,28.33,0,0,0,0,0,0,0,0,0,0
55,timeout draw,60.00,0,0,0,0,0,0,0,0,0,0
56,timeout draw,60.00,0,0,0,0,0,0,0,0,0,0
57,timeout draw,60.00,0,0,0,0,0,0,0,0,0,0
58,AgentA wins,26.33,0,0,0,0,0,0,0,0,0,0
59,AgentA wins,28.33,0,0,0,0,0,0,0,0,0,0
60,AgentA wins,47.00,0,0,0,0,0,0,0,0,0,0
61,AgentB wins,26.33,0,0,0,0,0,0,0,0,0,0
62,AgentB wins,20.67,0,0,0,0,0,0,0,0,0,0
63,AgentA wins,25.33,0,0,0,0,0,0,0,0,0,0
64,AgentA wins,28.33,0,0,0,0,0,0,0,0,0,0
65,AgentB wins,23.67,0,0,0,0,0,0,0,0,0,0
66,AgentA wins,28.33,0,0,0,0,0,0,0,0,0,0
67,AgentA wins,23.00,0,0,0,0,0,0,0,0,0,0
68,AgentA wins,28.33,0,0,0,0,0,0,0,0,0,0
69,AgentA wins,20.33,0,0,0,0,0,0,0,0,0,0
70,AgentA wins,23.00,0,0,0,0,0,0,0,0,0,0
61,AgentA wins,26.00,0,0,0,0,0,0,0,0,0,0
62,AgentB wins,20.67,0,0,0,0,0,0,0,0,0,0
63,AgentA wins,28.33,0,0,0,0,0,0,0,0,0,0
64,AgentB wins,32.00,0,0,0,0,0,0,0,0,0,0
65,AgentA wins,23.67,0,0,0,0,0,0,0,0,0,0
66,AgentA wins,22.33,0,0,0,0,0,0,0,0,0,0
67,AgentA wins,23.00,0,0,0,0,0,0,0,0,0,0
68,AgentA wins,23.00,0,0,0,0,0,0,0,0,0,0
69,AgentA wins,23.00,0,0,0,0,0,0,0,0,0,0
70,AgentA wins,23.33,0,0,0,0,0,0,0,0,0,0
61,AgentA wins,17.00,0,0,0,0,0,0,0,0,0,0
62,AgentB wins,20.67,0,0,0,0,0,0,0,0,0,0
63,AgentA wins,28.33,0,0,0,0,0,0,0,0,0,0
64,AgentA wins,28.33,0,0,0,0,0,0,0,0,0,0
65,AgentB wins,20.67,0,0,0,0,0,0,0,0,0,0
66,AgentB wins,23.33,0,0,0,0,0,0,0,0,0,0
67,AgentA wins,23.00,0,0,0,0,0,0,0,0,0,0
68,AgentA wins,23.00,0,0,0,0,0,0,0,0,0,0
69,AgentA wins,20.00,0,0,0,0,0,0,0,0,0,0
70,timeout draw,60.00,0,0,0,0,0,0,0,0,0,0
61,AgentA wins,26.00,0,0,0,0,0,0,0,0,0,0
62,AgentA wins,28.33,0,0,0,0,0,0,0,0,0,0
63,AgentB wins,20.67,0,0,0,0,0,0,0,0,0,0
64,AgentB wins,20.67,0,0,0,0,0,0,0,0,0,0
65,AgentA wins,28.33,0,0,0,0,0,0,0,0,0,0
66,AgentB wins,20.67,0,0,0,0,0,0,0,0,0,0
67,AgentA wins,23.00,0,0,0,0,0,0,0,0,0,0
68,AgentA wins,23.00,0,0,0,0,0,0,0,0,0,0
69,AgentB wins,23.67,0,0,0,0,0,0,0,0,0,0
70,timeout draw,60.00,0,0,0,0,0,0,0,0,0,0
61,AgentA wins,29.00,0,0,0,0,0,0,0,0,0,0
62,AgentA wins,28.33,0,0,0,0,0,0,0,0,0,0
63,AgentA wins,28.33,0,0,0,0,0,0,0,0,0,0
64,AgentB wins,20.67,0,0,0,0,0,0,0,0,0,0
65,AgentA wins,28.33,0,0,0,0,0,0,0,0,0,0
66,AgentA wins,23.00,0,0,0,0,0,0,0,0,0,0
67,AgentB wins,28.00,0,0,0,0,0,0,0,0,0,0
68,AgentA wins,27.00,0,0,0,0,0,0,0,0,0,0
69,AgentB wins,23.33,0,0,0,0,0,0,0,0,0,0
70,AgentA wins,23.00,0,0,0,0,0,0,0,0,0,0
51,AgentA wins,22.33,197,182,40,87,0,147,0,18,58,18
52,AgentA wins,19.33,169,158,34,69,0,125,0,15,46,14
53,AgentA wins,28.33,251,230,50,101,0,183,0,16,65,27
54,AgentA wins,29.00,259,235,53,100,0,180,0,18,67,18
55,AgentA wins,33.00,290,267,70,130,0,219,0,29,75,24
56,AgentA wins,36.00,324,294,72,159,0,249,0,32,78,27
57,AgentA wins,22.00,187,177,44,97,0,144,0,19,44,13
58,AgentA wins,23.00,199,188,48,87,0,143,0,22,46,14
59,AgentA wins,16.33,145,133,27,76,0,109,0,14,27,8
60,AgentA wins,25.67,231,202,50,106,0,168,0,22,54,19
51,AgentA wins,35.00,0,0,0,0,0,0,0,0,0,0
52,AgentA wins,29.00,0,0,0,0,0,0,0,0,0,0
53,AgentA wins,19.00,0,0,0,0,0,0,0,0,0,0
54,AgentA wins,19.00,0,0,0,0,0,0,0,0,0,0
55,AgentA wins,28.00,0,0,0,0,0,0,0,0,0,0
56,AgentA wins,37.67,0,0,0,0,0,0,0,0,0,0
57,AgentA wins,39.00,0,0,0,0,0,0,0,0,0,0
58,AgentA wins,21.67,0,0,0,0,0,0,0,0,0,0
59,AgentA wins,26.00,0,0,0,0,0,0,0,0,0,0
60,AgentA wins,22.00,0,0,0,0,0,0,0,0,0,0
61,AgentB wins,19.67,0,0,0,0,0,0,0,0,0,0
62,AgentA wins,23.00,0,0,0,0,0,0,0,0,0,0
63,AgentB wins,20.67,0,0,0,0,0,0,0,0,0,0
64,AgentA wins,22.33,0,0,0,0,0,0,0,0,0,0
65,AgentA wins,23.00,0,0,0,0,0,0,0,0,0,0
66,AgentA wins,26.33,0,0,0,0,0,0,0,0,0,0
67,AgentA wins,23.00,0,0,0,0,0,0,0,0,0,0
68,AgentA wins,22.67,0,0,0,0,0,0,0,0,0,0
69,AgentA wins,28.33,0,0,0,0,0,0,0,0,0,0
70,AgentA wins,23.00,0,0,0,0,0,0,0,0,0,0
61,AgentA wins,18.67,0,0,0,0,0,0,0,0,0,0
62,AgentA wins,54.33,0,0,0,0,0,0,0,0,0,0
63,AgentA wins,28.33,0,0,0,0,0,0,0,0,0,0
64,AgentA wins,28.33,0,0,0,0,0,0,0,0,0,0
65,timeout draw,60.00,0,0,0,0,0,0,0,0,0,0
66,AgentB wins,20.67,0,0,0,0,0,0,0,0,0,0
67,AgentA wins,20.33,0,0,0,0,0,0,0,0,0,0
68,AgentB wins,20.67,0,0,0,0,0,0,0,0,0,0
69,AgentA wins,23.00,0,0,0,0,0,0,0,0,0,0
70,AgentA wins,23.00,0,0,0,0,0,0,0,0,0,0
51,AgentA wins,30.33,0,0,0,0,0,0,0,0,0,0
52,timeout draw,60.00,0,0,0,0,0,0,0,0,0,0
53,AgentA wins,28.00,0,0,0,0,0,0,0,0,0,0
54,timeout draw,60.00,0,0,0,0,0,0,0,0,0,0
55,AgentA wins,32.00,0,0,0,0,0,0,0,0,0,0
56,AgentA wins,23.00,0,0,0,0,0,0,0,0,0,0
57,AgentA wins,47.00,0,0,0,0,0,0,0,0,0,0
58,AgentA wins,22.33,0,0,0,0,0,0,0,0,0,0
59,AgentA wins,27.00,0,0,0,0,0,0,0,0,0,0
60,AgentA wins,44.00,0,0,0,0,0,0,0,0,0,0
51,AgentA wins,21.67,0,0,0,0,0,0,0,0,0,0
52,AgentB wins,33.67,0,0,0,0,0,0,0,0,0,0
53,AgentA wins,35.67,0,0,0,0,0,0,0,0,0,0
54,AgentA wins,23.00,0,0,0,0,0,0,0,0,0,0
55,AgentA wins,29.00,0,0,0,0,0,0,0,0,0,0
56,AgentA wins,22.00,0,0,0,0,0,0,0,0,0,0
57,AgentA wins,19.00,0,0,0,0,0,0,0,0,0,0
58,AgentB wins,41.33,0,0,0,0,0,0,0,0,0,0
59,AgentA wins,23.00,0,0,0,0,0,0,0,0,0,0
60,AgentA wins,27.67,0,0,0,0,0,0,0,0,0,0
61,AgentA wins,22.33,0,0,0,0,0,0,0,0,0,0
62,AgentA wins,28.33,0,0,0,0,0,0,0,0,0,0
63,AgentA wins,28.33,0,0,0,0,0,0,0,0,0,0
64,AgentA wins,26.33,0,0,0,0,0,0,0,0,0,0
65,AgentA wins,23.00,0,0,0,0,0,0,0,0,0,0
66,AgentA wins,23.00,0,0,0,0,0,0,0,0,0,0
67,AgentA wins,28.33,0,0,0,0,0,0,0,0,0,0
68,AgentA wins,29.67,0,0,0,0,0,0,0,0,0,0
69,AgentB wins,23.33,0,0,0,0,0,0,0,0,0,0
70,AgentB wins,20.67,0,0,0,0,0,0,0,0,0,0
51,AgentA wins,32.00,0,0,0,0,0,0,0,0,0,0
52,AgentA wins,29.67,0,0,0,0,0,0,0,0,0,0
53,AgentA wins,28.00,0,0,0,0,0,0,0,0,0,0
54,AgentA wins,27.33,0,0,0,0,0,0,0,0,0,0
55,AgentA wins,34.33,0,0,0,0,0,0,0,0,0,0
56,AgentB wins,34.33,0,0,0,0,0,0,0,0,0,0
57,AgentA wins,31.33,0,0,0,0,0,0,0,0,0,0
58,AgentA wins,16.33,0,0,0,0,0,0,0,0,0,0
59,AgentA wins,21.67,0,0,0,0,0,0,0,0,0,0
60,AgentB wins,33.33,0,0,0,0,0,0,0,0,0,0
61,AgentA wins,29.67,0,0,0,0,0,0,0,0,0,0
62,AgentA wins,23.00,0,0,0,0,0,0,0,0,0,0
63,AgentA wins,23.00,0,0,0,0,0,0,0,0,0,0
64,AgentA wins,23.00,0,0,0,0,0,0,0,0,0,0
65,AgentA wins,26.00,0,0,0,0,0,0,0,0,0,0
66,AgentA wins,23.00,0,0,0,0,0,0,0,0,0,0
67,AgentA wins,23.00,0,0,0,0,0,0,0,0,0,0
68,AgentA wins,28.33,0,0,0,0,0,0,0,0,0,0
69,AgentA wins,26.33,0,0,0,0,0,0,0,0,0,0
70,AgentA wins,26.00,0,0,0,0,0,0,0,0,0,0
51,AgentA wins,22.33,0,0,0,0,0,0,0,0,0,0
52,AgentA wins,52.00,0,0,0,0,0,0,0,0,0,0
53,AgentA wins,41.00,0,0,0,0,0,0,0,0,0,0
54,AgentA wins,50.33,0,0,0,0,0,0,0,0,0,0
55,AgentA wins,23.00,0,0,0,0,0,0,0,0,0,0
56,AgentA wins,22.67,0,0,0,0,0,0,0,0,0,0
57,AgentA wins,25.33,0,0,0,0,0,0,0,0,0,0
58,AgentA wins,19.33,0,0,0,0,0,0,0,0,0,0
59,AgentA wins,16.33,0,0,0,0,0,0,0,0,0,0
60,AgentA wins,18.67,0,0,0,0,0,0,0,0,0,0
51,timeout draw,60.00,0,0,0,0,0,0,0,0,0,0
52,AgentA wins,34.67,0,0,0,0,0,0,0,0,0,0
53,AgentB wins,33.67,0,0,0,0,0,0,0,0,0,0
54,AgentA wins,29.33,0,0,0,0,0,0,0,0,0,0
55,AgentA wins,19.33,0,0,0,0,0,0,0,0,0,0
56,AgentA wins,21.67,0,0,0,0,0,0,0,0,0,0
57,AgentB wins,36.33,0,0,0,0,0,0,0,0,0,0
58,timeout draw,60.00,0,0,0,0,0,0,0,0,0,0
59,AgentA wins,22.00,0,0,0,0,0,0,0,0,0,0
60,AgentA wins,21.67,0,0,0,0,0,0,0,0,0,0
71,AgentA wins,22.33,0,0,0,0,0,0,0,0,0,0
72,AgentA wins,23.00,0,0,0,0,0,0,0,0,0,0
73,AgentA wins,22.33,0,0,0,0,0,0,0,0,0,0
74,AgentA wins,23.00,0,0,0,0,0,0,0,0,0,0
75,AgentA wins,22.33,0,0,0,0,0,0,0,0,0,0
76,AgentA wins,23.00,0,0,0,0,0,0,0,0,0,0
77,AgentA wins,22.67,0,0,0,0,0,0,0,0,0,0
78,AgentB wins,20.67,0,0,0,0,0,0,0,0,0,0
79,AgentB wins,20.67,0,0,0,0,0,0,0,0,0,0
80,AgentA wins,22.67,0,0,0,0,0,0,0,0,0,0
71,AgentA wins,22.33,0,0,0,0,0,0,0,0,0,0
72,AgentA wins,23.00,0,0,0,0,0,0,0,0,0,0
73,AgentA wins,20.33,0,0,0,0,0,0,0,0,0,0
74,AgentB wins,20.67,0,0,0,0,0,0,0,0,0,0
75,AgentA wins,25.00,0,0,0,0,0,0,0,0,0,0
76,AgentA wins,22.67,0,0,0,0,0,0,0,0,0,0
77,AgentA wins,25.33,0,0,0,0,0,0,0,0,0,0
78,AgentB wins,33.00,0,0,0,0,0,0,0,0,0,0
79,AgentA wins,28.33,0,0,0,0,0,0,0,0,0,0
80,AgentB wins,23.67,0,0,0,0,0,0,0,0,0,0
71,AgentA wins,23.00,0,0,0,0,0,0,0,0,0,0
72,AgentA wins,23.00,0,0,0,0,0,0,0,0,0,0
73,AgentA wins,23.00,0,0,0,0,0,0,0,0,0,0
74,AgentA wins,23.00,0,0,0,0,0,0,0,0,0,0
75,AgentA wins,23.00,0,0,0,0,0,0,0,0,0,0
76,AgentA wins,23.00,0,0,0,0,0,0,0,0,0,0
77,AgentA wins,23.00,0,0,0,0,0,0,0,0,0,0
78,timeout draw,60.00,0,0,0,0,0,0,0,0,0,0
79,timeout draw,60.00,0,0,0,0,0,0,0,0,0,0
80,AgentA wins,31.33,0,0,0,0,0,0,0,0,0,0
61,AgentA wins,16.33,0,0,0,0,0,0,0,0,0,0
62,AgentA wins,23.00,0,0,0,0,0,0,0,0,0,0
63,AgentA wins,24.67,0,0,0,0,0,0,0,0,0,0
64,AgentA wins,37.67,0,0,0,0,0,0,0,0,0,0
65,AgentA wins,47.67,0,0,0,0,0,0,0,0,0,0
66,AgentA wins,26.67,0,0,0,0,0,0,0,0,0,0
67,AgentA wins,19.33,0,0,0,0,0,0,0,0,0,0
68,AgentA wins,18.67,0,0,0,0,0,0,0,0,0,0
69,AgentA wins,34.33,0,0,0,0,0,0,0,0,0,0
70,AgentA wins,26.00,0,0,0,0,0,0,0,0,0,0
71,AgentA wins,26.00,0,0,0,0,0,0,0,0,0,0
72,AgentA wins,25.33,0,0,0,0,0,0,0,0,0,0
73,timeout draw,60.00,0,0,0,0,0,0,0,0,0,0
74,AgentA wins,24.00,0,0,0,0,0,0,0,0,0,0
75,AgentA wins,23.00,0,0,0,0,0,0,0,0,0,0
76,AgentA wins,22.33,0,0,0,0,0,0,0,0,0,0
77,AgentB wins,20.67,0,0,0,0,0,0,0,0,0,0
78,AgentA wins,28.33,0,0,0,0,0,0,0,0,0,0
79,AgentA wins,26.00,0,0,0,0,0,0,0,0,0,0
80,AgentA wins,28.33,0,0,0,0,0,0,0,0,0,0
61,AgentA wins,31.33,0,0,0,0,0,0,0,0,0,0
62,AgentA wins,23.00,0,0,0,0,0,0,0,0,0,0
63,AgentA wins,26.00,0,0,0,0,0,0,0,0,0,0
64,AgentA wins,26.33,0,0,0,0,0,0,0,0,0,0
65,AgentA wins,23.33,0,0,0,0,0,0,0,0,0,0
66,AgentA wins,23.00,0,0,0,0,0,0,0,0,0,0
67,AgentB wins,20.67,0,0,0,0,0,0,0,0,0,0
68,AgentA wins,28.33,0,0,0,0,0,0,0,0,0,0
69,AgentB wins,20.67,0,0,0,0,0,0,0,0,0,0
70,AgentA wins,26.00,0,0,0,0,0,0,0,0,0,0
71,AgentA wins,30.00,0,0,0,0,0,0,0,0,0,0
72,AgentA wins,23.00,0,0,0,0,0,0,0,0,0,0
73,AgentA wins,23.00,0,0,0,0,0,0,0,0,0,0
74,AgentA wins,28.33,0,0,0,0,0,0,0,0,0,0
75,AgentA wins,15.67,0,0,0,0,0,0,0,0,0,0
76,AgentB wins,23.33,0,0,0,0,0,0,0,0,0,0
77,AgentA wins,23.00,0,0,0,0,0,0,0,0,0,0
78,AgentA wins,26.00,0,0,0,0,0,0,0,0,0,0
79,AgentA wins,23.00,0,0,0,0,0,0,0,0,0,0
80,AgentA wins,23.00,0,0,0,0,0,0,0,0,0,0
71,AgentA wins,28.33,0,0,0,0,0,0,0,0,0,0
72,AgentA wins,27.00,0,0,0,0,0,0,0,0,0,0
73,AgentA wins,23.00,0,0,0,0,0,0,0,0,0,0
74,AgentA wins,23.00,0,0,0,0,0,0,0,0,0,0
75,AgentA wins,28.33,0,0,0,0,0,0,0,0,0,0
76,AgentA wins,23.00,0,0,0,0,0,0,0,0,0,0
77,AgentA wins,26.00,0,0,0,0,0,0,0,0,0,0
78,AgentA wins,28.33,0,0,0,0,0,0,0,0,0,0
79,AgentB wins,23.33,0,0,0,0,0,0,0,0,0,0
80,AgentA wins,28.33,0,0,0,0,0,0,0,0,0,0
71,AgentA wins,23.00,0,0,0,0,0,0,0,0,0,0
72,AgentA wins,28.67,0,0,0,0,0,0,0,0,0,0
73,AgentA wins,15.67,0,0,0,0,0,0,0,0,0,0
74,AgentA wins,28.33,0,0,0,0,0,0,0,0,0,0
75,AgentA wins,28.67,0,0,0,0,0,0,0,0,0,0
76,AgentA wins,23.00,0,0,0,0,0,0,0,0,0,0
77,AgentA wins,23.00,0,0,0,0,0,0,0,0,0,0
78,AgentA wins,28.33,0,0,0,0,0,0,0,0,0,0
79,AgentA wins,29.67,0,0,0,0,0,0,0,0,0,0
80,AgentA wins,25.33,0,0,0,0,0,0,0,0,0,0
71,AgentA wins,23.00,0,0,0,0,0,0,0,0,0,0
72,AgentA wins,25.33,0,0,0,0,0,0,0,0,0,0
73,AgentA wins,23.00,0,0,0,0,0,0,0,0,0,0
74,AgentA wins,28.33,0,0,0,0,0,0,0,0,0,0
75,AgentA wins,26.33,0,0,0,0,0,0,0,0,0,0
76,AgentA wins,28.33,0,0,0,0,0,0,0,0,0,0
77,AgentA wins,21.67,0,0,0,0,0,0,0,0,0,0
78,AgentA wins,26.67,0,0,0,0,0,0,0,0,0,0
79,AgentA wins,31.33,0,0,0,0,0,0,0,0,0,0
80,AgentA wins,30.67,0,0,0,0,0,0,0,0,0,0
71,AgentA wins,26.33,0,0,0,0,0,0,0,0,0,0
72,AgentA wins,21.67,0,0,0,0,0,0,0,0,0,0
73,AgentA wins,28.33,0,0,0,0,0,0,0,0,0,0
74,AgentA wins,25.67,0,0,0,0,0,0,0,0,0,0
75,AgentA wins,28.33,0,0,0,0,0,0,0,0,0,0
76,AgentA wins,28.33,0,0,0,0,0,0,0,0,0,0
77,AgentA wins,22.67,0,0,0,0,0,0,0,0,0,0
78,AgentA wins,23.00,0,0,0,0,0,0,0,0,0,0
79,AgentA wins,28.33,0,0,0,0,0,0,0,0,0,0
80,AgentB wins,29.00,0,0,0,0,0,0,0,0,0,0
61,AgentA wins,31.67,0,0,0,0,0,0,0,0,0,0
62,AgentA wins,44.33,0,0,0,0,0,0,0,0,0,0
63,AgentA wins,26.33,0,0,0,0,0,0,0,0,0,0
64,AgentA wins,19.00,0,0,0,0,0,0,0,0,0,0
65,AgentA wins,28.00,0,0,0,0,0,0,0,0,0,0
66,AgentA wins,35.67,0,0,0,0,0,0,0,0,0,0
67,AgentA wins,24.67,0,0,0,0,0,0,0,0,0,0
68,AgentA wins,36.00,0,0,0,0,0,0,0,0,0,0
69,AgentA wins,28.33,0,0,0,0,0,0,0,0,0,0
70,AgentA wins,16.33,0,0,0,0,0,0,0,0,0,0
71,AgentA wins,23.00,0,0,0,0,0,0,0,0,0,0
72,AgentA wins,23.00,0,0,0,0,0,0,0,0,0,0
73,AgentA wins,28.67,0,0,0,0,0,0,0,0,0,0
74,AgentA wins,28.33,0,0,0,0,0,0,0,0,0,0
75,AgentA wins,28.33,0,0,0,0,0,0,0,0,0,0
76,AgentA wins,28.33,0,0,0,0,0,0,0,0,0,0
77,AgentA wins,42.67,0,0,0,0,0,0,0,0,0,0
78,AgentB wins,20.67,0,0,0,0,0,0,0,0,0,0
79,AgentA wins,22.67,0,0,0,0,0,0,0,0,0,0
80,AgentB wins,20.67,0,0,0,0,0,0,0,0,0,0
61,AgentA wins,21.67,0,0,0,0,0,0,0,0,0,0
62,AgentA wins,21.67,0,0,0,0,0,0,0,0,0,0
63,AgentA wins,47.67,0,0,0,0,0,0,0,0,0,0
64,timeout draw,60.00,0,0,0,0,0,0,0,0,0,0
65,AgentA wins,22.33,0,0,0,0,0,0,0,0,0,0
66,AgentA wins,30.00,0,0,0,0,0,0,0,0,0,0
67,AgentB wins,31.67,0,0,0,0,0,0,0,0,0,0
68,AgentB wins,24.67,0,0,0,0,0,0,0,0,0,0
69,AgentA wins,18.67,0,0,0,0,0,0,0,0,0,0
70,AgentA wins,30.00,0,0,0,0,0,0,0,0,0,0
71,AgentB wins,23.33,0,0,0,0,0,0,0,0,0,0
72,AgentA wins,28.33,0,0,0,0,0,0,0,0,0,0
73,AgentA wins,22.67,0,0,0,0,0,0,0,0,0,0
74,AgentA wins,28.33,0,0,0,0,0,0,0,0,0,0
75,AgentA wins,22.67,0,0,0,0,0,0,0,0,0,0
76,AgentA wins,22.67,0,0,0,0,0,0,0,0,0,0
77,AgentA wins,28.33,0,0,0,0,0,0,0,0,0,0
78,AgentA wins,28.33,0,0,0,0,0,0,0,0,0,0
79,AgentB wins,14.67,0,0,0,0,0,0,0,0,0,0
80,AgentA wins,22.33,0,0,0,0,0,0,0,0,0,0
61,AgentA wins,28.00,0,0,0,0,0,0,0,0,0,0
62,AgentA wins,22.33,0,0,0,0,0,0,0,0,0,0
63,AgentA wins,31.00,0,0,0,0,0,0,0,0,0,0
64,AgentA wins,39.00,0,0,0,0,0,0,0,0,0,0
65,AgentA wins,16.33,0,0,0,0,0,0,0,0,0,0
66,AgentB wins,30.00,0,0,0,0,0,0,0,0,0,0
67,AgentA wins,19.00,0,0,0,0,0,0,0,0,0,0
68,AgentA wins,28.33,0,0,0,0,0,0,0,0,0,0
69,AgentA wins,18.67,0,0,0,0,0,0,0,0,0,0
70,AgentA wins,19.33,0,0,0,0,0,0,0,0,0,0
71,AgentA wins,23.00,0,0,0,0,0,0,0,0,0,0
72,AgentA wins,22.67,0,0,0,0,0,0,0,0,0,0
73,AgentA wins,22.33,0,0,0,0,0,0,0,0,0,0
74,AgentA wins,23.00,0,0,0,0,0,0,0,0,0,0
75,AgentA wins,23.00,0,0,0,0,0,0,0,0,0,0
76,AgentA wins,25.33,0,0,0,0,0,0,0,0,0,0
77,AgentA wins,28.33,0,0,0,0,0,0,0,0,0,0
78,AgentA wins,25.33,0,0,0,0,0,0,0,0,0,0
79,AgentA wins,23.00,0,0,0,0,0,0,0,0,0,0
80,AgentB wins,14.67,0,0,0,0,0,0,0,0,0,0
61,AgentA wins,36.00,320,284,71,145,0,225,0,31,67,30
62,AgentA wins,28.00,245,227,55,115,0,190,0,26,68,25
63,AgentA wins,28.33,249,223,59,111,0,184,0,18,62,20
64,AgentB wins,25.00,226,201,54,97,0,167,0,16,60,13
65,AgentB wins,25.33,223,194,57,99,0,178,0,18,68,17
66,timeout draw,60.00,534,477,138,222,0,404,0,41,149,34
67,AgentA wins,18.67,168,145,39,81,0,122,0,19,42,10
68,AgentA wins,33.33,302,260,77,133,0,223,0,25,78,25
69,AgentA wins,23.00,204,181,54,95,0,149,0,18,51,15
70,AgentA wins,33.67,302,266,73,132,0,222,0,28,88,26
61,AgentA wins,31.33,0,0,0,0,0,0,0,0,0,0
62,AgentA wins,24.67,0,0,0,0,0,0,0,0,0,0
63,AgentB wins,18.33,0,0,0,0,0,0,0,0,0,0
64,AgentA wins,22.33,0,0,0,0,0,0,0,0,0,0
65,AgentA wins,30.67,0,0,0,0,0,0,0,0,0,0
66,AgentA wins,29.67,0,0,0,0,0,0,0,0,0,0
67,AgentA wins,19.33,0,0,0,0,0,0,0,0,0,0
68,AgentB wins,29.33,0,0,0,0,0,0,0,0,0,0
69,AgentA wins,16.33,0,0,0,0,0,0,0,0,0,0
70,AgentB wins,21.67,0,0,0,0,0,0,0,0,0,0
71,AgentA wins,23.00,0,0,0,0,0,0,0,0,0,0
72,AgentB wins,20.67,0,0,0,0,0,0,0,0,0,0
73,AgentA wins,33.67,0,0,0,0,0,0,0,0,0,0
74,AgentA wins,31.33,0,0,0,0,0,0,0,0,0,0
75,AgentB wins,25.33,0,0,0,0,0,0,0,0,0,0
76,AgentA wins,28.33,0,0,0,0,0,0,0,0,0,0
77,AgentA wins,28.33,0,0,0,0,0,0,0,0,0,0
78,AgentA wins,28.33,0,0,0,0,0,0,0,0,0,0
79,AgentA wins,29.00,0,0,0,0,0,0,0,0,0,0
80,AgentA wins,26.33,0,0,0,0,0,0,0,0,0,0
71,AgentA wins,28.33,0,0,0,0,0,0,0,0,0,0
72,AgentA wins,29.00,0,0,0,0,0,0,0,0,0,0
73,AgentB wins,23.33,0,0,0,0,0,0,0,0,0,0
74,AgentA wins,28.33,0,0,0,0,0,0,0,0,0,0
75,AgentA wins,25.00,0,0,0,0,0,0,0,0,0,0
76,AgentA wins,27.67,0,0,0,0,0,0,0,0,0,0
77,AgentA wins,25.33,0,0,0,0,0,0,0,0,0,0
78,AgentA wins,28.33,0,0,0,0,0,0,0,0,0,0
79,AgentA wins,23.00,0,0,0,0,0,0,0,0,0,0
80,AgentB wins,20.67,0,0,0,0,0,0,0,0,0,0
61,AgentA wins,16.33,0,0,0,0,0,0,0,0,0,0
62,AgentB wins,23.67,0,0,0,0,0,0,0,0,0,0
63,AgentA wins,31.00,0,0,0,0,0,0,0,0,0,0
64,AgentA wins,18.67,0,0,0,0,0,0,0,0,0,0
65,AgentA wins,29.67,0,0,0,0,0,0,0,0,0,0
66,AgentA wins,19.33,0,0,0,0,0,0,0,0,0,0
67,AgentA wins,26.00,0,0,0,0,0,0,0,0,0,0
68,AgentA wins,39.00,0,0,0,0,0,0,0,0,0,0
69,AgentA wins,33.67,0,0,0,0,0,0,0,0,0,0
70,AgentA wins,21.67,0,0,0,0,0,0,0,0,0,0
61,AgentA wins,38.00,0,0,0,0,0,0,0,0,0,0
62,AgentA wins,24.67,0,0,0,0,0,0,0,0,0,0
63,AgentA wins,31.33,0,0,0,0,0,0,0,0,0,0
64,AgentA wins,37.33,0,0,0,0,0,0,0,0,0,0
65,AgentA wins,25.33,0,0,0,0,0,0,0,0,0,0
66,AgentB wins,33.67,0,0,0,0,0,0,0,0,0,0
67,AgentA wins,24.67,0,0,0,0,0,0,0,0,0,0
68,AgentA wins,16.33,0,0,0,0,0,0,0,0,0,0
69,timeout draw,60.00,0,0,0,0,0,0,0,0,0,0
70,AgentA wins,22.67,0,0,0,0,0,0,0,0,0,0
61,AgentB wins,30.33,0,0,0,0,0,0,0,0,0,0
62,AgentA wins,37.00,0,0,0,0,0,0,0,0,0,0
63,AgentA wins,28.33,0,0,0,0,0,0,0,0,0,0
64,AgentA wins,40.00,0,0,0,0,0,0,0,0,0,0
65,AgentA wins,26.67,0,0,0,0,0,0,0,0,0,0
66,AgentA wins,19.00,0,0,0,0,0,0,0,0,0,0
67,timeout draw,60.00,0,0,0,0,0,0,0,0,0,0
68,AgentA wins,25.67,0,0,0,0,0,0,0,0,0,0
69,AgentA wins,55.67,0,0,0,0,0,0,0,0,0,0
70,AgentA wins,40.67,0,0,0,0,0,0,0,0,0,0
81,AgentA wins,28.33,0,0,0,0,0,0,0,0,0,0
82,AgentB wins,23.67,0,0,0,0,0,0,0,0,0,0
83,AgentA wins,23.00,0,0,0,0,0,0,0,0,0,0
84,AgentB wins,18.00,0,0,0,0,0,0,0,0,0,0
85,AgentA wins,23.00,0,0,0,0,0,0,0,0,0,0
86,AgentA wins,26.00,0,0,0,0,0,0,0,0,0,0
87,AgentB wins,33.33,0,0,0,0,0,0,0,0,0,0
88,AgentB wins,20.67,0,0,0,0,0,0,0,0,0,0
89,AgentA wins,23.00,0,0,0,0,0,0,0,0,0,0
90,AgentA wins,23.00,0,0,0,0,0,0,0,0,0,0
61,AgentA wins,21.67,0,0,0,0,0,0,0,0,0,0
62,AgentA wins,32.00,0,0,0,0,0,0,0,0,0,0
63,AgentA wins,49.67,0,0,0,0,0,0,0,0,0,0
64,AgentA wins,32.00,0,0,0,0,0,0,0,0,0,0
65,AgentA wins,30.67,0,0,0,0,0,0,0,0,0,0
66,AgentA wins,21.67,0,0,0,0,0,0,0,0,0,0
67,AgentB wins,44.67,0,0,0,0,0,0,0,0,0,0
68,AgentA wins,18.67,0,0,0,0,0,0,0,0,0,0
69,AgentA wins,23.00,0,0,0,0,0,0,0,0,0,0
70,AgentA wins,28.33,0,0,0,0,0,0,0,0,0,0
81,AgentA wins,28.67,0,0,0,0,0,0,0,0,0,0
82,AgentA wins,28.33,0,0,0,0,0,0,0,0,0,0
83,AgentA wins,25.33,0,0,0,0,0,0,0,0,0,0
84,AgentA wins,30.67,0,0,0,0,0,0,0,0,0,0
85,AgentA wins,15.67,0,0,0,0,0,0,0,0,0,0
86,AgentA wins,32.33,0,0,0,0,0,0,0,0,0,0
87,AgentA wins,26.00,0,0,0,0,0,0,0,0,0,0
88,AgentA wins,15.67,0,0,0,0,0,0,0,0,0,0
89,AgentA wins,23.00,0,0,0,0,0,0,0,0,0,0
90,AgentA wins,22.67,0,0,0,0,0,0,0,0,0,0
81,AgentB wins,17.33,0,0,0,0,0,0,0,0,0,0
82,AgentA wins,25.33,0,0,0,0,0,0,0,0,0,0
83,AgentA wins,23.00,0,0,0,0,0,0,0,0,0,0
84,AgentA wins,26.33,0,0,0,0,0,0,0,0,0,0
85,AgentA wins,23.00,0,0,0,0,0,0,0,0,0,0
86,AgentA wins,25.33,0,0,0,0,0,0,0,0,0,0
87,AgentA wins,28.33,0,0,0,0,0,0,0,0,0,0
88,AgentA wins,25.67,0,0,0,0,0,0,0,0,0,0
89,AgentA wins,25.67,0,0,0,0,0,0,0,0,0,0
90,AgentA wins,28.33,0,0,0,0,0,0,0,0,0,0
81,AgentA wins,26.67,0,0,0,0,0,0,0,0,0,0
82,AgentA wins,28.67,0,0,0,0,0,0,0,0,0,0
83,AgentA wins,23.00,0,0,0,0,0,0,0,0,0,0
84,AgentA wins,22.67,0,0,0,0,0,0,0,0,0,0
85,AgentA wins,15.67,0,0,0,0,0,0,0,0,0,0
86,AgentA wins,22.67,0,0,0,0,0,0,0,0,0,0
87,AgentB wins,23.33,0,0,0,0,0,0,0,0,0,0
88,AgentA wins,23.00,0,0,0,0,0,0,0,0,0,0
89,AgentA wins,23.00,0,0,0,0,0,0,0,0,0,0
90,AgentB wins,26.33,0,0,0,0,0,0,0,0,0,0
81,AgentA wins,22.67,0,0,0,0,0,0,0,0,0,0
82,AgentB wins,20.67,0,0,0,0,0,0,0,0,0,0
83,AgentA wins,25.67,0,0,0,0,0,0,0,0,0,0
84,AgentA wins,17.00,0,0,0,0,0,0,0,0,0,0
85,AgentA wins,22.33,0,0,0,0,0,0,0,0,0,0
86,AgentA wins,23.00,0,0,0,0,0,0,0,0,0,0
87,AgentA wins,22.67,0,0,0,0,0,0,0,0,0,0
88,AgentA wins,23.00,0,0,0,0,0,0,0,0,0,0
89,AgentA wins,23.00,0,0,0,0,0,0,0,0,0,0
90,AgentB wins,20.67,0,0,0,0,0,0,0,0,0,0
81,AgentA wins,23.00,0,0,0,0,0,0,0,0,0,0
82,AgentA wins,28.33,0,0,0,0,0,0,0,0,0,0
83,AgentA wins,28.33,0,0,0,0,0,0,0,0,0,0
84,AgentA wins,28.67,0,0,0,0,0,0,0,0,0,0
85,AgentA wins,21.67,0,0,0,0,0,0,0,0,0,0
86,AgentA wins,32.33,0,0,0,0,0,0,0,0,0,0
87,AgentA wins,22.67,0,0,0,0,0,0,0,0,0,0
88,AgentA wins,28.33,0,0,0,0,0,0,0,0,0,0
89,AgentA wins,22.67,0,0,0,0,0,0,0,0,0,0
90,AgentB wins,20.67,0,0,0,0,0,0,0,0,0,0
81,AgentA wins,28.33,0,0,0,0,0,0,0,0,0,0
82,AgentA wins,23.00,0,0,0,0,0,0,0,0,0,0
83,AgentA wins,33.33,0,0,0,0,0,0,0,0,0,0
84,AgentA wins,32.33,0,0,0,0,0,0,0,0,0,0
85,AgentA wins,22.67,0,0,0,0,0,0,0,0,0,0
86,AgentA wins,23.67,0,0,0,0,0,0,0,0,0,0
87,AgentA wins,27.00,0,0,0,0,0,0,0,0,0,0
88,AgentB wins,18.33,0,0,0,0,0,0,0,0,0,0
89,AgentA wins,26.67,0,0,0,0,0,0,0,0,0,0
90,AgentA wins,23.67,0,0,0,0,0,0,0,0,0,0
71,AgentB wins,45.00,0,0,0,0,0,0,0,0,0,0
72,AgentB wins,24.33,0,0,0,0,0,0,0,0,0,0
73,AgentA wins,23.00,0,0,0,0,0,0,0,0,0,0
74,AgentA wins,16.33,0,0,0,0,0,0,0,0,0,0
75,AgentA wins,37.33,0,0,0,0,0,0,0,0,0,0
76,AgentA wins,29.67,0,0,0,0,0,0,0,0,0,0
77,AgentA wins,30.00,0,0,0,0,0,0,0,0,0,0
78,AgentA wins,19.33,0,0,0,0,0,0,0,0,0,0
79,AgentA wins,34.33,0,0,0,0,0,0,0,0,0,0
80,AgentA wins,23.00,0,0,0,0,0,0,0,0,0,0
71,AgentA wins,28.33,0,0,0,0,0,0,0,0,0,0
72,AgentA wins,27.67,0,0,0,0,0,0,0,0,0,0
73,AgentA wins,28.33,0,0,0,0,0,0,0,0,0,0
74,AgentA wins,26.00,0,0,0,0,0,0,0,0,0,0
75,AgentA wins,28.67,0,0,0,0,0,0,0,0,0,0
76,AgentA wins,23.00,0,0,0,0,0,0,0,0,0,0
77,AgentA wins,30.67,0,0,0,0,0,0,0,0,0,0
78,AgentA wins,26.33,0,0,0,0,0,0,0,0,0,0
79,AgentA wins,27.67,0,0,0,0,0,0,0,0,0,0
80,AgentA wins,22.33,0,0,0,0,0,0,0,0,0,0
81,timeout draw,60.00,0,0,0,0,0,0,0,0,0,0
82,AgentA wins,18.33,0,0,0,0,0,0,0,0,0,0
83,AgentA wins,23.00,0,0,0,0,0,0,0,0,0,0
84,AgentA wins,25.33,0,0,0,0,0,0,0,0,0,0
85,AgentB wins,20.67,0,0,0,0,0,0,0,0,0,0
86,AgentA wins,32.00,0,0,0,0,0,0,0,0,0,0
87,AgentA wins,23.00,0,0,0,0,0,0,0,0,0,0
88,AgentA wins,28.33,0,0,0,0,0,0,0,0,0,0
89,AgentA wins,26.00,0,0,0,0,0,0,0,0,0,0
90,AgentA wins,26.00,0,0,0,0,0,0,0,0,0,0
81,AgentA wins,25.67,0,0,0,0,0,0,0,0,0,0
82,AgentA wins,23.00,0,0,0,0,0,0,0,0,0,0
83,AgentA wins,29.00,0,0,0,0,0,0,0,0,0,0
84,AgentA wins,25.33,0,0,0,0,0,0,0,0,0,0
85,AgentA wins,28.33,0,0,0,0,0,0,0,0,0,0
86,AgentA wins,23.00,0,0,0,0,0,0,0,0,0,0
87,AgentA wins,22.33,0,0,0,0,0,0,0,0,0,0
88,AgentA wins,23.00,0,0,0,0,0,0,0,0,0,0
89,AgentA wins,26.33,0,0,0,0,0,0,0,0,0,0
90,AgentB wins,23.33,0,0,0,0,0,0,0,0,0,0
81,AgentB wins,14.33,0,0,0,0,0,0,0,0,0,0
82,AgentA wins,23.00,0,0,0,0,0,0,0,0,0,0
83,AgentB wins,20.67,0,0,0,0,0,0,0,0,0,0
84,AgentA wins,28.33,0,0,0,0,0,0,0,0,0,0
85,AgentA wins,25.67,0,0,0,0,0,0,0,0,0,0
86,AgentA wins,26.00,0,0,0,0,0,0,0,0,0,0
87,AgentA wins,28.67,0,0,0,0,0,0,0,0,0,0
88,AgentA wins,23.00,0,0,0,0,0,0,0,0,0,0
89,timeout draw,60.00,0,0,0,0,0,0,0,0,0,0
90,AgentA wins,26.67,0,0,0,0,0,0,0,0,0,0
81,AgentA wins,38.33,0,0,0,0,0,0,0,0,0,0
82,AgentA wins,23.00,0,0,0,0,0,0,0,0,0,0
83,AgentA wins,22.67,0,0,0,0,0,0,0,0,0,0
84,AgentA wins,28.33,0,0,0,0,0,0,0,0,0,0
85,AgentA wins,28.67,0,0,0,0,0,0,0,0,0,0
86,AgentA wins,23.00,0,0,0,0,0,0,0,0,0,0
87,AgentA wins,26.00,0,0,0,0,0,0,0,0,0,0
88,AgentA wins,23.00,0,0,0,0,0,0,0,0,0,0
89,AgentA wins,23.00,0,0,0,0,0,0,0,0,0,0
90,AgentB wins,20.67,0,0,0,0,0,0,0,0,0,0
71,AgentA wins,38.33,0,0,0,0,0,0,0,0,0,0
72,AgentA wins,34.00,0,0,0,0,0,0,0,0,0,0
73,AgentA wins,32.00,0,0,0,0,0,0,0,0,0,0
74,AgentA wins,21.00,0,0,0,0,0,0,0,0,0,0
75,AgentA wins,27.67,0,0,0,0,0,0,0,0,0,0
76,AgentA wins,16.33,0,0,0,0,0,0,0,0,0,0
77,AgentA wins,27.67,0,0,0,0,0,0,0,0,0,0
78,AgentA wins,16.33,0,0,0,0,0,0,0,0,0,0
79,AgentA wins,35.33,0,0,0,0,0,0,0,0,0,0
80,AgentA wins,25.00,0,0,0,0,0,0,0,0,0,0
81,AgentA wins,23.00,0,0,0,0,0,0,0,0,0,0
82,AgentB wins,20.67,0,0,0,0,0,0,0,0,0,0
83,AgentA wins,28.33,0,0,0,0,0,0,0,0,0,0
84,AgentA wins,23.00,0,0,0,0,0,0,0,0,0,0
85,AgentA wins,22.33,0,0,0,0,0,0,0,0,0,0
86,AgentA wins,25.00,0,0,0,0,0,0,0,0,0,0
87,AgentA wins,26.00,0,0,0,0,0,0,0,0,0,0
88,AgentA wins,26.67,0,0,0,0,0,0,0,0,0,0
89,AgentA wins,23.00,0,0,0,0,0,0,0,0,0,0
90,AgentA wins,26.67,0,0,0,0,0,0,0,0,0,0
71,AgentA wins,19.33,0,0,0,0,0,0,0,0,0,0
72,AgentA wins,16.33,0,0,0,0,0,0,0,0,0,0
73,AgentA wins,28.33,0,0,0,0,0,0,0,0,0,0
74,AgentB wins,32.67,0,0,0,0,0,0,0,0,0,0
75,AgentA wins,35.33,0,0,0,0,0,0,0,0,0,0
76,AgentA wins,32.00,0,0,0,0,0,0,0,0,0,0
77,AgentA wins,19.33,0,0,0,0,0,0,0,0,0,0
78,AgentA wins,19.00,0,0,0,0,0,0,0,0,0,0
79,AgentA wins,38.00,0,0,0,0,0,0,0,0,0,0
80,AgentA wins,19.33,0,0,0,0,0,0,0,0,0,0
71,AgentA wins,21.67,0,0,0,0,0,0,0,0,0,0
72,AgentA wins,24.67,0,0,0,0,0,0,0,0,0,0
73,AgentA wins,30.67,0,0,0,0,0,0,0,0,0,0
74,AgentA wins,16.33,0,0,0,0,0,0,0,0,0,0
75,AgentA wins,26.00,0,0,0,0,0,0,0,0,0,0
76,timeout draw,60.00,0,0,0,0,0,0,0,0,0,0
77,AgentA wins,54.67,0,0,0,0,0,0,0,0,0,0
78,AgentA wins,27.33,0,0,0,0,0,0,0,0,0,0
79,AgentA wins,42.33,0,0,0,0,0,0,0,0,0,0
80,AgentA wins,48.00,0,0,0,0,0,0,0,0,0,0
71,AgentA wins,27.33,246,212,61,124,0,178,0,22,50,24
72,AgentA wins,25.33,220,207,46,94,0,154,0,16,61,7
73,AgentA wins,31.33,277,246,73,124,0,209,0,25,68,21
74,timeout draw,60.00,534,474,130,243,0,392,0,57,133,48
75,AgentA wins,32.67,292,260,68,121,0,206,0,21,67,25
76,AgentA wins,21.67,193,167,42,84,0,133,0,22,35,18
77,AgentA wins,27.67,249,220,55,100,0,179,0,19,70,15
78,AgentA wins,20.00,175,164,43,81,0,129,0,20,45,12
79,AgentA wins,25.67,222,208,50,96,0,161,0,15,58,18
80,AgentA wins,26.00,232,206,53,97,0,149,0,18,50,19
71,AgentB wins,44.33,0,0,0,0,0,0,0,0,0,0
72,AgentA wins,31.67,0,0,0,0,0,0,0,0,0,0
73,timeout draw,60.00,0,0,0,0,0,0,0,0,0,0
74,AgentB wins,38.67,0,0,0,0,0,0,0,0,0,0
75,AgentA wins,18.67,0,0,0,0,0,0,0,0,0,0
76,AgentA wins,22.67,0,0,0,0,0,0,0,0,0,0
77,timeout draw,60.00,0,0,0,0,0,0,0,0,0,0
78,AgentA wins,31.33,0,0,0,0,0,0,0,0,0,0
79,AgentA wins,40.67,0,0,0,0,0,0,0,0,0,0
80,AgentA wins,16.33,0,0,0,0,0,0,0,0,0,0
81,AgentA wins,48.00,0,0,0,0,0,0,0,0,0,0
82,AgentA wins,25.33,0,0,0,0,0,0,0,0,0,0
83,AgentA wins,31.67,0,0,0,0,0,0,0,0,0,0
84,AgentA wins,23.00,0,0,0,0,0,0,0,0,0,0
85,AgentB wins,14.33,0,0,0,0,0,0,0,0,0,0
86,AgentA wins,23.00,0,0,0,0,0,0,0,0,0,0
87,AgentA wins,23.00,0,0,0,0,0,0,0,0,0,0
88,AgentB wins,26.67,0,0,0,0,0,0,0,0,0,0
89,AgentA wins,23.00,0,0,0,0,0,0,0,0,0,0
90,AgentA wins,28.33,0,0,0,0,0,0,0,0,0,0
81,AgentA wins,23.00,0,0,0,0,0,0,0,0,0,0
82,AgentA wins,22.67,0,0,0,0,0,0,0,0,0,0
83,AgentA wins,31.33,0,0,0,0,0,0,0,0,0,0
84,AgentA wins,26.00,0,0,0,0,0,0,0,0,0,0
85,AgentA wins,28.67,0,0,0,0,0,0,0,0,0,0
86,timeout draw,60.00,0,0,0,0,0,0,0,0,0,0
87,AgentB wins,19.67,0,0,0,0,0,0,0,0,0,0
88,AgentB wins,26.33,0,0,0,0,0,0,0,0,0,0
89,timeout draw,60.00,0,0,0,0,0,0,0,0,0,0
90,AgentA wins,26.67,0,0,0,0,0,0,0,0,0,0
71,AgentA wins,46.33,0,0,0,0,0,0,0,0,0,0
72,AgentB wins,41.00,0,0,0,0,0,0,0,0,0,0
73,AgentA wins,16.33,0,0,0,0,0,0,0,0,0,0
74,AgentA wins,19.33,0,0,0,0,0,0,0,0,0,0
75,AgentA wins,45.00,0,0,0,0,0,0,0,0,0,0
76,AgentA wins,21.67,0,0,0,0,0,0,0,0,0,0
77,AgentA wins,25.67,0,0,0,0,0,0,0,0,0,0
78,AgentA wins,22.33,0,0,0,0,0,0,0,0,0,0
79,AgentA wins,36.67,0,0,0,0,0,0,0,0,0,0
80,AgentA wins,36.33,0,0,0,0,0,0,0,0,0,0
91,AgentA wins,23.00,0,0,0,0,0,0,0,0,0,0
92,AgentA wins,36.00,0,0,0,0,0,0,0,0,0,0
93,AgentA wins,26.00,0,0,0,0,0,0,0,0,0,0
94,AgentA wins,28.33,0,0,0,0,0,0,0,0,0,0
95,AgentA wins,23.00,0,0,0,0,0,0,0,0,0,0
96,AgentA wins,23.00,0,0,0,0,0,0,0,0,0,0
97,AgentA wins,28.33,0,0,0,0,0,0,0,0,0,0
98,AgentA wins,26.67,0,0,0,0,0,0,0,0,0,0
99,AgentA wins,23.00,0,0,0,0,0,0,0,0,0,0
100,AgentA wins,28.33,0,0,0,0,0,0,0,0,0,0
91,AgentA wins,23.00,0,0,0,0,0,0,0,0,0,0
92,AgentA wins,54.67,0,0,0,0,0,0,0,0,0,0
93,AgentA wins,32.33,0,0,0,0,0,0,0,0,0,0
94,AgentA wins,31.67,0,0,0,0,0,0,0,0,0,0
95,AgentA wins,23.00,0,0,0,0,0,0,0,0,0,0
96,AgentA wins,23.33,0,0,0,0,0,0,0,0,0,0
97,AgentB wins,20.67,0,0,0,0,0,0,0,0,0,0
98,AgentA wins,22.33,0,0,0,0,0,0,0,0,0,0
99,AgentB wins,20.67,0,0,0,0,0,0,0,0,0,0
100,AgentA wins,26.67,0,0,0,0,0,0,0,0,0,0
91,AgentA wins,22.67,0,0,0,0,0,0,0,0,0,0
92,AgentB wins,20.67,0,0,0,0,0,0,0,0,0,0
93,AgentA wins,23.00,0,0,0,0,0,0,0,0,0,0
94,AgentA wins,26.33,0,0,0,0,0,0,0,0,0,0
95,AgentA wins,22.67,0,0,0,0,0,0,0,0,0,0
96,AgentA wins,16.33,0,0,0,0,0,0,0,0,0,0
97,AgentB wins,26.67,0,0,0,0,0,0,0,0,0,0
98,AgentA wins,23.00,0,0,0,0,0,0,0,0,0,0
99,AgentA wins,23.00,0,0,0,0,0,0,0,0,0,0
100,AgentA wins,25.33,0,0,0,0,0,0,0,0,0,0
91,AgentA wins,26.67,0,0,0,0,0,0,0,0,0,0
92,AgentA wins,26.33,0,0,0,0,0,0,0,0,0,0
93,AgentA wins,52.00,0,0,0,0,0,0,0,0,0,0
94,AgentA wins,23.00,0,0,0,0,0,0,0,0,0,0
95,AgentA wins,28.33,0,0,0,0,0,0,0,0,0,0
96,AgentA wins,23.00,0,0,0,0,0,0,0,0,0,0
97,AgentA wins,23.00,0,0,0,0,0,0,0,0,0,0
98,AgentA wins,23.00,0,0,0,0,0,0,0,0,0,0
99,AgentA wins,26.33,0,0,0,0,0,0,0,0,0,0
100,AgentB wins,14.67,0,0,0,0,0,0,0,0,0,0
71,AgentA wins,22.33,0,0,0,0,0,0,0,0,0,0
72,AgentA wins,16.33,0,0,0,0,0,0,0,0,0,0
73,AgentA wins,33.33,0,0,0,0,0,0,0,0,0,0
74,AgentA wins,28.33,0,0,0,0,0,0,0,0,0,0
75,AgentA wins,22.33,0,0,0,0,0,0,0,0,0,0
76,AgentA wins,28.33,0,0,0,0,0,0,0,0,0,0
77,AgentA wins,25.33,0,0,0,0,0,0,0,0,0,0
78,timeout draw,60.00,0,0,0,0,0,0,0,0,0,0
79,AgentB wins,24.33,0,0,0,0,0,0,0,0,0,0
80,AgentA wins,34.33,0,0,0,0,0,0,0,0,0,0
91,AgentA wins,23.00,0,0,0,0,0,0,0,0,0,0
92,AgentA wins,23.00,0,0,0,0,0,0,0,0,0,0
93,AgentA wins,26.00,0,0,0,0,0,0,0,0,0,0
94,AgentA wins,25.67,0,0,0,0,0,0,0,0,0,0
95,AgentA wins,32.33,0,0,0,0,0,0,0,0,0,0
96,AgentA wins,28.33,0,0,0,0,0,0,0,0,0,0
97,AgentA wins,26.00,0,0,0,0,0,0,0,0,0,0
98,AgentA wins,22.33,0,0,0,0,0,0,0,0,0,0
99,AgentA wins,23.00,0,0,0,0,0,0,0,0,0,0
100,AgentA wins,28.33,0,0,0,0,0,0,0,0,0,0
71,timeout draw,60.00,0,0,0,0,0,0,0,0,0,0
72,AgentA wins,22.33,0,0,0,0,0,0,0,0,0,0
73,AgentA wins,29.67,0,0,0,0,0,0,0,0,0,0
74,timeout draw,60.00,0,0,0,0,0,0,0,0,0,0
75,AgentB wins,29.67,0,0,0,0,0,0,0,0,0,0
76,AgentA wins,28.33,0,0,0,0,0,0,0,0,0,0
77,AgentA wins,22.33,0,0,0,0,0,0,0,0,0,0
78,AgentA wins,41.33,0,0,0,0,0,0,0,0,0,0
79,AgentA wins,23.00,0,0,0,0,0,0,0,0,0,0
80,AgentA wins,19.00,0,0,0,0,0,0,0,0,0,0
91,AgentA wins,39.33,0,0,0,0,0,0,0,0,0,0
92,AgentA wins,22.33,0,0,0,0,0,0,0,0,0,0
93,AgentA wins,22.67,0,0,0,0,0,0,0,0,0,0
94,AgentA wins,22.33,0,0,0,0,0,0,0,0,0,0
95,AgentA wins,28.33,0,0,0,0,0,0,0,0,0,0
96,AgentA wins,23.00,0,0,0,0,0,0,0,0,0,0
97,AgentA wins,28.33,0,0,0,0,0,0,0,0,0,0
98,AgentA wins,26.00,0,0,0,0,0,0,0,0,0,0
99,AgentA wins,23.00,0,0,0,0,0,0,0,0,0,0
100,AgentA wins,22.67,0,0,0,0,0,0,0,0,0,0
91,AgentA wins,22.67,0,0,0,0,0,0,0,0,0,0
92,AgentA wins,28.33,0,0,0,0,0,0,0,0,0,0
93,AgentB wins,20.67,0,0,0,0,0,0,0,0,0,0
94,AgentA wins,22.67,0,0,0,0,0,0,0,0,0,0
95,AgentA wins,39.67,0,0,0,0,0,0,0,0,0,0
96,AgentB wins,20.67,0,0,0,0,0,0,0,0,0,0
97,AgentA wins,26.33,0,0,0,0,0,0,0,0,0,0
98,AgentA wins,23.00,0,0,0,0,0,0,0,0,0,0
99,AgentA wins,22.67,0,0,0,0,0,0,0,0,0,0
100,AgentA wins,26.00,0,0,0,0,0,0,0,0,0,0
91,AgentA wins,25.33,0,0,0,0,0,0,0,0,0,0
92,AgentA wins,23.00,0,0,0,0,0,0,0,0,0,0
93,AgentA wins,23.00,0,0,0,0,0,0,0,0,0,0
94,AgentA wins,31.33,0,0,0,0,0,0,0,0,0,0
95,AgentA wins,23.00,0,0,0,0,0,0,0,0,0,0
96,AgentB wins,23.67,0,0,0,0,0,0,0,0,0,0
97,AgentA wins,23.00,0,0,0,0,0,0,0,0,0,0
98,AgentA wins,26.33,0,0,0,0,0,0,0,0,0,0
99,AgentA wins,23.00,0,0,0,0,0,0,0,0,0,0
100,AgentA wins,20.33,0,0,0,0,0,0,0,0,0,0
81,AgentA wins,22.67,0,0,0,0,0,0,0,0,0,0
82,AgentA wins,22.67,0,0,0,0,0,0,0,0,0,0
83,AgentA wins,22.67,0,0,0,0,0,0,0,0,0,0
84,timeout draw,60.00,0,0,0,0,0,0,0,0,0,0
85,AgentB wins,22.33,0,0,0,0,0,0,0,0,0,0
86,AgentA wins,23.00,0,0,0,0,0,0,0,0,0,0
87,AgentA wins,23.00,0,0,0,0,0,0,0,0,0,0
88,AgentA wins,26.33,0,0,0,0,0,0,0,0,0,0
89,AgentA wins,23.00,0,0,0,0,0,0,0,0,0,0
90,AgentA wins,23.00,0,0,0,0,0,0,0,0,0,0
91,AgentA wins,28.33,0,0,0,0,0,0,0,0,0,0
92,AgentA wins,25.67,0,0,0,0,0,0,0,0,0,0
93,AgentA wins,28.33,0,0,0,0,0,0,0,0,0,0
94,AgentA wins,32.67,0,0,0,0,0,0,0,0,0,0
95,AgentB wins,17.67,0,0,0,0,0,0,0,0,0,0
96,AgentA wins,25.33,0,0,0,0,0,0,0,0,0,0
97,AgentA wins,25.67,0,0,0,0,0,0,0,0,0,0
98,AgentB wins,20.67,0,0,0,0,0,0,0,0,0,0
99,AgentA wins,30.67,0,0,0,0,0,0,0,0,0,0
100,AgentA wins,23.00,0,0,0,0,0,0,0,0,0,0
81,AgentA wins,19.33,0,0,0,0,0,0,0,0,0,0
82,AgentA wins,34.33,0,0,0,0,0,0,0,0,0,0
83,AgentA wins,24.33,0,0,0,0,0,0,0,0,0,0
84,timeout draw,60.00,0,0,0,0,0,0,0,0,0,0
85,AgentA wins,16.33,0,0,0,0,0,0,0,0,0,0
86,AgentB wins,23.33,0,0,0,0,0,0,0,0,0,0
87,AgentA wins,19.33,0,0,0,0,0,0,0,0,0,0
88,AgentA wins,25.00,0,0,0,0,0,0,0,0,0,0
89,AgentA wins,32.67,0,0,0,0,0,0,0,0,0,0
90,AgentA wins,37.33,0,0,0,0,0,0,0,0,0,0
91,AgentB wins,24.00,0,0,0,0,0,0,0,0,0,0
92,AgentA wins,23.00,0,0,0,0,0,0,0,0,0,0
93,AgentA wins,23.00,0,0,0,0,0,0,0,0,0,0
94,AgentA wins,42.67,0,0,0,0,0,0,0,0,0,0
95,AgentA wins,21.67,0,0,0,0,0,0,0,0,0,0
96,AgentA wins,25.67,0,0,0,0,0,0,0,0,0,0
97,AgentA wins,26.00,0,0,0,0,0,0,0,0,0,0
98,AgentA wins,23.00,0,0,0,0,0,0,0,0,0,0
99,AgentA wins,23.00,0,0,0,0,0,0,0,0,0,0
100,AgentA wins,22.33,0,0,0,0,0,0,0,0,0,0
91,AgentA wins,23.00,0,0,0,0,0,0,0,0,0,0
92,AgentB wins,21.00,0,0,0,0,0,0,0,0,0,0
93,AgentA wins,23.33,0,0,0,0,0,0,0,0,0,0
94,AgentB wins,23.67,0,0,0,0,0,0,0,0,0,0
95,AgentA wins,36.00,0,0,0,0,0,0,0,0,0,0
96,AgentA wins,23.00,0,0,0,0,0,0,0,0,0,0
97,AgentA wins,26.33,0,0,0,0,0,0,0,0,0,0
98,timeout draw,60.00,0,0,0,0,0,0,0,0,0,0
99,timeout draw,60.00,0,0,0,0,0,0,0,0,0,0
100,AgentA wins,25.67,0,0,0,0,0,0,0,0,0,0
71,AgentA wins,43.67,0,0,0,0,0,0,0,0,0,0
72,timeout draw,60.00,0,0,0,0,0,0,0,0,0,0
73,timeout draw,60.00,0,0,0,0,0,0,0,0,0,0
74,AgentA wins,18.67,0,0,0,0,0,0,0,0,0,0
75,AgentB wins,28.67,0,0,0,0,0,0,0,0,0,0
76,AgentA wins,24.33,0,0,0,0,0,0,0,0,0,0
77,timeout draw,60.00,0,0,0,0,0,0,0,0,0,0
78,AgentA wins,25.00,0,0,0,0,0,0,0,0,0,0
79,AgentA wins,33.00,0,0,0,0,0,0,0,0,0,0
80,AgentA wins,19.33,0,0,0,0,0,0,0,0,0,0
91,AgentA wins,23.00,0,0,0,0,0,0,0,0,0,0
92,AgentA wins,29.33,0,0,0,0,0,0,0,0,0,0
93,AgentA wins,25.00,0,0,0,0,0,0,0,0,0,0
94,AgentA wins,23.00,0,0,0,0,0,0,0,0,0,0
95,AgentA wins,23.00,0,0,0,0,0,0,0,0,0,0
96,AgentA wins,27.00,0,0,0,0,0,0,0,0,0,0
97,AgentA wins,26.00,0,0,0,0,0,0,0,0,0,0
98,AgentB wins,20.67,0,0,0,0,0,0,0,0,0,0
99,AgentA wins,32.33,0,0,0,0,0,0,0,0,0,0
100,timeout draw,60.00,0,0,0,0,0,0,0,0,0,0
81,AgentA wins,28.33,253,227,55,114,0,177,0,21,52,21
82,AgentA wins,25.67,223,206,53,107,0,172,0,19,70,16
83,AgentA wins,22.33,195,176,48,94,0,148,0,19,55,15
84,AgentA wins,19.00,166,151,42,73,0,114,0,16,41,14
85,AgentA wins,19.33,171,159,35,85,0,121,0,15,38,11
86,AgentA wins,22.33,201,176,39,102,0,147,0,24,36,16
87,AgentA wins,19.33,172,153,35,75,0,120,0,19,36,15
88,AgentA wins,25.33,229,201,47,105,0,156,0,19,46,15
89,AgentA wins,22.67,202,178,41,97,0,155,0,18,47,18
90,AgentA wins,31.67,288,253,56,130,0,213,0,24,63,30
81,AgentA wins,25.00,0,0,0,0,0,0,0,0,0,0
82,AgentA wins,34.67,0,0,0,0,0,0,0,0,0,0
83,AgentA wins,38.67,0,0,0,0,0,0,0,0,0,0
84,AgentA wins,20.00,0,0,0,0,0,0,0,0,0,0
85,AgentA wins,25.00,0,0,0,0,0,0,0,0,0,0
86,AgentA wins,51.00,0,0,0,0,0,0,0,0,0,0
87,AgentA wins,19.33,0,0,0,0,0,0,0,0,0,0
88,AgentA wins,20.00,0,0,0,0,0,0,0,0,0,0
89,AgentA wins,21.67,0,0,0,0,0,0,0,0,0,0
90,AgentA wins,25.33,0,0,0,0,0,0,0,0,0,0
81,AgentA wins,33.67,0,0,0,0,0,0,0,0,0,0
82,AgentA wins,25.00,0,0,0,0,0,0,0,0,0,0
83,AgentA wins,26.00,0,0,0,0,0,0,0,0,0,0
84,AgentA wins,25.00,0,0,0,0,0,0,0,0,0,0
85,AgentB wins,47.00,0,0,0,0,0,0,0,0,0,0
86,AgentB wins,38.67,0,0,0,0,0,0,0,0,0,0
87,AgentA wins,22.33,0,0,0,0,0,0,0,0,0,0
88,AgentA wins,25.00,0,0,0,0,0,0,0,0,0,0
89,AgentB wins,37.00,0,0,0,0,0,0,0,0,0,0
90,AgentA wins,34.67,0,0,0,0,0,0,0,0,0,0
91,AgentA wins,23.00,0,0,0,0,0,0,0,0,0,0
92,AgentA wins,32.33,0,0,0,0,0,0,0,0,0,0
93,AgentA wins,23.00,0,0,0,0,0,0,0,0,0,0
94,AgentA wins,23.00,0,0,0,0,0,0,0,0,0,0
95,AgentA wins,28.33,0,0,0,0,0,0,0,0,0,0
96,AgentA wins,23.33,0,0,0,0,0,0,0,0,0,0
97,AgentA wins,23.00,0,0,0,0,0,0,0,0,0,0
98,AgentA wins,23.00,0,0,0,0,0,0,0,0,0,0
99,AgentA wins,25.33,0,0,0,0,0,0,0,0,0,0
100,AgentA wins,22.33,0,0,0,0,0,0,0,0,0,0
81,AgentA wins,22.33,0,0,0,0,0,0,0,0,0,0
82,AgentA wins,25.67,0,0,0,0,0,0,0,0,0,0
83,AgentA wins,25.00,0,0,0,0,0,0,0,0,0,0
84,AgentA wins,32.00,0,0,0,0,0,0,0,0,0,0
85,AgentA wins,19.00,0,0,0,0,0,0,0,0,0,0
86,AgentA wins,31.67,0,0,0,0,0,0,0,0,0,0
87,AgentA wins,21.67,0,0,0,0,0,0,0,0,0,0
88,AgentB wins,25.00,0,0,0,0,0,0,0,0,0,0
89,AgentA wins,25.33,0,0,0,0,0,0,0,0,0,0
90,AgentA wins,28.33,0,0,0,0,0,0,0,0,0,0
81,AgentB wins,28.67,0,0,0,0,0,0,0,0,0,0
82,AgentA wins,16.33,0,0,0,0,0,0,0,0,0,0
83,AgentA wins,19.33,0,0,0,0,0,0,0,0,0,0
84,AgentA wins,16.33,0,0,0,0,0,0,0,0,0,0
85,AgentA wins,25.00,0,0,0,0,0,0,0,0,0,0
86,AgentA wins,32.67,0,0,0,0,0,0,0,0,0,0
87,AgentA wins,19.00,0,0,0,0,0,0,0,0,0,0
88,AgentA wins,22.33,0,0,0,0,0,0,0,0,0,0
89,AgentA wins,26.00,0,0,0,0,0,0,0,0,0,0
90,AgentA wins,35.00,0,0,0,0,0,0,0,0,0,0
101,AgentA wins,22.33,0,0,0,0,0,0,0,0,0,0
102,AgentA wins,22.67,0,0,0,0,0,0,0,0,0,0
103,AgentA wins,23.00,0,0,0,0,0,0,0,0,0,0
104,AgentA wins,23.00,0,0,0,0,0,0,0,0,0,0
105,AgentA wins,23.00,0,0,0,0,0,0,0,0,0,0
106,AgentA wins,22.33,0,0,0,0,0,0,0,0,0,0
107,AgentA wins,23.00,0,0,0,0,0,0,0,0,0,0
108,AgentA wins,26.33,0,0,0,0,0,0,0,0,0,0
109,AgentB wins,15.00,0,0,0,0,0,0,0,0,0,0
110,AgentA wins,23.00,0,0,0,0,0,0,0,0,0,0
91,AgentA wins,25.33,0,0,0,0,0,0,0,0,0,0
92,timeout draw,60.00,0,0,0,0,0,0,0,0,0,0
93,timeout draw,60.00,0,0,0,0,0,0,0,0,0,0
94,AgentA wins,23.00,0,0,0,0,0,0,0,0,0,0
95,AgentA wins,23.00,0,0,0,0,0,0,0,0,0,0
96,AgentA wins,26.00,0,0,0,0,0,0,0,0,0,0
97,AgentA wins,26.67,0,0,0,0,0,0,0,0,0,0
98,AgentA wins,23.00,0,0,0,0,0,0,0,0,0,0
99,AgentA wins,23.00,0,0,0,0,0,0,0,0,0,0
100,AgentA wins,23.00,0,0,0,0,0,0,0,0,0,0
101,AgentA wins,23.00,0,0,0,0,0,0,0,0,0,0
102,AgentA wins,23.00,0,0,0,0,0,0,0,0,0,0
103,AgentA wins,23.00,0,0,0,0,0,0,0,0,0,0
104,AgentA wins,23.00,0,0,0,0,0,0,0,0,0,0
105,AgentA wins,26.33,0,0,0,0,0,0,0,0,0,0
106,AgentA wins,23.00,0,0,0,0,0,0,0,0,0,0
107,AgentA wins,23.00,0,0,0,0,0,0,0,0,0,0
108,AgentA wins,23.00,0,0,0,0,0,0,0,0,0,0
109,AgentA wins,28.33,0,0,0,0,0,0,0,0,0,0
110,AgentA wins,26.00,0,0,0,0,0,0,0,0,0,0
81,AgentA wins,22.33,0,0,0,0,0,0,0,0,0,0
82,AgentA wins,26.33,0,0,0,0,0,0,0,0,0,0
83,AgentA wins,26.00,0,0,0,0,0,0,0,0,0,0
84,AgentA wins,42.00,0,0,0,0,0,0,0,0,0,0
85,timeout draw,60.00,0,0,0,0,0,0,0,0,0,0
86,AgentA wins,42.00,0,0,0,0,0,0,0,0,0,0
87,AgentA wins,22.33,0,0,0,0,0,0,0,0,0,0
88,AgentA wins,59.33,0,0,0,0,0,0,0,0,0,0
89,AgentA wins,32.33,0,0,0,0,0,0,0,0,0,0
90,AgentA wins,25.67,0,0,0,0,0,0,0,0,0,0
101,AgentA wins,23.00,0,0,0,0,0,0,0,0,0,0
102,AgentA wins,23.00,0,0,0,0,0,0,0,0,0,0
103,AgentA wins,23.00,0,0,0,0,0,0,0,0,0,0
104,AgentA wins,36.00,0,0,0,0,0,0,0,0,0,0
105,AgentA wins,26.33,0,0,0,0,0,0,0,0,0,0
106,AgentB wins,23.67,0,0,0,0,0,0,0,0,0,0
107,AgentA wins,26.00,0,0,0,0,0,0,0,0,0,0
108,AgentA wins,25.67,0,0,0,0,0,0,0,0,0,0
109,AgentA wins,39.67,0,0,0,0,0,0,0,0,0,0
110,AgentA wins,23.00,0,0,0,0,0,0,0,0,0,0
101,AgentA wins,25.33,0,0,0,0,0,0,0,0,0,0
102,AgentA wins,22.33,0,0,0,0,0,0,0,0,0,0
103,AgentA wins,23.00,0,0,0,0,0,0,0,0,0,0
104,AgentA wins,23.00,0,0,0,0,0,0,0,0,0,0
105,AgentA wins,28.33,0,0,0,0,0,0,0,0,0,0
106,AgentA wins,25.33,0,0,0,0,0,0,0,0,0,0
107,AgentA wins,25.33,0,0,0,0,0,0,0,0,0,0
108,AgentA wins,31.67,0,0,0,0,0,0,0,0,0,0
109,AgentA wins,23.00,0,0,0,0,0,0,0,0,0,0
110,AgentA wins,23.00,0,0,0,0,0,0,0,0,0,0
81,AgentA wins,25.67,0,0,0,0,0,0,0,0,0,0
82,AgentA wins,20.00,0,0,0,0,0,0,0,0,0,0
83,AgentA wins,28.00,0,0,0,0,0,0,0,0,0,0
84,AgentA wins,27.00,0,0,0,0,0,0,0,0,0,0
85,AgentA wins,33.00,0,0,0,0,0,0,0,0,0,0
86,AgentA wins,34.67,0,0,0,0,0,0,0,0,0,0
87,AgentA wins,22.33,0,0,0,0,0,0,0,0,0,0
88,AgentA wins,19.33,0,0,0,0,0,0,0,0,0,0
89,AgentA wins,29.00,0,0,0,0,0,0,0,0,0,0
90,AgentA wins,27.33,0,0,0,0,0,0,0,0,0,0
101,AgentA wins,22.33,0,0,0,0,0,0,0,0,0,0
102,AgentA wins,22.67,0,0,0,0,0,0,0,0,0,0
103,AgentA wins,23.67,0,0,0,0,0,0,0,0,0,0
104,AgentA wins,28.33,0,0,0,0,0,0,0,0,0,0
105,AgentA wins,28.67,0,0,0,0,0,0,0,0,0,0
106,AgentA wins,23.00,0,0,0,0,0,0,0,0,0,0
107,timeout draw,60.00,0,0,0,0,0,0,0,0,0,0
108,AgentA wins,22.67,0,0,0,0,0,0,0,0,0,0
109,AgentA wins,23.00,0,0,0,0,0,0,0,0,0,0
110,AgentA wins,23.00,0,0,0,0,0,0,0,0,0,0
101,AgentA wins,23.00,0,0,0,0,0,0,0,0,0,0
102,AgentB wins,20.67,0,0,0,0,0,0,0,0,0,0
103,AgentB wins,20.67,0,0,0,0,0,0,0,0,0,0
104,AgentA wins,25.33,0,0,0,0,0,0,0,0,0,0
105,AgentA wins,23.00,0,0,0,0,0,0,0,0,0,0
106,AgentA wins,23.00,0,0,0,0,0,0,0,0,0,0
107,AgentA wins,23.00,0,0,0,0,0,0,0,0,0,0
108,AgentA wins,25.67,0,0,0,0,0,0,0,0,0,0
109,AgentA wins,23.00,0,0,0,0,0,0,0,0,0,0
110,AgentA wins,53.33,0,0,0,0,0,0,0,0,0,0
101,AgentA wins,23.00,0,0,0,0,0,0,0,0,0,0
102,AgentA wins,23.00,0,0,0,0,0,0,0,0,0,0
103,AgentA wins,23.00,0,0,0,0,0,0,0,0,0,0
104,AgentA wins,26.00,0,0,0,0,0,0,0,0,0,0
105,AgentA wins,32.33,0,0,0,0,0,0,0,0,0,0
106,AgentA wins,26.00,0,0,0,0,0,0,0,0,0,0
107,AgentA wins,23.00,0,0,0,0,0,0,0,0,0,0
108,AgentA wins,22.33,0,0,0,0,0,0,0,0,0,0
109,AgentA wins,26.00,0,0,0,0,0,0,0,0,0,0
110,AgentA wins,26.33,0,0,0,0,0,0,0,0,0,0
91,AgentA wins,38.00,0,0,0,0,0,0,0,0,0,0
92,AgentA wins,28.67,0,0,0,0,0,0,0,0,0,0
93,AgentA wins,23.00,0,0,0,0,0,0,0,0,0,0
94,AgentA wins,23.00,0,0,0,0,0,0,0,0,0,0
95,AgentA wins,23.00,0,0,0,0,0,0,0,0,0,0
96,AgentA wins,23.00,0,0,0,0,0,0,0,0,0,0
97,AgentA wins,23.00,0,0,0,0,0,0,0,0,0,0
98,AgentA wins,23.00,0,0,0,0,0,0,0,0,0,0
99,AgentA wins,23.00,0,0,0,0,0,0,0,0,0,0
100,AgentA wins,22.33,0,0,0,0,0,0,0,0,0,0
101,AgentB wins,17.67,0,0,0,0,0,0,0,0,0,0
102,AgentA wins,23.00,0,0,0,0,0,0,0,0,0,0
103,AgentA wins,28.33,0,0,0,0,0,0,0,0,0,0
104,AgentA wins,23.00,0,0,0,0,0,0,0,0,0,0
105,AgentA wins,23.00,0,0,0,0,0,0,0,0,0,0
106,AgentA wins,23.00,0,0,0,0,0,0,0,0,0,0
107,AgentA wins,26.33,0,0,0,0,0,0,0,0,0,0
108,AgentA wins,24.67,0,0,0,0,0,0,0,0,0,0
109,AgentA wins,26.00,0,0,0,0,0,0,0,0,0,0
110,AgentA wins,22.33,0,0,0,0,0,0,0,0,0,0
81,AgentA wins,16.33,0,0,0,0,0,0,0,0,0,0
82,AgentA wins,31.33,0,0,0,0,0,0,0,0,0,0
83,AgentA wins,30.33,0,0,0,0,0,0,0,0,0,0
84,AgentA wins,19.33,0,0,0,0,0,0,0,0,0,0
85,AgentA wins,40.67,0,0,0,0,0,0,0,0,0,0
86,AgentB wins,29.00,0,0,0,0,0,0,0,0,0,0
87,AgentB wins,31.00,0,0,0,0,0,0,0,0,0,0
88,AgentA wins,25.00,0,0,0,0,0,0,0,0,0,0
89,AgentA wins,22.00,0,0,0,0,0,0,0,0,0,0
90,AgentA wins,40.67,0,0,0,0,0,0,0,0,0,0
101,AgentA wins,28.33,0,0,0,0,0,0,0,0,0,0
102,AgentA wins,23.00,0,0,0,0,0,0,0,0,0,0
103,AgentA wins,23.00,0,0,0,0,0,0,0,0,0,0
104,AgentA wins,23.00,0,0,0,0,0,0,0,0,0,0
105,timeout draw,60.00,0,0,0,0,0,0,0,0,0,0
106,AgentA wins,26.33,0,0,0,0,0,0,0,0,0,0
107,AgentA wins,22.67,0,0,0,0,0,0,0,0,0,0
108,AgentA wins,23.00,0,0,0,0,0,0,0,0,0,0
109,AgentA wins,23.00,0,0,0,0,0,0,0,0,0,0
110,AgentA wins,26.00,0,0,0,0,0,0,0,0,0,0
91,AgentA wins,29.00,0,0,0,0,0,0,0,0,0,0
92,AgentA wins,19.33,0,0,0,0,0,0,0,0,0,0
93,AgentA wins,30.33,0,0,0,0,0,0,0,0,0,0
94,AgentA wins,29.67,0,0,0,0,0,0,0,0,0,0
95,AgentA wins,35.33,0,0,0,0,0,0,0,0,0,0
96,AgentA wins,24.67,0,0,0,0,0,0,0,0,0,0
97,AgentA wins,19.33,0,0,0,0,0,0,0,0,0,0
98,AgentA wins,33.00,0,0,0,0,0,0,0,0,0,0
99,AgentA wins,19.33,0,0,0,0,0,0,0,0,0,0
100,AgentA wins,26.67,0,0,0,0,0,0,0,0,0,0
101,AgentA wins,23.33,0,0,0,0,0,0,0,0,0,0
102,AgentA wins,26.00,0,0,0,0,0,0,0,0,0,0
103,AgentA wins,28.33,0,0,0,0,0,0,0,0,0,0
104,AgentA wins,25.33,0,0,0,0,0,0,0,0,0,0
105,AgentA wins,26.33,0,0,0,0,0,0,0,0,0,0
106,AgentA wins,25.33,0,0,0,0,0,0,0,0,0,0
107,AgentA wins,23.00,0,0,0,0,0,0,0,0,0,0
108,AgentA wins,26.00,0,0,0,0,0,0,0,0,0,0
109,AgentA wins,25.67,0,0,0,0,0,0,0,0,0,0
110,AgentA wins,20.33,0,0,0,0,0,0,0,0,0,0
101,AgentA wins,23.00,0,0,0,0,0,0,0,0,0,0
102,AgentA wins,23.00,0,0,0,0,0,0,0,0,0,0
103,AgentA wins,48.67,0,0,0,0,0,0,0,0,0,0
104,AgentA wins,23.00,0,0,0,0,0,0,0,0,0,0
105,AgentA wins,22.67,0,0,0,0,0,0,0,0,0,0
106,AgentA wins,23.00,0,0,0,0,0,0,0,0,0,0
107,AgentA wins,26.67,0,0,0,0,0,0,0,0,0,0
108,AgentA wins,23.00,0,0,0,0,0,0,0,0,0,0
109,AgentA wins,26.00,0,0,0,0,0,0,0,0,0,0
110,AgentA wins,39.33,0,0,0,0,0,0,0,0,0,0
81,AgentB wins,37.33,0,0,0,0,0,0,0,0,0,0
82,AgentA wins,19.33,0,0,0,0,0,0,0,0,0,0
83,AgentA wins,16.33,0,0,0,0,0,0,0,0,0,0
84,AgentA wins,19.00,0,0,0,0,0,0,0,0,0,0
85,AgentA wins,24.67,0,0,0,0,0,0,0,0,0,0
86,AgentA wins,45.00,0,0,0,0,0,0,0,0,0,0
87,AgentA wins,32.33,0,0,0,0,0,0,0,0,0,0
88,AgentA wins,29.67,0,0,0,0,0,0,0,0,0,0
89,AgentA wins,25.33,0,0,0,0,0,0,0,0,0,0
90,AgentA wins,19.33,0,0,0,0,0,0,0,0,0,0
101,AgentA wins,23.00,0,0,0,0,0,0,0,0,0,0
102,AgentA wins,23.00,0,0,0,0,0,0,0,0,0,0
103,AgentB wins,20.67,0,0,0,0,0,0,0,0,0,0
104,AgentA wins,23.00,0,0,0,0,0,0,0,0,0,0
105,AgentA wins,23.00,0,0,0,0,0,0,0,0,0,0
106,AgentA wins,23.00,0,0,0,0,0,0,0,0,0,0
107,AgentA wins,23.00,0,0,0,0,0,0,0,0,0,0
108,AgentA wins,31.33,0,0,0,0,0,0,0,0,0,0
109,AgentA wins,25.67,0,0,0,0,0,0,0,0,0,0
110,AgentA wins,26.33,0,0,0,0,0,0,0,0,0,0
101,AgentA wins,23.00,0,0,0,0,0,0,0,0,0,0
102,AgentA wins,27.00,0,0,0,0,0,0,0,0,0,0
103,AgentA wins,23.00,0,0,0,0,0,0,0,0,0,0
104,AgentA wins,23.00,0,0,0,0,0,0,0,0,0,0
105,AgentA wins,20.33,0,0,0,0,0,0,0,0,0,0
106,AgentA wins,26.00,0,0,0,0,0,0,0,0,0,0
107,AgentA wins,23.00,0,0,0,0,0,0,0,0,0,0
108,AgentA wins,23.00,0,0,0,0,0,0,0,0,0,0
109,AgentA wins,23.00,0,0,0,0,0,0,0,0,0,0
110,AgentA wins,26.33,0,0,0,0,0,0,0,0,0,0
91,AgentA wins,31.00,275,248,63,129,0,206,0,28,56,29
92,timeout draw,60.00,531,473,124,247,0,373,0,49,120,44
93,AgentA wins,30.67,278,247,58,138,0,212,0,26,55,30
94,AgentA wins,25.00,220,198,51,104,0,157,0,27,39,20
95,AgentA wins,19.33,174,151,36,87,0,135,0,18,31,15
96,AgentA wins,28.67,262,232,47,134,0,196,0,28,50,20
97,AgentA wins,34.00,300,273,60,142,0,230,0,29,71,23
98,AgentA wins,28.00,250,223,56,104,0,182,0,28,67,26
99,AgentA wins,16.33,143,130,38,61,0,113,0,10,38,13
100,AgentA wins,19.33,172,153,37,78,0,111,0,15,33,18
91,AgentA wins,26.00,0,0,0,0,0,0,0,0,0,0
92,AgentA wins,19.33,0,0,0,0,0,0,0,0,0,0
93,AgentA wins,31.67,0,0,0,0,0,0,0,0,0,0
94,AgentA wins,30.67,0,0,0,0,0,0,0,0,0,0
95,AgentA wins,30.00,0,0,0,0,0,0,0,0,0,0
96,AgentA wins,32.67,0,0,0,0,0,0,0,0,0,0
97,AgentA wins,33.67,0,0,0,0,0,0,0,0,0,0
98,AgentA wins,24.67,0,0,0,0,0,0,0,0,0,0
99,AgentA wins,24.33,0,0,0,0,0,0,0,0,0,0
100,AgentA wins,30.33,0,0,0,0,0,0,0,0,0,0
91,AgentA wins,31.33,0,0,0,0,0,0,0,0,0,0
92,AgentA wins,26.00,0,0,0,0,0,0,0,0,0,0
93,AgentA wins,29.00,0,0,0,0,0,0,0,0,0,0
94,AgentA wins,21.67,0,0,0,0,0,0,0,0,0,0
95,AgentA wins,43.00,0,0,0,0,0,0,0,0,0,0
96,AgentA wins,25.67,0,0,0,0,0,0,0,0,0,0
97,AgentA wins,22.67,0,0,0,0,0,0,0,0,0,0
98,AgentA wins,21.67,0,0,0,0,0,0,0,0,0,0
99,AgentA wins,26.00,0,0,0,0,0,0,0,0,0,0
100,AgentA wins,27.33,0,0,0,0,0,0,0,0,0,0
91,AgentA wins,24.33,0,0,0,0,0,0,0,0,0,0
92,AgentA wins,19.33,0,0,0,0,0,0,0,0,0,0
93,AgentA wins,22.33,0,0,0,0,0,0,0,0,0,0
94,AgentA wins,29.33,0,0,0,0,0,0,0,0,0,0
95,AgentA wins,52.67,0,0,0,0,0,0,0,0,0,0
96,AgentA wins,25.33,0,0,0,0,0,0,0,0,0,0
97,AgentB wins,37.00,0,0,0,0,0,0,0,0,0,0
98,AgentA wins,31.00,0,0,0,0,0,0,0,0,0,0
99,timeout draw,60.00,0,0,0,0,0,0,0,0,0,0
100,AgentA wins,22.67,0,0,0,0,0,0,0,0,0,0
91,AgentA wins,20.00,0,0,0,0,0,0,0,0,0,0
92,AgentA wins,32.00,0,0,0,0,0,0,0,0,0,0
93,AgentA wins,25.33,0,0,0,0,0,0,0,0,0,0
94,AgentA wins,21.67,0,0,0,0,0,0,0,0,0,0
95,AgentA wins,32.67,0,0,0,0,0,0,0,0,0,0
96,AgentA wins,28.67,0,0,0,0,0,0,0,0,0,0
97,AgentA wins,38.00,0,0,0,0,0,0,0,0,0,0
98,AgentA wins,40.67,0,0,0,0,0,0,0,0,0,0
99,AgentA wins,22.33,0,0,0,0,0,0,0,0,0,0
100,AgentA wins,16.33,0,0,0,0,0,0,0,0,0,0
111,AgentA wins,26.00,0,0,0,0,0,0,0,0,0,0
112,AgentA wins,23.00,0,0,0,0,0,0,0,0,0,0
113,AgentA wins,23.00,0,0,0,0,0,0,0,0,0,0
114,AgentB wins,20.67,0,0,0,0,0,0,0,0,0,0
115,AgentA wins,23.00,0,0,0,0,0,0,0,0,0,0
116,AgentA wins,23.00,0,0,0,0,0,0,0,0,0,0
117,AgentA wins,26.00,0,0,0,0,0,0,0,0,0,0
118,AgentA wins,22.33,0,0,0,0,0,0,0,0,0,0
119,AgentA wins,28.33,0,0,0,0,0,0,0,0,0,0
120,AgentA wins,23.00,0,0,0,0,0,0,0,0,0,0
111,AgentA wins,24.00,0,0,0,0,0,0,0,0,0,0
112,AgentA wins,26.33,0,0,0,0,0,0,0,0,0,0
113,AgentA wins,23.00,0,0,0,0,0,0,0,0,0,0
114,AgentA wins,23.00,0,0,0,0,0,0,0,0,0,0
115,AgentA wins,23.00,0,0,0,0,0,0,0,0,0,0
116,AgentB wins,23.67,0,0,0,0,0,0,0,0,0,0
117,AgentA wins,26.33,0,0,0,0,0,0,0,0,0,0
118,AgentA wins,23.00,0,0,0,0,0,0,0,0,0,0
119,AgentA wins,28.33,0,0,0,0,0,0,0,0,0,0
120,AgentA wins,23.00,0,0,0,0,0,0,0,0,0,0
111,timeout draw,60.00,0,0,0,0,0,0,0,0,0,0
112,AgentA wins,20.33,0,0,0,0,0,0,0,0,0,0
113,AgentA wins,31.00,0,0,0,0,0,0,0,0,0,0
114,AgentA wins,26.33,0,0,0,0,0,0,0,0,0,0
115,AgentA wins,22.67,0,0,0,0,0,0,0,0,0,0
116,AgentA wins,23.00,0,0,0,0,0,0,0,0,0,0
117,AgentA wins,23.00,0,0,0,0,0,0,0,0,0,0
118,AgentA wins,29.00,0,0,0,0,0,0,0,0,0,0
119,AgentA wins,23.00,0,0,0,0,0,0,0,0,0,0
120,AgentA wins,23.00,0,0,0,0,0,0,0,0,0,0
91,AgentA wins,32.00,0,0,0,0,0,0,0,0,0,0
92,AgentA wins,23.00,0,0,0,0,0,0,0,0,0,0
93,AgentA wins,19.33,0,0,0,0,0,0,0,0,0,0
94,timeout draw,60.00,0,0,0,0,0,0,0,0,0,0
95,AgentA wins,31.33,0,0,0,0,0,0,0,0,0,0
96,AgentA wins,16.33,0,0,0,0,0,0,0,0,0,0
97,AgentA wins,19.33,0,0,0,0,0,0,0,0,0,0
98,AgentA wins,19.33,0,0,0,0,0,0,0,0,0,0
99,AgentA wins,24.67,0,0,0,0,0,0,0,0,0,0
100,AgentA wins,22.00,0,0,0,0,0,0,0,0,0,0
101,AgentA wins,26.33,0,0,0,0,0,0,0,0,0,0
102,AgentA wins,22.33,0,0,0,0,0,0,0,0,0,0
103,AgentA wins,23.00,0,0,0,0,0,0,0,0,0,0
104,AgentA wins,42.67,0,0,0,0,0,0,0,0,0,0
105,AgentA wins,31.33,0,0,0,0,0,0,0,0,0,0
106,AgentB wins,20.67,0,0,0,0,0,0,0,0,0,0
107,AgentA wins,23.00,0,0,0,0,0,0,0,0,0,0
108,AgentB wins,28.00,0,0,0,0,0,0,0,0,0,0
109,AgentA wins,43.67,0,0,0,0,0,0,0,0,0,0
110,AgentA wins,23.00,0,0,0,0,0,0,0,0,0,0
111,AgentA wins,26.00,0,0,0,0,0,0,0,0,0,0
112,AgentA wins,23.00,0,0,0,0,0,0,0,0,0,0
113,AgentA wins,25.33,0,0,0,0,0,0,0,0,0,0
114,AgentA wins,25.67,0,0,0,0,0,0,0,0,0,0
115,timeout draw,60.00,0,0,0,0,0,0,0,0,0,0
116,AgentA wins,22.33,0,0,0,0,0,0,0,0,0,0
117,AgentA wins,22.33,0,0,0,0,0,0,0,0,0,0
118,AgentA wins,23.00,0,0,0,0,0,0,0,0,0,0
119,AgentA wins,23.00,0,0,0,0,0,0,0,0,0,0
120,AgentA wins,26.67,0,0,0,0,0,0,0,0,0,0
91,AgentA wins,21.67,0,0,0,0,0,0,0,0,0,0
92,AgentA wins,23.00,0,0,0,0,0,0,0,0,0,0
93,AgentA wins,19.00,0,0,0,0,0,0,0,0,0,0
94,AgentA wins,19.33,0,0,0,0,0,0,0,0,0,0
95,AgentA wins,36.67,0,0,0,0,0,0,0,0,0,0
96,AgentA wins,28.33,0,0,0,0,0,0,0,0,0,0
97,AgentA wins,16.33,0,0,0,0,0,0,0,0,0,0
98,AgentA wins,43.00,0,0,0,0,0,0,0,0,0,0
99,AgentA wins,19.33,0,0,0,0,0,0,0,0,0,0
100,AgentA wins,32.00,0,0,0,0,0,0,0,0,0,0
111,AgentA wins,23.00,0,0,0,0,0,0,0,0,0,0
112,AgentA wins,23.00,0,0,0,0,0,0,0,0,0,0
113,AgentA wins,32.33,0,0,0,0,0,0,0,0,0,0
114,AgentA wins,28.33,0,0,0,0,0,0,0,0,0,0
115,AgentA wins,23.00,0,0,0,0,0,0,0,0,0,0
116,AgentA wins,33.00,0,0,0,0,0,0,0,0,0,0
117,AgentB wins,23.67,0,0,0,0,0,0,0,0,0,0
118,AgentA wins,23.00,0,0,0,0,0,0,0,0,0,0
119,AgentA wins,23.00,0,0,0,0,0,0,0,0,0,0
120,AgentA wins,23.00,0,0,0,0,0,0,0,0,0,0
111,AgentA wins,26.00,0,0,0,0,0,0,0,0,0,0
112,AgentA wins,20.33,0,0,0,0,0,0,0,0,0,0
113,AgentA wins,29.00,0,0,0,0,0,0,0,0,0,0
114,AgentA wins,32.00,0,0,0,0,0,0,0,0,0,0
115,AgentA wins,28.33,0,0,0,0,0,0,0,0,0,0
116,AgentA wins,23.00,0,0,0,0,0,0,0,0,0,0
117,AgentB wins,28.00,0,0,0,0,0,0,0,0,0,0
118,AgentA wins,23.00,0,0,0,0,0,0,0,0,0,0
119,AgentA wins,22.33,0,0,0,0,0,0,0,0,0,0
120,AgentA wins,26.33,0,0,0,0,0,0,0,0,0,0
111,AgentA wins,25.67,0,0,0,0,0,0,0,0,0,0
112,AgentA wins,26.00,0,0,0,0,0,0,0,0,0,0
113,AgentA wins,25.33,0,0,0,0,0,0,0,0,0,0
114,AgentB wins,20.67,0,0,0,0,0,0,0,0,0,0
115,AgentA wins,23.00,0,0,0,0,0,0,0,0,0,0
116,AgentA wins,28.33,0,0,0,0,0,0,0,0,0,0
117,AgentA wins,26.00,0,0,0,0,0,0,0,0,0,0
118,AgentA wins,23.00,0,0,0,0,0,0,0,0,0,0
119,AgentA wins,26.00,0,0,0,0,0,0,0,0,0,0
120,AgentA wins,26.00,0,0,0,0,0,0,0,0,0,0
101,AgentA wins,23.00,0,0,0,0,0,0,0,0,0,0
102,AgentA wins,23.00,0,0,0,0,0,0,0,0,0,0
103,AgentA wins,26.00,0,0,0,0,0,0,0,0,0,0
104,AgentA wins,23.00,0,0,0,0,0,0,0,0,0,0
105,AgentA wins,33.00,0,0,0,0,0,0,0,0,0,0
106,AgentA wins,22.33,0,0,0,0,0,0,0,0,0,0
107,AgentA wins,22.33,0,0,0,0,0,0,0,0,0,0
108,AgentA wins,26.67,0,0,0,0,0,0,0,0,0,0
109,AgentA wins,23.00,0,0,0,0,0,0,0,0,0,0
110,AgentA wins,27.00,0,0,0,0,0,0,0,0,0,0
111,AgentA wins,22.33,0,0,0,0,0,0,0,0,0,0
112,AgentA wins,23.00,0,0,0,0,0,0,0,0,0,0
113,AgentA wins,23.00,0,0,0,0,0,0,0,0,0,0
114,AgentA wins,31.33,0,0,0,0,0,0,0,0,0,0
115,AgentA wins,28.33,0,0,0,0,0,0,0,0,0,0
116,timeout draw,60.00,0,0,0,0,0,0,0,0,0,0
117,AgentA wins,26.33,0,0,0,0,0,0,0,0,0,0
118,AgentA wins,23.00,0,0,0,0,0,0,0,0,0,0
119,AgentB wins,20.67,0,0,0,0,0,0,0,0,0,0
120,AgentA wins,25.33,0,0,0,0,0,0,0,0,0,0
101,AgentA wins,22.00,0,0,0,0,0,0,0,0,0,0
102,AgentB wins,25.67,0,0,0,0,0,0,0,0,0,0
103,AgentA wins,31.67,0,0,0,0,0,0,0,0,0,0
104,AgentA wins,28.67,0,0,0,0,0,0,0,0,0,0
105,AgentA wins,29.00,0,0,0,0,0,0,0,0,0,0
106,AgentA wins,27.33,0,0,0,0,0,0,0,0,0,0
107,AgentA wins,19.33,0,0,0,0,0,0,0,0,0,0
108,AgentB wins,23.67,0,0,0,0,0,0,0,0,0,0
109,AgentA wins,19.00,0,0,0,0,0,0,0,0,0,0
110,AgentA wins,43.33,0,0,0,0,0,0,0,0,0,0
91,AgentA wins,19.33,0,0,0,0,0,0,0,0,0,0
92,AgentA wins,53.00,0,0,0,0,0,0,0,0,0,0
93,AgentA wins,25.33,0,0,0,0,0,0,0,0,0,0
94,AgentA wins,28.33,0,0,0,0,0,0,0,0,0,0
95,AgentA wins,22.67,0,0,0,0,0,0,0,0,0,0
96,AgentA wins,26.00,0,0,0,0,0,0,0,0,0,0
97,AgentA wins,31.67,0,0,0,0,0,0,0,0,0,0
98,AgentA wins,30.00,0,0,0,0,0,0,0,0,0,0
99,AgentA wins,19.33,0,0,0,0,0,0,0,0,0,0
100,AgentA wins,39.67,0,0,0,0,0,0,0,0,0,0
111,AgentA wins,26.00,0,0,0,0,0,0,0,0,0,0
112,AgentA wins,28.33,0,0,0,0,0,0,0,0,0,0
113,AgentA wins,23.00,0,0,0,0,0,0,0,0,0,0
114,timeout draw,60.00,0,0,0,0,0,0,0,0,0,0
115,AgentA wins,21.67,0,0,0,0,0,0,0,0,0,0
116,AgentA wins,23.00,0,0,0,0,0,0,0,0,0,0
117,AgentA wins,23.00,0,0,0,0,0,0,0,0,0,0
118,AgentA wins,22.33,0,0,0,0,0,0,0,0,0,0
119,AgentA wins,42.67,0,0,0,0,0,0,0,0,0,0
120,AgentA wins,23.00,0,0,0,0,0,0,0,0,0,0
111,AgentA wins,23.00,0,0,0,0,0,0,0,0,0,0
112,AgentA wins,59.67,0,0,0,0,0,0,0,0,0,0
113,AgentA wins,26.67,0,0,0,0,0,0,0,0,0,0
114,AgentA wins,23.00,0,0,0,0,0,0,0,0,0,0
115,AgentA wins,26.00,0,0,0,0,0,0,0,0,0,0
116,AgentA wins,22.33,0,0,0,0,0,0,0,0,0,0
117,AgentA wins,23.00,0,0,0,0,0,0,0,0,0,0
118,AgentA wins,22.33,0,0,0,0,0,0,0,0,0,0
119,AgentA wins,26.00,0,0,0,0,0,0,0,0,0,0
120,AgentA wins,26.00,0,0,0,0,0,0,0,0,0,0
91,AgentA wins,31.33,0,0,0,0,0,0,0,0,0,0
92,AgentA wins,23.00,0,0,0,0,0,0,0,0,0,0
93,AgentA wins,25.33,0,0,0,0,0,0,0,0,0,0
94,AgentB wins,23.33,0,0,0,0,0,0,0,0,0,0
95,AgentA wins,22.33,0,0,0,0,0,0,0,0,0,0
96,AgentA wins,19.00,0,0,0,0,0,0,0,0,0,0
97,AgentA wins,34.00,0,0,0,0,0,0,0,0,0,0
98,AgentA wins,22.33,0,0,0,0,0,0,0,0,0,0
99,AgentA wins,25.67,0,0,0,0,0,0,0,0,0,0
100,timeout draw,60.00,0,0,0,0,0,0,0,0,0,0
111,AgentA wins,22.33,0,0,0,0,0,0,0,0,0,0
112,timeout draw,60.00,0,0,0,0,0,0,0,0,0,0
113,AgentA wins,23.00,0,0,0,0,0,0,0,0,0,0
114,AgentA wins,26.00,0,0,0,0,0,0,0,0,0,0
115,AgentA wins,23.00,0,0,0,0,0,0,0,0,0,0
116,AgentA wins,15.67,0,0,0,0,0,0,0,0,0,0
117,AgentA wins,23.00,0,0,0,0,0,0,0,0,0,0
118,AgentA wins,26.00,0,0,0,0,0,0,0,0,0,0
119,AgentA wins,23.00,0,0,0,0,0,0,0,0,0,0
120,AgentA wins,25.67,0,0,0,0,0,0,0,0,0,0
111,AgentA wins,26.67,0,0,0,0,0,0,0,0,0,0
112,AgentA wins,26.00,0,0,0,0,0,0,0,0,0,0
113,AgentA wins,23.00,0,0,0,0,0,0,0,0,0,0
114,AgentA wins,25.33,0,0,0,0,0,0,0,0,0,0
115,AgentA wins,29.00,0,0,0,0,0,0,0,0,0,0
116,AgentA wins,23.00,0,0,0,0,0,0,0,0,0,0
117,AgentA wins,23.00,0,0,0,0,0,0,0,0,0,0
118,AgentA wins,23.00,0,0,0,0,0,0,0,0,0,0
119,AgentA wins,26.00,0,0,0,0,0,0,0,0,0,0
120,AgentA wins,31.67,0,0,0,0,0,0,0,0,0,0
111,AgentA wins,29.00,0,0,0,0,0,0,0,0,0,0
112,AgentA wins,45.00,0,0,0,0,0,0,0,0,0,0
113,AgentA wins,28.33,0,0,0,0,0,0,0,0,0,0
114,AgentA wins,22.33,0,0,0,0,0,0,0,0,0,0
115,AgentA wins,26.00,0,0,0,0,0,0,0,0,0,0
116,AgentA wins,26.33,0,0,0,0,0,0,0,0,0,0
117,AgentB wins,25.00,0,0,0,0,0,0,0,0,0,0
118,AgentA wins,23.00,0,0,0,0,0,0,0,0,0,0
119,AgentA wins,23.00,0,0,0,0,0,0,0,0,0,0
120,timeout draw,60.00,0,0,0,0,0,0,0,0,0,0
101,AgentB wins,32.00,0,0,0,0,0,0,0,0,0,0
102,AgentA wins,29.00,0,0,0,0,0,0,0,0,0,0
103,AgentA wins,19.33,0,0,0,0,0,0,0,0,0,0
104,AgentA wins,29.00,0,0,0,0,0,0,0,0,0,0
105,AgentA wins,19.33,0,0,0,0,0,0,0,0,0,0
106,AgentB wins,27.67,0,0,0,0,0,0,0,0,0,0
107,AgentA wins,22.00,0,0,0,0,0,0,0,0,0,0
108,AgentA wins,25.33,0,0,0,0,0,0,0,0,0,0
109,AgentA wins,19.00,0,0,0,0,0,0,0,0,0,0
110,AgentA wins,22.33,0,0,0,0,0,0,0,0,0,0
101,AgentA wins,31.33,0,0,0,0,0,0,0,0,0,0
102,AgentA wins,30.33,0,0,0,0,0,0,0,0,0,0
103,AgentA wins,36.33,0,0,0,0,0,0,0,0,0,0
104,AgentA wins,16.33,0,0,0,0,0,0,0,0,0,0
105,AgentA wins,31.33,0,0,0,0,0,0,0,0,0,0
106,AgentA wins,19.33,0,0,0,0,0,0,0,0,0,0
107,AgentA wins,22.33,0,0,0,0,0,0,0,0,0,0
108,AgentA wins,25.00,0,0,0,0,0,0,0,0,0,0
109,AgentA wins,16.33,0,0,0,0,0,0,0,0,0,0
110,AgentA wins,22.33,0,0,0,0,0,0,0,0,0,0
121,AgentA wins,23.00,0,0,0,0,0,0,0,0,0,0
122,AgentA wins,23.00,0,0,0,0,0,0,0,0,0,0
123,AgentA wins,26.00,0,0,0,0,0,0,0,0,0,0
124,AgentA wins,23.00,0,0,0,0,0,0,0,0,0,0
125,AgentA wins,25.33,0,0,0,0,0,0,0,0,0,0
126,AgentA wins,23.00,0,0,0,0,0,0,0,0,0,0
127,AgentA wins,23.00,0,0,0,0,0,0,0,0,0,0
128,AgentA wins,23.00,0,0,0,0,0,0,0,0,0,0
129,AgentA wins,26.00,0,0,0,0,0,0,0,0,0,0
130,AgentA wins,26.00,0,0,0,0,0,0,0,0,0,0
101,AgentA wins,16.33,0,0,0,0,0,0,0,0,0,0
102,AgentA wins,25.33,0,0,0,0,0,0,0,0,0,0
103,AgentB wins,36.00,0,0,0,0,0,0,0,0,0,0
104,AgentA wins,26.67,0,0,0,0,0,0,0,0,0,0
105,AgentA wins,31.33,0,0,0,0,0,0,0,0,0,0
106,AgentA wins,22.00,0,0,0,0,0,0,0,0,0,0
107,AgentA wins,40.00,0,0,0,0,0,0,0,0,0,0
108,AgentA wins,21.33,0,0,0,0,0,0,0,0,0,0
109,AgentA wins,25.33,0,0,0,0,0,0,0,0,0,0
110,timeout draw,60.00,0,0,0,0,0,0,0,0,0,0
121,AgentA wins,23.00,0,0,0,0,0,0,0,0,0,0
122,AgentA wins,23.00,0,0,0,0,0,0,0,0,0,0
123,AgentA wins,22.67,0,0,0,0,0,0,0,0,0,0
124,AgentA wins,25.67,0,0,0,0,0,0,0,0,0,0
125,AgentA wins,22.33,0,0,0,0,0,0,0,0,0,0
126,AgentA wins,26.33,0,0,0,0,0,0,0,0,0,0
127,AgentA wins,23.00,0,0,0,0,0,0,0,0,0,0
128,AgentA wins,23.00,0,0,0,0,0,0,0,0,0,0
129,AgentA wins,22.33,0,0,0,0,0,0,0,0,0,0
130,AgentA wins,26.33,0,0,0,0,0,0,0,0,0,0
101,AgentA wins,23.00,0,0,0,0,0,0,0,0,0,0
102,AgentA wins,20.00,0,0,0,0,0,0,0,0,0,0
103,AgentA wins,22.33,0,0,0,0,0,0,0,0,0,0
104,AgentA wins,24.67,0,0,0,0,0,0,0,0,0,0
105,AgentA wins,20.00,0,0,0,0,0,0,0,0,0,0
106,AgentA wins,27.67,0,0,0,0,0,0,0,0,0,0
107,AgentA wins,59.00,0,0,0,0,0,0,0,0,0,0
108,AgentA wins,29.00,0,0,0,0,0,0,0,0,0,0
109,AgentA wins,22.33,0,0,0,0,0,0,0,0,0,0
110,AgentB wins,29.67,0,0,0,0,0,0,0,0,0,0
121,AgentA wins,23.00,0,0,0,0,0,0,0,0,0,0
122,AgentA wins,26.00,0,0,0,0,0,0,0,0,0,0
123,AgentA wins,26.67,0,0,0,0,0,0,0,0,0,0
124,AgentA wins,25.33,0,0,0,0,0,0,0,0,0,0
125,AgentA wins,23.00,0,0,0,0,0,0,0,0,0,0
126,AgentA wins,25.67,0,0,0,0,0,0,0,0,0,0
127,AgentA wins,23.00,0,0,0,0,0,0,0,0,0,0
128,AgentA wins,23.00,0,0,0,0,0,0,0,0,0,0
129,AgentA wins,27.00,0,0,0,0,0,0,0,0,0,0
130,AgentA wins,23.00,0,0,0,0,0,0,0,0,0,0
111,AgentB wins,20.67,0,0,0,0,0,0,0,0,0,0
112,AgentA wins,26.00,0,0,0,0,0,0,0,0,0,0
113,AgentA wins,22.33,0,0,0,0,0,0,0,0,0,0
114,AgentA wins,23.00,0,0,0,0,0,0,0,0,0,0
115,AgentB wins,28.00,0,0,0,0,0,0,0,0,0,0
116,AgentA wins,26.00,0,0,0,0,0,0,0,0,0,0
117,AgentA wins,27.00,0,0,0,0,0,0,0,0,0,0
118,AgentA wins,23.00,0,0,0,0,0,0,0,0,0,0
119,AgentA wins,23.00,0,0,0,0,0,0,0,0,0,0
120,AgentA wins,26.00,0,0,0,0,0,0,0,0,0,0
121,AgentA wins,23.00,0,0,0,0,0,0,0,0,0,0
122,AgentA wins,23.00,0,0,0,0,0,0,0,0,0,0
123,AgentA wins,23.00,0,0,0,0,0,0,0,0,0,0
124,AgentA wins,23.00,0,0,0,0,0,0,0,0,0,0
125,AgentA wins,28.33,0,0,0,0,0,0,0,0,0,0
126,AgentA wins,23.00,0,0,0,0,0,0,0,0,0,0
127,AgentA wins,23.00,0,0,0,0,0,0,0,0,0,0
128,AgentA wins,25.33,0,0,0,0,0,0,0,0,0,0
129,AgentA wins,23.00,0,0,0,0,0,0,0,0,0,0
130,AgentA wins,23.00,0,0,0,0,0,0,0,0,0,0
121,AgentA wins,26.67,0,0,0,0,0,0,0,0,0,0
122,AgentB wins,20.67,0,0,0,0,0,0,0,0,0,0
123,AgentA wins,25.00,0,0,0,0,0,0,0,0,0,0
124,AgentA wins,26.33,0,0,0,0,0,0,0,0,0,0
125,AgentB wins,24.00,0,0,0,0,0,0,0,0,0,0
126,AgentA wins,26.00,0,0,0,0,0,0,0,0,0,0
127,AgentA wins,23.00,0,0,0,0,0,0,0,0,0,0
128,AgentA wins,26.33,0,0,0,0,0,0,0,0,0,0
129,AgentA wins,29.33,0,0,0,0,0,0,0,0,0,0
130,AgentB wins,20.67,0,0,0,0,0,0,0,0,0,0
101,AgentA wins,28.00,254,228,52,113,0,169,0,23,52,18
102,AgentA wins,32.00,283,255,54,140,0,209,0,27,58,29
103,AgentA wins,23.00,205,185,45,109,0,158,0,21,42,13
104,AgentA wins,22.00,197,177,45,95,0,157,0,17,48,21
105,AgentA wins,32.67,292,267,51,154,0,214,0,30,58,25
106,timeout draw,60.00,536,483,107,252,0,397,0,57,125,45
107,AgentB wins,41.67,368,336,84,160,0,253,0,40,94,22
108,timeout draw,60.00,531,484,111,246,0,367,0,48,105,42
109,AgentA wins,25.67,228,200,53,96,0,161,0,21,52,21
110,AgentA wins,40.00,360,316,74,167,0,269,0,38,87,32
111,AgentA wins,23.00,0,0,0,0,0,0,0,0,0,0
112,AgentA wins,29.00,0,0,0,0,0,0,0,0,0,0
113,AgentA wins,25.67,0,0,0,0,0,0,0,0,0,0
114,AgentA wins,25.33,0,0,0,0,0,0,0,0,0,0
115,AgentA wins,22.67,0,0,0,0,0,0,0,0,0,0
116,AgentA wins,29.33,0,0,0,0,0,0,0,0,0,0
117,AgentA wins,25.67,0,0,0,0,0,0,0,0,0,0
118,AgentB wins,20.67,0,0,0,0,0,0,0,0,0,0
119,AgentA wins,26.33,0,0,0,0,0,0,0,0,0,0
120,AgentA wins,29.00,0,0,0,0,0,0,0,0,0,0
121,AgentA wins,26.00,0,0,0,0,0,0,0,0,0,0
122,AgentB wins,20.67,0,0,0,0,0,0,0,0,0,0
123,AgentA wins,23.00,0,0,0,0,0,0,0,0,0,0
124,AgentA wins,26.33,0,0,0,0,0,0,0,0,0,0
125,timeout draw,60.00,0,0,0,0,0,0,0,0,0,0
126,AgentA wins,22.67,0,0,0,0,0,0,0,0,0,0
127,AgentA wins,26.00,0,0,0,0,0,0,0,0,0,0
128,AgentA wins,23.00,0,0,0,0,0,0,0,0,0,0
129,AgentA wins,33.33,0,0,0,0,0,0,0,0,0,0
130,AgentB wins,27.00,0,0,0,0,0,0,0,0,0,0
101,AgentA wins,53.00,0,0,0,0,0,0,0,0,0,0
102,AgentA wins,22.00,0,0,0,0,0,0,0,0,0,0
103,AgentA wins,27.67,0,0,0,0,0,0,0,0,0,0
104,AgentA wins,16.33,0,0,0,0,0,0,0,0,0,0
105,AgentB wins,27.33,0,0,0,0,0,0,0,0,0,0
106,AgentA wins,29.00,0,0,0,0,0,0,0,0,0,0
107,AgentA wins,59.67,0,0,0,0,0,0,0,0,0,0
108,AgentA wins,19.00,0,0,0,0,0,0,0,0,0,0
109,AgentA wins,16.33,0,0,0,0,0,0,0,0,0,0
110,AgentA wins,35.00,0,0,0,0,0,0,0,0,0,0
121,AgentB wins,20.67,0,0,0,0,0,0,0,0,0,0
122,AgentA wins,22.67,0,0,0,0,0,0,0,0,0,0
123,AgentA wins,23.00,0,0,0,0,0,0,0,0,0,0
124,AgentA wins,28.33,0,0,0,0,0,0,0,0,0,0
125,AgentA wins,28.33,0,0,0,0,0,0,0,0,0,0
126,AgentA wins,23.00,0,0,0,0,0,0,0,0,0,0
127,AgentA wins,26.33,0,0,0,0,0,0,0,0,0,0
128,AgentA wins,26.00,0,0,0,0,0,0,0,0,0,0
129,AgentB wins,20.67,0,0,0,0,0,0,0,0,0,0
130,AgentA wins,23.00,0,0,0,0,0,0,0,0,0,0
101,AgentA wins,26.00,0,0,0,0,0,0,0,0,0,0
102,AgentA wins,22.33,0,0,0,0,0,0,0,0,0,0
103,AgentB wins,37.67,0,0,0,0,0,0,0,0,0,0
104,timeout draw,60.00,0,0,0,0,0,0,0,0,0,0
105,AgentA wins,38.00,0,0,0,0,0,0,0,0,0,0
106,AgentA wins,23.00,0,0,0,0,0,0,0,0,0,0
107,AgentA wins,28.33,0,0,0,0,0,0,0,0,0,0
108,AgentA wins,25.33,0,0,0,0,0,0,0,0,0,0
109,AgentA wins,16.33,0,0,0,0,0,0,0,0,0,0
110,AgentA wins,28.67,0,0,0,0,0,0,0,0,0,0
121,AgentA wins,26.00,0,0,0,0,0,0,0,0,0,0
122,AgentA wins,28.33,0,0,0,0,0,0,0,0,0,0
123,AgentA wins,23.00,0,0,0,0,0,0,0,0,0,0
124,AgentA wins,23.00,0,0,0,0,0,0,0,0,0,0
125,AgentA wins,28.33,0,0,0,0,0,0,0,0,0,0
126,timeout draw,60.00,0,0,0,0,0,0,0,0,0,0
127,AgentB wins,25.33,0,0,0,0,0,0,0,0,0,0
128,AgentA wins,29.00,0,0,0,0,0,0,0,0,0,0
129,AgentA wins,28.67,0,0,0,0,0,0,0,0,0,0
130,AgentA wins,23.00,0,0,0,0,0,0,0,0,0,0
111,AgentA wins,19.33,0,0,0,0,0,0,0,0,0,0
112,AgentA wins,35.00,0,0,0,0,0,0,0,0,0,0
113,AgentA wins,25.67,0,0,0,0,0,0,0,0,0,0
114,AgentA wins,26.00,0,0,0,0,0,0,0,0,0,0
115,AgentA wins,19.33,0,0,0,0,0,0,0,0,0,0
116,AgentA wins,19.33,0,0,0,0,0,0,0,0,0,0
117,AgentB wins,36.00,0,0,0,0,0,0,0,0,0,0
118,AgentA wins,22.33,0,0,0,0,0,0,0,0,0,0
119,AgentA wins,26.33,0,0,0,0,0,0,0,0,0,0
120,AgentA wins,25.00,0,0,0,0,0,0,0,0,0,0
121,AgentA wins,26.00,0,0,0,0,0,0,0,0,0,0
122,AgentA wins,29.33,0,0,0,0,0,0,0,0,0,0
123,AgentA wins,22.33,0,0,0,0,0,0,0,0,0,0
124,AgentB wins,23.33,0,0,0,0,0,0,0,0,0,0
125,AgentA wins,23.67,0,0,0,0,0,0,0,0,0,0
126,AgentA wins,26.33,0,0,0,0,0,0,0,0,0,0
127,AgentA wins,23.00,0,0,0,0,0,0,0,0,0,0
128,AgentA wins,23.67,0,0,0,0,0,0,0,0,0,0
129,AgentB wins,20.67,0,0,0,0,0,0,0,0,0,0
130,AgentA wins,26.33,0,0,0,0,0,0,0,0,0,0
121,AgentA wins,26.00,0,0,0,0,0,0,0,0,0,0
122,AgentA wins,23.00,0,0,0,0,0,0,0,0,0,0
123,AgentA wins,23.00,0,0,0,0,0,0,0,0,0,0
124,AgentA wins,32.67,0,0,0,0,0,0,0,0,0,0
125,AgentA wins,23.00,0,0,0,0,0,0,0,0,0,0
126,AgentA wins,31.33,0,0,0,0,0,0,0,0,0,0
127,AgentA wins,25.67,0,0,0,0,0,0,0,0,0,0
128,AgentA wins,23.00,0,0,0,0,0,0,0,0,0,0
129,AgentA wins,26.00,0,0,0,0,0,0,0,0,0,0
130,AgentA wins,23.00,0,0,0,0,0,0,0,0,0,0
101,AgentA wins,19.33,0,0,0,0,0,0,0,0,0,0
102,AgentA wins,27.33,0,0,0,0,0,0,0,0,0,0
103,AgentA wins,23.00,0,0,0,0,0,0,0,0,0,0
104,AgentA wins,22.33,0,0,0,0,0,0,0,0,0,0
105,AgentA wins,26.00,0,0,0,0,0,0,0,0,0,0
106,AgentA wins,22.33,0,0,0,0,0,0,0,0,0,0
107,AgentA wins,35.33,0,0,0,0,0,0,0,0,0,0
108,AgentA wins,28.33,0,0,0,0,0,0,0,0,0,0
109,AgentA wins,16.33,0,0,0,0,0,0,0,0,0,0
110,AgentA wins,23.00,0,0,0,0,0,0,0,0,0,0
101,AgentA wins,35.33,0,0,0,0,0,0,0,0,0,0
102,AgentA wins,51.67,0,0,0,0,0,0,0,0,0,0
103,AgentA wins,19.33,0,0,0,0,0,0,0,0,0,0
104,AgentA wins,32.33,0,0,0,0,0,0,0,0,0,0
105,AgentA wins,25.67,0,0,0,0,0,0,0,0,0,0
106,AgentA wins,33.33,0,0,0,0,0,0,0,0,0,0
107,AgentA wins,22.33,0,0,0,0,0,0,0,0,0,0
108,AgentA wins,19.33,0,0,0,0,0,0,0,0,0,0
109,AgentA wins,24.33,0,0,0,0,0,0,0,0,0,0
110,AgentA wins,39.00,0,0,0,0,0,0,0,0,0,0
121,AgentA wins,23.00,0,0,0,0,0,0,0,0,0,0
122,AgentA wins,23.00,0,0,0,0,0,0,0,0,0,0
123,AgentA wins,23.00,0,0,0,0,0,0,0,0,0,0
124,AgentA wins,33.00,0,0,0,0,0,0,0,0,0,0
125,AgentA wins,23.00,0,0,0,0,0,0,0,0,0,0
126,AgentA wins,23.00,0,0,0,0,0,0,0,0,0,0
127,AgentA wins,22.67,0,0,0,0,0,0,0,0,0,0
128,AgentA wins,32.33,0,0,0,0,0,0,0,0,0,0
129,AgentA wins,29.67,0,0,0,0,0,0,0,0,0,0
130,AgentA wins,23.00,0,0,0,0,0,0,0,0,0,0
121,AgentB wins,23.67,0,0,0,0,0,0,0,0,0,0
122,AgentA wins,19.33,0,0,0,0,0,0,0,0,0,0
123,AgentA wins,23.00,0,0,0,0,0,0,0,0,0,0
124,AgentA wins,52.33,0,0,0,0,0,0,0,0,0,0
125,AgentA wins,29.00,0,0,0,0,0,0,0,0,0,0
126,AgentA wins,26.67,0,0,0,0,0,0,0,0,0,0
127,AgentA wins,22.33,0,0,0,0,0,0,0,0,0,0
128,AgentA wins,26.00,0,0,0,0,0,0,0,0,0,0
129,AgentA wins,26.67,0,0,0,0,0,0,0,0,0,0
130,AgentA wins,29.33,0,0,0,0,0,0,0,0,0,0
121,AgentA wins,26.33,0,0,0,0,0,0,0,0,0,0
122,timeout draw,60.00,0,0,0,0,0,0,0,0,0,0
123,AgentA wins,28.33,0,0,0,0,0,0,0,0,0,0
124,AgentA wins,25.33,0,0,0,0,0,0,0,0,0,0
125,AgentB wins,28.67,0,0,0,0,0,0,0,0,0,0
126,AgentA wins,28.33,0,0,0,0,0,0,0,0,0,0
127,AgentA wins,23.00,0,0,0,0,0,0,0,0,0,0
128,AgentA wins,23.00,0,0,0,0,0,0,0,0,0,0
129,AgentA wins,26.00,0,0,0,0,0,0,0,0,0,0
130,AgentA wins,25.33,0,0,0,0,0,0,0,0,0,0
131,AgentA wins,25.33,0,0,0,0,0,0,0,0,0,0
132,AgentA wins,28.33,0,0,0,0,0,0,0,0,0,0
133,AgentA wins,26.00,0,0,0,0,0,0,0,0,0,0
134,AgentA wins,23.00,0,0,0,0,0,0,0,0,0,0
135,AgentB wins,21.00,0,0,0,0,0,0,0,0,0,0
136,AgentA wins,23.00,0,0,0,0,0,0,0,0,0,0
137,AgentA wins,23.33,0,0,0,0,0,0,0,0,0,0
138,AgentB wins,20.67,0,0,0,0,0,0,0,0,0,0
139,AgentA wins,23.00,0,0,0,0,0,0,0,0,0,0
140,AgentA wins,23.00,0,0,0,0,0,0,0,0,0,0
131,AgentA wins,23.00,0,0,0,0,0,0,0,0,0,0
132,AgentA wins,22.33,0,0,0,0,0,0,0,0,0,0
133,AgentA wins,22.33,0,0,0,0,0,0,0,0,0,0
134,AgentA wins,28.33,0,0,0,0,0,0,0,0,0,0
135,AgentA wins,23.00,0,0,0,0,0,0,0,0,0,0
136,AgentA wins,23.00,0,0,0,0,0,0,0,0,0,0
137,AgentB wins,20.67,0,0,0,0,0,0,0,0,0,0
138,AgentA wins,23.00,0,0,0,0,0,0,0,0,0,0
139,AgentA wins,22.33,0,0,0,0,0,0,0,0,0,0
140,AgentA wins,26.67,0,0,0,0,0,0,0,0,0,0
111,AgentA wins,22.33,0,0,0,0,0,0,0,0,0,0
112,AgentA wins,19.33,0,0,0,0,0,0,0,0,0,0
113,AgentA wins,21.67,0,0,0,0,0,0,0,0,0,0
114,AgentA wins,37.67,0,0,0,0,0,0,0,0,0,0
115,AgentA wins,16.33,0,0,0,0,0,0,0,0,0,0
116,AgentA wins,26.00,0,0,0,0,0,0,0,0,0,0
117,AgentA wins,33.67,0,0,0,0,0,0,0,0,0,0
118,AgentA wins,34.67,0,0,0,0,0,0,0,0,0,0
119,AgentA wins,25.33,0,0,0,0,0,0,0,0,0,0
120,AgentA wins,29.67,0,0,0,0,0,0,0,0,0,0
111,AgentA wins,35.00,0,0,0,0,0,0,0,0,0,0
112,AgentB wins,26.67,0,0,0,0,0,0,0,0,0,0
113,AgentA wins,25.33,0,0,0,0,0,0,0,0,0,0
114,AgentA wins,39.00,0,0,0,0,0,0,0,0,0,0
115,AgentA wins,30.67,0,0,0,0,0,0,0,0,0,0
116,timeout draw,60.00,0,0,0,0,0,0,0,0,0,0
117,AgentB wins,24.67,0,0,0,0,0,0,0,0,0,0
118,AgentA wins,22.00,0,0,0,0,0,0,0,0,0,0
119,AgentA wins,25.67,0,0,0,0,0,0,0,0,0,0
120,AgentA wins,26.00,0,0,0,0,0,0,0,0,0,0
131,AgentA wins,28.33,0,0,0,0,0,0,0,0,0,0
132,AgentA wins,28.33,0,0,0,0,0,0,0,0,0,0
133,AgentB wins,20.67,0,0,0,0,0,0,0,0,0,0
134,AgentA wins,23.00,0,0,0,0,0,0,0,0,0,0
135,AgentA wins,29.00,0,0,0,0,0,0,0,0,0,0
136,AgentA wins,28.33,0,0,0,0,0,0,0,0,0,0
137,AgentA wins,23.00,0,0,0,0,0,0,0,0,0,0
138,AgentB wins,20.67,0,0,0,0,0,0,0,0,0,0
139,AgentA wins,23.00,0,0,0,0,0,0,0,0,0,0
140,AgentA wins,22.33,0,0,0,0,0,0,0,0,0,0
111,AgentA wins,20.00,0,0,0,0,0,0,0,0,0,0
112,AgentA wins,32.67,0,0,0,0,0,0,0,0,0,0
113,AgentA wins,24.67,0,0,0,0,0,0,0,0,0,0
114,AgentA wins,19.00,0,0,0,0,0,0,0,0,0,0
115,AgentA wins,27.67,0,0,0,0,0,0,0,0,0,0
116,AgentA wins,31.00,0,0,0,0,0,0,0,0,0,0
117,AgentA wins,26.00,0,0,0,0,0,0,0,0,0,0
118,AgentB wins,30.00,0,0,0,0,0,0,0,0,0,0
119,AgentA wins,25.67,0,0,0,0,0,0,0,0,0,0
120,AgentA wins,34.33,0,0,0,0,0,0,0,0,0,0
111,AgentA wins,25.33,225,203,50,106,0,168,0,18,61,13
112,AgentA wins,19.00,171,150,35,86,0,131,0,17,39,17
113,AgentA wins,25.67,231,208,44,101,0,169,0,16,59,19
114,AgentA wins,19.00,170,152,41,67,0,115,0,11,40,12
115,AgentA wins,19.33,175,154,41,83,0,122,0,22,34,14
116,AgentA wins,19.00,163,148,41,72,0,131,0,11,55,12
117,AgentA wins,26.00,231,208,46,119,0,180,0,22,55,20
118,AgentA wins,32.00,286,259,59,148,0,205,0,29,58,23
119,AgentA wins,16.33,146,127,31,71,0,111,0,16,31,16
120,AgentA wins,26.00,238,206,49,117,0,178,0,25,47,24
111,AgentA wins,22.33,0,0,0,0,0,0,0,0,0,0
112,AgentA wins,36.00,0,0,0,0,0,0,0,0,0,0
113,AgentA wins,34.00,0,0,0,0,0,0,0,0,0,0
114,AgentA wins,23.00,0,0,0,0,0,0,0,0,0,0
115,AgentB wins,48.00,0,0,0,0,0,0,0,0,0,0
116,AgentA wins,22.33,0,0,0,0,0,0,0,0,0,0
117,AgentA wins,26.00,0,0,0,0,0,0,0,0,0,0
118,AgentA wins,19.33,0,0,0,0,0,0,0,0,0,0
119,AgentA wins,39.33,0,0,0,0,0,0,0,0,0,0
120,AgentA wins,28.33,0,0,0,0,0,0,0,0,0,0
111,AgentB wins,30.67,0,0,0,0,0,0,0,0,0,0
112,AgentA wins,22.00,0,0,0,0,0,0,0,0,0,0
113,AgentA wins,16.33,0,0,0,0,0,0,0,0,0,0
114,AgentA wins,28.00,0,0,0,0,0,0,0,0,0,0
115,AgentA wins,17.00,0,0,0,0,0,0,0,0,0,0
116,AgentA wins,19.00,0,0,0,0,0,0,0,0,0,0
117,AgentA wins,18.67,0,0,0,0,0,0,0,0,0,0
118,AgentA wins,20.00,0,0,0,0,0,0,0,0,0,0
119,AgentA wins,31.33,0,0,0,0,0,0,0,0,0,0
120,AgentA wins,16.33,0,0,0,0,0,0,0,0,0,0
131,AgentA wins,23.00,0,0,0,0,0,0,0,0,0,0
132,AgentA wins,23.00,0,0,0,0,0,0,0,0,0,0
133,AgentA wins,28.33,0,0,0,0,0,0,0,0,0,0
134,AgentA wins,23.00,0,0,0,0,0,0,0,0,0,0
135,AgentA wins,23.00,0,0,0,0,0,0,0,0,0,0
136,AgentA wins,22.33,0,0,0,0,0,0,0,0,0,0
137,AgentA wins,26.67,0,0,0,0,0,0,0,0,0,0
138,AgentA wins,26.00,0,0,0,0,0,0,0,0,0,0
139,AgentA wins,15.67,0,0,0,0,0,0,0,0,0,0
140,AgentA wins,29.00,0,0,0,0,0,0,0,0,0,0
131,AgentA wins,28.33,0,0,0,0,0,0,0,0,0,0
132,AgentA wins,23.00,0,0,0,0,0,0,0,0,0,0
133,timeout draw,60.00,0,0,0,0,0,0,0,0,0,0
134,AgentB wins,21.00,0,0,0,0,0,0,0,0,0,0
135,AgentA wins,23.00,0,0,0,0,0,0,0,0,0,0
136,AgentA wins,23.00,0,0,0,0,0,0,0,0,0,0
137,AgentA wins,25.67,0,0,0,0,0,0,0,0,0,0
138,AgentA wins,26.00,0,0,0,0,0,0,0,0,0,0
139,AgentA wins,23.00,0,0,0,0,0,0,0,0,0,0
140,AgentA wins,23.00,0,0,0,0,0,0,0,0,0,0
131,AgentA wins,25.33,0,0,0,0,0,0,0,0,0,0
132,AgentA wins,28.33,0,0,0,0,0,0,0,0,0,0
133,AgentA wins,23.00,0,0,0,0,0,0,0,0,0,0
134,AgentA wins,22.33,0,0,0,0,0,0,0,0,0,0
135,AgentA wins,23.00,0,0,0,0,0,0,0,0,0,0
136,AgentA wins,23.00,0,0,0,0,0,0,0,0,0,0
137,AgentA wins,27.00,0,0,0,0,0,0,0,0,0,0
138,AgentA wins,26.00,0,0,0,0,0,0,0,0,0,0
139,AgentA wins,23.00,0,0,0,0,0,0,0,0,0,0
140,AgentA wins,23.00,0,0,0,0,0,0,0,0,0,0
121,AgentA wins,33.00,0,0,0,0,0,0,0,0,0,0
122,timeout draw,60.00,0,0,0,0,0,0,0,0,0,0
123,AgentA wins,26.00,0,0,0,0,0,0,0,0,0,0
124,AgentA wins,25.33,0,0,0,0,0,0,0,0,0,0
125,AgentA wins,23.00,0,0,0,0,0,0,0,0,0,0
126,AgentA wins,23.00,0,0,0,0,0,0,0,0,0,0
127,AgentA wins,36.33,0,0,0,0,0,0,0,0,0,0
128,AgentA wins,26.33,0,0,0,0,0,0,0,0,0,0
129,AgentA wins,26.33,0,0,0,0,0,0,0,0,0,0
130,AgentA wins,23.00,0,0,0,0,0,0,0,0,0,0
131,AgentA wins,25.67,0,0,0,0,0,0,0,0,0,0
132,AgentA wins,23.00,0,0,0,0,0,0,0,0,0,0
133,AgentA wins,23.00,0,0,0,0,0,0,0,0,0,0
134,AgentA wins,23.00,0,0,0,0,0,0,0,0,0,0
135,AgentA wins,23.00,0,0,0,0,0,0,0,0,0,0
136,AgentA wins,26.00,0,0,0,0,0,0,0,0,0,0
137,AgentA wins,23.00,0,0,0,0,0,0,0,0,0,0
138,AgentA wins,23.00,0,0,0,0,0,0,0,0,0,0
139,AgentA wins,25.33,0,0,0,0,0,0,0,0,0,0
140,AgentA wins,26.00,0,0,0,0,0,0,0,0,0,0
131,AgentB wins,20.67,0,0,0,0,0,0,0,0,0,0
132,AgentA wins,28.33,0,0,0,0,0,0,0,0,0,0
133,timeout draw,60.00,0,0,0,0,0,0,0,0,0,0
134,AgentB wins,17.67,0,0,0,0,0,0,0,0,0,0
135,AgentA wins,23.00,0,0,0,0,0,0,0,0,0,0
136,AgentA wins,20.33,0,0,0,0,0,0,0,0,0,0
137,AgentA wins,23.00,0,0,0,0,0,0,0,0,0,0
138,AgentA wins,23.00,0,0,0,0,0,0,0,0,0,0
139,AgentA wins,25.33,0,0,0,0,0,0,0,0,0,0
140,timeout draw,60.00,0,0,0,0,0,0,0,0,0,0
121,AgentA wins,26.33,0,0,0,0,0,0,0,0,0,0
122,AgentB wins,20.67,0,0,0,0,0,0,0,0,0,0
123,AgentA wins,23.00,0,0,0,0,0,0,0,0,0,0
124,AgentA wins,25.67,0,0,0,0,0,0,0,0,0,0
125,AgentA wins,26.33,0,0,0,0,0,0,0,0,0,0
126,timeout draw,60.00,0,0,0,0,0,0,0,0,0,0
127,AgentA wins,25.67,0,0,0,0,0,0,0,0,0,0
128,AgentB wins,28.00,0,0,0,0,0,0,0,0,0,0
129,AgentA wins,23.00,0,0,0,0,0,0,0,0,0,0
130,AgentA wins,23.00,0,0,0,0,0,0,0,0,0,0
131,AgentA wins,26.33,0,0,0,0,0,0,0,0,0,0
132,AgentA wins,23.00,0,0,0,0,0,0,0,0,0,0
133,AgentB wins,20.67,0,0,0,0,0,0,0,0,0,0
134,AgentA wins,23.00,0,0,0,0,0,0,0,0,0,0
135,AgentA wins,22.67,0,0,0,0,0,0,0,0,0,0
136,AgentA wins,23.00,0,0,0,0,0,0,0,0,0,0
137,AgentA wins,29.33,0,0,0,0,0,0,0,0,0,0
138,AgentA wins,23.00,0,0,0,0,0,0,0,0,0,0
139,AgentA wins,23.00,0,0,0,0,0,0,0,0,0,0
140,AgentA wins,23.00,0,0,0,0,0,0,0,0,0,0
131,AgentA wins,28.33,0,0,0,0,0,0,0,0,0,0
132,AgentA wins,23.00,0,0,0,0,0,0,0,0,0,0
133,AgentA wins,23.00,0,0,0,0,0,0,0,0,0,0
134,AgentA wins,23.00,0,0,0,0,0,0,0,0,0,0
135,AgentA wins,23.00,0,0,0,0,0,0,0,0,0,0
136,AgentA wins,26.00,0,0,0,0,0,0,0,0,0,0
137,AgentA wins,23.00,0,0,0,0,0,0,0,0,0,0
138,AgentA wins,25.67,0,0,0,0,0,0,0,0,0,0
139,AgentA wins,23.00,0,0,0,0,0,0,0,0,0,0
140,AgentA wins,23.00,0,0,0,0,0,0,0,0,0,0
111,AgentA wins,23.00,0,0,0,0,0,0,0,0,0,0
112,AgentA wins,29.33,0,0,0,0,0,0,0,0,0,0
113,AgentA wins,19.00,0,0,0,0,0,0,0,0,0,0
114,AgentA wins,28.33,0,0,0,0,0,0,0,0,0,0
115,AgentA wins,31.33,0,0,0,0,0,0,0,0,0,0
116,AgentA wins,49.00,0,0,0,0,0,0,0,0,0,0
117,AgentA wins,35.33,0,0,0,0,0,0,0,0,0,0
118,AgentA wins,22.33,0,0,0,0,0,0,0,0,0,0
119,AgentA wins,22.00,0,0,0,0,0,0,0,0,0,0
120,AgentA wins,28.00,0,0,0,0,0,0,0,0,0,0
121,AgentA wins,40.33,0,0,0,0,0,0,0,0,0,0
122,AgentA wins,28.33,0,0,0,0,0,0,0,0,0,0
123,AgentA wins,28.67,0,0,0,0,0,0,0,0,0,0
124,AgentA wins,25.33,0,0,0,0,0,0,0,0,0,0
125,AgentA wins,22.33,0,0,0,0,0,0,0,0,0,0
126,AgentA wins,19.00,0,0,0,0,0,0,0,0,0,0
127,AgentA wins,26.00,0,0,0,0,0,0,0,0,0,0
128,AgentA wins,19.33,0,0,0,0,0,0,0,0,0,0
129,AgentA wins,34.67,0,0,0,0,0,0,0,0,0,0
130,AgentA wins,34.33,0,0,0,0,0,0,0,0,0,0
131,AgentA wins,28.33,0,0,0,0,0,0,0,0,0,0
132,AgentA wins,23.00,0,0,0,0,0,0,0,0,0,0
133,AgentA wins,23.00,0,0,0,0,0,0,0,0,0,0
134,AgentA wins,25.67,0,0,0,0,0,0,0,0,0,0
135,AgentA wins,26.00,0,0,0,0,0,0,0,0,0,0
136,AgentA wins,23.00,0,0,0,0,0,0,0,0,0,0
137,AgentA wins,23.00,0,0,0,0,0,0,0,0,0,0
138,AgentA wins,26.00,0,0,0,0,0,0,0,0,0,0
139,AgentA wins,23.00,0,0,0,0,0,0,0,0,0,0
140,AgentA wins,21.00,0,0,0,0,0,0,0,0,0,0
131,AgentA wins,23.00,0,0,0,0,0,0,0,0,0,0
132,AgentA wins,26.00,0,0,0,0,0,0,0,0,0,0
133,AgentA wins,26.00,0,0,0,0,0,0,0,0,0,0
134,AgentA wins,27.00,0,0,0,0,0,0,0,0,0,0
135,AgentA wins,23.00,0,0,0,0,0,0,0,0,0,0
136,AgentA wins,23.00,0,0,0,0,0,0,0,0,0,0
137,AgentA wins,23.00,0,0,0,0,0,0,0,0,0,0
138,AgentA wins,23.00,0,0,0,0,0,0,0,0,0,0
139,AgentA wins,26.33,0,0,0,0,0,0,0,0,0,0
140,AgentA wins,26.67,0,0,0,0,0,0,0,0,0,0
111,AgentB wins,43.67,0,0,0,0,0,0,0,0,0,0
112,AgentA wins,28.67,0,0,0,0,0,0,0,0,0,0
113,AgentA wins,37.33,0,0,0,0,0,0,0,0,0,0
114,AgentA wins,23.00,0,0,0,0,0,0,0,0,0,0
115,AgentA wins,33.33,0,0,0,0,0,0,0,0,0,0
116,AgentA wins,27.33,0,0,0,0,0,0,0,0,0,0
117,AgentA wins,26.67,0,0,0,0,0,0,0,0,0,0
118,AgentA wins,19.33,0,0,0,0,0,0,0,0,0,0
119,AgentA wins,30.67,0,0,0,0,0,0,0,0,0,0
120,AgentA wins,19.33,0,0,0,0,0,0,0,0,0,0
131,AgentA wins,23.00,0,0,0,0,0,0,0,0,0,0
132,AgentA wins,26.00,0,0,0,0,0,0,0,0,0,0
133,AgentA wins,23.00,0,0,0,0,0,0,0,0,0,0
134,AgentA wins,23.00,0,0,0,0,0,0,0,0,0,0
135,AgentA wins,23.00,0,0,0,0,0,0,0,0,0,0
136,AgentA wins,26.33,0,0,0,0,0,0,0,0,0,0
137,AgentA wins,23.00,0,0,0,0,0,0,0,0,0,0
138,AgentA wins,25.33,0,0,0,0,0,0,0,0,0,0
139,AgentA wins,23.00,0,0,0,0,0,0,0,0,0,0
140,AgentA wins,23.00,0,0,0,0,0,0,0,0,0,0
111,AgentA wins,29.00,0,0,0,0,0,0,0,0,0,0
112,AgentA wins,22.33,0,0,0,0,0,0,0,0,0,0
113,AgentA wins,22.33,0,0,0,0,0,0,0,0,0,0
114,AgentA wins,36.00,0,0,0,0,0,0,0,0,0,0
115,AgentA wins,28.33,0,0,0,0,0,0,0,0,0,0
116,AgentA wins,51.67,0,0,0,0,0,0,0,0,0,0
117,AgentA wins,23.00,0,0,0,0,0,0,0,0,0,0
118,AgentA wins,22.67,0,0,0,0,0,0,0,0,0,0
119,AgentB wins,27.33,0,0,0,0,0,0,0,0,0,0
120,AgentA wins,28.67,0,0,0,0,0,0,0,0,0,0
141,AgentA wins,26.00,0,0,0,0,0,0,0,0,0,0
142,AgentA wins,23.00,0,0,0,0,0,0,0,0,0,0
143,AgentA wins,23.00,0,0,0,0,0,0,0,0,0,0
144,AgentA wins,23.00,0,0,0,0,0,0,0,0,0,0
145,AgentA wins,23.00,0,0,0,0,0,0,0,0,0,0
146,AgentA wins,23.00,0,0,0,0,0,0,0,0,0,0
147,AgentA wins,26.00,0,0,0,0,0,0,0,0,0,0
148,AgentA wins,23.00,0,0,0,0,0,0,0,0,0,0
149,AgentA wins,26.00,0,0,0,0,0,0,0,0,0,0
150,AgentA wins,26.33,0,0,0,0,0,0,0,0,0,0
141,AgentA wins,23.00,0,0,0,0,0,0,0,0,0,0
142,AgentA wins,23.00,0,0,0,0,0,0,0,0,0,0
143,AgentA wins,23.67,0,0,0,0,0,0,0,0,0,0
144,AgentA wins,23.00,0,0,0,0,0,0,0,0,0,0
145,AgentA wins,23.00,0,0,0,0,0,0,0,0,0,0
146,AgentA wins,23.00,0,0,0,0,0,0,0,0,0,0
147,AgentA wins,23.00,0,0,0,0,0,0,0,0,0,0
148,timeout draw,60.00,0,0,0,0,0,0,0,0,0,0
149,AgentA wins,23.00,0,0,0,0,0,0,0,0,0,0
150,AgentA wins,23.00,0,0,0,0,0,0,0,0,0,0
121,AgentA wins,29.00,0,0,0,0,0,0,0,0,0,0
122,AgentA wins,16.33,0,0,0,0,0,0,0,0,0,0
123,AgentA wins,22.00,0,0,0,0,0,0,0,0,0,0
124,AgentA wins,48.67,0,0,0,0,0,0,0,0,0,0
125,AgentA wins,25.67,0,0,0,0,0,0,0,0,0,0
126,AgentA wins,34.33,0,0,0,0,0,0,0,0,0,0
127,AgentA wins,19.33,0,0,0,0,0,0,0,0,0,0
128,AgentB wins,20.67,0,0,0,0,0,0,0,0,0,0
129,AgentA wins,26.00,0,0,0,0,0,0,0,0,0,0
130,AgentB wins,21.67,0,0,0,0,0,0,0,0,0,0
141,AgentA wins,23.00,0,0,0,0,0,0,0,0,0,0
142,AgentA wins,23.00,0,0,0,0,0,0,0,0,0,0
143,AgentA wins,23.00,0,0,0,0,0,0,0,0,0,0
144,AgentA wins,37.33,0,0,0,0,0,0,0,0,0,0
145,AgentA wins,26.00,0,0,0,0,0,0,0,0,0,0
146,AgentA wins,26.33,0,0,0,0,0,0,0,0,0,0
147,AgentA wins,24.67,0,0,0,0,0,0,0,0,0,0
148,AgentA wins,22.67,0,0,0,0,0,0,0,0,0,0
149,AgentA wins,23.00,0,0,0,0,0,0,0,0,0,0
150,AgentA wins,23.00,0,0,0,0,0,0,0,0,0,0
121,AgentA wins,25.67,231,204,45,113,0,172,0,23,44,29
122,AgentA wins,19.00,175,153,33,89,0,117,0,18,29,16
123,AgentA wins,33.33,294,271,61,144,0,214,0,34,60,30
124,AgentA wins,24.67,226,197,42,118,0,165,0,23,32,23
125,AgentA wins,32.00,285,253,65,133,0,208,0,29,57,33
126,AgentA wins,23.00,206,184,37,94,0,140,0,18,41,18
127,AgentA wins,25.00,222,202,56,100,0,165,0,22,54,19
128,AgentA wins,29.00,258,236,52,129,0,192,0,25,58,24
129,AgentA wins,25.00,220,204,45,99,0,157,0,19,51,20
130,AgentA wins,22.00,196,176,41,87,0,144,0,19,43,18
121,AgentA wins,30.33,0,0,0,0,0,0,0,0,0,0
122,AgentA wins,25.33,0,0,0,0,0,0,0,0,0,0
123,AgentA wins,29.00,0,0,0,0,0,0,0,0,0,0
124,AgentA wins,32.00,0,0,0,0,0,0,0,0,0,0
125,AgentA wins,28.67,0,0,0,0,0,0,0,0,0,0
126,AgentA wins,32.67,0,0,0,0,0,0,0,0,0,0
127,AgentA wins,31.33,0,0,0,0,0,0,0,0,0,0
128,AgentA wins,19.33,0,0,0,0,0,0,0,0,0,0
129,timeout draw,60.00,0,0,0,0,0,0,0,0,0,0
130,AgentA wins,25.67,0,0,0,0,0,0,0,0,0,0
121,AgentA wins,38.00,0,0,0,0,0,0,0,0,0,0
122,AgentA wins,22.33,0,0,0,0,0,0,0,0,0,0
123,AgentA wins,22.33,0,0,0,0,0,0,0,0,0,0
124,AgentA wins,19.33,0,0,0,0,0,0,0,0,0,0
125,AgentA wins,37.00,0,0,0,0,0,0,0,0,0,0
126,AgentA wins,31.33,0,0,0,0,0,0,0,0,0,0
127,AgentA wins,22.33,0,0,0,0,0,0,0,0,0,0
128,AgentA wins,27.33,0,0,0,0,0,0,0,0,0,0
129,AgentA wins,31.33,0,0,0,0,0,0,0,0,0,0
130,AgentA wins,41.00,0,0,0,0,0,0,0,0,0,0
141,AgentA wins,23.00,0,0,0,0,0,0,0,0,0,0
142,AgentA wins,26.00,0,0,0,0,0,0,0,0,0,0
143,AgentA wins,26.00,0,0,0,0,0,0,0,0,0,0
144,AgentA wins,23.00,0,0,0,0,0,0,0,0,0,0
145,AgentA wins,28.33,0,0,0,0,0,0,0,0,0,0
146,AgentA wins,23.00,0,0,0,0,0,0,0,0,0,0
147,AgentA wins,23.00,0,0,0,0,0,0,0,0,0,0
148,AgentA wins,25.67,0,0,0,0,0,0,0,0,0,0
149,AgentA wins,23.00,0,0,0,0,0,0,0,0,0,0
150,AgentA wins,26.00,0,0,0,0,0,0,0,0,0,0
141,AgentA wins,25.67,0,0,0,0,0,0,0,0,0,0
142,AgentA wins,23.00,0,0,0,0,0,0,0,0,0,0
143,AgentA wins,23.00,0,0,0,0,0,0,0,0,0,0
144,AgentA wins,23.00,0,0,0,0,0,0,0,0,0,0
145,AgentA wins,22.67,0,0,0,0,0,0,0,0,0,0
146,AgentA wins,23.00,0,0,0,0,0,0,0,0,0,0
147,AgentA wins,28.33,0,0,0,0,0,0,0,0,0,0
148,AgentA wins,26.00,0,0,0,0,0,0,0,0,0,0
149,AgentA wins,25.33,0,0,0,0,0,0,0,0,0,0
150,AgentA wins,26.33,0,0,0,0,0,0,0,0,0,0
141,AgentA wins,23.00,0,0,0,0,0,0,0,0,0,0
142,AgentA wins,23.00,0,0,0,0,0,0,0,0,0,0
143,AgentA wins,23.00,0,0,0,0,0,0,0,0,0,0
144,AgentA wins,26.33,0,0,0,0,0,0,0,0,0,0
145,AgentA wins,26.00,0,0,0,0,0,0,0,0,0,0
146,AgentA wins,26.00,0,0,0,0,0,0,0,0,0,0
147,AgentA wins,23.00,0,0,0,0,0,0,0,0,0,0
148,AgentA wins,23.00,0,0,0,0,0,0,0,0,0,0
149,AgentA wins,23.00,0,0,0,0,0,0,0,0,0,0
150,AgentA wins,25.33,0,0,0,0,0,0,0,0,0,0
131,AgentA wins,26.00,0,0,0,0,0,0,0,0,0,0
132,AgentA wins,23.00,0,0,0,0,0,0,0,0,0,0
133,AgentB wins,24.00,0,0,0,0,0,0,0,0,0,0
134,AgentA wins,26.67,0,0,0,0,0,0,0,0,0,0
135,AgentA wins,23.00,0,0,0,0,0,0,0,0,0,0
136,AgentA wins,23.00,0,0,0,0,0,0,0,0,0,0
137,AgentA wins,26.33,0,0,0,0,0,0,0,0,0,0
138,AgentA wins,32.00,0,0,0,0,0,0,0,0,0,0
139,AgentA wins,26.00,0,0,0,0,0,0,0,0,0,0
140,AgentA wins,26.33,0,0,0,0,0,0,0,0,0,0
121,AgentA wins,26.00,0,0,0,0,0,0,0,0,0,0
122,AgentA wins,29.00,0,0,0,0,0,0,0,0,0,0
123,AgentA wins,22.33,0,0,0,0,0,0,0,0,0,0
124,AgentA wins,23.67,0,0,0,0,0,0,0,0,0,0
125,AgentA wins,34.67,0,0,0,0,0,0,0,0,0,0
126,AgentA wins,19.00,0,0,0,0,0,0,0,0,0,0
127,timeout draw,60.00,0,0,0,0,0,0,0,0,0,0
128,AgentA wins,31.67,0,0,0,0,0,0,0,0,0,0
129,AgentA wins,36.33,0,0,0,0,0,0,0,0,0,0
130,AgentA wins,20.00,0,0,0,0,0,0,0,0,0,0
141,AgentA wins,23.00,0,0,0,0,0,0,0,0,0,0
142,AgentA wins,26.00,0,0,0,0,0,0,0,0,0,0
143,timeout draw,60.00,0,0,0,0,0,0,0,0,0,0
144,AgentA wins,23.00,0,0,0,0,0,0,0,0,0,0
145,AgentB wins,34.67,0,0,0,0,0,0,0,0,0,0
146,AgentA wins,23.00,0,0,0,0,0,0,0,0,0,0
147,AgentA wins,23.00,0,0,0,0,0,0,0,0,0,0
148,AgentA wins,23.00,0,0,0,0,0,0,0,0,0,0
149,AgentA wins,23.00,0,0,0,0,0,0,0,0,0,0
150,AgentA wins,20.33,0,0,0,0,0,0,0,0,0,0
131,AgentA wins,23.00,0,0,0,0,0,0,0,0,0,0
132,AgentA wins,23.00,0,0,0,0,0,0,0,0,0,0
133,timeout draw,60.00,0,0,0,0,0,0,0,0,0,0
134,AgentB wins,14.67,0,0,0,0,0,0,0,0,0,0
135,AgentA wins,23.00,0,0,0,0,0,0,0,0,0,0
136,AgentA wins,23.00,0,0,0,0,0,0,0,0,0,0
137,AgentA wins,24.67,0,0,0,0,0,0,0,0,0,0
138,AgentA wins,26.00,0,0,0,0,0,0,0,0,0,0
139,AgentA wins,22.33,0,0,0,0,0,0,0,0,0,0
140,AgentA wins,23.00,0,0,0,0,0,0,0,0,0,0
121,AgentA wins,29.00,0,0,0,0,0,0,0,0,0,0
122,AgentA wins,23.00,0,0,0,0,0,0,0,0,0,0
123,AgentA wins,25.00,0,0,0,0,0,0,0,0,0,0
124,AgentA wins,19.33,0,0,0,0,0,0,0,0,0,0
125,AgentA wins,32.00,0,0,0,0,0,0,0,0,0,0
126,AgentA wins,35.33,0,0,0,0,0,0,0,0,0,0
127,AgentA wins,22.67,0,0,0,0,0,0,0,0,0,0
128,AgentA wins,29.00,0,0,0,0,0,0,0,0,0,0
129,AgentA wins,52.33,0,0,0,0,0,0,0,0,0,0
130,AgentA wins,32.00,0,0,0,0,0,0,0,0,0,0
141,AgentA wins,33.00,0,0,0,0,0,0,0,0,0,0
142,AgentA wins,23.00,0,0,0,0,0,0,0,0,0,0
143,AgentA wins,23.00,0,0,0,0,0,0,0,0,0,0
144,AgentA wins,20.33,0,0,0,0,0,0,0,0,0,0
145,AgentA wins,23.00,0,0,0,0,0,0,0,0,0,0
146,AgentA wins,28.33,0,0,0,0,0,0,0,0,0,0
147,AgentA wins,23.00,0,0,0,0,0,0,0,0,0,0
148,AgentA wins,26.33,0,0,0,0,0,0,0,0,0,0
149,AgentA wins,29.33,0,0,0,0,0,0,0,0,0,0
150,timeout draw,60.00,0,0,0,0,0,0,0,0,0,0
141,AgentA wins,25.33,0,0,0,0,0,0,0,0,0,0
142,AgentA wins,28.33,0,0,0,0,0,0,0,0,0,0
143,AgentA wins,23.00,0,0,0,0,0,0,0,0,0,0
144,AgentA wins,23.00,0,0,0,0,0,0,0,0,0,0
145,AgentA wins,23.00,0,0,0,0,0,0,0,0,0,0
146,AgentA wins,23.00,0,0,0,0,0,0,0,0,0,0
147,AgentA wins,26.00,0,0,0,0,0,0,0,0,0,0
148,AgentA wins,23.00,0,0,0,0,0,0,0,0,0,0
149,AgentA wins,23.00,0,0,0,0,0,0,0,0,0,0
150,AgentA wins,23.00,0,0,0,0,0,0,0,0,0,0
141,AgentA wins,23.00,0,0,0,0,0,0,0,0,0,0
142,AgentA wins,23.00,0,0,0,0,0,0,0,0,0,0
143,AgentA wins,23.00,0,0,0,0,0,0,0,0,0,0
144,AgentA wins,28.33,0,0,0,0,0,0,0,0,0,0
145,AgentA wins,26.00,0,0,0,0,0,0,0,0,0,0
146,AgentA wins,25.33,0,0,0,0,0,0,0,0,0,0
147,timeout draw,60.00,0,0,0,0,0,0,0,0,0,0
148,AgentA wins,38.67,0,0,0,0,0,0,0,0,0,0
149,AgentA wins,28.33,0,0,0,0,0,0,0,0,0,0
150,AgentA wins,26.00,0,0,0,0,0,0,0,0,0,0
141,AgentB wins,49.67,0,0,0,0,0,0,0,0,0,0
142,AgentA wins,22.67,0,0,0,0,0,0,0,0,0,0
143,AgentA wins,23.00,0,0,0,0,0,0,0,0,0,0
144,AgentA wins,26.00,0,0,0,0,0,0,0,0,0,0
145,timeout draw,60.00,0,0,0,0,0,0,0,0,0,0
146,AgentA wins,37.67,0,0,0,0,0,0,0,0,0,0
147,AgentA wins,23.00,0,0,0,0,0,0,0,0,0,0
148,AgentA wins,26.00,0,0,0,0,0,0,0,0,0,0
149,AgentA wins,26.00,0,0,0,0,0,0,0,0,0,0
150,AgentA wins,26.00,0,0,0,0,0,0,0,0,0,0
121,AgentA wins,33.33,0,0,0,0,0,0,0,0,0,0
122,AgentA wins,36.33,0,0,0,0,0,0,0,0,0,0
123,AgentA wins,23.00,0,0,0,0,0,0,0,0,0,0
124,AgentA wins,27.67,0,0,0,0,0,0,0,0,0,0
125,AgentA wins,22.33,0,0,0,0,0,0,0,0,0,0
126,timeout draw,60.00,0,0,0,0,0,0,0,0,0,0
127,AgentA wins,18.67,0,0,0,0,0,0,0,0,0,0
128,AgentA wins,23.00,0,0,0,0,0,0,0,0,0,0
129,AgentA wins,56.00,0,0,0,0,0,0,0,0,0,0
130,AgentA wins,28.67,0,0,0,0,0,0,0,0,0,0
121,AgentA wins,26.00,0,0,0,0,0,0,0,0,0,0
122,AgentA wins,27.67,0,0,0,0,0,0,0,0,0,0
123,AgentB wins,31.33,0,0,0,0,0,0,0,0,0,0
124,AgentA wins,25.33,0,0,0,0,0,0,0,0,0,0
125,AgentA wins,19.00,0,0,0,0,0,0,0,0,0,0
126,AgentA wins,29.00,0,0,0,0,0,0,0,0,0,0
127,AgentA wins,30.67,0,0,0,0,0,0,0,0,0,0
128,AgentA wins,23.00,0,0,0,0,0,0,0,0,0,0
129,AgentA wins,19.00,0,0,0,0,0,0,0,0,0,0
130,AgentB wins,32.33,0,0,0,0,0,0,0,0,0,0
121,AgentA wins,30.33,0,0,0,0,0,0,0,0,0,0
122,AgentA wins,16.33,0,0,0,0,0,0,0,0,0,0
123,AgentA wins,29.67,0,0,0,0,0,0,0,0,0,0
124,AgentB wins,18.67,0,0,0,0,0,0,0,0,0,0
125,AgentA wins,32.00,0,0,0,0,0,0,0,0,0,0
126,AgentA wins,29.00,0,0,0,0,0,0,0,0,0,0
127,AgentA wins,28.33,0,0,0,0,0,0,0,0,0,0
128,AgentA wins,28.33,0,0,0,0,0,0,0,0,0,0
129,AgentA wins,16.33,0,0,0,0,0,0,0,0,0,0
130,AgentA wins,21.33,0,0,0,0,0,0,0,0,0,0
131,AgentA wins,23.00,0,0,0,0,0,0,0,0,0,0
132,AgentA wins,43.67,0,0,0,0,0,0,0,0,0,0
133,AgentA wins,19.33,0,0,0,0,0,0,0,0,0,0
134,AgentA wins,50.67,0,0,0,0,0,0,0,0,0,0
135,AgentA wins,34.67,0,0,0,0,0,0,0,0,0,0
136,AgentA wins,26.00,0,0,0,0,0,0,0,0,0,0
137,AgentA wins,35.00,0,0,0,0,0,0,0,0,0,0
138,AgentA wins,16.33,0,0,0,0,0,0,0,0,0,0
139,AgentA wins,30.33,0,0,0,0,0,0,0,0,0,0
140,AgentA wins,41.33,0,0,0,0,0,0,0,0,0,0
141,AgentA wins,26.33,0,0,0,0,0,0,0,0,0,0
142,AgentA wins,23.00,0,0,0,0,0,0,0,0,0,0
143,AgentA wins,26.33,0,0,0,0,0,0,0,0,0,0
144,AgentA wins,23.00,0,0,0,0,0,0,0,0,0,0
145,timeout draw,60.00,0,0,0,0,0,0,0,0,0,0
146,AgentA wins,27.67,0,0,0,0,0,0,0,0,0,0
147,AgentA wins,27.00,0,0,0,0,0,0,0,0,0,0
148,AgentA wins,29.00,0,0,0,0,0,0,0,0,0,0
149,AgentA wins,26.00,0,0,0,0,0,0,0,0,0,0
150,AgentA wins,23.00,0,0,0,0,0,0,0,0,0,0
151,AgentA wins,23.00,0,0,0,0,0,0,0,0,0,0
152,AgentA wins,23.00,0,0,0,0,0,0,0,0,0,0
153,AgentA wins,26.33,0,0,0,0,0,0,0,0,0,0
154,AgentA wins,25.33,0,0,0,0,0,0,0,0,0,0
155,timeout draw,60.00,0,0,0,0,0,0,0,0,0,0
156,AgentA wins,26.00,0,0,0,0,0,0,0,0,0,0
157,AgentA wins,23.00,0,0,0,0,0,0,0,0,0,0
158,AgentA wins,23.00,0,0,0,0,0,0,0,0,0,0
151,AgentA wins,22.33,0,0,0,0,0,0,0,0,0,0
152,AgentA wins,23.00,0,0,0,0,0,0,0,0,0,0
151,AgentA wins,23.00,0,0,0,0,0,0,0,0,0,0
152,AgentA wins,23.00,0,0,0,0,0,0,0,0,0,0
153,AgentA wins,26.33,0,0,0,0,0,0,0,0,0,0
154,AgentB wins,23.67,0,0,0,0,0,0,0,0,0,0
155,AgentA wins,23.00,0,0,0,0,0,0,0,0,0,0
156,AgentA wins,29.00,0,0,0,0,0,0,0,0,0,0
157,AgentA wins,23.00,0,0,0,0,0,0,0,0,0,0
158,AgentA wins,23.00,0,0,0,0,0,0,0,0,0,0
159,AgentA wins,23.00,0,0,0,0,0,0,0,0,0,0
141,AgentB wins,28.67,0,0,0,0,0,0,0,0,0,0
142,AgentA wins,29.67,0,0,0,0,0,0,0,0,0,0
143,AgentA wins,26.00,0,0,0,0,0,0,0,0,0,0
144,timeout draw,60.00,0,0,0,0,0,0,0,0,0,0
145,AgentA wins,23.00,0,0,0,0,0,0,0,0,0,0
146,AgentA wins,55.33,0,0,0,0,0,0,0,0,0,0
147,AgentA wins,25.33,0,0,0,0,0,0,0,0,0,0
148,AgentA wins,26.67,0,0,0,0,0,0,0,0,0,0
131,AgentA wins,19.33,164,152,38,72,0,123,0,15,36,17
132,AgentA wins,28.00,247,220,55,101,0,156,0,21,43,20
133,timeout draw,60.00,536,485,107,239,0,359,0,48,88,52
134,AgentA wins,28.67,258,232,49,121,0,190,0,29,46,32
135,AgentA wins,29.67,267,237,54,129,0,207,0,26,60,25
136,AgentA wins,22.33,206,177,38,101,0,140,0,21,33,20
151,timeout draw,60.00,0,0,0,0,0,0,0,0,0,0
152,AgentA wins,23.00,0,0,0,0,0,0,0,0,0,0
153,AgentA wins,23.00,0,0,0,0,0,0,0,0,0,0
154,AgentA wins,23.00,0,0,0,0,0,0,0,0,0,0
155,AgentA wins,23.00,0,0,0,0,0,0,0,0,0,0
131,AgentA wins,25.33,0,0,0,0,0,0,0,0,0,0
132,AgentA wins,23.00,0,0,0,0,0,0,0,0,0,0
133,AgentA wins,19.33,0,0,0,0,0,0,0,0,0,0
134,AgentA wins,26.00,0,0,0,0,0,0,0,0,0,0
135,AgentA wins,22.33,0,0,0,0,0,0,0,0,0,0
136,AgentA wins,24.33,0,0,0,0,0,0,0,0,0,0
137,AgentA wins,22.33,0,0,0,0,0,0,0,0,0,0
131,AgentA wins,19.00,0,0,0,0,0,0,0,0,0,0
132,AgentA wins,29.00,0,0,0,0,0,0,0,0,0,0
133,AgentA wins,36.67,0,0,0,0,0,0,0,0,0,0
134,AgentA wins,22.33,0,0,0,0,0,0,0,0,0,0
135,AgentA wins,31.00,0,0,0,0,0,0,0,0,0,0
136,AgentA wins,25.00,0,0,0,0,0,0,0,0,0,0
137,AgentA wins,44.00,0,0,0,0,0,0,0,0,0,0
138,AgentA wins,20.00,0,0,0,0,0,0,0,0,0,0
151,AgentA wins,22.00,0,0,0,0,0,0,0,0,0,0
152,AgentA wins,28.00,0,0,0,0,0,0,0,0,0,0
153,AgentA wins,23.00,0,0,0,0,0,0,0,0,0,0
154,AgentA wins,23.00,0,0,0,0,0,0,0,0,0,0
131,AgentA wins,16.33,0,0,0,0,0,0,0,0,0,0
151,timeout draw,60.00,0,0,0,0,0,0,0,0,0,0
152,AgentA wins,23.00,0,0,0,0,0,0,0,0,0,0
153,AgentA wins,23.00,0,0,0,0,0,0,0,0,0,0
154,AgentA wins,26.67,0,0,0,0,0,0,0,0,0,0
155,AgentA wins,23.00,0,0,0,0,0,0,0,0,0,0
131,AgentA wins,19.00,0,0,0,0,0,0,0,0,0,0
132,AgentB wins,37.67,0,0,0,0,0,0,0,0,0,0
133,AgentA wins,25.00,0,0,0,0,0,0,0,0,0,0
134,AgentA wins,28.67,0,0,0,0,0,0,0,0,0,0
151,AgentA wins,23.00,0,0,0,0,0,0,0,0,0,0
152,AgentA wins,23.00,0,0,0,0,0,0,0,0,0,0
153,AgentA wins,26.33,0,0,0,0,0,0,0,0,0,0
131,AgentA wins,25.67,0,0,0,0,0,0,0,0,0,0
132,AgentA wins,32.00,0,0,0,0,0,0,0,0,0,0
133,AgentA wins,19.33,0,0,0,0,0,0,0,0,0,0
134,AgentA wins,40.33,0,0,0,0,0,0,0,0,0,0
135,AgentB wins,43.00,0,0,0,0,0,0,0,0,0,0
131,AgentA wins,19.33,0,0,0,0,0,0,0,0,0,0
132,AgentA wins,19.33,0,0,0,0,0,0,0,0,0,0
133,AgentA wins,20.00,0,0,0,0,0,0,0,0,0,0
134,AgentA wins,16.33,0,0,0,0,0,0,0,0,0,0
135,AgentA wins,23.00,0,0,0,0,0,0,0,0,0,0
136,AgentA wins,19.33,0,0,0,0,0,0,0,0,0,0
137,AgentA wins,19.33,0,0,0,0,0,0,0,0,0,0
141,AgentA wins,23.00,0,0,0,0,0,0,0,0,0,0
142,AgentA wins,23.00,0,0,0,0,0,0,0,0,0,0
143,AgentA wins,23.00,0,0,0,0,0,0,0,0,0,0
144,AgentA wins,23.00,0,0,0,0,0,0,0,0,0,0
145,AgentA wins,31.33,0,0,0,0,0,0,0,0,0,0
131,AgentA wins,26.00,0,0,0,0,0,0,0,0,0,0
151,AgentA wins,26.33,0,0,0,0,0,0,0,0,0,0
152,AgentA wins,23.00,0,0,0,0,0,0,0,0,0,0
153,AgentA wins,23.00,0,0,0,0,0,0,0,0,0,0
154,AgentA wins,22.33,0,0,0,0,0,0,0,0,0,0
155,AgentA wins,34.00,0,0,0,0,0,0,0,0,0,0
156,AgentA wins,23.00,0,0,0,0,0,0,0,0,0,0
157,AgentA wins,23.00,0,0,0,0,0,0,0,0,0,0
158,AgentA wins,23.00,0,0,0,0,0,0,0,0,0,0
131,AgentA wins,26.00,0,0,0,0,0,0,0,0,0,0
141,AgentA wins,26.00,0,0,0,0,0,0,0,0,0,0
142,AgentA wins,26.00,0,0,0,0,0,0,0,0,0,0
143,AgentA wins,26.00,0,0,0,0,0,0,0,0,0,0
144,AgentA wins,23.00,0,0,0,0,0,0,0,0,0,0
145,AgentA wins,22.33,0,0,0,0,0,0,0,0,0,0
151,AgentA wins,26.00,0,0,0,0,0,0,0,0,0,0
152,AgentA wins,23.00,0,0,0,0,0,0,0,0,0,0
153,AgentA wins,23.00,0,0,0,0,0,0,0,0,0,0
154,AgentA wins,25.00,0,0,0,0,0,0,0,0,0,0
155,AgentA wins,23.00,0,0,0,0,0,0,0,0,0,0
156,AgentA wins,23.00,0,0,0,0,0,0,0,0,0,0
141,AgentA wins,19.33,0,0,0,0,0,0,0,0,0,0
151,AgentA wins,23.00,0,0,0,0,0,0,0,0,0,0
152,AgentA wins,23.00,0,0,0,0,0,0,0,0,0,0
153,AgentA wins,23.00,0,0,0,0,0,0,0,0,0,0
154,AgentA wins,23.00,0,0,0,0,0,0,0,0,0,0
155,AgentA wins,23.00,0,0,0,0,0,0,0,0,0,0
151,AgentA wins,23.00,0,0,0,0,0,0,0,0,0,0
152,AgentA wins,26.00,0,0,0,0,0,0,0,0,0,0
153,AgentA wins,23.00,0,0,0,0,0,0,0,0,0,0
