Episode,Result,Duration,A_Attack,A_Block,A_Dodge,A_Hit,A_Blocked,B_Attack,B_Block,B_Dodge,B_Hit,B_Blocked
1,AgentA wins,14.67,0,0,0,0,0,0,0,0,0,0
2,AgentA wins,15.00,0,0,0,0,0,0,0,0,0,0
3,AgentA wins,17.00,0,0,0,0,0,0,0,0,0,0
4,AgentA wins,15.00,0,0,0,0,0,0,0,0,0,0
5,AgentA wins,15.00,0,0,0,0,0,0,0,0,0,0
6,AgentA wins,20.00,0,0,0,0,0,0,0,0,0,0
7,AgentA wins,15.00,0,0,0,0,0,0,0,0,0,0
8,AgentA wins,19.67,0,0,0,0,0,0,0,0,0,0
9,AgentA wins,15.00,0,0,0,0,0,0,0,0,0,0
10,AgentA wins,15.00,0,0,0,0,0,0,0,0,0,0
1,AgentA wins,17.67,0,0,0,0,0,0,0,0,0,0
2,AgentA wins,19.67,0,0,0,0,0,0,0,0,0,0
3,AgentA wins,20.00,0,0,0,0,0,0,0,0,0,0
4,AgentA wins,15.00,0,0,0,0,0,0,0,0,0,0
5,AgentA wins,15.00,0,0,0,0,0,0,0,0,0,0
6,AgentA wins,15.00,0,0,0,0,0,0,0,0,0,0
7,AgentA wins,15.00,0,0,0,0,0,0,0,0,0,0
8,AgentA wins,20.00,0,0,0,0,0,0,0,0,0,0
9,AgentA wins,17.00,0,0,0,0,0,0,0,0,0,0
10,AgentA wins,15.00,0,0,0,0,0,0,0,0,0,0
1,AgentA wins,19.67,0,0,0,0,0,0,0,0,0,0
2,AgentA wins,15.00,0,0,0,0,0,0,0,0,0,0
3,AgentA wins,19.67,0,0,0,0,0,0,0,0,0,0
4,AgentA wins,15.00,0,0,0,0,0,0,0,0,0,0
5,AgentA wins,19.67,0,0,0,0,0,0,0,0,0,0
6,AgentA wins,15.00,0,0,0,0,0,0,0,0,0,0
7,AgentA wins,15.00,0,0,0,0,0,0,0,0,0,0
8,AgentA wins,15.00,0,0,0,0,0,0,0,0,0,0
9,AgentA wins,20.00,0,0,0,0,0,0,0,0,0,0
10,AgentA wins,20.00,0,0,0,0,0,0,0,0,0,0
1,AgentA wins,14.67,0,0,0,0,0,0,0,0,0,0
2,AgentA wins,17.00,0,0,0,0,0,0,0,0,0,0
3,AgentA wins,20.00,0,0,0,0,0,0,0,0,0,0
4,AgentA wins,15.00,0,0,0,0,0,0,0,0,0,0
5,AgentA wins,20.00,0,0,0,0,0,0,0,0,0,0
6,AgentA wins,17.00,0,0,0,0,0,0,0,0,0,0
7,AgentA wins,20.00,0,0,0,0,0,0,0,0,0,0
8,AgentA wins,15.00,0,0,0,0,0,0,0,0,0,0
9,AgentA wins,18.00,0,0,0,0,0,0,0,0,0,0
10,AgentA wins,20.00,0,0,0,0,0,0,0,0,0,0
1,AgentA wins,14.67,0,0,0,0,0,0,0,0,0,0
2,AgentA wins,15.00,0,0,0,0,0,0,0,0,0,0
3,AgentA wins,20.00,0,0,0,0,0,0,0,0,0,0
4,AgentA wins,20.00,0,0,0,0,0,0,0,0,0,0
5,AgentA wins,18.00,0,0,0,0,0,0,0,0,0,0
6,AgentA wins,17.00,0,0,0,0,0,0,0,0,0,0
7,AgentA wins,19.67,0,0,0,0,0,0,0,0,0,0
8,AgentA wins,18.00,0,0,0,0,0,0,0,0,0,0
9,AgentA wins,17.00,0,0,0,0,0,0,0,0,0,0
10,AgentA wins,20.00,0,0,0,0,0,0,0,0,0,0
1,AgentA wins,19.67,0,0,0,0,0,0,0,0,0,0
2,AgentA wins,20.00,0,0,0,0,0,0,0,0,0,0
3,AgentA wins,15.00,0,0,0,0,0,0,0,0,0,0
4,AgentA wins,17.00,0,0,0,0,0,0,0,0,0,0
5,AgentA wins,18.00,0,0,0,0,0,0,0,0,0,0
6,AgentA wins,20.00,0,0,0,0,0,0,0,0,0,0
7,AgentA wins,20.00,0,0,0,0,0,0,0,0,0,0
8,AgentA wins,20.00,0,0,0,0,0,0,0,0,0,0
9,AgentA wins,15.00,0,0,0,0,0,0,0,0,0,0
10,AgentA wins,15.00,0,0,0,0,0,0,0,0,0,0
1,AgentA wins,14.67,0,0,0,0,0,0,0,0,0,0
2,AgentA wins,19.67,0,0,0,0,0,0,0,0,0,0
3,AgentA wins,19.67,0,0,0,0,0,0,0,0,0,0
4,AgentA wins,19.67,0,0,0,0,0,0,0,0,0,0
5,AgentA wins,20.00,0,0,0,0,0,0,0,0,0,0
6,AgentA wins,15.00,0,0,0,0,0,0,0,0,0,0
7,AgentA wins,20.00,0,0,0,0,0,0,0,0,0,0
8,AgentA wins,18.00,0,0,0,0,0,0,0,0,0,0
9,AgentA wins,17.00,0,0,0,0,0,0,0,0,0,0
10,AgentA wins,18.00,0,0,0,0,0,0,0,0,0,0
1,AgentA wins,19.33,0,0,0,0,0,0,0,0,0,0
2,AgentA wins,20.00,0,0,0,0,0,0,0,0,0,0
3,AgentA wins,19.67,0,0,0,0,0,0,0,0,0,0
4,AgentA wins,19.67,0,0,0,0,0,0,0,0,0,0
5,AgentA wins,18.00,0,0,0,0,0,0,0,0,0,0
6,AgentA wins,17.00,0,0,0,0,0,0,0,0,0,0
7,AgentA wins,15.00,0,0,0,0,0,0,0,0,0,0
8,AgentA wins,20.00,0,0,0,0,0,0,0,0,0,0
9,AgentA wins,18.00,0,0,0,0,0,0,0,0,0,0
10,AgentA wins,15.00,0,0,0,0,0,0,0,0,0,0
1,AgentA wins,14.67,0,0,0,0,0,0,0,0,0,0
2,AgentA wins,18.00,0,0,0,0,0,0,0,0,0,0
3,AgentA wins,15.00,0,0,0,0,0,0,0,0,0,0
4,AgentA wins,20.00,0,0,0,0,0,0,0,0,0,0
5,AgentA wins,18.00,0,0,0,0,0,0,0,0,0,0
6,AgentA wins,20.00,0,0,0,0,0,0,0,0,0,0
7,AgentA wins,20.00,0,0,0,0,0,0,0,0,0,0
8,AgentA wins,20.00,0,0,0,0,0,0,0,0,0,0
9,AgentA wins,20.00,0,0,0,0,0,0,0,0,0,0
10,AgentA wins,20.00,0,0,0,0,0,0,0,0,0,0
1,AgentA wins,14.67,0,0,0,0,0,0,0,0,0,0
2,AgentA wins,20.00,0,0,0,0,0,0,0,0,0,0
3,AgentA wins,17.00,0,0,0,0,0,0,0,0,0,0
4,AgentA wins,19.67,0,0,0,0,0,0,0,0,0,0
5,AgentA wins,20.00,0,0,0,0,0,0,0,0,0,0
6,AgentA wins,18.00,0,0,0,0,0,0,0,0,0,0
7,AgentA wins,19.67,0,0,0,0,0,0,0,0,0,0
8,AgentA wins,18.00,0,0,0,0,0,0,0,0,0,0
9,AgentA wins,19.67,0,0,0,0,0,0,0,0,0,0
10,AgentA wins,20.00,0,0,0,0,0,0,0,0,0,0
1,AgentA wins,19.67,0,0,0,0,0,0,0,0,0,0
2,AgentA wins,15.00,0,0,0,0,0,0,0,0,0,0
3,AgentA wins,20.00,0,0,0,0,0,0,0,0,0,0
4,AgentA wins,15.00,0,0,0,0,0,0,0,0,0,0
5,AgentA wins,22.33,0,0,0,0,0,0,0,0,0,0
6,AgentA wins,20.00,0,0,0,0,0,0,0,0,0,0
7,AgentA wins,20.00,0,0,0,0,0,0,0,0,0,0
8,AgentA wins,20.00,0,0,0,0,0,0,0,0,0,0
9,AgentA wins,20.00,0,0,0,0,0,0,0,0,0,0
10,AgentA wins,15.00,0,0,0,0,0,0,0,0,0,0
1,AgentA wins,14.67,0,0,0,0,0,0,0,0,0,0
2,AgentA wins,19.67,0,0,0,0,0,0,0,0,0,0
3,AgentA wins,20.00,0,0,0,0,0,0,0,0,0,0
4,AgentA wins,22.33,0,0,0,0,0,0,0,0,0,0
5,AgentA wins,20.00,0,0,0,0,0,0,0,0,0,0
6,AgentA wins,18.00,0,0,0,0,0,0,0,0,0,0
7,AgentA wins,20.00,0,0,0,0,0,0,0,0,0,0
8,AgentA wins,15.00,0,0,0,0,0,0,0,0,0,0
9,AgentA wins,20.00,0,0,0,0,0,0,0,0,0,0
10,AgentA wins,18.00,0,0,0,0,0,0,0,0,0,0
1,AgentA wins,19.67,0,0,0,0,0,0,0,0,0,0
2,AgentA wins,20.00,0,0,0,0,0,0,0,0,0,0
3,AgentA wins,20.00,0,0,0,0,0,0,0,0,0,0
4,AgentA wins,20.00,0,0,0,0,0,0,0,0,0,0
5,AgentA wins,20.00,0,0,0,0,0,0,0,0,0,0
6,AgentA wins,15.00,0,0,0,0,0,0,0,0,0,0
7,AgentA wins,18.00,0,0,0,0,0,0,0,0,0,0
8,AgentA wins,18.00,0,0,0,0,0,0,0,0,0,0
9,AgentA wins,18.00,0,0,0,0,0,0,0,0,0,0
10,AgentA wins,20.00,0,0,0,0,0,0,0,0,0,0
1,AgentA wins,19.67,0,0,0,0,0,0,0,0,0,0
2,AgentA wins,20.00,0,0,0,0,0,0,0,0,0,0
3,AgentA wins,15.00,0,0,0,0,0,0,0,0,0,0
4,AgentA wins,19.67,0,0,0,0,0,0,0,0,0,0
5,AgentA wins,19.67,0,0,0,0,0,0,0,0,0,0
6,AgentA wins,18.00,0,0,0,0,0,0,0,0,0,0
7,AgentA wins,20.00,0,0,0,0,0,0,0,0,0,0
8,AgentA wins,20.00,0,0,0,0,0,0,0,0,0,0
9,AgentA wins,20.00,0,0,0,0,0,0,0,0,0,0
10,AgentA wins,20.00,0,0,0,0,0,0,0,0,0,0
1,AgentA wins,19.67,0,0,0,0,0,0,0,0,0,0
2,AgentA wins,20.00,0,0,0,0,0,0,0,0,0,0
3,AgentA wins,20.00,0,0,0,0,0,0,0,0,0,0
4,AgentA wins,19.67,0,0,0,0,0,0,0,0,0,0
5,AgentA wins,20.00,0,0,0,0,0,0,0,0,0,0
6,AgentA wins,20.00,0,0,0,0,0,0,0,0,0,0
7,AgentA wins,20.00,0,0,0,0,0,0,0,0,0,0
8,AgentA wins,20.00,0,0,0,0,0,0,0,0,0,0
9,AgentA wins,20.00,0,0,0,0,0,0,0,0,0,0
10,AgentA wins,18.00,0,0,0,0,0,0,0,0,0,0
1,AgentA wins,14.67,0,0,0,0,0,0,0,0,0,0
2,AgentA wins,15.00,0,0,0,0,0,0,0,0,0,0
3,AgentA wins,18.33,0,0,0,0,0,0,0,0,0,0
4,AgentA wins,15.00,0,0,0,0,0,0,0,0,0,0
5,AgentB wins,45.67,0,0,0,0,0,0,0,0,0,0
6,AgentA wins,18.00,0,0,0,0,0,0,0,0,0,0
7,AgentB wins,25.00,0,0,0,0,0,0,0,0,0,0
8,AgentB wins,25.33,0,0,0,0,0,0,0,0,0,0
9,AgentA wins,29.33,0,0,0,0,0,0,0,0,0,0
10,AgentA wins,15.00,0,0,0,0,0,0,0,0,0,0
1,AgentA wins,14.67,0,0,0,0,0,0,0,0,0,0
2,AgentA wins,18.00,0,0,0,0,0,0,0,0,0,0
3,AgentA wins,31.33,0,0,0,0,0,0,0,0,0,0
4,AgentA wins,24.00,0,0,0,0,0,0,0,0,0,0
5,AgentA wins,18.00,0,0,0,0,0,0,0,0,0,0
6,AgentA wins,30.00,0,0,0,0,0,0,0,0,0,0
7,AgentA wins,23.00,0,0,0,0,0,0,0,0,0,0
8,AgentA wins,21.00,0,0,0,0,0,0,0,0,0,0
9,AgentA wins,18.00,0,0,0,0,0,0,0,0,0,0
10,AgentA wins,30.00,0,0,0,0,0,0,0,0,0,0
1,AgentA wins,31.67,0,0,0,0,0,0,0,0,0,0
2,AgentA wins,18.00,0,0,0,0,0,0,0,0,0,0
3,AgentA wins,18.00,0,0,0,0,0,0,0,0,0,0
4,AgentA wins,26.00,0,0,0,0,0,0,0,0,0,0
5,AgentA wins,18.00,0,0,0,0,0,0,0,0,0,0
6,AgentA wins,24.00,0,0,0,0,0,0,0,0,0,0
7,AgentA wins,41.00,0,0,0,0,0,0,0,0,0,0
8,AgentA wins,15.00,0,0,0,0,0,0,0,0,0,0
9,AgentB wins,30.33,0,0,0,0,0,0,0,0,0,0
10,AgentA wins,32.67,0,0,0,0,0,0,0,0,0,0
1,AgentB wins,24.33,0,0,0,0,0,0,0,0,0,0
2,AgentA wins,39.67,0,0,0,0,0,0,0,0,0,0
3,AgentA wins,15.00,0,0,0,0,0,0,0,0,0,0
4,AgentA wins,29.33,0,0,0,0,0,0,0,0,0,0
5,AgentA wins,15.00,0,0,0,0,0,0,0,0,0,0
6,AgentA wins,15.00,0,0,0,0,0,0,0,0,0,0
7,AgentA wins,21.00,0,0,0,0,0,0,0,0,0,0
8,AgentA wins,27.00,0,0,0,0,0,0,0,0,0,0
9,AgentA wins,52.00,0,0,0,0,0,0,0,0,0,0
10,AgentA wins,30.00,0,0,0,0,0,0,0,0,0,0
1,AgentA wins,17.67,150,169,0,95,0,121,0,18,21,52
2,AgentA wins,18.00,157,169,0,107,0,122,0,19,22,42
3,AgentA wins,24.00,217,217,0,130,0,179,0,21,32,42
4,AgentA wins,36.67,329,336,0,196,0,267,0,39,47,70
5,AgentA wins,46.00,417,415,0,247,0,318,0,51,45,116
6,AgentA wins,15.67,142,139,0,80,0,112,0,18,17,29
7,AgentA wins,18.00,159,164,0,101,0,129,0,20,17,43
8,AgentA wins,33.00,294,296,0,179,0,230,0,35,29,95
9,AgentA wins,41.00,370,369,0,208,0,282,0,40,40,106
10,AgentA wins,18.67,166,167,0,107,0,126,0,22,11,42
1,AgentB wins,17.33,0,0,0,0,0,0,0,0,0,0
2,AgentA wins,15.00,0,0,0,0,0,0,0,0,0,0
3,AgentA wins,48.67,0,0,0,0,0,0,0,0,0,0
4,AgentA wins,33.00,0,0,0,0,0,0,0,0,0,0
5,AgentA wins,36.67,0,0,0,0,0,0,0,0,0,0
6,AgentA wins,21.00,0,0,0,0,0,0,0,0,0,0
7,AgentA wins,15.00,0,0,0,0,0,0,0,0,0,0
8,AgentA wins,38.00,0,0,0,0,0,0,0,0,0,0
9,AgentA wins,18.00,0,0,0,0,0,0,0,0,0,0
10,AgentA wins,27.00,0,0,0,0,0,0,0,0,0,0
1,AgentA wins,33.67,0,0,0,0,0,0,0,0,0,0
2,AgentA wins,48.00,0,0,0,0,0,0,0,0,0,0
3,AgentA wins,38.67,0,0,0,0,0,0,0,0,0,0
4,AgentA wins,15.00,0,0,0,0,0,0,0,0,0,0
5,AgentA wins,33.00,0,0,0,0,0,0,0,0,0,0
6,AgentA wins,27.00,0,0,0,0,0,0,0,0,0,0
7,AgentA wins,26.00,0,0,0,0,0,0,0,0,0,0
8,AgentB wins,30.67,0,0,0,0,0,0,0,0,0,0
9,AgentA wins,26.00,0,0,0,0,0,0,0,0,0,0
10,AgentA wins,15.00,0,0,0,0,0,0,0,0,0,0
1,AgentA wins,23.67,0,0,0,0,0,0,0,0,0,0
2,AgentA wins,15.00,0,0,0,0,0,0,0,0,0,0
3,AgentA wins,30.00,0,0,0,0,0,0,0,0,0,0
4,AgentA wins,31.33,0,0,0,0,0,0,0,0,0,0
5,AgentB wins,25.00,0,0,0,0,0,0,0,0,0,0
6,AgentA wins,53.00,0,0,0,0,0,0,0,0,0,0
7,AgentA wins,35.00,0,0,0,0,0,0,0,0,0,0
8,AgentA wins,24.00,0,0,0,0,0,0,0,0,0,0
9,AgentA wins,24.00,0,0,0,0,0,0,0,0,0,0
10,AgentA wins,47.00,0,0,0,0,0,0,0,0,0,0
1,AgentA wins,26.33,0,0,0,0,0,0,0,0,0,0
2,AgentA wins,41.33,0,0,0,0,0,0,0,0,0,0
3,AgentA wins,23.67,0,0,0,0,0,0,0,0,0,0
4,AgentA wins,15.00,0,0,0,0,0,0,0,0,0,0
5,AgentA wins,35.67,0,0,0,0,0,0,0,0,0,0
6,AgentA wins,33.00,0,0,0,0,0,0,0,0,0,0
7,AgentB wins,31.00,0,0,0,0,0,0,0,0,0,0
8,AgentA wins,18.00,0,0,0,0,0,0,0,0,0,0
9,AgentA wins,32.00,0,0,0,0,0,0,0,0,0,0
10,AgentA wins,52.00,0,0,0,0,0,0,0,0,0,0
1,AgentB wins,37.00,0,0,0,0,0,0,0,0,0,0
2,AgentA wins,21.00,0,0,0,0,0,0,0,0,0,0
3,AgentA wins,32.00,0,0,0,0,0,0,0,0,0,0
4,AgentA wins,44.33,0,0,0,0,0,0,0,0,0,0
5,AgentA wins,15.00,0,0,0,0,0,0,0,0,0,0
6,AgentA wins,27.00,0,0,0,0,0,0,0,0,0,0
7,AgentA wins,18.00,0,0,0,0,0,0,0,0,0,0
8,AgentA wins,53.00,0,0,0,0,0,0,0,0,0,0
9,AgentA wins,24.67,0,0,0,0,0,0,0,0,0,0
10,AgentA wins,43.00,0,0,0,0,0,0,0,0,0,0
11,AgentA wins,20.00,0,0,0,0,0,0,0,0,0,0
12,AgentA wins,18.00,0,0,0,0,0,0,0,0,0,0
13,AgentA wins,18.00,0,0,0,0,0,0,0,0,0,0
14,AgentA wins,20.00,0,0,0,0,0,0,0,0,0,0
15,AgentA wins,15.00,0,0,0,0,0,0,0,0,0,0
16,AgentA wins,15.00,0,0,0,0,0,0,0,0,0,0
17,AgentA wins,20.00,0,0,0,0,0,0,0,0,0,0
18,AgentA wins,20.00,0,0,0,0,0,0,0,0,0,0
19,AgentA wins,18.00,0,0,0,0,0,0,0,0,0,0
20,AgentA wins,19.67,0,0,0,0,0,0,0,0,0,0
11,AgentA wins,20.00,0,0,0,0,0,0,0,0,0,0
12,AgentA wins,18.00,0,0,0,0,0,0,0,0,0,0
13,AgentA wins,18.00,0,0,0,0,0,0,0,0,0,0
14,AgentA wins,15.00,0,0,0,0,0,0,0,0,0,0
15,AgentA wins,17.00,0,0,0,0,0,0,0,0,0,0
16,AgentA wins,20.00,0,0,0,0,0,0,0,0,0,0
17,AgentA wins,17.00,0,0,0,0,0,0,0,0,0,0
18,AgentA wins,20.00,0,0,0,0,0,0,0,0,0,0
19,AgentA wins,18.00,0,0,0,0,0,0,0,0,0,0
20,AgentA wins,17.00,0,0,0,0,0,0,0,0,0,0
11,AgentA wins,15.00,0,0,0,0,0,0,0,0,0,0
12,AgentA wins,17.00,0,0,0,0,0,0,0,0,0,0
13,AgentA wins,20.00,0,0,0,0,0,0,0,0,0,0
14,AgentA wins,20.00,0,0,0,0,0,0,0,0,0,0
15,AgentA wins,15.00,0,0,0,0,0,0,0,0,0,0
16,AgentA wins,15.00,0,0,0,0,0,0,0,0,0,0
17,AgentA wins,17.00,0,0,0,0,0,0,0,0,0,0
18,AgentA wins,20.00,0,0,0,0,0,0,0,0,0,0
19,AgentA wins,18.00,0,0,0,0,0,0,0,0,0,0
20,AgentA wins,20.00,0,0,0,0,0,0,0,0,0,0
11,AgentA wins,15.00,0,0,0,0,0,0,0,0,0,0
12,AgentA wins,15.00,0,0,0,0,0,0,0,0,0,0
13,AgentA wins,18.00,0,0,0,0,0,0,0,0,0,0
14,AgentA wins,18.00,0,0,0,0,0,0,0,0,0,0
15,AgentA wins,17.00,0,0,0,0,0,0,0,0,0,0
16,AgentA wins,20.00,0,0,0,0,0,0,0,0,0,0
17,AgentA wins,20.00,0,0,0,0,0,0,0,0,0,0
18,AgentA wins,20.00,0,0,0,0,0,0,0,0,0,0
19,AgentA wins,15.00,0,0,0,0,0,0,0,0,0,0
20,AgentA wins,17.00,0,0,0,0,0,0,0,0,0,0
11,AgentA wins,20.00,0,0,0,0,0,0,0,0,0,0
12,AgentA wins,20.00,0,0,0,0,0,0,0,0,0,0
13,AgentA wins,20.00,0,0,0,0,0,0,0,0,0,0
14,AgentA wins,20.00,0,0,0,0,0,0,0,0,0,0
15,AgentA wins,15.00,0,0,0,0,0,0,0,0,0,0
16,AgentA wins,15.00,0,0,0,0,0,0,0,0,0,0
17,AgentA wins,18.00,0,0,0,0,0,0,0,0,0,0
18,AgentA wins,15.00,0,0,0,0,0,0,0,0,0,0
19,AgentA wins,15.00,0,0,0,0,0,0,0,0,0,0
20,AgentA wins,18.00,0,0,0,0,0,0,0,0,0,0
11,AgentA wins,15.00,0,0,0,0,0,0,0,0,0,0
12,AgentA wins,20.00,0,0,0,0,0,0,0,0,0,0
13,AgentA wins,18.00,0,0,0,0,0,0,0,0,0,0
14,AgentA wins,17.00,0,0,0,0,0,0,0,0,0,0
15,AgentA wins,20.00,0,0,0,0,0,0,0,0,0,0
16,AgentA wins,20.00,0,0,0,0,0,0,0,0,0,0
17,AgentA wins,15.00,0,0,0,0,0,0,0,0,0,0
18,AgentA wins,15.00,0,0,0,0,0,0,0,0,0,0
19,AgentA wins,15.00,0,0,0,0,0,0,0,0,0,0
20,AgentA wins,20.00,0,0,0,0,0,0,0,0,0,0
11,AgentA wins,18.00,0,0,0,0,0,0,0,0,0,0
12,AgentA wins,15.00,0,0,0,0,0,0,0,0,0,0
13,AgentA wins,20.00,0,0,0,0,0,0,0,0,0,0
14,AgentA wins,15.00,0,0,0,0,0,0,0,0,0,0
15,AgentA wins,15.00,0,0,0,0,0,0,0,0,0,0
16,AgentA wins,20.00,0,0,0,0,0,0,0,0,0,0
17,AgentA wins,20.00,0,0,0,0,0,0,0,0,0,0
18,AgentA wins,18.00,0,0,0,0,0,0,0,0,0,0
19,AgentA wins,18.00,0,0,0,0,0,0,0,0,0,0
20,AgentA wins,18.00,0,0,0,0,0,0,0,0,0,0
11,AgentA wins,18.00,0,0,0,0,0,0,0,0,0,0
12,AgentA wins,18.00,0,0,0,0,0,0,0,0,0,0
13,AgentA wins,19.67,0,0,0,0,0,0,0,0,0,0
14,AgentA wins,18.00,0,0,0,0,0,0,0,0,0,0
15,AgentA wins,20.00,0,0,0,0,0,0,0,0,0,0
16,AgentA wins,20.00,0,0,0,0,0,0,0,0,0,0
17,AgentA wins,20.00,0,0,0,0,0,0,0,0,0,0
18,AgentA wins,19.67,0,0,0,0,0,0,0,0,0,0
19,AgentA wins,20.00,0,0,0,0,0,0,0,0,0,0
20,AgentA wins,18.00,0,0,0,0,0,0,0,0,0,0
11,AgentA wins,20.00,0,0,0,0,0,0,0,0,0,0
12,AgentA wins,17.00,0,0,0,0,0,0,0,0,0,0
13,AgentA wins,20.00,0,0,0,0,0,0,0,0,0,0
14,AgentA wins,18.00,0,0,0,0,0,0,0,0,0,0
15,AgentA wins,20.00,0,0,0,0,0,0,0,0,0,0
16,AgentA wins,20.00,0,0,0,0,0,0,0,0,0,0
17,AgentA wins,15.00,0,0,0,0,0,0,0,0,0,0
18,AgentA wins,20.00,0,0,0,0,0,0,0,0,0,0
19,AgentA wins,20.00,0,0,0,0,0,0,0,0,0,0
20,AgentA wins,20.00,0,0,0,0,0,0,0,0,0,0
11,AgentA wins,20.00,0,0,0,0,0,0,0,0,0,0
12,AgentA wins,15.00,0,0,0,0,0,0,0,0,0,0
13,AgentA wins,20.00,0,0,0,0,0,0,0,0,0,0
14,AgentA wins,15.00,0,0,0,0,0,0,0,0,0,0
15,AgentA wins,20.00,0,0,0,0,0,0,0,0,0,0
16,AgentA wins,18.00,0,0,0,0,0,0,0,0,0,0
17,AgentA wins,18.00,0,0,0,0,0,0,0,0,0,0
18,AgentA wins,20.00,0,0,0,0,0,0,0,0,0,0
19,AgentA wins,18.00,0,0,0,0,0,0,0,0,0,0
20,AgentA wins,20.00,0,0,0,0,0,0,0,0,0,0
11,AgentA wins,18.00,0,0,0,0,0,0,0,0,0,0
12,AgentA wins,20.00,0,0,0,0,0,0,0,0,0,0
13,AgentA wins,18.00,0,0,0,0,0,0,0,0,0,0
14,AgentA wins,20.00,0,0,0,0,0,0,0,0,0,0
15,AgentA wins,20.00,0,0,0,0,0,0,0,0,0,0
16,AgentA wins,18.00,0,0,0,0,0,0,0,0,0,0
17,AgentA wins,17.00,0,0,0,0,0,0,0,0,0,0
18,AgentA wins,20.00,0,0,0,0,0,0,0,0,0,0
19,AgentA wins,20.00,0,0,0,0,0,0,0,0,0,0
20,AgentA wins,20.00,0,0,0,0,0,0,0,0,0,0
11,AgentA wins,18.00,0,0,0,0,0,0,0,0,0,0
12,AgentA wins,20.00,0,0,0,0,0,0,0,0,0,0
13,AgentA wins,20.00,0,0,0,0,0,0,0,0,0,0
14,AgentA wins,20.00,0,0,0,0,0,0,0,0,0,0
15,AgentA wins,18.00,0,0,0,0,0,0,0,0,0,0
16,AgentA wins,20.00,0,0,0,0,0,0,0,0,0,0
17,AgentA wins,18.00,0,0,0,0,0,0,0,0,0,0
18,AgentA wins,20.00,0,0,0,0,0,0,0,0,0,0
19,AgentA wins,20.00,0,0,0,0,0,0,0,0,0,0
20,AgentA wins,20.00,0,0,0,0,0,0,0,0,0,0
11,AgentA wins,15.00,0,0,0,0,0,0,0,0,0,0
12,AgentA wins,15.00,0,0,0,0,0,0,0,0,0,0
13,AgentA wins,20.00,0,0,0,0,0,0,0,0,0,0
14,AgentA wins,15.00,0,0,0,0,0,0,0,0,0,0
15,AgentA wins,20.00,0,0,0,0,0,0,0,0,0,0
16,AgentA wins,20.00,0,0,0,0,0,0,0,0,0,0
17,AgentA wins,18.00,0,0,0,0,0,0,0,0,0,0
18,AgentA wins,20.00,0,0,0,0,0,0,0,0,0,0
19,AgentA wins,20.00,0,0,0,0,0,0,0,0,0,0
20,AgentA wins,20.00,0,0,0,0,0,0,0,0,0,0
11,AgentA wins,20.00,0,0,0,0,0,0,0,0,0,0
12,AgentA wins,20.00,0,0,0,0,0,0,0,0,0,0
13,AgentA wins,20.00,0,0,0,0,0,0,0,0,0,0
14,AgentA wins,18.00,0,0,0,0,0,0,0,0,0,0
15,AgentA wins,20.00,0,0,0,0,0,0,0,0,0,0
16,AgentA wins,20.00,0,0,0,0,0,0,0,0,0,0
17,AgentA wins,20.00,0,0,0,0,0,0,0,0,0,0
18,AgentA wins,20.00,0,0,0,0,0,0,0,0,0,0
19,AgentA wins,20.00,0,0,0,0,0,0,0,0,0,0
20,AgentA wins,20.00,0,0,0,0,0,0,0,0,0,0
11,AgentA wins,19.67,0,0,0,0,0,0,0,0,0,0
12,AgentA wins,20.00,0,0,0,0,0,0,0,0,0,0
13,AgentA wins,20.00,0,0,0,0,0,0,0,0,0,0
14,AgentA wins,20.00,0,0,0,0,0,0,0,0,0,0
15,AgentA wins,18.00,0,0,0,0,0,0,0,0,0,0
16,AgentA wins,20.00,0,0,0,0,0,0,0,0,0,0
17,AgentA wins,18.00,0,0,0,0,0,0,0,0,0,0
18,AgentA wins,20.00,0,0,0,0,0,0,0,0,0,0
19,AgentA wins,20.00,0,0,0,0,0,0,0,0,0,0
20,AgentA wins,20.00,0,0,0,0,0,0,0,0,0,0
11,AgentA wins,24.00,0,0,0,0,0,0,0,0,0,0
12,AgentA wins,26.33,0,0,0,0,0,0,0,0,0,0
13,AgentA wins,15.00,0,0,0,0,0,0,0,0,0,0
14,AgentB wins,27.67,0,0,0,0,0,0,0,0,0,0
15,AgentA wins,31.00,0,0,0,0,0,0,0,0,0,0
16,AgentA wins,24.67,0,0,0,0,0,0,0,0,0,0
17,AgentA wins,24.00,0,0,0,0,0,0,0,0,0,0
18,AgentA wins,15.00,0,0,0,0,0,0,0,0,0,0
19,AgentA wins,15.00,0,0,0,0,0,0,0,0,0,0
20,AgentA wins,18.00,0,0,0,0,0,0,0,0,0,0
11,AgentB wins,32.33,0,0,0,0,0,0,0,0,0,0
12,AgentA wins,31.67,0,0,0,0,0,0,0,0,0,0
13,AgentA wins,20.00,0,0,0,0,0,0,0,0,0,0
14,AgentA wins,27.00,0,0,0,0,0,0,0,0,0,0
15,AgentA wins,15.00,0,0,0,0,0,0,0,0,0,0
16,AgentA wins,18.00,0,0,0,0,0,0,0,0,0,0
17,AgentA wins,23.67,0,0,0,0,0,0,0,0,0,0
18,AgentA wins,30.00,0,0,0,0,0,0,0,0,0,0
19,AgentA wins,18.00,0,0,0,0,0,0,0,0,0,0
20,AgentA wins,29.00,0,0,0,0,0,0,0,0,0,0
11,AgentA wins,18.00,162,167,0,91,0,128,0,17,22,36
12,AgentA wins,15.00,137,137,0,83,0,114,0,20,17,36
13,AgentA wins,31.00,280,279,0,175,0,217,0,32,22,83
14,AgentA wins,23.33,212,214,0,133,0,163,0,26,22,54
15,AgentA wins,32.33,291,290,0,186,0,229,0,35,27,74
16,AgentA wins,15.00,139,134,0,86,0,102,0,19,9,38
17,AgentA wins,15.00,133,137,0,86,0,110,0,17,11,42
18,AgentA wins,15.00,133,142,0,90,0,108,0,18,15,31
19,AgentA wins,15.00,134,138,0,93,0,105,0,22,10,44
20,AgentA wins,26.67,238,241,0,151,0,180,0,27,20,76
11,AgentA wins,35.00,0,0,0,0,0,0,0,0,0,0
12,AgentA wins,15.00,0,0,0,0,0,0,0,0,0,0
13,AgentA wins,21.00,0,0,0,0,0,0,0,0,0,0
14,AgentA wins,21.00,0,0,0,0,0,0,0,0,0,0
15,AgentA wins,18.00,0,0,0,0,0,0,0,0,0,0
16,AgentA wins,28.67,0,0,0,0,0,0,0,0,0,0
17,AgentA wins,29.00,0,0,0,0,0,0,0,0,0,0
18,AgentA wins,15.00,0,0,0,0,0,0,0,0,0,0
19,AgentA wins,15.00,0,0,0,0,0,0,0,0,0,0
20,AgentA wins,15.00,0,0,0,0,0,0,0,0,0,0
11,AgentA wins,27.00,0,0,0,0,0,0,0,0,0,0
12,AgentA wins,30.00,0,0,0,0,0,0,0,0,0,0
13,AgentA wins,15.00,0,0,0,0,0,0,0,0,0,0
14,AgentA wins,18.00,0,0,0,0,0,0,0,0,0,0
15,AgentA wins,21.00,0,0,0,0,0,0,0,0,0,0
16,AgentA wins,15.00,0,0,0,0,0,0,0,0,0,0
17,AgentA wins,21.00,0,0,0,0,0,0,0,0,0,0
18,AgentA wins,30.00,0,0,0,0,0,0,0,0,0,0
19,AgentA wins,15.00,0,0,0,0,0,0,0,0,0,0
20,AgentB wins,39.67,0,0,0,0,0,0,0,0,0,0
11,AgentA wins,27.00,0,0,0,0,0,0,0,0,0,0
12,AgentA wins,18.00,0,0,0,0,0,0,0,0,0,0
13,AgentA wins,18.00,0,0,0,0,0,0,0,0,0,0
14,AgentA wins,15.00,0,0,0,0,0,0,0,0,0,0
15,AgentA wins,15.00,0,0,0,0,0,0,0,0,0,0
16,AgentA wins,23.67,0,0,0,0,0,0,0,0,0,0
17,AgentA wins,30.00,0,0,0,0,0,0,0,0,0,0
18,AgentA wins,41.00,0,0,0,0,0,0,0,0,0,0
19,AgentA wins,15.00,0,0,0,0,0,0,0,0,0,0
20,AgentA wins,18.00,0,0,0,0,0,0,0,0,0,0
11,AgentA wins,15.00,0,0,0,0,0,0,0,0,0,0
12,AgentA wins,30.00,0,0,0,0,0,0,0,0,0,0
13,AgentA wins,40.00,0,0,0,0,0,0,0,0,0,0
14,AgentA wins,20.67,0,0,0,0,0,0,0,0,0,0
15,AgentA wins,15.00,0,0,0,0,0,0,0,0,0,0
16,AgentA wins,18.00,0,0,0,0,0,0,0,0,0,0
17,AgentA wins,15.00,0,0,0,0,0,0,0,0,0,0
18,AgentA wins,43.00,0,0,0,0,0,0,0,0,0,0
19,AgentA wins,15.00,0,0,0,0,0,0,0,0,0,0
20,AgentA wins,24.00,0,0,0,0,0,0,0,0,0,0
21,AgentA wins,20.00,0,0,0,0,0,0,0,0,0,0
22,AgentA wins,18.00,0,0,0,0,0,0,0,0,0,0
23,AgentA wins,20.00,0,0,0,0,0,0,0,0,0,0
24,AgentA wins,20.00,0,0,0,0,0,0,0,0,0,0
25,AgentA wins,15.00,0,0,0,0,0,0,0,0,0,0
26,AgentA wins,15.00,0,0,0,0,0,0,0,0,0,0
27,AgentA wins,15.00,0,0,0,0,0,0,0,0,0,0
28,AgentA wins,18.00,0,0,0,0,0,0,0,0,0,0
29,AgentA wins,15.00,0,0,0,0,0,0,0,0,0,0
30,AgentA wins,20.00,0,0,0,0,0,0,0,0,0,0
21,AgentA wins,20.00,0,0,0,0,0,0,0,0,0,0
22,AgentA wins,15.00,0,0,0,0,0,0,0,0,0,0
23,AgentA wins,15.00,0,0,0,0,0,0,0,0,0,0
24,AgentA wins,20.00,0,0,0,0,0,0,0,0,0,0
25,AgentA wins,17.00,0,0,0,0,0,0,0,0,0,0
26,AgentA wins,20.00,0,0,0,0,0,0,0,0,0,0
27,AgentA wins,20.00,0,0,0,0,0,0,0,0,0,0
28,AgentA wins,15.00,0,0,0,0,0,0,0,0,0,0
29,AgentA wins,15.00,0,0,0,0,0,0,0,0,0,0
30,AgentA wins,20.00,0,0,0,0,0,0,0,0,0,0
11,AgentA wins,18.00,0,0,0,0,0,0,0,0,0,0
12,AgentA wins,21.00,0,0,0,0,0,0,0,0,0,0
13,AgentA wins,18.00,0,0,0,0,0,0,0,0,0,0
14,AgentA wins,32.00,0,0,0,0,0,0,0,0,0,0
15,AgentA wins,21.00,0,0,0,0,0,0,0,0,0,0
16,AgentA wins,25.67,0,0,0,0,0,0,0,0,0,0
17,AgentA wins,27.00,0,0,0,0,0,0,0,0,0,0
18,AgentA wins,24.00,0,0,0,0,0,0,0,0,0,0
19,AgentA wins,15.00,0,0,0,0,0,0,0,0,0,0
20,AgentB wins,32.00,0,0,0,0,0,0,0,0,0,0
11,AgentA wins,37.00,0,0,0,0,0,0,0,0,0,0
12,AgentA wins,18.00,0,0,0,0,0,0,0,0,0,0
13,AgentA wins,29.33,0,0,0,0,0,0,0,0,0,0
14,AgentA wins,29.67,0,0,0,0,0,0,0,0,0,0
15,AgentA wins,21.00,0,0,0,0,0,0,0,0,0,0
16,AgentA wins,35.67,0,0,0,0,0,0,0,0,0,0
17,AgentA wins,26.67,0,0,0,0,0,0,0,0,0,0
18,AgentA wins,28.67,0,0,0,0,0,0,0,0,0,0
19,AgentA wins,24.00,0,0,0,0,0,0,0,0,0,0
20,AgentB wins,48.00,0,0,0,0,0,0,0,0,0,0
21,AgentA wins,20.00,0,0,0,0,0,0,0,0,0,0
22,AgentA wins,20.00,0,0,0,0,0,0,0,0,0,0
23,AgentA wins,18.00,0,0,0,0,0,0,0,0,0,0
24,AgentA wins,20.00,0,0,0,0,0,0,0,0,0,0
25,AgentA wins,15.00,0,0,0,0,0,0,0,0,0,0
26,AgentA wins,18.00,0,0,0,0,0,0,0,0,0,0
27,AgentA wins,18.00,0,0,0,0,0,0,0,0,0,0
28,AgentA wins,20.00,0,0,0,0,0,0,0,0,0,0
29,AgentA wins,15.00,0,0,0,0,0,0,0,0,0,0
30,AgentA wins,20.00,0,0,0,0,0,0,0,0,0,0
21,AgentA wins,18.00,0,0,0,0,0,0,0,0,0,0
22,AgentA wins,20.00,0,0,0,0,0,0,0,0,0,0
23,AgentA wins,15.00,0,0,0,0,0,0,0,0,0,0
24,AgentA wins,15.00,0,0,0,0,0,0,0,0,0,0
25,AgentA wins,20.00,0,0,0,0,0,0,0,0,0,0
26,AgentA wins,20.00,0,0,0,0,0,0,0,0,0,0
27,AgentA wins,15.00,0,0,0,0,0,0,0,0,0,0
28,AgentA wins,18.00,0,0,0,0,0,0,0,0,0,0
29,AgentA wins,20.00,0,0,0,0,0,0,0,0,0,0
30,AgentA wins,15.00,0,0,0,0,0,0,0,0,0,0
21,AgentA wins,19.67,0,0,0,0,0,0,0,0,0,0
22,AgentA wins,15.00,0,0,0,0,0,0,0,0,0,0
23,AgentA wins,20.00,0,0,0,0,0,0,0,0,0,0
24,AgentA wins,15.00,0,0,0,0,0,0,0,0,0,0
25,AgentA wins,20.00,0,0,0,0,0,0,0,0,0,0
26,AgentA wins,15.00,0,0,0,0,0,0,0,0,0,0
27,AgentA wins,19.67,0,0,0,0,0,0,0,0,0,0
28,AgentA wins,20.00,0,0,0,0,0,0,0,0,0,0
29,AgentA wins,18.00,0,0,0,0,0,0,0,0,0,0
30,AgentA wins,20.00,0,0,0,0,0,0,0,0,0,0
21,AgentA wins,15.00,0,0,0,0,0,0,0,0,0,0
22,AgentA wins,15.00,0,0,0,0,0,0,0,0,0,0
23,AgentA wins,15.00,0,0,0,0,0,0,0,0,0,0
24,AgentA wins,20.00,0,0,0,0,0,0,0,0,0,0
25,AgentA wins,20.00,0,0,0,0,0,0,0,0,0,0
26,AgentA wins,15.00,0,0,0,0,0,0,0,0,0,0
27,AgentA wins,20.00,0,0,0,0,0,0,0,0,0,0
28,AgentA wins,20.00,0,0,0,0,0,0,0,0,0,0
29,AgentA wins,22.33,0,0,0,0,0,0,0,0,0,0
30,AgentA wins,15.00,0,0,0,0,0,0,0,0,0,0
21,AgentA wins,19.67,0,0,0,0,0,0,0,0,0,0
22,AgentA wins,20.00,0,0,0,0,0,0,0,0,0,0
23,AgentA wins,19.67,0,0,0,0,0,0,0,0,0,0
24,AgentA wins,18.00,0,0,0,0,0,0,0,0,0,0
25,AgentA wins,15.00,0,0,0,0,0,0,0,0,0,0
26,AgentA wins,20.00,0,0,0,0,0,0,0,0,0,0
27,AgentA wins,15.00,0,0,0,0,0,0,0,0,0,0
28,AgentA wins,20.00,0,0,0,0,0,0,0,0,0,0
29,AgentA wins,18.00,0,0,0,0,0,0,0,0,0,0
30,AgentA wins,20.00,0,0,0,0,0,0,0,0,0,0
21,AgentA wins,17.00,0,0,0,0,0,0,0,0,0,0
22,AgentA wins,20.00,0,0,0,0,0,0,0,0,0,0
23,AgentA wins,17.00,0,0,0,0,0,0,0,0,0,0
24,AgentA wins,20.00,0,0,0,0,0,0,0,0,0,0
25,AgentA wins,20.00,0,0,0,0,0,0,0,0,0,0
26,AgentA wins,20.00,0,0,0,0,0,0,0,0,0,0
27,AgentA wins,18.00,0,0,0,0,0,0,0,0,0,0
28,AgentA wins,20.00,0,0,0,0,0,0,0,0,0,0
29,AgentA wins,20.00,0,0,0,0,0,0,0,0,0,0
30,AgentA wins,17.00,0,0,0,0,0,0,0,0,0,0
21,AgentA wins,20.00,0,0,0,0,0,0,0,0,0,0
22,AgentA wins,20.00,0,0,0,0,0,0,0,0,0,0
23,AgentA wins,20.00,0,0,0,0,0,0,0,0,0,0
24,AgentA wins,20.00,0,0,0,0,0,0,0,0,0,0
25,AgentA wins,20.00,0,0,0,0,0,0,0,0,0,0
26,AgentA wins,18.00,0,0,0,0,0,0,0,0,0,0
27,AgentA wins,20.00,0,0,0,0,0,0,0,0,0,0
28,AgentA wins,20.00,0,0,0,0,0,0,0,0,0,0
29,AgentA wins,20.00,0,0,0,0,0,0,0,0,0,0
30,AgentA wins,20.00,0,0,0,0,0,0,0,0,0,0
21,AgentA wins,15.00,0,0,0,0,0,0,0,0,0,0
22,AgentA wins,20.00,0,0,0,0,0,0,0,0,0,0
23,AgentA wins,20.00,0,0,0,0,0,0,0,0,0,0
24,AgentA wins,18.00,0,0,0,0,0,0,0,0,0,0
25,AgentA wins,18.00,0,0,0,0,0,0,0,0,0,0
26,AgentA wins,18.00,0,0,0,0,0,0,0,0,0,0
27,AgentA wins,20.00,0,0,0,0,0,0,0,0,0,0
28,AgentA wins,15.00,0,0,0,0,0,0,0,0,0,0
29,AgentA wins,18.00,0,0,0,0,0,0,0,0,0,0
30,AgentA wins,20.00,0,0,0,0,0,0,0,0,0,0
21,AgentA wins,15.00,0,0,0,0,0,0,0,0,0,0
22,AgentA wins,18.00,0,0,0,0,0,0,0,0,0,0
23,AgentA wins,15.00,0,0,0,0,0,0,0,0,0,0
24,AgentA wins,18.00,0,0,0,0,0,0,0,0,0,0
25,AgentA wins,15.00,0,0,0,0,0,0,0,0,0,0
26,AgentA wins,20.00,0,0,0,0,0,0,0,0,0,0
27,AgentA wins,18.00,0,0,0,0,0,0,0,0,0,0
28,AgentA wins,15.00,0,0,0,0,0,0,0,0,0,0
29,AgentA wins,22.33,0,0,0,0,0,0,0,0,0,0
30,AgentA wins,18.00,0,0,0,0,0,0,0,0,0,0
21,AgentA wins,20.00,0,0,0,0,0,0,0,0,0,0
22,AgentA wins,20.00,0,0,0,0,0,0,0,0,0,0
23,AgentA wins,22.33,0,0,0,0,0,0,0,0,0,0
24,AgentA wins,18.00,0,0,0,0,0,0,0,0,0,0
25,AgentA wins,15.00,0,0,0,0,0,0,0,0,0,0
26,AgentA wins,18.00,0,0,0,0,0,0,0,0,0,0
27,AgentA wins,18.00,0,0,0,0,0,0,0,0,0,0
28,AgentA wins,15.00,0,0,0,0,0,0,0,0,0,0
29,AgentA wins,17.00,0,0,0,0,0,0,0,0,0,0
30,AgentA wins,20.00,0,0,0,0,0,0,0,0,0,0
21,AgentA wins,15.00,0,0,0,0,0,0,0,0,0,0
22,AgentA wins,18.00,0,0,0,0,0,0,0,0,0,0
23,AgentA wins,17.00,0,0,0,0,0,0,0,0,0,0
24,AgentA wins,15.00,0,0,0,0,0,0,0,0,0,0
25,AgentA wins,18.00,0,0,0,0,0,0,0,0,0,0
26,AgentA wins,20.00,0,0,0,0,0,0,0,0,0,0
27,AgentA wins,20.00,0,0,0,0,0,0,0,0,0,0
28,AgentA wins,20.00,0,0,0,0,0,0,0,0,0,0
29,AgentA wins,18.00,0,0,0,0,0,0,0,0,0,0
30,AgentA wins,20.00,0,0,0,0,0,0,0,0,0,0
11,AgentA wins,15.00,0,0,0,0,0,0,0,0,0,0
12,AgentA wins,27.00,0,0,0,0,0,0,0,0,0,0
13,AgentA wins,26.67,0,0,0,0,0,0,0,0,0,0
14,AgentA wins,18.00,0,0,0,0,0,0,0,0,0,0
15,AgentA wins,38.00,0,0,0,0,0,0,0,0,0,0
16,AgentA wins,39.00,0,0,0,0,0,0,0,0,0,0
17,AgentA wins,18.00,0,0,0,0,0,0,0,0,0,0
18,AgentA wins,33.00,0,0,0,0,0,0,0,0,0,0
19,AgentA wins,23.00,0,0,0,0,0,0,0,0,0,0
20,AgentA wins,30.00,0,0,0,0,0,0,0,0,0,0
21,AgentA wins,20.00,0,0,0,0,0,0,0,0,0,0
22,AgentA wins,15.00,0,0,0,0,0,0,0,0,0,0
23,AgentA wins,18.00,0,0,0,0,0,0,0,0,0,0
24,AgentA wins,19.67,0,0,0,0,0,0,0,0,0,0
25,AgentA wins,15.00,0,0,0,0,0,0,0,0,0,0
26,AgentA wins,15.00,0,0,0,0,0,0,0,0,0,0
27,AgentA wins,17.00,0,0,0,0,0,0,0,0,0,0
28,AgentA wins,20.00,0,0,0,0,0,0,0,0,0,0
29,AgentA wins,20.00,0,0,0,0,0,0,0,0,0,0
30,AgentA wins,20.00,0,0,0,0,0,0,0,0,0,0
21,AgentA wins,15.00,0,0,0,0,0,0,0,0,0,0
22,AgentA wins,20.00,0,0,0,0,0,0,0,0,0,0
23,AgentA wins,20.00,0,0,0,0,0,0,0,0,0,0
24,AgentA wins,20.00,0,0,0,0,0,0,0,0,0,0
25,AgentA wins,20.00,0,0,0,0,0,0,0,0,0,0
26,AgentA wins,18.00,0,0,0,0,0,0,0,0,0,0
27,AgentA wins,18.00,0,0,0,0,0,0,0,0,0,0
28,AgentA wins,19.67,0,0,0,0,0,0,0,0,0,0
29,AgentA wins,20.00,0,0,0,0,0,0,0,0,0,0
30,AgentA wins,17.00,0,0,0,0,0,0,0,0,0,0
21,AgentA wins,15.00,0,0,0,0,0,0,0,0,0,0
22,AgentA wins,26.00,0,0,0,0,0,0,0,0,0,0
23,AgentA wins,31.33,0,0,0,0,0,0,0,0,0,0
24,AgentA wins,18.67,0,0,0,0,0,0,0,0,0,0
25,AgentA wins,15.00,0,0,0,0,0,0,0,0,0,0
26,AgentA wins,15.00,0,0,0,0,0,0,0,0,0,0
27,AgentA wins,24.00,0,0,0,0,0,0,0,0,0,0
28,AgentA wins,15.00,0,0,0,0,0,0,0,0,0,0
29,AgentA wins,15.00,0,0,0,0,0,0,0,0,0,0
30,AgentA wins,24.00,0,0,0,0,0,0,0,0,0,0
31,AgentA wins,20.00,0,0,0,0,0,0,0,0,0,0
32,AgentA wins,20.00,0,0,0,0,0,0,0,0,0,0
33,AgentA wins,17.00,0,0,0,0,0,0,0,0,0,0
34,AgentA wins,15.00,0,0,0,0,0,0,0,0,0,0
35,AgentA wins,15.00,0,0,0,0,0,0,0,0,0,0
36,AgentA wins,20.00,0,0,0,0,0,0,0,0,0,0
37,AgentA wins,15.00,0,0,0,0,0,0,0,0,0,0
38,AgentA wins,19.67,0,0,0,0,0,0,0,0,0,0
39,AgentA wins,15.00,0,0,0,0,0,0,0,0,0,0
40,AgentA wins,20.00,0,0,0,0,0,0,0,0,0,0
31,AgentA wins,20.00,0,0,0,0,0,0,0,0,0,0
32,AgentA wins,20.00,0,0,0,0,0,0,0,0,0,0
33,AgentA wins,20.00,0,0,0,0,0,0,0,0,0,0
34,AgentA wins,17.00,0,0,0,0,0,0,0,0,0,0
35,AgentA wins,20.00,0,0,0,0,0,0,0,0,0,0
36,AgentA wins,20.00,0,0,0,0,0,0,0,0,0,0
37,AgentA wins,18.00,0,0,0,0,0,0,0,0,0,0
38,AgentA wins,20.00,0,0,0,0,0,0,0,0,0,0
39,AgentA wins,18.00,0,0,0,0,0,0,0,0,0,0
40,AgentA wins,15.00,0,0,0,0,0,0,0,0,0,0
21,AgentA wins,31.00,0,0,0,0,0,0,0,0,0,0
22,AgentA wins,15.00,0,0,0,0,0,0,0,0,0,0
23,AgentA wins,33.00,0,0,0,0,0,0,0,0,0,0
24,AgentA wins,18.00,0,0,0,0,0,0,0,0,0,0
25,AgentA wins,44.33,0,0,0,0,0,0,0,0,0,0
26,AgentA wins,15.00,0,0,0,0,0,0,0,0,0,0
27,AgentA wins,24.67,0,0,0,0,0,0,0,0,0,0
28,AgentA wins,36.00,0,0,0,0,0,0,0,0,0,0
29,AgentA wins,27.00,0,0,0,0,0,0,0,0,0,0
30,AgentA wins,18.00,0,0,0,0,0,0,0,0,0,0
31,AgentA wins,20.00,0,0,0,0,0,0,0,0,0,0
32,AgentA wins,15.00,0,0,0,0,0,0,0,0,0,0
33,AgentA wins,15.00,0,0,0,0,0,0,0,0,0,0
34,AgentA wins,18.00,0,0,0,0,0,0,0,0,0,0
35,AgentA wins,18.00,0,0,0,0,0,0,0,0,0,0
36,AgentA wins,15.00,0,0,0,0,0,0,0,0,0,0
37,AgentA wins,18.00,0,0,0,0,0,0,0,0,0,0
38,AgentA wins,20.00,0,0,0,0,0,0,0,0,0,0
39,AgentA wins,17.00,0,0,0,0,0,0,0,0,0,0
40,AgentA wins,20.00,0,0,0,0,0,0,0,0,0,0
31,AgentA wins,17.00,0,0,0,0,0,0,0,0,0,0
32,AgentA wins,20.00,0,0,0,0,0,0,0,0,0,0
33,AgentA wins,20.00,0,0,0,0,0,0,0,0,0,0
34,AgentA wins,17.00,0,0,0,0,0,0,0,0,0,0
35,AgentA wins,19.67,0,0,0,0,0,0,0,0,0,0
36,AgentA wins,19.67,0,0,0,0,0,0,0,0,0,0
37,AgentA wins,15.00,0,0,0,0,0,0,0,0,0,0
38,AgentA wins,20.00,0,0,0,0,0,0,0,0,0,0
39,AgentA wins,15.00,0,0,0,0,0,0,0,0,0,0
40,AgentA wins,20.00,0,0,0,0,0,0,0,0,0,0
21,AgentA wins,18.00,0,0,0,0,0,0,0,0,0,0
22,AgentA wins,24.00,0,0,0,0,0,0,0,0,0,0
23,AgentA wins,21.00,0,0,0,0,0,0,0,0,0,0
24,AgentA wins,24.00,0,0,0,0,0,0,0,0,0,0
25,AgentA wins,18.00,0,0,0,0,0,0,0,0,0,0
26,AgentA wins,24.00,0,0,0,0,0,0,0,0,0,0
27,AgentA wins,15.00,0,0,0,0,0,0,0,0,0,0
28,AgentB wins,28.00,0,0,0,0,0,0,0,0,0,0
29,AgentA wins,15.00,0,0,0,0,0,0,0,0,0,0
30,AgentA wins,32.00,0,0,0,0,0,0,0,0,0,0
31,AgentA wins,15.00,0,0,0,0,0,0,0,0,0,0
32,AgentA wins,17.00,0,0,0,0,0,0,0,0,0,0
33,AgentA wins,20.00,0,0,0,0,0,0,0,0,0,0
34,AgentA wins,19.67,0,0,0,0,0,0,0,0,0,0
35,AgentA wins,15.00,0,0,0,0,0,0,0,0,0,0
36,AgentA wins,17.00,0,0,0,0,0,0,0,0,0,0
37,AgentA wins,20.00,0,0,0,0,0,0,0,0,0,0
38,AgentA wins,17.00,0,0,0,0,0,0,0,0,0,0
39,AgentA wins,20.00,0,0,0,0,0,0,0,0,0,0
40,AgentA wins,15.00,0,0,0,0,0,0,0,0,0,0
31,AgentA wins,20.00,0,0,0,0,0,0,0,0,0,0
32,AgentA wins,15.00,0,0,0,0,0,0,0,0,0,0
33,AgentA wins,20.00,0,0,0,0,0,0,0,0,0,0
34,AgentA wins,20.00,0,0,0,0,0,0,0,0,0,0
35,AgentA wins,17.00,0,0,0,0,0,0,0,0,0,0
36,AgentA wins,17.00,0,0,0,0,0,0,0,0,0,0
37,AgentA wins,19.67,0,0,0,0,0,0,0,0,0,0
38,AgentA wins,20.00,0,0,0,0,0,0,0,0,0,0
39,AgentA wins,20.00,0,0,0,0,0,0,0,0,0,0
40,AgentA wins,20.00,0,0,0,0,0,0,0,0,0,0
31,AgentA wins,20.00,0,0,0,0,0,0,0,0,0,0
32,AgentA wins,19.67,0,0,0,0,0,0,0,0,0,0
33,AgentA wins,20.00,0,0,0,0,0,0,0,0,0,0
34,AgentA wins,17.00,0,0,0,0,0,0,0,0,0,0
35,AgentA wins,20.00,0,0,0,0,0,0,0,0,0,0
36,AgentA wins,19.67,0,0,0,0,0,0,0,0,0,0
37,AgentA wins,15.00,0,0,0,0,0,0,0,0,0,0
38,AgentA wins,15.00,0,0,0,0,0,0,0,0,0,0
39,AgentA wins,19.67,0,0,0,0,0,0,0,0,0,0
40,AgentA wins,15.00,0,0,0,0,0,0,0,0,0,0
31,AgentA wins,20.00,0,0,0,0,0,0,0,0,0,0
32,AgentA wins,18.00,0,0,0,0,0,0,0,0,0,0
33,AgentA wins,20.00,0,0,0,0,0,0,0,0,0,0
34,AgentA wins,20.00,0,0,0,0,0,0,0,0,0,0
35,AgentA wins,20.00,0,0,0,0,0,0,0,0,0,0
36,AgentA wins,20.00,0,0,0,0,0,0,0,0,0,0
37,AgentA wins,17.00,0,0,0,0,0,0,0,0,0,0
38,AgentA wins,15.00,0,0,0,0,0,0,0,0,0,0
39,AgentA wins,15.00,0,0,0,0,0,0,0,0,0,0
40,AgentA wins,15.00,0,0,0,0,0,0,0,0,0,0
31,AgentA wins,20.00,0,0,0,0,0,0,0,0,0,0
32,AgentA wins,20.00,0,0,0,0,0,0,0,0,0,0
33,AgentA wins,20.00,0,0,0,0,0,0,0,0,0,0
34,AgentA wins,15.00,0,0,0,0,0,0,0,0,0,0
35,AgentA wins,18.00,0,0,0,0,0,0,0,0,0,0
36,AgentA wins,19.67,0,0,0,0,0,0,0,0,0,0
37,AgentA wins,22.33,0,0,0,0,0,0,0,0,0,0
38,AgentA wins,18.00,0,0,0,0,0,0,0,0,0,0
39,AgentA wins,18.00,0,0,0,0,0,0,0,0,0,0
40,AgentA wins,20.00,0,0,0,0,0,0,0,0,0,0
31,AgentA wins,20.00,0,0,0,0,0,0,0,0,0,0
32,AgentA wins,17.00,0,0,0,0,0,0,0,0,0,0
33,AgentA wins,20.00,0,0,0,0,0,0,0,0,0,0
34,AgentA wins,20.00,0,0,0,0,0,0,0,0,0,0
35,AgentA wins,18.00,0,0,0,0,0,0,0,0,0,0
36,AgentA wins,22.33,0,0,0,0,0,0,0,0,0,0
37,AgentA wins,20.00,0,0,0,0,0,0,0,0,0,0
38,AgentA wins,18.00,0,0,0,0,0,0,0,0,0,0
39,AgentA wins,18.00,0,0,0,0,0,0,0,0,0,0
40,AgentA wins,15.00,0,0,0,0,0,0,0,0,0,0
31,AgentA wins,15.00,0,0,0,0,0,0,0,0,0,0
32,AgentA wins,20.00,0,0,0,0,0,0,0,0,0,0
33,AgentA wins,19.67,0,0,0,0,0,0,0,0,0,0
34,AgentA wins,20.00,0,0,0,0,0,0,0,0,0,0
35,AgentA wins,20.00,0,0,0,0,0,0,0,0,0,0
36,AgentA wins,20.00,0,0,0,0,0,0,0,0,0,0
37,AgentA wins,19.67,0,0,0,0,0,0,0,0,0,0
38,AgentA wins,20.00,0,0,0,0,0,0,0,0,0,0
39,AgentA wins,18.00,0,0,0,0,0,0,0,0,0,0
40,AgentA wins,18.00,0,0,0,0,0,0,0,0,0,0
31,AgentA wins,18.00,0,0,0,0,0,0,0,0,0,0
32,AgentA wins,20.00,0,0,0,0,0,0,0,0,0,0
33,AgentA wins,17.00,0,0,0,0,0,0,0,0,0,0
34,AgentA wins,20.00,0,0,0,0,0,0,0,0,0,0
35,AgentA wins,19.67,0,0,0,0,0,0,0,0,0,0
36,AgentA wins,20.00,0,0,0,0,0,0,0,0,0,0
37,AgentA wins,20.00,0,0,0,0,0,0,0,0,0,0
38,AgentA wins,19.67,0,0,0,0,0,0,0,0,0,0
39,AgentA wins,20.00,0,0,0,0,0,0,0,0,0,0
40,AgentA wins,18.00,0,0,0,0,0,0,0,0,0,0
31,AgentA wins,20.00,0,0,0,0,0,0,0,0,0,0
32,AgentA wins,15.00,0,0,0,0,0,0,0,0,0,0
33,AgentA wins,15.00,0,0,0,0,0,0,0,0,0,0
34,AgentA wins,18.00,0,0,0,0,0,0,0,0,0,0
35,AgentA wins,18.00,0,0,0,0,0,0,0,0,0,0
36,AgentA wins,18.00,0,0,0,0,0,0,0,0,0,0
37,AgentA wins,20.00,0,0,0,0,0,0,0,0,0,0
38,AgentA wins,20.00,0,0,0,0,0,0,0,0,0,0
39,AgentA wins,20.00,0,0,0,0,0,0,0,0,0,0
40,AgentA wins,20.00,0,0,0,0,0,0,0,0,0,0
31,AgentA wins,20.00,0,0,0,0,0,0,0,0,0,0
32,AgentA wins,20.00,0,0,0,0,0,0,0,0,0,0
33,AgentA wins,20.00,0,0,0,0,0,0,0,0,0,0
34,AgentA wins,20.00,0,0,0,0,0,0,0,0,0,0
35,AgentA wins,18.00,0,0,0,0,0,0,0,0,0,0
36,AgentA wins,20.00,0,0,0,0,0,0,0,0,0,0
37,AgentA wins,20.00,0,0,0,0,0,0,0,0,0,0
38,AgentA wins,20.00,0,0,0,0,0,0,0,0,0,0
39,AgentA wins,19.67,0,0,0,0,0,0,0,0,0,0
40,AgentA wins,22.33,0,0,0,0,0,0,0,0,0,0
21,AgentA wins,45.00,0,0,0,0,0,0,0,0,0,0
22,AgentA wins,35.33,0,0,0,0,0,0,0,0,0,0
23,AgentA wins,30.67,0,0,0,0,0,0,0,0,0,0
24,AgentA wins,27.00,0,0,0,0,0,0,0,0,0,0
25,AgentA wins,26.00,0,0,0,0,0,0,0,0,0,0
26,AgentA wins,15.00,0,0,0,0,0,0,0,0,0,0
27,AgentB wins,29.00,0,0,0,0,0,0,0,0,0,0
28,AgentA wins,27.00,0,0,0,0,0,0,0,0,0,0
29,AgentA wins,24.00,0,0,0,0,0,0,0,0,0,0
30,AgentA wins,15.00,0,0,0,0,0,0,0,0,0,0
21,AgentA wins,15.00,136,137,0,81,0,103,0,16,14,36
22,AgentA wins,18.00,164,160,0,104,0,123,0,19,12,59
23,AgentA wins,36.00,325,327,0,191,0,259,0,42,42,81
24,AgentA wins,30.00,270,266,0,158,0,219,0,29,28,56
25,AgentA wins,31.67,286,287,0,168,0,227,0,34,32,56
26,AgentA wins,30.00,270,267,0,161,0,210,0,30,30,61
27,AgentA wins,31.67,286,286,0,176,0,234,0,39,31,72
28,AgentA wins,18.33,164,165,0,98,0,136,0,23,28,31
29,AgentA wins,39.00,353,353,0,202,0,281,0,37,47,76
30,AgentA wins,51.00,463,464,0,288,0,355,0,62,53,109
21,AgentA wins,23.67,0,0,0,0,0,0,0,0,0,0
22,AgentA wins,29.33,0,0,0,0,0,0,0,0,0,0
23,AgentA wins,27.00,0,0,0,0,0,0,0,0,0,0
24,AgentA wins,29.67,0,0,0,0,0,0,0,0,0,0
25,AgentA wins,18.00,0,0,0,0,0,0,0,0,0,0
26,AgentA wins,33.00,0,0,0,0,0,0,0,0,0,0
27,AgentA wins,24.00,0,0,0,0,0,0,0,0,0,0
28,AgentA wins,24.67,0,0,0,0,0,0,0,0,0,0
29,AgentA wins,18.00,0,0,0,0,0,0,0,0,0,0
30,AgentA wins,24.00,0,0,0,0,0,0,0,0,0,0
31,AgentA wins,20.00,0,0,0,0,0,0,0,0,0,0
32,AgentA wins,20.00,0,0,0,0,0,0,0,0,0,0
33,AgentA wins,19.67,0,0,0,0,0,0,0,0,0,0
34,AgentA wins,20.00,0,0,0,0,0,0,0,0,0,0
35,AgentA wins,20.00,0,0,0,0,0,0,0,0,0,0
36,AgentA wins,19.67,0,0,0,0,0,0,0,0,0,0
37,AgentA wins,20.00,0,0,0,0,0,0,0,0,0,0
38,AgentA wins,18.00,0,0,0,0,0,0,0,0,0,0
39,AgentA wins,17.00,0,0,0,0,0,0,0,0,0,0
40,AgentA wins,20.00,0,0,0,0,0,0,0,0,0,0
21,AgentA wins,33.67,0,0,0,0,0,0,0,0,0,0
22,AgentA wins,46.00,0,0,0,0,0,0,0,0,0,0
23,AgentA wins,25.67,0,0,0,0,0,0,0,0,0,0
24,AgentB wins,33.33,0,0,0,0,0,0,0,0,0,0
25,AgentA wins,25.00,0,0,0,0,0,0,0,0,0,0
26,AgentA wins,26.67,0,0,0,0,0,0,0,0,0,0
27,AgentA wins,15.00,0,0,0,0,0,0,0,0,0,0
28,AgentA wins,45.67,0,0,0,0,0,0,0,0,0,0
29,AgentA wins,30.00,0,0,0,0,0,0,0,0,0,0
30,AgentA wins,36.33,0,0,0,0,0,0,0,0,0,0
21,AgentA wins,33.67,0,0,0,0,0,0,0,0,0,0
22,AgentA wins,30.00,0,0,0,0,0,0,0,0,0,0
23,AgentA wins,56.67,0,0,0,0,0,0,0,0,0,0
24,AgentA wins,34.00,0,0,0,0,0,0,0,0,0,0
25,AgentA wins,35.00,0,0,0,0,0,0,0,0,0,0
26,AgentA wins,15.00,0,0,0,0,0,0,0,0,0,0
27,AgentA wins,24.00,0,0,0,0,0,0,0,0,0,0
28,AgentA wins,21.00,0,0,0,0,0,0,0,0,0,0
29,AgentA wins,20.67,0,0,0,0,0,0,0,0,0,0
30,AgentA wins,21.00,0,0,0,0,0,0,0,0,0,0
21,AgentA wins,42.00,0,0,0,0,0,0,0,0,0,0
22,AgentB wins,27.67,0,0,0,0,0,0,0,0,0,0
23,AgentA wins,38.67,0,0,0,0,0,0,0,0,0,0
24,AgentA wins,35.00,0,0,0,0,0,0,0,0,0,0
25,AgentA wins,15.00,0,0,0,0,0,0,0,0,0,0
26,AgentA wins,23.33,0,0,0,0,0,0,0,0,0,0
27,AgentA wins,34.00,0,0,0,0,0,0,0,0,0,0
28,AgentA wins,18.00,0,0,0,0,0,0,0,0,0,0
29,AgentA wins,41.00,0,0,0,0,0,0,0,0,0,0
30,AgentA wins,18.00,0,0,0,0,0,0,0,0,0,0
21,AgentA wins,25.67,0,0,0,0,0,0,0,0,0,0
22,AgentA wins,27.33,0,0,0,0,0,0,0,0,0,0
23,AgentA wins,20.00,0,0,0,0,0,0,0,0,0,0
24,AgentA wins,21.00,0,0,0,0,0,0,0,0,0,0
25,AgentA wins,48.67,0,0,0,0,0,0,0,0,0,0
26,AgentA wins,27.00,0,0,0,0,0,0,0,0,0,0
27,AgentA wins,34.33,0,0,0,0,0,0,0,0,0,0
28,AgentA wins,15.00,0,0,0,0,0,0,0,0,0,0
29,AgentA wins,27.00,0,0,0,0,0,0,0,0,0,0
30,AgentA wins,37.33,0,0,0,0,0,0,0,0,0,0
41,AgentA wins,20.00,0,0,0,0,0,0,0,0,0,0
42,AgentA wins,20.00,0,0,0,0,0,0,0,0,0,0
43,AgentA wins,15.00,0,0,0,0,0,0,0,0,0,0
44,AgentA wins,19.67,0,0,0,0,0,0,0,0,0,0
45,AgentA wins,15.00,0,0,0,0,0,0,0,0,0,0
46,AgentA wins,15.00,0,0,0,0,0,0,0,0,0,0
47,AgentA wins,19.67,0,0,0,0,0,0,0,0,0,0
48,AgentA wins,20.00,0,0,0,0,0,0,0,0,0,0
49,AgentA wins,18.00,0,0,0,0,0,0,0,0,0,0
50,AgentA wins,19.67,0,0,0,0,0,0,0,0,0,0
41,AgentA wins,20.00,0,0,0,0,0,0,0,0,0,0
42,AgentA wins,17.00,0,0,0,0,0,0,0,0,0,0
43,AgentA wins,20.00,0,0,0,0,0,0,0,0,0,0
44,AgentA wins,20.00,0,0,0,0,0,0,0,0,0,0
45,AgentA wins,15.00,0,0,0,0,0,0,0,0,0,0
46,AgentA wins,19.67,0,0,0,0,0,0,0,0,0,0
47,AgentA wins,22.33,0,0,0,0,0,0,0,0,0,0
48,AgentA wins,15.00,0,0,0,0,0,0,0,0,0,0
49,AgentA wins,20.00,0,0,0,0,0,0,0,0,0,0
50,AgentA wins,15.00,0,0,0,0,0,0,0,0,0,0
41,AgentA wins,17.00,0,0,0,0,0,0,0,0,0,0
42,AgentA wins,15.00,0,0,0,0,0,0,0,0,0,0
43,AgentA wins,15.00,0,0,0,0,0,0,0,0,0,0
44,AgentA wins,17.00,0,0,0,0,0,0,0,0,0,0
45,AgentA wins,15.00,0,0,0,0,0,0,0,0,0,0
46,AgentA wins,19.67,0,0,0,0,0,0,0,0,0,0
47,AgentA wins,20.00,0,0,0,0,0,0,0,0,0,0
48,AgentA wins,20.00,0,0,0,0,0,0,0,0,0,0
49,AgentA wins,19.67,0,0,0,0,0,0,0,0,0,0
50,AgentA wins,20.00,0,0,0,0,0,0,0,0,0,0
41,AgentA wins,19.67,0,0,0,0,0,0,0,0,0,0
42,AgentA wins,20.00,0,0,0,0,0,0,0,0,0,0
43,AgentA wins,19.67,0,0,0,0,0,0,0,0,0,0
44,AgentA wins,20.00,0,0,0,0,0,0,0,0,0,0
45,AgentA wins,20.00,0,0,0,0,0,0,0,0,0,0
46,AgentA wins,19.67,0,0,0,0,0,0,0,0,0,0
47,AgentA wins,18.00,0,0,0,0,0,0,0,0,0,0
48,AgentA wins,19.67,0,0,0,0,0,0,0,0,0,0
49,AgentA wins,22.33,0,0,0,0,0,0,0,0,0,0
50,AgentA wins,19.67,0,0,0,0,0,0,0,0,0,0
41,AgentA wins,19.67,0,0,0,0,0,0,0,0,0,0
42,AgentA wins,17.00,0,0,0,0,0,0,0,0,0,0
43,AgentA wins,20.00,0,0,0,0,0,0,0,0,0,0
44,AgentA wins,15.00,0,0,0,0,0,0,0,0,0,0
45,AgentA wins,15.00,0,0,0,0,0,0,0,0,0,0
46,AgentA wins,20.00,0,0,0,0,0,0,0,0,0,0
47,AgentA wins,19.67,0,0,0,0,0,0,0,0,0,0
48,AgentA wins,20.00,0,0,0,0,0,0,0,0,0,0
49,AgentA wins,15.00,0,0,0,0,0,0,0,0,0,0
50,AgentA wins,19.67,0,0,0,0,0,0,0,0,0,0
41,AgentA wins,15.00,0,0,0,0,0,0,0,0,0,0
42,AgentA wins,15.00,0,0,0,0,0,0,0,0,0,0
43,AgentA wins,15.00,0,0,0,0,0,0,0,0,0,0
44,AgentA wins,20.00,0,0,0,0,0,0,0,0,0,0
45,AgentA wins,20.00,0,0,0,0,0,0,0,0,0,0
46,AgentA wins,20.00,0,0,0,0,0,0,0,0,0,0
47,AgentA wins,20.00,0,0,0,0,0,0,0,0,0,0
48,AgentA wins,20.00,0,0,0,0,0,0,0,0,0,0
49,AgentA wins,15.00,0,0,0,0,0,0,0,0,0,0
50,AgentA wins,19.67,0,0,0,0,0,0,0,0,0,0
41,AgentA wins,15.00,0,0,0,0,0,0,0,0,0,0
42,AgentA wins,15.00,0,0,0,0,0,0,0,0,0,0
43,AgentA wins,20.00,0,0,0,0,0,0,0,0,0,0
44,AgentA wins,20.00,0,0,0,0,0,0,0,0,0,0
45,AgentA wins,18.00,0,0,0,0,0,0,0,0,0,0
46,AgentA wins,20.00,0,0,0,0,0,0,0,0,0,0
47,AgentA wins,19.67,0,0,0,0,0,0,0,0,0,0
48,AgentA wins,19.67,0,0,0,0,0,0,0,0,0,0
49,AgentA wins,19.67,0,0,0,0,0,0,0,0,0,0
50,AgentA wins,22.33,0,0,0,0,0,0,0,0,0,0
41,AgentA wins,17.00,0,0,0,0,0,0,0,0,0,0
42,AgentA wins,19.67,0,0,0,0,0,0,0,0,0,0
43,AgentA wins,19.67,0,0,0,0,0,0,0,0,0,0
44,AgentA wins,17.00,0,0,0,0,0,0,0,0,0,0
45,AgentA wins,19.67,0,0,0,0,0,0,0,0,0,0
46,AgentA wins,17.00,0,0,0,0,0,0,0,0,0,0
47,AgentA wins,19.67,0,0,0,0,0,0,0,0,0,0
48,AgentA wins,20.00,0,0,0,0,0,0,0,0,0,0
49,AgentA wins,20.00,0,0,0,0,0,0,0,0,0,0
50,AgentA wins,20.00,0,0,0,0,0,0,0,0,0,0
41,AgentA wins,15.00,0,0,0,0,0,0,0,0,0,0
42,AgentA wins,20.00,0,0,0,0,0,0,0,0,0,0
43,AgentA wins,19.67,0,0,0,0,0,0,0,0,0,0
44,AgentA wins,17.00,0,0,0,0,0,0,0,0,0,0
45,AgentA wins,15.00,0,0,0,0,0,0,0,0,0,0
46,AgentA wins,19.67,0,0,0,0,0,0,0,0,0,0
47,AgentA wins,20.00,0,0,0,0,0,0,0,0,0,0
48,AgentA wins,20.00,0,0,0,0,0,0,0,0,0,0
49,AgentA wins,17.00,0,0,0,0,0,0,0,0,0,0
50,AgentA wins,20.00,0,0,0,0,0,0,0,0,0,0
41,AgentA wins,17.00,0,0,0,0,0,0,0,0,0,0
42,AgentA wins,22.33,0,0,0,0,0,0,0,0,0,0
43,AgentA wins,15.00,0,0,0,0,0,0,0,0,0,0
44,AgentA wins,18.00,0,0,0,0,0,0,0,0,0,0
45,AgentA wins,20.00,0,0,0,0,0,0,0,0,0,0
46,AgentA wins,18.00,0,0,0,0,0,0,0,0,0,0
47,AgentA wins,17.00,0,0,0,0,0,0,0,0,0,0
48,AgentA wins,20.00,0,0,0,0,0,0,0,0,0,0
49,AgentA wins,20.00,0,0,0,0,0,0,0,0,0,0
50,AgentA wins,20.00,0,0,0,0,0,0,0,0,0,0
41,AgentA wins,20.00,0,0,0,0,0,0,0,0,0,0
42,AgentA wins,19.67,0,0,0,0,0,0,0,0,0,0
43,AgentA wins,20.00,0,0,0,0,0,0,0,0,0,0
44,AgentA wins,15.00,0,0,0,0,0,0,0,0,0,0
45,AgentA wins,20.00,0,0,0,0,0,0,0,0,0,0
46,AgentA wins,15.00,0,0,0,0,0,0,0,0,0,0
47,AgentA wins,19.67,0,0,0,0,0,0,0,0,0,0
48,AgentA wins,20.00,0,0,0,0,0,0,0,0,0,0
49,AgentA wins,19.67,0,0,0,0,0,0,0,0,0,0
50,AgentA wins,19.67,0,0,0,0,0,0,0,0,0,0
31,AgentA wins,30.00,0,0,0,0,0,0,0,0,0,0
32,AgentA wins,34.00,0,0,0,0,0,0,0,0,0,0
33,AgentA wins,18.00,0,0,0,0,0,0,0,0,0,0
34,AgentA wins,34.67,0,0,0,0,0,0,0,0,0,0
35,AgentA wins,32.67,0,0,0,0,0,0,0,0,0,0
36,AgentA wins,33.00,0,0,0,0,0,0,0,0,0,0
37,AgentA wins,26.00,0,0,0,0,0,0,0,0,0,0
38,AgentA wins,18.00,0,0,0,0,0,0,0,0,0,0
39,AgentB wins,34.00,0,0,0,0,0,0,0,0,0,0
40,AgentA wins,38.00,0,0,0,0,0,0,0,0,0,0
41,AgentA wins,19.67,0,0,0,0,0,0,0,0,0,0
42,AgentA wins,18.00,0,0,0,0,0,0,0,0,0,0
43,AgentA wins,20.00,0,0,0,0,0,0,0,0,0,0
44,AgentA wins,18.00,0,0,0,0,0,0,0,0,0,0
45,AgentA wins,19.67,0,0,0,0,0,0,0,0,0,0
46,AgentA wins,19.67,0,0,0,0,0,0,0,0,0,0
47,AgentA wins,17.00,0,0,0,0,0,0,0,0,0,0
48,AgentA wins,15.00,0,0,0,0,0,0,0,0,0,0
49,AgentA wins,15.00,0,0,0,0,0,0,0,0,0,0
50,AgentA wins,17.00,0,0,0,0,0,0,0,0,0,0
41,AgentA wins,20.00,0,0,0,0,0,0,0,0,0,0
42,AgentA wins,20.00,0,0,0,0,0,0,0,0,0,0
43,AgentA wins,17.00,0,0,0,0,0,0,0,0,0,0
44,AgentA wins,15.00,0,0,0,0,0,0,0,0,0,0
45,AgentA wins,20.00,0,0,0,0,0,0,0,0,0,0
46,AgentA wins,20.00,0,0,0,0,0,0,0,0,0,0
47,AgentA wins,19.67,0,0,0,0,0,0,0,0,0,0
48,AgentA wins,22.33,0,0,0,0,0,0,0,0,0,0
49,AgentA wins,17.00,0,0,0,0,0,0,0,0,0,0
50,AgentA wins,20.00,0,0,0,0,0,0,0,0,0,0
41,AgentA wins,20.00,0,0,0,0,0,0,0,0,0,0
42,AgentA wins,15.00,0,0,0,0,0,0,0,0,0,0
43,AgentA wins,19.67,0,0,0,0,0,0,0,0,0,0
44,AgentA wins,18.00,0,0,0,0,0,0,0,0,0,0
45,AgentA wins,20.00,0,0,0,0,0,0,0,0,0,0
46,AgentA wins,19.67,0,0,0,0,0,0,0,0,0,0
47,AgentA wins,20.00,0,0,0,0,0,0,0,0,0,0
48,AgentA wins,15.00,0,0,0,0,0,0,0,0,0,0
49,AgentA wins,15.00,0,0,0,0,0,0,0,0,0,0
50,AgentA wins,15.00,0,0,0,0,0,0,0,0,0,0
41,AgentA wins,19.67,0,0,0,0,0,0,0,0,0,0
42,AgentA wins,22.33,0,0,0,0,0,0,0,0,0,0
43,AgentA wins,15.00,0,0,0,0,0,0,0,0,0,0
44,AgentA wins,19.67,0,0,0,0,0,0,0,0,0,0
45,AgentA wins,20.00,0,0,0,0,0,0,0,0,0,0
46,AgentA wins,20.00,0,0,0,0,0,0,0,0,0,0
47,AgentA wins,20.00,0,0,0,0,0,0,0,0,0,0
48,AgentA wins,22.33,0,0,0,0,0,0,0,0,0,0
49,AgentA wins,20.00,0,0,0,0,0,0,0,0,0,0
50,AgentA wins,20.00,0,0,0,0,0,0,0,0,0,0
31,AgentA wins,15.00,0,0,0,0,0,0,0,0,0,0
32,AgentB wins,30.33,0,0,0,0,0,0,0,0,0,0
33,AgentA wins,18.67,0,0,0,0,0,0,0,0,0,0
34,AgentA wins,42.33,0,0,0,0,0,0,0,0,0,0
35,AgentA wins,30.00,0,0,0,0,0,0,0,0,0,0
36,AgentA wins,15.00,0,0,0,0,0,0,0,0,0,0
37,AgentA wins,26.67,0,0,0,0,0,0,0,0,0,0
38,AgentB wins,25.33,0,0,0,0,0,0,0,0,0,0
39,AgentA wins,21.00,0,0,0,0,0,0,0,0,0,0
40,AgentA wins,33.33,0,0,0,0,0,0,0,0,0,0
31,AgentA wins,15.67,140,136,0,90,0,111,0,17,21,27
32,AgentA wins,15.00,140,134,0,81,0,114,0,14,18,28
33,AgentA wins,26.00,237,231,0,145,0,184,0,29,28,57
34,AgentB wins,32.33,293,298,0,174,0,239,0,35,46,63
35,AgentA wins,24.67,224,220,0,132,0,173,0,25,30,40
36,AgentA wins,18.00,164,163,0,97,0,138,0,21,30,27
37,AgentA wins,32.67,288,295,0,172,0,236,0,33,47,53
38,AgentA wins,15.00,135,136,0,83,0,113,0,22,19,18
39,AgentB wins,27.67,251,251,0,135,0,201,0,28,48,38
40,AgentA wins,23.33,211,212,0,124,0,174,0,22,37,33
31,AgentA wins,24.00,0,0,0,0,0,0,0,0,0,0
32,AgentB wins,31.33,0,0,0,0,0,0,0,0,0,0
33,AgentA wins,29.67,0,0,0,0,0,0,0,0,0,0
34,AgentA wins,18.00,0,0,0,0,0,0,0,0,0,0
35,AgentA wins,18.00,0,0,0,0,0,0,0,0,0,0
36,AgentA wins,41.33,0,0,0,0,0,0,0,0,0,0
37,AgentB wins,43.00,0,0,0,0,0,0,0,0,0,0
38,AgentB wins,28.00,0,0,0,0,0,0,0,0,0,0
39,AgentA wins,30.33,0,0,0,0,0,0,0,0,0,0
40,AgentA wins,24.00,0,0,0,0,0,0,0,0,0,0
31,AgentA wins,18.00,0,0,0,0,0,0,0,0,0,0
32,AgentA wins,27.00,0,0,0,0,0,0,0,0,0,0
33,AgentA wins,26.67,0,0,0,0,0,0,0,0,0,0
34,AgentB wins,39.67,0,0,0,0,0,0,0,0,0,0
35,AgentA wins,15.00,0,0,0,0,0,0,0,0,0,0
36,timeout draw,60.00,0,0,0,0,0,0,0,0,0,0
37,AgentA wins,31.33,0,0,0,0,0,0,0,0,0,0
38,AgentA wins,26.67,0,0,0,0,0,0,0,0,0,0
39,AgentA wins,26.00,0,0,0,0,0,0,0,0,0,0
40,AgentA wins,18.00,0,0,0,0,0,0,0,0,0,0
31,AgentA wins,18.00,0,0,0,0,0,0,0,0,0,0
32,AgentA wins,29.00,0,0,0,0,0,0,0,0,0,0
33,AgentA wins,33.33,0,0,0,0,0,0,0,0,0,0
34,AgentA wins,24.00,0,0,0,0,0,0,0,0,0,0
35,AgentA wins,25.00,0,0,0,0,0,0,0,0,0,0
36,AgentA wins,17.67,0,0,0,0,0,0,0,0,0,0
37,AgentA wins,32.00,0,0,0,0,0,0,0,0,0,0
38,AgentA wins,15.00,0,0,0,0,0,0,0,0,0,0
39,AgentA wins,15.00,0,0,0,0,0,0,0,0,0,0
40,AgentA wins,15.00,0,0,0,0,0,0,0,0,0,0
31,AgentA wins,34.00,0,0,0,0,0,0,0,0,0,0
32,AgentA wins,15.00,0,0,0,0,0,0,0,0,0,0
33,AgentA wins,15.67,0,0,0,0,0,0,0,0,0,0
34,AgentA wins,24.00,0,0,0,0,0,0,0,0,0,0
35,AgentA wins,15.00,0,0,0,0,0,0,0,0,0,0
36,AgentA wins,31.67,0,0,0,0,0,0,0,0,0,0
37,AgentA wins,29.33,0,0,0,0,0,0,0,0,0,0
38,AgentA wins,15.00,0,0,0,0,0,0,0,0,0,0
39,AgentA wins,15.00,0,0,0,0,0,0,0,0,0,0
40,AgentA wins,30.00,0,0,0,0,0,0,0,0,0,0
31,AgentA wins,32.33,0,0,0,0,0,0,0,0,0,0
32,AgentA wins,27.00,0,0,0,0,0,0,0,0,0,0
33,AgentA wins,18.00,0,0,0,0,0,0,0,0,0,0
34,AgentB wins,36.00,0,0,0,0,0,0,0,0,0,0
35,AgentA wins,21.33,0,0,0,0,0,0,0,0,0,0
36,AgentA wins,24.67,0,0,0,0,0,0,0,0,0,0
37,AgentA wins,24.00,0,0,0,0,0,0,0,0,0,0
38,AgentA wins,31.67,0,0,0,0,0,0,0,0,0,0
39,AgentA wins,37.67,0,0,0,0,0,0,0,0,0,0
40,AgentA wins,18.00,0,0,0,0,0,0,0,0,0,0
31,AgentA wins,15.00,0,0,0,0,0,0,0,0,0,0
32,AgentA wins,39.67,0,0,0,0,0,0,0,0,0,0
33,AgentA wins,30.67,0,0,0,0,0,0,0,0,0,0
34,AgentA wins,35.00,0,0,0,0,0,0,0,0,0,0
35,AgentA wins,27.00,0,0,0,0,0,0,0,0,0,0
36,AgentA wins,32.67,0,0,0,0,0,0,0,0,0,0
37,AgentA wins,33.33,0,0,0,0,0,0,0,0,0,0
38,AgentA wins,29.33,0,0,0,0,0,0,0,0,0,0
39,AgentA wins,15.00,0,0,0,0,0,0,0,0,0,0
40,AgentA wins,36.67,0,0,0,0,0,0,0,0,0,0
51,AgentA wins,15.00,0,0,0,0,0,0,0,0,0,0
52,AgentA wins,20.00,0,0,0,0,0,0,0,0,0,0
53,AgentA wins,19.67,0,0,0,0,0,0,0,0,0,0
54,AgentA wins,20.00,0,0,0,0,0,0,0,0,0,0
55,AgentA wins,20.00,0,0,0,0,0,0,0,0,0,0
56,AgentA wins,17.00,0,0,0,0,0,0,0,0,0,0
57,AgentA wins,20.00,0,0,0,0,0,0,0,0,0,0
58,AgentA wins,19.67,0,0,0,0,0,0,0,0,0,0
59,AgentA wins,20.00,0,0,0,0,0,0,0,0,0,0
60,AgentA wins,20.00,0,0,0,0,0,0,0,0,0,0
31,AgentA wins,31.00,0,0,0,0,0,0,0,0,0,0
32,AgentA wins,15.00,0,0,0,0,0,0,0,0,0,0
33,AgentA wins,33.33,0,0,0,0,0,0,0,0,0,0
34,AgentA wins,15.00,0,0,0,0,0,0,0,0,0,0
35,AgentA wins,15.00,0,0,0,0,0,0,0,0,0,0
36,AgentB wins,36.33,0,0,0,0,0,0,0,0,0,0
37,AgentB wins,39.33,0,0,0,0,0,0,0,0,0,0
38,AgentA wins,24.00,0,0,0,0,0,0,0,0,0,0
39,AgentA wins,18.00,0,0,0,0,0,0,0,0,0,0
40,AgentB wins,28.00,0,0,0,0,0,0,0,0,0,0
51,AgentA wins,17.00,0,0,0,0,0,0,0,0,0,0
52,AgentA wins,19.67,0,0,0,0,0,0,0,0,0,0
53,AgentA wins,15.00,0,0,0,0,0,0,0,0,0,0
54,AgentA wins,20.00,0,0,0,0,0,0,0,0,0,0
55,AgentA wins,15.00,0,0,0,0,0,0,0,0,0,0
56,AgentA wins,20.00,0,0,0,0,0,0,0,0,0,0
57,AgentA wins,18.00,0,0,0,0,0,0,0,0,0,0
58,AgentA wins,15.00,0,0,0,0,0,0,0,0,0,0
59,AgentA wins,20.00,0,0,0,0,0,0,0,0,0,0
60,AgentA wins,20.00,0,0,0,0,0,0,0,0,0,0
51,AgentA wins,20.00,0,0,0,0,0,0,0,0,0,0
52,AgentA wins,19.67,0,0,0,0,0,0,0,0,0,0
53,AgentA wins,19.67,0,0,0,0,0,0,0,0,0,0
54,AgentA wins,22.33,0,0,0,0,0,0,0,0,0,0
55,AgentA wins,20.00,0,0,0,0,0,0,0,0,0,0
56,AgentA wins,18.00,0,0,0,0,0,0,0,0,0,0
57,AgentA wins,20.00,0,0,0,0,0,0,0,0,0,0
58,AgentA wins,18.00,0,0,0,0,0,0,0,0,0,0
59,AgentA wins,20.00,0,0,0,0,0,0,0,0,0,0
60,AgentA wins,20.00,0,0,0,0,0,0,0,0,0,0
51,AgentA wins,15.00,0,0,0,0,0,0,0,0,0,0
52,AgentA wins,17.00,0,0,0,0,0,0,0,0,0,0
53,AgentA wins,20.00,0,0,0,0,0,0,0,0,0,0
54,AgentA wins,15.00,0,0,0,0,0,0,0,0,0,0
55,AgentA wins,15.00,0,0,0,0,0,0,0,0,0,0
56,AgentA wins,15.00,0,0,0,0,0,0,0,0,0,0
57,AgentA wins,20.00,0,0,0,0,0,0,0,0,0,0
58,AgentA wins,18.00,0,0,0,0,0,0,0,0,0,0
59,AgentA wins,20.00,0,0,0,0,0,0,0,0,0,0
60,AgentA wins,15.00,0,0,0,0,0,0,0,0,0,0
51,AgentA wins,20.00,0,0,0,0,0,0,0,0,0,0
52,AgentA wins,17.00,0,0,0,0,0,0,0,0,0,0
53,AgentA wins,19.67,0,0,0,0,0,0,0,0,0,0
54,AgentA wins,15.00,0,0,0,0,0,0,0,0,0,0
55,AgentA wins,19.67,0,0,0,0,0,0,0,0,0,0
56,AgentA wins,18.00,0,0,0,0,0,0,0,0,0,0
57,AgentA wins,18.00,0,0,0,0,0,0,0,0,0,0
58,AgentA wins,18.00,0,0,0,0,0,0,0,0,0,0
59,AgentA wins,20.00,0,0,0,0,0,0,0,0,0,0
60,AgentA wins,20.00,0,0,0,0,0,0,0,0,0,0
51,AgentA wins,20.00,0,0,0,0,0,0,0,0,0,0
52,AgentA wins,19.67,0,0,0,0,0,0,0,0,0,0
53,AgentA wins,20.00,0,0,0,0,0,0,0,0,0,0
54,AgentA wins,20.00,0,0,0,0,0,0,0,0,0,0
55,AgentA wins,20.00,0,0,0,0,0,0,0,0,0,0
56,AgentA wins,15.00,0,0,0,0,0,0,0,0,0,0
57,AgentA wins,18.00,0,0,0,0,0,0,0,0,0,0
58,AgentA wins,20.00,0,0,0,0,0,0,0,0,0,0
59,AgentA wins,20.00,0,0,0,0,0,0,0,0,0,0
60,AgentA wins,15.00,0,0,0,0,0,0,0,0,0,0
51,AgentA wins,20.00,0,0,0,0,0,0,0,0,0,0
52,AgentA wins,19.67,0,0,0,0,0,0,0,0,0,0
53,AgentA wins,19.67,0,0,0,0,0,0,0,0,0,0
54,AgentA wins,20.00,0,0,0,0,0,0,0,0,0,0
55,AgentA wins,20.00,0,0,0,0,0,0,0,0,0,0
56,AgentA wins,18.00,0,0,0,0,0,0,0,0,0,0
57,AgentA wins,20.00,0,0,0,0,0,0,0,0,0,0
58,AgentA wins,20.00,0,0,0,0,0,0,0,0,0,0
59,AgentA wins,20.00,0,0,0,0,0,0,0,0,0,0
60,AgentA wins,18.00,0,0,0,0,0,0,0,0,0,0
51,AgentA wins,20.00,0,0,0,0,0,0,0,0,0,0
52,AgentA wins,22.33,0,0,0,0,0,0,0,0,0,0
53,AgentA wins,19.67,0,0,0,0,0,0,0,0,0,0
54,AgentA wins,15.00,0,0,0,0,0,0,0,0,0,0
55,AgentA wins,18.00,0,0,0,0,0,0,0,0,0,0
56,AgentA wins,20.00,0,0,0,0,0,0,0,0,0,0
57,AgentA wins,15.00,0,0,0,0,0,0,0,0,0,0
58,AgentA wins,18.00,0,0,0,0,0,0,0,0,0,0
59,AgentA wins,20.00,0,0,0,0,0,0,0,0,0,0
60,AgentA wins,20.00,0,0,0,0,0,0,0,0,0,0
51,AgentA wins,17.00,0,0,0,0,0,0,0,0,0,0
52,AgentA wins,22.33,0,0,0,0,0,0,0,0,0,0
53,AgentA wins,17.00,0,0,0,0,0,0,0,0,0,0
54,AgentA wins,17.00,0,0,0,0,0,0,0,0,0,0
55,AgentA wins,18.00,0,0,0,0,0,0,0,0,0,0
56,AgentA wins,18.00,0,0,0,0,0,0,0,0,0,0
57,AgentA wins,20.00,0,0,0,0,0,0,0,0,0,0
58,AgentA wins,20.00,0,0,0,0,0,0,0,0,0,0
59,AgentA wins,20.00,0,0,0,0,0,0,0,0,0,0
60,AgentA wins,20.00,0,0,0,0,0,0,0,0,0,0
51,AgentA wins,19.67,0,0,0,0,0,0,0,0,0,0
52,AgentA wins,20.00,0,0,0,0,0,0,0,0,0,0
53,AgentA wins,15.00,0,0,0,0,0,0,0,0,0,0
54,AgentA wins,20.00,0,0,0,0,0,0,0,0,0,0
55,AgentA wins,20.00,0,0,0,0,0,0,0,0,0,0
56,AgentA wins,20.00,0,0,0,0,0,0,0,0,0,0
57,AgentA wins,15.00,0,0,0,0,0,0,0,0,0,0
58,AgentA wins,18.00,0,0,0,0,0,0,0,0,0,0
59,AgentA wins,20.00,0,0,0,0,0,0,0,0,0,0
60,AgentA wins,20.00,0,0,0,0,0,0,0,0,0,0
51,AgentA wins,22.33,0,0,0,0,0,0,0,0,0,0
52,AgentA wins,15.00,0,0,0,0,0,0,0,0,0,0
53,AgentA wins,17.00,0,0,0,0,0,0,0,0,0,0
54,AgentA wins,22.33,0,0,0,0,0,0,0,0,0,0
55,AgentA wins,20.00,0,0,0,0,0,0,0,0,0,0
56,AgentA wins,20.00,0,0,0,0,0,0,0,0,0,0
57,AgentA wins,18.00,0,0,0,0,0,0,0,0,0,0
58,AgentA wins,15.00,0,0,0,0,0,0,0,0,0,0
59,AgentA wins,20.00,0,0,0,0,0,0,0,0,0,0
60,AgentA wins,20.00,0,0,0,0,0,0,0,0,0,0
51,AgentA wins,15.00,0,0,0,0,0,0,0,0,0,0
52,AgentA wins,20.00,0,0,0,0,0,0,0,0,0,0
53,AgentA wins,19.67,0,0,0,0,0,0,0,0,0,0
54,AgentA wins,20.00,0,0,0,0,0,0,0,0,0,0
55,AgentA wins,20.00,0,0,0,0,0,0,0,0,0,0
56,AgentA wins,20.00,0,0,0,0,0,0,0,0,0,0
57,AgentA wins,20.00,0,0,0,0,0,0,0,0,0,0
58,AgentA wins,18.00,0,0,0,0,0,0,0,0,0,0
59,AgentA wins,20.00,0,0,0,0,0,0,0,0,0,0
60,AgentA wins,18.00,0,0,0,0,0,0,0,0,0,0
51,AgentA wins,20.00,0,0,0,0,0,0,0,0,0,0
52,AgentA wins,22.33,0,0,0,0,0,0,0,0,0,0
53,AgentA wins,19.67,0,0,0,0,0,0,0,0,0,0
54,AgentA wins,15.00,0,0,0,0,0,0,0,0,0,0
55,AgentA wins,20.00,0,0,0,0,0,0,0,0,0,0
56,AgentA wins,20.00,0,0,0,0,0,0,0,0,0,0
57,AgentA wins,15.00,0,0,0,0,0,0,0,0,0,0
58,AgentA wins,15.00,0,0,0,0,0,0,0,0,0,0
59,AgentA wins,20.00,0,0,0,0,0,0,0,0,0,0
60,AgentA wins,15.00,0,0,0,0,0,0,0,0,0,0
51,AgentA wins,18.00,0,0,0,0,0,0,0,0,0,0
52,AgentA wins,20.00,0,0,0,0,0,0,0,0,0,0
53,AgentA wins,18.00,0,0,0,0,0,0,0,0,0,0
54,AgentA wins,20.00,0,0,0,0,0,0,0,0,0,0
55,AgentA wins,18.00,0,0,0,0,0,0,0,0,0,0
56,AgentA wins,15.00,0,0,0,0,0,0,0,0,0,0
57,AgentA wins,18.00,0,0,0,0,0,0,0,0,0,0
58,AgentA wins,18.00,0,0,0,0,0,0,0,0,0,0
59,AgentA wins,20.00,0,0,0,0,0,0,0,0,0,0
60,AgentA wins,20.00,0,0,0,0,0,0,0,0,0,0
51,AgentA wins,20.00,0,0,0,0,0,0,0,0,0,0
52,AgentA wins,19.67,0,0,0,0,0,0,0,0,0,0
53,AgentA wins,22.33,0,0,0,0,0,0,0,0,0,0
54,AgentA wins,20.00,0,0,0,0,0,0,0,0,0,0
55,AgentA wins,20.00,0,0,0,0,0,0,0,0,0,0
56,AgentA wins,18.00,0,0,0,0,0,0,0,0,0,0
57,AgentA wins,20.00,0,0,0,0,0,0,0,0,0,0
58,AgentA wins,18.00,0,0,0,0,0,0,0,0,0,0
59,AgentA wins,20.00,0,0,0,0,0,0,0,0,0,0
60,AgentA wins,20.00,0,0,0,0,0,0,0,0,0,0
41,AgentA wins,24.67,0,0,0,0,0,0,0,0,0,0
42,AgentA wins,23.67,0,0,0,0,0,0,0,0,0,0
43,AgentA wins,15.00,0,0,0,0,0,0,0,0,0,0
44,AgentA wins,41.67,0,0,0,0,0,0,0,0,0,0
45,AgentA wins,18.00,0,0,0,0,0,0,0,0,0,0
46,AgentA wins,18.00,0,0,0,0,0,0,0,0,0,0
47,AgentA wins,32.33,0,0,0,0,0,0,0,0,0,0
48,AgentA wins,44.00,0,0,0,0,0,0,0,0,0,0
49,AgentB wins,36.33,0,0,0,0,0,0,0,0,0,0
50,AgentA wins,18.00,0,0,0,0,0,0,0,0,0,0
41,AgentA wins,15.00,0,0,0,0,0,0,0,0,0,0
42,AgentA wins,18.67,0,0,0,0,0,0,0,0,0,0
43,AgentA wins,30.00,0,0,0,0,0,0,0,0,0,0
44,AgentA wins,36.33,0,0,0,0,0,0,0,0,0,0
45,AgentA wins,15.00,0,0,0,0,0,0,0,0,0,0
46,AgentA wins,28.00,0,0,0,0,0,0,0,0,0,0
47,AgentA wins,21.00,0,0,0,0,0,0,0,0,0,0
48,AgentA wins,24.00,0,0,0,0,0,0,0,0,0,0
49,AgentA wins,33.67,0,0,0,0,0,0,0,0,0,0
50,AgentA wins,33.00,0,0,0,0,0,0,0,0,0,0
41,AgentA wins,29.67,269,270,0,163,0,215,0,33,30,68
42,AgentA wins,27.00,240,245,0,148,0,191,0,31,21,74
43,AgentA wins,49.67,446,450,0,284,0,343,0,57,39,139
44,AgentA wins,15.00,133,136,0,81,0,102,0,15,10,41
45,AgentB wins,33.33,298,302,0,163,0,234,0,31,37,75
46,AgentA wins,24.00,215,217,0,128,0,174,0,26,24,53
47,AgentA wins,18.00,163,160,0,98,0,126,0,19,16,54
48,AgentA wins,18.00,162,160,0,98,0,126,0,17,9,51
49,AgentA wins,37.67,339,338,0,205,0,258,0,43,29,103
50,AgentA wins,18.00,166,162,0,101,0,124,0,23,14,47
61,AgentA wins,15.00,0,0,0,0,0,0,0,0,0,0
62,AgentA wins,18.00,0,0,0,0,0,0,0,0,0,0
63,AgentA wins,18.00,0,0,0,0,0,0,0,0,0,0
64,AgentA wins,15.00,0,0,0,0,0,0,0,0,0,0
65,AgentA wins,20.00,0,0,0,0,0,0,0,0,0,0
66,AgentA wins,20.00,0,0,0,0,0,0,0,0,0,0
67,AgentA wins,18.00,0,0,0,0,0,0,0,0,0,0
68,AgentA wins,20.00,0,0,0,0,0,0,0,0,0,0
69,AgentA wins,18.00,0,0,0,0,0,0,0,0,0,0
70,AgentA wins,18.00,0,0,0,0,0,0,0,0,0,0
41,AgentA wins,27.00,0,0,0,0,0,0,0,0,0,0
42,AgentA wins,15.00,0,0,0,0,0,0,0,0,0,0
43,AgentA wins,18.00,0,0,0,0,0,0,0,0,0,0
44,AgentA wins,18.00,0,0,0,0,0,0,0,0,0,0
45,AgentA wins,50.00,0,0,0,0,0,0,0,0,0,0
46,AgentA wins,15.00,0,0,0,0,0,0,0,0,0,0
47,AgentA wins,18.00,0,0,0,0,0,0,0,0,0,0
48,AgentA wins,49.00,0,0,0,0,0,0,0,0,0,0
49,AgentA wins,18.00,0,0,0,0,0,0,0,0,0,0
50,AgentB wins,33.00,0,0,0,0,0,0,0,0,0,0
61,AgentA wins,15.00,0,0,0,0,0,0,0,0,0,0
62,AgentA wins,18.00,0,0,0,0,0,0,0,0,0,0
63,AgentA wins,20.00,0,0,0,0,0,0,0,0,0,0
64,AgentA wins,20.00,0,0,0,0,0,0,0,0,0,0
65,AgentA wins,20.00,0,0,0,0,0,0,0,0,0,0
66,AgentA wins,20.00,0,0,0,0,0,0,0,0,0,0
67,AgentA wins,18.00,0,0,0,0,0,0,0,0,0,0
68,AgentA wins,20.00,0,0,0,0,0,0,0,0,0,0
69,AgentA wins,15.00,0,0,0,0,0,0,0,0,0,0
70,AgentA wins,18.00,0,0,0,0,0,0,0,0,0,0
41,AgentA wins,33.00,0,0,0,0,0,0,0,0,0,0
42,AgentA wins,15.00,0,0,0,0,0,0,0,0,0,0
43,AgentA wins,29.00,0,0,0,0,0,0,0,0,0,0
44,AgentA wins,40.00,0,0,0,0,0,0,0,0,0,0
45,AgentA wins,18.00,0,0,0,0,0,0,0,0,0,0
46,AgentA wins,18.00,0,0,0,0,0,0,0,0,0,0
47,AgentA wins,18.00,0,0,0,0,0,0,0,0,0,0
48,AgentA wins,25.67,0,0,0,0,0,0,0,0,0,0
49,AgentA wins,15.00,0,0,0,0,0,0,0,0,0,0
50,AgentA wins,26.00,0,0,0,0,0,0,0,0,0,0
41,AgentA wins,18.00,0,0,0,0,0,0,0,0,0,0
42,AgentA wins,31.67,0,0,0,0,0,0,0,0,0,0
43,AgentA wins,30.00,0,0,0,0,0,0,0,0,0,0
44,AgentA wins,37.00,0,0,0,0,0,0,0,0,0,0
45,AgentA wins,18.00,0,0,0,0,0,0,0,0,0,0
46,AgentA wins,18.00,0,0,0,0,0,0,0,0,0,0
47,AgentA wins,21.00,0,0,0,0,0,0,0,0,0,0
48,AgentA wins,15.00,0,0,0,0,0,0,0,0,0,0
49,AgentA wins,24.00,0,0,0,0,0,0,0,0,0,0
50,AgentA wins,27.00,0,0,0,0,0,0,0,0,0,0
41,AgentA wins,30.00,0,0,0,0,0,0,0,0,0,0
42,AgentA wins,18.00,0,0,0,0,0,0,0,0,0,0
43,AgentA wins,24.00,0,0,0,0,0,0,0,0,0,0
44,AgentB wins,41.67,0,0,0,0,0,0,0,0,0,0
45,AgentA wins,15.00,0,0,0,0,0,0,0,0,0,0
46,AgentA wins,37.00,0,0,0,0,0,0,0,0,0,0
47,AgentA wins,18.00,0,0,0,0,0,0,0,0,0,0
48,AgentA wins,18.00,0,0,0,0,0,0,0,0,0,0
49,AgentA wins,25.67,0,0,0,0,0,0,0,0,0,0
50,AgentA wins,15.00,0,0,0,0,0,0,0,0,0,0
61,AgentA wins,20.00,0,0,0,0,0,0,0,0,0,0
62,AgentA wins,18.00,0,0,0,0,0,0,0,0,0,0
63,AgentA wins,20.00,0,0,0,0,0,0,0,0,0,0
64,AgentA wins,20.00,0,0,0,0,0,0,0,0,0,0
65,AgentA wins,20.00,0,0,0,0,0,0,0,0,0,0
66,AgentA wins,18.00,0,0,0,0,0,0,0,0,0,0
67,AgentA wins,18.00,0,0,0,0,0,0,0,0,0,0
68,AgentA wins,20.00,0,0,0,0,0,0,0,0,0,0
69,AgentA wins,15.00,0,0,0,0,0,0,0,0,0,0
70,AgentA wins,20.00,0,0,0,0,0,0,0,0,0,0
61,AgentA wins,18.00,0,0,0,0,0,0,0,0,0,0
62,AgentA wins,20.00,0,0,0,0,0,0,0,0,0,0
63,AgentA wins,20.00,0,0,0,0,0,0,0,0,0,0
64,AgentA wins,18.00,0,0,0,0,0,0,0,0,0,0
65,AgentA wins,18.00,0,0,0,0,0,0,0,0,0,0
66,AgentA wins,20.00,0,0,0,0,0,0,0,0,0,0
67,AgentA wins,18.00,0,0,0,0,0,0,0,0,0,0
68,AgentA wins,15.00,0,0,0,0,0,0,0,0,0,0
69,AgentA wins,20.00,0,0,0,0,0,0,0,0,0,0
70,AgentA wins,18.00,0,0,0,0,0,0,0,0,0,0
61,AgentA wins,20.00,0,0,0,0,0,0,0,0,0,0
62,AgentA wins,20.00,0,0,0,0,0,0,0,0,0,0
63,AgentA wins,18.00,0,0,0,0,0,0,0,0,0,0
64,AgentA wins,20.00,0,0,0,0,0,0,0,0,0,0
65,AgentA wins,20.00,0,0,0,0,0,0,0,0,0,0
66,AgentA wins,15.00,0,0,0,0,0,0,0,0,0,0
67,AgentA wins,15.00,0,0,0,0,0,0,0,0,0,0
68,AgentA wins,20.00,0,0,0,0,0,0,0,0,0,0
69,AgentA wins,18.00,0,0,0,0,0,0,0,0,0,0
70,AgentA wins,19.67,0,0,0,0,0,0,0,0,0,0
41,AgentA wins,18.00,0,0,0,0,0,0,0,0,0,0
42,AgentA wins,21.00,0,0,0,0,0,0,0,0,0,0
43,AgentA wins,18.00,0,0,0,0,0,0,0,0,0,0
44,AgentA wins,27.00,0,0,0,0,0,0,0,0,0,0
45,AgentA wins,28.00,0,0,0,0,0,0,0,0,0,0
46,AgentA wins,18.00,0,0,0,0,0,0,0,0,0,0
47,AgentA wins,24.00,0,0,0,0,0,0,0,0,0,0
48,AgentA wins,45.67,0,0,0,0,0,0,0,0,0,0
49,AgentA wins,23.33,0,0,0,0,0,0,0,0,0,0
50,AgentA wins,27.00,0,0,0,0,0,0,0,0,0,0
61,AgentA wins,20.00,0,0,0,0,0,0,0,0,0,0
62,AgentA wins,20.00,0,0,0,0,0,0,0,0,0,0
63,AgentA wins,20.00,0,0,0,0,0,0,0,0,0,0
64,AgentA wins,20.00,0,0,0,0,0,0,0,0,0,0
65,AgentA wins,20.00,0,0,0,0,0,0,0,0,0,0
66,AgentA wins,20.00,0,0,0,0,0,0,0,0,0,0
67,AgentA wins,20.00,0,0,0,0,0,0,0,0,0,0
68,AgentA wins,18.00,0,0,0,0,0,0,0,0,0,0
69,AgentA wins,20.00,0,0,0,0,0,0,0,0,0,0
70,AgentA wins,17.00,0,0,0,0,0,0,0,0,0,0
61,AgentA wins,18.00,0,0,0,0,0,0,0,0,0,0
62,AgentA wins,20.00,0,0,0,0,0,0,0,0,0,0
63,AgentA wins,20.00,0,0,0,0,0,0,0,0,0,0
64,AgentA wins,20.00,0,0,0,0,0,0,0,0,0,0
65,AgentA wins,20.00,0,0,0,0,0,0,0,0,0,0
66,AgentA wins,15.00,0,0,0,0,0,0,0,0,0,0
67,AgentA wins,20.00,0,0,0,0,0,0,0,0,0,0
68,AgentA wins,15.00,0,0,0,0,0,0,0,0,0,0
69,AgentA wins,20.00,0,0,0,0,0,0,0,0,0,0
70,AgentA wins,20.00,0,0,0,0,0,0,0,0,0,0
61,AgentA wins,15.00,0,0,0,0,0,0,0,0,0,0
62,AgentA wins,20.00,0,0,0,0,0,0,0,0,0,0
63,AgentA wins,18.00,0,0,0,0,0,0,0,0,0,0
64,AgentA wins,18.00,0,0,0,0,0,0,0,0,0,0
65,AgentA wins,18.00,0,0,0,0,0,0,0,0,0,0
66,AgentA wins,20.00,0,0,0,0,0,0,0,0,0,0
67,AgentA wins,19.67,0,0,0,0,0,0,0,0,0,0
68,AgentA wins,20.00,0,0,0,0,0,0,0,0,0,0
69,AgentA wins,18.00,0,0,0,0,0,0,0,0,0,0
70,AgentA wins,20.00,0,0,0,0,0,0,0,0,0,0
61,AgentA wins,15.00,0,0,0,0,0,0,0,0,0,0
62,AgentA wins,20.00,0,0,0,0,0,0,0,0,0,0
63,AgentA wins,20.00,0,0,0,0,0,0,0,0,0,0
64,AgentA wins,18.00,0,0,0,0,0,0,0,0,0,0
65,AgentA wins,18.00,0,0,0,0,0,0,0,0,0,0
66,AgentA wins,20.00,0,0,0,0,0,0,0,0,0,0
67,AgentA wins,18.00,0,0,0,0,0,0,0,0,0,0
68,AgentA wins,20.00,0,0,0,0,0,0,0,0,0,0
69,AgentA wins,20.00,0,0,0,0,0,0,0,0,0,0
70,AgentA wins,18.00,0,0,0,0,0,0,0,0,0,0
61,AgentA wins,20.00,0,0,0,0,0,0,0,0,0,0
62,AgentA wins,20.00,0,0,0,0,0,0,0,0,0,0
63,AgentA wins,20.00,0,0,0,0,0,0,0,0,0,0
64,AgentA wins,18.00,0,0,0,0,0,0,0,0,0,0
65,AgentA wins,20.00,0,0,0,0,0,0,0,0,0,0
66,AgentA wins,18.00,0,0,0,0,0,0,0,0,0,0
67,AgentA wins,18.00,0,0,0,0,0,0,0,0,0,0
68,AgentA wins,20.00,0,0,0,0,0,0,0,0,0,0
69,AgentA wins,18.00,0,0,0,0,0,0,0,0,0,0
70,AgentA wins,20.00,0,0,0,0,0,0,0,0,0,0
61,AgentA wins,20.00,0,0,0,0,0,0,0,0,0,0
62,AgentA wins,20.00,0,0,0,0,0,0,0,0,0,0
63,AgentA wins,18.00,0,0,0,0,0,0,0,0,0,0
64,AgentA wins,20.00,0,0,0,0,0,0,0,0,0,0
65,AgentA wins,18.00,0,0,0,0,0,0,0,0,0,0
66,AgentA wins,18.00,0,0,0,0,0,0,0,0,0,0
67,AgentA wins,20.00,0,0,0,0,0,0,0,0,0,0
68,AgentA wins,20.00,0,0,0,0,0,0,0,0,0,0
69,AgentA wins,15.00,0,0,0,0,0,0,0,0,0,0
70,AgentA wins,20.00,0,0,0,0,0,0,0,0,0,0
61,AgentA wins,20.00,0,0,0,0,0,0,0,0,0,0
62,AgentA wins,20.00,0,0,0,0,0,0,0,0,0,0
63,AgentA wins,20.00,0,0,0,0,0,0,0,0,0,0
64,AgentA wins,20.00,0,0,0,0,0,0,0,0,0,0
65,AgentA wins,18.00,0,0,0,0,0,0,0,0,0,0
66,AgentA wins,20.00,0,0,0,0,0,0,0,0,0,0
67,AgentA wins,20.00,0,0,0,0,0,0,0,0,0,0
68,AgentA wins,20.00,0,0,0,0,0,0,0,0,0,0
69,AgentA wins,20.00,0,0,0,0,0,0,0,0,0,0
70,AgentA wins,19.67,0,0,0,0,0,0,0,0,0,0
61,AgentA wins,20.00,0,0,0,0,0,0,0,0,0,0
62,AgentA wins,20.00,0,0,0,0,0,0,0,0,0,0
63,AgentA wins,18.00,0,0,0,0,0,0,0,0,0,0
64,AgentA wins,20.00,0,0,0,0,0,0,0,0,0,0
65,AgentA wins,20.00,0,0,0,0,0,0,0,0,0,0
66,AgentA wins,20.00,0,0,0,0,0,0,0,0,0,0
67,AgentA wins,18.00,0,0,0,0,0,0,0,0,0,0
68,AgentA wins,15.00,0,0,0,0,0,0,0,0,0,0
69,AgentA wins,20.00,0,0,0,0,0,0,0,0,0,0
70,AgentA wins,20.00,0,0,0,0,0,0,0,0,0,0
61,AgentA wins,20.00,0,0,0,0,0,0,0,0,0,0
62,AgentA wins,18.00,0,0,0,0,0,0,0,0,0,0
63,AgentA wins,18.00,0,0,0,0,0,0,0,0,0,0
64,AgentA wins,20.00,0,0,0,0,0,0,0,0,0,0
65,AgentA wins,20.00,0,0,0,0,0,0,0,0,0,0
66,AgentA wins,20.00,0,0,0,0,0,0,0,0,0,0
67,AgentA wins,20.00,0,0,0,0,0,0,0,0,0,0
68,AgentA wins,20.00,0,0,0,0,0,0,0,0,0,0
69,AgentA wins,15.00,0,0,0,0,0,0,0,0,0,0
70,AgentA wins,20.00,0,0,0,0,0,0,0,0,0,0
41,AgentA wins,18.00,0,0,0,0,0,0,0,0,0,0
42,AgentA wins,18.00,0,0,0,0,0,0,0,0,0,0
43,AgentA wins,15.00,0,0,0,0,0,0,0,0,0,0
44,AgentB wins,33.33,0,0,0,0,0,0,0,0,0,0
45,AgentA wins,30.00,0,0,0,0,0,0,0,0,0,0
46,AgentA wins,33.00,0,0,0,0,0,0,0,0,0,0
47,AgentA wins,53.00,0,0,0,0,0,0,0,0,0,0
48,AgentB wins,25.33,0,0,0,0,0,0,0,0,0,0
49,AgentA wins,30.00,0,0,0,0,0,0,0,0,0,0
50,AgentA wins,33.67,0,0,0,0,0,0,0,0,0,0
61,AgentA wins,18.00,0,0,0,0,0,0,0,0,0,0
62,AgentA wins,20.00,0,0,0,0,0,0,0,0,0,0
63,AgentA wins,20.00,0,0,0,0,0,0,0,0,0,0
64,AgentA wins,15.00,0,0,0,0,0,0,0,0,0,0
65,AgentA wins,20.00,0,0,0,0,0,0,0,0,0,0
66,AgentA wins,20.00,0,0,0,0,0,0,0,0,0,0
67,AgentA wins,18.00,0,0,0,0,0,0,0,0,0,0
68,AgentA wins,19.67,0,0,0,0,0,0,0,0,0,0
69,AgentA wins,20.00,0,0,0,0,0,0,0,0,0,0
70,AgentA wins,20.00,0,0,0,0,0,0,0,0,0,0
41,AgentA wins,42.33,0,0,0,0,0,0,0,0,0,0
42,AgentA wins,27.00,0,0,0,0,0,0,0,0,0,0
43,AgentA wins,27.00,0,0,0,0,0,0,0,0,0,0
44,AgentA wins,37.00,0,0,0,0,0,0,0,0,0,0
45,AgentA wins,29.67,0,0,0,0,0,0,0,0,0,0
46,AgentA wins,18.00,0,0,0,0,0,0,0,0,0,0
47,AgentA wins,15.00,0,0,0,0,0,0,0,0,0,0
48,AgentA wins,18.00,0,0,0,0,0,0,0,0,0,0
49,AgentA wins,18.00,0,0,0,0,0,0,0,0,0,0
50,AgentA wins,37.00,0,0,0,0,0,0,0,0,0,0
51,AgentA wins,18.00,0,0,0,0,0,0,0,0,0,0
52,AgentA wins,24.00,0,0,0,0,0,0,0,0,0,0
53,AgentA wins,21.00,0,0,0,0,0,0,0,0,0,0
54,AgentA wins,24.00,0,0,0,0,0,0,0,0,0,0
55,AgentA wins,15.00,0,0,0,0,0,0,0,0,0,0
56,AgentA wins,36.00,0,0,0,0,0,0,0,0,0,0
57,AgentA wins,31.67,0,0,0,0,0,0,0,0,0,0
58,AgentA wins,15.00,0,0,0,0,0,0,0,0,0,0
59,AgentA wins,27.00,0,0,0,0,0,0,0,0,0,0
60,AgentA wins,24.00,0,0,0,0,0,0,0,0,0,0
71,AgentA wins,20.00,0,0,0,0,0,0,0,0,0,0
72,AgentA wins,20.00,0,0,0,0,0,0,0,0,0,0
73,AgentA wins,19.67,0,0,0,0,0,0,0,0,0,0
74,AgentA wins,19.67,0,0,0,0,0,0,0,0,0,0
75,AgentA wins,19.67,0,0,0,0,0,0,0,0,0,0
76,AgentA wins,15.00,0,0,0,0,0,0,0,0,0,0
77,AgentA wins,17.00,0,0,0,0,0,0,0,0,0,0
78,AgentA wins,20.00,0,0,0,0,0,0,0,0,0,0
79,AgentA wins,19.67,0,0,0,0,0,0,0,0,0,0
80,AgentA wins,20.00,0,0,0,0,0,0,0,0,0,0
71,AgentA wins,20.00,0,0,0,0,0,0,0,0,0,0
72,AgentA wins,18.00,0,0,0,0,0,0,0,0,0,0
73,AgentA wins,20.00,0,0,0,0,0,0,0,0,0,0
74,AgentA wins,19.67,0,0,0,0,0,0,0,0,0,0
75,AgentA wins,20.00,0,0,0,0,0,0,0,0,0,0
76,AgentA wins,20.00,0,0,0,0,0,0,0,0,0,0
77,AgentA wins,20.00,0,0,0,0,0,0,0,0,0,0
78,AgentA wins,18.00,0,0,0,0,0,0,0,0,0,0
79,AgentA wins,17.00,0,0,0,0,0,0,0,0,0,0
80,AgentA wins,20.00,0,0,0,0,0,0,0,0,0,0
71,AgentA wins,17.00,0,0,0,0,0,0,0,0,0,0
72,AgentA wins,20.00,0,0,0,0,0,0,0,0,0,0
73,AgentA wins,20.00,0,0,0,0,0,0,0,0,0,0
74,AgentA wins,15.00,0,0,0,0,0,0,0,0,0,0
75,AgentA wins,15.00,0,0,0,0,0,0,0,0,0,0
76,AgentA wins,17.00,0,0,0,0,0,0,0,0,0,0
77,AgentA wins,18.00,0,0,0,0,0,0,0,0,0,0
78,AgentA wins,20.00,0,0,0,0,0,0,0,0,0,0
79,AgentA wins,20.00,0,0,0,0,0,0,0,0,0,0
80,AgentA wins,20.00,0,0,0,0,0,0,0,0,0,0
51,AgentA wins,15.00,0,0,0,0,0,0,0,0,0,0
52,AgentA wins,36.67,0,0,0,0,0,0,0,0,0,0
53,AgentA wins,15.00,0,0,0,0,0,0,0,0,0,0
54,AgentA wins,35.67,0,0,0,0,0,0,0,0,0,0
55,AgentA wins,32.67,0,0,0,0,0,0,0,0,0,0
56,AgentA wins,27.67,0,0,0,0,0,0,0,0,0,0
57,AgentA wins,36.00,0,0,0,0,0,0,0,0,0,0
58,AgentA wins,15.00,0,0,0,0,0,0,0,0,0,0
59,AgentA wins,15.00,0,0,0,0,0,0,0,0,0,0
60,AgentA wins,26.00,0,0,0,0,0,0,0,0,0,0
71,AgentA wins,15.00,0,0,0,0,0,0,0,0,0,0
72,AgentA wins,20.00,0,0,0,0,0,0,0,0,0,0
73,AgentA wins,18.00,0,0,0,0,0,0,0,0,0,0
74,AgentA wins,15.00,0,0,0,0,0,0,0,0,0,0
75,AgentA wins,20.00,0,0,0,0,0,0,0,0,0,0
76,AgentA wins,18.00,0,0,0,0,0,0,0,0,0,0
77,AgentA wins,20.00,0,0,0,0,0,0,0,0,0,0
78,AgentA wins,20.00,0,0,0,0,0,0,0,0,0,0
79,AgentA wins,22.33,0,0,0,0,0,0,0,0,0,0
80,AgentA wins,20.00,0,0,0,0,0,0,0,0,0,0
71,AgentA wins,20.00,0,0,0,0,0,0,0,0,0,0
72,AgentA wins,17.00,0,0,0,0,0,0,0,0,0,0
73,AgentA wins,15.00,0,0,0,0,0,0,0,0,0,0
74,AgentA wins,19.67,0,0,0,0,0,0,0,0,0,0
75,AgentA wins,18.00,0,0,0,0,0,0,0,0,0,0
76,AgentA wins,17.00,0,0,0,0,0,0,0,0,0,0
77,AgentA wins,19.67,0,0,0,0,0,0,0,0,0,0
78,AgentA wins,15.00,0,0,0,0,0,0,0,0,0,0
79,AgentA wins,15.00,0,0,0,0,0,0,0,0,0,0
80,AgentA wins,20.00,0,0,0,0,0,0,0,0,0,0
71,AgentA wins,15.00,0,0,0,0,0,0,0,0,0,0
72,AgentA wins,20.00,0,0,0,0,0,0,0,0,0,0
73,AgentA wins,19.67,0,0,0,0,0,0,0,0,0,0
74,AgentA wins,20.00,0,0,0,0,0,0,0,0,0,0
75,AgentA wins,20.00,0,0,0,0,0,0,0,0,0,0
76,AgentA wins,20.00,0,0,0,0,0,0,0,0,0,0
77,AgentA wins,15.00,0,0,0,0,0,0,0,0,0,0
78,AgentA wins,15.00,0,0,0,0,0,0,0,0,0,0
79,AgentA wins,15.00,0,0,0,0,0,0,0,0,0,0
80,AgentA wins,17.00,0,0,0,0,0,0,0,0,0,0
51,AgentA wins,18.00,163,160,0,102,0,132,0,20,22,43
52,AgentA wins,36.67,332,328,0,208,0,262,0,42,27,93
53,AgentA wins,24.00,216,219,0,132,0,184,0,25,30,44
54,AgentA wins,15.00,137,136,0,74,0,107,0,14,21,29
55,AgentA wins,26.67,240,239,0,149,0,197,0,31,34,59
56,AgentA wins,24.00,213,220,0,137,0,158,0,30,16,54
57,AgentA wins,21.00,189,191,0,114,0,149,0,24,16,47
58,AgentA wins,32.33,289,293,0,175,0,227,0,35,40,64
59,AgentA wins,15.00,140,137,0,80,0,106,0,14,19,29
60,AgentA wins,23.67,212,213,0,126,0,181,0,27,31,46
71,AgentA wins,20.00,0,0,0,0,0,0,0,0,0,0
72,AgentA wins,20.00,0,0,0,0,0,0,0,0,0,0
73,AgentA wins,20.00,0,0,0,0,0,0,0,0,0,0
74,AgentA wins,15.00,0,0,0,0,0,0,0,0,0,0
75,AgentA wins,20.00,0,0,0,0,0,0,0,0,0,0
76,AgentA wins,20.00,0,0,0,0,0,0,0,0,0,0
77,AgentA wins,18.00,0,0,0,0,0,0,0,0,0,0
78,AgentA wins,20.00,0,0,0,0,0,0,0,0,0,0
79,AgentA wins,20.00,0,0,0,0,0,0,0,0,0,0
80,AgentA wins,15.00,0,0,0,0,0,0,0,0,0,0
71,AgentA wins,15.00,0,0,0,0,0,0,0,0,0,0
72,AgentA wins,20.00,0,0,0,0,0,0,0,0,0,0
73,AgentA wins,20.00,0,0,0,0,0,0,0,0,0,0
74,AgentA wins,18.00,0,0,0,0,0,0,0,0,0,0
75,AgentA wins,20.00,0,0,0,0,0,0,0,0,0,0
76,AgentA wins,15.00,0,0,0,0,0,0,0,0,0,0
77,AgentA wins,20.00,0,0,0,0,0,0,0,0,0,0
78,AgentA wins,20.00,0,0,0,0,0,0,0,0,0,0
79,AgentA wins,19.67,0,0,0,0,0,0,0,0,0,0
80,AgentA wins,17.00,0,0,0,0,0,0,0,0,0,0
71,AgentA wins,20.00,0,0,0,0,0,0,0,0,0,0
72,AgentA wins,20.00,0,0,0,0,0,0,0,0,0,0
73,AgentA wins,19.67,0,0,0,0,0,0,0,0,0,0
74,AgentA wins,20.00,0,0,0,0,0,0,0,0,0,0
75,AgentA wins,19.67,0,0,0,0,0,0,0,0,0,0
76,AgentA wins,19.67,0,0,0,0,0,0,0,0,0,0
77,AgentA wins,20.00,0,0,0,0,0,0,0,0,0,0
78,AgentA wins,20.00,0,0,0,0,0,0,0,0,0,0
79,AgentA wins,20.00,0,0,0,0,0,0,0,0,0,0
80,AgentA wins,20.00,0,0,0,0,0,0,0,0,0,0
71,AgentA wins,20.00,0,0,0,0,0,0,0,0,0,0
72,AgentA wins,20.00,0,0,0,0,0,0,0,0,0,0
73,AgentA wins,15.00,0,0,0,0,0,0,0,0,0,0
74,AgentA wins,15.00,0,0,0,0,0,0,0,0,0,0
75,AgentA wins,18.00,0,0,0,0,0,0,0,0,0,0
76,AgentA wins,20.00,0,0,0,0,0,0,0,0,0,0
77,AgentA wins,18.00,0,0,0,0,0,0,0,0,0,0
78,AgentA wins,20.00,0,0,0,0,0,0,0,0,0,0
79,AgentA wins,18.00,0,0,0,0,0,0,0,0,0,0
80,AgentA wins,20.00,0,0,0,0,0,0,0,0,0,0
71,AgentA wins,18.00,0,0,0,0,0,0,0,0,0,0
72,AgentA wins,20.00,0,0,0,0,0,0,0,0,0,0
73,AgentA wins,18.00,0,0,0,0,0,0,0,0,0,0
74,AgentA wins,15.00,0,0,0,0,0,0,0,0,0,0
75,AgentA wins,18.00,0,0,0,0,0,0,0,0,0,0
76,AgentA wins,15.00,0,0,0,0,0,0,0,0,0,0
77,AgentA wins,17.00,0,0,0,0,0,0,0,0,0,0
78,AgentA wins,17.00,0,0,0,0,0,0,0,0,0,0
79,AgentA wins,20.00,0,0,0,0,0,0,0,0,0,0
80,AgentA wins,15.00,0,0,0,0,0,0,0,0,0,0
71,AgentA wins,15.00,0,0,0,0,0,0,0,0,0,0
72,AgentA wins,15.00,0,0,0,0,0,0,0,0,0,0
73,AgentA wins,20.00,0,0,0,0,0,0,0,0,0,0
74,AgentA wins,20.00,0,0,0,0,0,0,0,0,0,0
75,AgentA wins,18.00,0,0,0,0,0,0,0,0,0,0
76,AgentA wins,17.00,0,0,0,0,0,0,0,0,0,0
77,AgentA wins,20.00,0,0,0,0,0,0,0,0,0,0
78,AgentA wins,19.67,0,0,0,0,0,0,0,0,0,0
79,AgentA wins,18.00,0,0,0,0,0,0,0,0,0,0
80,AgentA wins,15.00,0,0,0,0,0,0,0,0,0,0
71,AgentA wins,17.00,0,0,0,0,0,0,0,0,0,0
72,AgentA wins,20.00,0,0,0,0,0,0,0,0,0,0
73,AgentA wins,19.67,0,0,0,0,0,0,0,0,0,0
74,AgentA wins,20.00,0,0,0,0,0,0,0,0,0,0
75,AgentA wins,15.00,0,0,0,0,0,0,0,0,0,0
76,AgentA wins,15.00,0,0,0,0,0,0,0,0,0,0
77,AgentA wins,18.00,0,0,0,0,0,0,0,0,0,0
78,AgentA wins,20.00,0,0,0,0,0,0,0,0,0,0
79,AgentA wins,17.00,0,0,0,0,0,0,0,0,0,0
80,AgentA wins,20.00,0,0,0,0,0,0,0,0,0,0
71,AgentA wins,20.00,0,0,0,0,0,0,0,0,0,0
72,AgentA wins,19.67,0,0,0,0,0,0,0,0,0,0
73,AgentA wins,20.00,0,0,0,0,0,0,0,0,0,0
74,AgentA wins,19.67,0,0,0,0,0,0,0,0,0,0
75,AgentA wins,18.00,0,0,0,0,0,0,0,0,0,0
76,AgentA wins,20.00,0,0,0,0,0,0,0,0,0,0
77,AgentA wins,19.67,0,0,0,0,0,0,0,0,0,0
78,AgentA wins,20.00,0,0,0,0,0,0,0,0,0,0
79,AgentA wins,20.00,0,0,0,0,0,0,0,0,0,0
80,AgentA wins,19.67,0,0,0,0,0,0,0,0,0,0
71,AgentA wins,20.00,0,0,0,0,0,0,0,0,0,0
72,AgentA wins,18.00,0,0,0,0,0,0,0,0,0,0
73,AgentA wins,15.00,0,0,0,0,0,0,0,0,0,0
74,AgentA wins,15.00,0,0,0,0,0,0,0,0,0,0
75,AgentA wins,20.00,0,0,0,0,0,0,0,0,0,0
76,AgentA wins,15.00,0,0,0,0,0,0,0,0,0,0
77,AgentA wins,19.67,0,0,0,0,0,0,0,0,0,0
78,AgentA wins,15.00,0,0,0,0,0,0,0,0,0,0
79,AgentA wins,20.00,0,0,0,0,0,0,0,0,0,0
80,AgentA wins,19.67,0,0,0,0,0,0,0,0,0,0
51,AgentA wins,18.00,0,0,0,0,0,0,0,0,0,0
52,AgentA wins,24.00,0,0,0,0,0,0,0,0,0,0
53,AgentA wins,46.33,0,0,0,0,0,0,0,0,0,0
54,AgentA wins,15.00,0,0,0,0,0,0,0,0,0,0
55,AgentA wins,18.00,0,0,0,0,0,0,0,0,0,0
56,AgentA wins,24.00,0,0,0,0,0,0,0,0,0,0
57,AgentA wins,18.33,0,0,0,0,0,0,0,0,0,0
58,AgentA wins,35.33,0,0,0,0,0,0,0,0,0,0
59,AgentA wins,24.33,0,0,0,0,0,0,0,0,0,0
60,AgentA wins,21.00,0,0,0,0,0,0,0,0,0,0
51,AgentA wins,28.67,0,0,0,0,0,0,0,0,0,0
52,AgentA wins,15.00,0,0,0,0,0,0,0,0,0,0
53,AgentA wins,15.67,0,0,0,0,0,0,0,0,0,0
54,AgentA wins,27.67,0,0,0,0,0,0,0,0,0,0
55,AgentA wins,24.00,0,0,0,0,0,0,0,0,0,0
56,AgentA wins,20.67,0,0,0,0,0,0,0,0,0,0
57,AgentA wins,24.00,0,0,0,0,0,0,0,0,0,0
58,AgentA wins,45.00,0,0,0,0,0,0,0,0,0,0
59,AgentA wins,30.00,0,0,0,0,0,0,0,0,0,0
60,AgentA wins,32.00,0,0,0,0,0,0,0,0,0,0
51,AgentA wins,15.00,0,0,0,0,0,0,0,0,0,0
52,AgentA wins,18.00,0,0,0,0,0,0,0,0,0,0
53,AgentA wins,33.00,0,0,0,0,0,0,0,0,0,0
54,AgentA wins,26.33,0,0,0,0,0,0,0,0,0,0
55,AgentA wins,15.00,0,0,0,0,0,0,0,0,0,0
56,AgentA wins,24.00,0,0,0,0,0,0,0,0,0,0
57,AgentA wins,34.00,0,0,0,0,0,0,0,0,0,0
58,AgentA wins,38.00,0,0,0,0,0,0,0,0,0,0
59,AgentA wins,34.33,0,0,0,0,0,0,0,0,0,0
60,AgentA wins,26.00,0,0,0,0,0,0,0,0,0,0
51,AgentA wins,15.00,0,0,0,0,0,0,0,0,0,0
52,AgentB wins,36.67,0,0,0,0,0,0,0,0,0,0
53,AgentA wins,18.00,0,0,0,0,0,0,0,0,0,0
54,AgentB wins,36.33,0,0,0,0,0,0,0,0,0,0
55,AgentA wins,18.00,0,0,0,0,0,0,0,0,0,0
56,AgentA wins,33.00,0,0,0,0,0,0,0,0,0,0
57,AgentA wins,41.00,0,0,0,0,0,0,0,0,0,0
58,AgentA wins,34.00,0,0,0,0,0,0,0,0,0,0
59,AgentA wins,26.67,0,0,0,0,0,0,0,0,0,0
60,AgentB wins,30.67,0,0,0,0,0,0,0,0,0,0
51,AgentA wins,15.00,0,0,0,0,0,0,0,0,0,0
52,AgentA wins,43.33,0,0,0,0,0,0,0,0,0,0
53,AgentA wins,27.00,0,0,0,0,0,0,0,0,0,0
54,AgentA wins,34.00,0,0,0,0,0,0,0,0,0,0
55,AgentB wins,28.00,0,0,0,0,0,0,0,0,0,0
56,AgentB wins,27.33,0,0,0,0,0,0,0,0,0,0
57,AgentA wins,36.00,0,0,0,0,0,0,0,0,0,0
58,AgentA wins,15.00,0,0,0,0,0,0,0,0,0,0
59,AgentA wins,26.33,0,0,0,0,0,0,0,0,0,0
60,AgentB wins,18.67,0,0,0,0,0,0,0,0,0,0
51,AgentA wins,38.33,0,0,0,0,0,0,0,0,0,0
52,timeout draw,60.00,0,0,0,0,0,0,0,0,0,0
53,AgentA wins,22.67,0,0,0,0,0,0,0,0,0,0
54,AgentA wins,15.00,0,0,0,0,0,0,0,0,0,0
55,AgentB wins,24.67,0,0,0,0,0,0,0,0,0,0
56,AgentA wins,27.33,0,0,0,0,0,0,0,0,0,0
57,AgentA wins,27.67,0,0,0,0,0,0,0,0,0,0
58,AgentA wins,15.00,0,0,0,0,0,0,0,0,0,0
59,AgentB wins,27.33,0,0,0,0,0,0,0,0,0,0
60,AgentA wins,15.00,0,0,0,0,0,0,0,0,0,0
51,AgentA wins,21.00,0,0,0,0,0,0,0,0,0,0
52,AgentA wins,35.00,0,0,0,0,0,0,0,0,0,0
53,AgentA wins,18.00,0,0,0,0,0,0,0,0,0,0
54,AgentA wins,33.67,0,0,0,0,0,0,0,0,0,0
55,AgentA wins,38.67,0,0,0,0,0,0,0,0,0,0
56,AgentA wins,34.67,0,0,0,0,0,0,0,0,0,0
57,AgentA wins,20.00,0,0,0,0,0,0,0,0,0,0
58,AgentA wins,15.00,0,0,0,0,0,0,0,0,0,0
59,AgentA wins,18.00,0,0,0,0,0,0,0,0,0,0
60,AgentA wins,26.33,0,0,0,0,0,0,0,0,0,0
81,AgentA wins,15.00,0,0,0,0,0,0,0,0,0,0
82,AgentA wins,15.00,0,0,0,0,0,0,0,0,0,0
83,AgentA wins,20.00,0,0,0,0,0,0,0,0,0,0
84,AgentA wins,20.00,0,0,0,0,0,0,0,0,0,0
85,AgentA wins,15.00,0,0,0,0,0,0,0,0,0,0
86,AgentA wins,20.00,0,0,0,0,0,0,0,0,0,0
87,AgentA wins,20.00,0,0,0,0,0,0,0,0,0,0
88,AgentA wins,19.67,0,0,0,0,0,0,0,0,0,0
89,AgentA wins,17.00,0,0,0,0,0,0,0,0,0,0
90,AgentA wins,15.00,0,0,0,0,0,0,0,0,0,0
81,AgentA wins,15.00,0,0,0,0,0,0,0,0,0,0
82,AgentA wins,17.00,0,0,0,0,0,0,0,0,0,0
83,AgentA wins,17.00,0,0,0,0,0,0,0,0,0,0
84,AgentA wins,19.67,0,0,0,0,0,0,0,0,0,0
85,AgentA wins,17.00,0,0,0,0,0,0,0,0,0,0
86,AgentA wins,15.00,0,0,0,0,0,0,0,0,0,0
87,AgentA wins,18.00,0,0,0,0,0,0,0,0,0,0
88,AgentA wins,22.33,0,0,0,0,0,0,0,0,0,0
89,AgentA wins,18.00,0,0,0,0,0,0,0,0,0,0
90,AgentA wins,18.00,0,0,0,0,0,0,0,0,0,0
81,AgentA wins,20.00,0,0,0,0,0,0,0,0,0,0
82,AgentA wins,17.00,0,0,0,0,0,0,0,0,0,0
83,AgentA wins,20.00,0,0,0,0,0,0,0,0,0,0
84,AgentA wins,19.67,0,0,0,0,0,0,0,0,0,0
85,AgentA wins,17.00,0,0,0,0,0,0,0,0,0,0
86,AgentA wins,19.67,0,0,0,0,0,0,0,0,0,0
87,AgentA wins,15.00,0,0,0,0,0,0,0,0,0,0
88,AgentA wins,20.00,0,0,0,0,0,0,0,0,0,0
89,AgentA wins,20.00,0,0,0,0,0,0,0,0,0,0
90,AgentA wins,19.67,0,0,0,0,0,0,0,0,0,0
81,AgentA wins,17.00,0,0,0,0,0,0,0,0,0,0
82,AgentA wins,20.00,0,0,0,0,0,0,0,0,0,0
83,AgentA wins,18.00,0,0,0,0,0,0,0,0,0,0
84,AgentA wins,20.00,0,0,0,0,0,0,0,0,0,0
85,AgentA wins,22.33,0,0,0,0,0,0,0,0,0,0
86,AgentA wins,17.00,0,0,0,0,0,0,0,0,0,0
87,AgentA wins,19.67,0,0,0,0,0,0,0,0,0,0
88,AgentA wins,15.00,0,0,0,0,0,0,0,0,0,0
89,AgentA wins,18.00,0,0,0,0,0,0,0,0,0,0
90,AgentA wins,20.00,0,0,0,0,0,0,0,0,0,0
81,AgentA wins,15.00,0,0,0,0,0,0,0,0,0,0
82,AgentA wins,20.00,0,0,0,0,0,0,0,0,0,0
83,AgentA wins,15.00,0,0,0,0,0,0,0,0,0,0
84,AgentA wins,20.00,0,0,0,0,0,0,0,0,0,0
85,AgentA wins,20.00,0,0,0,0,0,0,0,0,0,0
86,AgentA wins,15.00,0,0,0,0,0,0,0,0,0,0
87,AgentA wins,19.67,0,0,0,0,0,0,0,0,0,0
88,AgentA wins,19.67,0,0,0,0,0,0,0,0,0,0
89,AgentA wins,19.67,0,0,0,0,0,0,0,0,0,0
90,AgentA wins,18.00,0,0,0,0,0,0,0,0,0,0
81,AgentA wins,17.00,0,0,0,0,0,0,0,0,0,0
82,AgentA wins,22.33,0,0,0,0,0,0,0,0,0,0
83,AgentA wins,15.00,0,0,0,0,0,0,0,0,0,0
84,AgentA wins,15.00,0,0,0,0,0,0,0,0,0,0
85,AgentA wins,17.00,0,0,0,0,0,0,0,0,0,0
86,AgentA wins,15.00,0,0,0,0,0,0,0,0,0,0
87,AgentA wins,15.00,0,0,0,0,0,0,0,0,0,0
88,AgentA wins,20.00,0,0,0,0,0,0,0,0,0,0
89,AgentA wins,15.00,0,0,0,0,0,0,0,0,0,0
90,AgentA wins,20.00,0,0,0,0,0,0,0,0,0,0
81,AgentA wins,20.00,0,0,0,0,0,0,0,0,0,0
82,AgentA wins,20.00,0,0,0,0,0,0,0,0,0,0
83,AgentA wins,18.00,0,0,0,0,0,0,0,0,0,0
84,AgentA wins,20.00,0,0,0,0,0,0,0,0,0,0
85,AgentA wins,20.00,0,0,0,0,0,0,0,0,0,0
86,AgentA wins,17.00,0,0,0,0,0,0,0,0,0,0
87,AgentA wins,19.67,0,0,0,0,0,0,0,0,0,0
88,AgentA wins,19.67,0,0,0,0,0,0,0,0,0,0
89,AgentA wins,19.67,0,0,0,0,0,0,0,0,0,0
90,AgentA wins,20.00,0,0,0,0,0,0,0,0,0,0
81,AgentA wins,20.00,0,0,0,0,0,0,0,0,0,0
82,AgentA wins,15.00,0,0,0,0,0,0,0,0,0,0
83,AgentA wins,20.00,0,0,0,0,0,0,0,0,0,0
84,AgentA wins,20.00,0,0,0,0,0,0,0,0,0,0
85,AgentA wins,20.00,0,0,0,0,0,0,0,0,0,0
86,AgentA wins,20.00,0,0,0,0,0,0,0,0,0,0
87,AgentA wins,18.00,0,0,0,0,0,0,0,0,0,0
88,AgentA wins,17.00,0,0,0,0,0,0,0,0,0,0
89,AgentA wins,20.00,0,0,0,0,0,0,0,0,0,0
90,AgentA wins,17.00,0,0,0,0,0,0,0,0,0,0
81,AgentA wins,20.00,0,0,0,0,0,0,0,0,0,0
82,AgentA wins,19.67,0,0,0,0,0,0,0,0,0,0
83,AgentA wins,19.67,0,0,0,0,0,0,0,0,0,0
84,AgentA wins,19.67,0,0,0,0,0,0,0,0,0,0
85,AgentA wins,15.00,0,0,0,0,0,0,0,0,0,0
86,AgentA wins,18.00,0,0,0,0,0,0,0,0,0,0
87,AgentA wins,20.00,0,0,0,0,0,0,0,0,0,0
88,AgentA wins,18.00,0,0,0,0,0,0,0,0,0,0
89,AgentA wins,18.00,0,0,0,0,0,0,0,0,0,0
90,AgentA wins,20.00,0,0,0,0,0,0,0,0,0,0
81,AgentA wins,20.00,0,0,0,0,0,0,0,0,0,0
82,AgentA wins,20.00,0,0,0,0,0,0,0,0,0,0
83,AgentA wins,20.00,0,0,0,0,0,0,0,0,0,0
84,AgentA wins,18.00,0,0,0,0,0,0,0,0,0,0
85,AgentA wins,15.00,0,0,0,0,0,0,0,0,0,0
86,AgentA wins,15.00,0,0,0,0,0,0,0,0,0,0
87,AgentA wins,20.00,0,0,0,0,0,0,0,0,0,0
88,AgentA wins,20.00,0,0,0,0,0,0,0,0,0,0
89,AgentA wins,17.00,0,0,0,0,0,0,0,0,0,0
90,AgentA wins,20.00,0,0,0,0,0,0,0,0,0,0
81,AgentA wins,19.67,0,0,0,0,0,0,0,0,0,0
82,AgentA wins,17.00,0,0,0,0,0,0,0,0,0,0
83,AgentA wins,19.67,0,0,0,0,0,0,0,0,0,0
84,AgentA wins,18.00,0,0,0,0,0,0,0,0,0,0
85,AgentA wins,19.67,0,0,0,0,0,0,0,0,0,0
86,AgentA wins,20.00,0,0,0,0,0,0,0,0,0,0
87,AgentA wins,15.00,0,0,0,0,0,0,0,0,0,0
88,AgentA wins,19.67,0,0,0,0,0,0,0,0,0,0
89,AgentA wins,20.00,0,0,0,0,0,0,0,0,0,0
90,AgentA wins,20.00,0,0,0,0,0,0,0,0,0,0
61,AgentA wins,30.00,0,0,0,0,0,0,0,0,0,0
62,AgentB wins,37.67,0,0,0,0,0,0,0,0,0,0
63,AgentA wins,18.00,0,0,0,0,0,0,0,0,0,0
64,AgentA wins,24.67,0,0,0,0,0,0,0,0,0,0
65,AgentA wins,35.00,0,0,0,0,0,0,0,0,0,0
66,AgentA wins,15.00,0,0,0,0,0,0,0,0,0,0
67,AgentA wins,21.67,0,0,0,0,0,0,0,0,0,0
68,AgentA wins,33.00,0,0,0,0,0,0,0,0,0,0
69,AgentA wins,29.67,0,0,0,0,0,0,0,0,0,0
70,AgentA wins,15.00,0,0,0,0,0,0,0,0,0,0
81,AgentA wins,20.00,0,0,0,0,0,0,0,0,0,0
82,AgentA wins,20.00,0,0,0,0,0,0,0,0,0,0
83,AgentA wins,19.67,0,0,0,0,0,0,0,0,0,0
84,AgentA wins,15.00,0,0,0,0,0,0,0,0,0,0
85,AgentA wins,18.00,0,0,0,0,0,0,0,0,0,0
86,AgentA wins,19.67,0,0,0,0,0,0,0,0,0,0
87,AgentA wins,20.00,0,0,0,0,0,0,0,0,0,0
88,AgentA wins,20.00,0,0,0,0,0,0,0,0,0,0
89,AgentA wins,20.00,0,0,0,0,0,0,0,0,0,0
90,AgentA wins,15.00,0,0,0,0,0,0,0,0,0,0
81,AgentA wins,19.67,0,0,0,0,0,0,0,0,0,0
82,AgentA wins,18.00,0,0,0,0,0,0,0,0,0,0
83,AgentA wins,17.00,0,0,0,0,0,0,0,0,0,0
84,AgentA wins,19.67,0,0,0,0,0,0,0,0,0,0
85,AgentA wins,19.67,0,0,0,0,0,0,0,0,0,0
86,AgentA wins,17.00,0,0,0,0,0,0,0,0,0,0
87,AgentA wins,20.00,0,0,0,0,0,0,0,0,0,0
88,AgentA wins,15.00,0,0,0,0,0,0,0,0,0,0
89,AgentA wins,18.00,0,0,0,0,0,0,0,0,0,0
90,AgentA wins,20.00,0,0,0,0,0,0,0,0,0,0
81,AgentA wins,19.67,0,0,0,0,0,0,0,0,0,0
82,AgentA wins,15.00,0,0,0,0,0,0,0,0,0,0
83,AgentA wins,17.00,0,0,0,0,0,0,0,0,0,0
84,AgentA wins,18.00,0,0,0,0,0,0,0,0,0,0
85,AgentA wins,20.00,0,0,0,0,0,0,0,0,0,0
86,AgentA wins,19.67,0,0,0,0,0,0,0,0,0,0
87,AgentA wins,20.00,0,0,0,0,0,0,0,0,0,0
88,AgentA wins,15.00,0,0,0,0,0,0,0,0,0,0
89,AgentA wins,20.00,0,0,0,0,0,0,0,0,0,0
90,AgentA wins,20.00,0,0,0,0,0,0,0,0,0,0
81,AgentA wins,20.00,0,0,0,0,0,0,0,0,0,0
82,AgentA wins,19.67,0,0,0,0,0,0,0,0,0,0
83,AgentA wins,20.00,0,0,0,0,0,0,0,0,0,0
84,AgentA wins,20.00,0,0,0,0,0,0,0,0,0,0
85,AgentA wins,20.00,0,0,0,0,0,0,0,0,0,0
86,AgentA wins,20.00,0,0,0,0,0,0,0,0,0,0
87,AgentA wins,19.67,0,0,0,0,0,0,0,0,0,0
88,AgentA wins,20.00,0,0,0,0,0,0,0,0,0,0
89,AgentA wins,20.00,0,0,0,0,0,0,0,0,0,0
90,AgentA wins,20.00,0,0,0,0,0,0,0,0,0,0
61,AgentA wins,15.67,0,0,0,0,0,0,0,0,0,0
62,AgentA wins,15.00,0,0,0,0,0,0,0,0,0,0
63,AgentA wins,15.00,0,0,0,0,0,0,0,0,0,0
64,AgentA wins,37.67,0,0,0,0,0,0,0,0,0,0
65,AgentA wins,23.33,0,0,0,0,0,0,0,0,0,0
66,AgentA wins,15.00,0,0,0,0,0,0,0,0,0,0
67,AgentA wins,29.67,0,0,0,0,0,0,0,0,0,0
68,AgentA wins,26.33,0,0,0,0,0,0,0,0,0,0
69,AgentA wins,48.33,0,0,0,0,0,0,0,0,0,0
70,AgentA wins,31.33,0,0,0,0,0,0,0,0,0,0
61,AgentA wins,31.67,286,285,0,173,0,234,0,35,39,52
62,AgentA wins,20.67,188,187,0,110,0,147,0,21,27,34
63,AgentA wins,26.00,234,239,0,146,0,190,0,30,39,46
64,AgentA wins,37.33,335,340,0,211,0,261,0,38,37,89
65,AgentA wins,15.00,134,138,0,88,0,114,0,16,19,23
66,AgentA wins,21.00,188,189,0,118,0,147,0,24,22,36
67,AgentA wins,24.00,222,217,0,123,0,169,0,25,30,50
68,AgentA wins,30.00,269,273,0,156,0,227,0,28,42,65
69,AgentA wins,41.33,369,375,0,233,0,294,0,45,45,94
70,AgentA wins,31.33,281,286,0,177,0,216,0,34,32,62
61,AgentA wins,15.00,0,0,0,0,0,0,0,0,0,0
62,AgentA wins,18.00,0,0,0,0,0,0,0,0,0,0
63,AgentA wins,24.00,0,0,0,0,0,0,0,0,0,0
64,AgentA wins,45.00,0,0,0,0,0,0,0,0,0,0
65,AgentA wins,15.00,0,0,0,0,0,0,0,0,0,0
66,AgentA wins,25.67,0,0,0,0,0,0,0,0,0,0
67,AgentB wins,30.33,0,0,0,0,0,0,0,0,0,0
68,AgentA wins,18.00,0,0,0,0,0,0,0,0,0,0
69,AgentA wins,37.00,0,0,0,0,0,0,0,0,0,0
70,AgentA wins,18.00,0,0,0,0,0,0,0,0,0,0
61,AgentA wins,15.00,0,0,0,0,0,0,0,0,0,0
62,AgentA wins,30.00,0,0,0,0,0,0,0,0,0,0
63,AgentA wins,32.33,0,0,0,0,0,0,0,0,0,0
64,AgentA wins,18.00,0,0,0,0,0,0,0,0,0,0
65,AgentA wins,15.00,0,0,0,0,0,0,0,0,0,0
66,AgentA wins,24.00,0,0,0,0,0,0,0,0,0,0
67,AgentB wins,21.67,0,0,0,0,0,0,0,0,0,0
68,AgentA wins,24.00,0,0,0,0,0,0,0,0,0,0
69,AgentA wins,15.00,0,0,0,0,0,0,0,0,0,0
70,AgentA wins,35.00,0,0,0,0,0,0,0,0,0,0
61,AgentA wins,28.33,0,0,0,0,0,0,0,0,0,0
62,AgentA wins,18.00,0,0,0,0,0,0,0,0,0,0
63,AgentB wins,36.33,0,0,0,0,0,0,0,0,0,0
64,AgentB wins,30.33,0,0,0,0,0,0,0,0,0,0
65,AgentA wins,15.00,0,0,0,0,0,0,0,0,0,0
66,AgentA wins,21.67,0,0,0,0,0,0,0,0,0,0
67,AgentA wins,15.00,0,0,0,0,0,0,0,0,0,0
68,AgentA wins,18.00,0,0,0,0,0,0,0,0,0,0
69,AgentA wins,26.00,0,0,0,0,0,0,0,0,0,0
70,AgentA wins,32.00,0,0,0,0,0,0,0,0,0,0
61,AgentB wins,36.67,0,0,0,0,0,0,0,0,0,0
62,AgentA wins,15.00,0,0,0,0,0,0,0,0,0,0
63,AgentA wins,24.67,0,0,0,0,0,0,0,0,0,0
64,AgentA wins,15.67,0,0,0,0,0,0,0,0,0,0
65,AgentA wins,37.00,0,0,0,0,0,0,0,0,0,0
66,AgentB wins,27.67,0,0,0,0,0,0,0,0,0,0
67,AgentA wins,26.67,0,0,0,0,0,0,0,0,0,0
68,AgentA wins,33.67,0,0,0,0,0,0,0,0,0,0
69,AgentA wins,40.33,0,0,0,0,0,0,0,0,0,0
70,AgentA wins,23.33,0,0,0,0,0,0,0,0,0,0
91,AgentA wins,15.00,0,0,0,0,0,0,0,0,0,0
92,AgentA wins,20.00,0,0,0,0,0,0,0,0,0,0
93,AgentA wins,20.00,0,0,0,0,0,0,0,0,0,0
94,AgentA wins,15.00,0,0,0,0,0,0,0,0,0,0
95,AgentA wins,22.33,0,0,0,0,0,0,0,0,0,0
96,AgentA wins,20.00,0,0,0,0,0,0,0,0,0,0
97,AgentA wins,20.00,0,0,0,0,0,0,0,0,0,0
98,AgentA wins,17.00,0,0,0,0,0,0,0,0,0,0
99,AgentA wins,15.00,0,0,0,0,0,0,0,0,0,0
100,AgentA wins,20.00,0,0,0,0,0,0,0,0,0,0
91,AgentA wins,17.00,0,0,0,0,0,0,0,0,0,0
92,AgentA wins,20.00,0,0,0,0,0,0,0,0,0,0
93,AgentA wins,19.67,0,0,0,0,0,0,0,0,0,0
94,AgentA wins,18.00,0,0,0,0,0,0,0,0,0,0
95,AgentA wins,20.00,0,0,0,0,0,0,0,0,0,0
96,AgentA wins,15.00,0,0,0,0,0,0,0,0,0,0
97,AgentA wins,20.00,0,0,0,0,0,0,0,0,0,0
98,AgentA wins,15.00,0,0,0,0,0,0,0,0,0,0
99,AgentA wins,15.00,0,0,0,0,0,0,0,0,0,0
100,AgentA wins,18.00,0,0,0,0,0,0,0,0,0,0
61,AgentA wins,28.00,0,0,0,0,0,0,0,0,0,0
62,AgentA wins,32.00,0,0,0,0,0,0,0,0,0,0
63,AgentA wins,30.00,0,0,0,0,0,0,0,0,0,0
64,AgentA wins,15.00,0,0,0,0,0,0,0,0,0,0
65,AgentA wins,18.00,0,0,0,0,0,0,0,0,0,0
66,AgentA wins,15.00,0,0,0,0,0,0,0,0,0,0
67,AgentA wins,24.00,0,0,0,0,0,0,0,0,0,0
68,AgentA wins,21.67,0,0,0,0,0,0,0,0,0,0
69,AgentA wins,21.00,0,0,0,0,0,0,0,0,0,0
70,AgentA wins,31.00,0,0,0,0,0,0,0,0,0,0
61,AgentA wins,18.00,0,0,0,0,0,0,0,0,0,0
62,AgentA wins,39.33,0,0,0,0,0,0,0,0,0,0
63,AgentA wins,28.00,0,0,0,0,0,0,0,0,0,0
64,AgentA wins,15.00,0,0,0,0,0,0,0,0,0,0
65,AgentA wins,37.33,0,0,0,0,0,0,0,0,0,0
66,AgentA wins,30.67,0,0,0,0,0,0,0,0,0,0
67,AgentA wins,27.00,0,0,0,0,0,0,0,0,0,0
68,AgentA wins,18.00,0,0,0,0,0,0,0,0,0,0
69,AgentA wins,23.00,0,0,0,0,0,0,0,0,0,0
70,AgentA wins,18.33,0,0,0,0,0,0,0,0,0,0
91,AgentA wins,20.00,0,0,0,0,0,0,0,0,0,0
92,AgentA wins,18.00,0,0,0,0,0,0,0,0,0,0
93,AgentA wins,20.00,0,0,0,0,0,0,0,0,0,0
94,AgentA wins,20.00,0,0,0,0,0,0,0,0,0,0
95,AgentA wins,20.00,0,0,0,0,0,0,0,0,0,0
96,AgentA wins,19.67,0,0,0,0,0,0,0,0,0,0
97,AgentA wins,20.00,0,0,0,0,0,0,0,0,0,0
98,AgentA wins,17.00,0,0,0,0,0,0,0,0,0,0
99,AgentA wins,20.00,0,0,0,0,0,0,0,0,0,0
100,AgentA wins,19.67,0,0,0,0,0,0,0,0,0,0
91,AgentA wins,18.00,0,0,0,0,0,0,0,0,0,0
92,AgentA wins,20.00,0,0,0,0,0,0,0,0,0,0
93,AgentA wins,20.00,0,0,0,0,0,0,0,0,0,0
94,AgentA wins,15.00,0,0,0,0,0,0,0,0,0,0
95,AgentA wins,17.00,0,0,0,0,0,0,0,0,0,0
96,AgentA wins,20.00,0,0,0,0,0,0,0,0,0,0
97,AgentA wins,20.00,0,0,0,0,0,0,0,0,0,0
98,AgentA wins,20.00,0,0,0,0,0,0,0,0,0,0
99,AgentA wins,17.00,0,0,0,0,0,0,0,0,0,0
100,AgentA wins,17.00,0,0,0,0,0,0,0,0,0,0
91,AgentA wins,20.00,0,0,0,0,0,0,0,0,0,0
92,AgentA wins,22.33,0,0,0,0,0,0,0,0,0,0
93,AgentA wins,20.00,0,0,0,0,0,0,0,0,0,0
94,AgentA wins,20.00,0,0,0,0,0,0,0,0,0,0
95,AgentA wins,20.00,0,0,0,0,0,0,0,0,0,0
96,AgentA wins,20.00,0,0,0,0,0,0,0,0,0,0
97,AgentA wins,15.00,0,0,0,0,0,0,0,0,0,0
98,AgentA wins,20.00,0,0,0,0,0,0,0,0,0,0
99,AgentA wins,20.00,0,0,0,0,0,0,0,0,0,0
100,AgentA wins,18.00,0,0,0,0,0,0,0,0,0,0
61,AgentA wins,27.00,0,0,0,0,0,0,0,0,0,0
62,AgentA wins,31.67,0,0,0,0,0,0,0,0,0,0
63,AgentA wins,24.33,0,0,0,0,0,0,0,0,0,0
64,timeout draw,60.00,0,0,0,0,0,0,0,0,0,0
65,AgentA wins,24.00,0,0,0,0,0,0,0,0,0,0
66,AgentA wins,27.33,0,0,0,0,0,0,0,0,0,0
67,AgentA wins,42.00,0,0,0,0,0,0,0,0,0,0
68,AgentA wins,15.00,0,0,0,0,0,0,0,0,0,0
69,AgentA wins,26.67,0,0,0,0,0,0,0,0,0,0
70,AgentA wins,18.00,0,0,0,0,0,0,0,0,0,0
91,AgentA wins,20.00,0,0,0,0,0,0,0,0,0,0
92,AgentA wins,20.00,0,0,0,0,0,0,0,0,0,0
93,AgentA wins,19.67,0,0,0,0,0,0,0,0,0,0
94,AgentA wins,15.00,0,0,0,0,0,0,0,0,0,0
95,AgentA wins,20.00,0,0,0,0,0,0,0,0,0,0
96,AgentA wins,20.00,0,0,0,0,0,0,0,0,0,0
97,AgentA wins,17.00,0,0,0,0,0,0,0,0,0,0
98,AgentA wins,20.00,0,0,0,0,0,0,0,0,0,0
99,AgentA wins,17.00,0,0,0,0,0,0,0,0,0,0
100,AgentA wins,15.00,0,0,0,0,0,0,0,0,0,0
91,AgentA wins,18.00,0,0,0,0,0,0,0,0,0,0
92,AgentA wins,15.00,0,0,0,0,0,0,0,0,0,0
93,AgentA wins,15.00,0,0,0,0,0,0,0,0,0,0
94,AgentA wins,18.00,0,0,0,0,0,0,0,0,0,0
95,AgentA wins,15.00,0,0,0,0,0,0,0,0,0,0
96,AgentA wins,19.67,0,0,0,0,0,0,0,0,0,0
97,AgentA wins,15.00,0,0,0,0,0,0,0,0,0,0
98,AgentA wins,18.00,0,0,0,0,0,0,0,0,0,0
99,AgentA wins,15.00,0,0,0,0,0,0,0,0,0,0
100,AgentA wins,20.00,0,0,0,0,0,0,0,0,0,0
91,AgentA wins,15.00,0,0,0,0,0,0,0,0,0,0
92,AgentA wins,20.00,0,0,0,0,0,0,0,0,0,0
93,AgentA wins,20.00,0,0,0,0,0,0,0,0,0,0
94,AgentA wins,20.00,0,0,0,0,0,0,0,0,0,0
95,AgentA wins,20.00,0,0,0,0,0,0,0,0,0,0
96,AgentA wins,17.00,0,0,0,0,0,0,0,0,0,0
97,AgentA wins,20.00,0,0,0,0,0,0,0,0,0,0
98,AgentA wins,15.00,0,0,0,0,0,0,0,0,0,0
99,AgentA wins,15.00,0,0,0,0,0,0,0,0,0,0
100,AgentA wins,20.00,0,0,0,0,0,0,0,0,0,0
91,AgentA wins,19.67,0,0,0,0,0,0,0,0,0,0
92,AgentA wins,19.67,0,0,0,0,0,0,0,0,0,0
93,AgentA wins,18.00,0,0,0,0,0,0,0,0,0,0
94,AgentA wins,15.00,0,0,0,0,0,0,0,0,0,0
95,AgentA wins,20.00,0,0,0,0,0,0,0,0,0,0
96,AgentA wins,15.00,0,0,0,0,0,0,0,0,0,0
97,AgentA wins,20.00,0,0,0,0,0,0,0,0,0,0
98,AgentA wins,17.00,0,0,0,0,0,0,0,0,0,0
99,AgentA wins,20.00,0,0,0,0,0,0,0,0,0,0
100,AgentA wins,20.00,0,0,0,0,0,0,0,0,0,0
91,AgentA wins,18.00,0,0,0,0,0,0,0,0,0,0
92,AgentA wins,15.00,0,0,0,0,0,0,0,0,0,0
93,AgentA wins,18.00,0,0,0,0,0,0,0,0,0,0
94,AgentA wins,15.00,0,0,0,0,0,0,0,0,0,0
95,AgentA wins,17.00,0,0,0,0,0,0,0,0,0,0
96,AgentA wins,20.00,0,0,0,0,0,0,0,0,0,0
97,AgentA wins,20.00,0,0,0,0,0,0,0,0,0,0
98,AgentA wins,20.00,0,0,0,0,0,0,0,0,0,0
99,AgentA wins,18.00,0,0,0,0,0,0,0,0,0,0
100,AgentA wins,20.00,0,0,0,0,0,0,0,0,0,0
91,AgentA wins,15.00,0,0,0,0,0,0,0,0,0,0
92,AgentA wins,18.00,0,0,0,0,0,0,0,0,0,0
93,AgentA wins,19.67,0,0,0,0,0,0,0,0,0,0
94,AgentA wins,15.00,0,0,0,0,0,0,0,0,0,0
95,AgentA wins,19.67,0,0,0,0,0,0,0,0,0,0
96,AgentA wins,19.67,0,0,0,0,0,0,0,0,0,0
97,AgentA wins,20.00,0,0,0,0,0,0,0,0,0,0
98,AgentA wins,18.00,0,0,0,0,0,0,0,0,0,0
99,AgentA wins,19.67,0,0,0,0,0,0,0,0,0,0
100,AgentA wins,20.00,0,0,0,0,0,0,0,0,0,0
91,AgentA wins,15.00,0,0,0,0,0,0,0,0,0,0
92,AgentA wins,15.00,0,0,0,0,0,0,0,0,0,0
93,AgentA wins,20.00,0,0,0,0,0,0,0,0,0,0
94,AgentA wins,17.00,0,0,0,0,0,0,0,0,0,0
95,AgentA wins,20.00,0,0,0,0,0,0,0,0,0,0
96,AgentA wins,20.00,0,0,0,0,0,0,0,0,0,0
97,AgentA wins,20.00,0,0,0,0,0,0,0,0,0,0
98,AgentA wins,15.00,0,0,0,0,0,0,0,0,0,0
99,AgentA wins,17.00,0,0,0,0,0,0,0,0,0,0
100,AgentA wins,20.00,0,0,0,0,0,0,0,0,0,0
91,AgentA wins,15.00,0,0,0,0,0,0,0,0,0,0
92,AgentA wins,19.67,0,0,0,0,0,0,0,0,0,0
93,AgentA wins,15.00,0,0,0,0,0,0,0,0,0,0
94,AgentA wins,17.00,0,0,0,0,0,0,0,0,0,0
95,AgentA wins,17.00,0,0,0,0,0,0,0,0,0,0
96,AgentA wins,18.00,0,0,0,0,0,0,0,0,0,0
97,AgentA wins,20.00,0,0,0,0,0,0,0,0,0,0
98,AgentA wins,15.00,0,0,0,0,0,0,0,0,0,0
99,AgentA wins,19.67,0,0,0,0,0,0,0,0,0,0
100,AgentA wins,20.00,0,0,0,0,0,0,0,0,0,0
91,AgentA wins,20.00,0,0,0,0,0,0,0,0,0,0
92,AgentA wins,20.00,0,0,0,0,0,0,0,0,0,0
93,AgentA wins,20.00,0,0,0,0,0,0,0,0,0,0
94,AgentA wins,18.00,0,0,0,0,0,0,0,0,0,0
95,AgentA wins,20.00,0,0,0,0,0,0,0,0,0,0
96,AgentA wins,18.00,0,0,0,0,0,0,0,0,0,0
97,AgentA wins,17.00,0,0,0,0,0,0,0,0,0,0
98,AgentA wins,17.00,0,0,0,0,0,0,0,0,0,0
99,AgentA wins,20.00,0,0,0,0,0,0,0,0,0,0
100,AgentA wins,18.00,0,0,0,0,0,0,0,0,0,0
91,AgentA wins,15.00,0,0,0,0,0,0,0,0,0,0
92,AgentA wins,20.00,0,0,0,0,0,0,0,0,0,0
93,AgentA wins,20.00,0,0,0,0,0,0,0,0,0,0
94,AgentA wins,19.67,0,0,0,0,0,0,0,0,0,0
95,AgentA wins,15.00,0,0,0,0,0,0,0,0,0,0
96,AgentA wins,20.00,0,0,0,0,0,0,0,0,0,0
97,AgentA wins,18.00,0,0,0,0,0,0,0,0,0,0
98,AgentA wins,20.00,0,0,0,0,0,0,0,0,0,0
99,AgentA wins,15.00,0,0,0,0,0,0,0,0,0,0
100,AgentA wins,19.67,0,0,0,0,0,0,0,0,0,0
71,AgentA wins,15.00,0,0,0,0,0,0,0,0,0,0
72,AgentA wins,27.00,0,0,0,0,0,0,0,0,0,0
73,AgentA wins,35.33,0,0,0,0,0,0,0,0,0,0
74,AgentA wins,18.00,0,0,0,0,0,0,0,0,0,0
75,AgentA wins,30.00,0,0,0,0,0,0,0,0,0,0
76,AgentA wins,15.00,0,0,0,0,0,0,0,0,0,0
77,AgentA wins,21.67,0,0,0,0,0,0,0,0,0,0
78,AgentA wins,15.00,0,0,0,0,0,0,0,0,0,0
79,AgentA wins,35.00,0,0,0,0,0,0,0,0,0,0
80,AgentB wins,30.00,0,0,0,0,0,0,0,0,0,0
71,AgentA wins,18.00,0,0,0,0,0,0,0,0,0,0
72,AgentA wins,24.00,0,0,0,0,0,0,0,0,0,0
73,AgentA wins,29.67,0,0,0,0,0,0,0,0,0,0
74,AgentA wins,18.00,0,0,0,0,0,0,0,0,0,0
75,AgentA wins,34.67,0,0,0,0,0,0,0,0,0,0
76,AgentA wins,18.00,0,0,0,0,0,0,0,0,0,0
77,AgentA wins,35.67,0,0,0,0,0,0,0,0,0,0
78,AgentA wins,34.67,0,0,0,0,0,0,0,0,0,0
79,AgentA wins,37.00,0,0,0,0,0,0,0,0,0,0
80,AgentB wins,34.33,0,0,0,0,0,0,0,0,0,0
71,AgentA wins,18.67,170,166,0,105,0,140,0,22,18,34
72,AgentA wins,15.00,134,137,0,79,0,111,0,18,18,27
73,AgentA wins,15.00,135,141,0,94,0,107,0,20,15,37
74,AgentA wins,18.00,162,162,0,106,0,122,0,20,15,36
75,AgentA wins,21.00,191,185,0,121,0,148,0,24,18,45
76,timeout draw,60.00,546,545,0,326,0,425,0,70,66,118
77,AgentA wins,15.00,135,137,0,86,0,98,0,16,10,36
78,AgentA wins,15.67,140,143,0,98,0,112,0,19,20,32
79,AgentA wins,18.67,168,171,0,101,0,135,0,20,28,41
80,AgentA wins,28.00,249,252,0,156,0,204,0,29,38,53
71,AgentA wins,15.00,0,0,0,0,0,0,0,0,0,0
72,AgentA wins,27.00,0,0,0,0,0,0,0,0,0,0
73,AgentA wins,15.00,0,0,0,0,0,0,0,0,0,0
74,AgentA wins,15.00,0,0,0,0,0,0,0,0,0,0
75,AgentA wins,18.67,0,0,0,0,0,0,0,0,0,0
76,AgentA wins,31.33,0,0,0,0,0,0,0,0,0,0
77,AgentA wins,27.00,0,0,0,0,0,0,0,0,0,0
78,AgentA wins,21.00,0,0,0,0,0,0,0,0,0,0
79,AgentA wins,36.67,0,0,0,0,0,0,0,0,0,0
80,AgentA wins,26.33,0,0,0,0,0,0,0,0,0,0
101,AgentA wins,17.00,0,0,0,0,0,0,0,0,0,0
102,AgentA wins,17.00,0,0,0,0,0,0,0,0,0,0
103,AgentA wins,20.00,0,0,0,0,0,0,0,0,0,0
104,AgentA wins,19.67,0,0,0,0,0,0,0,0,0,0
105,AgentA wins,20.00,0,0,0,0,0,0,0,0,0,0
106,AgentA wins,15.00,0,0,0,0,0,0,0,0,0,0
107,AgentA wins,17.00,0,0,0,0,0,0,0,0,0,0
108,AgentA wins,15.00,0,0,0,0,0,0,0,0,0,0
109,AgentA wins,18.00,0,0,0,0,0,0,0,0,0,0
110,AgentA wins,20.00,0,0,0,0,0,0,0,0,0,0
71,AgentB wins,29.33,0,0,0,0,0,0,0,0,0,0
72,AgentA wins,38.00,0,0,0,0,0,0,0,0,0,0
73,AgentA wins,15.00,0,0,0,0,0,0,0,0,0,0
74,AgentA wins,18.00,0,0,0,0,0,0,0,0,0,0
75,AgentA wins,18.00,0,0,0,0,0,0,0,0,0,0
76,AgentA wins,34.33,0,0,0,0,0,0,0,0,0,0
77,AgentA wins,15.00,0,0,0,0,0,0,0,0,0,0
78,AgentA wins,15.00,0,0,0,0,0,0,0,0,0,0
79,AgentA wins,15.00,0,0,0,0,0,0,0,0,0,0
80,AgentA wins,41.33,0,0,0,0,0,0,0,0,0,0
101,AgentA wins,20.00,0,0,0,0,0,0,0,0,0,0
102,AgentA wins,19.67,0,0,0,0,0,0,0,0,0,0
103,AgentA wins,15.00,0,0,0,0,0,0,0,0,0,0
104,AgentA wins,20.00,0,0,0,0,0,0,0,0,0,0
105,AgentA wins,15.00,0,0,0,0,0,0,0,0,0,0
106,AgentA wins,15.00,0,0,0,0,0,0,0,0,0,0
107,AgentA wins,17.00,0,0,0,0,0,0,0,0,0,0
108,AgentA wins,15.00,0,0,0,0,0,0,0,0,0,0
109,AgentA wins,20.00,0,0,0,0,0,0,0,0,0,0
110,AgentA wins,18.00,0,0,0,0,0,0,0,0,0,0
101,AgentA wins,15.00,0,0,0,0,0,0,0,0,0,0
102,AgentA wins,20.00,0,0,0,0,0,0,0,0,0,0
103,AgentA wins,20.00,0,0,0,0,0,0,0,0,0,0
104,AgentA wins,15.00,0,0,0,0,0,0,0,0,0,0
105,AgentA wins,19.67,0,0,0,0,0,0,0,0,0,0
106,AgentA wins,17.00,0,0,0,0,0,0,0,0,0,0
107,AgentA wins,18.00,0,0,0,0,0,0,0,0,0,0
108,AgentA wins,20.00,0,0,0,0,0,0,0,0,0,0
109,AgentA wins,19.67,0,0,0,0,0,0,0,0,0,0
110,AgentA wins,15.00,0,0,0,0,0,0,0,0,0,0
101,AgentA wins,19.67,0,0,0,0,0,0,0,0,0,0
102,AgentA wins,18.00,0,0,0,0,0,0,0,0,0,0
103,AgentA wins,20.00,0,0,0,0,0,0,0,0,0,0
104,AgentA wins,20.00,0,0,0,0,0,0,0,0,0,0
105,AgentA wins,18.00,0,0,0,0,0,0,0,0,0,0
106,AgentA wins,19.67,0,0,0,0,0,0,0,0,0,0
107,AgentA wins,22.33,0,0,0,0,0,0,0,0,0,0
108,AgentA wins,20.00,0,0,0,0,0,0,0,0,0,0
109,AgentA wins,18.00,0,0,0,0,0,0,0,0,0,0
110,AgentA wins,20.00,0,0,0,0,0,0,0,0,0,0
101,AgentA wins,17.00,0,0,0,0,0,0,0,0,0,0
102,AgentA wins,20.00,0,0,0,0,0,0,0,0,0,0
103,AgentA wins,15.00,0,0,0,0,0,0,0,0,0,0
104,AgentA wins,20.00,0,0,0,0,0,0,0,0,0,0
105,AgentA wins,20.00,0,0,0,0,0,0,0,0,0,0
106,AgentA wins,19.67,0,0,0,0,0,0,0,0,0,0
107,AgentA wins,18.00,0,0,0,0,0,0,0,0,0,0
108,AgentA wins,19.67,0,0,0,0,0,0,0,0,0,0
109,AgentA wins,19.67,0,0,0,0,0,0,0,0,0,0
110,AgentA wins,15.00,0,0,0,0,0,0,0,0,0,0
101,AgentA wins,20.00,0,0,0,0,0,0,0,0,0,0
102,AgentA wins,17.00,0,0,0,0,0,0,0,0,0,0
103,AgentA wins,15.00,0,0,0,0,0,0,0,0,0,0
104,AgentA wins,18.00,0,0,0,0,0,0,0,0,0,0
105,AgentA wins,17.00,0,0,0,0,0,0,0,0,0,0
106,AgentA wins,22.33,0,0,0,0,0,0,0,0,0,0
107,AgentA wins,17.00,0,0,0,0,0,0,0,0,0,0
108,AgentA wins,15.00,0,0,0,0,0,0,0,0,0,0
109,AgentA wins,20.00,0,0,0,0,0,0,0,0,0,0
110,AgentA wins,20.00,0,0,0,0,0,0,0,0,0,0
101,AgentA wins,20.00,0,0,0,0,0,0,0,0,0,0
102,AgentA wins,20.00,0,0,0,0,0,0,0,0,0,0
103,AgentA wins,15.00,0,0,0,0,0,0,0,0,0,0
104,AgentA wins,15.00,0,0,0,0,0,0,0,0,0,0
105,AgentA wins,17.00,0,0,0,0,0,0,0,0,0,0
106,AgentA wins,15.00,0,0,0,0,0,0,0,0,0,0
107,AgentA wins,22.33,0,0,0,0,0,0,0,0,0,0
108,AgentA wins,17.00,0,0,0,0,0,0,0,0,0,0
109,AgentA wins,19.67,0,0,0,0,0,0,0,0,0,0
110,AgentA wins,17.00,0,0,0,0,0,0,0,0,0,0
101,AgentA wins,17.00,0,0,0,0,0,0,0,0,0,0
102,AgentA wins,15.00,0,0,0,0,0,0,0,0,0,0
103,AgentA wins,20.00,0,0,0,0,0,0,0,0,0,0
104,AgentA wins,17.00,0,0,0,0,0,0,0,0,0,0
105,AgentA wins,18.00,0,0,0,0,0,0,0,0,0,0
106,AgentA wins,20.00,0,0,0,0,0,0,0,0,0,0
107,AgentA wins,19.67,0,0,0,0,0,0,0,0,0,0
108,AgentA wins,15.00,0,0,0,0,0,0,0,0,0,0
109,AgentA wins,15.00,0,0,0,0,0,0,0,0,0,0
110,AgentA wins,20.00,0,0,0,0,0,0,0,0,0,0
101,AgentA wins,20.00,0,0,0,0,0,0,0,0,0,0
102,AgentA wins,19.67,0,0,0,0,0,0,0,0,0,0
103,AgentA wins,20.00,0,0,0,0,0,0,0,0,0,0
104,AgentA wins,17.00,0,0,0,0,0,0,0,0,0,0
105,AgentA wins,19.67,0,0,0,0,0,0,0,0,0,0
106,AgentA wins,20.00,0,0,0,0,0,0,0,0,0,0
107,AgentA wins,15.00,0,0,0,0,0,0,0,0,0,0
108,AgentA wins,19.67,0,0,0,0,0,0,0,0,0,0
109,AgentA wins,19.67,0,0,0,0,0,0,0,0,0,0
110,AgentA wins,20.00,0,0,0,0,0,0,0,0,0,0
101,AgentA wins,20.00,0,0,0,0,0,0,0,0,0,0
102,AgentA wins,20.00,0,0,0,0,0,0,0,0,0,0
103,AgentA wins,20.00,0,0,0,0,0,0,0,0,0,0
104,AgentA wins,17.00,0,0,0,0,0,0,0,0,0,0
105,AgentA wins,20.00,0,0,0,0,0,0,0,0,0,0
106,AgentA wins,15.00,0,0,0,0,0,0,0,0,0,0
107,AgentA wins,15.00,0,0,0,0,0,0,0,0,0,0
108,AgentA wins,20.00,0,0,0,0,0,0,0,0,0,0
109,AgentA wins,20.00,0,0,0,0,0,0,0,0,0,0
110,AgentA wins,20.00,0,0,0,0,0,0,0,0,0,0
101,AgentA wins,20.00,0,0,0,0,0,0,0,0,0,0
102,AgentA wins,15.00,0,0,0,0,0,0,0,0,0,0
103,AgentA wins,18.00,0,0,0,0,0,0,0,0,0,0
104,AgentA wins,19.67,0,0,0,0,0,0,0,0,0,0
105,AgentA wins,15.00,0,0,0,0,0,0,0,0,0,0
106,AgentA wins,20.00,0,0,0,0,0,0,0,0,0,0
107,AgentA wins,15.00,0,0,0,0,0,0,0,0,0,0
108,AgentA wins,22.33,0,0,0,0,0,0,0,0,0,0
109,AgentA wins,22.33,0,0,0,0,0,0,0,0,0,0
110,AgentA wins,19.67,0,0,0,0,0,0,0,0,0,0
71,AgentA wins,18.00,0,0,0,0,0,0,0,0,0,0
72,AgentA wins,49.00,0,0,0,0,0,0,0,0,0,0
73,AgentA wins,40.00,0,0,0,0,0,0,0,0,0,0
74,AgentA wins,15.00,0,0,0,0,0,0,0,0,0,0
75,AgentA wins,15.00,0,0,0,0,0,0,0,0,0,0
76,AgentA wins,29.00,0,0,0,0,0,0,0,0,0,0
77,AgentA wins,24.00,0,0,0,0,0,0,0,0,0,0
78,AgentA wins,18.00,0,0,0,0,0,0,0,0,0,0
79,AgentA wins,24.33,0,0,0,0,0,0,0,0,0,0
80,AgentB wins,29.00,0,0,0,0,0,0,0,0,0,0
101,AgentA wins,20.00,0,0,0,0,0,0,0,0,0,0
102,AgentA wins,15.00,0,0,0,0,0,0,0,0,0,0
103,AgentA wins,15.00,0,0,0,0,0,0,0,0,0,0
104,AgentA wins,18.00,0,0,0,0,0,0,0,0,0,0
105,AgentA wins,17.00,0,0,0,0,0,0,0,0,0,0
106,AgentA wins,18.00,0,0,0,0,0,0,0,0,0,0
107,AgentA wins,15.00,0,0,0,0,0,0,0,0,0,0
108,AgentA wins,20.00,0,0,0,0,0,0,0,0,0,0
109,AgentA wins,15.00,0,0,0,0,0,0,0,0,0,0
110,AgentA wins,17.00,0,0,0,0,0,0,0,0,0,0
101,AgentA wins,18.00,0,0,0,0,0,0,0,0,0,0
102,AgentA wins,20.00,0,0,0,0,0,0,0,0,0,0
103,AgentA wins,19.67,0,0,0,0,0,0,0,0,0,0
104,AgentA wins,15.00,0,0,0,0,0,0,0,0,0,0
105,AgentA wins,20.00,0,0,0,0,0,0,0,0,0,0
106,AgentA wins,18.00,0,0,0,0,0,0,0,0,0,0
107,AgentA wins,20.00,0,0,0,0,0,0,0,0,0,0
108,AgentA wins,20.00,0,0,0,0,0,0,0,0,0,0
109,AgentA wins,15.00,0,0,0,0,0,0,0,0,0,0
110,AgentA wins,20.00,0,0,0,0,0,0,0,0,0,0
71,AgentA wins,38.00,0,0,0,0,0,0,0,0,0,0
72,AgentA wins,21.67,0,0,0,0,0,0,0,0,0,0
73,AgentA wins,15.00,0,0,0,0,0,0,0,0,0,0
74,AgentA wins,33.00,0,0,0,0,0,0,0,0,0,0
75,AgentB wins,25.00,0,0,0,0,0,0,0,0,0,0
76,AgentA wins,34.00,0,0,0,0,0,0,0,0,0,0
77,AgentA wins,25.00,0,0,0,0,0,0,0,0,0,0
78,AgentA wins,18.00,0,0,0,0,0,0,0,0,0,0
79,AgentB wins,41.33,0,0,0,0,0,0,0,0,0,0
80,AgentA wins,24.67,0,0,0,0,0,0,0,0,0,0
101,AgentA wins,15.00,0,0,0,0,0,0,0,0,0,0
102,AgentA wins,15.00,0,0,0,0,0,0,0,0,0,0
103,AgentA wins,15.00,0,0,0,0,0,0,0,0,0,0
104,AgentA wins,17.00,0,0,0,0,0,0,0,0,0,0
105,AgentA wins,19.67,0,0,0,0,0,0,0,0,0,0
106,AgentA wins,19.67,0,0,0,0,0,0,0,0,0,0
107,AgentA wins,17.00,0,0,0,0,0,0,0,0,0,0
108,AgentA wins,19.67,0,0,0,0,0,0,0,0,0,0
109,AgentA wins,22.33,0,0,0,0,0,0,0,0,0,0
110,AgentA wins,20.00,0,0,0,0,0,0,0,0,0,0
101,AgentA wins,15.00,0,0,0,0,0,0,0,0,0,0
102,AgentA wins,18.00,0,0,0,0,0,0,0,0,0,0
103,AgentA wins,19.67,0,0,0,0,0,0,0,0,0,0
104,AgentA wins,20.00,0,0,0,0,0,0,0,0,0,0
105,AgentA wins,19.67,0,0,0,0,0,0,0,0,0,0
106,AgentA wins,20.00,0,0,0,0,0,0,0,0,0,0
107,AgentA wins,19.67,0,0,0,0,0,0,0,0,0,0
108,AgentA wins,20.00,0,0,0,0,0,0,0,0,0,0
109,AgentA wins,19.67,0,0,0,0,0,0,0,0,0,0
110,AgentA wins,22.33,0,0,0,0,0,0,0,0,0,0
71,AgentA wins,15.00,0,0,0,0,0,0,0,0,0,0
72,AgentA wins,30.00,0,0,0,0,0,0,0,0,0,0
73,AgentA wins,18.00,0,0,0,0,0,0,0,0,0,0
74,AgentA wins,24.00,0,0,0,0,0,0,0,0,0,0
75,AgentA wins,29.33,0,0,0,0,0,0,0,0,0,0
76,AgentB wins,32.33,0,0,0,0,0,0,0,0,0,0
77,AgentA wins,24.33,0,0,0,0,0,0,0,0,0,0
78,AgentA wins,15.00,0,0,0,0,0,0,0,0,0,0
79,AgentA wins,37.33,0,0,0,0,0,0,0,0,0,0
80,AgentA wins,15.00,0,0,0,0,0,0,0,0,0,0
71,AgentA wins,15.00,0,0,0,0,0,0,0,0,0,0
72,AgentA wins,15.00,0,0,0,0,0,0,0,0,0,0
73,AgentA wins,29.00,0,0,0,0,0,0,0,0,0,0
74,AgentA wins,21.00,0,0,0,0,0,0,0,0,0,0
75,AgentA wins,27.00,0,0,0,0,0,0,0,0,0,0
76,AgentA wins,36.00,0,0,0,0,0,0,0,0,0,0
77,AgentA wins,46.00,0,0,0,0,0,0,0,0,0,0
78,AgentA wins,15.00,0,0,0,0,0,0,0,0,0,0
79,AgentA wins,33.00,0,0,0,0,0,0,0,0,0,0
80,AgentA wins,18.00,0,0,0,0,0,0,0,0,0,0
71,AgentA wins,21.00,0,0,0,0,0,0,0,0,0,0
72,AgentA wins,54.67,0,0,0,0,0,0,0,0,0,0
73,AgentA wins,28.00,0,0,0,0,0,0,0,0,0,0
74,AgentA wins,26.33,0,0,0,0,0,0,0,0,0,0
75,AgentA wins,15.00,0,0,0,0,0,0,0,0,0,0
76,AgentA wins,26.33,0,0,0,0,0,0,0,0,0,0
77,AgentA wins,15.00,0,0,0,0,0,0,0,0,0,0
78,AgentA wins,24.00,0,0,0,0,0,0,0,0,0,0
79,AgentA wins,35.33,0,0,0,0,0,0,0,0,0,0
80,AgentA wins,32.00,0,0,0,0,0,0,0,0,0,0
111,AgentA wins,19.67,0,0,0,0,0,0,0,0,0,0
112,AgentA wins,15.00,0,0,0,0,0,0,0,0,0,0
113,AgentA wins,20.00,0,0,0,0,0,0,0,0,0,0
114,AgentA wins,20.00,0,0,0,0,0,0,0,0,0,0
115,AgentA wins,18.00,0,0,0,0,0,0,0,0,0,0
116,AgentA wins,18.00,0,0,0,0,0,0,0,0,0,0
117,AgentA wins,20.00,0,0,0,0,0,0,0,0,0,0
118,AgentA wins,15.00,0,0,0,0,0,0,0,0,0,0
119,AgentA wins,19.67,0,0,0,0,0,0,0,0,0,0
120,AgentA wins,15.00,0,0,0,0,0,0,0,0,0,0
81,AgentA wins,18.00,0,0,0,0,0,0,0,0,0,0
82,AgentA wins,15.00,0,0,0,0,0,0,0,0,0,0
83,AgentA wins,30.00,0,0,0,0,0,0,0,0,0,0
84,AgentA wins,21.67,0,0,0,0,0,0,0,0,0,0
85,AgentA wins,15.00,0,0,0,0,0,0,0,0,0,0
86,AgentA wins,15.00,0,0,0,0,0,0,0,0,0,0
87,AgentA wins,24.33,0,0,0,0,0,0,0,0,0,0
88,AgentA wins,21.00,0,0,0,0,0,0,0,0,0,0
89,AgentA wins,15.00,0,0,0,0,0,0,0,0,0,0
90,AgentA wins,23.00,0,0,0,0,0,0,0,0,0,0
81,AgentB wins,26.00,0,0,0,0,0,0,0,0,0,0
82,AgentA wins,18.00,0,0,0,0,0,0,0,0,0,0
83,AgentA wins,39.67,0,0,0,0,0,0,0,0,0,0
84,AgentA wins,15.00,0,0,0,0,0,0,0,0,0,0
85,AgentA wins,23.67,0,0,0,0,0,0,0,0,0,0
86,AgentA wins,24.00,0,0,0,0,0,0,0,0,0,0
87,AgentA wins,29.00,0,0,0,0,0,0,0,0,0,0
88,AgentA wins,34.33,0,0,0,0,0,0,0,0,0,0
89,AgentA wins,18.00,0,0,0,0,0,0,0,0,0,0
90,AgentA wins,21.33,0,0,0,0,0,0,0,0,0,0
81,AgentA wins,24.00,0,0,0,0,0,0,0,0,0,0
82,AgentB wins,25.33,0,0,0,0,0,0,0,0,0,0
83,AgentA wins,15.00,0,0,0,0,0,0,0,0,0,0
84,AgentA wins,29.00,0,0,0,0,0,0,0,0,0,0
85,AgentA wins,39.00,0,0,0,0,0,0,0,0,0,0
86,AgentA wins,26.00,0,0,0,0,0,0,0,0,0,0
87,AgentB wins,26.67,0,0,0,0,0,0,0,0,0,0
88,AgentA wins,27.00,0,0,0,0,0,0,0,0,0,0
89,AgentA wins,21.00,0,0,0,0,0,0,0,0,0,0
90,AgentA wins,18.00,0,0,0,0,0,0,0,0,0,0
111,AgentA wins,15.00,0,0,0,0,0,0,0,0,0,0
112,AgentA wins,17.00,0,0,0,0,0,0,0,0,0,0
113,AgentA wins,17.00,0,0,0,0,0,0,0,0,0,0
114,AgentA wins,19.67,0,0,0,0,0,0,0,0,0,0
115,AgentA wins,20.00,0,0,0,0,0,0,0,0,0,0
116,AgentA wins,15.00,0,0,0,0,0,0,0,0,0,0
117,AgentA wins,20.00,0,0,0,0,0,0,0,0,0,0
118,AgentA wins,20.00,0,0,0,0,0,0,0,0,0,0
119,AgentA wins,19.67,0,0,0,0,0,0,0,0,0,0
120,AgentA wins,20.00,0,0,0,0,0,0,0,0,0,0
111,AgentA wins,18.00,0,0,0,0,0,0,0,0,0,0
112,AgentA wins,15.00,0,0,0,0,0,0,0,0,0,0
113,AgentA wins,17.00,0,0,0,0,0,0,0,0,0,0
114,AgentA wins,18.00,0,0,0,0,0,0,0,0,0,0
115,AgentA wins,20.00,0,0,0,0,0,0,0,0,0,0
116,AgentA wins,20.00,0,0,0,0,0,0,0,0,0,0
117,AgentA wins,15.00,0,0,0,0,0,0,0,0,0,0
118,AgentA wins,15.00,0,0,0,0,0,0,0,0,0,0
119,AgentA wins,20.00,0,0,0,0,0,0,0,0,0,0
120,AgentA wins,20.00,0,0,0,0,0,0,0,0,0,0
111,AgentA wins,20.00,0,0,0,0,0,0,0,0,0,0
112,AgentA wins,20.00,0,0,0,0,0,0,0,0,0,0
113,AgentA wins,20.00,0,0,0,0,0,0,0,0,0,0
114,AgentA wins,15.00,0,0,0,0,0,0,0,0,0,0
115,AgentA wins,17.00,0,0,0,0,0,0,0,0,0,0
116,AgentA wins,15.00,0,0,0,0,0,0,0,0,0,0
117,AgentA wins,20.00,0,0,0,0,0,0,0,0,0,0
118,AgentA wins,15.00,0,0,0,0,0,0,0,0,0,0
119,AgentA wins,17.00,0,0,0,0,0,0,0,0,0,0
120,AgentA wins,18.00,0,0,0,0,0,0,0,0,0,0
111,AgentA wins,18.00,0,0,0,0,0,0,0,0,0,0
112,AgentA wins,18.00,0,0,0,0,0,0,0,0,0,0
113,AgentA wins,15.00,0,0,0,0,0,0,0,0,0,0
114,AgentA wins,18.00,0,0,0,0,0,0,0,0,0,0
115,AgentA wins,15.00,0,0,0,0,0,0,0,0,0,0
116,AgentA wins,18.00,0,0,0,0,0,0,0,0,0,0
117,AgentA wins,20.00,0,0,0,0,0,0,0,0,0,0
118,AgentA wins,20.00,0,0,0,0,0,0,0,0,0,0
119,AgentA wins,20.00,0,0,0,0,0,0,0,0,0,0
120,AgentA wins,15.00,0,0,0,0,0,0,0,0,0,0
111,AgentA wins,15.00,0,0,0,0,0,0,0,0,0,0
112,AgentA wins,17.00,0,0,0,0,0,0,0,0,0,0
113,AgentA wins,20.00,0,0,0,0,0,0,0,0,0,0
114,AgentA wins,20.00,0,0,0,0,0,0,0,0,0,0
115,AgentA wins,19.67,0,0,0,0,0,0,0,0,0,0
116,AgentA wins,15.00,0,0,0,0,0,0,0,0,0,0
117,AgentA wins,20.00,0,0,0,0,0,0,0,0,0,0
118,AgentA wins,20.00,0,0,0,0,0,0,0,0,0,0
119,AgentA wins,17.00,0,0,0,0,0,0,0,0,0,0
120,AgentA wins,20.00,0,0,0,0,0,0,0,0,0,0
111,AgentA wins,22.33,0,0,0,0,0,0,0,0,0,0
112,AgentA wins,18.00,0,0,0,0,0,0,0,0,0,0
113,AgentA wins,20.00,0,0,0,0,0,0,0,0,0,0
114,AgentA wins,15.00,0,0,0,0,0,0,0,0,0,0
115,AgentA wins,18.00,0,0,0,0,0,0,0,0,0,0
116,AgentA wins,20.00,0,0,0,0,0,0,0,0,0,0
117,AgentA wins,19.67,0,0,0,0,0,0,0,0,0,0
118,AgentA wins,20.00,0,0,0,0,0,0,0,0,0,0
119,AgentA wins,17.00,0,0,0,0,0,0,0,0,0,0
120,AgentA wins,20.00,0,0,0,0,0,0,0,0,0,0
111,AgentA wins,15.00,0,0,0,0,0,0,0,0,0,0
112,AgentA wins,20.00,0,0,0,0,0,0,0,0,0,0
113,AgentA wins,15.00,0,0,0,0,0,0,0,0,0,0
114,AgentA wins,15.00,0,0,0,0,0,0,0,0,0,0
115,AgentA wins,15.00,0,0,0,0,0,0,0,0,0,0
116,AgentA wins,17.00,0,0,0,0,0,0,0,0,0,0
117,AgentA wins,20.00,0,0,0,0,0,0,0,0,0,0
118,AgentA wins,19.67,0,0,0,0,0,0,0,0,0,0
119,AgentA wins,18.00,0,0,0,0,0,0,0,0,0,0
120,AgentA wins,20.00,0,0,0,0,0,0,0,0,0,0
111,AgentA wins,17.00,0,0,0,0,0,0,0,0,0,0
112,AgentA wins,20.00,0,0,0,0,0,0,0,0,0,0
113,AgentA wins,20.00,0,0,0,0,0,0,0,0,0,0
114,AgentA wins,15.00,0,0,0,0,0,0,0,0,0,0
115,AgentA wins,18.00,0,0,0,0,0,0,0,0,0,0
116,AgentA wins,19.67,0,0,0,0,0,0,0,0,0,0
117,AgentA wins,18.00,0,0,0,0,0,0,0,0,0,0
118,AgentA wins,20.00,0,0,0,0,0,0,0,0,0,0
119,AgentA wins,15.00,0,0,0,0,0,0,0,0,0,0
120,AgentA wins,18.00,0,0,0,0,0,0,0,0,0,0
111,AgentA wins,19.67,0,0,0,0,0,0,0,0,0,0
112,AgentA wins,20.00,0,0,0,0,0,0,0,0,0,0
113,AgentA wins,20.00,0,0,0,0,0,0,0,0,0,0
114,AgentA wins,20.00,0,0,0,0,0,0,0,0,0,0
115,AgentA wins,19.67,0,0,0,0,0,0,0,0,0,0
116,AgentA wins,20.00,0,0,0,0,0,0,0,0,0,0
117,AgentA wins,15.00,0,0,0,0,0,0,0,0,0,0
118,AgentA wins,19.67,0,0,0,0,0,0,0,0,0,0
119,AgentA wins,20.00,0,0,0,0,0,0,0,0,0,0
120,AgentA wins,20.00,0,0,0,0,0,0,0,0,0,0
111,AgentA wins,20.00,0,0,0,0,0,0,0,0,0,0
112,AgentA wins,20.00,0,0,0,0,0,0,0,0,0,0
113,AgentA wins,20.00,0,0,0,0,0,0,0,0,0,0
114,AgentA wins,18.00,0,0,0,0,0,0,0,0,0,0
115,AgentA wins,18.00,0,0,0,0,0,0,0,0,0,0
116,AgentA wins,20.00,0,0,0,0,0,0,0,0,0,0
117,AgentA wins,19.67,0,0,0,0,0,0,0,0,0,0
118,AgentA wins,20.00,0,0,0,0,0,0,0,0,0,0
119,AgentA wins,20.00,0,0,0,0,0,0,0,0,0,0
120,AgentA wins,15.00,0,0,0,0,0,0,0,0,0,0
111,AgentA wins,19.67,0,0,0,0,0,0,0,0,0,0
112,AgentA wins,20.00,0,0,0,0,0,0,0,0,0,0
113,AgentA wins,20.00,0,0,0,0,0,0,0,0,0,0
114,AgentA wins,20.00,0,0,0,0,0,0,0,0,0,0
115,AgentA wins,15.00,0,0,0,0,0,0,0,0,0,0
116,AgentA wins,15.00,0,0,0,0,0,0,0,0,0,0
117,AgentA wins,20.00,0,0,0,0,0,0,0,0,0,0
118,AgentA wins,15.00,0,0,0,0,0,0,0,0,0,0
119,AgentA wins,18.00,0,0,0,0,0,0,0,0,0,0
120,AgentA wins,17.00,0,0,0,0,0,0,0,0,0,0
81,AgentA wins,35.67,319,320,0,190,0,265,0,36,48,69
82,AgentA wins,43.00,389,389,0,239,0,307,0,49,57,84
83,AgentA wins,24.00,214,216,0,124,0,177,0,24,25,53
84,AgentA wins,23.67,212,215,0,129,0,167,0,23,21,61
85,AgentA wins,15.00,137,135,0,79,0,107,0,16,19,30
86,AgentA wins,23.33,212,212,0,132,0,162,0,22,23,51
87,AgentA wins,24.33,221,217,0,139,0,171,0,31,30,54
88,AgentA wins,15.00,135,133,0,83,0,108,0,14,13,40
89,AgentA wins,15.00,139,136,0,87,0,111,0,18,11,28
90,AgentA wins,46.00,417,414,0,255,0,326,0,50,46,113
111,AgentA wins,20.00,0,0,0,0,0,0,0,0,0,0
112,AgentA wins,18.00,0,0,0,0,0,0,0,0,0,0
113,AgentA wins,20.00,0,0,0,0,0,0,0,0,0,0
114,AgentA wins,20.00,0,0,0,0,0,0,0,0,0,0
115,AgentA wins,15.00,0,0,0,0,0,0,0,0,0,0
116,AgentA wins,15.00,0,0,0,0,0,0,0,0,0,0
117,AgentA wins,17.00,0,0,0,0,0,0,0,0,0,0
118,AgentA wins,20.00,0,0,0,0,0,0,0,0,0,0
119,AgentA wins,20.00,0,0,0,0,0,0,0,0,0,0
120,AgentA wins,20.00,0,0,0,0,0,0,0,0,0,0
111,AgentA wins,15.00,0,0,0,0,0,0,0,0,0,0
112,AgentA wins,17.00,0,0,0,0,0,0,0,0,0,0
113,AgentA wins,19.67,0,0,0,0,0,0,0,0,0,0
114,AgentA wins,19.67,0,0,0,0,0,0,0,0,0,0
115,AgentA wins,20.00,0,0,0,0,0,0,0,0,0,0
116,AgentA wins,20.00,0,0,0,0,0,0,0,0,0,0
117,AgentA wins,20.00,0,0,0,0,0,0,0,0,0,0
118,AgentA wins,18.00,0,0,0,0,0,0,0,0,0,0
119,AgentA wins,15.00,0,0,0,0,0,0,0,0,0,0
120,AgentA wins,20.00,0,0,0,0,0,0,0,0,0,0
81,AgentA wins,15.00,0,0,0,0,0,0,0,0,0,0
82,AgentA wins,42.67,0,0,0,0,0,0,0,0,0,0
83,AgentA wins,21.00,0,0,0,0,0,0,0,0,0,0
84,AgentB wins,24.00,0,0,0,0,0,0,0,0,0,0
85,AgentA wins,15.00,0,0,0,0,0,0,0,0,0,0
86,AgentA wins,32.33,0,0,0,0,0,0,0,0,0,0
87,AgentA wins,15.00,0,0,0,0,0,0,0,0,0,0
88,AgentA wins,18.00,0,0,0,0,0,0,0,0,0,0
89,AgentA wins,18.00,0,0,0,0,0,0,0,0,0,0
90,AgentA wins,15.00,0,0,0,0,0,0,0,0,0,0
111,AgentA wins,20.00,0,0,0,0,0,0,0,0,0,0
112,AgentA wins,20.00,0,0,0,0,0,0,0,0,0,0
113,AgentA wins,20.00,0,0,0,0,0,0,0,0,0,0
114,AgentA wins,20.00,0,0,0,0,0,0,0,0,0,0
115,AgentA wins,20.00,0,0,0,0,0,0,0,0,0,0
116,AgentA wins,15.00,0,0,0,0,0,0,0,0,0,0
117,AgentA wins,20.00,0,0,0,0,0,0,0,0,0,0
118,AgentA wins,20.00,0,0,0,0,0,0,0,0,0,0
119,AgentA wins,20.00,0,0,0,0,0,0,0,0,0,0
120,AgentA wins,18.00,0,0,0,0,0,0,0,0,0,0
81,AgentA wins,23.67,0,0,0,0,0,0,0,0,0,0
82,AgentA wins,15.00,0,0,0,0,0,0,0,0,0,0
83,AgentA wins,15.00,0,0,0,0,0,0,0,0,0,0
84,AgentA wins,18.00,0,0,0,0,0,0,0,0,0,0
85,AgentA wins,18.00,0,0,0,0,0,0,0,0,0,0
86,AgentA wins,43.33,0,0,0,0,0,0,0,0,0,0
87,AgentA wins,34.67,0,0,0,0,0,0,0,0,0,0
88,AgentB wins,26.67,0,0,0,0,0,0,0,0,0,0
89,AgentA wins,18.00,0,0,0,0,0,0,0,0,0,0
90,AgentA wins,15.00,0,0,0,0,0,0,0,0,0,0
81,AgentB wins,37.67,0,0,0,0,0,0,0,0,0,0
82,AgentA wins,24.00,0,0,0,0,0,0,0,0,0,0
83,AgentA wins,15.00,0,0,0,0,0,0,0,0,0,0
84,AgentA wins,15.00,0,0,0,0,0,0,0,0,0,0
85,AgentA wins,15.00,0,0,0,0,0,0,0,0,0,0
86,AgentA wins,24.00,0,0,0,0,0,0,0,0,0,0
87,AgentA wins,31.33,0,0,0,0,0,0,0,0,0,0
88,AgentA wins,18.00,0,0,0,0,0,0,0,0,0,0
89,AgentA wins,40.67,0,0,0,0,0,0,0,0,0,0
90,AgentA wins,18.00,0,0,0,0,0,0,0,0,0,0
81,AgentA wins,23.67,0,0,0,0,0,0,0,0,0,0
82,AgentA wins,26.33,0,0,0,0,0,0,0,0,0,0
83,AgentA wins,37.00,0,0,0,0,0,0,0,0,0,0
84,AgentA wins,30.00,0,0,0,0,0,0,0,0,0,0
85,AgentA wins,18.00,0,0,0,0,0,0,0,0,0,0
86,AgentA wins,30.00,0,0,0,0,0,0,0,0,0,0
87,AgentA wins,44.33,0,0,0,0,0,0,0,0,0,0
88,AgentA wins,18.00,0,0,0,0,0,0,0,0,0,0
89,AgentA wins,18.33,0,0,0,0,0,0,0,0,0,0
90,AgentA wins,15.00,0,0,0,0,0,0,0,0,0,0
81,AgentA wins,21.00,0,0,0,0,0,0,0,0,0,0
82,AgentA wins,15.00,0,0,0,0,0,0,0,0,0,0
83,AgentA wins,39.67,0,0,0,0,0,0,0,0,0,0
84,AgentA wins,38.67,0,0,0,0,0,0,0,0,0,0
85,AgentB wins,45.00,0,0,0,0,0,0,0,0,0,0
86,AgentA wins,44.00,0,0,0,0,0,0,0,0,0,0
87,AgentA wins,49.67,0,0,0,0,0,0,0,0,0,0
88,AgentA wins,15.00,0,0,0,0,0,0,0,0,0,0
89,AgentA wins,42.00,0,0,0,0,0,0,0,0,0,0
90,AgentA wins,30.00,0,0,0,0,0,0,0,0,0,0
121,AgentA wins,20.00,0,0,0,0,0,0,0,0,0,0
122,AgentA wins,20.00,0,0,0,0,0,0,0,0,0,0
123,AgentA wins,20.00,0,0,0,0,0,0,0,0,0,0
124,AgentA wins,20.00,0,0,0,0,0,0,0,0,0,0
125,AgentA wins,18.00,0,0,0,0,0,0,0,0,0,0
126,AgentA wins,20.00,0,0,0,0,0,0,0,0,0,0
127,AgentA wins,20.00,0,0,0,0,0,0,0,0,0,0
128,AgentA wins,20.00,0,0,0,0,0,0,0,0,0,0
129,AgentA wins,18.00,0,0,0,0,0,0,0,0,0,0
130,AgentA wins,20.00,0,0,0,0,0,0,0,0,0,0
121,AgentA wins,19.67,0,0,0,0,0,0,0,0,0,0
122,AgentA wins,18.00,0,0,0,0,0,0,0,0,0,0
123,AgentA wins,20.00,0,0,0,0,0,0,0,0,0,0
124,AgentA wins,18.00,0,0,0,0,0,0,0,0,0,0
125,AgentA wins,15.00,0,0,0,0,0,0,0,0,0,0
126,AgentA wins,15.00,0,0,0,0,0,0,0,0,0,0
127,AgentA wins,20.00,0,0,0,0,0,0,0,0,0,0
128,AgentA wins,15.00,0,0,0,0,0,0,0,0,0,0
129,AgentA wins,20.00,0,0,0,0,0,0,0,0,0,0
130,AgentA wins,15.00,0,0,0,0,0,0,0,0,0,0
121,AgentA wins,15.00,0,0,0,0,0,0,0,0,0,0
122,AgentA wins,17.00,0,0,0,0,0,0,0,0,0,0
123,AgentA wins,20.00,0,0,0,0,0,0,0,0,0,0
124,AgentA wins,18.00,0,0,0,0,0,0,0,0,0,0
125,AgentA wins,15.00,0,0,0,0,0,0,0,0,0,0
126,AgentA wins,15.00,0,0,0,0,0,0,0,0,0,0
127,AgentA wins,20.00,0,0,0,0,0,0,0,0,0,0
128,AgentA wins,15.00,0,0,0,0,0,0,0,0,0,0
129,AgentA wins,18.00,0,0,0,0,0,0,0,0,0,0
130,AgentA wins,20.00,0,0,0,0,0,0,0,0,0,0
81,AgentA wins,29.33,0,0,0,0,0,0,0,0,0,0
82,AgentA wins,15.00,0,0,0,0,0,0,0,0,0,0
83,AgentA wins,15.00,0,0,0,0,0,0,0,0,0,0
84,AgentA wins,27.00,0,0,0,0,0,0,0,0,0,0
85,AgentA wins,30.00,0,0,0,0,0,0,0,0,0,0
86,AgentA wins,37.33,0,0,0,0,0,0,0,0,0,0
87,AgentA wins,30.00,0,0,0,0,0,0,0,0,0,0
88,AgentA wins,39.00,0,0,0,0,0,0,0,0,0,0
89,AgentB wins,33.33,0,0,0,0,0,0,0,0,0,0
90,AgentA wins,34.00,0,0,0,0,0,0,0,0,0,0
121,AgentA wins,20.00,0,0,0,0,0,0,0,0,0,0
122,AgentA wins,20.00,0,0,0,0,0,0,0,0,0,0
123,AgentA wins,20.00,0,0,0,0,0,0,0,0,0,0
124,AgentA wins,15.00,0,0,0,0,0,0,0,0,0,0
125,AgentA wins,17.00,0,0,0,0,0,0,0,0,0,0
126,AgentA wins,20.00,0,0,0,0,0,0,0,0,0,0
127,AgentA wins,15.00,0,0,0,0,0,0,0,0,0,0
128,AgentA wins,15.00,0,0,0,0,0,0,0,0,0,0
129,AgentA wins,20.00,0,0,0,0,0,0,0,0,0,0
130,AgentA wins,20.00,0,0,0,0,0,0,0,0,0,0
121,AgentA wins,20.00,0,0,0,0,0,0,0,0,0,0
122,AgentA wins,15.00,0,0,0,0,0,0,0,0,0,0
123,AgentA wins,15.00,0,0,0,0,0,0,0,0,0,0
124,AgentA wins,20.00,0,0,0,0,0,0,0,0,0,0
125,AgentA wins,15.00,0,0,0,0,0,0,0,0,0,0
126,AgentA wins,18.00,0,0,0,0,0,0,0,0,0,0
127,AgentA wins,20.00,0,0,0,0,0,0,0,0,0,0
128,AgentA wins,17.00,0,0,0,0,0,0,0,0,0,0
129,AgentA wins,20.00,0,0,0,0,0,0,0,0,0,0
130,AgentA wins,18.00,0,0,0,0,0,0,0,0,0,0
121,AgentA wins,18.00,0,0,0,0,0,0,0,0,0,0
122,AgentA wins,17.00,0,0,0,0,0,0,0,0,0,0
123,AgentA wins,20.00,0,0,0,0,0,0,0,0,0,0
124,AgentA wins,20.00,0,0,0,0,0,0,0,0,0,0
125,AgentA wins,17.00,0,0,0,0,0,0,0,0,0,0
126,AgentA wins,15.00,0,0,0,0,0,0,0,0,0,0
127,AgentA wins,20.00,0,0,0,0,0,0,0,0,0,0
128,AgentA wins,20.00,0,0,0,0,0,0,0,0,0,0
129,AgentA wins,15.00,0,0,0,0,0,0,0,0,0,0
130,AgentA wins,20.00,0,0,0,0,0,0,0,0,0,0
121,AgentA wins,15.00,0,0,0,0,0,0,0,0,0,0
122,AgentA wins,15.00,0,0,0,0,0,0,0,0,0,0
123,AgentA wins,15.00,0,0,0,0,0,0,0,0,0,0
124,AgentA wins,20.00,0,0,0,0,0,0,0,0,0,0
125,AgentA wins,15.00,0,0,0,0,0,0,0,0,0,0
126,AgentA wins,19.67,0,0,0,0,0,0,0,0,0,0
127,AgentA wins,18.00,0,0,0,0,0,0,0,0,0,0
128,AgentA wins,19.67,0,0,0,0,0,0,0,0,0,0
129,AgentA wins,18.00,0,0,0,0,0,0,0,0,0,0
130,AgentA wins,18.00,0,0,0,0,0,0,0,0,0,0
121,AgentA wins,19.67,0,0,0,0,0,0,0,0,0,0
122,AgentA wins,15.00,0,0,0,0,0,0,0,0,0,0
123,AgentA wins,18.00,0,0,0,0,0,0,0,0,0,0
124,AgentA wins,18.00,0,0,0,0,0,0,0,0,0,0
125,AgentA wins,22.33,0,0,0,0,0,0,0,0,0,0
126,AgentA wins,15.00,0,0,0,0,0,0,0,0,0,0
127,AgentA wins,20.00,0,0,0,0,0,0,0,0,0,0
128,AgentA wins,17.00,0,0,0,0,0,0,0,0,0,0
129,AgentA wins,20.00,0,0,0,0,0,0,0,0,0,0
130,AgentA wins,15.00,0,0,0,0,0,0,0,0,0,0
121,AgentA wins,17.00,0,0,0,0,0,0,0,0,0,0
122,AgentA wins,20.00,0,0,0,0,0,0,0,0,0,0
123,AgentA wins,15.00,0,0,0,0,0,0,0,0,0,0
124,AgentA wins,20.00,0,0,0,0,0,0,0,0,0,0
125,AgentA wins,20.00,0,0,0,0,0,0,0,0,0,0
126,AgentA wins,15.00,0,0,0,0,0,0,0,0,0,0
127,AgentA wins,15.00,0,0,0,0,0,0,0,0,0,0
128,AgentA wins,20.00,0,0,0,0,0,0,0,0,0,0
129,AgentA wins,18.00,0,0,0,0,0,0,0,0,0,0
130,AgentA wins,20.00,0,0,0,0,0,0,0,0,0,0
121,AgentA wins,20.00,0,0,0,0,0,0,0,0,0,0
122,AgentA wins,20.00,0,0,0,0,0,0,0,0,0,0
123,AgentA wins,20.00,0,0,0,0,0,0,0,0,0,0
124,AgentA wins,20.00,0,0,0,0,0,0,0,0,0,0
125,AgentA wins,19.67,0,0,0,0,0,0,0,0,0,0
126,AgentA wins,15.00,0,0,0,0,0,0,0,0,0,0
127,AgentA wins,20.00,0,0,0,0,0,0,0,0,0,0
128,AgentA wins,15.00,0,0,0,0,0,0,0,0,0,0
129,AgentA wins,18.00,0,0,0,0,0,0,0,0,0,0
130,AgentA wins,15.00,0,0,0,0,0,0,0,0,0,0
121,AgentA wins,20.00,0,0,0,0,0,0,0,0,0,0
122,AgentA wins,15.00,0,0,0,0,0,0,0,0,0,0
123,AgentA wins,20.00,0,0,0,0,0,0,0,0,0,0
124,AgentA wins,20.00,0,0,0,0,0,0,0,0,0,0
125,AgentA wins,18.00,0,0,0,0,0,0,0,0,0,0
126,AgentA wins,20.00,0,0,0,0,0,0,0,0,0,0
127,AgentA wins,18.00,0,0,0,0,0,0,0,0,0,0
128,AgentA wins,20.00,0,0,0,0,0,0,0,0,0,0
129,AgentA wins,18.00,0,0,0,0,0,0,0,0,0,0
130,AgentA wins,20.00,0,0,0,0,0,0,0,0,0,0
121,AgentA wins,20.00,0,0,0,0,0,0,0,0,0,0
122,AgentA wins,18.00,0,0,0,0,0,0,0,0,0,0
123,AgentA wins,20.00,0,0,0,0,0,0,0,0,0,0
124,AgentA wins,20.00,0,0,0,0,0,0,0,0,0,0
125,AgentA wins,15.00,0,0,0,0,0,0,0,0,0,0
126,AgentA wins,20.00,0,0,0,0,0,0,0,0,0,0
127,AgentA wins,18.00,0,0,0,0,0,0,0,0,0,0
128,AgentA wins,20.00,0,0,0,0,0,0,0,0,0,0
129,AgentA wins,15.00,0,0,0,0,0,0,0,0,0,0
130,AgentA wins,20.00,0,0,0,0,0,0,0,0,0,0
121,AgentA wins,17.00,0,0,0,0,0,0,0,0,0,0
122,AgentA wins,20.00,0,0,0,0,0,0,0,0,0,0
123,AgentA wins,20.00,0,0,0,0,0,0,0,0,0,0
124,AgentA wins,20.00,0,0,0,0,0,0,0,0,0,0
125,AgentA wins,20.00,0,0,0,0,0,0,0,0,0,0
126,AgentA wins,18.00,0,0,0,0,0,0,0,0,0,0
127,AgentA wins,20.00,0,0,0,0,0,0,0,0,0,0
128,AgentA wins,20.00,0,0,0,0,0,0,0,0,0,0
129,AgentA wins,20.00,0,0,0,0,0,0,0,0,0,0
130,AgentA wins,20.00,0,0,0,0,0,0,0,0,0,0
91,AgentA wins,18.00,0,0,0,0,0,0,0,0,0,0
92,AgentA wins,18.00,0,0,0,0,0,0,0,0,0,0
93,AgentA wins,15.00,0,0,0,0,0,0,0,0,0,0
94,AgentA wins,21.00,0,0,0,0,0,0,0,0,0,0
95,AgentA wins,46.00,0,0,0,0,0,0,0,0,0,0
96,AgentA wins,31.33,0,0,0,0,0,0,0,0,0,0
97,AgentA wins,15.00,0,0,0,0,0,0,0,0,0,0
98,AgentA wins,18.00,0,0,0,0,0,0,0,0,0,0
99,AgentA wins,37.00,0,0,0,0,0,0,0,0,0,0
100,AgentA wins,27.00,0,0,0,0,0,0,0,0,0,0
91,AgentA wins,15.00,0,0,0,0,0,0,0,0,0,0
92,AgentB wins,33.33,0,0,0,0,0,0,0,0,0,0
93,AgentA wins,32.33,0,0,0,0,0,0,0,0,0,0
94,AgentA wins,18.00,0,0,0,0,0,0,0,0,0,0
95,AgentA wins,28.67,0,0,0,0,0,0,0,0,0,0
96,AgentA wins,30.00,0,0,0,0,0,0,0,0,0,0
97,AgentA wins,15.00,0,0,0,0,0,0,0,0,0,0
98,AgentA wins,21.00,0,0,0,0,0,0,0,0,0,0
99,AgentA wins,21.00,0,0,0,0,0,0,0,0,0,0
100,AgentA wins,18.00,0,0,0,0,0,0,0,0,0,0
91,AgentA wins,21.00,0,0,0,0,0,0,0,0,0,0
92,AgentA wins,15.00,0,0,0,0,0,0,0,0,0,0
93,AgentA wins,15.00,0,0,0,0,0,0,0,0,0,0
94,AgentA wins,32.00,0,0,0,0,0,0,0,0,0,0
95,AgentA wins,24.00,0,0,0,0,0,0,0,0,0,0
96,AgentA wins,39.67,0,0,0,0,0,0,0,0,0,0
97,AgentA wins,15.00,0,0,0,0,0,0,0,0,0,0
98,AgentA wins,18.00,0,0,0,0,0,0,0,0,0,0
99,AgentA wins,41.67,0,0,0,0,0,0,0,0,0,0
100,AgentA wins,18.00,0,0,0,0,0,0,0,0,0,0
121,AgentA wins,17.00,0,0,0,0,0,0,0,0,0,0
122,AgentA wins,20.00,0,0,0,0,0,0,0,0,0,0
123,AgentA wins,20.00,0,0,0,0,0,0,0,0,0,0
124,AgentA wins,20.00,0,0,0,0,0,0,0,0,0,0
125,AgentA wins,19.67,0,0,0,0,0,0,0,0,0,0
126,AgentA wins,18.00,0,0,0,0,0,0,0,0,0,0
127,AgentA wins,20.00,0,0,0,0,0,0,0,0,0,0
128,AgentA wins,18.00,0,0,0,0,0,0,0,0,0,0
129,AgentA wins,18.00,0,0,0,0,0,0,0,0,0,0
130,AgentA wins,19.67,0,0,0,0,0,0,0,0,0,0
91,AgentA wins,15.00,137,131,0,80,0,101,0,18,14,32
92,AgentA wins,15.00,140,136,0,89,0,106,0,23,13,34
93,AgentA wins,15.00,135,132,0,80,0,109,0,15,13,43
94,AgentA wins,24.67,223,219,0,133,0,178,0,27,25,55
95,AgentA wins,24.00,218,213,0,133,0,169,0,29,26,54
96,AgentA wins,15.00,134,135,0,88,0,102,0,15,14,38
97,AgentA wins,36.33,325,329,0,201,0,261,0,37,27,100
98,AgentA wins,21.00,186,191,0,123,0,154,0,26,17,58
99,AgentA wins,18.00,163,160,0,103,0,132,0,18,13,53
100,AgentA wins,42.67,387,385,0,237,0,292,0,50,33,101
121,AgentA wins,20.00,0,0,0,0,0,0,0,0,0,0
122,AgentA wins,19.67,0,0,0,0,0,0,0,0,0,0
123,AgentA wins,20.00,0,0,0,0,0,0,0,0,0,0
124,AgentA wins,20.00,0,0,0,0,0,0,0,0,0,0
125,AgentA wins,18.00,0,0,0,0,0,0,0,0,0,0
126,AgentA wins,20.00,0,0,0,0,0,0,0,0,0,0
127,AgentA wins,20.00,0,0,0,0,0,0,0,0,0,0
128,AgentA wins,20.00,0,0,0,0,0,0,0,0,0,0
129,AgentA wins,20.00,0,0,0,0,0,0,0,0,0,0
130,AgentA wins,20.00,0,0,0,0,0,0,0,0,0,0
91,AgentA wins,15.00,0,0,0,0,0,0,0,0,0,0
92,AgentA wins,33.33,0,0,0,0,0,0,0,0,0,0
93,AgentA wins,34.67,0,0,0,0,0,0,0,0,0,0
94,AgentA wins,18.00,0,0,0,0,0,0,0,0,0,0
95,AgentA wins,28.67,0,0,0,0,0,0,0,0,0,0
96,AgentA wins,18.00,0,0,0,0,0,0,0,0,0,0
97,AgentA wins,25.67,0,0,0,0,0,0,0,0,0,0
98,AgentA wins,18.00,0,0,0,0,0,0,0,0,0,0
99,AgentB wins,28.67,0,0,0,0,0,0,0,0,0,0
100,AgentA wins,15.00,0,0,0,0,0,0,0,0,0,0
91,AgentA wins,15.00,0,0,0,0,0,0,0,0,0,0
92,AgentA wins,21.00,0,0,0,0,0,0,0,0,0,0
93,AgentA wins,15.00,0,0,0,0,0,0,0,0,0,0
94,AgentA wins,15.00,0,0,0,0,0,0,0,0,0,0
95,AgentA wins,18.00,0,0,0,0,0,0,0,0,0,0
96,AgentA wins,32.33,0,0,0,0,0,0,0,0,0,0
97,AgentA wins,15.00,0,0,0,0,0,0,0,0,0,0
98,AgentA wins,18.00,0,0,0,0,0,0,0,0,0,0
99,AgentA wins,29.33,0,0,0,0,0,0,0,0,0,0
100,AgentA wins,32.67,0,0,0,0,0,0,0,0,0,0
91,AgentA wins,35.67,0,0,0,0,0,0,0,0,0,0
92,AgentA wins,15.00,0,0,0,0,0,0,0,0,0,0
93,AgentA wins,30.00,0,0,0,0,0,0,0,0,0,0
94,AgentA wins,18.00,0,0,0,0,0,0,0,0,0,0
95,AgentA wins,15.00,0,0,0,0,0,0,0,0,0,0
96,AgentA wins,26.67,0,0,0,0,0,0,0,0,0,0
97,AgentA wins,21.67,0,0,0,0,0,0,0,0,0,0
98,AgentB wins,33.67,0,0,0,0,0,0,0,0,0,0
99,AgentA wins,21.00,0,0,0,0,0,0,0,0,0,0
100,AgentA wins,18.67,0,0,0,0,0,0,0,0,0,0
131,AgentA wins,20.00,0,0,0,0,0,0,0,0,0,0
132,AgentA wins,19.67,0,0,0,0,0,0,0,0,0,0
133,AgentA wins,20.00,0,0,0,0,0,0,0,0,0,0
134,AgentA wins,19.67,0,0,0,0,0,0,0,0,0,0
135,AgentA wins,15.00,0,0,0,0,0,0,0,0,0,0
136,AgentA wins,20.00,0,0,0,0,0,0,0,0,0,0
137,AgentA wins,20.00,0,0,0,0,0,0,0,0,0,0
138,AgentA wins,15.00,0,0,0,0,0,0,0,0,0,0
139,AgentA wins,20.00,0,0,0,0,0,0,0,0,0,0
140,AgentA wins,15.00,0,0,0,0,0,0,0,0,0,0
131,AgentA wins,15.00,0,0,0,0,0,0,0,0,0,0
132,AgentA wins,15.00,0,0,0,0,0,0,0,0,0,0
133,AgentA wins,18.00,0,0,0,0,0,0,0,0,0,0
134,AgentA wins,18.00,0,0,0,0,0,0,0,0,0,0
135,AgentA wins,20.00,0,0,0,0,0,0,0,0,0,0
136,AgentA wins,15.00,0,0,0,0,0,0,0,0,0,0
137,AgentA wins,15.00,0,0,0,0,0,0,0,0,0,0
138,AgentA wins,15.00,0,0,0,0,0,0,0,0,0,0
139,AgentA wins,17.00,0,0,0,0,0,0,0,0,0,0
140,AgentA wins,20.00,0,0,0,0,0,0,0,0,0,0
131,AgentA wins,18.00,0,0,0,0,0,0,0,0,0,0
132,AgentA wins,20.00,0,0,0,0,0,0,0,0,0,0
133,AgentA wins,17.00,0,0,0,0,0,0,0,0,0,0
134,AgentA wins,18.00,0,0,0,0,0,0,0,0,0,0
135,AgentA wins,15.00,0,0,0,0,0,0,0,0,0,0
136,AgentA wins,20.00,0,0,0,0,0,0,0,0,0,0
137,AgentA wins,18.00,0,0,0,0,0,0,0,0,0,0
138,AgentA wins,20.00,0,0,0,0,0,0,0,0,0,0
139,AgentA wins,20.00,0,0,0,0,0,0,0,0,0,0
140,AgentA wins,18.00,0,0,0,0,0,0,0,0,0,0
131,AgentA wins,18.00,0,0,0,0,0,0,0,0,0,0
132,AgentA wins,20.00,0,0,0,0,0,0,0,0,0,0
133,AgentA wins,15.00,0,0,0,0,0,0,0,0,0,0
134,AgentA wins,18.00,0,0,0,0,0,0,0,0,0,0
135,AgentA wins,20.00,0,0,0,0,0,0,0,0,0,0
136,AgentA wins,20.00,0,0,0,0,0,0,0,0,0,0
137,AgentA wins,19.67,0,0,0,0,0,0,0,0,0,0
138,AgentA wins,20.00,0,0,0,0,0,0,0,0,0,0
139,AgentA wins,18.00,0,0,0,0,0,0,0,0,0,0
140,AgentA wins,15.00,0,0,0,0,0,0,0,0,0,0
131,AgentA wins,20.00,0,0,0,0,0,0,0,0,0,0
132,AgentA wins,18.00,0,0,0,0,0,0,0,0,0,0
133,AgentA wins,20.00,0,0,0,0,0,0,0,0,0,0
134,AgentA wins,19.67,0,0,0,0,0,0,0,0,0,0
135,AgentA wins,20.00,0,0,0,0,0,0,0,0,0,0
136,AgentA wins,15.00,0,0,0,0,0,0,0,0,0,0
137,AgentA wins,18.00,0,0,0,0,0,0,0,0,0,0
138,AgentA wins,20.00,0,0,0,0,0,0,0,0,0,0
139,AgentA wins,20.00,0,0,0,0,0,0,0,0,0,0
140,AgentA wins,17.00,0,0,0,0,0,0,0,0,0,0
131,AgentA wins,18.00,0,0,0,0,0,0,0,0,0,0
132,AgentA wins,18.00,0,0,0,0,0,0,0,0,0,0
133,AgentA wins,20.00,0,0,0,0,0,0,0,0,0,0
134,AgentA wins,18.00,0,0,0,0,0,0,0,0,0,0
135,AgentA wins,18.00,0,0,0,0,0,0,0,0,0,0
136,AgentA wins,15.00,0,0,0,0,0,0,0,0,0,0
137,AgentA wins,15.00,0,0,0,0,0,0,0,0,0,0
138,AgentA wins,20.00,0,0,0,0,0,0,0,0,0,0
139,AgentA wins,20.00,0,0,0,0,0,0,0,0,0,0
140,AgentA wins,18.00,0,0,0,0,0,0,0,0,0,0
131,AgentA wins,20.00,0,0,0,0,0,0,0,0,0,0
132,AgentA wins,20.00,0,0,0,0,0,0,0,0,0,0
133,AgentA wins,20.00,0,0,0,0,0,0,0,0,0,0
134,AgentA wins,20.00,0,0,0,0,0,0,0,0,0,0
135,AgentA wins,20.00,0,0,0,0,0,0,0,0,0,0
136,AgentA wins,20.00,0,0,0,0,0,0,0,0,0,0
137,AgentA wins,20.00,0,0,0,0,0,0,0,0,0,0
138,AgentA wins,19.67,0,0,0,0,0,0,0,0,0,0
139,AgentA wins,15.00,0,0,0,0,0,0,0,0,0,0
140,AgentA wins,20.00,0,0,0,0,0,0,0,0,0,0
131,AgentA wins,20.00,0,0,0,0,0,0,0,0,0,0
132,AgentA wins,15.00,0,0,0,0,0,0,0,0,0,0
133,AgentA wins,15.00,0,0,0,0,0,0,0,0,0,0
134,AgentA wins,20.00,0,0,0,0,0,0,0,0,0,0
135,AgentA wins,20.00,0,0,0,0,0,0,0,0,0,0
136,AgentA wins,20.00,0,0,0,0,0,0,0,0,0,0
137,AgentA wins,15.00,0,0,0,0,0,0,0,0,0,0
138,AgentA wins,18.00,0,0,0,0,0,0,0,0,0,0
139,AgentA wins,20.00,0,0,0,0,0,0,0,0,0,0
140,AgentA wins,18.00,0,0,0,0,0,0,0,0,0,0
131,AgentA wins,20.00,0,0,0,0,0,0,0,0,0,0
132,AgentA wins,18.00,0,0,0,0,0,0,0,0,0,0
133,AgentA wins,20.00,0,0,0,0,0,0,0,0,0,0
134,AgentA wins,18.00,0,0,0,0,0,0,0,0,0,0
135,AgentA wins,20.00,0,0,0,0,0,0,0,0,0,0
136,AgentA wins,19.67,0,0,0,0,0,0,0,0,0,0
137,AgentA wins,20.00,0,0,0,0,0,0,0,0,0,0
138,AgentA wins,20.00,0,0,0,0,0,0,0,0,0,0
139,AgentA wins,20.00,0,0,0,0,0,0,0,0,0,0
140,AgentA wins,20.00,0,0,0,0,0,0,0,0,0,0
131,AgentA wins,15.00,0,0,0,0,0,0,0,0,0,0
132,AgentA wins,20.00,0,0,0,0,0,0,0,0,0,0
133,AgentA wins,20.00,0,0,0,0,0,0,0,0,0,0
134,AgentA wins,15.00,0,0,0,0,0,0,0,0,0,0
135,AgentA wins,15.00,0,0,0,0,0,0,0,0,0,0
136,AgentA wins,20.00,0,0,0,0,0,0,0,0,0,0
137,AgentA wins,15.00,0,0,0,0,0,0,0,0,0,0
138,AgentA wins,18.00,0,0,0,0,0,0,0,0,0,0
139,AgentA wins,20.00,0,0,0,0,0,0,0,0,0,0
140,AgentA wins,20.00,0,0,0,0,0,0,0,0,0,0
131,AgentA wins,20.00,0,0,0,0,0,0,0,0,0,0
132,AgentA wins,20.00,0,0,0,0,0,0,0,0,0,0
133,AgentA wins,20.00,0,0,0,0,0,0,0,0,0,0
134,AgentA wins,20.00,0,0,0,0,0,0,0,0,0,0
135,AgentA wins,20.00,0,0,0,0,0,0,0,0,0,0
136,AgentA wins,18.00,0,0,0,0,0,0,0,0,0,0
137,AgentA wins,15.00,0,0,0,0,0,0,0,0,0,0
138,AgentA wins,17.00,0,0,0,0,0,0,0,0,0,0
139,AgentA wins,15.00,0,0,0,0,0,0,0,0,0,0
140,AgentA wins,15.00,0,0,0,0,0,0,0,0,0,0
91,AgentA wins,23.00,0,0,0,0,0,0,0,0,0,0
92,AgentA wins,23.67,0,0,0,0,0,0,0,0,0,0
93,AgentA wins,32.67,0,0,0,0,0,0,0,0,0,0
94,AgentA wins,18.00,0,0,0,0,0,0,0,0,0,0
95,AgentA wins,27.00,0,0,0,0,0,0,0,0,0,0
96,AgentA wins,34.33,0,0,0,0,0,0,0,0,0,0
97,AgentA wins,33.67,0,0,0,0,0,0,0,0,0,0
98,AgentB wins,30.33,0,0,0,0,0,0,0,0,0,0
99,AgentA wins,30.00,0,0,0,0,0,0,0,0,0,0
100,AgentA wins,33.67,0,0,0,0,0,0,0,0,0,0
131,AgentA wins,20.00,0,0,0,0,0,0,0,0,0,0
132,AgentA wins,17.00,0,0,0,0,0,0,0,0,0,0
133,AgentA wins,20.00,0,0,0,0,0,0,0,0,0,0
134,AgentA wins,18.00,0,0,0,0,0,0,0,0,0,0
135,AgentA wins,15.00,0,0,0,0,0,0,0,0,0,0
136,AgentA wins,20.00,0,0,0,0,0,0,0,0,0,0
137,AgentA wins,15.00,0,0,0,0,0,0,0,0,0,0
138,AgentA wins,20.00,0,0,0,0,0,0,0,0,0,0
139,AgentA wins,20.00,0,0,0,0,0,0,0,0,0,0
140,AgentA wins,20.00,0,0,0,0,0,0,0,0,0,0
131,AgentA wins,18.00,0,0,0,0,0,0,0,0,0,0
132,AgentA wins,20.00,0,0,0,0,0,0,0,0,0,0
133,AgentA wins,18.00,0,0,0,0,0,0,0,0,0,0
134,AgentA wins,19.67,0,0,0,0,0,0,0,0,0,0
135,AgentA wins,20.00,0,0,0,0,0,0,0,0,0,0
136,AgentA wins,20.00,0,0,0,0,0,0,0,0,0,0
137,AgentA wins,15.00,0,0,0,0,0,0,0,0,0,0
138,AgentA wins,20.00,0,0,0,0,0,0,0,0,0,0
139,AgentA wins,17.00,0,0,0,0,0,0,0,0,0,0
140,AgentA wins,20.00,0,0,0,0,0,0,0,0,0,0
91,AgentA wins,39.00,0,0,0,0,0,0,0,0,0,0
92,AgentA wins,29.67,0,0,0,0,0,0,0,0,0,0
93,AgentA wins,26.67,0,0,0,0,0,0,0,0,0,0
94,AgentA wins,15.00,0,0,0,0,0,0,0,0,0,0
95,timeout draw,60.00,0,0,0,0,0,0,0,0,0,0
96,AgentB wins,35.00,0,0,0,0,0,0,0,0,0,0
97,AgentA wins,15.00,0,0,0,0,0,0,0,0,0,0
98,AgentA wins,39.00,0,0,0,0,0,0,0,0,0,0
99,AgentA wins,27.00,0,0,0,0,0,0,0,0,0,0
100,AgentA wins,27.00,0,0,0,0,0,0,0,0,0,0
91,AgentA wins,20.67,0,0,0,0,0,0,0,0,0,0
92,AgentA wins,21.33,0,0,0,0,0,0,0,0,0,0
93,AgentA wins,26.33,0,0,0,0,0,0,0,0,0,0
94,AgentA wins,18.00,0,0,0,0,0,0,0,0,0,0
95,AgentA wins,29.00,0,0,0,0,0,0,0,0,0,0
96,AgentA wins,39.33,0,0,0,0,0,0,0,0,0,0
97,AgentA wins,29.00,0,0,0,0,0,0,0,0,0,0
98,AgentA wins,24.67,0,0,0,0,0,0,0,0,0,0
99,AgentA wins,26.00,0,0,0,0,0,0,0,0,0,0
100,AgentA wins,15.00,0,0,0,0,0,0,0,0,0,0
131,AgentA wins,20.00,0,0,0,0,0,0,0,0,0,0
132,AgentA wins,20.00,0,0,0,0,0,0,0,0,0,0
133,AgentA wins,20.00,0,0,0,0,0,0,0,0,0,0
134,AgentA wins,18.00,0,0,0,0,0,0,0,0,0,0
135,AgentA wins,20.00,0,0,0,0,0,0,0,0,0,0
136,AgentA wins,19.67,0,0,0,0,0,0,0,0,0,0
137,AgentA wins,20.00,0,0,0,0,0,0,0,0,0,0
138,AgentA wins,18.00,0,0,0,0,0,0,0,0,0,0
139,AgentA wins,20.00,0,0,0,0,0,0,0,0,0,0
140,AgentA wins,20.00,0,0,0,0,0,0,0,0,0,0
131,AgentA wins,18.00,0,0,0,0,0,0,0,0,0,0
132,AgentA wins,17.00,0,0,0,0,0,0,0,0,0,0
133,AgentA wins,18.00,0,0,0,0,0,0,0,0,0,0
134,AgentA wins,17.00,0,0,0,0,0,0,0,0,0,0
135,AgentA wins,18.00,0,0,0,0,0,0,0,0,0,0
136,AgentA wins,19.67,0,0,0,0,0,0,0,0,0,0
137,AgentA wins,20.00,0,0,0,0,0,0,0,0,0,0
138,AgentA wins,20.00,0,0,0,0,0,0,0,0,0,0
139,AgentA wins,20.00,0,0,0,0,0,0,0,0,0,0
140,AgentA wins,18.00,0,0,0,0,0,0,0,0,0,0
101,AgentA wins,21.00,0,0,0,0,0,0,0,0,0,0
102,AgentA wins,15.00,0,0,0,0,0,0,0,0,0,0
103,AgentA wins,18.00,0,0,0,0,0,0,0,0,0,0
104,AgentA wins,26.00,0,0,0,0,0,0,0,0,0,0
105,AgentA wins,33.67,0,0,0,0,0,0,0,0,0,0
106,AgentA wins,18.00,0,0,0,0,0,0,0,0,0,0
107,AgentA wins,15.00,0,0,0,0,0,0,0,0,0,0
108,AgentA wins,18.00,0,0,0,0,0,0,0,0,0,0
109,AgentA wins,45.00,0,0,0,0,0,0,0,0,0,0
110,AgentA wins,15.00,0,0,0,0,0,0,0,0,0,0
101,AgentA wins,15.00,0,0,0,0,0,0,0,0,0,0
102,AgentA wins,24.00,0,0,0,0,0,0,0,0,0,0
103,AgentA wins,15.00,0,0,0,0,0,0,0,0,0,0
104,AgentA wins,45.67,0,0,0,0,0,0,0,0,0,0
105,AgentA wins,18.00,0,0,0,0,0,0,0,0,0,0
106,AgentA wins,32.00,0,0,0,0,0,0,0,0,0,0
107,AgentA wins,30.00,0,0,0,0,0,0,0,0,0,0
108,AgentA wins,18.00,0,0,0,0,0,0,0,0,0,0
109,AgentA wins,15.00,0,0,0,0,0,0,0,0,0,0
110,AgentA wins,18.00,0,0,0,0,0,0,0,0,0,0
101,AgentA wins,18.00,163,159,0,98,0,125,0,20,16,50
102,AgentA wins,18.00,168,163,0,97,0,126,0,15,21,39
103,AgentA wins,18.00,160,160,0,93,0,127,0,17,29,40
104,AgentA wins,15.00,128,136,0,88,0,100,0,17,13,35
105,AgentA wins,18.00,163,165,0,99,0,121,0,21,16,50
106,AgentA wins,26.67,239,241,0,149,0,191,0,28,24,58
107,AgentA wins,15.00,132,136,0,89,0,116,0,17,14,35
108,AgentA wins,36.00,323,327,0,187,0,256,0,35,34,93
109,AgentA wins,18.00,162,166,0,112,0,130,0,23,12,47
110,AgentA wins,30.00,271,275,0,167,0,209,0,36,26,73
101,AgentA wins,38.67,0,0,0,0,0,0,0,0,0,0
102,AgentB wins,36.33,0,0,0,0,0,0,0,0,0,0
103,AgentA wins,31.67,0,0,0,0,0,0,0,0,0,0
104,AgentA wins,15.00,0,0,0,0,0,0,0,0,0,0
105,AgentA wins,18.67,0,0,0,0,0,0,0,0,0,0
106,AgentA wins,24.00,0,0,0,0,0,0,0,0,0,0
107,AgentA wins,15.00,0,0,0,0,0,0,0,0,0,0
108,AgentA wins,24.00,0,0,0,0,0,0,0,0,0,0
109,AgentA wins,18.00,0,0,0,0,0,0,0,0,0,0
110,AgentA wins,49.33,0,0,0,0,0,0,0,0,0,0
141,AgentA wins,15.00,0,0,0,0,0,0,0,0,0,0
142,AgentA wins,17.00,0,0,0,0,0,0,0,0,0,0
143,AgentA wins,15.00,0,0,0,0,0,0,0,0,0,0
144,AgentA wins,20.00,0,0,0,0,0,0,0,0,0,0
145,AgentA wins,19.67,0,0,0,0,0,0,0,0,0,0
146,AgentA wins,17.00,0,0,0,0,0,0,0,0,0,0
147,AgentA wins,20.00,0,0,0,0,0,0,0,0,0,0
148,AgentA wins,15.00,0,0,0,0,0,0,0,0,0,0
149,AgentA wins,17.00,0,0,0,0,0,0,0,0,0,0
150,AgentA wins,17.00,0,0,0,0,0,0,0,0,0,0
141,AgentA wins,20.00,0,0,0,0,0,0,0,0,0,0
142,AgentA wins,15.00,0,0,0,0,0,0,0,0,0,0
143,AgentA wins,20.00,0,0,0,0,0,0,0,0,0,0
144,AgentA wins,18.00,0,0,0,0,0,0,0,0,0,0
145,AgentA wins,20.00,0,0,0,0,0,0,0,0,0,0
146,AgentA wins,15.00,0,0,0,0,0,0,0,0,0,0
147,AgentA wins,17.00,0,0,0,0,0,0,0,0,0,0
148,AgentA wins,20.00,0,0,0,0,0,0,0,0,0,0
149,AgentA wins,22.33,0,0,0,0,0,0,0,0,0,0
150,AgentA wins,20.00,0,0,0,0,0,0,0,0,0,0
101,AgentA wins,47.00,0,0,0,0,0,0,0,0,0,0
102,AgentA wins,15.00,0,0,0,0,0,0,0,0,0,0
103,AgentA wins,38.33,0,0,0,0,0,0,0,0,0,0
104,AgentA wins,33.00,0,0,0,0,0,0,0,0,0,0
105,AgentA wins,30.00,0,0,0,0,0,0,0,0,0,0
106,AgentA wins,15.00,0,0,0,0,0,0,0,0,0,0
107,AgentA wins,15.00,0,0,0,0,0,0,0,0,0,0
108,AgentA wins,24.00,0,0,0,0,0,0,0,0,0,0
109,AgentA wins,27.00,0,0,0,0,0,0,0,0,0,0
110,AgentA wins,15.00,0,0,0,0,0,0,0,0,0,0
141,AgentA wins,15.00,0,0,0,0,0,0,0,0,0,0
142,AgentA wins,15.00,0,0,0,0,0,0,0,0,0,0
143,AgentA wins,20.00,0,0,0,0,0,0,0,0,0,0
144,AgentA wins,20.00,0,0,0,0,0,0,0,0,0,0
145,AgentA wins,18.00,0,0,0,0,0,0,0,0,0,0
146,AgentA wins,20.00,0,0,0,0,0,0,0,0,0,0
147,AgentA wins,20.00,0,0,0,0,0,0,0,0,0,0
148,AgentA wins,17.00,0,0,0,0,0,0,0,0,0,0
149,AgentA wins,18.00,0,0,0,0,0,0,0,0,0,0
150,AgentA wins,15.00,0,0,0,0,0,0,0,0,0,0
141,AgentA wins,15.00,0,0,0,0,0,0,0,0,0,0
142,AgentA wins,15.00,0,0,0,0,0,0,0,0,0,0
143,AgentA wins,15.00,0,0,0,0,0,0,0,0,0,0
144,AgentA wins,18.00,0,0,0,0,0,0,0,0,0,0
145,AgentA wins,15.00,0,0,0,0,0,0,0,0,0,0
146,AgentA wins,15.00,0,0,0,0,0,0,0,0,0,0
147,AgentA wins,20.00,0,0,0,0,0,0,0,0,0,0
148,AgentA wins,18.00,0,0,0,0,0,0,0,0,0,0
149,AgentA wins,20.00,0,0,0,0,0,0,0,0,0,0
150,AgentA wins,15.00,0,0,0,0,0,0,0,0,0,0
141,AgentA wins,20.00,0,0,0,0,0,0,0,0,0,0
142,AgentA wins,20.00,0,0,0,0,0,0,0,0,0,0
143,AgentA wins,18.00,0,0,0,0,0,0,0,0,0,0
144,AgentA wins,20.00,0,0,0,0,0,0,0,0,0,0
145,AgentA wins,15.00,0,0,0,0,0,0,0,0,0,0
146,AgentA wins,15.00,0,0,0,0,0,0,0,0,0,0
147,AgentA wins,20.00,0,0,0,0,0,0,0,0,0,0
148,AgentA wins,20.00,0,0,0,0,0,0,0,0,0,0
149,AgentA wins,20.00,0,0,0,0,0,0,0,0,0,0
150,AgentA wins,19.67,0,0,0,0,0,0,0,0,0,0
141,AgentA wins,18.00,0,0,0,0,0,0,0,0,0,0
142,AgentA wins,19.67,0,0,0,0,0,0,0,0,0,0
143,AgentA wins,20.00,0,0,0,0,0,0,0,0,0,0
144,AgentA wins,17.00,0,0,0,0,0,0,0,0,0,0
145,AgentA wins,19.67,0,0,0,0,0,0,0,0,0,0
146,AgentA wins,20.00,0,0,0,0,0,0,0,0,0,0
147,AgentA wins,20.00,0,0,0,0,0,0,0,0,0,0
148,AgentA wins,20.00,0,0,0,0,0,0,0,0,0,0
149,AgentA wins,19.67,0,0,0,0,0,0,0,0,0,0
150,AgentA wins,15.00,0,0,0,0,0,0,0,0,0,0
141,AgentA wins,19.67,0,0,0,0,0,0,0,0,0,0
142,AgentA wins,18.00,0,0,0,0,0,0,0,0,0,0
143,AgentA wins,17.00,0,0,0,0,0,0,0,0,0,0
144,AgentA wins,15.00,0,0,0,0,0,0,0,0,0,0
145,AgentA wins,20.00,0,0,0,0,0,0,0,0,0,0
146,AgentA wins,15.00,0,0,0,0,0,0,0,0,0,0
147,AgentA wins,18.00,0,0,0,0,0,0,0,0,0,0
148,AgentA wins,20.00,0,0,0,0,0,0,0,0,0,0
149,AgentA wins,20.00,0,0,0,0,0,0,0,0,0,0
150,AgentA wins,20.00,0,0,0,0,0,0,0,0,0,0
141,AgentA wins,20.00,0,0,0,0,0,0,0,0,0,0
142,AgentA wins,18.00,0,0,0,0,0,0,0,0,0,0
143,AgentA wins,20.00,0,0,0,0,0,0,0,0,0,0
144,AgentA wins,20.00,0,0,0,0,0,0,0,0,0,0
145,AgentA wins,20.00,0,0,0,0,0,0,0,0,0,0
146,AgentA wins,20.00,0,0,0,0,0,0,0,0,0,0
147,AgentA wins,20.00,0,0,0,0,0,0,0,0,0,0
148,AgentA wins,20.00,0,0,0,0,0,0,0,0,0,0
149,AgentA wins,20.00,0,0,0,0,0,0,0,0,0,0
150,AgentA wins,19.67,0,0,0,0,0,0,0,0,0,0
141,AgentA wins,20.00,0,0,0,0,0,0,0,0,0,0
142,AgentA wins,20.00,0,0,0,0,0,0,0,0,0,0
143,AgentA wins,15.00,0,0,0,0,0,0,0,0,0,0
144,AgentA wins,20.00,0,0,0,0,0,0,0,0,0,0
145,AgentA wins,17.00,0,0,0,0,0,0,0,0,0,0
146,AgentA wins,20.00,0,0,0,0,0,0,0,0,0,0
147,AgentA wins,20.00,0,0,0,0,0,0,0,0,0,0
148,AgentA wins,18.00,0,0,0,0,0,0,0,0,0,0
149,AgentA wins,15.00,0,0,0,0,0,0,0,0,0,0
150,AgentA wins,15.00,0,0,0,0,0,0,0,0,0,0
141,AgentA wins,20.00,0,0,0,0,0,0,0,0,0,0
142,AgentA wins,20.00,0,0,0,0,0,0,0,0,0,0
143,AgentA wins,15.00,0,0,0,0,0,0,0,0,0,0
144,AgentA wins,20.00,0,0,0,0,0,0,0,0,0,0
145,AgentA wins,20.00,0,0,0,0,0,0,0,0,0,0
146,AgentA wins,20.00,0,0,0,0,0,0,0,0,0,0
147,AgentA wins,19.67,0,0,0,0,0,0,0,0,0,0
148,AgentA wins,18.00,0,0,0,0,0,0,0,0,0,0
149,AgentA wins,20.00,0,0,0,0,0,0,0,0,0,0
150,AgentA wins,20.00,0,0,0,0,0,0,0,0,0,0
141,AgentA wins,18.00,0,0,0,0,0,0,0,0,0,0
142,AgentA wins,20.00,0,0,0,0,0,0,0,0,0,0
143,AgentA wins,20.00,0,0,0,0,0,0,0,0,0,0
144,AgentA wins,19.67,0,0,0,0,0,0,0,0,0,0
145,AgentA wins,20.00,0,0,0,0,0,0,0,0,0,0
146,AgentA wins,20.00,0,0,0,0,0,0,0,0,0,0
147,AgentA wins,15.00,0,0,0,0,0,0,0,0,0,0
148,AgentA wins,20.00,0,0,0,0,0,0,0,0,0,0
149,AgentA wins,19.67,0,0,0,0,0,0,0,0,0,0
150,AgentA wins,20.00,0,0,0,0,0,0,0,0,0,0
101,AgentB wins,27.00,0,0,0,0,0,0,0,0,0,0
102,AgentA wins,23.67,0,0,0,0,0,0,0,0,0,0
103,AgentB wins,25.33,0,0,0,0,0,0,0,0,0,0
104,AgentA wins,15.00,0,0,0,0,0,0,0,0,0,0
105,AgentA wins,26.00,0,0,0,0,0,0,0,0,0,0
106,AgentA wins,33.00,0,0,0,0,0,0,0,0,0,0
107,AgentA wins,31.00,0,0,0,0,0,0,0,0,0,0
108,AgentA wins,15.00,0,0,0,0,0,0,0,0,0,0
109,AgentB wins,33.67,0,0,0,0,0,0,0,0,0,0
110,AgentA wins,21.00,0,0,0,0,0,0,0,0,0,0
141,AgentA wins,20.00,0,0,0,0,0,0,0,0,0,0
142,AgentA wins,20.00,0,0,0,0,0,0,0,0,0,0
143,AgentA wins,20.00,0,0,0,0,0,0,0,0,0,0
144,AgentA wins,15.00,0,0,0,0,0,0,0,0,0,0
145,AgentA wins,19.67,0,0,0,0,0,0,0,0,0,0
146,AgentA wins,18.00,0,0,0,0,0,0,0,0,0,0
147,AgentA wins,15.00,0,0,0,0,0,0,0,0,0,0
148,AgentA wins,17.00,0,0,0,0,0,0,0,0,0,0
149,AgentA wins,19.67,0,0,0,0,0,0,0,0,0,0
150,AgentA wins,19.67,0,0,0,0,0,0,0,0,0,0
141,AgentA wins,20.00,0,0,0,0,0,0,0,0,0,0
142,AgentA wins,20.00,0,0,0,0,0,0,0,0,0,0
143,AgentA wins,18.00,0,0,0,0,0,0,0,0,0,0
144,AgentA wins,20.00,0,0,0,0,0,0,0,0,0,0
145,AgentA wins,20.00,0,0,0,0,0,0,0,0,0,0
146,AgentA wins,20.00,0,0,0,0,0,0,0,0,0,0
147,AgentA wins,20.00,0,0,0,0,0,0,0,0,0,0
148,AgentA wins,15.00,0,0,0,0,0,0,0,0,0,0
149,AgentA wins,19.67,0,0,0,0,0,0,0,0,0,0
150,AgentA wins,15.00,0,0,0,0,0,0,0,0,0,0
141,AgentA wins,19.67,0,0,0,0,0,0,0,0,0,0
142,AgentA wins,17.00,0,0,0,0,0,0,0,0,0,0
143,AgentA wins,20.00,0,0,0,0,0,0,0,0,0,0
144,AgentA wins,18.00,0,0,0,0,0,0,0,0,0,0
145,AgentA wins,15.00,0,0,0,0,0,0,0,0,0,0
146,AgentA wins,15.00,0,0,0,0,0,0,0,0,0,0
147,AgentA wins,19.67,0,0,0,0,0,0,0,0,0,0
148,AgentA wins,15.00,0,0,0,0,0,0,0,0,0,0
149,AgentA wins,20.00,0,0,0,0,0,0,0,0,0,0
150,AgentA wins,15.00,0,0,0,0,0,0,0,0,0,0
101,AgentA wins,18.00,0,0,0,0,0,0,0,0,0,0
102,AgentA wins,21.00,0,0,0,0,0,0,0,0,0,0
103,AgentA wins,15.00,0,0,0,0,0,0,0,0,0,0
104,AgentA wins,27.00,0,0,0,0,0,0,0,0,0,0
105,AgentA wins,18.00,0,0,0,0,0,0,0,0,0,0
106,AgentA wins,43.67,0,0,0,0,0,0,0,0,0,0
107,AgentA wins,15.00,0,0,0,0,0,0,0,0,0,0
108,AgentA wins,15.00,0,0,0,0,0,0,0,0,0,0
109,AgentA wins,15.00,0,0,0,0,0,0,0,0,0,0
110,AgentA wins,15.00,0,0,0,0,0,0,0,0,0,0
101,AgentA wins,29.33,0,0,0,0,0,0,0,0,0,0
102,AgentA wins,37.00,0,0,0,0,0,0,0,0,0,0
103,AgentA wins,18.00,0,0,0,0,0,0,0,0,0,0
104,AgentA wins,31.67,0,0,0,0,0,0,0,0,0,0
105,AgentA wins,18.00,0,0,0,0,0,0,0,0,0,0
106,AgentA wins,32.00,0,0,0,0,0,0,0,0,0,0
107,AgentB wins,45.00,0,0,0,0,0,0,0,0,0,0
108,AgentB wins,25.33,0,0,0,0,0,0,0,0,0,0
109,AgentA wins,23.67,0,0,0,0,0,0,0,0,0,0
110,AgentA wins,34.33,0,0,0,0,0,0,0,0,0,0
141,AgentA wins,20.00,0,0,0,0,0,0,0,0,0,0
142,AgentA wins,18.00,0,0,0,0,0,0,0,0,0,0
143,AgentA wins,20.00,0,0,0,0,0,0,0,0,0,0
144,AgentA wins,20.00,0,0,0,0,0,0,0,0,0,0
145,AgentA wins,19.67,0,0,0,0,0,0,0,0,0,0
146,AgentA wins,20.00,0,0,0,0,0,0,0,0,0,0
147,AgentA wins,20.00,0,0,0,0,0,0,0,0,0,0
148,AgentA wins,17.00,0,0,0,0,0,0,0,0,0,0
149,AgentA wins,20.00,0,0,0,0,0,0,0,0,0,0
150,AgentA wins,20.00,0,0,0,0,0,0,0,0,0,0
101,AgentA wins,30.00,0,0,0,0,0,0,0,0,0,0
102,AgentA wins,54.00,0,0,0,0,0,0,0,0,0,0
103,AgentA wins,20.00,0,0,0,0,0,0,0,0,0,0
104,AgentA wins,20.33,0,0,0,0,0,0,0,0,0,0
105,AgentA wins,29.67,0,0,0,0,0,0,0,0,0,0
106,AgentA wins,26.00,0,0,0,0,0,0,0,0,0,0
107,timeout draw,60.00,0,0,0,0,0,0,0,0,0,0
108,AgentA wins,15.00,0,0,0,0,0,0,0,0,0,0
109,AgentA wins,18.67,0,0,0,0,0,0,0,0,0,0
110,AgentA wins,15.67,0,0,0,0,0,0,0,0,0,0
101,AgentA wins,18.00,0,0,0,0,0,0,0,0,0,0
102,AgentA wins,27.00,0,0,0,0,0,0,0,0,0,0
103,AgentA wins,27.00,0,0,0,0,0,0,0,0,0,0
104,AgentA wins,15.00,0,0,0,0,0,0,0,0,0,0
105,AgentA wins,35.00,0,0,0,0,0,0,0,0,0,0
106,AgentA wins,24.00,0,0,0,0,0,0,0,0,0,0
107,AgentA wins,24.00,0,0,0,0,0,0,0,0,0,0
108,timeout draw,60.00,0,0,0,0,0,0,0,0,0,0
109,AgentA wins,26.00,0,0,0,0,0,0,0,0,0,0
110,AgentA wins,15.00,0,0,0,0,0,0,0,0,0,0
111,AgentA wins,33.00,0,0,0,0,0,0,0,0,0,0
112,AgentA wins,15.00,0,0,0,0,0,0,0,0,0,0
113,AgentA wins,39.67,0,0,0,0,0,0,0,0,0,0
114,AgentA wins,24.00,0,0,0,0,0,0,0,0,0,0
115,AgentA wins,39.00,0,0,0,0,0,0,0,0,0,0
116,AgentA wins,15.00,0,0,0,0,0,0,0,0,0,0
117,AgentA wins,18.00,0,0,0,0,0,0,0,0,0,0
118,AgentA wins,21.00,0,0,0,0,0,0,0,0,0,0
119,AgentA wins,21.33,0,0,0,0,0,0,0,0,0,0
120,AgentA wins,27.00,0,0,0,0,0,0,0,0,0,0
111,AgentA wins,23.33,0,0,0,0,0,0,0,0,0,0
112,AgentA wins,15.00,0,0,0,0,0,0,0,0,0,0
113,AgentA wins,23.67,0,0,0,0,0,0,0,0,0,0
114,AgentA wins,35.00,0,0,0,0,0,0,0,0,0,0
115,AgentA wins,15.00,0,0,0,0,0,0,0,0,0,0
116,AgentA wins,15.00,0,0,0,0,0,0,0,0,0,0
117,AgentA wins,40.33,0,0,0,0,0,0,0,0,0,0
118,AgentA wins,24.33,0,0,0,0,0,0,0,0,0,0
119,AgentA wins,15.00,0,0,0,0,0,0,0,0,0,0
120,AgentA wins,15.00,0,0,0,0,0,0,0,0,0,0
151,AgentA wins,18.00,0,0,0,0,0,0,0,0,0,0
152,AgentA wins,18.00,0,0,0,0,0,0,0,0,0,0
153,AgentA wins,19.67,0,0,0,0,0,0,0,0,0,0
154,AgentA wins,17.00,0,0,0,0,0,0,0,0,0,0
155,AgentA wins,19.67,0,0,0,0,0,0,0,0,0,0
156,AgentA wins,20.00,0,0,0,0,0,0,0,0,0,0
157,AgentA wins,19.67,0,0,0,0,0,0,0,0,0,0
158,AgentA wins,20.00,0,0,0,0,0,0,0,0,0,0
159,AgentA wins,15.00,0,0,0,0,0,0,0,0,0,0
160,AgentA wins,15.00,0,0,0,0,0,0,0,0,0,0
151,AgentA wins,20.00,0,0,0,0,0,0,0,0,0,0
152,AgentA wins,17.00,0,0,0,0,0,0,0,0,0,0
153,AgentA wins,20.00,0,0,0,0,0,0,0,0,0,0
154,AgentA wins,15.00,0,0,0,0,0,0,0,0,0,0
155,AgentA wins,20.00,0,0,0,0,0,0,0,0,0,0
156,AgentA wins,15.00,0,0,0,0,0,0,0,0,0,0
157,AgentA wins,20.00,0,0,0,0,0,0,0,0,0,0
158,AgentA wins,18.00,0,0,0,0,0,0,0,0,0,0
159,AgentA wins,20.00,0,0,0,0,0,0,0,0,0,0
160,AgentA wins,15.00,0,0,0,0,0,0,0,0,0,0
151,AgentA wins,15.00,0,0,0,0,0,0,0,0,0,0
152,AgentA wins,20.00,0,0,0,0,0,0,0,0,0,0
153,AgentA wins,20.00,0,0,0,0,0,0,0,0,0,0
154,AgentA wins,20.00,0,0,0,0,0,0,0,0,0,0
155,AgentA wins,15.00,0,0,0,0,0,0,0,0,0,0
156,AgentA wins,19.67,0,0,0,0,0,0,0,0,0,0
157,AgentA wins,19.67,0,0,0,0,0,0,0,0,0,0
158,AgentA wins,22.33,0,0,0,0,0,0,0,0,0,0
159,AgentA wins,15.00,0,0,0,0,0,0,0,0,0,0
160,AgentA wins,15.00,0,0,0,0,0,0,0,0,0,0
111,AgentA wins,30.00,270,273,0,172,0,219,0,35,31,58
112,AgentA wins,40.00,362,362,0,218,0,296,0,43,43,83
113,AgentA wins,34.33,309,310,0,176,0,241,0,38,40,66
114,AgentA wins,32.00,290,289,0,176,0,229,0,42,36,60
115,AgentA wins,15.00,137,136,0,87,0,102,0,17,19,31
116,AgentA wins,33.00,300,296,0,181,0,228,0,41,37,76
117,AgentA wins,15.00,137,132,0,85,0,116,0,16,22,19
118,AgentA wins,32.00,294,291,0,181,0,225,0,37,32,62
119,AgentA wins,24.00,218,215,0,133,0,171,0,28,23,57
120,AgentA wins,18.00,163,162,0,105,0,126,0,20,18,28
151,AgentA wins,20.00,0,0,0,0,0,0,0,0,0,0
152,AgentA wins,20.00,0,0,0,0,0,0,0,0,0,0
153,AgentA wins,20.00,0,0,0,0,0,0,0,0,0,0
154,AgentA wins,19.67,0,0,0,0,0,0,0,0,0,0
155,AgentA wins,19.67,0,0,0,0,0,0,0,0,0,0
156,AgentA wins,19.67,0,0,0,0,0,0,0,0,0,0
157,AgentA wins,19.67,0,0,0,0,0,0,0,0,0,0
158,AgentA wins,18.00,0,0,0,0,0,0,0,0,0,0
159,AgentA wins,15.00,0,0,0,0,0,0,0,0,0,0
160,AgentA wins,19.67,0,0,0,0,0,0,0,0,0,0
151,AgentA wins,20.00,0,0,0,0,0,0,0,0,0,0
152,AgentA wins,20.00,0,0,0,0,0,0,0,0,0,0
153,AgentA wins,20.00,0,0,0,0,0,0,0,0,0,0
154,AgentA wins,19.67,0,0,0,0,0,0,0,0,0,0
155,AgentA wins,20.00,0,0,0,0,0,0,0,0,0,0
156,AgentA wins,20.00,0,0,0,0,0,0,0,0,0,0
157,AgentA wins,15.00,0,0,0,0,0,0,0,0,0,0
158,AgentA wins,19.67,0,0,0,0,0,0,0,0,0,0
159,AgentA wins,20.00,0,0,0,0,0,0,0,0,0,0
160,AgentA wins,20.00,0,0,0,0,0,0,0,0,0,0
151,AgentA wins,15.00,0,0,0,0,0,0,0,0,0,0
152,AgentA wins,20.00,0,0,0,0,0,0,0,0,0,0
153,AgentA wins,17.00,0,0,0,0,0,0,0,0,0,0
154,AgentA wins,15.00,0,0,0,0,0,0,0,0,0,0
155,AgentA wins,15.00,0,0,0,0,0,0,0,0,0,0
156,AgentA wins,20.00,0,0,0,0,0,0,0,0,0,0
157,AgentA wins,20.00,0,0,0,0,0,0,0,0,0,0
158,AgentA wins,20.00,0,0,0,0,0,0,0,0,0,0
159,AgentA wins,22.33,0,0,0,0,0,0,0,0,0,0
160,AgentA wins,20.00,0,0,0,0,0,0,0,0,0,0
151,AgentA wins,19.67,0,0,0,0,0,0,0,0,0,0
152,AgentA wins,15.00,0,0,0,0,0,0,0,0,0,0
153,AgentA wins,15.00,0,0,0,0,0,0,0,0,0,0
154,AgentA wins,15.00,0,0,0,0,0,0,0,0,0,0
155,AgentA wins,20.00,0,0,0,0,0,0,0,0,0,0
156,AgentA wins,19.67,0,0,0,0,0,0,0,0,0,0
157,AgentA wins,20.00,0,0,0,0,0,0,0,0,0,0
158,AgentA wins,19.67,0,0,0,0,0,0,0,0,0,0
159,AgentA wins,20.00,0,0,0,0,0,0,0,0,0,0
160,AgentA wins,15.00,0,0,0,0,0,0,0,0,0,0
151,AgentA wins,15.00,0,0,0,0,0,0,0,0,0,0
152,AgentA wins,15.00,0,0,0,0,0,0,0,0,0,0
153,AgentA wins,19.67,0,0,0,0,0,0,0,0,0,0
154,AgentA wins,18.00,0,0,0,0,0,0,0,0,0,0
155,AgentA wins,17.00,0,0,0,0,0,0,0,0,0,0
156,AgentA wins,15.00,0,0,0,0,0,0,0,0,0,0
157,AgentA wins,20.00,0,0,0,0,0,0,0,0,0,0
158,AgentA wins,15.00,0,0,0,0,0,0,0,0,0,0
159,AgentA wins,20.00,0,0,0,0,0,0,0,0,0,0
160,AgentA wins,19.67,0,0,0,0,0,0,0,0,0,0
151,AgentA wins,19.67,0,0,0,0,0,0,0,0,0,0
152,AgentA wins,15.00,0,0,0,0,0,0,0,0,0,0
153,AgentA wins,20.00,0,0,0,0,0,0,0,0,0,0
154,AgentA wins,18.00,0,0,0,0,0,0,0,0,0,0
155,AgentA wins,19.67,0,0,0,0,0,0,0,0,0,0
156,AgentA wins,20.00,0,0,0,0,0,0,0,0,0,0
157,AgentA wins,20.00,0,0,0,0,0,0,0,0,0,0
158,AgentA wins,20.00,0,0,0,0,0,0,0,0,0,0
159,AgentA wins,15.00,0,0,0,0,0,0,0,0,0,0
160,AgentA wins,15.00,0,0,0,0,0,0,0,0,0,0
111,AgentA wins,15.00,0,0,0,0,0,0,0,0,0,0
112,AgentA wins,24.00,0,0,0,0,0,0,0,0,0,0
113,AgentA wins,18.00,0,0,0,0,0,0,0,0,0,0
114,AgentA wins,36.00,0,0,0,0,0,0,0,0,0,0
115,AgentA wins,26.33,0,0,0,0,0,0,0,0,0,0
116,AgentA wins,15.00,0,0,0,0,0,0,0,0,0,0
117,AgentA wins,15.00,0,0,0,0,0,0,0,0,0,0
118,AgentA wins,15.00,0,0,0,0,0,0,0,0,0,0
119,AgentA wins,45.67,0,0,0,0,0,0,0,0,0,0
120,AgentA wins,15.00,0,0,0,0,0,0,0,0,0,0
151,AgentA wins,20.00,0,0,0,0,0,0,0,0,0,0
152,AgentA wins,20.00,0,0,0,0,0,0,0,0,0,0
153,AgentA wins,20.00,0,0,0,0,0,0,0,0,0,0
154,AgentA wins,20.00,0,0,0,0,0,0,0,0,0,0
155,AgentA wins,19.67,0,0,0,0,0,0,0,0,0,0
156,AgentA wins,19.67,0,0,0,0,0,0,0,0,0,0
157,AgentA wins,19.67,0,0,0,0,0,0,0,0,0,0
158,AgentA wins,18.00,0,0,0,0,0,0,0,0,0,0
159,AgentA wins,19.67,0,0,0,0,0,0,0,0,0,0
160,AgentA wins,19.67,0,0,0,0,0,0,0,0,0,0
151,AgentA wins,20.00,0,0,0,0,0,0,0,0,0,0
152,AgentA wins,15.00,0,0,0,0,0,0,0,0,0,0
153,AgentA wins,15.00,0,0,0,0,0,0,0,0,0,0
154,AgentA wins,20.00,0,0,0,0,0,0,0,0,0,0
155,AgentA wins,15.00,0,0,0,0,0,0,0,0,0,0
156,AgentA wins,19.67,0,0,0,0,0,0,0,0,0,0
157,AgentA wins,17.00,0,0,0,0,0,0,0,0,0,0
158,AgentA wins,17.00,0,0,0,0,0,0,0,0,0,0
159,AgentA wins,20.00,0,0,0,0,0,0,0,0,0,0
160,AgentA wins,15.00,0,0,0,0,0,0,0,0,0,0
111,AgentA wins,32.33,0,0,0,0,0,0,0,0,0,0
112,AgentA wins,27.00,0,0,0,0,0,0,0,0,0,0
113,AgentA wins,18.00,0,0,0,0,0,0,0,0,0,0
114,AgentB wins,55.67,0,0,0,0,0,0,0,0,0,0
115,AgentA wins,25.67,0,0,0,0,0,0,0,0,0,0
116,AgentA wins,18.00,0,0,0,0,0,0,0,0,0,0
117,AgentA wins,27.00,0,0,0,0,0,0,0,0,0,0
118,AgentA wins,35.00,0,0,0,0,0,0,0,0,0,0
119,AgentA wins,35.33,0,0,0,0,0,0,0,0,0,0
120,AgentA wins,41.67,0,0,0,0,0,0,0,0,0,0
151,AgentA wins,19.67,0,0,0,0,0,0,0,0,0,0
152,AgentA wins,19.67,0,0,0,0,0,0,0,0,0,0
153,AgentA wins,20.00,0,0,0,0,0,0,0,0,0,0
154,AgentA wins,19.67,0,0,0,0,0,0,0,0,0,0
155,AgentA wins,15.00,0,0,0,0,0,0,0,0,0,0
156,AgentA wins,15.00,0,0,0,0,0,0,0,0,0,0
157,AgentA wins,20.00,0,0,0,0,0,0,0,0,0,0
158,AgentA wins,15.00,0,0,0,0,0,0,0,0,0,0
159,AgentA wins,15.00,0,0,0,0,0,0,0,0,0,0
160,AgentA wins,17.00,0,0,0,0,0,0,0,0,0,0
151,AgentA wins,18.00,0,0,0,0,0,0,0,0,0,0
152,AgentA wins,20.00,0,0,0,0,0,0,0,0,0,0
153,AgentA wins,17.00,0,0,0,0,0,0,0,0,0,0
154,AgentA wins,20.00,0,0,0,0,0,0,0,0,0,0
155,AgentA wins,20.00,0,0,0,0,0,0,0,0,0,0
156,AgentA wins,15.00,0,0,0,0,0,0,0,0,0,0
157,AgentA wins,19.67,0,0,0,0,0,0,0,0,0,0
158,AgentA wins,19.67,0,0,0,0,0,0,0,0,0,0
159,AgentA wins,20.00,0,0,0,0,0,0,0,0,0,0
160,AgentA wins,20.00,0,0,0,0,0,0,0,0,0,0
151,AgentA wins,19.67,0,0,0,0,0,0,0,0,0,0
152,AgentA wins,15.00,0,0,0,0,0,0,0,0,0,0
153,AgentA wins,18.00,0,0,0,0,0,0,0,0,0,0
154,AgentA wins,19.67,0,0,0,0,0,0,0,0,0,0
155,AgentA wins,17.00,0,0,0,0,0,0,0,0,0,0
156,AgentA wins,19.67,0,0,0,0,0,0,0,0,0,0
157,AgentA wins,20.00,0,0,0,0,0,0,0,0,0,0
158,AgentA wins,15.00,0,0,0,0,0,0,0,0,0,0
159,AgentA wins,20.00,0,0,0,0,0,0,0,0,0,0
160,AgentA wins,20.00,0,0,0,0,0,0,0,0,0,0
151,AgentA wins,19.67,0,0,0,0,0,0,0,0,0,0
152,AgentA wins,20.00,0,0,0,0,0,0,0,0,0,0
153,AgentA wins,20.00,0,0,0,0,0,0,0,0,0,0
154,AgentA wins,17.00,0,0,0,0,0,0,0,0,0,0
155,AgentA wins,19.67,0,0,0,0,0,0,0,0,0,0
156,AgentA wins,19.67,0,0,0,0,0,0,0,0,0,0
157,AgentA wins,15.00,0,0,0,0,0,0,0,0,0,0
158,AgentA wins,15.00,0,0,0,0,0,0,0,0,0,0
159,AgentA wins,20.00,0,0,0,0,0,0,0,0,0,0
160,AgentA wins,20.00,0,0,0,0,0,0,0,0,0,0
111,AgentB wins,39.33,0,0,0,0,0,0,0,0,0,0
112,AgentA wins,15.00,0,0,0,0,0,0,0,0,0,0
113,AgentA wins,24.00,0,0,0,0,0,0,0,0,0,0
114,AgentA wins,32.67,0,0,0,0,0,0,0,0,0,0
115,AgentA wins,27.00,0,0,0,0,0,0,0,0,0,0
116,AgentA wins,30.00,0,0,0,0,0,0,0,0,0,0
117,AgentB wins,38.33,0,0,0,0,0,0,0,0,0,0
118,AgentA wins,15.00,0,0,0,0,0,0,0,0,0,0
119,AgentA wins,15.00,0,0,0,0,0,0,0,0,0,0
120,AgentA wins,20.67,0,0,0,0,0,0,0,0,0,0
111,AgentA wins,39.67,0,0,0,0,0,0,0,0,0,0
112,AgentA wins,32.67,0,0,0,0,0,0,0,0,0,0
113,AgentA wins,18.00,0,0,0,0,0,0,0,0,0,0
114,AgentA wins,15.00,0,0,0,0,0,0,0,0,0,0
115,AgentA wins,23.33,0,0,0,0,0,0,0,0,0,0
116,AgentA wins,46.00,0,0,0,0,0,0,0,0,0,0
117,AgentA wins,18.00,0,0,0,0,0,0,0,0,0,0
118,AgentA wins,15.00,0,0,0,0,0,0,0,0,0,0
119,AgentB wins,34.00,0,0,0,0,0,0,0,0,0,0
120,AgentA wins,15.00,0,0,0,0,0,0,0,0,0,0
161,AgentA wins,20.00,0,0,0,0,0,0,0,0,0,0
162,AgentA wins,20.00,0,0,0,0,0,0,0,0,0,0
163,AgentA wins,15.00,0,0,0,0,0,0,0,0,0,0
164,AgentA wins,20.00,0,0,0,0,0,0,0,0,0,0
165,AgentA wins,15.00,0,0,0,0,0,0,0,0,0,0
166,AgentA wins,18.00,0,0,0,0,0,0,0,0,0,0
167,AgentA wins,19.67,0,0,0,0,0,0,0,0,0,0
168,AgentA wins,17.00,0,0,0,0,0,0,0,0,0,0
169,AgentA wins,20.00,0,0,0,0,0,0,0,0,0,0
170,AgentA wins,17.00,0,0,0,0,0,0,0,0,0,0
111,AgentA wins,36.33,0,0,0,0,0,0,0,0,0,0
112,AgentA wins,15.00,0,0,0,0,0,0,0,0,0,0
113,AgentA wins,18.67,0,0,0,0,0,0,0,0,0,0
114,AgentA wins,23.00,0,0,0,0,0,0,0,0,0,0
115,AgentA wins,15.00,0,0,0,0,0,0,0,0,0,0
116,AgentA wins,15.00,0,0,0,0,0,0,0,0,0,0
117,AgentA wins,15.00,0,0,0,0,0,0,0,0,0,0
118,AgentA wins,29.00,0,0,0,0,0,0,0,0,0,0
119,AgentA wins,31.00,0,0,0,0,0,0,0,0,0,0
120,AgentA wins,21.33,0,0,0,0,0,0,0,0,0,0
161,AgentA wins,20.00,0,0,0,0,0,0,0,0,0,0
162,AgentA wins,15.00,0,0,0,0,0,0,0,0,0,0
163,AgentA wins,20.00,0,0,0,0,0,0,0,0,0,0
164,AgentA wins,20.00,0,0,0,0,0,0,0,0,0,0
165,AgentA wins,17.00,0,0,0,0,0,0,0,0,0,0
166,AgentA wins,19.67,0,0,0,0,0,0,0,0,0,0
167,AgentA wins,20.00,0,0,0,0,0,0,0,0,0,0
168,AgentA wins,20.00,0,0,0,0,0,0,0,0,0,0
169,AgentA wins,20.00,0,0,0,0,0,0,0,0,0,0
170,AgentA wins,15.00,0,0,0,0,0,0,0,0,0,0
161,AgentA wins,20.00,0,0,0,0,0,0,0,0,0,0
162,AgentA wins,20.00,0,0,0,0,0,0,0,0,0,0
163,AgentA wins,20.00,0,0,0,0,0,0,0,0,0,0
164,AgentA wins,19.67,0,0,0,0,0,0,0,0,0,0
165,AgentA wins,18.00,0,0,0,0,0,0,0,0,0,0
166,AgentA wins,15.00,0,0,0,0,0,0,0,0,0,0
167,AgentA wins,20.00,0,0,0,0,0,0,0,0,0,0
168,AgentA wins,19.67,0,0,0,0,0,0,0,0,0,0
169,AgentA wins,20.00,0,0,0,0,0,0,0,0,0,0
170,AgentA wins,19.67,0,0,0,0,0,0,0,0,0,0
161,AgentA wins,15.00,0,0,0,0,0,0,0,0,0,0
162,AgentA wins,20.00,0,0,0,0,0,0,0,0,0,0
163,AgentA wins,19.67,0,0,0,0,0,0,0,0,0,0
164,AgentA wins,17.00,0,0,0,0,0,0,0,0,0,0
165,AgentA wins,20.00,0,0,0,0,0,0,0,0,0,0
166,AgentA wins,18.00,0,0,0,0,0,0,0,0,0,0
167,AgentA wins,17.00,0,0,0,0,0,0,0,0,0,0
168,AgentA wins,18.00,0,0,0,0,0,0,0,0,0,0
169,AgentA wins,17.00,0,0,0,0,0,0,0,0,0,0
170,AgentA wins,15.00,0,0,0,0,0,0,0,0,0,0
161,AgentA wins,18.00,0,0,0,0,0,0,0,0,0,0
162,AgentA wins,20.00,0,0,0,0,0,0,0,0,0,0
163,AgentA wins,15.00,0,0,0,0,0,0,0,0,0,0
164,AgentA wins,20.00,0,0,0,0,0,0,0,0,0,0
165,AgentA wins,19.67,0,0,0,0,0,0,0,0,0,0
166,AgentA wins,20.00,0,0,0,0,0,0,0,0,0,0
167,AgentA wins,20.00,0,0,0,0,0,0,0,0,0,0
168,AgentA wins,20.00,0,0,0,0,0,0,0,0,0,0
169,AgentA wins,15.00,0,0,0,0,0,0,0,0,0,0
170,AgentA wins,18.00,0,0,0,0,0,0,0,0,0,0
161,AgentA wins,15.00,0,0,0,0,0,0,0,0,0,0
162,AgentA wins,20.00,0,0,0,0,0,0,0,0,0,0
163,AgentA wins,15.00,0,0,0,0,0,0,0,0,0,0
164,AgentA wins,19.67,0,0,0,0,0,0,0,0,0,0
165,AgentA wins,20.00,0,0,0,0,0,0,0,0,0,0
166,AgentA wins,20.00,0,0,0,0,0,0,0,0,0,0
167,AgentA wins,20.00,0,0,0,0,0,0,0,0,0,0
168,AgentA wins,17.00,0,0,0,0,0,0,0,0,0,0
169,AgentA wins,20.00,0,0,0,0,0,0,0,0,0,0
170,AgentA wins,15.00,0,0,0,0,0,0,0,0,0,0
161,AgentA wins,15.00,0,0,0,0,0,0,0,0,0,0
162,AgentA wins,17.00,0,0,0,0,0,0,0,0,0,0
163,AgentA wins,20.00,0,0,0,0,0,0,0,0,0,0
164,AgentA wins,19.67,0,0,0,0,0,0,0,0,0,0
165,AgentA wins,15.00,0,0,0,0,0,0,0,0,0,0
166,AgentA wins,15.00,0,0,0,0,0,0,0,0,0,0
167,AgentA wins,19.67,0,0,0,0,0,0,0,0,0,0
168,AgentA wins,22.33,0,0,0,0,0,0,0,0,0,0
169,AgentA wins,18.00,0,0,0,0,0,0,0,0,0,0
170,AgentA wins,20.00,0,0,0,0,0,0,0,0,0,0
161,AgentA wins,20.00,0,0,0,0,0,0,0,0,0,0
162,AgentA wins,20.00,0,0,0,0,0,0,0,0,0,0
163,AgentA wins,17.00,0,0,0,0,0,0,0,0,0,0
164,AgentA wins,18.00,0,0,0,0,0,0,0,0,0,0
165,AgentA wins,18.00,0,0,0,0,0,0,0,0,0,0
166,AgentA wins,15.00,0,0,0,0,0,0,0,0,0,0
167,AgentA wins,19.67,0,0,0,0,0,0,0,0,0,0
168,AgentA wins,15.00,0,0,0,0,0,0,0,0,0,0
169,AgentA wins,18.00,0,0,0,0,0,0,0,0,0,0
170,AgentA wins,15.00,0,0,0,0,0,0,0,0,0,0
161,AgentA wins,20.00,0,0,0,0,0,0,0,0,0,0
162,AgentA wins,20.00,0,0,0,0,0,0,0,0,0,0
163,AgentA wins,20.00,0,0,0,0,0,0,0,0,0,0
164,AgentA wins,20.00,0,0,0,0,0,0,0,0,0,0
165,AgentA wins,18.00,0,0,0,0,0,0,0,0,0,0
166,AgentA wins,17.00,0,0,0,0,0,0,0,0,0,0
167,AgentA wins,19.67,0,0,0,0,0,0,0,0,0,0
168,AgentA wins,20.00,0,0,0,0,0,0,0,0,0,0
169,AgentA wins,20.00,0,0,0,0,0,0,0,0,0,0
170,AgentA wins,20.00,0,0,0,0,0,0,0,0,0,0
111,AgentA wins,33.00,0,0,0,0,0,0,0,0,0,0
112,AgentA wins,26.00,0,0,0,0,0,0,0,0,0,0
113,AgentA wins,18.00,0,0,0,0,0,0,0,0,0,0
114,AgentA wins,32.67,0,0,0,0,0,0,0,0,0,0
115,AgentA wins,20.00,0,0,0,0,0,0,0,0,0,0
116,AgentA wins,26.33,0,0,0,0,0,0,0,0,0,0
117,AgentA wins,38.33,0,0,0,0,0,0,0,0,0,0
118,AgentA wins,15.00,0,0,0,0,0,0,0,0,0,0
119,AgentB wins,25.00,0,0,0,0,0,0,0,0,0,0
120,AgentA wins,36.67,0,0,0,0,0,0,0,0,0,0
161,AgentA wins,20.00,0,0,0,0,0,0,0,0,0,0
162,AgentA wins,19.67,0,0,0,0,0,0,0,0,0,0
163,AgentA wins,15.00,0,0,0,0,0,0,0,0,0,0
164,AgentA wins,18.00,0,0,0,0,0,0,0,0,0,0
165,AgentA wins,15.00,0,0,0,0,0,0,0,0,0,0
166,AgentA wins,20.00,0,0,0,0,0,0,0,0,0,0
167,AgentA wins,15.00,0,0,0,0,0,0,0,0,0,0
168,AgentA wins,17.00,0,0,0,0,0,0,0,0,0,0
169,AgentA wins,20.00,0,0,0,0,0,0,0,0,0,0
170,AgentA wins,18.00,0,0,0,0,0,0,0,0,0,0
121,AgentA wins,29.00,0,0,0,0,0,0,0,0,0,0
122,AgentA wins,15.00,0,0,0,0,0,0,0,0,0,0
123,AgentA wins,20.67,0,0,0,0,0,0,0,0,0,0
124,AgentA wins,27.00,0,0,0,0,0,0,0,0,0,0
125,AgentA wins,15.00,0,0,0,0,0,0,0,0,0,0
126,AgentA wins,18.00,0,0,0,0,0,0,0,0,0,0
127,AgentA wins,39.00,0,0,0,0,0,0,0,0,0,0
128,AgentB wins,27.67,0,0,0,0,0,0,0,0,0,0
129,AgentA wins,36.67,0,0,0,0,0,0,0,0,0,0
130,AgentA wins,15.00,0,0,0,0,0,0,0,0,0,0
161,AgentA wins,20.00,0,0,0,0,0,0,0,0,0,0
162,AgentA wins,20.00,0,0,0,0,0,0,0,0,0,0
163,AgentA wins,15.00,0,0,0,0,0,0,0,0,0,0
164,AgentA wins,19.67,0,0,0,0,0,0,0,0,0,0
165,AgentA wins,20.00,0,0,0,0,0,0,0,0,0,0
166,AgentA wins,15.00,0,0,0,0,0,0,0,0,0,0
167,AgentA wins,19.67,0,0,0,0,0,0,0,0,0,0
168,AgentA wins,15.00,0,0,0,0,0,0,0,0,0,0
169,AgentA wins,15.00,0,0,0,0,0,0,0,0,0,0
170,AgentA wins,20.00,0,0,0,0,0,0,0,0,0,0
161,AgentA wins,20.00,0,0,0,0,0,0,0,0,0,0
162,AgentA wins,20.00,0,0,0,0,0,0,0,0,0,0
163,AgentA wins,20.00,0,0,0,0,0,0,0,0,0,0
164,AgentA wins,19.67,0,0,0,0,0,0,0,0,0,0
165,AgentA wins,18.00,0,0,0,0,0,0,0,0,0,0
166,AgentA wins,18.00,0,0,0,0,0,0,0,0,0,0
167,AgentA wins,19.67,0,0,0,0,0,0,0,0,0,0
168,AgentA wins,15.00,0,0,0,0,0,0,0,0,0,0
169,AgentA wins,15.00,0,0,0,0,0,0,0,0,0,0
170,AgentA wins,20.00,0,0,0,0,0,0,0,0,0,0
111,AgentA wins,30.00,0,0,0,0,0,0,0,0,0,0
112,AgentA wins,21.00,0,0,0,0,0,0,0,0,0,0
113,AgentA wins,43.67,0,0,0,0,0,0,0,0,0,0
114,AgentA wins,32.33,0,0,0,0,0,0,0,0,0,0
115,AgentA wins,45.67,0,0,0,0,0,0,0,0,0,0
116,AgentA wins,52.33,0,0,0,0,0,0,0,0,0,0
117,AgentA wins,15.00,0,0,0,0,0,0,0,0,0,0
118,AgentA wins,34.00,0,0,0,0,0,0,0,0,0,0
119,AgentA wins,34.67,0,0,0,0,0,0,0,0,0,0
120,AgentA wins,25.67,0,0,0,0,0,0,0,0,0,0
161,AgentA wins,20.00,0,0,0,0,0,0,0,0,0,0
162,AgentA wins,19.67,0,0,0,0,0,0,0,0,0,0
163,AgentA wins,15.00,0,0,0,0,0,0,0,0,0,0
164,AgentA wins,20.00,0,0,0,0,0,0,0,0,0,0
165,AgentA wins,17.00,0,0,0,0,0,0,0,0,0,0
166,AgentA wins,20.00,0,0,0,0,0,0,0,0,0,0
167,AgentA wins,20.00,0,0,0,0,0,0,0,0,0,0
168,AgentA wins,19.67,0,0,0,0,0,0,0,0,0,0
169,AgentA wins,18.00,0,0,0,0,0,0,0,0,0,0
170,AgentA wins,15.00,0,0,0,0,0,0,0,0,0,0
121,AgentA wins,15.00,0,0,0,0,0,0,0,0,0,0
122,AgentA wins,31.00,0,0,0,0,0,0,0,0,0,0
123,AgentB wins,36.33,0,0,0,0,0,0,0,0,0,0
124,AgentB wins,49.00,0,0,0,0,0,0,0,0,0,0
125,AgentA wins,18.00,0,0,0,0,0,0,0,0,0,0
126,AgentA wins,15.00,0,0,0,0,0,0,0,0,0,0
127,AgentA wins,15.00,0,0,0,0,0,0,0,0,0,0
128,AgentA wins,29.00,0,0,0,0,0,0,0,0,0,0
129,AgentA wins,27.67,0,0,0,0,0,0,0,0,0,0
130,AgentA wins,34.67,0,0,0,0,0,0,0,0,0,0
161,AgentA wins,15.00,0,0,0,0,0,0,0,0,0,0
162,AgentA wins,15.00,0,0,0,0,0,0,0,0,0,0
163,AgentA wins,15.00,0,0,0,0,0,0,0,0,0,0
164,AgentA wins,15.00,0,0,0,0,0,0,0,0,0,0
165,AgentA wins,19.67,0,0,0,0,0,0,0,0,0,0
166,AgentA wins,15.00,0,0,0,0,0,0,0,0,0,0
167,AgentA wins,19.67,0,0,0,0,0,0,0,0,0,0
168,AgentA wins,20.00,0,0,0,0,0,0,0,0,0,0
169,AgentA wins,20.00,0,0,0,0,0,0,0,0,0,0
170,AgentA wins,19.67,0,0,0,0,0,0,0,0,0,0
121,AgentA wins,15.00,136,133,0,86,0,114,0,19,16,28
122,AgentA wins,31.67,286,281,0,169,0,217,0,33,29,65
123,AgentA wins,30.00,272,272,0,168,0,208,0,40,35,50
124,AgentA wins,24.00,211,214,0,141,0,169,0,28,26,54
125,AgentA wins,15.00,135,138,0,80,0,105,0,17,15,40
126,AgentA wins,15.00,135,135,0,86,0,106,0,20,15,36
127,AgentA wins,30.00,269,272,0,162,0,214,0,29,43,50
128,AgentA wins,35.00,316,316,0,182,0,242,0,41,45,74
129,AgentA wins,25.33,231,230,0,146,0,183,0,27,32,57
130,AgentA wins,29.00,264,259,0,161,0,194,0,32,26,63
161,AgentA wins,17.00,0,0,0,0,0,0,0,0,0,0
162,AgentA wins,17.00,0,0,0,0,0,0,0,0,0,0
163,AgentA wins,15.00,0,0,0,0,0,0,0,0,0,0
164,AgentA wins,20.00,0,0,0,0,0,0,0,0,0,0
165,AgentA wins,20.00,0,0,0,0,0,0,0,0,0,0
166,AgentA wins,17.00,0,0,0,0,0,0,0,0,0,0
167,AgentA wins,15.00,0,0,0,0,0,0,0,0,0,0
168,AgentA wins,15.00,0,0,0,0,0,0,0,0,0,0
169,AgentA wins,15.00,0,0,0,0,0,0,0,0,0,0
170,AgentA wins,15.00,0,0,0,0,0,0,0,0,0,0
121,AgentA wins,27.00,0,0,0,0,0,0,0,0,0,0
122,AgentA wins,27.00,0,0,0,0,0,0,0,0,0,0
123,AgentA wins,15.67,0,0,0,0,0,0,0,0,0,0
124,AgentA wins,32.00,0,0,0,0,0,0,0,0,0,0
125,AgentA wins,24.00,0,0,0,0,0,0,0,0,0,0
126,AgentA wins,38.00,0,0,0,0,0,0,0,0,0,0
127,AgentA wins,15.00,0,0,0,0,0,0,0,0,0,0
128,AgentA wins,15.00,0,0,0,0,0,0,0,0,0,0
129,AgentA wins,24.00,0,0,0,0,0,0,0,0,0,0
130,AgentA wins,31.33,0,0,0,0,0,0,0,0,0,0
121,AgentA wins,29.67,0,0,0,0,0,0,0,0,0,0
122,timeout draw,60.00,0,0,0,0,0,0,0,0,0,0
123,AgentA wins,15.00,0,0,0,0,0,0,0,0,0,0
124,AgentA wins,18.00,0,0,0,0,0,0,0,0,0,0
125,AgentA wins,15.00,0,0,0,0,0,0,0,0,0,0
126,AgentA wins,24.67,0,0,0,0,0,0,0,0,0,0
127,AgentA wins,20.67,0,0,0,0,0,0,0,0,0,0
128,AgentA wins,38.00,0,0,0,0,0,0,0,0,0,0
129,AgentA wins,15.00,0,0,0,0,0,0,0,0,0,0
130,AgentA wins,21.00,0,0,0,0,0,0,0,0,0,0
171,AgentA wins,20.00,0,0,0,0,0,0,0,0,0,0
172,AgentA wins,19.67,0,0,0,0,0,0,0,0,0,0
173,AgentA wins,18.00,0,0,0,0,0,0,0,0,0,0
174,AgentA wins,15.00,0,0,0,0,0,0,0,0,0,0
175,AgentA wins,15.00,0,0,0,0,0,0,0,0,0,0
176,AgentA wins,18.00,0,0,0,0,0,0,0,0,0,0
177,AgentA wins,19.67,0,0,0,0,0,0,0,0,0,0
178,AgentA wins,17.00,0,0,0,0,0,0,0,0,0,0
179,AgentA wins,19.67,0,0,0,0,0,0,0,0,0,0
180,AgentA wins,18.00,0,0,0,0,0,0,0,0,0,0
121,AgentA wins,18.00,0,0,0,0,0,0,0,0,0,0
122,AgentA wins,36.00,0,0,0,0,0,0,0,0,0,0
123,AgentA wins,15.00,0,0,0,0,0,0,0,0,0,0
124,AgentB wins,21.00,0,0,0,0,0,0,0,0,0,0
125,AgentA wins,26.33,0,0,0,0,0,0,0,0,0,0
126,AgentA wins,27.67,0,0,0,0,0,0,0,0,0,0
127,AgentA wins,41.33,0,0,0,0,0,0,0,0,0,0
128,AgentA wins,15.00,0,0,0,0,0,0,0,0,0,0
129,AgentA wins,25.67,0,0,0,0,0,0,0,0,0,0
130,AgentA wins,26.67,0,0,0,0,0,0,0,0,0,0
171,AgentA wins,18.00,0,0,0,0,0,0,0,0,0,0
172,AgentA wins,20.00,0,0,0,0,0,0,0,0,0,0
173,AgentA wins,15.00,0,0,0,0,0,0,0,0,0,0
174,AgentA wins,20.00,0,0,0,0,0,0,0,0,0,0
175,AgentA wins,17.00,0,0,0,0,0,0,0,0,0,0
176,AgentA wins,15.00,0,0,0,0,0,0,0,0,0,0
177,AgentA wins,15.00,0,0,0,0,0,0,0,0,0,0
178,AgentA wins,15.00,0,0,0,0,0,0,0,0,0,0
179,AgentA wins,18.00,0,0,0,0,0,0,0,0,0,0
180,AgentA wins,20.00,0,0,0,0,0,0,0,0,0,0
171,AgentA wins,15.00,0,0,0,0,0,0,0,0,0,0
172,AgentA wins,18.00,0,0,0,0,0,0,0,0,0,0
173,AgentA wins,15.00,0,0,0,0,0,0,0,0,0,0
174,AgentA wins,19.67,0,0,0,0,0,0,0,0,0,0
175,AgentA wins,20.00,0,0,0,0,0,0,0,0,0,0
176,AgentA wins,19.67,0,0,0,0,0,0,0,0,0,0
177,AgentA wins,18.00,0,0,0,0,0,0,0,0,0,0
178,AgentA wins,17.00,0,0,0,0,0,0,0,0,0,0
179,AgentA wins,17.00,0,0,0,0,0,0,0,0,0,0
180,AgentA wins,15.00,0,0,0,0,0,0,0,0,0,0
171,AgentA wins,19.67,0,0,0,0,0,0,0,0,0,0
172,AgentA wins,17.00,0,0,0,0,0,0,0,0,0,0
173,AgentA wins,19.67,0,0,0,0,0,0,0,0,0,0
174,AgentA wins,20.00,0,0,0,0,0,0,0,0,0,0
175,AgentA wins,17.00,0,0,0,0,0,0,0,0,0,0
176,AgentA wins,17.00,0,0,0,0,0,0,0,0,0,0
177,AgentA wins,15.00,0,0,0,0,0,0,0,0,0,0
178,AgentA wins,19.67,0,0,0,0,0,0,0,0,0,0
179,AgentA wins,22.33,0,0,0,0,0,0,0,0,0,0
180,AgentA wins,15.00,0,0,0,0,0,0,0,0,0,0
171,AgentA wins,15.00,0,0,0,0,0,0,0,0,0,0
172,AgentA wins,15.00,0,0,0,0,0,0,0,0,0,0
173,AgentA wins,17.00,0,0,0,0,0,0,0,0,0,0
174,AgentA wins,18.00,0,0,0,0,0,0,0,0,0,0
175,AgentA wins,20.00,0,0,0,0,0,0,0,0,0,0
176,AgentA wins,22.33,0,0,0,0,0,0,0,0,0,0
177,AgentA wins,15.00,0,0,0,0,0,0,0,0,0,0
178,AgentA wins,15.00,0,0,0,0,0,0,0,0,0,0
179,AgentA wins,20.00,0,0,0,0,0,0,0,0,0,0
180,AgentA wins,15.00,0,0,0,0,0,0,0,0,0,0
171,AgentA wins,19.67,0,0,0,0,0,0,0,0,0,0
172,AgentA wins,19.67,0,0,0,0,0,0,0,0,0,0
173,AgentA wins,19.67,0,0,0,0,0,0,0,0,0,0
174,AgentA wins,17.00,0,0,0,0,0,0,0,0,0,0
175,AgentA wins,15.00,0,0,0,0,0,0,0,0,0,0
176,AgentA wins,19.67,0,0,0,0,0,0,0,0,0,0
177,AgentA wins,15.00,0,0,0,0,0,0,0,0,0,0
178,AgentA wins,19.67,0,0,0,0,0,0,0,0,0,0
179,AgentA wins,15.00,0,0,0,0,0,0,0,0,0,0
180,AgentA wins,20.00,0,0,0,0,0,0,0,0,0,0
171,AgentA wins,19.67,0,0,0,0,0,0,0,0,0,0
172,AgentA wins,19.67,0,0,0,0,0,0,0,0,0,0
173,AgentA wins,17.00,0,0,0,0,0,0,0,0,0,0
174,AgentA wins,19.67,0,0,0,0,0,0,0,0,0,0
175,AgentA wins,20.00,0,0,0,0,0,0,0,0,0,0
176,AgentA wins,18.00,0,0,0,0,0,0,0,0,0,0
177,AgentA wins,17.00,0,0,0,0,0,0,0,0,0,0
178,AgentA wins,20.00,0,0,0,0,0,0,0,0,0,0
179,AgentA wins,20.00,0,0,0,0,0,0,0,0,0,0
180,AgentA wins,15.00,0,0,0,0,0,0,0,0,0,0
171,AgentA wins,17.00,0,0,0,0,0,0,0,0,0,0
172,AgentA wins,20.00,0,0,0,0,0,0,0,0,0,0
173,AgentA wins,18.00,0,0,0,0,0,0,0,0,0,0
174,AgentA wins,22.33,0,0,0,0,0,0,0,0,0,0
175,AgentA wins,18.00,0,0,0,0,0,0,0,0,0,0
176,AgentA wins,18.00,0,0,0,0,0,0,0,0,0,0
177,AgentA wins,20.00,0,0,0,0,0,0,0,0,0,0
178,AgentA wins,20.00,0,0,0,0,0,0,0,0,0,0
179,AgentA wins,20.00,0,0,0,0,0,0,0,0,0,0
180,AgentA wins,15.00,0,0,0,0,0,0,0,0,0,0
171,AgentA wins,20.00,0,0,0,0,0,0,0,0,0,0
172,AgentA wins,15.00,0,0,0,0,0,0,0,0,0,0
173,AgentA wins,15.00,0,0,0,0,0,0,0,0,0,0
174,AgentA wins,20.00,0,0,0,0,0,0,0,0,0,0
175,AgentA wins,22.33,0,0,0,0,0,0,0,0,0,0
176,AgentA wins,20.00,0,0,0,0,0,0,0,0,0,0
177,AgentA wins,20.00,0,0,0,0,0,0,0,0,0,0
178,AgentA wins,20.00,0,0,0,0,0,0,0,0,0,0
179,AgentA wins,20.00,0,0,0,0,0,0,0,0,0,0
180,AgentA wins,20.00,0,0,0,0,0,0,0,0,0,0
171,AgentA wins,20.00,0,0,0,0,0,0,0,0,0,0
172,AgentA wins,15.00,0,0,0,0,0,0,0,0,0,0
173,AgentA wins,20.00,0,0,0,0,0,0,0,0,0,0
174,AgentA wins,20.00,0,0,0,0,0,0,0,0,0,0
175,AgentA wins,19.67,0,0,0,0,0,0,0,0,0,0
176,AgentA wins,20.00,0,0,0,0,0,0,0,0,0,0
177,AgentA wins,22.33,0,0,0,0,0,0,0,0,0,0
178,AgentA wins,19.67,0,0,0,0,0,0,0,0,0,0
179,AgentA wins,17.00,0,0,0,0,0,0,0,0,0,0
180,AgentA wins,20.00,0,0,0,0,0,0,0,0,0,0
121,AgentB wins,39.00,0,0,0,0,0,0,0,0,0,0
122,AgentB wins,32.33,0,0,0,0,0,0,0,0,0,0
123,AgentA wins,27.33,0,0,0,0,0,0,0,0,0,0
124,AgentA wins,23.00,0,0,0,0,0,0,0,0,0,0
125,AgentA wins,15.00,0,0,0,0,0,0,0,0,0,0
126,AgentA wins,15.00,0,0,0,0,0,0,0,0,0,0
127,AgentA wins,30.00,0,0,0,0,0,0,0,0,0,0
128,AgentA wins,15.00,0,0,0,0,0,0,0,0,0,0
129,AgentA wins,24.00,0,0,0,0,0,0,0,0,0,0
130,AgentA wins,39.00,0,0,0,0,0,0,0,0,0,0
171,AgentA wins,20.00,0,0,0,0,0,0,0,0,0,0
172,AgentA wins,20.00,0,0,0,0,0,0,0,0,0,0
173,AgentA wins,19.67,0,0,0,0,0,0,0,0,0,0
174,AgentA wins,20.00,0,0,0,0,0,0,0,0,0,0
175,AgentA wins,15.00,0,0,0,0,0,0,0,0,0,0
176,AgentA wins,17.00,0,0,0,0,0,0,0,0,0,0
177,AgentA wins,20.00,0,0,0,0,0,0,0,0,0,0
178,AgentA wins,17.00,0,0,0,0,0,0,0,0,0,0
179,AgentA wins,20.00,0,0,0,0,0,0,0,0,0,0
180,AgentA wins,20.00,0,0,0,0,0,0,0,0,0,0
171,AgentA wins,18.00,0,0,0,0,0,0,0,0,0,0
172,AgentA wins,17.00,0,0,0,0,0,0,0,0,0,0
173,AgentA wins,20.00,0,0,0,0,0,0,0,0,0,0
174,AgentA wins,19.67,0,0,0,0,0,0,0,0,0,0
175,AgentA wins,19.67,0,0,0,0,0,0,0,0,0,0
176,AgentA wins,20.00,0,0,0,0,0,0,0,0,0,0
177,AgentA wins,20.00,0,0,0,0,0,0,0,0,0,0
178,AgentA wins,20.00,0,0,0,0,0,0,0,0,0,0
179,AgentA wins,19.67,0,0,0,0,0,0,0,0,0,0
180,AgentA wins,20.00,0,0,0,0,0,0,0,0,0,0
121,AgentA wins,18.00,0,0,0,0,0,0,0,0,0,0
122,AgentA wins,29.00,0,0,0,0,0,0,0,0,0,0
123,AgentA wins,15.00,0,0,0,0,0,0,0,0,0,0
124,AgentA wins,21.00,0,0,0,0,0,0,0,0,0,0
125,AgentA wins,24.33,0,0,0,0,0,0,0,0,0,0
126,AgentA wins,29.00,0,0,0,0,0,0,0,0,0,0
127,AgentA wins,15.00,0,0,0,0,0,0,0,0,0,0
128,AgentA wins,33.00,0,0,0,0,0,0,0,0,0,0
129,AgentA wins,32.00,0,0,0,0,0,0,0,0,0,0
130,AgentB wins,41.67,0,0,0,0,0,0,0,0,0,0
171,AgentA wins,22.33,0,0,0,0,0,0,0,0,0,0
172,AgentA wins,20.00,0,0,0,0,0,0,0,0,0,0
173,AgentA wins,19.67,0,0,0,0,0,0,0,0,0,0
174,AgentA wins,18.00,0,0,0,0,0,0,0,0,0,0
175,AgentA wins,19.67,0,0,0,0,0,0,0,0,0,0
176,AgentA wins,20.00,0,0,0,0,0,0,0,0,0,0
177,AgentA wins,19.67,0,0,0,0,0,0,0,0,0,0
178,AgentA wins,22.33,0,0,0,0,0,0,0,0,0,0
179,AgentA wins,20.00,0,0,0,0,0,0,0,0,0,0
180,AgentA wins,18.00,0,0,0,0,0,0,0,0,0,0
171,AgentA wins,15.00,0,0,0,0,0,0,0,0,0,0
172,AgentA wins,17.00,0,0,0,0,0,0,0,0,0,0
173,AgentA wins,19.67,0,0,0,0,0,0,0,0,0,0
174,AgentA wins,17.00,0,0,0,0,0,0,0,0,0,0
175,AgentA wins,20.00,0,0,0,0,0,0,0,0,0,0
176,AgentA wins,18.00,0,0,0,0,0,0,0,0,0,0
177,AgentA wins,18.00,0,0,0,0,0,0,0,0,0,0
178,AgentA wins,17.00,0,0,0,0,0,0,0,0,0,0
179,AgentA wins,20.00,0,0,0,0,0,0,0,0,0,0
180,AgentA wins,20.00,0,0,0,0,0,0,0,0,0,0
131,AgentA wins,36.67,0,0,0,0,0,0,0,0,0,0
132,AgentA wins,15.00,0,0,0,0,0,0,0,0,0,0
133,AgentA wins,15.00,0,0,0,0,0,0,0,0,0,0
134,AgentA wins,20.67,0,0,0,0,0,0,0,0,0,0
135,AgentA wins,30.00,0,0,0,0,0,0,0,0,0,0
136,AgentA wins,24.00,0,0,0,0,0,0,0,0,0,0
137,AgentA wins,15.00,0,0,0,0,0,0,0,0,0,0
138,AgentA wins,26.33,0,0,0,0,0,0,0,0,0,0
139,AgentA wins,15.00,0,0,0,0,0,0,0,0,0,0
140,AgentA wins,21.67,0,0,0,0,0,0,0,0,0,0
131,AgentA wins,34.67,0,0,0,0,0,0,0,0,0,0
132,AgentA wins,18.67,0,0,0,0,0,0,0,0,0,0
133,AgentA wins,27.67,0,0,0,0,0,0,0,0,0,0
134,AgentA wins,20.67,0,0,0,0,0,0,0,0,0,0
135,AgentA wins,15.00,0,0,0,0,0,0,0,0,0,0
136,AgentA wins,15.00,0,0,0,0,0,0,0,0,0,0
137,AgentA wins,15.67,0,0,0,0,0,0,0,0,0,0
138,AgentA wins,15.00,0,0,0,0,0,0,0,0,0,0
139,AgentA wins,18.00,0,0,0,0,0,0,0,0,0,0
140,AgentA wins,31.33,0,0,0,0,0,0,0,0,0,0
171,AgentA wins,19.67,0,0,0,0,0,0,0,0,0,0
172,AgentA wins,17.00,0,0,0,0,0,0,0,0,0,0
173,AgentA wins,19.67,0,0,0,0,0,0,0,0,0,0
174,AgentA wins,19.67,0,0,0,0,0,0,0,0,0,0
175,AgentA wins,20.00,0,0,0,0,0,0,0,0,0,0
176,AgentA wins,19.67,0,0,0,0,0,0,0,0,0,0
177,AgentA wins,19.67,0,0,0,0,0,0,0,0,0,0
178,AgentA wins,20.00,0,0,0,0,0,0,0,0,0,0
179,AgentA wins,18.00,0,0,0,0,0,0,0,0,0,0
180,AgentA wins,20.00,0,0,0,0,0,0,0,0,0,0
121,AgentA wins,18.67,0,0,0,0,0,0,0,0,0,0
122,AgentA wins,15.00,0,0,0,0,0,0,0,0,0,0
123,AgentA wins,21.00,0,0,0,0,0,0,0,0,0,0
124,AgentA wins,21.67,0,0,0,0,0,0,0,0,0,0
125,AgentA wins,30.00,0,0,0,0,0,0,0,0,0,0
126,AgentA wins,18.00,0,0,0,0,0,0,0,0,0,0
127,AgentB wins,22.00,0,0,0,0,0,0,0,0,0,0
128,AgentA wins,26.00,0,0,0,0,0,0,0,0,0,0
129,AgentA wins,35.00,0,0,0,0,0,0,0,0,0,0
130,AgentA wins,39.67,0,0,0,0,0,0,0,0,0,0
131,AgentA wins,44.00,400,399,0,245,0,323,0,53,57,67
132,AgentA wins,15.00,133,136,0,87,0,105,0,18,15,32
133,AgentA wins,15.00,138,131,0,84,0,105,0,15,15,26
134,AgentA wins,26.33,241,233,0,154,0,202,0,32,27,59
135,AgentA wins,27.00,243,244,0,151,0,191,0,32,27,54
136,AgentA wins,15.00,134,136,0,93,0,112,0,17,18,28
137,AgentA wins,39.00,346,358,0,204,0,281,0,46,46,84
138,AgentA wins,18.00,160,163,0,95,0,129,0,15,14,44
139,AgentA wins,18.00,166,162,0,94,0,132,0,19,16,35
140,AgentA wins,31.00,279,280,0,169,0,217,0,32,36,58
121,AgentA wins,26.33,0,0,0,0,0,0,0,0,0,0
122,AgentB wins,46.33,0,0,0,0,0,0,0,0,0,0
123,AgentA wins,28.67,0,0,0,0,0,0,0,0,0,0
124,AgentA wins,18.00,0,0,0,0,0,0,0,0,0,0
125,AgentA wins,15.00,0,0,0,0,0,0,0,0,0,0
126,AgentA wins,27.00,0,0,0,0,0,0,0,0,0,0
127,AgentB wins,52.67,0,0,0,0,0,0,0,0,0,0
128,AgentA wins,27.00,0,0,0,0,0,0,0,0,0,0
129,AgentA wins,33.00,0,0,0,0,0,0,0,0,0,0
130,AgentA wins,30.00,0,0,0,0,0,0,0,0,0,0
181,AgentA wins,19.67,0,0,0,0,0,0,0,0,0,0
182,AgentA wins,20.00,0,0,0,0,0,0,0,0,0,0
183,AgentA wins,18.00,0,0,0,0,0,0,0,0,0,0
184,AgentA wins,20.00,0,0,0,0,0,0,0,0,0,0
185,AgentA wins,20.00,0,0,0,0,0,0,0,0,0,0
186,AgentA wins,20.00,0,0,0,0,0,0,0,0,0,0
187,AgentA wins,18.00,0,0,0,0,0,0,0,0,0,0
188,AgentA wins,15.00,0,0,0,0,0,0,0,0,0,0
189,AgentA wins,20.00,0,0,0,0,0,0,0,0,0,0
190,AgentA wins,20.00,0,0,0,0,0,0,0,0,0,0
131,AgentA wins,27.67,0,0,0,0,0,0,0,0,0,0
132,AgentA wins,15.00,0,0,0,0,0,0,0,0,0,0
133,AgentA wins,36.00,0,0,0,0,0,0,0,0,0,0
134,AgentA wins,15.00,0,0,0,0,0,0,0,0,0,0
135,AgentA wins,31.00,0,0,0,0,0,0,0,0,0,0
136,AgentA wins,15.00,0,0,0,0,0,0,0,0,0,0
137,AgentA wins,27.00,0,0,0,0,0,0,0,0,0,0
138,AgentB wins,39.33,0,0,0,0,0,0,0,0,0,0
139,AgentA wins,18.00,0,0,0,0,0,0,0,0,0,0
140,AgentA wins,30.00,0,0,0,0,0,0,0,0,0,0
181,AgentA wins,20.00,0,0,0,0,0,0,0,0,0,0
182,AgentA wins,20.00,0,0,0,0,0,0,0,0,0,0
183,AgentA wins,20.00,0,0,0,0,0,0,0,0,0,0
184,AgentA wins,20.00,0,0,0,0,0,0,0,0,0,0
185,AgentA wins,15.00,0,0,0,0,0,0,0,0,0,0
186,AgentA wins,20.00,0,0,0,0,0,0,0,0,0,0
187,AgentA wins,17.00,0,0,0,0,0,0,0,0,0,0
188,AgentA wins,17.00,0,0,0,0,0,0,0,0,0,0
189,AgentA wins,20.00,0,0,0,0,0,0,0,0,0,0
190,AgentA wins,15.00,0,0,0,0,0,0,0,0,0,0
181,AgentA wins,18.00,0,0,0,0,0,0,0,0,0,0
182,AgentA wins,20.00,0,0,0,0,0,0,0,0,0,0
183,AgentA wins,20.00,0,0,0,0,0,0,0,0,0,0
184,AgentA wins,18.00,0,0,0,0,0,0,0,0,0,0
185,AgentA wins,20.00,0,0,0,0,0,0,0,0,0,0
186,AgentA wins,15.00,0,0,0,0,0,0,0,0,0,0
187,AgentA wins,20.00,0,0,0,0,0,0,0,0,0,0
188,AgentA wins,15.00,0,0,0,0,0,0,0,0,0,0
189,AgentA wins,20.00,0,0,0,0,0,0,0,0,0,0
190,AgentA wins,18.00,0,0,0,0,0,0,0,0,0,0
131,AgentA wins,18.00,0,0,0,0,0,0,0,0,0,0
132,AgentA wins,35.00,0,0,0,0,0,0,0,0,0,0
133,AgentA wins,29.67,0,0,0,0,0,0,0,0,0,0
134,AgentA wins,15.00,0,0,0,0,0,0,0,0,0,0
135,AgentA wins,32.33,0,0,0,0,0,0,0,0,0,0
136,AgentA wins,18.00,0,0,0,0,0,0,0,0,0,0
137,AgentA wins,47.67,0,0,0,0,0,0,0,0,0,0
138,AgentA wins,18.00,0,0,0,0,0,0,0,0,0,0
139,AgentA wins,30.00,0,0,0,0,0,0,0,0,0,0
140,AgentA wins,34.33,0,0,0,0,0,0,0,0,0,0
181,AgentA wins,20.00,0,0,0,0,0,0,0,0,0,0
182,AgentA wins,18.00,0,0,0,0,0,0,0,0,0,0
183,AgentA wins,20.00,0,0,0,0,0,0,0,0,0,0
184,AgentA wins,20.00,0,0,0,0,0,0,0,0,0,0
185,AgentA wins,20.00,0,0,0,0,0,0,0,0,0,0
186,AgentA wins,20.00,0,0,0,0,0,0,0,0,0,0
187,AgentA wins,20.00,0,0,0,0,0,0,0,0,0,0
188,AgentA wins,20.00,0,0,0,0,0,0,0,0,0,0
189,AgentA wins,20.00,0,0,0,0,0,0,0,0,0,0
190,AgentA wins,15.00,0,0,0,0,0,0,0,0,0,0
181,AgentA wins,15.00,0,0,0,0,0,0,0,0,0,0
182,AgentA wins,20.00,0,0,0,0,0,0,0,0,0,0
183,AgentA wins,15.00,0,0,0,0,0,0,0,0,0,0
184,AgentA wins,20.00,0,0,0,0,0,0,0,0,0,0
185,AgentA wins,18.00,0,0,0,0,0,0,0,0,0,0
186,AgentA wins,15.00,0,0,0,0,0,0,0,0,0,0
187,AgentA wins,15.00,0,0,0,0,0,0,0,0,0,0
188,AgentA wins,20.00,0,0,0,0,0,0,0,0,0,0
189,AgentA wins,20.00,0,0,0,0,0,0,0,0,0,0
190,AgentA wins,20.00,0,0,0,0,0,0,0,0,0,0
181,AgentA wins,22.33,0,0,0,0,0,0,0,0,0,0
182,AgentA wins,18.00,0,0,0,0,0,0,0,0,0,0
183,AgentA wins,15.00,0,0,0,0,0,0,0,0,0,0
184,AgentA wins,15.00,0,0,0,0,0,0,0,0,0,0
185,AgentA wins,20.00,0,0,0,0,0,0,0,0,0,0
186,AgentA wins,19.67,0,0,0,0,0,0,0,0,0,0
187,AgentA wins,20.00,0,0,0,0,0,0,0,0,0,0
188,AgentA wins,22.33,0,0,0,0,0,0,0,0,0,0
189,AgentA wins,15.00,0,0,0,0,0,0,0,0,0,0
190,AgentA wins,20.00,0,0,0,0,0,0,0,0,0,0
181,AgentA wins,17.00,0,0,0,0,0,0,0,0,0,0
182,AgentA wins,20.00,0,0,0,0,0,0,0,0,0,0
183,AgentA wins,15.00,0,0,0,0,0,0,0,0,0,0
184,AgentA wins,17.00,0,0,0,0,0,0,0,0,0,0
185,AgentA wins,20.00,0,0,0,0,0,0,0,0,0,0
186,AgentA wins,20.00,0,0,0,0,0,0,0,0,0,0
187,AgentA wins,20.00,0,0,0,0,0,0,0,0,0,0
188,AgentA wins,20.00,0,0,0,0,0,0,0,0,0,0
189,AgentA wins,20.00,0,0,0,0,0,0,0,0,0,0
190,AgentA wins,20.00,0,0,0,0,0,0,0,0,0,0
181,AgentA wins,17.00,0,0,0,0,0,0,0,0,0,0
182,AgentA wins,17.00,0,0,0,0,0,0,0,0,0,0
183,AgentA wins,18.00,0,0,0,0,0,0,0,0,0,0
184,AgentA wins,20.00,0,0,0,0,0,0,0,0,0,0
185,AgentA wins,17.00,0,0,0,0,0,0,0,0,0,0
186,AgentA wins,28.33,0,0,0,0,0,0,0,0,0,0
187,AgentA wins,19.67,0,0,0,0,0,0,0,0,0,0
188,AgentA wins,15.00,0,0,0,0,0,0,0,0,0,0
189,AgentA wins,20.00,0,0,0,0,0,0,0,0,0,0
190,AgentA wins,15.00,0,0,0,0,0,0,0,0,0,0
181,AgentA wins,15.00,0,0,0,0,0,0,0,0,0,0
182,AgentA wins,20.00,0,0,0,0,0,0,0,0,0,0
183,AgentA wins,20.00,0,0,0,0,0,0,0,0,0,0
184,AgentA wins,15.00,0,0,0,0,0,0,0,0,0,0
185,AgentA wins,20.00,0,0,0,0,0,0,0,0,0,0
186,AgentA wins,17.00,0,0,0,0,0,0,0,0,0,0
187,AgentA wins,17.00,0,0,0,0,0,0,0,0,0,0
188,AgentA wins,20.00,0,0,0,0,0,0,0,0,0,0
189,AgentA wins,20.00,0,0,0,0,0,0,0,0,0,0
190,AgentA wins,20.00,0,0,0,0,0,0,0,0,0,0
181,AgentA wins,15.00,0,0,0,0,0,0,0,0,0,0
182,AgentA wins,20.00,0,0,0,0,0,0,0,0,0,0
183,AgentA wins,20.00,0,0,0,0,0,0,0,0,0,0
184,AgentA wins,20.00,0,0,0,0,0,0,0,0,0,0
185,AgentA wins,15.00,0,0,0,0,0,0,0,0,0,0
186,AgentA wins,20.00,0,0,0,0,0,0,0,0,0,0
187,AgentA wins,22.33,0,0,0,0,0,0,0,0,0,0
188,AgentA wins,20.00,0,0,0,0,0,0,0,0,0,0
189,AgentA wins,15.00,0,0,0,0,0,0,0,0,0,0
190,AgentA wins,15.00,0,0,0,0,0,0,0,0,0,0
181,AgentA wins,18.00,0,0,0,0,0,0,0,0,0,0
182,AgentA wins,19.67,0,0,0,0,0,0,0,0,0,0
183,AgentA wins,20.00,0,0,0,0,0,0,0,0,0,0
184,AgentA wins,15.00,0,0,0,0,0,0,0,0,0,0
185,AgentA wins,19.67,0,0,0,0,0,0,0,0,0,0
186,AgentA wins,19.67,0,0,0,0,0,0,0,0,0,0
187,AgentA wins,15.00,0,0,0,0,0,0,0,0,0,0
188,AgentA wins,20.00,0,0,0,0,0,0,0,0,0,0
189,AgentA wins,15.00,0,0,0,0,0,0,0,0,0,0
190,AgentA wins,20.00,0,0,0,0,0,0,0,0,0,0
181,AgentA wins,15.00,0,0,0,0,0,0,0,0,0,0
182,AgentA wins,20.00,0,0,0,0,0,0,0,0,0,0
183,AgentA wins,20.00,0,0,0,0,0,0,0,0,0,0
184,AgentA wins,20.00,0,0,0,0,0,0,0,0,0,0
185,AgentA wins,15.00,0,0,0,0,0,0,0,0,0,0
186,AgentA wins,15.00,0,0,0,0,0,0,0,0,0,0
187,AgentA wins,18.00,0,0,0,0,0,0,0,0,0,0
188,AgentA wins,20.00,0,0,0,0,0,0,0,0,0,0
189,AgentA wins,20.00,0,0,0,0,0,0,0,0,0,0
190,AgentA wins,15.00,0,0,0,0,0,0,0,0,0,0
181,AgentA wins,20.00,0,0,0,0,0,0,0,0,0,0
182,AgentA wins,20.00,0,0,0,0,0,0,0,0,0,0
183,AgentA wins,17.00,0,0,0,0,0,0,0,0,0,0
184,AgentA wins,20.00,0,0,0,0,0,0,0,0,0,0
185,AgentA wins,18.00,0,0,0,0,0,0,0,0,0,0
186,AgentA wins,20.00,0,0,0,0,0,0,0,0,0,0
187,AgentA wins,15.00,0,0,0,0,0,0,0,0,0,0
188,AgentA wins,18.00,0,0,0,0,0,0,0,0,0,0
189,AgentA wins,15.00,0,0,0,0,0,0,0,0,0,0
190,AgentA wins,15.00,0,0,0,0,0,0,0,0,0,0
181,AgentA wins,20.00,0,0,0,0,0,0,0,0,0,0
182,AgentA wins,17.00,0,0,0,0,0,0,0,0,0,0
183,AgentA wins,17.00,0,0,0,0,0,0,0,0,0,0
184,AgentA wins,15.00,0,0,0,0,0,0,0,0,0,0
185,AgentA wins,20.00,0,0,0,0,0,0,0,0,0,0
186,AgentA wins,19.67,0,0,0,0,0,0,0,0,0,0
187,AgentA wins,18.00,0,0,0,0,0,0,0,0,0,0
188,AgentA wins,17.00,0,0,0,0,0,0,0,0,0,0
189,AgentA wins,18.00,0,0,0,0,0,0,0,0,0,0
190,AgentA wins,17.00,0,0,0,0,0,0,0,0,0,0
131,AgentA wins,18.00,0,0,0,0,0,0,0,0,0,0
132,AgentA wins,30.00,0,0,0,0,0,0,0,0,0,0
133,AgentA wins,32.33,0,0,0,0,0,0,0,0,0,0
134,AgentA wins,33.00,0,0,0,0,0,0,0,0,0,0
135,AgentA wins,30.00,0,0,0,0,0,0,0,0,0,0
136,AgentA wins,15.00,0,0,0,0,0,0,0,0,0,0
137,AgentA wins,52.67,0,0,0,0,0,0,0,0,0,0
138,AgentA wins,15.67,0,0,0,0,0,0,0,0,0,0
139,AgentA wins,30.00,0,0,0,0,0,0,0,0,0,0
140,AgentA wins,32.00,0,0,0,0,0,0,0,0,0,0
181,AgentA wins,18.00,0,0,0,0,0,0,0,0,0,0
182,AgentA wins,17.00,0,0,0,0,0,0,0,0,0,0
183,AgentA wins,20.00,0,0,0,0,0,0,0,0,0,0
184,AgentA wins,19.67,0,0,0,0,0,0,0,0,0,0
185,AgentA wins,18.00,0,0,0,0,0,0,0,0,0,0
186,AgentA wins,15.00,0,0,0,0,0,0,0,0,0,0
187,AgentA wins,19.67,0,0,0,0,0,0,0,0,0,0
188,AgentA wins,20.00,0,0,0,0,0,0,0,0,0,0
189,AgentA wins,17.00,0,0,0,0,0,0,0,0,0,0
190,AgentA wins,20.00,0,0,0,0,0,0,0,0,0,0
131,AgentA wins,18.33,0,0,0,0,0,0,0,0,0,0
132,AgentA wins,34.00,0,0,0,0,0,0,0,0,0,0
133,AgentA wins,18.00,0,0,0,0,0,0,0,0,0,0
134,AgentA wins,15.00,0,0,0,0,0,0,0,0,0,0
135,AgentA wins,47.67,0,0,0,0,0,0,0,0,0,0
136,AgentA wins,27.00,0,0,0,0,0,0,0,0,0,0
137,AgentB wins,25.33,0,0,0,0,0,0,0,0,0,0
138,AgentA wins,15.00,0,0,0,0,0,0,0,0,0,0
139,AgentA wins,15.00,0,0,0,0,0,0,0,0,0,0
140,AgentA wins,18.00,0,0,0,0,0,0,0,0,0,0
141,AgentA wins,24.00,0,0,0,0,0,0,0,0,0,0
142,AgentB wins,25.00,0,0,0,0,0,0,0,0,0,0
143,AgentA wins,18.00,0,0,0,0,0,0,0,0,0,0
144,AgentA wins,21.33,0,0,0,0,0,0,0,0,0,0
145,AgentA wins,18.67,0,0,0,0,0,0,0,0,0,0
146,AgentA wins,15.00,0,0,0,0,0,0,0,0,0,0
147,AgentB wins,34.33,0,0,0,0,0,0,0,0,0,0
148,AgentA wins,18.00,0,0,0,0,0,0,0,0,0,0
149,AgentA wins,18.00,0,0,0,0,0,0,0,0,0,0
150,AgentA wins,15.00,0,0,0,0,0,0,0,0,0,0
141,AgentA wins,30.00,0,0,0,0,0,0,0,0,0,0
142,AgentA wins,20.67,0,0,0,0,0,0,0,0,0,0
143,AgentA wins,48.67,0,0,0,0,0,0,0,0,0,0
144,AgentA wins,18.00,0,0,0,0,0,0,0,0,0,0
145,AgentA wins,15.00,0,0,0,0,0,0,0,0,0,0
146,AgentA wins,32.33,0,0,0,0,0,0,0,0,0,0
147,AgentA wins,24.00,0,0,0,0,0,0,0,0,0,0
148,AgentA wins,18.00,0,0,0,0,0,0,0,0,0,0
149,AgentA wins,26.33,0,0,0,0,0,0,0,0,0,0
150,AgentA wins,27.00,0,0,0,0,0,0,0,0,0,0
131,AgentA wins,30.00,0,0,0,0,0,0,0,0,0,0
132,AgentB wins,28.33,0,0,0,0,0,0,0,0,0,0
133,AgentA wins,45.67,0,0,0,0,0,0,0,0,0,0
134,AgentA wins,21.00,0,0,0,0,0,0,0,0,0,0
135,AgentA wins,36.00,0,0,0,0,0,0,0,0,0,0
136,AgentA wins,24.00,0,0,0,0,0,0,0,0,0,0
137,AgentA wins,18.00,0,0,0,0,0,0,0,0,0,0
138,AgentA wins,15.00,0,0,0,0,0,0,0,0,0,0
139,AgentA wins,40.00,0,0,0,0,0,0,0,0,0,0
140,AgentA wins,32.67,0,0,0,0,0,0,0,0,0,0
191,AgentA wins,19.67,0,0,0,0,0,0,0,0,0,0
192,AgentA wins,17.00,0,0,0,0,0,0,0,0,0,0
193,AgentA wins,18.00,0,0,0,0,0,0,0,0,0,0
194,AgentA wins,20.00,0,0,0,0,0,0,0,0,0,0
195,AgentA wins,20.00,0,0,0,0,0,0,0,0,0,0
196,AgentA wins,20.00,0,0,0,0,0,0,0,0,0,0
197,AgentA wins,20.00,0,0,0,0,0,0,0,0,0,0
198,AgentA wins,15.00,0,0,0,0,0,0,0,0,0,0
199,AgentA wins,15.00,0,0,0,0,0,0,0,0,0,0
200,AgentA wins,20.00,0,0,0,0,0,0,0,0,0,0
141,AgentA wins,23.00,206,207,1,125,0,163,0,23,26,49
142,AgentA wins,18.00,163,164,0,92,0,129,0,18,20,34
143,AgentA wins,24.00,216,214,0,137,0,159,0,32,16,58
144,AgentA wins,15.00,139,134,0,78,0,106,0,15,16,28
145,AgentB wins,42.33,383,383,0,223,0,302,0,42,46,97
146,AgentA wins,21.00,191,190,0,120,0,150,0,26,21,48
147,AgentA wins,21.00,187,193,0,117,0,145,0,20,24,41
148,AgentA wins,41.00,371,376,0,211,0,299,0,41,55,68
149,AgentA wins,15.00,134,140,0,85,0,106,0,15,12,39
150,AgentA wins,15.00,135,139,0,90,0,104,0,21,13,33
131,AgentA wins,37.00,0,0,0,0,0,0,0,0,0,0
132,AgentA wins,15.00,0,0,0,0,0,0,0,0,0,0
133,AgentA wins,35.67,0,0,0,0,0,0,0,0,0,0
134,AgentA wins,35.00,0,0,0,0,0,0,0,0,0,0
135,AgentA wins,53.00,0,0,0,0,0,0,0,0,0,0
136,AgentA wins,23.67,0,0,0,0,0,0,0,0,0,0
137,AgentA wins,15.00,0,0,0,0,0,0,0,0,0,0
138,AgentA wins,24.00,0,0,0,0,0,0,0,0,0,0
139,AgentA wins,15.00,0,0,0,0,0,0,0,0,0,0
140,AgentA wins,15.00,0,0,0,0,0,0,0,0,0,0
191,AgentA wins,20.00,0,0,0,0,0,0,0,0,0,0
192,AgentA wins,20.00,0,0,0,0,0,0,0,0,0,0
193,AgentA wins,20.00,0,0,0,0,0,0,0,0,0,0
194,AgentA wins,18.00,0,0,0,0,0,0,0,0,0,0
195,AgentA wins,20.00,0,0,0,0,0,0,0,0,0,0
196,AgentA wins,15.00,0,0,0,0,0,0,0,0,0,0
197,AgentA wins,20.00,0,0,0,0,0,0,0,0,0,0
198,AgentA wins,20.00,0,0,0,0,0,0,0,0,0,0
199,AgentA wins,18.00,0,0,0,0,0,0,0,0,0,0
200,AgentA wins,15.00,0,0,0,0,0,0,0,0,0,0
191,AgentA wins,20.00,0,0,0,0,0,0,0,0,0,0
192,AgentA wins,20.00,0,0,0,0,0,0,0,0,0,0
193,AgentA wins,17.00,0,0,0,0,0,0,0,0,0,0
194,AgentA wins,19.67,0,0,0,0,0,0,0,0,0,0
195,AgentA wins,15.00,0,0,0,0,0,0,0,0,0,0
196,AgentA wins,19.67,0,0,0,0,0,0,0,0,0,0
197,AgentA wins,19.67,0,0,0,0,0,0,0,0,0,0
198,AgentA wins,22.33,0,0,0,0,0,0,0,0,0,0
199,AgentA wins,20.00,0,0,0,0,0,0,0,0,0,0
200,AgentA wins,15.00,0,0,0,0,0,0,0,0,0,0
131,AgentA wins,15.00,0,0,0,0,0,0,0,0,0,0
132,AgentA wins,24.67,0,0,0,0,0,0,0,0,0,0
133,AgentA wins,15.00,0,0,0,0,0,0,0,0,0,0
134,AgentA wins,28.33,0,0,0,0,0,0,0,0,0,0
135,AgentA wins,18.00,0,0,0,0,0,0,0,0,0,0
136,AgentA wins,27.00,0,0,0,0,0,0,0,0,0,0
137,AgentA wins,24.33,0,0,0,0,0,0,0,0,0,0
138,AgentA wins,31.33,0,0,0,0,0,0,0,0,0,0
139,AgentA wins,15.00,0,0,0,0,0,0,0,0,0,0
140,AgentA wins,38.00,0,0,0,0,0,0,0,0,0,0
191,AgentA wins,20.00,0,0,0,0,0,0,0,0,0,0
192,AgentA wins,20.00,0,0,0,0,0,0,0,0,0,0
193,AgentA wins,17.00,0,0,0,0,0,0,0,0,0,0
194,AgentA wins,20.00,0,0,0,0,0,0,0,0,0,0
195,AgentA wins,19.67,0,0,0,0,0,0,0,0,0,0
196,AgentA wins,20.00,0,0,0,0,0,0,0,0,0,0
197,AgentA wins,20.00,0,0,0,0,0,0,0,0,0,0
198,AgentA wins,18.00,0,0,0,0,0,0,0,0,0,0
199,AgentA wins,20.00,0,0,0,0,0,0,0,0,0,0
200,AgentA wins,15.00,0,0,0,0,0,0,0,0,0,0
191,AgentA wins,20.00,0,0,0,0,0,0,0,0,0,0
192,AgentA wins,18.00,0,0,0,0,0,0,0,0,0,0
193,AgentA wins,20.00,0,0,0,0,0,0,0,0,0,0
194,AgentA wins,19.67,0,0,0,0,0,0,0,0,0,0
195,AgentA wins,20.00,0,0,0,0,0,0,0,0,0,0
196,AgentA wins,19.67,0,0,0,0,0,0,0,0,0,0
197,AgentA wins,17.00,0,0,0,0,0,0,0,0,0,0
198,AgentA wins,19.67,0,0,0,0,0,0,0,0,0,0
199,AgentA wins,20.00,0,0,0,0,0,0,0,0,0,0
200,AgentA wins,19.67,0,0,0,0,0,0,0,0,0,0
141,AgentA wins,24.00,0,0,0,0,0,0,0,0,0,0
142,AgentA wins,24.67,0,0,0,0,0,0,0,0,0,0
143,AgentA wins,29.67,0,0,0,0,0,0,0,0,0,0
144,AgentA wins,29.00,0,0,0,0,0,0,0,0,0,0
145,AgentA wins,18.00,0,0,0,0,0,0,0,0,0,0
146,AgentB wins,38.33,0,0,0,0,0,0,0,0,0,0
147,AgentA wins,15.00,0,0,0,0,0,0,0,0,0,0
148,AgentA wins,15.00,0,0,0,0,0,0,0,0,0,0
149,AgentA wins,18.00,0,0,0,0,0,0,0,0,0,0
150,AgentA wins,15.00,0,0,0,0,0,0,0,0,0,0
191,AgentA wins,19.67,0,0,0,0,0,0,0,0,0,0
192,AgentA wins,20.00,0,0,0,0,0,0,0,0,0,0
193,AgentA wins,20.00,0,0,0,0,0,0,0,0,0,0
194,AgentA wins,20.00,0,0,0,0,0,0,0,0,0,0
195,AgentA wins,19.67,0,0,0,0,0,0,0,0,0,0
196,AgentA wins,20.00,0,0,0,0,0,0,0,0,0,0
197,AgentA wins,20.00,0,0,0,0,0,0,0,0,0,0
198,AgentA wins,15.00,0,0,0,0,0,0,0,0,0,0
199,AgentA wins,19.67,0,0,0,0,0,0,0,0,0,0
200,AgentA wins,19.67,0,0,0,0,0,0,0,0,0,0
191,AgentA wins,15.00,0,0,0,0,0,0,0,0,0,0
192,AgentA wins,17.00,0,0,0,0,0,0,0,0,0,0
193,AgentA wins,18.00,0,0,0,0,0,0,0,0,0,0
194,AgentA wins,15.00,0,0,0,0,0,0,0,0,0,0
195,AgentA wins,20.00,0,0,0,0,0,0,0,0,0,0
196,AgentA wins,17.00,0,0,0,0,0,0,0,0,0,0
197,AgentA wins,20.00,0,0,0,0,0,0,0,0,0,0
198,AgentA wins,20.00,0,0,0,0,0,0,0,0,0,0
199,AgentA wins,20.00,0,0,0,0,0,0,0,0,0,0
200,AgentA wins,15.00,0,0,0,0,0,0,0,0,0,0
191,AgentA wins,20.00,0,0,0,0,0,0,0,0,0,0
192,AgentA wins,18.00,0,0,0,0,0,0,0,0,0,0
193,AgentA wins,20.00,0,0,0,0,0,0,0,0,0,0
194,AgentA wins,20.00,0,0,0,0,0,0,0,0,0,0
195,AgentA wins,19.67,0,0,0,0,0,0,0,0,0,0
196,AgentA wins,20.00,0,0,0,0,0,0,0,0,0,0
197,AgentA wins,19.67,0,0,0,0,0,0,0,0,0,0
198,AgentA wins,18.00,0,0,0,0,0,0,0,0,0,0
199,AgentA wins,19.67,0,0,0,0,0,0,0,0,0,0
200,AgentA wins,20.00,0,0,0,0,0,0,0,0,0,0
191,AgentA wins,20.00,0,0,0,0,0,0,0,0,0,0
192,AgentA wins,20.00,0,0,0,0,0,0,0,0,0,0
193,AgentA wins,20.00,0,0,0,0,0,0,0,0,0,0
194,AgentA wins,20.00,0,0,0,0,0,0,0,0,0,0
195,AgentA wins,15.00,0,0,0,0,0,0,0,0,0,0
196,AgentA wins,22.33,0,0,0,0,0,0,0,0,0,0
197,AgentA wins,20.00,0,0,0,0,0,0,0,0,0,0
198,AgentA wins,20.00,0,0,0,0,0,0,0,0,0,0
199,AgentA wins,20.00,0,0,0,0,0,0,0,0,0,0
200,AgentA wins,15.00,0,0,0,0,0,0,0,0,0,0
191,AgentA wins,20.00,0,0,0,0,0,0,0,0,0,0
192,AgentA wins,20.00,0,0,0,0,0,0,0,0,0,0
193,AgentA wins,20.00,0,0,0,0,0,0,0,0,0,0
194,AgentA wins,19.67,0,0,0,0,0,0,0,0,0,0
195,AgentA wins,20.00,0,0,0,0,0,0,0,0,0,0
196,AgentA wins,20.00,0,0,0,0,0,0,0,0,0,0
197,AgentA wins,18.00,0,0,0,0,0,0,0,0,0,0
198,AgentA wins,20.00,0,0,0,0,0,0,0,0,0,0
199,AgentA wins,17.00,0,0,0,0,0,0,0,0,0,0
200,AgentA wins,20.00,0,0,0,0,0,0,0,0,0,0
191,AgentA wins,15.00,0,0,0,0,0,0,0,0,0,0
192,AgentA wins,20.00,0,0,0,0,0,0,0,0,0,0
193,AgentA wins,19.67,0,0,0,0,0,0,0,0,0,0
194,AgentA wins,19.67,0,0,0,0,0,0,0,0,0,0
195,AgentA wins,19.67,0,0,0,0,0,0,0,0,0,0
196,AgentA wins,20.00,0,0,0,0,0,0,0,0,0,0
197,AgentA wins,17.00,0,0,0,0,0,0,0,0,0,0
198,AgentA wins,18.00,0,0,0,0,0,0,0,0,0,0
199,AgentA wins,22.33,0,0,0,0,0,0,0,0,0,0
200,AgentA wins,20.00,0,0,0,0,0,0,0,0,0,0
191,AgentA wins,20.00,0,0,0,0,0,0,0,0,0,0
192,AgentA wins,20.00,0,0,0,0,0,0,0,0,0,0
193,AgentA wins,15.00,0,0,0,0,0,0,0,0,0,0
194,AgentA wins,20.00,0,0,0,0,0,0,0,0,0,0
195,AgentA wins,20.00,0,0,0,0,0,0,0,0,0,0
196,AgentA wins,17.00,0,0,0,0,0,0,0,0,0,0
197,AgentA wins,17.00,0,0,0,0,0,0,0,0,0,0
198,AgentA wins,22.33,0,0,0,0,0,0,0,0,0,0
199,AgentA wins,15.00,0,0,0,0,0,0,0,0,0,0
200,AgentA wins,20.00,0,0,0,0,0,0,0,0,0,0
191,AgentA wins,18.00,0,0,0,0,0,0,0,0,0,0
192,AgentA wins,15.00,0,0,0,0,0,0,0,0,0,0
193,AgentA wins,19.67,0,0,0,0,0,0,0,0,0,0
194,AgentA wins,15.00,0,0,0,0,0,0,0,0,0,0
195,AgentA wins,20.00,0,0,0,0,0,0,0,0,0,0
196,AgentA wins,15.00,0,0,0,0,0,0,0,0,0,0
197,AgentA wins,19.67,0,0,0,0,0,0,0,0,0,0
198,AgentA wins,15.00,0,0,0,0,0,0,0,0,0,0
199,AgentA wins,20.00,0,0,0,0,0,0,0,0,0,0
200,AgentA wins,20.00,0,0,0,0,0,0,0,0,0,0
191,AgentA wins,18.00,0,0,0,0,0,0,0,0,0,0
192,AgentA wins,20.00,0,0,0,0,0,0,0,0,0,0
193,AgentA wins,20.00,0,0,0,0,0,0,0,0,0,0
194,AgentA wins,20.00,0,0,0,0,0,0,0,0,0,0
195,AgentA wins,20.00,0,0,0,0,0,0,0,0,0,0
196,AgentA wins,15.00,0,0,0,0,0,0,0,0,0,0
197,AgentA wins,20.00,0,0,0,0,0,0,0,0,0,0
198,AgentA wins,20.00,0,0,0,0,0,0,0,0,0,0
199,AgentA wins,20.00,0,0,0,0,0,0,0,0,0,0
200,AgentA wins,18.00,0,0,0,0,0,0,0,0,0,0
191,AgentA wins,18.00,0,0,0,0,0,0,0,0,0,0
192,AgentA wins,17.00,0,0,0,0,0,0,0,0,0,0
193,AgentA wins,17.00,0,0,0,0,0,0,0,0,0,0
194,AgentA wins,17.00,0,0,0,0,0,0,0,0,0,0
195,AgentA wins,15.00,0,0,0,0,0,0,0,0,0,0
196,AgentA wins,15.00,0,0,0,0,0,0,0,0,0,0
197,AgentA wins,20.00,0,0,0,0,0,0,0,0,0,0
198,AgentA wins,20.00,0,0,0,0,0,0,0,0,0,0
199,AgentA wins,20.00,0,0,0,0,0,0,0,0,0,0
200,AgentA wins,20.00,0,0,0,0,0,0,0,0,0,0
141,AgentA wins,36.67,0,0,0,0,0,0,0,0,0,0
142,AgentA wins,15.00,0,0,0,0,0,0,0,0,0,0
143,AgentA wins,33.00,0,0,0,0,0,0,0,0,0,0
144,AgentA wins,21.00,0,0,0,0,0,0,0,0,0,0
145,AgentA wins,50.00,0,0,0,0,0,0,0,0,0,0
146,AgentB wins,34.00,0,0,0,0,0,0,0,0,0,0
147,AgentA wins,18.00,0,0,0,0,0,0,0,0,0,0
148,AgentA wins,32.33,0,0,0,0,0,0,0,0,0,0
149,AgentA wins,18.00,0,0,0,0,0,0,0,0,0,0
150,AgentA wins,15.00,0,0,0,0,0,0,0,0,0,0
151,AgentA wins,37.67,0,0,0,0,0,0,0,0,0,0
152,AgentA wins,15.00,0,0,0,0,0,0,0,0,0,0
153,AgentA wins,15.00,0,0,0,0,0,0,0,0,0,0
154,AgentA wins,18.33,0,0,0,0,0,0,0,0,0,0
155,AgentA wins,15.00,0,0,0,0,0,0,0,0,0,0
156,AgentA wins,15.00,0,0,0,0,0,0,0,0,0,0
157,AgentA wins,15.00,0,0,0,0,0,0,0,0,0,0
158,AgentA wins,24.00,0,0,0,0,0,0,0,0,0,0
159,AgentA wins,32.00,0,0,0,0,0,0,0,0,0,0
160,AgentA wins,18.00,0,0,0,0,0,0,0,0,0,0
201,AgentA wins,20.00,0,0,0,0,0,0,0,0,0,0
202,AgentA wins,15.00,0,0,0,0,0,0,0,0,0,0
203,AgentA wins,20.00,0,0,0,0,0,0,0,0,0,0
204,AgentA wins,20.00,0,0,0,0,0,0,0,0,0,0
205,AgentA wins,15.00,0,0,0,0,0,0,0,0,0,0
206,AgentA wins,20.00,0,0,0,0,0,0,0,0,0,0
207,AgentA wins,15.00,0,0,0,0,0,0,0,0,0,0
208,AgentA wins,18.00,0,0,0,0,0,0,0,0,0,0
209,AgentA wins,15.00,0,0,0,0,0,0,0,0,0,0
210,AgentA wins,20.00,0,0,0,0,0,0,0,0,0,0
201,AgentA wins,20.00,0,0,0,0,0,0,0,0,0,0
202,AgentA wins,18.00,0,0,0,0,0,0,0,0,0,0
203,AgentA wins,20.00,0,0,0,0,0,0,0,0,0,0
204,AgentA wins,20.00,0,0,0,0,0,0,0,0,0,0
205,AgentA wins,18.00,0,0,0,0,0,0,0,0,0,0
206,AgentA wins,18.00,0,0,0,0,0,0,0,0,0,0
207,AgentA wins,15.00,0,0,0,0,0,0,0,0,0,0
208,AgentA wins,20.00,0,0,0,0,0,0,0,0,0,0
209,AgentA wins,15.00,0,0,0,0,0,0,0,0,0,0
210,AgentA wins,20.00,0,0,0,0,0,0,0,0,0,0
151,AgentA wins,27.00,0,0,0,0,0,0,0,0,0,0
152,AgentA wins,24.67,0,0,0,0,0,0,0,0,0,0
153,AgentA wins,18.00,0,0,0,0,0,0,0,0,0,0
154,AgentA wins,18.00,0,0,0,0,0,0,0,0,0,0
155,AgentA wins,27.00,0,0,0,0,0,0,0,0,0,0
156,AgentA wins,18.00,0,0,0,0,0,0,0,0,0,0
157,AgentA wins,18.33,0,0,0,0,0,0,0,0,0,0
158,AgentA wins,21.00,0,0,0,0,0,0,0,0,0,0
159,AgentA wins,31.33,0,0,0,0,0,0,0,0,0,0
160,AgentA wins,35.00,0,0,0,0,0,0,0,0,0,0
141,AgentA wins,15.00,0,0,0,0,0,0,0,0,0,0
142,AgentA wins,18.00,0,0,0,0,0,0,0,0,0,0
143,AgentA wins,15.00,0,0,0,0,0,0,0,0,0,0
144,AgentA wins,18.00,0,0,0,0,0,0,0,0,0,0
145,AgentA wins,27.67,0,0,0,0,0,0,0,0,0,0
146,AgentA wins,23.67,0,0,0,0,0,0,0,0,0,0
147,AgentA wins,27.00,0,0,0,0,0,0,0,0,0,0
148,AgentA wins,21.00,0,0,0,0,0,0,0,0,0,0
149,AgentA wins,24.67,0,0,0,0,0,0,0,0,0,0
150,AgentA wins,32.00,0,0,0,0,0,0,0,0,0,0
201,AgentA wins,15.00,0,0,0,0,0,0,0,0,0,0
202,AgentA wins,20.00,0,0,0,0,0,0,0,0,0,0
203,AgentA wins,18.00,0,0,0,0,0,0,0,0,0,0
204,AgentA wins,20.00,0,0,0,0,0,0,0,0,0,0
205,AgentA wins,18.00,0,0,0,0,0,0,0,0,0,0
206,AgentA wins,20.00,0,0,0,0,0,0,0,0,0,0
207,AgentA wins,18.00,0,0,0,0,0,0,0,0,0,0
208,AgentA wins,20.00,0,0,0,0,0,0,0,0,0,0
209,AgentA wins,20.00,0,0,0,0,0,0,0,0,0,0
210,AgentA wins,20.00,0,0,0,0,0,0,0,0,0,0
201,AgentA wins,20.00,0,0,0,0,0,0,0,0,0,0
202,AgentA wins,20.00,0,0,0,0,0,0,0,0,0,0
203,AgentA wins,17.00,0,0,0,0,0,0,0,0,0,0
204,AgentA wins,15.00,0,0,0,0,0,0,0,0,0,0
205,AgentA wins,20.00,0,0,0,0,0,0,0,0,0,0
206,AgentA wins,20.00,0,0,0,0,0,0,0,0,0,0
207,AgentA wins,19.67,0,0,0,0,0,0,0,0,0,0
208,AgentA wins,20.00,0,0,0,0,0,0,0,0,0,0
209,AgentA wins,15.00,0,0,0,0,0,0,0,0,0,0
210,AgentA wins,20.00,0,0,0,0,0,0,0,0,0,0
201,AgentA wins,18.00,0,0,0,0,0,0,0,0,0,0
202,AgentA wins,15.00,0,0,0,0,0,0,0,0,0,0
203,AgentA wins,18.00,0,0,0,0,0,0,0,0,0,0
204,AgentA wins,15.00,0,0,0,0,0,0,0,0,0,0
205,AgentA wins,19.67,0,0,0,0,0,0,0,0,0,0
206,AgentA wins,19.67,0,0,0,0,0,0,0,0,0,0
207,AgentA wins,20.00,0,0,0,0,0,0,0,0,0,0
208,AgentA wins,15.00,0,0,0,0,0,0,0,0,0,0
209,AgentA wins,19.67,0,0,0,0,0,0,0,0,0,0
210,AgentA wins,18.00,0,0,0,0,0,0,0,0,0,0
141,AgentA wins,15.00,0,0,0,0,0,0,0,0,0,0
142,AgentA wins,18.00,0,0,0,0,0,0,0,0,0,0
143,AgentA wins,54.00,0,0,0,0,0,0,0,0,0,0
144,AgentA wins,26.67,0,0,0,0,0,0,0,0,0,0
145,AgentA wins,37.00,0,0,0,0,0,0,0,0,0,0
146,AgentA wins,21.00,0,0,0,0,0,0,0,0,0,0
147,AgentA wins,27.00,0,0,0,0,0,0,0,0,0,0
148,AgentA wins,43.33,0,0,0,0,0,0,0,0,0,0
149,AgentA wins,48.33,0,0,0,0,0,0,0,0,0,0
150,AgentA wins,28.00,0,0,0,0,0,0,0,0,0,0
141,AgentA wins,15.67,0,0,0,0,0,0,0,0,0,0
142,AgentA wins,33.00,0,0,0,0,0,0,0,0,0,0
143,AgentB wins,24.67,0,0,0,0,0,0,0,0,0,0
144,AgentA wins,15.00,0,0,0,0,0,0,0,0,0,0
145,AgentA wins,15.00,0,0,0,0,0,0,0,0,0,0
146,AgentA wins,15.00,0,0,0,0,0,0,0,0,0,0
147,AgentA wins,15.00,0,0,0,0,0,0,0,0,0,0
148,AgentA wins,15.00,0,0,0,0,0,0,0,0,0,0
149,AgentA wins,29.00,0,0,0,0,0,0,0,0,0,0
150,AgentB wins,39.00,0,0,0,0,0,0,0,0,0,0
141,AgentA wins,18.00,0,0,0,0,0,0,0,0,0,0
142,AgentA wins,23.67,0,0,0,0,0,0,0,0,0,0
143,AgentA wins,15.00,0,0,0,0,0,0,0,0,0,0
144,AgentA wins,18.00,0,0,0,0,0,0,0,0,0,0
145,AgentB wins,33.67,0,0,0,0,0,0,0,0,0,0
146,AgentA wins,18.00,0,0,0,0,0,0,0,0,0,0
147,AgentB wins,25.33,0,0,0,0,0,0,0,0,0,0
148,AgentA wins,26.33,0,0,0,0,0,0,0,0,0,0
149,AgentA wins,15.00,0,0,0,0,0,0,0,0,0,0
150,AgentA wins,15.00,0,0,0,0,0,0,0,0,0,0
141,AgentA wins,29.67,0,0,0,0,0,0,0,0,0,0
142,AgentA wins,30.00,0,0,0,0,0,0,0,0,0,0
143,AgentA wins,29.67,0,0,0,0,0,0,0,0,0,0
144,AgentA wins,32.00,0,0,0,0,0,0,0,0,0,0
145,AgentA wins,37.00,0,0,0,0,0,0,0,0,0,0
146,AgentB wins,21.00,0,0,0,0,0,0,0,0,0,0
147,AgentB wins,57.00,0,0,0,0,0,0,0,0,0,0
148,AgentB wins,39.67,0,0,0,0,0,0,0,0,0,0
149,AgentA wins,15.00,0,0,0,0,0,0,0,0,0,0
150,AgentA wins,33.00,0,0,0,0,0,0,0,0,0,0
201,AgentA wins,15.00,0,0,0,0,0,0,0,0,0,0
202,AgentA wins,18.00,0,0,0,0,0,0,0,0,0,0
203,AgentA wins,17.00,0,0,0,0,0,0,0,0,0,0
204,AgentA wins,18.00,0,0,0,0,0,0,0,0,0,0
205,AgentA wins,20.00,0,0,0,0,0,0,0,0,0,0
206,AgentA wins,17.00,0,0,0,0,0,0,0,0,0,0
207,AgentA wins,20.00,0,0,0,0,0,0,0,0,0,0
208,AgentA wins,15.00,0,0,0,0,0,0,0,0,0,0
209,AgentA wins,17.00,0,0,0,0,0,0,0,0,0,0
210,AgentA wins,18.00,0,0,0,0,0,0,0,0,0,0
201,AgentA wins,15.00,0,0,0,0,0,0,0,0,0,0
202,AgentA wins,20.00,0,0,0,0,0,0,0,0,0,0
203,AgentA wins,17.00,0,0,0,0,0,0,0,0,0,0
204,AgentA wins,20.00,0,0,0,0,0,0,0,0,0,0
205,AgentA wins,20.00,0,0,0,0,0,0,0,0,0,0
206,AgentA wins,19.67,0,0,0,0,0,0,0,0,0,0
207,AgentA wins,18.00,0,0,0,0,0,0,0,0,0,0
208,AgentA wins,20.00,0,0,0,0,0,0,0,0,0,0
209,AgentA wins,18.00,0,0,0,0,0,0,0,0,0,0
210,AgentA wins,15.00,0,0,0,0,0,0,0,0,0,0
201,AgentA wins,20.00,0,0,0,0,0,0,0,0,0,0
202,AgentA wins,15.00,0,0,0,0,0,0,0,0,0,0
203,AgentA wins,18.00,0,0,0,0,0,0,0,0,0,0
204,AgentA wins,20.00,0,0,0,0,0,0,0,0,0,0
205,AgentA wins,17.00,0,0,0,0,0,0,0,0,0,0
206,AgentA wins,20.00,0,0,0,0,0,0,0,0,0,0
207,AgentA wins,20.00,0,0,0,0,0,0,0,0,0,0
208,AgentA wins,20.00,0,0,0,0,0,0,0,0,0,0
209,AgentA wins,15.00,0,0,0,0,0,0,0,0,0,0
210,AgentA wins,15.00,0,0,0,0,0,0,0,0,0,0
201,AgentA wins,20.00,0,0,0,0,0,0,0,0,0,0
202,AgentA wins,19.67,0,0,0,0,0,0,0,0,0,0
203,AgentA wins,19.67,0,0,0,0,0,0,0,0,0,0
204,AgentA wins,18.00,0,0,0,0,0,0,0,0,0,0
205,AgentA wins,20.00,0,0,0,0,0,0,0,0,0,0
206,AgentA wins,22.33,0,0,0,0,0,0,0,0,0,0
207,AgentA wins,20.00,0,0,0,0,0,0,0,0,0,0
208,AgentA wins,15.00,0,0,0,0,0,0,0,0,0,0
209,AgentA wins,15.00,0,0,0,0,0,0,0,0,0,0
210,AgentA wins,19.67,0,0,0,0,0,0,0,0,0,0
201,AgentA wins,15.00,0,0,0,0,0,0,0,0,0,0
202,AgentA wins,20.00,0,0,0,0,0,0,0,0,0,0
203,AgentA wins,15.00,0,0,0,0,0,0,0,0,0,0
204,AgentA wins,15.00,0,0,0,0,0,0,0,0,0,0
205,AgentA wins,20.00,0,0,0,0,0,0,0,0,0,0
206,AgentA wins,17.00,0,0,0,0,0,0,0,0,0,0
207,AgentA wins,15.00,0,0,0,0,0,0,0,0,0,0
208,AgentA wins,19.67,0,0,0,0,0,0,0,0,0,0
209,AgentA wins,15.00,0,0,0,0,0,0,0,0,0,0
210,AgentA wins,20.00,0,0,0,0,0,0,0,0,0,0
201,AgentA wins,15.00,0,0,0,0,0,0,0,0,0,0
202,AgentA wins,20.00,0,0,0,0,0,0,0,0,0,0
203,AgentA wins,18.00,0,0,0,0,0,0,0,0,0,0
204,AgentA wins,20.00,0,0,0,0,0,0,0,0,0,0
205,AgentA wins,17.00,0,0,0,0,0,0,0,0,0,0
206,AgentA wins,20.00,0,0,0,0,0,0,0,0,0,0
207,AgentA wins,20.00,0,0,0,0,0,0,0,0,0,0
208,AgentA wins,20.00,0,0,0,0,0,0,0,0,0,0
209,AgentA wins,20.00,0,0,0,0,0,0,0,0,0,0
210,AgentA wins,19.67,0,0,0,0,0,0,0,0,0,0
201,AgentA wins,20.00,0,0,0,0,0,0,0,0,0,0
202,AgentA wins,20.00,0,0,0,0,0,0,0,0,0,0
203,AgentA wins,20.00,0,0,0,0,0,0,0,0,0,0
204,AgentA wins,20.00,0,0,0,0,0,0,0,0,0,0
205,AgentA wins,18.00,0,0,0,0,0,0,0,0,0,0
206,AgentA wins,15.00,0,0,0,0,0,0,0,0,0,0
207,AgentA wins,20.00,0,0,0,0,0,0,0,0,0,0
208,AgentA wins,18.00,0,0,0,0,0,0,0,0,0,0
209,AgentA wins,17.00,0,0,0,0,0,0,0,0,0,0
210,AgentA wins,15.00,0,0,0,0,0,0,0,0,0,0
201,AgentA wins,20.00,0,0,0,0,0,0,0,0,0,0
202,AgentA wins,20.00,0,0,0,0,0,0,0,0,0,0
203,AgentA wins,20.00,0,0,0,0,0,0,0,0,0,0
204,AgentA wins,19.67,0,0,0,0,0,0,0,0,0,0
205,AgentA wins,20.00,0,0,0,0,0,0,0,0,0,0
206,AgentA wins,15.00,0,0,0,0,0,0,0,0,0,0
207,AgentA wins,20.00,0,0,0,0,0,0,0,0,0,0
208,AgentA wins,19.67,0,0,0,0,0,0,0,0,0,0
209,AgentA wins,19.67,0,0,0,0,0,0,0,0,0,0
210,AgentA wins,15.00,0,0,0,0,0,0,0,0,0,0
201,AgentA wins,15.00,0,0,0,0,0,0,0,0,0,0
202,AgentA wins,15.00,0,0,0,0,0,0,0,0,0,0
203,AgentA wins,20.00,0,0,0,0,0,0,0,0,0,0
204,AgentA wins,20.00,0,0,0,0,0,0,0,0,0,0
205,AgentA wins,19.67,0,0,0,0,0,0,0,0,0,0
206,AgentA wins,19.67,0,0,0,0,0,0,0,0,0,0
207,AgentA wins,19.67,0,0,0,0,0,0,0,0,0,0
208,AgentA wins,20.00,0,0,0,0,0,0,0,0,0,0
209,AgentA wins,15.00,0,0,0,0,0,0,0,0,0,0
210,AgentA wins,20.00,0,0,0,0,0,0,0,0,0,0
201,AgentA wins,20.00,0,0,0,0,0,0,0,0,0,0
202,AgentA wins,20.00,0,0,0,0,0,0,0,0,0,0
203,AgentA wins,20.00,0,0,0,0,0,0,0,0,0,0
204,AgentA wins,20.00,0,0,0,0,0,0,0,0,0,0
205,AgentA wins,22.33,0,0,0,0,0,0,0,0,0,0
206,AgentA wins,20.00,0,0,0,0,0,0,0,0,0,0
207,AgentA wins,20.00,0,0,0,0,0,0,0,0,0,0
208,AgentA wins,15.00,0,0,0,0,0,0,0,0,0,0
209,AgentA wins,20.00,0,0,0,0,0,0,0,0,0,0
210,AgentA wins,20.00,0,0,0,0,0,0,0,0,0,0
151,AgentA wins,27.00,244,241,0,163,0,190,0,32,29,59
152,AgentA wins,27.67,253,246,0,150,0,198,0,32,26,69
153,AgentA wins,46.00,419,415,0,262,0,327,0,51,45,111
154,AgentA wins,36.00,321,321,0,191,0,252,0,38,29,88
155,AgentA wins,31.00,283,283,0,161,0,225,0,35,46,50
156,AgentA wins,18.00,163,160,0,93,0,128,0,19,25,30
157,AgentA wins,33.00,297,298,0,177,0,233,0,31,36,72
158,AgentA wins,39.33,357,353,0,216,0,268,0,43,42,92
159,AgentB wins,42.67,389,383,0,221,0,317,0,43,51,92
160,AgentA wins,15.00,136,138,0,86,0,103,0,20,15,32
151,AgentA wins,15.00,0,0,0,0,0,0,0,0,0,0
152,AgentA wins,26.00,0,0,0,0,0,0,0,0,0,0
153,AgentA wins,18.00,0,0,0,0,0,0,0,0,0,0
154,AgentA wins,30.00,0,0,0,0,0,0,0,0,0,0
155,AgentB wins,48.67,0,0,0,0,0,0,0,0,0,0
156,AgentA wins,15.67,0,0,0,0,0,0,0,0,0,0
157,AgentA wins,29.67,0,0,0,0,0,0,0,0,0,0
158,AgentA wins,24.00,0,0,0,0,0,0,0,0,0,0
159,AgentA wins,35.00,0,0,0,0,0,0,0,0,0,0
160,AgentA wins,31.67,0,0,0,0,0,0,0,0,0,0
211,AgentA wins,18.00,0,0,0,0,0,0,0,0,0,0
212,AgentA wins,20.00,0,0,0,0,0,0,0,0,0,0
213,AgentA wins,15.00,0,0,0,0,0,0,0,0,0,0
214,AgentA wins,18.00,0,0,0,0,0,0,0,0,0,0
215,AgentA wins,19.67,0,0,0,0,0,0,0,0,0,0
216,AgentA wins,18.00,0,0,0,0,0,0,0,0,0,0
217,AgentA wins,20.00,0,0,0,0,0,0,0,0,0,0
218,AgentA wins,15.00,0,0,0,0,0,0,0,0,0,0
219,AgentA wins,18.00,0,0,0,0,0,0,0,0,0,0
220,AgentA wins,20.00,0,0,0,0,0,0,0,0,0,0
161,AgentA wins,15.00,0,0,0,0,0,0,0,0,0,0
162,AgentA wins,26.00,0,0,0,0,0,0,0,0,0,0
163,AgentA wins,33.67,0,0,0,0,0,0,0,0,0,0
164,AgentA wins,15.00,0,0,0,0,0,0,0,0,0,0
165,AgentA wins,15.00,0,0,0,0,0,0,0,0,0,0
166,AgentA wins,36.67,0,0,0,0,0,0,0,0,0,0
167,AgentA wins,29.67,0,0,0,0,0,0,0,0,0,0
168,AgentA wins,30.00,0,0,0,0,0,0,0,0,0,0
169,AgentA wins,21.00,0,0,0,0,0,0,0,0,0,0
170,AgentA wins,18.00,0,0,0,0,0,0,0,0,0,0
211,AgentA wins,20.00,0,0,0,0,0,0,0,0,0,0
212,AgentA wins,18.00,0,0,0,0,0,0,0,0,0,0
213,AgentA wins,17.00,0,0,0,0,0,0,0,0,0,0
214,AgentA wins,19.67,0,0,0,0,0,0,0,0,0,0
215,AgentA wins,20.00,0,0,0,0,0,0,0,0,0,0
216,AgentA wins,20.00,0,0,0,0,0,0,0,0,0,0
217,AgentA wins,15.00,0,0,0,0,0,0,0,0,0,0
218,AgentA wins,15.00,0,0,0,0,0,0,0,0,0,0
219,AgentA wins,15.00,0,0,0,0,0,0,0,0,0,0
220,AgentA wins,20.00,0,0,0,0,0,0,0,0,0,0
151,AgentA wins,36.00,0,0,0,0,0,0,0,0,0,0
152,AgentA wins,18.00,0,0,0,0,0,0,0,0,0,0
153,AgentA wins,32.00,0,0,0,0,0,0,0,0,0,0
154,AgentB wins,37.00,0,0,0,0,0,0,0,0,0,0
155,AgentA wins,18.00,0,0,0,0,0,0,0,0,0,0
156,AgentB wins,30.67,0,0,0,0,0,0,0,0,0,0
157,AgentA wins,32.00,0,0,0,0,0,0,0,0,0,0
158,AgentB wins,39.00,0,0,0,0,0,0,0,0,0,0
159,AgentA wins,26.33,0,0,0,0,0,0,0,0,0,0
160,AgentA wins,18.00,0,0,0,0,0,0,0,0,0,0
211,AgentA wins,15.00,0,0,0,0,0,0,0,0,0,0
212,AgentA wins,20.00,0,0,0,0,0,0,0,0,0,0
213,AgentA wins,20.00,0,0,0,0,0,0,0,0,0,0
214,AgentA wins,20.00,0,0,0,0,0,0,0,0,0,0
215,AgentA wins,20.00,0,0,0,0,0,0,0,0,0,0
216,AgentA wins,17.00,0,0,0,0,0,0,0,0,0,0
217,AgentA wins,20.00,0,0,0,0,0,0,0,0,0,0
218,AgentA wins,20.00,0,0,0,0,0,0,0,0,0,0
219,AgentA wins,20.00,0,0,0,0,0,0,0,0,0,0
220,AgentA wins,20.00,0,0,0,0,0,0,0,0,0,0
211,AgentA wins,20.00,0,0,0,0,0,0,0,0,0,0
212,AgentA wins,20.00,0,0,0,0,0,0,0,0,0,0
213,AgentA wins,15.00,0,0,0,0,0,0,0,0,0,0
214,AgentA wins,20.00,0,0,0,0,0,0,0,0,0,0
215,AgentA wins,15.00,0,0,0,0,0,0,0,0,0,0
216,AgentA wins,18.00,0,0,0,0,0,0,0,0,0,0
217,AgentA wins,15.00,0,0,0,0,0,0,0,0,0,0
218,AgentA wins,15.00,0,0,0,0,0,0,0,0,0,0
219,AgentA wins,18.00,0,0,0,0,0,0,0,0,0,0
220,AgentA wins,15.00,0,0,0,0,0,0,0,0,0,0
211,AgentA wins,17.00,0,0,0,0,0,0,0,0,0,0
212,AgentA wins,20.00,0,0,0,0,0,0,0,0,0,0
213,AgentA wins,20.00,0,0,0,0,0,0,0,0,0,0
214,AgentA wins,20.00,0,0,0,0,0,0,0,0,0,0
215,AgentA wins,18.00,0,0,0,0,0,0,0,0,0,0
216,AgentA wins,15.00,0,0,0,0,0,0,0,0,0,0
217,AgentA wins,20.00,0,0,0,0,0,0,0,0,0,0
218,AgentA wins,20.00,0,0,0,0,0,0,0,0,0,0
219,AgentA wins,20.00,0,0,0,0,0,0,0,0,0,0
220,AgentA wins,20.00,0,0,0,0,0,0,0,0,0,0
211,AgentA wins,15.00,0,0,0,0,0,0,0,0,0,0
212,AgentA wins,19.67,0,0,0,0,0,0,0,0,0,0
213,AgentA wins,20.00,0,0,0,0,0,0,0,0,0,0
214,AgentA wins,20.00,0,0,0,0,0,0,0,0,0,0
215,AgentA wins,20.00,0,0,0,0,0,0,0,0,0,0
216,AgentA wins,17.00,0,0,0,0,0,0,0,0,0,0
217,AgentA wins,18.00,0,0,0,0,0,0,0,0,0,0
218,AgentA wins,20.00,0,0,0,0,0,0,0,0,0,0
219,AgentA wins,20.00,0,0,0,0,0,0,0,0,0,0
220,AgentA wins,18.00,0,0,0,0,0,0,0,0,0,0
211,AgentA wins,20.00,0,0,0,0,0,0,0,0,0,0
212,AgentA wins,15.00,0,0,0,0,0,0,0,0,0,0
213,AgentA wins,20.00,0,0,0,0,0,0,0,0,0,0
214,AgentA wins,18.00,0,0,0,0,0,0,0,0,0,0
215,AgentA wins,18.00,0,0,0,0,0,0,0,0,0,0
216,AgentA wins,15.00,0,0,0,0,0,0,0,0,0,0
217,AgentA wins,15.00,0,0,0,0,0,0,0,0,0,0
218,AgentA wins,15.00,0,0,0,0,0,0,0,0,0,0
219,AgentA wins,20.00,0,0,0,0,0,0,0,0,0,0
220,AgentA wins,20.00,0,0,0,0,0,0,0,0,0,0
211,AgentA wins,15.00,0,0,0,0,0,0,0,0,0,0
212,AgentA wins,22.33,0,0,0,0,0,0,0,0,0,0
213,AgentA wins,15.00,0,0,0,0,0,0,0,0,0,0
214,AgentA wins,20.00,0,0,0,0,0,0,0,0,0,0
215,AgentA wins,20.00,0,0,0,0,0,0,0,0,0,0
216,AgentA wins,18.00,0,0,0,0,0,0,0,0,0,0
217,AgentA wins,20.00,0,0,0,0,0,0,0,0,0,0
218,AgentA wins,15.00,0,0,0,0,0,0,0,0,0,0
219,AgentA wins,15.00,0,0,0,0,0,0,0,0,0,0
220,AgentA wins,15.00,0,0,0,0,0,0,0,0,0,0
211,AgentA wins,18.00,0,0,0,0,0,0,0,0,0,0
212,AgentA wins,15.00,0,0,0,0,0,0,0,0,0,0
213,AgentA wins,15.00,0,0,0,0,0,0,0,0,0,0
214,AgentA wins,15.00,0,0,0,0,0,0,0,0,0,0
215,AgentA wins,20.00,0,0,0,0,0,0,0,0,0,0
216,AgentA wins,20.00,0,0,0,0,0,0,0,0,0,0
217,AgentA wins,18.00,0,0,0,0,0,0,0,0,0,0
218,AgentA wins,20.00,0,0,0,0,0,0,0,0,0,0
219,AgentA wins,18.00,0,0,0,0,0,0,0,0,0,0
220,AgentA wins,18.00,0,0,0,0,0,0,0,0,0,0
211,AgentA wins,20.00,0,0,0,0,0,0,0,0,0,0
212,AgentA wins,20.00,0,0,0,0,0,0,0,0,0,0
213,AgentA wins,15.00,0,0,0,0,0,0,0,0,0,0
214,AgentA wins,20.00,0,0,0,0,0,0,0,0,0,0
215,AgentA wins,18.00,0,0,0,0,0,0,0,0,0,0
216,AgentA wins,15.00,0,0,0,0,0,0,0,0,0,0
217,AgentA wins,19.67,0,0,0,0,0,0,0,0,0,0
218,AgentA wins,20.00,0,0,0,0,0,0,0,0,0,0
219,AgentA wins,17.00,0,0,0,0,0,0,0,0,0,0
220,AgentA wins,20.00,0,0,0,0,0,0,0,0,0,0
211,AgentA wins,20.00,0,0,0,0,0,0,0,0,0,0
212,AgentA wins,20.00,0,0,0,0,0,0,0,0,0,0
213,AgentA wins,18.00,0,0,0,0,0,0,0,0,0,0
214,AgentA wins,20.00,0,0,0,0,0,0,0,0,0,0
215,AgentA wins,19.67,0,0,0,0,0,0,0,0,0,0
216,AgentA wins,18.00,0,0,0,0,0,0,0,0,0,0
217,AgentA wins,20.00,0,0,0,0,0,0,0,0,0,0
218,AgentA wins,20.00,0,0,0,0,0,0,0,0,0,0
219,AgentA wins,20.00,0,0,0,0,0,0,0,0,0,0
220,AgentA wins,17.00,0,0,0,0,0,0,0,0,0,0
211,AgentA wins,19.67,0,0,0,0,0,0,0,0,0,0
212,AgentA wins,20.00,0,0,0,0,0,0,0,0,0,0
213,AgentA wins,20.00,0,0,0,0,0,0,0,0,0,0
214,AgentA wins,20.00,0,0,0,0,0,0,0,0,0,0
215,AgentA wins,20.00,0,0,0,0,0,0,0,0,0,0
216,AgentA wins,28.33,0,0,0,0,0,0,0,0,0,0
217,AgentA wins,19.67,0,0,0,0,0,0,0,0,0,0
218,AgentA wins,20.00,0,0,0,0,0,0,0,0,0,0
219,AgentA wins,15.00,0,0,0,0,0,0,0,0,0,0
220,AgentA wins,15.00,0,0,0,0,0,0,0,0,0,0
211,AgentA wins,15.00,0,0,0,0,0,0,0,0,0,0
212,AgentA wins,20.00,0,0,0,0,0,0,0,0,0,0
213,AgentA wins,20.00,0,0,0,0,0,0,0,0,0,0
214,AgentA wins,17.00,0,0,0,0,0,0,0,0,0,0
215,AgentA wins,20.00,0,0,0,0,0,0,0,0,0,0
216,AgentA wins,20.00,0,0,0,0,0,0,0,0,0,0
217,AgentA wins,19.67,0,0,0,0,0,0,0,0,0,0
218,AgentA wins,19.67,0,0,0,0,0,0,0,0,0,0
219,AgentA wins,20.00,0,0,0,0,0,0,0,0,0,0
220,AgentA wins,19.67,0,0,0,0,0,0,0,0,0,0
161,AgentA wins,24.00,0,0,0,0,0,0,0,0,0,0
162,AgentB wins,36.67,0,0,0,0,0,0,0,0,0,0
163,AgentA wins,24.00,0,0,0,0,0,0,0,0,0,0
164,AgentA wins,24.67,0,0,0,0,0,0,0,0,0,0
165,AgentA wins,40.33,0,0,0,0,0,0,0,0,0,0
166,AgentA wins,15.00,0,0,0,0,0,0,0,0,0,0
167,AgentA wins,18.00,0,0,0,0,0,0,0,0,0,0
168,AgentA wins,15.00,0,0,0,0,0,0,0,0,0,0
169,AgentA wins,24.00,0,0,0,0,0,0,0,0,0,0
170,AgentA wins,27.00,0,0,0,0,0,0,0,0,0,0
211,AgentA wins,20.00,0,0,0,0,0,0,0,0,0,0
212,AgentA wins,20.00,0,0,0,0,0,0,0,0,0,0
213,AgentA wins,20.00,0,0,0,0,0,0,0,0,0,0
214,AgentA wins,15.00,0,0,0,0,0,0,0,0,0,0
215,AgentA wins,20.00,0,0,0,0,0,0,0,0,0,0
216,AgentA wins,20.00,0,0,0,0,0,0,0,0,0,0
217,AgentA wins,20.00,0,0,0,0,0,0,0,0,0,0
218,AgentA wins,17.00,0,0,0,0,0,0,0,0,0,0
219,AgentA wins,20.00,0,0,0,0,0,0,0,0,0,0
220,AgentA wins,20.00,0,0,0,0,0,0,0,0,0,0
151,AgentA wins,40.00,0,0,0,0,0,0,0,0,0,0
152,AgentA wins,18.00,0,0,0,0,0,0,0,0,0,0
153,AgentA wins,15.00,0,0,0,0,0,0,0,0,0,0
154,AgentA wins,18.00,0,0,0,0,0,0,0,0,0,0
155,AgentA wins,30.67,0,0,0,0,0,0,0,0,0,0
156,AgentA wins,24.00,0,0,0,0,0,0,0,0,0,0
157,AgentA wins,15.00,0,0,0,0,0,0,0,0,0,0
158,AgentA wins,21.00,0,0,0,0,0,0,0,0,0,0
159,AgentA wins,24.00,0,0,0,0,0,0,0,0,0,0
160,AgentA wins,21.67,0,0,0,0,0,0,0,0,0,0
151,AgentA wins,18.00,0,0,0,0,0,0,0,0,0,0
152,AgentA wins,32.00,0,0,0,0,0,0,0,0,0,0
153,AgentA wins,18.00,0,0,0,0,0,0,0,0,0,0
154,AgentA wins,36.00,0,0,0,0,0,0,0,0,0,0
155,AgentA wins,30.00,0,0,0,0,0,0,0,0,0,0
156,AgentA wins,38.00,0,0,0,0,0,0,0,0,0,0
157,AgentA wins,21.00,0,0,0,0,0,0,0,0,0,0
158,AgentA wins,18.00,0,0,0,0,0,0,0,0,0,0
159,AgentA wins,27.00,0,0,0,0,0,0,0,0,0,0
160,AgentA wins,15.00,0,0,0,0,0,0,0,0,0,0
211,AgentA wins,17.00,0,0,0,0,0,0,0,0,0,0
212,AgentA wins,15.00,0,0,0,0,0,0,0,0,0,0
213,AgentA wins,19.67,0,0,0,0,0,0,0,0,0,0
214,AgentA wins,20.00,0,0,0,0,0,0,0,0,0,0
215,AgentA wins,20.00,0,0,0,0,0,0,0,0,0,0
216,AgentA wins,20.00,0,0,0,0,0,0,0,0,0,0
217,AgentA wins,15.00,0,0,0,0,0,0,0,0,0,0
218,AgentA wins,18.00,0,0,0,0,0,0,0,0,0,0
219,AgentA wins,15.00,0,0,0,0,0,0,0,0,0,0
220,AgentA wins,20.00,0,0,0,0,0,0,0,0,0,0
151,AgentA wins,15.00,0,0,0,0,0,0,0,0,0,0
152,AgentA wins,40.67,0,0,0,0,0,0,0,0,0,0
153,AgentA wins,15.00,0,0,0,0,0,0,0,0,0,0
154,AgentA wins,15.00,0,0,0,0,0,0,0,0,0,0
155,AgentA wins,33.00,0,0,0,0,0,0,0,0,0,0
156,AgentA wins,36.33,0,0,0,0,0,0,0,0,0,0
157,AgentA wins,32.33,0,0,0,0,0,0,0,0,0,0
158,AgentA wins,33.67,0,0,0,0,0,0,0,0,0,0
159,AgentA wins,31.33,0,0,0,0,0,0,0,0,0,0
160,AgentA wins,15.00,0,0,0,0,0,0,0,0,0,0
151,AgentA wins,36.00,0,0,0,0,0,0,0,0,0,0
152,AgentA wins,33.33,0,0,0,0,0,0,0,0,0,0
153,AgentA wins,15.00,0,0,0,0,0,0,0,0,0,0
154,AgentA wins,15.00,0,0,0,0,0,0,0,0,0,0
155,AgentA wins,24.00,0,0,0,0,0,0,0,0,0,0
156,AgentA wins,25.67,0,0,0,0,0,0,0,0,0,0
157,AgentA wins,29.67,0,0,0,0,0,0,0,0,0,0
158,AgentA wins,24.00,0,0,0,0,0,0,0,0,0,0
159,AgentA wins,24.33,0,0,0,0,0,0,0,0,0,0
160,AgentA wins,37.00,0,0,0,0,0,0,0,0,0,0
151,AgentA wins,39.00,0,0,0,0,0,0,0,0,0,0
152,AgentA wins,15.00,0,0,0,0,0,0,0,0,0,0
153,AgentA wins,32.00,0,0,0,0,0,0,0,0,0,0
154,AgentA wins,38.33,0,0,0,0,0,0,0,0,0,0
155,AgentB wins,38.33,0,0,0,0,0,0,0,0,0,0
156,AgentA wins,39.00,0,0,0,0,0,0,0,0,0,0
157,AgentA wins,15.67,0,0,0,0,0,0,0,0,0,0
158,AgentA wins,18.00,0,0,0,0,0,0,0,0,0,0
159,AgentA wins,29.67,0,0,0,0,0,0,0,0,0,0
160,AgentA wins,29.67,0,0,0,0,0,0,0,0,0,0
161,AgentA wins,23.67,211,213,0,129,0,167,0,23,24,60
162,AgentA wins,18.00,160,162,0,103,0,128,0,21,14,50
163,AgentA wins,15.00,134,135,1,84,0,109,0,14,18,33
164,AgentA wins,27.00,242,245,0,149,0,189,0,32,29,56
165,AgentA wins,33.00,294,294,0,176,0,229,0,34,31,80
166,AgentA wins,15.00,136,136,0,80,0,102,0,19,15,25
167,AgentA wins,15.00,135,136,1,69,0,108,0,17,24,23
168,AgentB wins,25.67,236,228,0,138,0,182,0,24,23,62
169,AgentB wins,24.67,226,222,0,126,0,173,0,29,36,45
170,AgentA wins,40.33,366,363,0,227,0,276,0,46,33,104
221,AgentA wins,18.00,0,0,0,0,0,0,0,0,0,0
222,AgentA wins,20.00,0,0,0,0,0,0,0,0,0,0
223,AgentA wins,18.00,0,0,0,0,0,0,0,0,0,0
224,AgentA wins,20.00,0,0,0,0,0,0,0,0,0,0
225,AgentA wins,20.00,0,0,0,0,0,0,0,0,0,0
226,AgentA wins,15.00,0,0,0,0,0,0,0,0,0,0
227,AgentA wins,15.00,0,0,0,0,0,0,0,0,0,0
228,AgentA wins,20.00,0,0,0,0,0,0,0,0,0,0
229,AgentA wins,15.00,0,0,0,0,0,0,0,0,0,0
230,AgentA wins,15.00,0,0,0,0,0,0,0,0,0,0
221,AgentA wins,18.00,0,0,0,0,0,0,0,0,0,0
222,AgentA wins,18.00,0,0,0,0,0,0,0,0,0,0
223,AgentA wins,18.00,0,0,0,0,0,0,0,0,0,0
224,AgentA wins,20.00,0,0,0,0,0,0,0,0,0,0
225,AgentA wins,19.67,0,0,0,0,0,0,0,0,0,0
226,AgentA wins,15.00,0,0,0,0,0,0,0,0,0,0
227,AgentA wins,20.00,0,0,0,0,0,0,0,0,0,0
228,AgentA wins,18.00,0,0,0,0,0,0,0,0,0,0
229,AgentA wins,20.00,0,0,0,0,0,0,0,0,0,0
230,AgentA wins,20.00,0,0,0,0,0,0,0,0,0,0
161,AgentA wins,31.00,0,0,0,0,0,0,0,0,0,0
162,AgentA wins,38.67,0,0,0,0,0,0,0,0,0,0
163,AgentA wins,31.00,0,0,0,0,0,0,0,0,0,0
164,AgentA wins,30.67,0,0,0,0,0,0,0,0,0,0
165,AgentA wins,36.00,0,0,0,0,0,0,0,0,0,0
166,AgentA wins,29.00,0,0,0,0,0,0,0,0,0,0
167,AgentA wins,18.00,0,0,0,0,0,0,0,0,0,0
168,AgentA wins,24.00,0,0,0,0,0,0,0,0,0,0
169,AgentA wins,15.00,0,0,0,0,0,0,0,0,0,0
170,AgentA wins,15.00,0,0,0,0,0,0,0,0,0,0
221,AgentA wins,20.00,0,0,0,0,0,0,0,0,0,0
222,AgentA wins,17.00,0,0,0,0,0,0,0,0,0,0
223,AgentA wins,15.00,0,0,0,0,0,0,0,0,0,0
224,AgentA wins,15.00,0,0,0,0,0,0,0,0,0,0
225,AgentA wins,17.00,0,0,0,0,0,0,0,0,0,0
226,AgentA wins,20.00,0,0,0,0,0,0,0,0,0,0
227,AgentA wins,18.00,0,0,0,0,0,0,0,0,0,0
228,AgentA wins,18.00,0,0,0,0,0,0,0,0,0,0
229,AgentA wins,20.00,0,0,0,0,0,0,0,0,0,0
230,AgentA wins,20.00,0,0,0,0,0,0,0,0,0,0
221,AgentA wins,20.00,0,0,0,0,0,0,0,0,0,0
222,AgentA wins,20.00,0,0,0,0,0,0,0,0,0,0
223,AgentA wins,20.00,0,0,0,0,0,0,0,0,0,0
224,AgentA wins,20.00,0,0,0,0,0,0,0,0,0,0
225,AgentA wins,15.00,0,0,0,0,0,0,0,0,0,0
226,AgentA wins,18.00,0,0,0,0,0,0,0,0,0,0
227,AgentA wins,15.00,0,0,0,0,0,0,0,0,0,0
228,AgentA wins,15.00,0,0,0,0,0,0,0,0,0,0
229,AgentA wins,15.00,0,0,0,0,0,0,0,0,0,0
230,AgentA wins,20.00,0,0,0,0,0,0,0,0,0,0
221,AgentA wins,20.00,0,0,0,0,0,0,0,0,0,0
222,AgentA wins,17.00,0,0,0,0,0,0,0,0,0,0
223,AgentA wins,19.67,0,0,0,0,0,0,0,0,0,0
224,AgentA wins,20.00,0,0,0,0,0,0,0,0,0,0
225,AgentA wins,19.67,0,0,0,0,0,0,0,0,0,0
226,AgentA wins,15.00,0,0,0,0,0,0,0,0,0,0
227,AgentA wins,20.00,0,0,0,0,0,0,0,0,0,0
228,AgentA wins,20.00,0,0,0,0,0,0,0,0,0,0
229,AgentA wins,19.67,0,0,0,0,0,0,0,0,0,0
230,AgentA wins,20.00,0,0,0,0,0,0,0,0,0,0
221,AgentA wins,20.00,0,0,0,0,0,0,0,0,0,0
222,AgentA wins,20.00,0,0,0,0,0,0,0,0,0,0
223,AgentA wins,15.00,0,0,0,0,0,0,0,0,0,0
224,AgentA wins,15.00,0,0,0,0,0,0,0,0,0,0
225,AgentA wins,18.00,0,0,0,0,0,0,0,0,0,0
226,AgentA wins,18.00,0,0,0,0,0,0,0,0,0,0
227,AgentA wins,15.00,0,0,0,0,0,0,0,0,0,0
228,AgentA wins,20.00,0,0,0,0,0,0,0,0,0,0
229,AgentA wins,20.00,0,0,0,0,0,0,0,0,0,0
230,AgentA wins,20.00,0,0,0,0,0,0,0,0,0,0
221,AgentA wins,20.00,0,0,0,0,0,0,0,0,0,0
222,AgentA wins,20.00,0,0,0,0,0,0,0,0,0,0
223,AgentA wins,20.00,0,0,0,0,0,0,0,0,0,0
224,AgentA wins,20.00,0,0,0,0,0,0,0,0,0,0
225,AgentA wins,20.00,0,0,0,0,0,0,0,0,0,0
226,AgentA wins,18.00,0,0,0,0,0,0,0,0,0,0
227,AgentA wins,20.00,0,0,0,0,0,0,0,0,0,0
228,AgentA wins,19.67,0,0,0,0,0,0,0,0,0,0
229,AgentA wins,18.00,0,0,0,0,0,0,0,0,0,0
230,AgentA wins,20.00,0,0,0,0,0,0,0,0,0,0
221,AgentA wins,15.00,0,0,0,0,0,0,0,0,0,0
222,AgentA wins,20.00,0,0,0,0,0,0,0,0,0,0
223,AgentA wins,20.00,0,0,0,0,0,0,0,0,0,0
224,AgentA wins,20.00,0,0,0,0,0,0,0,0,0,0
225,AgentA wins,15.00,0,0,0,0,0,0,0,0,0,0
226,AgentA wins,20.00,0,0,0,0,0,0,0,0,0,0
227,AgentA wins,19.67,0,0,0,0,0,0,0,0,0,0
228,AgentA wins,20.00,0,0,0,0,0,0,0,0,0,0
229,AgentA wins,20.00,0,0,0,0,0,0,0,0,0,0
230,AgentA wins,20.00,0,0,0,0,0,0,0,0,0,0
221,AgentA wins,20.00,0,0,0,0,0,0,0,0,0,0
222,AgentA wins,20.00,0,0,0,0,0,0,0,0,0,0
223,AgentA wins,20.00,0,0,0,0,0,0,0,0,0,0
224,AgentA wins,20.00,0,0,0,0,0,0,0,0,0,0
225,AgentA wins,20.00,0,0,0,0,0,0,0,0,0,0
226,AgentA wins,18.00,0,0,0,0,0,0,0,0,0,0
227,AgentA wins,20.00,0,0,0,0,0,0,0,0,0,0
228,AgentA wins,20.00,0,0,0,0,0,0,0,0,0,0
229,AgentA wins,20.00,0,0,0,0,0,0,0,0,0,0
230,AgentA wins,20.00,0,0,0,0,0,0,0,0,0,0
221,AgentA wins,19.67,0,0,0,0,0,0,0,0,0,0
222,AgentA wins,18.00,0,0,0,0,0,0,0,0,0,0
223,AgentA wins,20.00,0,0,0,0,0,0,0,0,0,0
224,AgentA wins,15.00,0,0,0,0,0,0,0,0,0,0
225,AgentA wins,20.00,0,0,0,0,0,0,0,0,0,0
226,AgentA wins,19.67,0,0,0,0,0,0,0,0,0,0
227,AgentA wins,20.00,0,0,0,0,0,0,0,0,0,0
228,AgentA wins,20.00,0,0,0,0,0,0,0,0,0,0
229,AgentA wins,20.00,0,0,0,0,0,0,0,0,0,0
230,AgentA wins,20.00,0,0,0,0,0,0,0,0,0,0
221,AgentA wins,19.67,0,0,0,0,0,0,0,0,0,0
222,AgentA wins,20.00,0,0,0,0,0,0,0,0,0,0
223,AgentA wins,20.00,0,0,0,0,0,0,0,0,0,0
224,AgentA wins,20.00,0,0,0,0,0,0,0,0,0,0
225,AgentA wins,20.00,0,0,0,0,0,0,0,0,0,0
226,AgentA wins,15.00,0,0,0,0,0,0,0,0,0,0
227,AgentA wins,18.00,0,0,0,0,0,0,0,0,0,0
228,AgentA wins,18.00,0,0,0,0,0,0,0,0,0,0
229,AgentA wins,20.00,0,0,0,0,0,0,0,0,0,0
230,AgentA wins,15.00,0,0,0,0,0,0,0,0,0,0
221,AgentA wins,19.67,0,0,0,0,0,0,0,0,0,0
222,AgentA wins,18.00,0,0,0,0,0,0,0,0,0,0
223,AgentA wins,20.00,0,0,0,0,0,0,0,0,0,0
224,AgentA wins,20.00,0,0,0,0,0,0,0,0,0,0
225,AgentA wins,15.00,0,0,0,0,0,0,0,0,0,0
226,AgentA wins,20.00,0,0,0,0,0,0,0,0,0,0
227,AgentA wins,19.67,0,0,0,0,0,0,0,0,0,0
228,AgentA wins,15.00,0,0,0,0,0,0,0,0,0,0
229,AgentA wins,20.00,0,0,0,0,0,0,0,0,0,0
230,AgentA wins,20.00,0,0,0,0,0,0,0,0,0,0
221,AgentA wins,22.33,0,0,0,0,0,0,0,0,0,0
222,AgentA wins,15.00,0,0,0,0,0,0,0,0,0,0
223,AgentA wins,20.00,0,0,0,0,0,0,0,0,0,0
224,AgentA wins,17.00,0,0,0,0,0,0,0,0,0,0
225,AgentA wins,15.00,0,0,0,0,0,0,0,0,0,0
226,AgentA wins,15.00,0,0,0,0,0,0,0,0,0,0
227,AgentA wins,18.00,0,0,0,0,0,0,0,0,0,0
228,AgentA wins,15.00,0,0,0,0,0,0,0,0,0,0
229,AgentA wins,18.00,0,0,0,0,0,0,0,0,0,0
230,AgentA wins,20.00,0,0,0,0,0,0,0,0,0,0
221,AgentA wins,20.00,0,0,0,0,0,0,0,0,0,0
222,AgentA wins,18.00,0,0,0,0,0,0,0,0,0,0
223,AgentA wins,19.67,0,0,0,0,0,0,0,0,0,0
224,AgentA wins,20.00,0,0,0,0,0,0,0,0,0,0
225,AgentA wins,15.00,0,0,0,0,0,0,0,0,0,0
226,AgentA wins,20.00,0,0,0,0,0,0,0,0,0,0
227,AgentA wins,20.00,0,0,0,0,0,0,0,0,0,0
228,AgentA wins,20.00,0,0,0,0,0,0,0,0,0,0
229,AgentA wins,20.00,0,0,0,0,0,0,0,0,0,0
230,AgentA wins,20.00,0,0,0,0,0,0,0,0,0,0
171,AgentA wins,24.00,0,0,0,0,0,0,0,0,0,0
172,AgentB wins,29.67,0,0,0,0,0,0,0,0,0,0
173,AgentB wins,35.67,0,0,0,0,0,0,0,0,0,0
174,AgentA wins,24.00,0,0,0,0,0,0,0,0,0,0
175,AgentB wins,22.67,0,0,0,0,0,0,0,0,0,0
176,AgentA wins,23.67,0,0,0,0,0,0,0,0,0,0
177,AgentA wins,40.33,0,0,0,0,0,0,0,0,0,0
178,AgentA wins,24.00,0,0,0,0,0,0,0,0,0,0
179,AgentA wins,15.00,0,0,0,0,0,0,0,0,0,0
180,AgentB wins,49.33,0,0,0,0,0,0,0,0,0,0
221,AgentA wins,15.00,0,0,0,0,0,0,0,0,0,0
222,AgentA wins,20.00,0,0,0,0,0,0,0,0,0,0
223,AgentA wins,15.00,0,0,0,0,0,0,0,0,0,0
224,AgentA wins,19.67,0,0,0,0,0,0,0,0,0,0
225,AgentA wins,18.00,0,0,0,0,0,0,0,0,0,0
226,AgentA wins,20.00,0,0,0,0,0,0,0,0,0,0
227,AgentA wins,20.00,0,0,0,0,0,0,0,0,0,0
228,AgentA wins,17.00,0,0,0,0,0,0,0,0,0,0
229,AgentA wins,19.67,0,0,0,0,0,0,0,0,0,0
230,AgentA wins,20.00,0,0,0,0,0,0,0,0,0,0
161,AgentA wins,21.00,0,0,0,0,0,0,0,0,0,0
162,timeout draw,60.00,0,0,0,0,0,0,0,0,0,0
163,AgentA wins,48.00,0,0,0,0,0,0,0,0,0,0
164,AgentA wins,18.00,0,0,0,0,0,0,0,0,0,0
165,AgentA wins,30.00,0,0,0,0,0,0,0,0,0,0
166,AgentA wins,32.67,0,0,0,0,0,0,0,0,0,0
167,AgentA wins,21.00,0,0,0,0,0,0,0,0,0,0
168,AgentA wins,27.00,0,0,0,0,0,0,0,0,0,0
169,AgentA wins,27.00,0,0,0,0,0,0,0,0,0,0
170,AgentA wins,18.00,0,0,0,0,0,0,0,0,0,0
161,AgentA wins,15.00,0,0,0,0,0,0,0,0,0,0
162,AgentA wins,30.00,0,0,0,0,0,0,0,0,0,0
163,AgentA wins,21.00,0,0,0,0,0,0,0,0,0,0
164,AgentA wins,26.67,0,0,0,0,0,0,0,0,0,0
165,AgentA wins,18.00,0,0,0,0,0,0,0,0,0,0
166,AgentA wins,15.00,0,0,0,0,0,0,0,0,0,0
167,AgentA wins,26.00,0,0,0,0,0,0,0,0,0,0
168,AgentA wins,24.67,0,0,0,0,0,0,0,0,0,0
169,AgentA wins,34.33,0,0,0,0,0,0,0,0,0,0
170,AgentA wins,18.00,0,0,0,0,0,0,0,0,0,0
161,AgentA wins,15.00,0,0,0,0,0,0,0,0,0,0
162,AgentA wins,40.67,0,0,0,0,0,0,0,0,0,0
163,AgentA wins,27.00,0,0,0,0,0,0,0,0,0,0
164,AgentA wins,33.00,0,0,0,0,0,0,0,0,0,0
165,AgentA wins,39.00,0,0,0,0,0,0,0,0,0,0
166,AgentB wins,29.33,0,0,0,0,0,0,0,0,0,0
167,AgentA wins,27.00,0,0,0,0,0,0,0,0,0,0
168,AgentA wins,18.00,0,0,0,0,0,0,0,0,0,0
169,AgentA wins,21.00,0,0,0,0,0,0,0,0,0,0
170,AgentA wins,15.00,0,0,0,0,0,0,0,0,0,0
161,AgentB wins,42.67,0,0,0,0,0,0,0,0,0,0
162,AgentA wins,18.00,0,0,0,0,0,0,0,0,0,0
163,AgentA wins,38.33,0,0,0,0,0,0,0,0,0,0
164,AgentA wins,18.00,0,0,0,0,0,0,0,0,0,0
165,AgentA wins,24.00,0,0,0,0,0,0,0,0,0,0
166,AgentA wins,26.67,0,0,0,0,0,0,0,0,0,0
167,AgentA wins,20.67,0,0,0,0,0,0,0,0,0,0
168,AgentA wins,18.67,0,0,0,0,0,0,0,0,0,0
169,AgentA wins,18.00,0,0,0,0,0,0,0,0,0,0
170,AgentA wins,26.33,0,0,0,0,0,0,0,0,0,0
161,AgentA wins,27.00,0,0,0,0,0,0,0,0,0,0
162,AgentA wins,18.00,0,0,0,0,0,0,0,0,0,0
163,AgentA wins,15.00,0,0,0,0,0,0,0,0,0,0
164,AgentB wins,39.33,0,0,0,0,0,0,0,0,0,0
165,AgentB wins,37.00,0,0,0,0,0,0,0,0,0,0
166,AgentA wins,15.00,0,0,0,0,0,0,0,0,0,0
167,AgentA wins,30.67,0,0,0,0,0,0,0,0,0,0
168,AgentA wins,18.00,0,0,0,0,0,0,0,0,0,0
169,AgentA wins,21.33,0,0,0,0,0,0,0,0,0,0
170,AgentA wins,15.00,0,0,0,0,0,0,0,0,0,0
231,AgentA wins,20.00,0,0,0,0,0,0,0,0,0,0
232,AgentA wins,17.00,0,0,0,0,0,0,0,0,0,0
233,AgentA wins,20.00,0,0,0,0,0,0,0,0,0,0
234,AgentA wins,15.00,0,0,0,0,0,0,0,0,0,0
235,AgentA wins,17.00,0,0,0,0,0,0,0,0,0,0
236,AgentA wins,20.00,0,0,0,0,0,0,0,0,0,0
237,AgentA wins,17.00,0,0,0,0,0,0,0,0,0,0
238,AgentA wins,18.00,0,0,0,0,0,0,0,0,0,0
239,AgentA wins,20.00,0,0,0,0,0,0,0,0,0,0
240,AgentA wins,15.00,0,0,0,0,0,0,0,0,0,0
231,AgentA wins,18.00,0,0,0,0,0,0,0,0,0,0
232,AgentA wins,15.00,0,0,0,0,0,0,0,0,0,0
233,AgentA wins,18.00,0,0,0,0,0,0,0,0,0,0
234,AgentA wins,19.67,0,0,0,0,0,0,0,0,0,0
235,AgentA wins,20.00,0,0,0,0,0,0,0,0,0,0
236,AgentA wins,17.00,0,0,0,0,0,0,0,0,0,0
237,AgentA wins,17.00,0,0,0,0,0,0,0,0,0,0
238,AgentA wins,18.00,0,0,0,0,0,0,0,0,0,0
239,AgentA wins,20.00,0,0,0,0,0,0,0,0,0,0
240,AgentA wins,18.00,0,0,0,0,0,0,0,0,0,0
171,AgentA wins,27.00,0,0,0,0,0,0,0,0,0,0
172,AgentA wins,26.00,0,0,0,0,0,0,0,0,0,0
173,AgentA wins,18.00,0,0,0,0,0,0,0,0,0,0
174,AgentA wins,33.00,0,0,0,0,0,0,0,0,0,0
175,AgentA wins,24.00,0,0,0,0,0,0,0,0,0,0
176,AgentB wins,31.00,0,0,0,0,0,0,0,0,0,0
177,AgentB wins,40.00,0,0,0,0,0,0,0,0,0,0
178,AgentA wins,30.00,0,0,0,0,0,0,0,0,0,0
179,AgentB wins,31.00,0,0,0,0,0,0,0,0,0,0
180,AgentA wins,39.67,0,0,0,0,0,0,0,0,0,0
231,AgentA wins,15.00,0,0,0,0,0,0,0,0,0,0
232,AgentA wins,15.00,0,0,0,0,0,0,0,0,0,0
233,AgentA wins,20.00,0,0,0,0,0,0,0,0,0,0
234,AgentA wins,15.00,0,0,0,0,0,0,0,0,0,0
235,AgentA wins,20.00,0,0,0,0,0,0,0,0,0,0
236,AgentA wins,19.67,0,0,0,0,0,0,0,0,0,0
237,AgentA wins,17.00,0,0,0,0,0,0,0,0,0,0
238,AgentA wins,17.00,0,0,0,0,0,0,0,0,0,0
239,AgentA wins,15.00,0,0,0,0,0,0,0,0,0,0
240,AgentA wins,15.00,0,0,0,0,0,0,0,0,0,0
231,AgentA wins,20.00,0,0,0,0,0,0,0,0,0,0
232,AgentA wins,15.00,0,0,0,0,0,0,0,0,0,0
233,AgentA wins,15.00,0,0,0,0,0,0,0,0,0,0
234,AgentA wins,20.00,0,0,0,0,0,0,0,0,0,0
235,AgentA wins,19.67,0,0,0,0,0,0,0,0,0,0
236,AgentA wins,19.67,0,0,0,0,0,0,0,0,0,0
237,AgentA wins,19.67,0,0,0,0,0,0,0,0,0,0
238,AgentA wins,19.67,0,0,0,0,0,0,0,0,0,0
239,AgentA wins,20.00,0,0,0,0,0,0,0,0,0,0
240,AgentA wins,18.00,0,0,0,0,0,0,0,0,0,0
231,AgentA wins,15.00,0,0,0,0,0,0,0,0,0,0
232,AgentA wins,18.00,0,0,0,0,0,0,0,0,0,0
233,AgentA wins,15.00,0,0,0,0,0,0,0,0,0,0
234,AgentA wins,18.00,0,0,0,0,0,0,0,0,0,0
235,AgentA wins,15.00,0,0,0,0,0,0,0,0,0,0
236,AgentA wins,18.00,0,0,0,0,0,0,0,0,0,0
237,AgentA wins,20.00,0,0,0,0,0,0,0,0,0,0
238,AgentA wins,15.00,0,0,0,0,0,0,0,0,0,0
239,AgentA wins,15.00,0,0,0,0,0,0,0,0,0,0
240,AgentA wins,18.00,0,0,0,0,0,0,0,0,0,0
231,AgentA wins,15.00,0,0,0,0,0,0,0,0,0,0
232,AgentA wins,17.00,0,0,0,0,0,0,0,0,0,0
233,AgentA wins,18.00,0,0,0,0,0,0,0,0,0,0
234,AgentA wins,15.00,0,0,0,0,0,0,0,0,0,0
235,AgentA wins,20.00,0,0,0,0,0,0,0,0,0,0
236,AgentA wins,18.00,0,0,0,0,0,0,0,0,0,0
237,AgentA wins,15.00,0,0,0,0,0,0,0,0,0,0
238,AgentA wins,20.00,0,0,0,0,0,0,0,0,0,0
239,AgentA wins,20.00,0,0,0,0,0,0,0,0,0,0
240,AgentA wins,18.00,0,0,0,0,0,0,0,0,0,0
231,AgentA wins,15.00,0,0,0,0,0,0,0,0,0,0
232,AgentA wins,18.00,0,0,0,0,0,0,0,0,0,0
233,AgentA wins,19.67,0,0,0,0,0,0,0,0,0,0
234,AgentA wins,18.00,0,0,0,0,0,0,0,0,0,0
235,AgentA wins,20.00,0,0,0,0,0,0,0,0,0,0
236,AgentA wins,19.67,0,0,0,0,0,0,0,0,0,0
237,AgentA wins,17.00,0,0,0,0,0,0,0,0,0,0
238,AgentA wins,15.00,0,0,0,0,0,0,0,0,0,0
239,AgentA wins,15.00,0,0,0,0,0,0,0,0,0,0
240,AgentA wins,20.00,0,0,0,0,0,0,0,0,0,0
161,AgentA wins,28.67,0,0,0,0,0,0,0,0,0,0
162,AgentA wins,15.00,0,0,0,0,0,0,0,0,0,0
163,AgentA wins,27.00,0,0,0,0,0,0,0,0,0,0
164,AgentA wins,42.67,0,0,0,0,0,0,0,0,0,0
165,AgentA wins,35.00,0,0,0,0,0,0,0,0,0,0
166,AgentA wins,33.00,0,0,0,0,0,0,0,0,0,0
167,AgentA wins,27.00,0,0,0,0,0,0,0,0,0,0
168,AgentA wins,21.00,0,0,0,0,0,0,0,0,0,0
169,AgentA wins,38.33,0,0,0,0,0,0,0,0,0,0
170,AgentA wins,39.00,0,0,0,0,0,0,0,0,0,0
231,AgentA wins,20.00,0,0,0,0,0,0,0,0,0,0
232,AgentA wins,20.00,0,0,0,0,0,0,0,0,0,0
233,AgentA wins,15.00,0,0,0,0,0,0,0,0,0,0
234,AgentA wins,20.00,0,0,0,0,0,0,0,0,0,0
235,AgentA wins,15.00,0,0,0,0,0,0,0,0,0,0
236,AgentA wins,20.00,0,0,0,0,0,0,0,0,0,0
237,AgentA wins,20.00,0,0,0,0,0,0,0,0,0,0
238,AgentA wins,19.67,0,0,0,0,0,0,0,0,0,0
239,AgentA wins,20.00,0,0,0,0,0,0,0,0,0,0
240,AgentA wins,15.00,0,0,0,0,0,0,0,0,0,0
171,AgentA wins,15.00,133,130,0,86,0,105,0,18,13,36
172,AgentA wins,29.00,261,264,0,153,0,200,0,30,29,66
173,AgentB wins,44.67,397,405,0,237,0,314,0,45,47,97
174,AgentA wins,18.00,165,159,0,93,0,126,0,21,20,44
175,AgentA wins,29.33,268,262,0,163,0,206,0,32,25,69
176,AgentA wins,15.00,132,133,0,88,0,107,0,19,17,32
177,AgentA wins,35.67,321,318,0,198,0,259,0,39,41,69
178,AgentA wins,38.67,349,346,0,200,0,273,0,43,44,98
179,AgentA wins,15.00,137,137,0,86,0,101,0,19,14,35
180,AgentA wins,18.00,161,166,0,98,0,137,0,19,16,28
231,AgentA wins,20.00,0,0,0,0,0,0,0,0,0,0
232,AgentA wins,18.00,0,0,0,0,0,0,0,0,0,0
233,AgentA wins,20.00,0,0,0,0,0,0,0,0,0,0
234,AgentA wins,20.00,0,0,0,0,0,0,0,0,0,0
235,AgentA wins,20.00,0,0,0,0,0,0,0,0,0,0
236,AgentA wins,15.00,0,0,0,0,0,0,0,0,0,0
237,AgentA wins,18.00,0,0,0,0,0,0,0,0,0,0
238,AgentA wins,19.67,0,0,0,0,0,0,0,0,0,0
239,AgentA wins,17.00,0,0,0,0,0,0,0,0,0,0
240,AgentA wins,20.00,0,0,0,0,0,0,0,0,0,0
231,AgentA wins,17.00,0,0,0,0,0,0,0,0,0,0
232,AgentA wins,15.00,0,0,0,0,0,0,0,0,0,0
233,AgentA wins,15.00,0,0,0,0,0,0,0,0,0,0
234,AgentA wins,20.00,0,0,0,0,0,0,0,0,0,0
235,AgentA wins,20.00,0,0,0,0,0,0,0,0,0,0
236,AgentA wins,15.00,0,0,0,0,0,0,0,0,0,0
237,AgentA wins,20.00,0,0,0,0,0,0,0,0,0,0
238,AgentA wins,18.00,0,0,0,0,0,0,0,0,0,0
239,AgentA wins,20.00,0,0,0,0,0,0,0,0,0,0
240,AgentA wins,20.00,0,0,0,0,0,0,0,0,0,0
231,AgentA wins,20.00,0,0,0,0,0,0,0,0,0,0
232,AgentA wins,20.00,0,0,0,0,0,0,0,0,0,0
233,AgentA wins,20.00,0,0,0,0,0,0,0,0,0,0
234,AgentA wins,18.00,0,0,0,0,0,0,0,0,0,0
235,AgentA wins,18.00,0,0,0,0,0,0,0,0,0,0
236,AgentA wins,22.33,0,0,0,0,0,0,0,0,0,0
237,AgentA wins,19.67,0,0,0,0,0,0,0,0,0,0
238,AgentA wins,15.00,0,0,0,0,0,0,0,0,0,0
239,AgentA wins,20.00,0,0,0,0,0,0,0,0,0,0
240,AgentA wins,15.00,0,0,0,0,0,0,0,0,0,0
231,AgentA wins,15.00,0,0,0,0,0,0,0,0,0,0
232,AgentA wins,20.00,0,0,0,0,0,0,0,0,0,0
233,AgentA wins,20.00,0,0,0,0,0,0,0,0,0,0
234,AgentA wins,15.00,0,0,0,0,0,0,0,0,0,0
235,AgentA wins,20.00,0,0,0,0,0,0,0,0,0,0
236,AgentA wins,15.00,0,0,0,0,0,0,0,0,0,0
237,AgentA wins,20.00,0,0,0,0,0,0,0,0,0,0
238,AgentA wins,20.00,0,0,0,0,0,0,0,0,0,0
239,AgentA wins,20.00,0,0,0,0,0,0,0,0,0,0
240,AgentA wins,20.00,0,0,0,0,0,0,0,0,0,0
231,AgentA wins,17.00,0,0,0,0,0,0,0,0,0,0
232,AgentA wins,15.00,0,0,0,0,0,0,0,0,0,0
233,AgentA wins,18.00,0,0,0,0,0,0,0,0,0,0
234,AgentA wins,20.00,0,0,0,0,0,0,0,0,0,0
235,AgentA wins,20.00,0,0,0,0,0,0,0,0,0,0
236,AgentA wins,18.00,0,0,0,0,0,0,0,0,0,0
237,AgentA wins,18.00,0,0,0,0,0,0,0,0,0,0
238,AgentA wins,17.00,0,0,0,0,0,0,0,0,0,0
239,AgentA wins,20.00,0,0,0,0,0,0,0,0,0,0
240,AgentA wins,20.00,0,0,0,0,0,0,0,0,0,0
231,AgentA wins,20.00,0,0,0,0,0,0,0,0,0,0
232,AgentA wins,20.00,0,0,0,0,0,0,0,0,0,0
233,AgentA wins,15.00,0,0,0,0,0,0,0,0,0,0
234,AgentA wins,20.00,0,0,0,0,0,0,0,0,0,0
235,AgentA wins,20.00,0,0,0,0,0,0,0,0,0,0
236,AgentA wins,19.67,0,0,0,0,0,0,0,0,0,0
237,AgentA wins,20.00,0,0,0,0,0,0,0,0,0,0
238,AgentA wins,20.00,0,0,0,0,0,0,0,0,0,0
239,AgentA wins,20.00,0,0,0,0,0,0,0,0,0,0
240,AgentA wins,15.00,0,0,0,0,0,0,0,0,0,0
171,AgentA wins,33.00,0,0,0,0,0,0,0,0,0,0
172,AgentA wins,27.00,0,0,0,0,0,0,0,0,0,0
173,AgentA wins,15.00,0,0,0,0,0,0,0,0,0,0
174,AgentA wins,31.33,0,0,0,0,0,0,0,0,0,0
175,AgentA wins,26.67,0,0,0,0,0,0,0,0,0,0
176,AgentA wins,18.00,0,0,0,0,0,0,0,0,0,0
177,AgentA wins,27.00,0,0,0,0,0,0,0,0,0,0
178,AgentA wins,28.67,0,0,0,0,0,0,0,0,0,0
179,AgentA wins,40.00,0,0,0,0,0,0,0,0,0,0
180,AgentA wins,18.00,0,0,0,0,0,0,0,0,0,0
231,AgentA wins,18.00,0,0,0,0,0,0,0,0,0,0
232,AgentA wins,20.00,0,0,0,0,0,0,0,0,0,0
233,AgentA wins,19.67,0,0,0,0,0,0,0,0,0,0
234,AgentA wins,17.00,0,0,0,0,0,0,0,0,0,0
235,AgentA wins,20.00,0,0,0,0,0,0,0,0,0,0
236,AgentA wins,15.00,0,0,0,0,0,0,0,0,0,0
237,AgentA wins,15.00,0,0,0,0,0,0,0,0,0,0
238,AgentA wins,20.00,0,0,0,0,0,0,0,0,0,0
239,AgentA wins,17.00,0,0,0,0,0,0,0,0,0,0
240,AgentA wins,20.00,0,0,0,0,0,0,0,0,0,0
241,AgentA wins,20.00,0,0,0,0,0,0,0,0,0,0
242,AgentA wins,20.00,0,0,0,0,0,0,0,0,0,0
243,AgentA wins,17.00,0,0,0,0,0,0,0,0,0,0
244,AgentA wins,18.00,0,0,0,0,0,0,0,0,0,0
245,AgentA wins,20.00,0,0,0,0,0,0,0,0,0,0
246,AgentA wins,20.00,0,0,0,0,0,0,0,0,0,0
247,AgentA wins,20.00,0,0,0,0,0,0,0,0,0,0
248,AgentA wins,15.00,0,0,0,0,0,0,0,0,0,0
249,AgentA wins,18.00,0,0,0,0,0,0,0,0,0,0
250,AgentA wins,19.67,0,0,0,0,0,0,0,0,0,0
181,AgentA wins,45.67,0,0,0,0,0,0,0,0,0,0
182,AgentA wins,28.00,0,0,0,0,0,0,0,0,0,0
183,AgentA wins,27.00,0,0,0,0,0,0,0,0,0,0
184,AgentA wins,18.00,0,0,0,0,0,0,0,0,0,0
185,AgentA wins,21.00,0,0,0,0,0,0,0,0,0,0
186,AgentA wins,34.00,0,0,0,0,0,0,0,0,0,0
187,AgentA wins,28.67,0,0,0,0,0,0,0,0,0,0
188,AgentA wins,26.67,0,0,0,0,0,0,0,0,0,0
189,AgentA wins,28.33,0,0,0,0,0,0,0,0,0,0
190,AgentA wins,26.67,0,0,0,0,0,0,0,0,0,0
241,AgentA wins,20.00,0,0,0,0,0,0,0,0,0,0
242,AgentA wins,20.00,0,0,0,0,0,0,0,0,0,0
243,AgentA wins,20.00,0,0,0,0,0,0,0,0,0,0
244,AgentA wins,18.00,0,0,0,0,0,0,0,0,0,0
245,AgentA wins,20.00,0,0,0,0,0,0,0,0,0,0
246,AgentA wins,20.00,0,0,0,0,0,0,0,0,0,0
247,AgentA wins,20.00,0,0,0,0,0,0,0,0,0,0
248,AgentB wins,25.33,0,0,0,0,0,0,0,0,0,0
249,AgentA wins,15.00,0,0,0,0,0,0,0,0,0,0
250,AgentA wins,15.00,0,0,0,0,0,0,0,0,0,0
171,AgentA wins,15.00,0,0,0,0,0,0,0,0,0,0
172,AgentA wins,18.00,0,0,0,0,0,0,0,0,0,0
173,AgentA wins,18.00,0,0,0,0,0,0,0,0,0,0
174,AgentA wins,28.67,0,0,0,0,0,0,0,0,0,0
175,AgentB wins,36.33,0,0,0,0,0,0,0,0,0,0
176,AgentA wins,18.00,0,0,0,0,0,0,0,0,0,0
177,AgentB wins,30.00,0,0,0,0,0,0,0,0,0,0
178,AgentA wins,30.00,0,0,0,0,0,0,0,0,0,0
179,AgentA wins,18.00,0,0,0,0,0,0,0,0,0,0
180,AgentA wins,21.00,0,0,0,0,0,0,0,0,0,0
241,AgentA wins,20.00,0,0,0,0,0,0,0,0,0,0
242,AgentA wins,20.00,0,0,0,0,0,0,0,0,0,0
243,AgentA wins,20.00,0,0,0,0,0,0,0,0,0,0
244,AgentA wins,18.00,0,0,0,0,0,0,0,0,0,0
245,AgentA wins,20.00,0,0,0,0,0,0,0,0,0,0
246,AgentA wins,17.00,0,0,0,0,0,0,0,0,0,0
247,AgentA wins,20.00,0,0,0,0,0,0,0,0,0,0
248,AgentA wins,20.00,0,0,0,0,0,0,0,0,0,0
249,AgentA wins,20.00,0,0,0,0,0,0,0,0,0,0
250,AgentA wins,18.00,0,0,0,0,0,0,0,0,0,0
241,AgentA wins,15.00,0,0,0,0,0,0,0,0,0,0
242,AgentA wins,20.00,0,0,0,0,0,0,0,0,0,0
243,AgentA wins,20.00,0,0,0,0,0,0,0,0,0,0
244,AgentA wins,20.00,0,0,0,0,0,0,0,0,0,0
245,AgentA wins,20.00,0,0,0,0,0,0,0,0,0,0
246,AgentA wins,15.00,0,0,0,0,0,0,0,0,0,0
247,AgentA wins,20.00,0,0,0,0,0,0,0,0,0,0
248,AgentA wins,20.00,0,0,0,0,0,0,0,0,0,0
249,AgentA wins,20.00,0,0,0,0,0,0,0,0,0,0
250,AgentA wins,18.00,0,0,0,0,0,0,0,0,0,0
241,AgentA wins,20.00,0,0,0,0,0,0,0,0,0,0
242,AgentA wins,15.00,0,0,0,0,0,0,0,0,0,0
243,AgentA wins,20.00,0,0,0,0,0,0,0,0,0,0
244,AgentA wins,20.00,0,0,0,0,0,0,0,0,0,0
245,AgentA wins,20.00,0,0,0,0,0,0,0,0,0,0
246,AgentA wins,15.00,0,0,0,0,0,0,0,0,0,0
247,AgentA wins,17.00,0,0,0,0,0,0,0,0,0,0
248,AgentA wins,20.00,0,0,0,0,0,0,0,0,0,0
249,AgentA wins,19.67,0,0,0,0,0,0,0,0,0,0
250,AgentA wins,15.00,0,0,0,0,0,0,0,0,0,0
241,AgentA wins,20.00,0,0,0,0,0,0,0,0,0,0
242,AgentA wins,20.00,0,0,0,0,0,0,0,0,0,0
243,AgentA wins,20.00,0,0,0,0,0,0,0,0,0,0
244,AgentA wins,20.00,0,0,0,0,0,0,0,0,0,0
245,AgentA wins,18.00,0,0,0,0,0,0,0,0,0,0
246,AgentA wins,20.00,0,0,0,0,0,0,0,0,0,0
247,AgentA wins,20.00,0,0,0,0,0,0,0,0,0,0
248,AgentA wins,15.00,0,0,0,0,0,0,0,0,0,0
249,AgentA wins,15.00,0,0,0,0,0,0,0,0,0,0
250,AgentA wins,15.00,0,0,0,0,0,0,0,0,0,0
241,AgentA wins,20.00,0,0,0,0,0,0,0,0,0,0
242,AgentA wins,20.00,0,0,0,0,0,0,0,0,0,0
243,AgentA wins,17.00,0,0,0,0,0,0,0,0,0,0
244,AgentA wins,20.00,0,0,0,0,0,0,0,0,0,0
245,AgentA wins,20.00,0,0,0,0,0,0,0,0,0,0
246,AgentA wins,20.00,0,0,0,0,0,0,0,0,0,0
247,AgentA wins,15.00,0,0,0,0,0,0,0,0,0,0
248,AgentA wins,22.33,0,0,0,0,0,0,0,0,0,0
249,AgentA wins,17.00,0,0,0,0,0,0,0,0,0,0
250,AgentA wins,15.00,0,0,0,0,0,0,0,0,0,0
171,AgentA wins,34.33,0,0,0,0,0,0,0,0,0,0
172,AgentA wins,28.67,0,0,0,0,0,0,0,0,0,0
173,AgentA wins,37.00,0,0,0,0,0,0,0,0,0,0
174,AgentA wins,15.00,0,0,0,0,0,0,0,0,0,0
175,AgentA wins,46.33,0,0,0,0,0,0,0,0,0,0
176,AgentA wins,15.00,0,0,0,0,0,0,0,0,0,0
177,AgentA wins,27.00,0,0,0,0,0,0,0,0,0,0
178,AgentA wins,41.00,0,0,0,0,0,0,0,0,0,0
179,AgentA wins,36.00,0,0,0,0,0,0,0,0,0,0
180,AgentA wins,23.00,0,0,0,0,0,0,0,0,0,0
171,AgentB wins,33.00,0,0,0,0,0,0,0,0,0,0
172,AgentA wins,34.00,0,0,0,0,0,0,0,0,0,0
173,AgentA wins,21.00,0,0,0,0,0,0,0,0,0,0
174,AgentA wins,18.00,0,0,0,0,0,0,0,0,0,0
175,AgentB wins,34.33,0,0,0,0,0,0,0,0,0,0
176,AgentA wins,26.67,0,0,0,0,0,0,0,0,0,0
177,AgentB wins,33.67,0,0,0,0,0,0,0,0,0,0
178,AgentA wins,26.67,0,0,0,0,0,0,0,0,0,0
179,AgentA wins,21.00,0,0,0,0,0,0,0,0,0,0
180,AgentA wins,15.00,0,0,0,0,0,0,0,0,0,0
241,AgentA wins,20.00,0,0,0,0,0,0,0,0,0,0
242,AgentA wins,18.00,0,0,0,0,0,0,0,0,0,0
243,AgentA wins,15.00,0,0,0,0,0,0,0,0,0,0
244,AgentA wins,18.00,0,0,0,0,0,0,0,0,0,0
245,AgentA wins,15.00,0,0,0,0,0,0,0,0,0,0
246,AgentA wins,20.00,0,0,0,0,0,0,0,0,0,0
247,AgentA wins,15.00,0,0,0,0,0,0,0,0,0,0
248,AgentA wins,19.67,0,0,0,0,0,0,0,0,0,0
249,AgentA wins,15.00,0,0,0,0,0,0,0,0,0,0
250,AgentA wins,20.00,0,0,0,0,0,0,0,0,0,0
241,AgentA wins,20.00,0,0,0,0,0,0,0,0,0,0
242,AgentA wins,18.00,0,0,0,0,0,0,0,0,0,0
243,AgentA wins,18.00,0,0,0,0,0,0,0,0,0,0
244,AgentA wins,20.00,0,0,0,0,0,0,0,0,0,0
245,AgentA wins,19.67,0,0,0,0,0,0,0,0,0,0
246,AgentA wins,20.00,0,0,0,0,0,0,0,0,0,0
247,AgentA wins,20.00,0,0,0,0,0,0,0,0,0,0
248,AgentA wins,15.00,0,0,0,0,0,0,0,0,0,0
249,AgentA wins,20.00,0,0,0,0,0,0,0,0,0,0
250,AgentA wins,18.00,0,0,0,0,0,0,0,0,0,0
171,AgentB wins,37.00,0,0,0,0,0,0,0,0,0,0
172,AgentA wins,43.00,0,0,0,0,0,0,0,0,0,0
173,AgentA wins,26.00,0,0,0,0,0,0,0,0,0,0
174,AgentA wins,41.00,0,0,0,0,0,0,0,0,0,0
175,AgentA wins,26.00,0,0,0,0,0,0,0,0,0,0
176,AgentA wins,15.00,0,0,0,0,0,0,0,0,0,0
177,AgentA wins,29.00,0,0,0,0,0,0,0,0,0,0
178,AgentA wins,21.00,0,0,0,0,0,0,0,0,0,0
179,AgentA wins,18.00,0,0,0,0,0,0,0,0,0,0
180,AgentA wins,15.00,0,0,0,0,0,0,0,0,0,0
241,AgentA wins,20.00,0,0,0,0,0,0,0,0,0,0
242,AgentA wins,18.00,0,0,0,0,0,0,0,0,0,0
243,AgentA wins,15.00,0,0,0,0,0,0,0,0,0,0
244,AgentA wins,20.00,0,0,0,0,0,0,0,0,0,0
245,AgentA wins,20.00,0,0,0,0,0,0,0,0,0,0
246,AgentA wins,17.00,0,0,0,0,0,0,0,0,0,0
247,AgentA wins,19.67,0,0,0,0,0,0,0,0,0,0
248,AgentA wins,15.00,0,0,0,0,0,0,0,0,0,0
249,AgentA wins,18.00,0,0,0,0,0,0,0,0,0,0
250,AgentA wins,15.00,0,0,0,0,0,0,0,0,0,0
181,AgentA wins,24.00,0,0,0,0,0,0,0,0,0,0
182,AgentA wins,15.00,0,0,0,0,0,0,0,0,0,0
183,AgentA wins,36.00,0,0,0,0,0,0,0,0,0,0
184,AgentA wins,23.00,0,0,0,0,0,0,0,0,0,0
185,AgentA wins,36.67,0,0,0,0,0,0,0,0,0,0
186,AgentA wins,28.67,0,0,0,0,0,0,0,0,0,0
187,AgentA wins,15.00,0,0,0,0,0,0,0,0,0,0
188,AgentA wins,40.67,0,0,0,0,0,0,0,0,0,0
189,AgentA wins,18.00,0,0,0,0,0,0,0,0,0,0
190,AgentA wins,24.33,0,0,0,0,0,0,0,0,0,0
241,AgentA wins,20.00,0,0,0,0,0,0,0,0,0,0
242,AgentA wins,20.00,0,0,0,0,0,0,0,0,0,0
243,AgentA wins,18.00,0,0,0,0,0,0,0,0,0,0
244,AgentA wins,15.00,0,0,0,0,0,0,0,0,0,0
245,AgentA wins,17.00,0,0,0,0,0,0,0,0,0,0
246,AgentA wins,17.00,0,0,0,0,0,0,0,0,0,0
247,AgentA wins,20.00,0,0,0,0,0,0,0,0,0,0
248,AgentA wins,17.00,0,0,0,0,0,0,0,0,0,0
249,AgentA wins,20.00,0,0,0,0,0,0,0,0,0,0
250,AgentA wins,19.67,0,0,0,0,0,0,0,0,0,0
171,AgentA wins,41.67,0,0,0,0,0,0,0,0,0,0
172,AgentA wins,15.00,0,0,0,0,0,0,0,0,0,0
173,AgentA wins,24.00,0,0,0,0,0,0,0,0,0,0
174,AgentA wins,38.67,0,0,0,0,0,0,0,0,0,0
175,AgentA wins,18.00,0,0,0,0,0,0,0,0,0,0
176,AgentA wins,36.00,0,0,0,0,0,0,0,0,0,0
177,AgentA wins,22.67,0,0,0,0,0,0,0,0,0,0
178,AgentA wins,26.67,0,0,0,0,0,0,0,0,0,0
179,AgentA wins,27.00,0,0,0,0,0,0,0,0,0,0
180,AgentA wins,35.67,0,0,0,0,0,0,0,0,0,0
241,AgentA wins,15.00,0,0,0,0,0,0,0,0,0,0
242,AgentA wins,19.67,0,0,0,0,0,0,0,0,0,0
243,AgentA wins,20.00,0,0,0,0,0,0,0,0,0,0
244,AgentA wins,20.00,0,0,0,0,0,0,0,0,0,0
245,AgentA wins,17.00,0,0,0,0,0,0,0,0,0,0
246,AgentA wins,20.00,0,0,0,0,0,0,0,0,0,0
247,AgentA wins,15.00,0,0,0,0,0,0,0,0,0,0
248,AgentA wins,15.00,0,0,0,0,0,0,0,0,0,0
249,AgentA wins,15.00,0,0,0,0,0,0,0,0,0,0
250,AgentA wins,20.00,0,0,0,0,0,0,0,0,0,0
241,AgentA wins,20.00,0,0,0,0,0,0,0,0,0,0
242,AgentA wins,20.00,0,0,0,0,0,0,0,0,0,0
243,AgentA wins,20.00,0,0,0,0,0,0,0,0,0,0
244,AgentA wins,20.00,0,0,0,0,0,0,0,0,0,0
245,AgentA wins,20.00,0,0,0,0,0,0,0,0,0,0
246,AgentA wins,17.00,0,0,0,0,0,0,0,0,0,0
247,AgentA wins,20.00,0,0,0,0,0,0,0,0,0,0
248,AgentA wins,20.00,0,0,0,0,0,0,0,0,0,0
249,AgentA wins,17.00,0,0,0,0,0,0,0,0,0,0
250,AgentA wins,19.67,0,0,0,0,0,0,0,0,0,0
241,AgentA wins,20.00,0,0,0,0,0,0,0,0,0,0
242,AgentA wins,20.00,0,0,0,0,0,0,0,0,0,0
243,AgentA wins,20.00,0,0,0,0,0,0,0,0,0,0
244,AgentA wins,20.00,0,0,0,0,0,0,0,0,0,0
245,AgentA wins,15.00,0,0,0,0,0,0,0,0,0,0
246,AgentA wins,20.00,0,0,0,0,0,0,0,0,0,0
247,AgentA wins,19.67,0,0,0,0,0,0,0,0,0,0
248,AgentA wins,20.00,0,0,0,0,0,0,0,0,0,0
249,AgentA wins,17.00,0,0,0,0,0,0,0,0,0,0
250,AgentA wins,19.67,0,0,0,0,0,0,0,0,0,0
241,AgentA wins,17.00,0,0,0,0,0,0,0,0,0,0
242,AgentA wins,20.00,0,0,0,0,0,0,0,0,0,0
243,AgentA wins,19.67,0,0,0,0,0,0,0,0,0,0
244,AgentA wins,20.00,0,0,0,0,0,0,0,0,0,0
245,AgentA wins,20.00,0,0,0,0,0,0,0,0,0,0
246,AgentA wins,20.00,0,0,0,0,0,0,0,0,0,0
247,AgentA wins,19.67,0,0,0,0,0,0,0,0,0,0
248,AgentA wins,15.00,0,0,0,0,0,0,0,0,0,0
249,AgentA wins,19.67,0,0,0,0,0,0,0,0,0,0
250,AgentA wins,20.00,0,0,0,0,0,0,0,0,0,0
171,AgentA wins,24.00,0,0,0,0,0,0,0,0,0,0
172,AgentA wins,30.00,0,0,0,0,0,0,0,0,0,0
173,AgentB wins,39.67,0,0,0,0,0,0,0,0,0,0
174,AgentA wins,37.00,0,0,0,0,0,0,0,0,0,0
175,AgentA wins,35.67,0,0,0,0,0,0,0,0,0,0
176,AgentA wins,18.00,0,0,0,0,0,0,0,0,0,0
177,AgentA wins,15.00,0,0,0,0,0,0,0,0,0,0
178,AgentA wins,15.67,0,0,0,0,0,0,0,0,0,0
179,AgentA wins,33.33,0,0,0,0,0,0,0,0,0,0
180,AgentA wins,18.00,0,0,0,0,0,0,0,0,0,0
181,AgentA wins,31.00,282,281,0,160,0,233,0,28,41,66
182,AgentA wins,35.00,316,316,0,182,0,253,0,37,36,77
183,AgentA wins,40.33,367,362,1,206,0,282,0,45,55,75
184,AgentA wins,51.00,462,458,0,277,0,354,0,58,52,100
185,AgentA wins,24.00,218,217,0,143,0,168,0,28,21,67
186,AgentA wins,21.67,195,196,0,124,0,153,0,24,19,43
187,AgentA wins,18.67,167,170,0,104,0,143,0,18,22,29
188,AgentA wins,24.00,216,219,0,129,0,172,0,27,23,52
189,AgentA wins,18.00,160,162,0,110,0,118,0,24,6,52
190,AgentA wins,26.33,241,237,0,147,0,180,0,27,24,59
251,AgentA wins,15.00,0,0,0,0,0,0,0,0,0,0
252,AgentA wins,20.00,0,0,0,0,0,0,0,0,0,0
253,AgentA wins,15.00,0,0,0,0,0,0,0,0,0,0
254,AgentA wins,18.00,0,0,0,0,0,0,0,0,0,0
255,AgentA wins,20.00,0,0,0,0,0,0,0,0,0,0
256,AgentA wins,18.00,0,0,0,0,0,0,0,0,0,0
257,AgentA wins,20.00,0,0,0,0,0,0,0,0,0,0
258,AgentA wins,18.00,0,0,0,0,0,0,0,0,0,0
259,AgentA wins,17.00,0,0,0,0,0,0,0,0,0,0
260,AgentA wins,20.00,0,0,0,0,0,0,0,0,0,0
251,AgentA wins,17.00,0,0,0,0,0,0,0,0,0,0
252,AgentA wins,17.00,0,0,0,0,0,0,0,0,0,0
253,AgentA wins,20.00,0,0,0,0,0,0,0,0,0,0
254,AgentA wins,22.33,0,0,0,0,0,0,0,0,0,0
255,AgentA wins,15.00,0,0,0,0,0,0,0,0,0,0
256,AgentA wins,20.00,0,0,0,0,0,0,0,0,0,0
257,AgentA wins,15.00,0,0,0,0,0,0,0,0,0,0
258,AgentA wins,15.00,0,0,0,0,0,0,0,0,0,0
259,AgentA wins,15.00,0,0,0,0,0,0,0,0,0,0
260,AgentA wins,20.00,0,0,0,0,0,0,0,0,0,0
181,AgentA wins,30.00,0,0,0,0,0,0,0,0,0,0
182,AgentA wins,24.00,0,0,0,0,0,0,0,0,0,0
183,AgentA wins,15.00,0,0,0,0,0,0,0,0,0,0
184,AgentA wins,15.00,0,0,0,0,0,0,0,0,0,0
185,AgentA wins,47.00,0,0,0,0,0,0,0,0,0,0
186,AgentA wins,18.00,0,0,0,0,0,0,0,0,0,0
187,AgentA wins,38.33,0,0,0,0,0,0,0,0,0,0
188,AgentA wins,42.00,0,0,0,0,0,0,0,0,0,0
189,AgentA wins,27.00,0,0,0,0,0,0,0,0,0,0
190,AgentA wins,24.00,0,0,0,0,0,0,0,0,0,0
251,AgentA wins,15.00,0,0,0,0,0,0,0,0,0,0
252,AgentA wins,20.00,0,0,0,0,0,0,0,0,0,0
253,AgentA wins,20.00,0,0,0,0,0,0,0,0,0,0
254,AgentA wins,15.00,0,0,0,0,0,0,0,0,0,0
255,AgentA wins,20.00,0,0,0,0,0,0,0,0,0,0
256,AgentA wins,18.00,0,0,0,0,0,0,0,0,0,0
257,AgentA wins,20.00,0,0,0,0,0,0,0,0,0,0
258,AgentA wins,18.00,0,0,0,0,0,0,0,0,0,0
259,AgentA wins,20.00,0,0,0,0,0,0,0,0,0,0
260,AgentA wins,20.00,0,0,0,0,0,0,0,0,0,0
251,AgentA wins,20.00,0,0,0,0,0,0,0,0,0,0
252,AgentA wins,20.00,0,0,0,0,0,0,0,0,0,0
253,AgentA wins,20.00,0,0,0,0,0,0,0,0,0,0
254,AgentA wins,20.00,0,0,0,0,0,0,0,0,0,0
255,AgentA wins,18.00,0,0,0,0,0,0,0,0,0,0
256,AgentA wins,15.00,0,0,0,0,0,0,0,0,0,0
257,AgentA wins,19.67,0,0,0,0,0,0,0,0,0,0
258,AgentA wins,15.00,0,0,0,0,0,0,0,0,0,0
259,AgentA wins,20.00,0,0,0,0,0,0,0,0,0,0
260,AgentA wins,15.00,0,0,0,0,0,0,0,0,0,0
251,AgentA wins,20.00,0,0,0,0,0,0,0,0,0,0
252,AgentA wins,20.00,0,0,0,0,0,0,0,0,0,0
253,AgentA wins,18.00,0,0,0,0,0,0,0,0,0,0
254,AgentA wins,20.00,0,0,0,0,0,0,0,0,0,0
255,AgentA wins,18.00,0,0,0,0,0,0,0,0,0,0
256,AgentA wins,18.00,0,0,0,0,0,0,0,0,0,0
257,AgentA wins,17.00,0,0,0,0,0,0,0,0,0,0
258,AgentA wins,20.00,0,0,0,0,0,0,0,0,0,0
259,AgentA wins,20.00,0,0,0,0,0,0,0,0,0,0
260,AgentA wins,18.00,0,0,0,0,0,0,0,0,0,0
251,AgentA wins,20.00,0,0,0,0,0,0,0,0,0,0
252,AgentA wins,20.00,0,0,0,0,0,0,0,0,0,0
253,AgentA wins,18.00,0,0,0,0,0,0,0,0,0,0
254,AgentA wins,20.00,0,0,0,0,0,0,0,0,0,0
255,AgentA wins,20.00,0,0,0,0,0,0,0,0,0,0
256,AgentA wins,15.00,0,0,0,0,0,0,0,0,0,0
257,AgentA wins,18.00,0,0,0,0,0,0,0,0,0,0
258,AgentA wins,20.00,0,0,0,0,0,0,0,0,0,0
259,AgentA wins,19.67,0,0,0,0,0,0,0,0,0,0
260,AgentA wins,15.00,0,0,0,0,0,0,0,0,0,0
251,AgentA wins,20.00,0,0,0,0,0,0,0,0,0,0
252,AgentA wins,20.00,0,0,0,0,0,0,0,0,0,0
253,AgentA wins,20.00,0,0,0,0,0,0,0,0,0,0
254,AgentA wins,18.00,0,0,0,0,0,0,0,0,0,0
255,AgentA wins,15.00,0,0,0,0,0,0,0,0,0,0
256,AgentA wins,20.00,0,0,0,0,0,0,0,0,0,0
257,AgentA wins,20.00,0,0,0,0,0,0,0,0,0,0
258,AgentA wins,18.00,0,0,0,0,0,0,0,0,0,0
259,AgentA wins,19.67,0,0,0,0,0,0,0,0,0,0
260,AgentA wins,20.00,0,0,0,0,0,0,0,0,0,0
181,AgentA wins,25.67,0,0,0,0,0,0,0,0,0,0
182,AgentA wins,15.00,0,0,0,0,0,0,0,0,0,0
183,AgentA wins,29.00,0,0,0,0,0,0,0,0,0,0
184,AgentA wins,15.00,0,0,0,0,0,0,0,0,0,0
185,AgentA wins,21.00,0,0,0,0,0,0,0,0,0,0
186,AgentA wins,15.00,0,0,0,0,0,0,0,0,0,0
187,AgentA wins,28.33,0,0,0,0,0,0,0,0,0,0
188,AgentA wins,18.00,0,0,0,0,0,0,0,0,0,0
189,AgentA wins,15.00,0,0,0,0,0,0,0,0,0,0
190,AgentB wins,31.00,0,0,0,0,0,0,0,0,0,0
251,AgentA wins,15.00,0,0,0,0,0,0,0,0,0,0
252,AgentA wins,20.00,0,0,0,0,0,0,0,0,0,0
253,AgentA wins,20.00,0,0,0,0,0,0,0,0,0,0
254,AgentA wins,15.00,0,0,0,0,0,0,0,0,0,0
255,AgentA wins,17.00,0,0,0,0,0,0,0,0,0,0
256,AgentA wins,15.00,0,0,0,0,0,0,0,0,0,0
257,AgentA wins,20.00,0,0,0,0,0,0,0,0,0,0
258,AgentA wins,20.00,0,0,0,0,0,0,0,0,0,0
259,AgentA wins,19.67,0,0,0,0,0,0,0,0,0,0
260,AgentA wins,17.00,0,0,0,0,0,0,0,0,0,0
191,AgentA wins,15.00,0,0,0,0,0,0,0,0,0,0
192,AgentA wins,36.00,0,0,0,0,0,0,0,0,0,0
193,AgentA wins,33.00,0,0,0,0,0,0,0,0,0,0
194,AgentA wins,15.00,0,0,0,0,0,0,0,0,0,0
195,AgentA wins,15.00,0,0,0,0,0,0,0,0,0,0
196,AgentA wins,18.67,0,0,0,0,0,0,0,0,0,0
197,AgentA wins,21.33,0,0,0,0,0,0,0,0,0,0
198,AgentA wins,34.00,0,0,0,0,0,0,0,0,0,0
199,AgentA wins,15.00,0,0,0,0,0,0,0,0,0,0
200,AgentA wins,43.00,0,0,0,0,0,0,0,0,0,0
251,AgentA wins,20.00,0,0,0,0,0,0,0,0,0,0
252,AgentA wins,22.33,0,0,0,0,0,0,0,0,0,0
253,AgentA wins,19.67,0,0,0,0,0,0,0,0,0,0
254,AgentA wins,15.00,0,0,0,0,0,0,0,0,0,0
255,AgentA wins,20.00,0,0,0,0,0,0,0,0,0,0
256,AgentA wins,20.00,0,0,0,0,0,0,0,0,0,0
257,AgentA wins,20.00,0,0,0,0,0,0,0,0,0,0
258,AgentA wins,18.00,0,0,0,0,0,0,0,0,0,0
259,AgentA wins,19.67,0,0,0,0,0,0,0,0,0,0
260,AgentA wins,18.00,0,0,0,0,0,0,0,0,0,0
251,AgentA wins,20.00,0,0,0,0,0,0,0,0,0,0
252,AgentA wins,15.00,0,0,0,0,0,0,0,0,0,0
253,AgentA wins,15.00,0,0,0,0,0,0,0,0,0,0
254,AgentA wins,15.00,0,0,0,0,0,0,0,0,0,0
255,AgentA wins,20.00,0,0,0,0,0,0,0,0,0,0
256,AgentA wins,15.00,0,0,0,0,0,0,0,0,0,0
257,AgentA wins,17.00,0,0,0,0,0,0,0,0,0,0
258,AgentA wins,18.00,0,0,0,0,0,0,0,0,0,0
259,AgentA wins,20.00,0,0,0,0,0,0,0,0,0,0
260,AgentA wins,17.00,0,0,0,0,0,0,0,0,0,0
251,AgentA wins,20.00,0,0,0,0,0,0,0,0,0,0
252,AgentA wins,22.33,0,0,0,0,0,0,0,0,0,0
253,AgentA wins,19.67,0,0,0,0,0,0,0,0,0,0
254,AgentA wins,18.00,0,0,0,0,0,0,0,0,0,0
255,AgentA wins,18.00,0,0,0,0,0,0,0,0,0,0
256,AgentA wins,15.00,0,0,0,0,0,0,0,0,0,0
257,AgentA wins,20.00,0,0,0,0,0,0,0,0,0,0
258,AgentA wins,19.67,0,0,0,0,0,0,0,0,0,0
259,AgentA wins,15.00,0,0,0,0,0,0,0,0,0,0
260,AgentA wins,18.00,0,0,0,0,0,0,0,0,0,0
251,AgentA wins,15.00,0,0,0,0,0,0,0,0,0,0
252,AgentA wins,18.00,0,0,0,0,0,0,0,0,0,0
253,AgentA wins,18.00,0,0,0,0,0,0,0,0,0,0
254,AgentA wins,15.00,0,0,0,0,0,0,0,0,0,0
255,AgentA wins,20.00,0,0,0,0,0,0,0,0,0,0
256,AgentA wins,20.00,0,0,0,0,0,0,0,0,0,0
257,AgentA wins,15.00,0,0,0,0,0,0,0,0,0,0
258,AgentA wins,20.00,0,0,0,0,0,0,0,0,0,0
259,AgentA wins,15.00,0,0,0,0,0,0,0,0,0,0
260,AgentA wins,19.67,0,0,0,0,0,0,0,0,0,0
251,AgentA wins,20.00,0,0,0,0,0,0,0,0,0,0
252,AgentA wins,20.00,0,0,0,0,0,0,0,0,0,0
253,AgentA wins,20.00,0,0,0,0,0,0,0,0,0,0
254,AgentA wins,18.00,0,0,0,0,0,0,0,0,0,0
255,AgentA wins,20.00,0,0,0,0,0,0,0,0,0,0
256,AgentA wins,20.00,0,0,0,0,0,0,0,0,0,0
257,AgentA wins,18.00,0,0,0,0,0,0,0,0,0,0
258,AgentA wins,20.00,0,0,0,0,0,0,0,0,0,0
259,AgentA wins,15.00,0,0,0,0,0,0,0,0,0,0
260,AgentA wins,20.00,0,0,0,0,0,0,0,0,0,0
251,AgentA wins,20.00,0,0,0,0,0,0,0,0,0,0
252,AgentA wins,18.00,0,0,0,0,0,0,0,0,0,0
253,AgentA wins,17.00,0,0,0,0,0,0,0,0,0,0
254,AgentA wins,15.00,0,0,0,0,0,0,0,0,0,0
255,AgentA wins,20.00,0,0,0,0,0,0,0,0,0,0
256,AgentA wins,20.00,0,0,0,0,0,0,0,0,0,0
257,AgentA wins,17.00,0,0,0,0,0,0,0,0,0,0
258,AgentA wins,20.00,0,0,0,0,0,0,0,0,0,0
259,AgentA wins,17.00,0,0,0,0,0,0,0,0,0,0
260,AgentA wins,20.00,0,0,0,0,0,0,0,0,0,0
181,AgentA wins,15.00,0,0,0,0,0,0,0,0,0,0
182,AgentA wins,15.00,0,0,0,0,0,0,0,0,0,0
183,AgentA wins,15.00,0,0,0,0,0,0,0,0,0,0
184,AgentA wins,32.33,0,0,0,0,0,0,0,0,0,0
185,AgentA wins,15.00,0,0,0,0,0,0,0,0,0,0
186,AgentA wins,26.67,0,0,0,0,0,0,0,0,0,0
187,AgentB wins,42.33,0,0,0,0,0,0,0,0,0,0
188,AgentA wins,26.33,0,0,0,0,0,0,0,0,0,0
189,AgentA wins,33.00,0,0,0,0,0,0,0,0,0,0
190,AgentA wins,18.00,0,0,0,0,0,0,0,0,0,0
181,AgentA wins,27.00,0,0,0,0,0,0,0,0,0,0
182,AgentA wins,27.00,0,0,0,0,0,0,0,0,0,0
183,AgentA wins,23.33,0,0,0,0,0,0,0,0,0,0
184,AgentB wins,25.67,0,0,0,0,0,0,0,0,0,0
185,AgentA wins,39.67,0,0,0,0,0,0,0,0,0,0
186,AgentA wins,15.00,0,0,0,0,0,0,0,0,0,0
187,AgentA wins,15.00,0,0,0,0,0,0,0,0,0,0
188,AgentA wins,21.00,0,0,0,0,0,0,0,0,0,0
189,AgentA wins,15.00,0,0,0,0,0,0,0,0,0,0
190,AgentA wins,15.00,0,0,0,0,0,0,0,0,0,0
181,AgentA wins,15.00,0,0,0,0,0,0,0,0,0,0
182,AgentA wins,30.00,0,0,0,0,0,0,0,0,0,0
183,AgentA wins,31.67,0,0,0,0,0,0,0,0,0,0
184,AgentA wins,32.67,0,0,0,0,0,0,0,0,0,0
185,AgentB wins,36.00,0,0,0,0,0,0,0,0,0,0
186,AgentA wins,26.00,0,0,0,0,0,0,0,0,0,0
187,AgentA wins,30.00,0,0,0,0,0,0,0,0,0,0
188,AgentA wins,18.67,0,0,0,0,0,0,0,0,0,0
189,AgentA wins,18.00,0,0,0,0,0,0,0,0,0,0
190,AgentA wins,20.67,0,0,0,0,0,0,0,0,0,0
251,AgentA wins,20.00,0,0,0,0,0,0,0,0,0,0
252,AgentA wins,20.00,0,0,0,0,0,0,0,0,0,0
253,AgentA wins,20.00,0,0,0,0,0,0,0,0,0,0
254,AgentA wins,20.00,0,0,0,0,0,0,0,0,0,0
255,AgentA wins,15.00,0,0,0,0,0,0,0,0,0,0
256,AgentA wins,20.00,0,0,0,0,0,0,0,0,0,0
257,AgentA wins,15.00,0,0,0,0,0,0,0,0,0,0
258,AgentA wins,20.00,0,0,0,0,0,0,0,0,0,0
259,AgentA wins,20.00,0,0,0,0,0,0,0,0,0,0
260,AgentA wins,17.00,0,0,0,0,0,0,0,0,0,0
181,AgentA wins,35.67,0,0,0,0,0,0,0,0,0,0
182,AgentA wins,21.00,0,0,0,0,0,0,0,0,0,0
183,AgentA wins,25.67,0,0,0,0,0,0,0,0,0,0
184,AgentA wins,26.33,0,0,0,0,0,0,0,0,0,0
185,AgentA wins,20.33,0,0,0,0,0,0,0,0,0,0
186,AgentA wins,18.00,0,0,0,0,0,0,0,0,0,0
187,AgentA wins,33.00,0,0,0,0,0,0,0,0,0,0
188,AgentA wins,27.00,0,0,0,0,0,0,0,0,0,0
189,AgentA wins,27.00,0,0,0,0,0,0,0,0,0,0
190,AgentA wins,23.00,0,0,0,0,0,0,0,0,0,0
191,AgentA wins,18.67,0,0,0,0,0,0,0,0,0,0
192,AgentB wins,27.00,0,0,0,0,0,0,0,0,0,0
193,AgentA wins,21.00,0,0,0,0,0,0,0,0,0,0
194,timeout draw,60.00,0,0,0,0,0,0,0,0,0,0
195,AgentA wins,27.00,0,0,0,0,0,0,0,0,0,0
196,AgentA wins,37.00,0,0,0,0,0,0,0,0,0,0
197,AgentA wins,29.00,0,0,0,0,0,0,0,0,0,0
198,AgentB wins,25.00,0,0,0,0,0,0,0,0,0,0
199,AgentA wins,15.00,0,0,0,0,0,0,0,0,0,0
200,AgentA wins,15.00,0,0,0,0,0,0,0,0,0,0
181,AgentA wins,15.00,0,0,0,0,0,0,0,0,0,0
182,AgentA wins,26.00,0,0,0,0,0,0,0,0,0,0
183,AgentA wins,15.00,0,0,0,0,0,0,0,0,0,0
184,AgentA wins,25.67,0,0,0,0,0,0,0,0,0,0
185,AgentA wins,18.00,0,0,0,0,0,0,0,0,0,0
186,AgentA wins,18.00,0,0,0,0,0,0,0,0,0,0
187,AgentA wins,26.00,0,0,0,0,0,0,0,0,0,0
188,AgentB wins,28.33,0,0,0,0,0,0,0,0,0,0
189,AgentA wins,21.00,0,0,0,0,0,0,0,0,0,0
190,AgentA wins,38.00,0,0,0,0,0,0,0,0,0,0
261,AgentA wins,17.00,0,0,0,0,0,0,0,0,0,0
262,AgentA wins,20.00,0,0,0,0,0,0,0,0,0,0
263,AgentA wins,17.00,0,0,0,0,0,0,0,0,0,0
264,AgentA wins,15.00,0,0,0,0,0,0,0,0,0,0
265,AgentA wins,19.67,0,0,0,0,0,0,0,0,0,0
266,AgentA wins,15.00,0,0,0,0,0,0,0,0,0,0
267,AgentA wins,20.00,0,0,0,0,0,0,0,0,0,0
268,AgentA wins,20.00,0,0,0,0,0,0,0,0,0,0
269,AgentA wins,20.00,0,0,0,0,0,0,0,0,0,0
270,AgentA wins,17.00,0,0,0,0,0,0,0,0,0,0
261,AgentA wins,20.00,0,0,0,0,0,0,0,0,0,0
262,AgentA wins,20.00,0,0,0,0,0,0,0,0,0,0
263,AgentA wins,20.00,0,0,0,0,0,0,0,0,0,0
264,AgentA wins,20.00,0,0,0,0,0,0,0,0,0,0
265,AgentA wins,20.00,0,0,0,0,0,0,0,0,0,0
266,AgentA wins,20.00,0,0,0,0,0,0,0,0,0,0
267,AgentA wins,19.67,0,0,0,0,0,0,0,0,0,0
268,AgentA wins,15.00,0,0,0,0,0,0,0,0,0,0
269,AgentA wins,15.00,0,0,0,0,0,0,0,0,0,0
270,AgentA wins,20.00,0,0,0,0,0,0,0,0,0,0
261,AgentA wins,18.00,0,0,0,0,0,0,0,0,0,0
262,AgentA wins,18.00,0,0,0,0,0,0,0,0,0,0
263,AgentA wins,15.00,0,0,0,0,0,0,0,0,0,0
264,AgentA wins,19.67,0,0,0,0,0,0,0,0,0,0
265,AgentA wins,18.00,0,0,0,0,0,0,0,0,0,0
266,AgentA wins,15.00,0,0,0,0,0,0,0,0,0,0
267,AgentA wins,18.00,0,0,0,0,0,0,0,0,0,0
268,AgentA wins,18.00,0,0,0,0,0,0,0,0,0,0
269,AgentA wins,18.00,0,0,0,0,0,0,0,0,0,0
270,AgentA wins,20.00,0,0,0,0,0,0,0,0,0,0
261,AgentA wins,19.67,0,0,0,0,0,0,0,0,0,0
262,AgentA wins,15.00,0,0,0,0,0,0,0,0,0,0
263,AgentA wins,15.00,0,0,0,0,0,0,0,0,0,0
264,AgentA wins,18.00,0,0,0,0,0,0,0,0,0,0
265,AgentA wins,15.00,0,0,0,0,0,0,0,0,0,0
266,AgentA wins,18.00,0,0,0,0,0,0,0,0,0,0
267,AgentA wins,15.00,0,0,0,0,0,0,0,0,0,0
268,AgentA wins,18.00,0,0,0,0,0,0,0,0,0,0
269,AgentA wins,20.00,0,0,0,0,0,0,0,0,0,0
270,AgentA wins,20.00,0,0,0,0,0,0,0,0,0,0
261,AgentA wins,18.00,0,0,0,0,0,0,0,0,0,0
262,AgentA wins,15.00,0,0,0,0,0,0,0,0,0,0
263,AgentA wins,20.00,0,0,0,0,0,0,0,0,0,0
264,AgentA wins,19.67,0,0,0,0,0,0,0,0,0,0
265,AgentA wins,19.67,0,0,0,0,0,0,0,0,0,0
266,AgentA wins,20.00,0,0,0,0,0,0,0,0,0,0
267,AgentA wins,20.00,0,0,0,0,0,0,0,0,0,0
268,AgentA wins,15.00,0,0,0,0,0,0,0,0,0,0
269,AgentA wins,20.00,0,0,0,0,0,0,0,0,0,0
270,AgentA wins,20.00,0,0,0,0,0,0,0,0,0,0
261,AgentA wins,17.00,0,0,0,0,0,0,0,0,0,0
262,AgentA wins,20.00,0,0,0,0,0,0,0,0,0,0
263,AgentA wins,20.00,0,0,0,0,0,0,0,0,0,0
264,AgentA wins,15.00,0,0,0,0,0,0,0,0,0,0
265,AgentA wins,17.00,0,0,0,0,0,0,0,0,0,0
266,AgentA wins,17.00,0,0,0,0,0,0,0,0,0,0
267,AgentA wins,20.00,0,0,0,0,0,0,0,0,0,0
268,AgentA wins,15.00,0,0,0,0,0,0,0,0,0,0
269,AgentA wins,15.00,0,0,0,0,0,0,0,0,0,0
270,AgentA wins,15.00,0,0,0,0,0,0,0,0,0,0
261,AgentA wins,17.00,0,0,0,0,0,0,0,0,0,0
262,AgentA wins,19.67,0,0,0,0,0,0,0,0,0,0
263,AgentA wins,17.00,0,0,0,0,0,0,0,0,0,0
264,AgentA wins,20.00,0,0,0,0,0,0,0,0,0,0
265,AgentA wins,17.00,0,0,0,0,0,0,0,0,0,0
266,AgentA wins,20.00,0,0,0,0,0,0,0,0,0,0
267,AgentA wins,19.67,0,0,0,0,0,0,0,0,0,0
268,AgentA wins,18.00,0,0,0,0,0,0,0,0,0,0
269,AgentA wins,20.00,0,0,0,0,0,0,0,0,0,0
270,AgentA wins,18.00,0,0,0,0,0,0,0,0,0,0
261,AgentA wins,17.00,0,0,0,0,0,0,0,0,0,0
262,AgentA wins,20.00,0,0,0,0,0,0,0,0,0,0
263,AgentA wins,15.00,0,0,0,0,0,0,0,0,0,0
264,AgentA wins,19.67,0,0,0,0,0,0,0,0,0,0
265,AgentA wins,20.00,0,0,0,0,0,0,0,0,0,0
266,AgentA wins,15.00,0,0,0,0,0,0,0,0,0,0
267,AgentA wins,15.00,0,0,0,0,0,0,0,0,0,0
268,AgentA wins,19.67,0,0,0,0,0,0,0,0,0,0
269,AgentA wins,19.67,0,0,0,0,0,0,0,0,0,0
270,AgentA wins,20.00,0,0,0,0,0,0,0,0,0,0
261,AgentA wins,19.67,0,0,0,0,0,0,0,0,0,0
262,AgentA wins,15.00,0,0,0,0,0,0,0,0,0,0
263,AgentA wins,19.67,0,0,0,0,0,0,0,0,0,0
264,AgentA wins,15.00,0,0,0,0,0,0,0,0,0,0
265,AgentA wins,20.00,0,0,0,0,0,0,0,0,0,0
266,AgentA wins,17.00,0,0,0,0,0,0,0,0,0,0
267,AgentA wins,15.00,0,0,0,0,0,0,0,0,0,0
268,AgentA wins,15.00,0,0,0,0,0,0,0,0,0,0
269,AgentA wins,20.00,0,0,0,0,0,0,0,0,0,0
270,AgentA wins,15.00,0,0,0,0,0,0,0,0,0,0
261,AgentA wins,17.00,0,0,0,0,0,0,0,0,0,0
262,AgentA wins,20.00,0,0,0,0,0,0,0,0,0,0
263,AgentA wins,19.67,0,0,0,0,0,0,0,0,0,0
264,AgentA wins,15.00,0,0,0,0,0,0,0,0,0,0
265,AgentA wins,15.00,0,0,0,0,0,0,0,0,0,0
266,AgentA wins,20.00,0,0,0,0,0,0,0,0,0,0
267,AgentA wins,20.00,0,0,0,0,0,0,0,0,0,0
268,AgentA wins,20.00,0,0,0,0,0,0,0,0,0,0
269,AgentA wins,20.00,0,0,0,0,0,0,0,0,0,0
270,AgentA wins,20.00,0,0,0,0,0,0,0,0,0,0
191,AgentA wins,18.00,163,162,0,97,0,125,0,19,24,36
192,AgentA wins,18.00,160,163,0,96,0,132,0,20,21,32
193,AgentA wins,37.67,340,339,0,204,0,273,0,40,45,72
194,AgentA wins,37.33,335,337,0,206,0,269,0,41,37,74
195,AgentB wins,44.67,409,406,0,250,0,317,0,45,56,91
196,AgentA wins,38.00,343,341,0,211,0,271,0,41,41,87
197,AgentA wins,15.00,133,135,0,81,0,105,0,19,13,37
198,AgentA wins,36.00,319,326,0,190,0,260,0,40,42,66
199,AgentA wins,15.00,135,137,0,82,0,112,0,16,18,38
200,AgentA wins,37.67,336,342,0,201,0,268,0,36,44,69
261,AgentA wins,18.00,0,0,0,0,0,0,0,0,0,0
262,AgentA wins,15.00,0,0,0,0,0,0,0,0,0,0
263,AgentA wins,18.00,0,0,0,0,0,0,0,0,0,0
264,AgentA wins,15.00,0,0,0,0,0,0,0,0,0,0
265,AgentA wins,20.00,0,0,0,0,0,0,0,0,0,0
266,AgentA wins,20.00,0,0,0,0,0,0,0,0,0,0
267,AgentA wins,20.00,0,0,0,0,0,0,0,0,0,0
268,AgentA wins,15.00,0,0,0,0,0,0,0,0,0,0
269,AgentA wins,20.00,0,0,0,0,0,0,0,0,0,0
270,AgentA wins,20.00,0,0,0,0,0,0,0,0,0,0
261,AgentA wins,22.33,0,0,0,0,0,0,0,0,0,0
262,AgentA wins,20.00,0,0,0,0,0,0,0,0,0,0
263,AgentA wins,15.00,0,0,0,0,0,0,0,0,0,0
264,AgentA wins,20.00,0,0,0,0,0,0,0,0,0,0
265,AgentA wins,15.00,0,0,0,0,0,0,0,0,0,0
266,AgentA wins,20.00,0,0,0,0,0,0,0,0,0,0
267,AgentA wins,20.00,0,0,0,0,0,0,0,0,0,0
268,AgentA wins,19.67,0,0,0,0,0,0,0,0,0,0
269,AgentA wins,19.67,0,0,0,0,0,0,0,0,0,0
270,AgentA wins,20.00,0,0,0,0,0,0,0,0,0,0
261,AgentA wins,20.00,0,0,0,0,0,0,0,0,0,0
262,AgentA wins,17.00,0,0,0,0,0,0,0,0,0,0
263,AgentA wins,19.67,0,0,0,0,0,0,0,0,0,0
264,AgentA wins,20.00,0,0,0,0,0,0,0,0,0,0
265,AgentA wins,20.00,0,0,0,0,0,0,0,0,0,0
266,AgentA wins,20.00,0,0,0,0,0,0,0,0,0,0
267,AgentA wins,20.00,0,0,0,0,0,0,0,0,0,0
268,AgentA wins,20.00,0,0,0,0,0,0,0,0,0,0
269,AgentA wins,19.67,0,0,0,0,0,0,0,0,0,0
270,AgentA wins,20.00,0,0,0,0,0,0,0,0,0,0
191,AgentA wins,35.33,0,0,0,0,0,0,0,0,0,0
192,AgentA wins,32.67,0,0,0,0,0,0,0,0,0,0
193,AgentA wins,37.33,0,0,0,0,0,0,0,0,0,0
194,AgentA wins,15.00,0,0,0,0,0,0,0,0,0,0
195,AgentB wins,24.67,0,0,0,0,0,0,0,0,0,0
196,AgentA wins,21.00,0,0,0,0,0,0,0,0,0,0
197,AgentA wins,30.00,0,0,0,0,0,0,0,0,0,0
198,AgentA wins,20.67,0,0,0,0,0,0,0,0,0,0
199,AgentA wins,18.00,0,0,0,0,0,0,0,0,0,0
200,AgentA wins,40.33,0,0,0,0,0,0,0,0,0,0
261,AgentA wins,19.67,0,0,0,0,0,0,0,0,0,0
262,AgentA wins,20.00,0,0,0,0,0,0,0,0,0,0
263,AgentA wins,19.67,0,0,0,0,0,0,0,0,0,0
264,AgentA wins,20.00,0,0,0,0,0,0,0,0,0,0
265,AgentA wins,20.00,0,0,0,0,0,0,0,0,0,0
266,AgentA wins,19.67,0,0,0,0,0,0,0,0,0,0
267,AgentA wins,20.00,0,0,0,0,0,0,0,0,0,0
268,AgentA wins,20.00,0,0,0,0,0,0,0,0,0,0
269,AgentA wins,20.00,0,0,0,0,0,0,0,0,0,0
270,AgentA wins,20.00,0,0,0,0,0,0,0,0,0,0
191,AgentA wins,15.00,0,0,0,0,0,0,0,0,0,0
192,AgentA wins,30.33,0,0,0,0,0,0,0,0,0,0
193,AgentA wins,15.00,0,0,0,0,0,0,0,0,0,0
194,AgentA wins,21.67,0,0,0,0,0,0,0,0,0,0
195,AgentA wins,37.67,0,0,0,0,0,0,0,0,0,0
196,AgentA wins,15.00,0,0,0,0,0,0,0,0,0,0
197,AgentA wins,40.00,0,0,0,0,0,0,0,0,0,0
198,AgentB wins,36.00,0,0,0,0,0,0,0,0,0,0
199,AgentA wins,18.00,0,0,0,0,0,0,0,0,0,0
200,AgentA wins,15.00,0,0,0,0,0,0,0,0,0,0
201,AgentA wins,31.00,0,0,0,0,0,0,0,0,0,0
202,AgentA wins,15.00,0,0,0,0,0,0,0,0,0,0
203,AgentA wins,15.00,0,0,0,0,0,0,0,0,0,0
204,AgentA wins,15.00,0,0,0,0,0,0,0,0,0,0
205,AgentA wins,24.67,0,0,0,0,0,0,0,0,0,0
206,AgentB wins,43.33,0,0,0,0,0,0,0,0,0,0
207,AgentA wins,33.00,0,0,0,0,0,0,0,0,0,0
208,AgentA wins,21.00,0,0,0,0,0,0,0,0,0,0
209,AgentA wins,15.00,0,0,0,0,0,0,0,0,0,0
210,AgentA wins,21.67,0,0,0,0,0,0,0,0,0,0
261,AgentA wins,20.00,0,0,0,0,0,0,0,0,0,0
262,AgentA wins,19.67,0,0,0,0,0,0,0,0,0,0
263,AgentA wins,19.67,0,0,0,0,0,0,0,0,0,0
264,AgentA wins,15.00,0,0,0,0,0,0,0,0,0,0
265,AgentA wins,18.00,0,0,0,0,0,0,0,0,0,0
266,AgentA wins,20.00,0,0,0,0,0,0,0,0,0,0
267,AgentA wins,18.00,0,0,0,0,0,0,0,0,0,0
268,AgentA wins,22.33,0,0,0,0,0,0,0,0,0,0
269,AgentA wins,15.00,0,0,0,0,0,0,0,0,0,0
270,AgentA wins,20.00,0,0,0,0,0,0,0,0,0,0
191,AgentA wins,15.00,0,0,0,0,0,0,0,0,0,0
192,AgentA wins,30.67,0,0,0,0,0,0,0,0,0,0
193,AgentA wins,30.00,0,0,0,0,0,0,0,0,0,0
194,AgentA wins,15.00,0,0,0,0,0,0,0,0,0,0
195,AgentB wins,48.33,0,0,0,0,0,0,0,0,0,0
196,AgentA wins,33.00,0,0,0,0,0,0,0,0,0,0
197,AgentA wins,15.00,0,0,0,0,0,0,0,0,0,0
198,AgentB wins,28.00,0,0,0,0,0,0,0,0,0,0
199,AgentA wins,15.00,0,0,0,0,0,0,0,0,0,0
200,AgentA wins,21.00,0,0,0,0,0,0,0,0,0,0
271,AgentA wins,17.00,0,0,0,0,0,0,0,0,0,0
272,AgentA wins,20.00,0,0,0,0,0,0,0,0,0,0
273,AgentA wins,20.00,0,0,0,0,0,0,0,0,0,0
274,AgentA wins,15.00,0,0,0,0,0,0,0,0,0,0
275,AgentA wins,18.00,0,0,0,0,0,0,0,0,0,0
276,AgentA wins,19.67,0,0,0,0,0,0,0,0,0,0
277,AgentA wins,20.00,0,0,0,0,0,0,0,0,0,0
278,AgentA wins,19.67,0,0,0,0,0,0,0,0,0,0
279,AgentA wins,15.00,0,0,0,0,0,0,0,0,0,0
280,AgentA wins,20.00,0,0,0,0,0,0,0,0,0,0
191,AgentA wins,34.33,0,0,0,0,0,0,0,0,0,0
192,AgentA wins,21.67,0,0,0,0,0,0,0,0,0,0
193,AgentA wins,21.33,0,0,0,0,0,0,0,0,0,0
194,AgentA wins,21.00,0,0,0,0,0,0,0,0,0,0
195,AgentA wins,15.00,0,0,0,0,0,0,0,0,0,0
196,AgentA wins,27.00,0,0,0,0,0,0,0,0,0,0
197,AgentA wins,27.00,0,0,0,0,0,0,0,0,0,0
198,AgentA wins,30.00,0,0,0,0,0,0,0,0,0,0
199,AgentA wins,29.33,0,0,0,0,0,0,0,0,0,0
200,AgentA wins,33.00,0,0,0,0,0,0,0,0,0,0
201,AgentA wins,27.00,0,0,0,0,0,0,0,0,0,0
202,AgentA wins,33.00,0,0,0,0,0,0,0,0,0,0
203,AgentA wins,27.00,0,0,0,0,0,0,0,0,0,0
204,AgentA wins,33.00,0,0,0,0,0,0,0,0,0,0
205,AgentA wins,15.00,0,0,0,0,0,0,0,0,0,0
206,AgentA wins,30.00,0,0,0,0,0,0,0,0,0,0
207,AgentA wins,15.00,0,0,0,0,0,0,0,0,0,0
208,AgentA wins,18.00,0,0,0,0,0,0,0,0,0,0
209,AgentA wins,15.00,0,0,0,0,0,0,0,0,0,0
210,AgentA wins,18.00,0,0,0,0,0,0,0,0,0,0
191,AgentA wins,37.33,0,0,0,0,0,0,0,0,0,0
192,AgentA wins,15.00,0,0,0,0,0,0,0,0,0,0
193,AgentA wins,24.00,0,0,0,0,0,0,0,0,0,0
194,AgentA wins,32.33,0,0,0,0,0,0,0,0,0,0
195,AgentA wins,23.33,0,0,0,0,0,0,0,0,0,0
196,AgentA wins,27.00,0,0,0,0,0,0,0,0,0,0
197,AgentA wins,15.00,0,0,0,0,0,0,0,0,0,0
198,AgentB wins,41.00,0,0,0,0,0,0,0,0,0,0
199,AgentA wins,39.00,0,0,0,0,0,0,0,0,0,0
200,AgentA wins,24.33,0,0,0,0,0,0,0,0,0,0
271,AgentA wins,15.00,0,0,0,0,0,0,0,0,0,0
272,AgentA wins,15.00,0,0,0,0,0,0,0,0,0,0
273,AgentA wins,15.00,0,0,0,0,0,0,0,0,0,0
274,AgentA wins,15.00,0,0,0,0,0,0,0,0,0,0
275,AgentA wins,20.00,0,0,0,0,0,0,0,0,0,0
276,AgentA wins,20.00,0,0,0,0,0,0,0,0,0,0
277,AgentA wins,15.00,0,0,0,0,0,0,0,0,0,0
278,AgentA wins,18.00,0,0,0,0,0,0,0,0,0,0
279,AgentA wins,15.00,0,0,0,0,0,0,0,0,0,0
280,AgentA wins,15.00,0,0,0,0,0,0,0,0,0,0
271,AgentA wins,19.67,0,0,0,0,0,0,0,0,0,0
272,AgentA wins,19.67,0,0,0,0,0,0,0,0,0,0
273,AgentA wins,20.00,0,0,0,0,0,0,0,0,0,0
274,AgentA wins,19.67,0,0,0,0,0,0,0,0,0,0
275,AgentA wins,15.00,0,0,0,0,0,0,0,0,0,0
276,AgentA wins,17.00,0,0,0,0,0,0,0,0,0,0
277,AgentA wins,17.00,0,0,0,0,0,0,0,0,0,0
278,AgentA wins,17.00,0,0,0,0,0,0,0,0,0,0
279,AgentA wins,18.00,0,0,0,0,0,0,0,0,0,0
280,AgentA wins,15.00,0,0,0,0,0,0,0,0,0,0
271,AgentA wins,20.00,0,0,0,0,0,0,0,0,0,0
272,AgentA wins,19.67,0,0,0,0,0,0,0,0,0,0
273,AgentA wins,20.00,0,0,0,0,0,0,0,0,0,0
274,AgentA wins,19.67,0,0,0,0,0,0,0,0,0,0
275,AgentA wins,20.00,0,0,0,0,0,0,0,0,0,0
276,AgentA wins,22.33,0,0,0,0,0,0,0,0,0,0
277,AgentA wins,20.00,0,0,0,0,0,0,0,0,0,0
278,AgentA wins,22.33,0,0,0,0,0,0,0,0,0,0
279,AgentA wins,20.00,0,0,0,0,0,0,0,0,0,0
280,AgentA wins,19.67,0,0,0,0,0,0,0,0,0,0
271,AgentA wins,20.00,0,0,0,0,0,0,0,0,0,0
272,AgentA wins,19.67,0,0,0,0,0,0,0,0,0,0
273,AgentA wins,19.67,0,0,0,0,0,0,0,0,0,0
274,AgentA wins,15.00,0,0,0,0,0,0,0,0,0,0
275,AgentA wins,20.00,0,0,0,0,0,0,0,0,0,0
276,AgentA wins,15.00,0,0,0,0,0,0,0,0,0,0
277,AgentA wins,15.00,0,0,0,0,0,0,0,0,0,0
278,AgentA wins,15.00,0,0,0,0,0,0,0,0,0,0
279,AgentA wins,19.67,0,0,0,0,0,0,0,0,0,0
280,AgentA wins,20.00,0,0,0,0,0,0,0,0,0,0
271,AgentA wins,17.00,0,0,0,0,0,0,0,0,0,0
272,AgentA wins,20.00,0,0,0,0,0,0,0,0,0,0
273,AgentA wins,18.00,0,0,0,0,0,0,0,0,0,0
274,AgentA wins,19.67,0,0,0,0,0,0,0,0,0,0
275,AgentA wins,19.67,0,0,0,0,0,0,0,0,0,0
276,AgentA wins,19.67,0,0,0,0,0,0,0,0,0,0
277,AgentA wins,17.00,0,0,0,0,0,0,0,0,0,0
278,AgentA wins,15.00,0,0,0,0,0,0,0,0,0,0
279,AgentA wins,17.00,0,0,0,0,0,0,0,0,0,0
280,AgentA wins,19.67,0,0,0,0,0,0,0,0,0,0
191,AgentB wins,31.33,0,0,0,0,0,0,0,0,0,0
192,AgentB wins,27.00,0,0,0,0,0,0,0,0,0,0
193,AgentA wins,18.00,0,0,0,0,0,0,0,0,0,0
194,AgentA wins,21.33,0,0,0,0,0,0,0,0,0,0
195,AgentA wins,18.00,0,0,0,0,0,0,0,0,0,0
196,AgentA wins,39.67,0,0,0,0,0,0,0,0,0,0
197,AgentA wins,31.00,0,0,0,0,0,0,0,0,0,0
198,AgentA wins,37.67,0,0,0,0,0,0,0,0,0,0
199,AgentA wins,32.67,0,0,0,0,0,0,0,0,0,0
200,AgentA wins,33.00,0,0,0,0,0,0,0,0,0,0
271,AgentA wins,18.00,0,0,0,0,0,0,0,0,0,0
272,AgentA wins,20.00,0,0,0,0,0,0,0,0,0,0
273,AgentA wins,17.00,0,0,0,0,0,0,0,0,0,0
274,AgentA wins,22.33,0,0,0,0,0,0,0,0,0,0
275,AgentA wins,20.00,0,0,0,0,0,0,0,0,0,0
276,AgentA wins,15.00,0,0,0,0,0,0,0,0,0,0
277,AgentA wins,19.67,0,0,0,0,0,0,0,0,0,0
278,AgentA wins,19.67,0,0,0,0,0,0,0,0,0,0
279,AgentA wins,17.00,0,0,0,0,0,0,0,0,0,0
280,AgentA wins,19.67,0,0,0,0,0,0,0,0,0,0
271,AgentA wins,20.00,0,0,0,0,0,0,0,0,0,0
272,AgentA wins,20.00,0,0,0,0,0,0,0,0,0,0
273,AgentA wins,18.00,0,0,0,0,0,0,0,0,0,0
274,AgentA wins,20.00,0,0,0,0,0,0,0,0,0,0
275,AgentA wins,19.67,0,0,0,0,0,0,0,0,0,0
276,AgentA wins,20.00,0,0,0,0,0,0,0,0,0,0
277,AgentA wins,20.00,0,0,0,0,0,0,0,0,0,0
278,AgentA wins,20.00,0,0,0,0,0,0,0,0,0,0
279,AgentA wins,15.00,0,0,0,0,0,0,0,0,0,0
280,AgentA wins,20.00,0,0,0,0,0,0,0,0,0,0
271,AgentA wins,20.00,0,0,0,0,0,0,0,0,0,0
272,AgentA wins,19.67,0,0,0,0,0,0,0,0,0,0
273,AgentA wins,20.00,0,0,0,0,0,0,0,0,0,0
274,AgentA wins,20.00,0,0,0,0,0,0,0,0,0,0
275,AgentA wins,20.00,0,0,0,0,0,0,0,0,0,0
276,AgentA wins,15.00,0,0,0,0,0,0,0,0,0,0
277,AgentA wins,20.00,0,0,0,0,0,0,0,0,0,0
278,AgentA wins,17.00,0,0,0,0,0,0,0,0,0,0
279,AgentA wins,20.00,0,0,0,0,0,0,0,0,0,0
280,AgentA wins,17.00,0,0,0,0,0,0,0,0,0,0
271,AgentA wins,22.33,0,0,0,0,0,0,0,0,0,0
272,AgentA wins,15.00,0,0,0,0,0,0,0,0,0,0
273,AgentA wins,22.33,0,0,0,0,0,0,0,0,0,0
274,AgentA wins,19.67,0,0,0,0,0,0,0,0,0,0
275,AgentA wins,20.00,0,0,0,0,0,0,0,0,0,0
276,AgentA wins,18.00,0,0,0,0,0,0,0,0,0,0
277,AgentA wins,19.67,0,0,0,0,0,0,0,0,0,0
278,AgentA wins,20.00,0,0,0,0,0,0,0,0,0,0
279,AgentA wins,20.00,0,0,0,0,0,0,0,0,0,0
280,AgentA wins,15.00,0,0,0,0,0,0,0,0,0,0
271,AgentA wins,15.00,0,0,0,0,0,0,0,0,0,0
272,AgentA wins,15.00,0,0,0,0,0,0,0,0,0,0
273,AgentA wins,19.67,0,0,0,0,0,0,0,0,0,0
274,AgentA wins,20.00,0,0,0,0,0,0,0,0,0,0
275,AgentA wins,17.00,0,0,0,0,0,0,0,0,0,0
276,AgentA wins,20.00,0,0,0,0,0,0,0,0,0,0
277,AgentA wins,15.00,0,0,0,0,0,0,0,0,0,0
278,AgentA wins,19.67,0,0,0,0,0,0,0,0,0,0
279,AgentA wins,19.67,0,0,0,0,0,0,0,0,0,0
280,AgentA wins,15.00,0,0,0,0,0,0,0,0,0,0
271,AgentA wins,19.67,0,0,0,0,0,0,0,0,0,0
272,AgentA wins,20.00,0,0,0,0,0,0,0,0,0,0
273,AgentA wins,20.00,0,0,0,0,0,0,0,0,0,0
274,AgentA wins,19.67,0,0,0,0,0,0,0,0,0,0
275,AgentA wins,18.00,0,0,0,0,0,0,0,0,0,0
276,AgentA wins,20.00,0,0,0,0,0,0,0,0,0,0
277,AgentA wins,17.00,0,0,0,0,0,0,0,0,0,0
278,AgentA wins,15.00,0,0,0,0,0,0,0,0,0,0
279,AgentA wins,17.00,0,0,0,0,0,0,0,0,0,0
280,AgentA wins,17.00,0,0,0,0,0,0,0,0,0,0
271,AgentA wins,20.00,0,0,0,0,0,0,0,0,0,0
272,AgentA wins,19.67,0,0,0,0,0,0,0,0,0,0
273,AgentA wins,20.00,0,0,0,0,0,0,0,0,0,0
274,AgentA wins,15.00,0,0,0,0,0,0,0,0,0,0
275,AgentA wins,20.00,0,0,0,0,0,0,0,0,0,0
276,AgentA wins,20.00,0,0,0,0,0,0,0,0,0,0
277,AgentA wins,20.00,0,0,0,0,0,0,0,0,0,0
278,AgentA wins,20.00,0,0,0,0,0,0,0,0,0,0
279,AgentA wins,15.00,0,0,0,0,0,0,0,0,0,0
280,AgentA wins,15.00,0,0,0,0,0,0,0,0,0,0
191,AgentA wins,43.67,0,0,0,0,0,0,0,0,0,0
192,AgentA wins,27.00,0,0,0,0,0,0,0,0,0,0
193,AgentA wins,15.00,0,0,0,0,0,0,0,0,0,0
194,AgentA wins,42.67,0,0,0,0,0,0,0,0,0,0
195,AgentA wins,15.00,0,0,0,0,0,0,0,0,0,0
196,AgentA wins,39.00,0,0,0,0,0,0,0,0,0,0
197,AgentA wins,24.00,0,0,0,0,0,0,0,0,0,0
198,AgentA wins,18.00,0,0,0,0,0,0,0,0,0,0
199,AgentA wins,38.00,0,0,0,0,0,0,0,0,0,0
200,AgentA wins,41.67,0,0,0,0,0,0,0,0,0,0
271,AgentA wins,22.33,0,0,0,0,0,0,0,0,0,0
272,AgentA wins,19.67,0,0,0,0,0,0,0,0,0,0
273,AgentA wins,19.67,0,0,0,0,0,0,0,0,0,0
274,AgentA wins,20.00,0,0,0,0,0,0,0,0,0,0
275,AgentA wins,20.00,0,0,0,0,0,0,0,0,0,0
276,AgentA wins,20.00,0,0,0,0,0,0,0,0,0,0
277,AgentA wins,20.00,0,0,0,0,0,0,0,0,0,0
278,AgentA wins,18.00,0,0,0,0,0,0,0,0,0,0
279,AgentA wins,20.00,0,0,0,0,0,0,0,0,0,0
280,AgentA wins,17.00,0,0,0,0,0,0,0,0,0,0
271,AgentA wins,20.00,0,0,0,0,0,0,0,0,0,0
272,AgentA wins,17.00,0,0,0,0,0,0,0,0,0,0
273,AgentA wins,19.67,0,0,0,0,0,0,0,0,0,0
274,AgentA wins,15.00,0,0,0,0,0,0,0,0,0,0
275,AgentA wins,19.67,0,0,0,0,0,0,0,0,0,0
276,AgentA wins,15.00,0,0,0,0,0,0,0,0,0,0
277,AgentA wins,20.00,0,0,0,0,0,0,0,0,0,0
278,AgentA wins,15.00,0,0,0,0,0,0,0,0,0,0
279,AgentA wins,19.67,0,0,0,0,0,0,0,0,0,0
280,AgentA wins,19.67,0,0,0,0,0,0,0,0,0,0
201,AgentA wins,15.00,0,0,0,0,0,0,0,0,0,0
202,AgentA wins,32.67,0,0,0,0,0,0,0,0,0,0
203,AgentA wins,15.00,0,0,0,0,0,0,0,0,0,0
204,AgentA wins,37.67,0,0,0,0,0,0,0,0,0,0
205,AgentA wins,15.00,0,0,0,0,0,0,0,0,0,0
206,AgentA wins,18.00,0,0,0,0,0,0,0,0,0,0
207,AgentA wins,15.00,0,0,0,0,0,0,0,0,0,0
208,AgentB wins,27.00,0,0,0,0,0,0,0,0,0,0
209,AgentA wins,28.67,0,0,0,0,0,0,0,0,0,0
210,AgentA wins,26.67,0,0,0,0,0,0,0,0,0,0
201,AgentA wins,46.00,419,419,0,248,0,325,0,51,65,83
202,AgentA wins,28.67,261,261,0,150,0,209,0,30,43,41
203,AgentA wins,21.00,190,189,0,116,0,144,0,22,18,39
204,AgentA wins,26.33,239,239,0,154,0,188,0,33,32,63
205,AgentA wins,26.33,242,239,0,137,0,190,0,28,32,45
206,AgentA wins,15.00,134,136,0,88,0,109,0,17,15,27
207,AgentA wins,29.67,266,271,0,160,0,207,0,34,38,70
208,AgentA wins,30.00,273,271,0,169,0,214,0,37,36,65
209,AgentA wins,21.00,192,188,0,109,0,156,0,20,23,40
210,AgentA wins,29.67,264,265,0,158,0,207,0,37,30,66
201,AgentA wins,34.33,0,0,0,0,0,0,0,0,0,0
202,AgentA wins,26.33,0,0,0,0,0,0,0,0,0,0
203,AgentA wins,37.33,0,0,0,0,0,0,0,0,0,0
204,AgentA wins,32.33,0,0,0,0,0,0,0,0,0,0
205,AgentA wins,15.00,0,0,0,0,0,0,0,0,0,0
206,AgentA wins,30.00,0,0,0,0,0,0,0,0,0,0
207,AgentA wins,15.00,0,0,0,0,0,0,0,0,0,0
208,AgentA wins,15.00,0,0,0,0,0,0,0,0,0,0
209,AgentA wins,29.00,0,0,0,0,0,0,0,0,0,0
210,AgentA wins,15.00,0,0,0,0,0,0,0,0,0,0
211,AgentA wins,27.00,0,0,0,0,0,0,0,0,0,0
212,AgentA wins,38.67,0,0,0,0,0,0,0,0,0,0
213,AgentA wins,18.00,0,0,0,0,0,0,0,0,0,0
214,AgentA wins,24.00,0,0,0,0,0,0,0,0,0,0
215,AgentA wins,15.00,0,0,0,0,0,0,0,0,0,0
216,AgentA wins,21.33,0,0,0,0,0,0,0,0,0,0
217,AgentA wins,24.33,0,0,0,0,0,0,0,0,0,0
218,AgentA wins,15.00,0,0,0,0,0,0,0,0,0,0
219,AgentB wins,29.67,0,0,0,0,0,0,0,0,0,0
220,AgentB wins,37.67,0,0,0,0,0,0,0,0,0,0
281,AgentA wins,15.00,0,0,0,0,0,0,0,0,0,0
282,AgentA wins,19.67,0,0,0,0,0,0,0,0,0,0
283,AgentA wins,17.00,0,0,0,0,0,0,0,0,0,0
284,AgentA wins,19.67,0,0,0,0,0,0,0,0,0,0
285,AgentA wins,15.00,0,0,0,0,0,0,0,0,0,0
286,AgentA wins,15.00,0,0,0,0,0,0,0,0,0,0
287,AgentA wins,20.00,0,0,0,0,0,0,0,0,0,0
288,AgentA wins,20.00,0,0,0,0,0,0,0,0,0,0
289,AgentA wins,15.00,0,0,0,0,0,0,0,0,0,0
290,AgentA wins,20.00,0,0,0,0,0,0,0,0,0,0
281,AgentA wins,20.00,0,0,0,0,0,0,0,0,0,0
282,AgentA wins,20.00,0,0,0,0,0,0,0,0,0,0
283,AgentA wins,20.00,0,0,0,0,0,0,0,0,0,0
284,AgentA wins,17.00,0,0,0,0,0,0,0,0,0,0
285,AgentA wins,15.00,0,0,0,0,0,0,0,0,0,0
286,AgentA wins,17.00,0,0,0,0,0,0,0,0,0,0
287,AgentA wins,20.00,0,0,0,0,0,0,0,0,0,0
288,AgentA wins,15.00,0,0,0,0,0,0,0,0,0,0
289,AgentA wins,20.00,0,0,0,0,0,0,0,0,0,0
290,AgentA wins,20.00,0,0,0,0,0,0,0,0,0,0
281,AgentA wins,20.00,0,0,0,0,0,0,0,0,0,0
282,AgentA wins,15.00,0,0,0,0,0,0,0,0,0,0
283,AgentA wins,19.67,0,0,0,0,0,0,0,0,0,0
284,AgentA wins,17.00,0,0,0,0,0,0,0,0,0,0
285,AgentA wins,22.33,0,0,0,0,0,0,0,0,0,0
286,AgentA wins,20.00,0,0,0,0,0,0,0,0,0,0
287,AgentA wins,20.00,0,0,0,0,0,0,0,0,0,0
288,AgentA wins,15.00,0,0,0,0,0,0,0,0,0,0
289,AgentA wins,17.00,0,0,0,0,0,0,0,0,0,0
290,AgentA wins,20.00,0,0,0,0,0,0,0,0,0,0
281,AgentA wins,20.00,0,0,0,0,0,0,0,0,0,0
282,AgentA wins,15.00,0,0,0,0,0,0,0,0,0,0
283,AgentA wins,19.67,0,0,0,0,0,0,0,0,0,0
284,AgentA wins,15.00,0,0,0,0,0,0,0,0,0,0
285,AgentA wins,20.00,0,0,0,0,0,0,0,0,0,0
286,AgentA wins,20.00,0,0,0,0,0,0,0,0,0,0
287,AgentA wins,17.00,0,0,0,0,0,0,0,0,0,0
288,AgentA wins,20.00,0,0,0,0,0,0,0,0,0,0
289,AgentA wins,17.00,0,0,0,0,0,0,0,0,0,0
290,AgentA wins,15.00,0,0,0,0,0,0,0,0,0,0
281,AgentA wins,18.00,0,0,0,0,0,0,0,0,0,0
282,AgentA wins,15.00,0,0,0,0,0,0,0,0,0,0
283,AgentA wins,19.67,0,0,0,0,0,0,0,0,0,0
284,AgentA wins,15.00,0,0,0,0,0,0,0,0,0,0
285,AgentA wins,20.00,0,0,0,0,0,0,0,0,0,0
286,AgentA wins,20.00,0,0,0,0,0,0,0,0,0,0
287,AgentA wins,18.00,0,0,0,0,0,0,0,0,0,0
288,AgentA wins,20.00,0,0,0,0,0,0,0,0,0,0
289,AgentA wins,19.67,0,0,0,0,0,0,0,0,0,0
290,AgentA wins,15.00,0,0,0,0,0,0,0,0,0,0
281,AgentA wins,20.00,0,0,0,0,0,0,0,0,0,0
282,AgentA wins,19.67,0,0,0,0,0,0,0,0,0,0
283,AgentA wins,17.00,0,0,0,0,0,0,0,0,0,0
284,AgentA wins,19.67,0,0,0,0,0,0,0,0,0,0
285,AgentA wins,20.00,0,0,0,0,0,0,0,0,0,0
286,AgentA wins,20.00,0,0,0,0,0,0,0,0,0,0
287,AgentA wins,20.00,0,0,0,0,0,0,0,0,0,0
288,AgentA wins,22.33,0,0,0,0,0,0,0,0,0,0
289,AgentA wins,20.00,0,0,0,0,0,0,0,0,0,0
290,AgentA wins,20.00,0,0,0,0,0,0,0,0,0,0
201,AgentA wins,38.00,0,0,0,0,0,0,0,0,0,0
202,AgentB wins,18.67,0,0,0,0,0,0,0,0,0,0
203,AgentA wins,53.00,0,0,0,0,0,0,0,0,0,0
204,AgentA wins,15.00,0,0,0,0,0,0,0,0,0,0
205,AgentA wins,18.00,0,0,0,0,0,0,0,0,0,0
206,AgentA wins,18.00,0,0,0,0,0,0,0,0,0,0
207,AgentA wins,35.67,0,0,0,0,0,0,0,0,0,0
208,AgentA wins,18.00,0,0,0,0,0,0,0,0,0,0
209,AgentA wins,15.00,0,0,0,0,0,0,0,0,0,0
210,AgentA wins,21.33,0,0,0,0,0,0,0,0,0,0
281,AgentA wins,20.00,0,0,0,0,0,0,0,0,0,0
282,AgentA wins,15.00,0,0,0,0,0,0,0,0,0,0
283,AgentA wins,18.00,0,0,0,0,0,0,0,0,0,0
284,AgentA wins,20.00,0,0,0,0,0,0,0,0,0,0
285,AgentA wins,20.00,0,0,0,0,0,0,0,0,0,0
286,AgentA wins,20.00,0,0,0,0,0,0,0,0,0,0
287,AgentA wins,15.00,0,0,0,0,0,0,0,0,0,0
288,AgentA wins,15.00,0,0,0,0,0,0,0,0,0,0
289,AgentA wins,20.00,0,0,0,0,0,0,0,0,0,0
290,AgentA wins,15.00,0,0,0,0,0,0,0,0,0,0
281,AgentA wins,18.00,0,0,0,0,0,0,0,0,0,0
282,AgentA wins,20.00,0,0,0,0,0,0,0,0,0,0
283,AgentA wins,15.00,0,0,0,0,0,0,0,0,0,0
284,AgentA wins,20.00,0,0,0,0,0,0,0,0,0,0
285,AgentA wins,20.00,0,0,0,0,0,0,0,0,0,0
286,AgentA wins,20.00,0,0,0,0,0,0,0,0,0,0
287,AgentA wins,20.00,0,0,0,0,0,0,0,0,0,0
288,AgentA wins,15.00,0,0,0,0,0,0,0,0,0,0
289,AgentA wins,15.00,0,0,0,0,0,0,0,0,0,0
290,AgentA wins,15.00,0,0,0,0,0,0,0,0,0,0
281,AgentA wins,20.00,0,0,0,0,0,0,0,0,0,0
282,AgentA wins,19.67,0,0,0,0,0,0,0,0,0,0
283,AgentA wins,20.00,0,0,0,0,0,0,0,0,0,0
284,AgentA wins,17.00,0,0,0,0,0,0,0,0,0,0
285,AgentA wins,15.00,0,0,0,0,0,0,0,0,0,0
286,AgentA wins,17.00,0,0,0,0,0,0,0,0,0,0
287,AgentA wins,22.33,0,0,0,0,0,0,0,0,0,0
288,AgentA wins,20.00,0,0,0,0,0,0,0,0,0,0
289,AgentA wins,20.00,0,0,0,0,0,0,0,0,0,0
290,AgentA wins,20.00,0,0,0,0,0,0,0,0,0,0
281,AgentA wins,18.00,0,0,0,0,0,0,0,0,0,0
282,AgentA wins,20.00,0,0,0,0,0,0,0,0,0,0
283,AgentA wins,15.00,0,0,0,0,0,0,0,0,0,0
284,AgentA wins,20.00,0,0,0,0,0,0,0,0,0,0
285,AgentA wins,19.67,0,0,0,0,0,0,0,0,0,0
286,AgentA wins,15.00,0,0,0,0,0,0,0,0,0,0
287,AgentA wins,17.00,0,0,0,0,0,0,0,0,0,0
288,AgentA wins,15.00,0,0,0,0,0,0,0,0,0,0
289,AgentA wins,20.00,0,0,0,0,0,0,0,0,0,0
290,AgentA wins,19.67,0,0,0,0,0,0,0,0,0,0
281,AgentA wins,18.00,0,0,0,0,0,0,0,0,0,0
282,AgentA wins,19.67,0,0,0,0,0,0,0,0,0,0
283,AgentA wins,19.67,0,0,0,0,0,0,0,0,0,0
284,AgentA wins,17.00,0,0,0,0,0,0,0,0,0,0
285,AgentA wins,15.00,0,0,0,0,0,0,0,0,0,0
286,AgentA wins,20.00,0,0,0,0,0,0,0,0,0,0
287,AgentA wins,20.00,0,0,0,0,0,0,0,0,0,0
288,AgentA wins,20.00,0,0,0,0,0,0,0,0,0,0
289,AgentA wins,20.00,0,0,0,0,0,0,0,0,0,0
290,AgentA wins,15.00,0,0,0,0,0,0,0,0,0,0
281,AgentA wins,20.00,0,0,0,0,0,0,0,0,0,0
282,AgentA wins,20.00,0,0,0,0,0,0,0,0,0,0
283,AgentA wins,20.00,0,0,0,0,0,0,0,0,0,0
284,AgentA wins,18.00,0,0,0,0,0,0,0,0,0,0
285,AgentA wins,20.00,0,0,0,0,0,0,0,0,0,0
286,AgentA wins,20.00,0,0,0,0,0,0,0,0,0,0
287,AgentA wins,17.00,0,0,0,0,0,0,0,0,0,0
288,AgentA wins,19.67,0,0,0,0,0,0,0,0,0,0
289,AgentA wins,18.00,0,0,0,0,0,0,0,0,0,0
290,AgentA wins,19.67,0,0,0,0,0,0,0,0,0,0
281,AgentA wins,20.00,0,0,0,0,0,0,0,0,0,0
282,AgentA wins,19.67,0,0,0,0,0,0,0,0,0,0
283,AgentA wins,15.00,0,0,0,0,0,0,0,0,0,0
284,AgentA wins,17.00,0,0,0,0,0,0,0,0,0,0
285,AgentA wins,20.00,0,0,0,0,0,0,0,0,0,0
286,AgentA wins,20.00,0,0,0,0,0,0,0,0,0,0
287,AgentA wins,20.00,0,0,0,0,0,0,0,0,0,0
288,AgentA wins,20.00,0,0,0,0,0,0,0,0,0,0
289,AgentA wins,20.00,0,0,0,0,0,0,0,0,0,0
290,AgentA wins,20.00,0,0,0,0,0,0,0,0,0,0
201,AgentA wins,15.00,0,0,0,0,0,0,0,0,0,0
202,AgentA wins,32.00,0,0,0,0,0,0,0,0,0,0
203,AgentA wins,15.00,0,0,0,0,0,0,0,0,0,0
204,AgentA wins,33.00,0,0,0,0,0,0,0,0,0,0
205,AgentA wins,31.67,0,0,0,0,0,0,0,0,0,0
206,AgentA wins,18.00,0,0,0,0,0,0,0,0,0,0
207,AgentA wins,18.00,0,0,0,0,0,0,0,0,0,0
208,AgentA wins,44.00,0,0,0,0,0,0,0,0,0,0
209,AgentA wins,26.33,0,0,0,0,0,0,0,0,0,0
210,AgentB wins,57.33,0,0,0,0,0,0,0,0,0,0
211,AgentA wins,21.00,0,0,0,0,0,0,0,0,0,0
212,AgentB wins,27.33,0,0,0,0,0,0,0,0,0,0
213,AgentA wins,15.00,0,0,0,0,0,0,0,0,0,0
214,AgentA wins,26.67,0,0,0,0,0,0,0,0,0,0
215,AgentA wins,27.67,0,0,0,0,0,0,0,0,0,0
216,AgentA wins,35.00,0,0,0,0,0,0,0,0,0,0
217,AgentA wins,18.67,0,0,0,0,0,0,0,0,0,0
218,AgentA wins,29.00,0,0,0,0,0,0,0,0,0,0
219,AgentA wins,38.00,0,0,0,0,0,0,0,0,0,0
220,AgentA wins,38.33,0,0,0,0,0,0,0,0,0,0
201,AgentA wins,21.67,0,0,0,0,0,0,0,0,0,0
202,AgentA wins,39.67,0,0,0,0,0,0,0,0,0,0
203,AgentA wins,35.67,0,0,0,0,0,0,0,0,0,0
204,AgentA wins,35.67,0,0,0,0,0,0,0,0,0,0
205,AgentB wins,23.33,0,0,0,0,0,0,0,0,0,0
206,AgentA wins,15.00,0,0,0,0,0,0,0,0,0,0
207,AgentA wins,29.00,0,0,0,0,0,0,0,0,0,0
208,AgentA wins,32.00,0,0,0,0,0,0,0,0,0,0
209,AgentA wins,34.00,0,0,0,0,0,0,0,0,0,0
210,AgentA wins,15.00,0,0,0,0,0,0,0,0,0,0
281,AgentA wins,20.00,0,0,0,0,0,0,0,0,0,0
282,AgentA wins,15.00,0,0,0,0,0,0,0,0,0,0
283,AgentA wins,18.00,0,0,0,0,0,0,0,0,0,0
284,AgentA wins,15.00,0,0,0,0,0,0,0,0,0,0
285,AgentA wins,15.00,0,0,0,0,0,0,0,0,0,0
286,AgentA wins,15.00,0,0,0,0,0,0,0,0,0,0
287,AgentA wins,20.00,0,0,0,0,0,0,0,0,0,0
288,AgentA wins,20.00,0,0,0,0,0,0,0,0,0,0
289,AgentA wins,20.00,0,0,0,0,0,0,0,0,0,0
290,AgentA wins,20.00,0,0,0,0,0,0,0,0,0,0
281,AgentA wins,15.00,0,0,0,0,0,0,0,0,0,0
282,AgentA wins,20.00,0,0,0,0,0,0,0,0,0,0
283,AgentA wins,20.00,0,0,0,0,0,0,0,0,0,0
284,AgentA wins,20.00,0,0,0,0,0,0,0,0,0,0
285,AgentA wins,20.00,0,0,0,0,0,0,0,0,0,0
286,AgentA wins,19.67,0,0,0,0,0,0,0,0,0,0
287,AgentA wins,18.00,0,0,0,0,0,0,0,0,0,0
288,AgentA wins,17.00,0,0,0,0,0,0,0,0,0,0
289,AgentA wins,20.00,0,0,0,0,0,0,0,0,0,0
290,AgentA wins,18.00,0,0,0,0,0,0,0,0,0,0
291,AgentA wins,15.00,0,0,0,0,0,0,0,0,0,0
292,AgentA wins,20.00,0,0,0,0,0,0,0,0,0,0
293,AgentA wins,15.00,0,0,0,0,0,0,0,0,0,0
294,AgentA wins,15.00,0,0,0,0,0,0,0,0,0,0
295,AgentA wins,20.00,0,0,0,0,0,0,0,0,0,0
296,AgentA wins,18.00,0,0,0,0,0,0,0,0,0,0
297,AgentA wins,20.00,0,0,0,0,0,0,0,0,0,0
298,AgentA wins,20.00,0,0,0,0,0,0,0,0,0,0
299,AgentA wins,18.00,0,0,0,0,0,0,0,0,0,0
300,AgentA wins,20.00,0,0,0,0,0,0,0,0,0,0
201,AgentA wins,15.00,0,0,0,0,0,0,0,0,0,0
202,AgentB wins,51.33,0,0,0,0,0,0,0,0,0,0
203,AgentA wins,15.00,0,0,0,0,0,0,0,0,0,0
204,AgentA wins,31.00,0,0,0,0,0,0,0,0,0,0
205,AgentA wins,29.33,0,0,0,0,0,0,0,0,0,0
206,AgentA wins,35.67,0,0,0,0,0,0,0,0,0,0
207,AgentB wins,34.33,0,0,0,0,0,0,0,0,0,0
208,AgentA wins,31.00,0,0,0,0,0,0,0,0,0,0
209,AgentA wins,24.00,0,0,0,0,0,0,0,0,0,0
210,AgentA wins,15.00,0,0,0,0,0,0,0,0,0,0
201,AgentA wins,24.00,0,0,0,0,0,0,0,0,0,0
202,AgentB wins,24.67,0,0,0,0,0,0,0,0,0,0
203,AgentA wins,50.00,0,0,0,0,0,0,0,0,0,0
204,AgentA wins,59.00,0,0,0,0,0,0,0,0,0,0
205,AgentA wins,33.00,0,0,0,0,0,0,0,0,0,0
206,AgentA wins,15.00,0,0,0,0,0,0,0,0,0,0
207,AgentA wins,28.33,0,0,0,0,0,0,0,0,0,0
208,AgentA wins,47.00,0,0,0,0,0,0,0,0,0,0
209,AgentA wins,36.00,0,0,0,0,0,0,0,0,0,0
210,AgentA wins,18.00,0,0,0,0,0,0,0,0,0,0
291,AgentA wins,15.00,0,0,0,0,0,0,0,0,0,0
292,AgentA wins,15.00,0,0,0,0,0,0,0,0,0,0
293,AgentA wins,19.67,0,0,0,0,0,0,0,0,0,0
294,AgentA wins,20.00,0,0,0,0,0,0,0,0,0,0
295,AgentA wins,20.00,0,0,0,0,0,0,0,0,0,0
296,AgentA wins,20.00,0,0,0,0,0,0,0,0,0,0
297,AgentA wins,20.00,0,0,0,0,0,0,0,0,0,0
298,AgentA wins,20.00,0,0,0,0,0,0,0,0,0,0
299,AgentA wins,18.00,0,0,0,0,0,0,0,0,0,0
300,AgentA wins,17.00,0,0,0,0,0,0,0,0,0,0
291,AgentA wins,18.00,0,0,0,0,0,0,0,0,0,0
292,AgentA wins,15.00,0,0,0,0,0,0,0,0,0,0
293,AgentA wins,17.00,0,0,0,0,0,0,0,0,0,0
294,AgentA wins,20.00,0,0,0,0,0,0,0,0,0,0
295,AgentA wins,15.00,0,0,0,0,0,0,0,0,0,0
296,AgentA wins,20.00,0,0,0,0,0,0,0,0,0,0
297,AgentA wins,15.00,0,0,0,0,0,0,0,0,0,0
298,AgentA wins,20.00,0,0,0,0,0,0,0,0,0,0
299,AgentA wins,18.00,0,0,0,0,0,0,0,0,0,0
300,AgentA wins,18.00,0,0,0,0,0,0,0,0,0,0
291,AgentA wins,15.00,0,0,0,0,0,0,0,0,0,0
292,AgentA wins,22.33,0,0,0,0,0,0,0,0,0,0
293,AgentA wins,15.00,0,0,0,0,0,0,0,0,0,0
294,AgentA wins,20.00,0,0,0,0,0,0,0,0,0,0
295,AgentA wins,20.00,0,0,0,0,0,0,0,0,0,0
296,AgentA wins,18.00,0,0,0,0,0,0,0,0,0,0
297,AgentA wins,20.00,0,0,0,0,0,0,0,0,0,0
298,AgentA wins,15.00,0,0,0,0,0,0,0,0,0,0
299,AgentA wins,15.00,0,0,0,0,0,0,0,0,0,0
300,AgentA wins,20.00,0,0,0,0,0,0,0,0,0,0
291,AgentA wins,19.67,0,0,0,0,0,0,0,0,0,0
292,AgentA wins,20.00,0,0,0,0,0,0,0,0,0,0
293,AgentA wins,17.00,0,0,0,0,0,0,0,0,0,0
294,AgentA wins,20.00,0,0,0,0,0,0,0,0,0,0
295,AgentA wins,15.00,0,0,0,0,0,0,0,0,0,0
296,AgentA wins,20.00,0,0,0,0,0,0,0,0,0,0
297,AgentA wins,18.00,0,0,0,0,0,0,0,0,0,0
298,AgentA wins,20.00,0,0,0,0,0,0,0,0,0,0
299,AgentA wins,20.00,0,0,0,0,0,0,0,0,0,0
300,AgentA wins,15.00,0,0,0,0,0,0,0,0,0,0
211,AgentA wins,30.00,0,0,0,0,0,0,0,0,0,0
212,AgentB wins,26.00,0,0,0,0,0,0,0,0,0,0
213,AgentA wins,24.00,0,0,0,0,0,0,0,0,0,0
214,AgentA wins,21.00,0,0,0,0,0,0,0,0,0,0
215,AgentA wins,34.67,0,0,0,0,0,0,0,0,0,0
216,AgentA wins,24.00,0,0,0,0,0,0,0,0,0,0
217,AgentA wins,15.00,0,0,0,0,0,0,0,0,0,0
218,AgentA wins,35.00,0,0,0,0,0,0,0,0,0,0
219,AgentA wins,34.67,0,0,0,0,0,0,0,0,0,0
220,AgentA wins,38.00,0,0,0,0,0,0,0,0,0,0
291,AgentA wins,19.67,0,0,0,0,0,0,0,0,0,0
292,AgentA wins,20.00,0,0,0,0,0,0,0,0,0,0
293,AgentA wins,20.00,0,0,0,0,0,0,0,0,0,0
294,AgentA wins,20.00,0,0,0,0,0,0,0,0,0,0
295,AgentA wins,15.00,0,0,0,0,0,0,0,0,0,0
296,AgentA wins,20.00,0,0,0,0,0,0,0,0,0,0
297,AgentA wins,20.00,0,0,0,0,0,0,0,0,0,0
298,AgentA wins,20.00,0,0,0,0,0,0,0,0,0,0
299,AgentA wins,20.00,0,0,0,0,0,0,0,0,0,0
300,AgentA wins,15.00,0,0,0,0,0,0,0,0,0,0
211,AgentA wins,24.00,0,0,0,0,0,0,0,0,0,0
212,AgentA wins,24.00,0,0,0,0,0,0,0,0,0,0
213,AgentB wins,28.67,0,0,0,0,0,0,0,0,0,0
214,AgentA wins,42.00,0,0,0,0,0,0,0,0,0,0
215,AgentA wins,21.00,0,0,0,0,0,0,0,0,0,0
216,AgentA wins,36.00,0,0,0,0,0,0,0,0,0,0
217,AgentA wins,18.00,0,0,0,0,0,0,0,0,0,0
218,AgentA wins,23.00,0,0,0,0,0,0,0,0,0,0
219,AgentA wins,18.00,0,0,0,0,0,0,0,0,0,0
220,AgentA wins,18.00,0,0,0,0,0,0,0,0,0,0
291,AgentA wins,19.67,0,0,0,0,0,0,0,0,0,0
292,AgentA wins,15.00,0,0,0,0,0,0,0,0,0,0
293,AgentA wins,15.00,0,0,0,0,0,0,0,0,0,0
294,AgentA wins,20.00,0,0,0,0,0,0,0,0,0,0
295,AgentA wins,20.00,0,0,0,0,0,0,0,0,0,0
296,AgentA wins,20.00,0,0,0,0,0,0,0,0,0,0
297,AgentA wins,20.00,0,0,0,0,0,0,0,0,0,0
298,AgentA wins,20.00,0,0,0,0,0,0,0,0,0,0
299,AgentA wins,18.00,0,0,0,0,0,0,0,0,0,0
300,AgentA wins,19.67,0,0,0,0,0,0,0,0,0,0
291,AgentA wins,20.00,0,0,0,0,0,0,0,0,0,0
292,AgentA wins,19.67,0,0,0,0,0,0,0,0,0,0
293,AgentA wins,18.00,0,0,0,0,0,0,0,0,0,0
294,AgentA wins,15.00,0,0,0,0,0,0,0,0,0,0
295,AgentA wins,20.00,0,0,0,0,0,0,0,0,0,0
296,AgentA wins,17.00,0,0,0,0,0,0,0,0,0,0
297,AgentA wins,20.00,0,0,0,0,0,0,0,0,0,0
298,AgentA wins,15.00,0,0,0,0,0,0,0,0,0,0
299,AgentA wins,20.00,0,0,0,0,0,0,0,0,0,0
300,AgentA wins,20.00,0,0,0,0,0,0,0,0,0,0
291,AgentA wins,18.00,0,0,0,0,0,0,0,0,0,0
292,AgentA wins,20.00,0,0,0,0,0,0,0,0,0,0
293,AgentA wins,19.67,0,0,0,0,0,0,0,0,0,0
294,AgentA wins,15.00,0,0,0,0,0,0,0,0,0,0
295,AgentA wins,18.00,0,0,0,0,0,0,0,0,0,0
296,AgentA wins,20.00,0,0,0,0,0,0,0,0,0,0
297,AgentA wins,18.00,0,0,0,0,0,0,0,0,0,0
298,AgentA wins,17.00,0,0,0,0,0,0,0,0,0,0
299,AgentA wins,18.00,0,0,0,0,0,0,0,0,0,0
300,AgentA wins,18.00,0,0,0,0,0,0,0,0,0,0
221,AgentA wins,48.67,0,0,0,0,0,0,0,0,0,0
222,AgentA wins,27.00,0,0,0,0,0,0,0,0,0,0
223,AgentA wins,15.00,0,0,0,0,0,0,0,0,0,0
224,AgentA wins,24.00,0,0,0,0,0,0,0,0,0,0
225,AgentB wins,29.00,0,0,0,0,0,0,0,0,0,0
226,AgentA wins,18.00,0,0,0,0,0,0,0,0,0,0
227,AgentA wins,24.00,0,0,0,0,0,0,0,0,0,0
228,AgentA wins,35.33,0,0,0,0,0,0,0,0,0,0
229,AgentA wins,24.00,0,0,0,0,0,0,0,0,0,0
230,AgentA wins,26.00,0,0,0,0,0,0,0,0,0,0
291,AgentA wins,15.00,0,0,0,0,0,0,0,0,0,0
292,AgentA wins,18.00,0,0,0,0,0,0,0,0,0,0
293,AgentA wins,18.00,0,0,0,0,0,0,0,0,0,0
294,AgentA wins,20.00,0,0,0,0,0,0,0,0,0,0
295,AgentA wins,20.00,0,0,0,0,0,0,0,0,0,0
296,AgentA wins,20.00,0,0,0,0,0,0,0,0,0,0
297,AgentA wins,20.00,0,0,0,0,0,0,0,0,0,0
298,AgentA wins,20.00,0,0,0,0,0,0,0,0,0,0
299,AgentA wins,20.00,0,0,0,0,0,0,0,0,0,0
300,AgentA wins,20.00,0,0,0,0,0,0,0,0,0,0
291,AgentA wins,22.33,0,0,0,0,0,0,0,0,0,0
292,AgentA wins,20.00,0,0,0,0,0,0,0,0,0,0
293,AgentA wins,20.00,0,0,0,0,0,0,0,0,0,0
294,AgentA wins,18.00,0,0,0,0,0,0,0,0,0,0
295,AgentA wins,20.00,0,0,0,0,0,0,0,0,0,0
296,AgentA wins,20.00,0,0,0,0,0,0,0,0,0,0
297,AgentA wins,20.00,0,0,0,0,0,0,0,0,0,0
298,AgentA wins,20.00,0,0,0,0,0,0,0,0,0,0
299,AgentA wins,20.00,0,0,0,0,0,0,0,0,0,0
300,AgentA wins,20.00,0,0,0,0,0,0,0,0,0,0
291,AgentA wins,15.00,0,0,0,0,0,0,0,0,0,0
292,AgentA wins,15.00,0,0,0,0,0,0,0,0,0,0
293,AgentA wins,20.00,0,0,0,0,0,0,0,0,0,0
294,AgentA wins,18.00,0,0,0,0,0,0,0,0,0,0
295,AgentA wins,20.00,0,0,0,0,0,0,0,0,0,0
296,AgentA wins,15.00,0,0,0,0,0,0,0,0,0,0
297,AgentA wins,17.00,0,0,0,0,0,0,0,0,0,0
298,AgentA wins,20.00,0,0,0,0,0,0,0,0,0,0
299,AgentA wins,20.00,0,0,0,0,0,0,0,0,0,0
300,AgentA wins,20.00,0,0,0,0,0,0,0,0,0,0
291,AgentA wins,18.00,0,0,0,0,0,0,0,0,0,0
292,AgentA wins,17.00,0,0,0,0,0,0,0,0,0,0
293,AgentA wins,20.00,0,0,0,0,0,0,0,0,0,0
294,AgentA wins,17.00,0,0,0,0,0,0,0,0,0,0
295,AgentA wins,20.00,0,0,0,0,0,0,0,0,0,0
296,AgentA wins,20.00,0,0,0,0,0,0,0,0,0,0
297,AgentA wins,20.00,0,0,0,0,0,0,0,0,0,0
298,AgentA wins,15.00,0,0,0,0,0,0,0,0,0,0
299,AgentA wins,20.00,0,0,0,0,0,0,0,0,0,0
300,AgentA wins,20.00,0,0,0,0,0,0,0,0,0,0
211,AgentB wins,25.00,223,224,0,131,0,175,0,24,33,48
212,AgentA wins,55.33,498,504,0,295,0,380,0,59,64,117
213,AgentB wins,24.67,223,224,0,124,0,176,0,24,38,39
214,AgentA wins,29.00,261,259,0,156,0,203,0,35,25,67
215,timeout draw,60.00,537,537,1,312,0,413,0,63,52,153
216,AgentA wins,15.00,134,139,0,86,0,105,0,19,14,36
217,AgentA wins,37.67,338,343,0,209,0,263,0,42,33,82
218,AgentA wins,24.00,219,223,0,133,0,164,0,28,21,53
219,AgentA wins,15.00,131,137,0,89,0,97,0,19,14,34
220,AgentA wins,32.00,290,292,0,168,0,228,0,34,40,58
291,AgentA wins,20.00,0,0,0,0,0,0,0,0,0,0
292,AgentA wins,18.00,0,0,0,0,0,0,0,0,0,0
293,AgentA wins,18.00,0,0,0,0,0,0,0,0,0,0
294,AgentA wins,15.00,0,0,0,0,0,0,0,0,0,0
295,AgentA wins,20.00,0,0,0,0,0,0,0,0,0,0
296,AgentA wins,20.00,0,0,0,0,0,0,0,0,0,0
297,AgentA wins,20.00,0,0,0,0,0,0,0,0,0,0
298,AgentA wins,15.00,0,0,0,0,0,0,0,0,0,0
299,AgentA wins,20.00,0,0,0,0,0,0,0,0,0,0
300,AgentA wins,20.00,0,0,0,0,0,0,0,0,0,0
291,AgentA wins,15.00,0,0,0,0,0,0,0,0,0,0
292,AgentA wins,18.00,0,0,0,0,0,0,0,0,0,0
293,AgentA wins,18.00,0,0,0,0,0,0,0,0,0,0
294,AgentA wins,20.00,0,0,0,0,0,0,0,0,0,0
295,AgentA wins,15.00,0,0,0,0,0,0,0,0,0,0
296,AgentA wins,20.00,0,0,0,0,0,0,0,0,0,0
297,AgentA wins,19.67,0,0,0,0,0,0,0,0,0,0
298,AgentA wins,19.67,0,0,0,0,0,0,0,0,0,0
299,AgentA wins,20.00,0,0,0,0,0,0,0,0,0,0
300,AgentA wins,15.00,0,0,0,0,0,0,0,0,0,0
211,AgentA wins,38.00,0,0,0,0,0,0,0,0,0,0
212,AgentA wins,41.00,0,0,0,0,0,0,0,0,0,0
213,AgentA wins,27.00,0,0,0,0,0,0,0,0,0,0
214,AgentA wins,37.00,0,0,0,0,0,0,0,0,0,0
215,AgentA wins,23.67,0,0,0,0,0,0,0,0,0,0
216,AgentA wins,26.00,0,0,0,0,0,0,0,0,0,0
217,AgentA wins,15.00,0,0,0,0,0,0,0,0,0,0
218,AgentA wins,40.67,0,0,0,0,0,0,0,0,0,0
219,AgentA wins,24.33,0,0,0,0,0,0,0,0,0,0
220,AgentA wins,31.00,0,0,0,0,0,0,0,0,0,0
301,AgentA wins,15.00,0,0,0,0,0,0,0,0,0,0
302,AgentA wins,20.00,0,0,0,0,0,0,0,0,0,0
303,AgentA wins,20.00,0,0,0,0,0,0,0,0,0,0
304,AgentA wins,20.00,0,0,0,0,0,0,0,0,0,0
305,AgentA wins,15.00,0,0,0,0,0,0,0,0,0,0
306,AgentA wins,17.00,0,0,0,0,0,0,0,0,0,0
307,AgentA wins,15.00,0,0,0,0,0,0,0,0,0,0
308,AgentA wins,15.00,0,0,0,0,0,0,0,0,0,0
309,AgentA wins,15.00,0,0,0,0,0,0,0,0,0,0
310,AgentA wins,20.00,0,0,0,0,0,0,0,0,0,0
211,AgentA wins,18.00,0,0,0,0,0,0,0,0,0,0
212,AgentA wins,24.00,0,0,0,0,0,0,0,0,0,0
213,AgentA wins,15.00,0,0,0,0,0,0,0,0,0,0
214,AgentA wins,32.33,0,0,0,0,0,0,0,0,0,0
215,AgentA wins,32.00,0,0,0,0,0,0,0,0,0,0
216,AgentA wins,39.00,0,0,0,0,0,0,0,0,0,0
217,AgentA wins,15.00,0,0,0,0,0,0,0,0,0,0
218,AgentA wins,35.00,0,0,0,0,0,0,0,0,0,0
219,AgentA wins,43.00,0,0,0,0,0,0,0,0,0,0
220,AgentA wins,18.00,0,0,0,0,0,0,0,0,0,0
221,AgentA wins,42.00,0,0,0,0,0,0,0,0,0,0
222,AgentA wins,35.00,0,0,0,0,0,0,0,0,0,0
223,AgentA wins,21.00,0,0,0,0,0,0,0,0,0,0
224,AgentA wins,40.00,0,0,0,0,0,0,0,0,0,0
225,AgentA wins,27.33,0,0,0,0,0,0,0,0,0,0
226,AgentA wins,15.00,0,0,0,0,0,0,0,0,0,0
227,AgentA wins,21.00,0,0,0,0,0,0,0,0,0,0
228,AgentA wins,35.00,0,0,0,0,0,0,0,0,0,0
229,AgentA wins,15.00,0,0,0,0,0,0,0,0,0,0
230,AgentA wins,18.00,0,0,0,0,0,0,0,0,0,0
211,AgentA wins,18.00,0,0,0,0,0,0,0,0,0,0
212,AgentA wins,27.00,0,0,0,0,0,0,0,0,0,0
213,AgentA wins,24.00,0,0,0,0,0,0,0,0,0,0
214,AgentA wins,18.00,0,0,0,0,0,0,0,0,0,0
215,AgentA wins,38.33,0,0,0,0,0,0,0,0,0,0
216,AgentA wins,43.00,0,0,0,0,0,0,0,0,0,0
217,AgentA wins,23.00,0,0,0,0,0,0,0,0,0,0
218,AgentA wins,18.00,0,0,0,0,0,0,0,0,0,0
219,AgentA wins,30.67,0,0,0,0,0,0,0,0,0,0
220,AgentA wins,27.67,0,0,0,0,0,0,0,0,0,0
301,AgentA wins,20.00,0,0,0,0,0,0,0,0,0,0
302,AgentA wins,18.00,0,0,0,0,0,0,0,0,0,0
303,AgentA wins,19.67,0,0,0,0,0,0,0,0,0,0
304,AgentA wins,20.00,0,0,0,0,0,0,0,0,0,0
305,AgentA wins,20.00,0,0,0,0,0,0,0,0,0,0
306,AgentA wins,15.00,0,0,0,0,0,0,0,0,0,0
307,AgentA wins,20.00,0,0,0,0,0,0,0,0,0,0
308,AgentA wins,15.00,0,0,0,0,0,0,0,0,0,0
309,AgentA wins,15.00,0,0,0,0,0,0,0,0,0,0
310,AgentA wins,20.00,0,0,0,0,0,0,0,0,0,0
301,AgentA wins,20.00,0,0,0,0,0,0,0,0,0,0
302,AgentA wins,19.67,0,0,0,0,0,0,0,0,0,0
303,AgentA wins,15.00,0,0,0,0,0,0,0,0,0,0
304,AgentA wins,20.00,0,0,0,0,0,0,0,0,0,0
305,AgentA wins,20.00,0,0,0,0,0,0,0,0,0,0
306,AgentA wins,17.00,0,0,0,0,0,0,0,0,0,0
307,AgentA wins,20.00,0,0,0,0,0,0,0,0,0,0
308,AgentA wins,20.00,0,0,0,0,0,0,0,0,0,0
309,AgentA wins,15.00,0,0,0,0,0,0,0,0,0,0
310,AgentA wins,20.00,0,0,0,0,0,0,0,0,0,0
301,AgentA wins,20.00,0,0,0,0,0,0,0,0,0,0
302,AgentA wins,18.00,0,0,0,0,0,0,0,0,0,0
303,AgentA wins,18.00,0,0,0,0,0,0,0,0,0,0
304,AgentA wins,15.00,0,0,0,0,0,0,0,0,0,0
305,AgentA wins,20.00,0,0,0,0,0,0,0,0,0,0
306,AgentA wins,20.00,0,0,0,0,0,0,0,0,0,0
307,AgentA wins,20.00,0,0,0,0,0,0,0,0,0,0
308,AgentA wins,20.00,0,0,0,0,0,0,0,0,0,0
309,AgentA wins,22.33,0,0,0,0,0,0,0,0,0,0
310,AgentA wins,20.00,0,0,0,0,0,0,0,0,0,0
301,AgentA wins,20.00,0,0,0,0,0,0,0,0,0,0
302,AgentA wins,19.67,0,0,0,0,0,0,0,0,0,0
303,AgentA wins,20.00,0,0,0,0,0,0,0,0,0,0
304,AgentA wins,19.67,0,0,0,0,0,0,0,0,0,0
305,AgentA wins,19.67,0,0,0,0,0,0,0,0,0,0
306,AgentA wins,17.00,0,0,0,0,0,0,0,0,0,0
307,AgentA wins,17.00,0,0,0,0,0,0,0,0,0,0
308,AgentA wins,20.00,0,0,0,0,0,0,0,0,0,0
309,AgentA wins,19.67,0,0,0,0,0,0,0,0,0,0
310,AgentA wins,18.00,0,0,0,0,0,0,0,0,0,0
301,AgentA wins,20.00,0,0,0,0,0,0,0,0,0,0
302,AgentA wins,19.67,0,0,0,0,0,0,0,0,0,0
303,AgentA wins,20.00,0,0,0,0,0,0,0,0,0,0
304,AgentA wins,17.00,0,0,0,0,0,0,0,0,0,0
305,AgentA wins,17.00,0,0,0,0,0,0,0,0,0,0
306,AgentA wins,18.00,0,0,0,0,0,0,0,0,0,0
307,AgentA wins,15.00,0,0,0,0,0,0,0,0,0,0
308,AgentA wins,20.00,0,0,0,0,0,0,0,0,0,0
309,AgentA wins,20.00,0,0,0,0,0,0,0,0,0,0
310,AgentA wins,20.00,0,0,0,0,0,0,0,0,0,0
301,AgentA wins,15.00,0,0,0,0,0,0,0,0,0,0
302,AgentA wins,20.00,0,0,0,0,0,0,0,0,0,0
303,AgentA wins,19.67,0,0,0,0,0,0,0,0,0,0
304,AgentA wins,20.00,0,0,0,0,0,0,0,0,0,0
305,AgentA wins,20.00,0,0,0,0,0,0,0,0,0,0
306,AgentA wins,15.00,0,0,0,0,0,0,0,0,0,0
307,AgentA wins,20.00,0,0,0,0,0,0,0,0,0,0
308,AgentA wins,15.00,0,0,0,0,0,0,0,0,0,0
309,AgentA wins,20.00,0,0,0,0,0,0,0,0,0,0
310,AgentA wins,15.00,0,0,0,0,0,0,0,0,0,0
211,AgentA wins,15.00,0,0,0,0,0,0,0,0,0,0
212,AgentA wins,15.00,0,0,0,0,0,0,0,0,0,0
213,AgentA wins,33.00,0,0,0,0,0,0,0,0,0,0
214,AgentA wins,32.00,0,0,0,0,0,0,0,0,0,0
215,AgentA wins,15.00,0,0,0,0,0,0,0,0,0,0
216,AgentA wins,18.67,0,0,0,0,0,0,0,0,0,0
217,AgentA wins,15.00,0,0,0,0,0,0,0,0,0,0
218,AgentA wins,49.00,0,0,0,0,0,0,0,0,0,0
219,AgentA wins,18.00,0,0,0,0,0,0,0,0,0,0
220,AgentA wins,23.67,0,0,0,0,0,0,0,0,0,0
211,AgentA wins,30.00,0,0,0,0,0,0,0,0,0,0
212,AgentA wins,15.00,0,0,0,0,0,0,0,0,0,0
213,AgentA wins,21.67,0,0,0,0,0,0,0,0,0,0
214,AgentA wins,18.00,0,0,0,0,0,0,0,0,0,0
215,AgentA wins,35.00,0,0,0,0,0,0,0,0,0,0
216,AgentA wins,15.00,0,0,0,0,0,0,0,0,0,0
217,AgentB wins,24.67,0,0,0,0,0,0,0,0,0,0
218,AgentA wins,24.00,0,0,0,0,0,0,0,0,0,0
219,AgentA wins,35.33,0,0,0,0,0,0,0,0,0,0
220,AgentA wins,15.00,0,0,0,0,0,0,0,0,0,0
301,AgentA wins,15.00,0,0,0,0,0,0,0,0,0,0
302,AgentA wins,19.67,0,0,0,0,0,0,0,0,0,0
303,AgentA wins,19.67,0,0,0,0,0,0,0,0,0,0
304,AgentA wins,19.67,0,0,0,0,0,0,0,0,0,0
305,AgentA wins,19.67,0,0,0,0,0,0,0,0,0,0
306,AgentA wins,20.00,0,0,0,0,0,0,0,0,0,0
307,AgentA wins,19.67,0,0,0,0,0,0,0,0,0,0
308,AgentA wins,20.00,0,0,0,0,0,0,0,0,0,0
309,AgentA wins,18.00,0,0,0,0,0,0,0,0,0,0
310,AgentA wins,20.00,0,0,0,0,0,0,0,0,0,0
301,AgentA wins,20.00,0,0,0,0,0,0,0,0,0,0
302,AgentA wins,18.00,0,0,0,0,0,0,0,0,0,0
303,AgentA wins,20.00,0,0,0,0,0,0,0,0,0,0
304,AgentA wins,20.00,0,0,0,0,0,0,0,0,0,0
305,AgentA wins,20.00,0,0,0,0,0,0,0,0,0,0
306,AgentA wins,15.00,0,0,0,0,0,0,0,0,0,0
307,AgentA wins,19.67,0,0,0,0,0,0,0,0,0,0
308,AgentA wins,20.00,0,0,0,0,0,0,0,0,0,0
309,AgentA wins,20.00,0,0,0,0,0,0,0,0,0,0
310,AgentA wins,20.00,0,0,0,0,0,0,0,0,0,0
301,AgentA wins,19.67,0,0,0,0,0,0,0,0,0,0
302,AgentA wins,22.33,0,0,0,0,0,0,0,0,0,0
303,AgentA wins,20.00,0,0,0,0,0,0,0,0,0,0
304,AgentA wins,15.00,0,0,0,0,0,0,0,0,0,0
305,AgentA wins,19.67,0,0,0,0,0,0,0,0,0,0
306,AgentA wins,18.00,0,0,0,0,0,0,0,0,0,0
307,AgentA wins,15.00,0,0,0,0,0,0,0,0,0,0
308,AgentA wins,17.00,0,0,0,0,0,0,0,0,0,0
309,AgentA wins,15.00,0,0,0,0,0,0,0,0,0,0
310,AgentA wins,15.00,0,0,0,0,0,0,0,0,0,0
301,AgentA wins,15.00,0,0,0,0,0,0,0,0,0,0
302,AgentA wins,18.00,0,0,0,0,0,0,0,0,0,0
303,AgentA wins,19.67,0,0,0,0,0,0,0,0,0,0
304,AgentA wins,15.00,0,0,0,0,0,0,0,0,0,0
305,AgentA wins,22.33,0,0,0,0,0,0,0,0,0,0
306,AgentA wins,19.67,0,0,0,0,0,0,0,0,0,0
307,AgentA wins,19.67,0,0,0,0,0,0,0,0,0,0
308,AgentA wins,20.00,0,0,0,0,0,0,0,0,0,0
309,AgentA wins,15.00,0,0,0,0,0,0,0,0,0,0
310,AgentA wins,18.00,0,0,0,0,0,0,0,0,0,0
221,AgentA wins,15.00,0,0,0,0,0,0,0,0,0,0
222,AgentA wins,15.00,0,0,0,0,0,0,0,0,0,0
223,AgentA wins,15.00,0,0,0,0,0,0,0,0,0,0
224,AgentA wins,33.00,0,0,0,0,0,0,0,0,0,0
225,AgentA wins,27.33,0,0,0,0,0,0,0,0,0,0
226,AgentA wins,15.67,0,0,0,0,0,0,0,0,0,0
227,AgentA wins,41.33,0,0,0,0,0,0,0,0,0,0
228,AgentA wins,18.00,0,0,0,0,0,0,0,0,0,0
229,AgentA wins,37.67,0,0,0,0,0,0,0,0,0,0
230,AgentA wins,18.00,0,0,0,0,0,0,0,0,0,0
301,AgentA wins,15.00,0,0,0,0,0,0,0,0,0,0
302,AgentA wins,15.00,0,0,0,0,0,0,0,0,0,0
303,AgentA wins,20.00,0,0,0,0,0,0,0,0,0,0
304,AgentA wins,20.00,0,0,0,0,0,0,0,0,0,0
305,AgentA wins,15.00,0,0,0,0,0,0,0,0,0,0
306,AgentA wins,20.00,0,0,0,0,0,0,0,0,0,0
307,AgentA wins,15.00,0,0,0,0,0,0,0,0,0,0
308,AgentA wins,20.00,0,0,0,0,0,0,0,0,0,0
309,AgentA wins,20.00,0,0,0,0,0,0,0,0,0,0
310,AgentA wins,18.00,0,0,0,0,0,0,0,0,0,0
301,AgentA wins,20.00,0,0,0,0,0,0,0,0,0,0
302,AgentA wins,17.00,0,0,0,0,0,0,0,0,0,0
303,AgentA wins,20.00,0,0,0,0,0,0,0,0,0,0
304,AgentA wins,18.00,0,0,0,0,0,0,0,0,0,0
305,AgentA wins,15.00,0,0,0,0,0,0,0,0,0,0
306,AgentA wins,20.00,0,0,0,0,0,0,0,0,0,0
307,AgentA wins,15.00,0,0,0,0,0,0,0,0,0,0
308,AgentA wins,17.00,0,0,0,0,0,0,0,0,0,0
309,AgentA wins,20.00,0,0,0,0,0,0,0,0,0,0
310,AgentA wins,19.67,0,0,0,0,0,0,0,0,0,0
301,AgentA wins,20.00,0,0,0,0,0,0,0,0,0,0
302,AgentA wins,20.00,0,0,0,0,0,0,0,0,0,0
303,AgentA wins,19.67,0,0,0,0,0,0,0,0,0,0
304,AgentA wins,20.00,0,0,0,0,0,0,0,0,0,0
305,AgentA wins,19.67,0,0,0,0,0,0,0,0,0,0
306,AgentA wins,15.00,0,0,0,0,0,0,0,0,0,0
307,AgentA wins,18.00,0,0,0,0,0,0,0,0,0,0
308,AgentA wins,15.00,0,0,0,0,0,0,0,0,0,0
309,AgentA wins,15.00,0,0,0,0,0,0,0,0,0,0
310,AgentA wins,20.00,0,0,0,0,0,0,0,0,0,0
301,AgentA wins,22.33,0,0,0,0,0,0,0,0,0,0
302,AgentA wins,15.00,0,0,0,0,0,0,0,0,0,0
303,AgentA wins,20.00,0,0,0,0,0,0,0,0,0,0
304,AgentA wins,19.67,0,0,0,0,0,0,0,0,0,0
305,AgentA wins,20.00,0,0,0,0,0,0,0,0,0,0
306,AgentA wins,20.00,0,0,0,0,0,0,0,0,0,0
307,AgentA wins,20.00,0,0,0,0,0,0,0,0,0,0
308,AgentA wins,18.00,0,0,0,0,0,0,0,0,0,0
309,AgentA wins,20.00,0,0,0,0,0,0,0,0,0,0
310,AgentA wins,18.00,0,0,0,0,0,0,0,0,0,0
231,AgentA wins,26.33,0,0,0,0,0,0,0,0,0,0
232,AgentA wins,24.00,0,0,0,0,0,0,0,0,0,0
233,AgentA wins,15.00,0,0,0,0,0,0,0,0,0,0
234,AgentA wins,48.00,0,0,0,0,0,0,0,0,0,0
235,AgentA wins,24.00,0,0,0,0,0,0,0,0,0,0
236,AgentA wins,27.00,0,0,0,0,0,0,0,0,0,0
237,AgentA wins,21.00,0,0,0,0,0,0,0,0,0,0
238,AgentA wins,15.00,0,0,0,0,0,0,0,0,0,0
239,AgentA wins,18.00,0,0,0,0,0,0,0,0,0,0
240,AgentA wins,34.33,0,0,0,0,0,0,0,0,0,0
221,AgentA wins,41.33,0,0,0,0,0,0,0,0,0,0
222,AgentA wins,24.00,0,0,0,0,0,0,0,0,0,0
223,AgentB wins,40.00,0,0,0,0,0,0,0,0,0,0
224,AgentA wins,15.00,0,0,0,0,0,0,0,0,0,0
225,AgentA wins,15.00,0,0,0,0,0,0,0,0,0,0
226,AgentA wins,30.00,0,0,0,0,0,0,0,0,0,0
227,AgentA wins,30.00,0,0,0,0,0,0,0,0,0,0
228,AgentA wins,15.00,0,0,0,0,0,0,0,0,0,0
229,AgentA wins,32.33,0,0,0,0,0,0,0,0,0,0
230,AgentB wins,36.67,0,0,0,0,0,0,0,0,0,0
311,AgentA wins,20.00,0,0,0,0,0,0,0,0,0,0
312,AgentA wins,20.00,0,0,0,0,0,0,0,0,0,0
313,AgentA wins,20.00,0,0,0,0,0,0,0,0,0,0
314,AgentA wins,20.00,0,0,0,0,0,0,0,0,0,0
315,AgentA wins,15.00,0,0,0,0,0,0,0,0,0,0
316,AgentA wins,20.00,0,0,0,0,0,0,0,0,0,0
317,AgentA wins,15.00,0,0,0,0,0,0,0,0,0,0
318,AgentA wins,15.00,0,0,0,0,0,0,0,0,0,0
319,AgentA wins,20.00,0,0,0,0,0,0,0,0,0,0
320,AgentA wins,17.00,0,0,0,0,0,0,0,0,0,0
221,AgentA wins,15.00,137,134,0,95,0,106,0,23,13,30
222,AgentB wins,28.00,258,253,0,149,0,206,0,27,41,52
223,AgentA wins,18.00,161,159,0,98,0,123,0,19,20,41
224,AgentA wins,15.00,133,135,0,87,0,104,0,16,14,32
225,AgentA wins,35.33,319,319,0,182,0,261,0,36,42,73
226,AgentA wins,31.33,286,281,0,173,0,223,0,35,29,67
227,AgentB wins,51.00,458,457,0,271,0,341,0,56,47,132
228,AgentA wins,15.00,139,135,0,74,0,96,0,17,21,29
229,AgentA wins,29.33,268,258,0,159,0,203,0,30,20,69
230,AgentA wins,27.00,248,241,0,143,0,194,0,29,28,64
311,AgentA wins,17.00,0,0,0,0,0,0,0,0,0,0
312,AgentA wins,18.00,0,0,0,0,0,0,0,0,0,0
313,AgentA wins,19.67,0,0,0,0,0,0,0,0,0,0
314,AgentA wins,20.00,0,0,0,0,0,0,0,0,0,0
315,AgentA wins,20.00,0,0,0,0,0,0,0,0,0,0
316,AgentA wins,20.00,0,0,0,0,0,0,0,0,0,0
317,AgentA wins,20.00,0,0,0,0,0,0,0,0,0,0
318,AgentA wins,15.00,0,0,0,0,0,0,0,0,0,0
319,AgentA wins,15.00,0,0,0,0,0,0,0,0,0,0
320,AgentA wins,20.00,0,0,0,0,0,0,0,0,0,0
311,AgentA wins,20.00,0,0,0,0,0,0,0,0,0,0
312,AgentA wins,20.00,0,0,0,0,0,0,0,0,0,0
313,AgentA wins,15.00,0,0,0,0,0,0,0,0,0,0
314,AgentA wins,19.67,0,0,0,0,0,0,0,0,0,0
315,AgentA wins,18.00,0,0,0,0,0,0,0,0,0,0
316,AgentA wins,19.67,0,0,0,0,0,0,0,0,0,0
317,AgentA wins,20.00,0,0,0,0,0,0,0,0,0,0
318,AgentA wins,20.00,0,0,0,0,0,0,0,0,0,0
319,AgentA wins,20.00,0,0,0,0,0,0,0,0,0,0
320,AgentA wins,20.00,0,0,0,0,0,0,0,0,0,0
311,AgentA wins,20.00,0,0,0,0,0,0,0,0,0,0
312,AgentA wins,15.00,0,0,0,0,0,0,0,0,0,0
313,AgentA wins,17.00,0,0,0,0,0,0,0,0,0,0
314,AgentA wins,15.00,0,0,0,0,0,0,0,0,0,0
315,AgentA wins,18.00,0,0,0,0,0,0,0,0,0,0
316,AgentA wins,20.00,0,0,0,0,0,0,0,0,0,0
317,AgentA wins,15.00,0,0,0,0,0,0,0,0,0,0
318,AgentA wins,18.00,0,0,0,0,0,0,0,0,0,0
319,AgentA wins,20.00,0,0,0,0,0,0,0,0,0,0
320,AgentA wins,20.00,0,0,0,0,0,0,0,0,0,0
311,AgentA wins,20.00,0,0,0,0,0,0,0,0,0,0
312,AgentA wins,15.00,0,0,0,0,0,0,0,0,0,0
313,AgentA wins,20.00,0,0,0,0,0,0,0,0,0,0
314,AgentA wins,15.00,0,0,0,0,0,0,0,0,0,0
315,AgentA wins,15.00,0,0,0,0,0,0,0,0,0,0
316,AgentA wins,20.00,0,0,0,0,0,0,0,0,0,0
317,AgentA wins,15.00,0,0,0,0,0,0,0,0,0,0
318,AgentA wins,15.00,0,0,0,0,0,0,0,0,0,0
319,AgentA wins,18.00,0,0,0,0,0,0,0,0,0,0
320,AgentA wins,15.00,0,0,0,0,0,0,0,0,0,0
311,AgentA wins,20.00,0,0,0,0,0,0,0,0,0,0
312,AgentA wins,15.00,0,0,0,0,0,0,0,0,0,0
313,AgentA wins,15.00,0,0,0,0,0,0,0,0,0,0
314,AgentA wins,19.67,0,0,0,0,0,0,0,0,0,0
315,AgentA wins,20.00,0,0,0,0,0,0,0,0,0,0
316,AgentA wins,15.00,0,0,0,0,0,0,0,0,0,0
317,AgentA wins,20.00,0,0,0,0,0,0,0,0,0,0
318,AgentA wins,20.00,0,0,0,0,0,0,0,0,0,0
319,AgentA wins,20.00,0,0,0,0,0,0,0,0,0,0
320,AgentA wins,20.00,0,0,0,0,0,0,0,0,0,0
311,AgentA wins,18.00,0,0,0,0,0,0,0,0,0,0
312,AgentA wins,18.00,0,0,0,0,0,0,0,0,0,0
313,AgentA wins,20.00,0,0,0,0,0,0,0,0,0,0
314,AgentA wins,20.00,0,0,0,0,0,0,0,0,0,0
315,AgentA wins,20.00,0,0,0,0,0,0,0,0,0,0
316,AgentA wins,20.00,0,0,0,0,0,0,0,0,0,0
317,AgentA wins,20.00,0,0,0,0,0,0,0,0,0,0
318,AgentA wins,15.00,0,0,0,0,0,0,0,0,0,0
319,AgentA wins,20.00,0,0,0,0,0,0,0,0,0,0
320,AgentA wins,19.67,0,0,0,0,0,0,0,0,0,0
311,AgentA wins,17.00,0,0,0,0,0,0,0,0,0,0
312,AgentA wins,18.00,0,0,0,0,0,0,0,0,0,0
313,AgentA wins,18.00,0,0,0,0,0,0,0,0,0,0
314,AgentA wins,20.00,0,0,0,0,0,0,0,0,0,0
315,AgentA wins,20.00,0,0,0,0,0,0,0,0,0,0
316,AgentA wins,15.00,0,0,0,0,0,0,0,0,0,0
317,AgentA wins,15.00,0,0,0,0,0,0,0,0,0,0
318,AgentA wins,20.00,0,0,0,0,0,0,0,0,0,0
319,AgentA wins,20.00,0,0,0,0,0,0,0,0,0,0
320,AgentA wins,20.00,0,0,0,0,0,0,0,0,0,0
221,AgentA wins,47.67,0,0,0,0,0,0,0,0,0,0
222,AgentB wins,27.67,0,0,0,0,0,0,0,0,0,0
223,AgentA wins,21.67,0,0,0,0,0,0,0,0,0,0
224,AgentA wins,32.00,0,0,0,0,0,0,0,0,0,0
225,AgentA wins,27.00,0,0,0,0,0,0,0,0,0,0
226,AgentA wins,18.00,0,0,0,0,0,0,0,0,0,0
227,AgentA wins,15.00,0,0,0,0,0,0,0,0,0,0
228,AgentA wins,18.00,0,0,0,0,0,0,0,0,0,0
229,AgentA wins,27.67,0,0,0,0,0,0,0,0,0,0
230,AgentA wins,18.00,0,0,0,0,0,0,0,0,0,0
311,AgentA wins,17.00,0,0,0,0,0,0,0,0,0,0
312,AgentA wins,20.00,0,0,0,0,0,0,0,0,0,0
313,AgentA wins,20.00,0,0,0,0,0,0,0,0,0,0
314,AgentA wins,18.00,0,0,0,0,0,0,0,0,0,0
315,AgentA wins,15.00,0,0,0,0,0,0,0,0,0,0
316,AgentA wins,20.00,0,0,0,0,0,0,0,0,0,0
317,AgentA wins,20.00,0,0,0,0,0,0,0,0,0,0
318,AgentA wins,17.00,0,0,0,0,0,0,0,0,0,0
319,AgentA wins,18.00,0,0,0,0,0,0,0,0,0,0
320,AgentA wins,18.00,0,0,0,0,0,0,0,0,0,0
311,AgentA wins,15.00,0,0,0,0,0,0,0,0,0,0
312,AgentA wins,18.00,0,0,0,0,0,0,0,0,0,0
313,AgentA wins,15.00,0,0,0,0,0,0,0,0,0,0
314,AgentA wins,15.00,0,0,0,0,0,0,0,0,0,0
315,AgentA wins,20.00,0,0,0,0,0,0,0,0,0,0
316,AgentA wins,20.00,0,0,0,0,0,0,0,0,0,0
317,AgentA wins,20.00,0,0,0,0,0,0,0,0,0,0
318,AgentA wins,20.00,0,0,0,0,0,0,0,0,0,0
319,AgentA wins,19.67,0,0,0,0,0,0,0,0,0,0
320,AgentA wins,19.67,0,0,0,0,0,0,0,0,0,0
311,AgentA wins,17.00,0,0,0,0,0,0,0,0,0,0
312,AgentA wins,15.00,0,0,0,0,0,0,0,0,0,0
313,AgentA wins,17.00,0,0,0,0,0,0,0,0,0,0
314,AgentA wins,15.00,0,0,0,0,0,0,0,0,0,0
315,AgentA wins,20.00,0,0,0,0,0,0,0,0,0,0
316,AgentA wins,20.00,0,0,0,0,0,0,0,0,0,0
317,AgentA wins,15.00,0,0,0,0,0,0,0,0,0,0
318,AgentA wins,19.67,0,0,0,0,0,0,0,0,0,0
319,AgentA wins,18.00,0,0,0,0,0,0,0,0,0,0
320,AgentA wins,17.00,0,0,0,0,0,0,0,0,0,0
231,AgentA wins,24.00,0,0,0,0,0,0,0,0,0,0
232,AgentA wins,18.00,0,0,0,0,0,0,0,0,0,0
233,AgentA wins,38.00,0,0,0,0,0,0,0,0,0,0
234,AgentA wins,34.67,0,0,0,0,0,0,0,0,0,0
235,AgentA wins,36.00,0,0,0,0,0,0,0,0,0,0
236,AgentA wins,37.67,0,0,0,0,0,0,0,0,0,0
237,AgentA wins,23.67,0,0,0,0,0,0,0,0,0,0
238,AgentA wins,18.00,0,0,0,0,0,0,0,0,0,0
239,AgentA wins,18.00,0,0,0,0,0,0,0,0,0,0
240,AgentA wins,27.67,0,0,0,0,0,0,0,0,0,0
311,AgentA wins,20.00,0,0,0,0,0,0,0,0,0,0
312,AgentA wins,20.00,0,0,0,0,0,0,0,0,0,0
313,AgentA wins,20.00,0,0,0,0,0,0,0,0,0,0
314,AgentA wins,20.00,0,0,0,0,0,0,0,0,0,0
315,AgentA wins,20.00,0,0,0,0,0,0,0,0,0,0
316,AgentA wins,20.00,0,0,0,0,0,0,0,0,0,0
317,AgentA wins,15.00,0,0,0,0,0,0,0,0,0,0
318,AgentA wins,15.00,0,0,0,0,0,0,0,0,0,0
319,AgentA wins,15.00,0,0,0,0,0,0,0,0,0,0
320,AgentA wins,19.67,0,0,0,0,0,0,0,0,0,0
221,AgentA wins,28.67,0,0,0,0,0,0,0,0,0,0
222,AgentA wins,48.00,0,0,0,0,0,0,0,0,0,0
223,AgentB wins,27.00,0,0,0,0,0,0,0,0,0,0
224,timeout draw,60.00,0,0,0,0,0,0,0,0,0,0
225,AgentA wins,34.67,0,0,0,0,0,0,0,0,0,0
226,AgentA wins,18.00,0,0,0,0,0,0,0,0,0,0
227,AgentA wins,43.33,0,0,0,0,0,0,0,0,0,0
228,AgentA wins,15.00,0,0,0,0,0,0,0,0,0,0
229,AgentA wins,24.00,0,0,0,0,0,0,0,0,0,0
230,AgentA wins,15.00,0,0,0,0,0,0,0,0,0,0
311,AgentA wins,15.00,0,0,0,0,0,0,0,0,0,0
312,AgentA wins,15.00,0,0,0,0,0,0,0,0,0,0
313,AgentA wins,20.00,0,0,0,0,0,0,0,0,0,0
314,AgentA wins,15.00,0,0,0,0,0,0,0,0,0,0
315,AgentA wins,20.00,0,0,0,0,0,0,0,0,0,0
316,AgentA wins,20.00,0,0,0,0,0,0,0,0,0,0
317,AgentA wins,20.00,0,0,0,0,0,0,0,0,0,0
318,AgentA wins,20.00,0,0,0,0,0,0,0,0,0,0
319,AgentA wins,18.00,0,0,0,0,0,0,0,0,0,0
320,AgentA wins,20.00,0,0,0,0,0,0,0,0,0,0
221,AgentA wins,43.33,0,0,0,0,0,0,0,0,0,0
222,AgentA wins,18.00,0,0,0,0,0,0,0,0,0,0
223,AgentA wins,18.00,0,0,0,0,0,0,0,0,0,0
224,AgentA wins,18.00,0,0,0,0,0,0,0,0,0,0
225,AgentA wins,43.67,0,0,0,0,0,0,0,0,0,0
226,AgentA wins,32.67,0,0,0,0,0,0,0,0,0,0
227,AgentA wins,32.33,0,0,0,0,0,0,0,0,0,0
228,AgentA wins,37.33,0,0,0,0,0,0,0,0,0,0
229,AgentA wins,23.67,0,0,0,0,0,0,0,0,0,0
230,AgentA wins,32.00,0,0,0,0,0,0,0,0,0,0
221,AgentA wins,15.00,0,0,0,0,0,0,0,0,0,0
222,timeout draw,60.00,0,0,0,0,0,0,0,0,0,0
223,AgentA wins,15.00,0,0,0,0,0,0,0,0,0,0
224,AgentA wins,32.67,0,0,0,0,0,0,0,0,0,0
225,AgentA wins,21.00,0,0,0,0,0,0,0,0,0,0
226,AgentA wins,15.67,0,0,0,0,0,0,0,0,0,0
227,AgentA wins,24.00,0,0,0,0,0,0,0,0,0,0
228,AgentA wins,29.00,0,0,0,0,0,0,0,0,0,0
229,AgentA wins,21.00,0,0,0,0,0,0,0,0,0,0
230,AgentA wins,15.00,0,0,0,0,0,0,0,0,0,0
311,AgentA wins,17.00,0,0,0,0,0,0,0,0,0,0
312,AgentA wins,18.00,0,0,0,0,0,0,0,0,0,0
313,AgentA wins,20.00,0,0,0,0,0,0,0,0,0,0
314,AgentA wins,18.00,0,0,0,0,0,0,0,0,0,0
315,AgentA wins,17.00,0,0,0,0,0,0,0,0,0,0
316,AgentA wins,20.00,0,0,0,0,0,0,0,0,0,0
317,AgentA wins,19.67,0,0,0,0,0,0,0,0,0,0
318,AgentA wins,17.00,0,0,0,0,0,0,0,0,0,0
319,AgentA wins,20.00,0,0,0,0,0,0,0,0,0,0
320,AgentA wins,15.00,0,0,0,0,0,0,0,0,0,0
221,AgentA wins,18.00,0,0,0,0,0,0,0,0,0,0
222,AgentA wins,21.67,0,0,0,0,0,0,0,0,0,0
223,AgentA wins,37.00,0,0,0,0,0,0,0,0,0,0
224,AgentA wins,24.33,0,0,0,0,0,0,0,0,0,0
225,AgentB wins,22.33,0,0,0,0,0,0,0,0,0,0
226,AgentA wins,24.00,0,0,0,0,0,0,0,0,0,0
227,AgentA wins,30.00,0,0,0,0,0,0,0,0,0,0
228,AgentA wins,24.00,0,0,0,0,0,0,0,0,0,0
229,AgentA wins,24.00,0,0,0,0,0,0,0,0,0,0
230,AgentA wins,31.33,0,0,0,0,0,0,0,0,0,0
311,AgentA wins,18.00,0,0,0,0,0,0,0,0,0,0
312,AgentA wins,20.00,0,0,0,0,0,0,0,0,0,0
313,AgentA wins,20.00,0,0,0,0,0,0,0,0,0,0
314,AgentA wins,15.00,0,0,0,0,0,0,0,0,0,0
315,AgentA wins,18.00,0,0,0,0,0,0,0,0,0,0
316,AgentA wins,19.67,0,0,0,0,0,0,0,0,0,0
317,AgentA wins,19.67,0,0,0,0,0,0,0,0,0,0
318,AgentA wins,17.00,0,0,0,0,0,0,0,0,0,0
319,AgentA wins,20.00,0,0,0,0,0,0,0,0,0,0
320,AgentA wins,20.00,0,0,0,0,0,0,0,0,0,0
321,AgentA wins,22.33,0,0,0,0,0,0,0,0,0,0
322,AgentA wins,20.00,0,0,0,0,0,0,0,0,0,0
323,AgentA wins,20.00,0,0,0,0,0,0,0,0,0,0
324,AgentA wins,15.00,0,0,0,0,0,0,0,0,0,0
325,AgentA wins,17.00,0,0,0,0,0,0,0,0,0,0
326,AgentA wins,17.00,0,0,0,0,0,0,0,0,0,0
327,AgentA wins,15.00,0,0,0,0,0,0,0,0,0,0
328,AgentA wins,20.00,0,0,0,0,0,0,0,0,0,0
329,AgentA wins,19.67,0,0,0,0,0,0,0,0,0,0
330,AgentA wins,19.67,0,0,0,0,0,0,0,0,0,0
231,timeout draw,60.00,0,0,0,0,0,0,0,0,0,0
232,AgentA wins,27.00,0,0,0,0,0,0,0,0,0,0
233,AgentA wins,15.00,0,0,0,0,0,0,0,0,0,0
234,AgentA wins,15.00,0,0,0,0,0,0,0,0,0,0
235,AgentA wins,30.00,0,0,0,0,0,0,0,0,0,0
236,AgentA wins,18.00,0,0,0,0,0,0,0,0,0,0
237,AgentA wins,26.00,0,0,0,0,0,0,0,0,0,0
238,AgentA wins,29.67,0,0,0,0,0,0,0,0,0,0
239,AgentA wins,21.67,0,0,0,0,0,0,0,0,0,0
240,AgentA wins,27.00,0,0,0,0,0,0,0,0,0,0
241,AgentA wins,18.00,0,0,0,0,0,0,0,0,0,0
242,AgentA wins,18.00,0,0,0,0,0,0,0,0,0,0
243,AgentA wins,24.00,0,0,0,0,0,0,0,0,0,0
244,AgentA wins,37.33,0,0,0,0,0,0,0,0,0,0
245,AgentA wins,15.00,0,0,0,0,0,0,0,0,0,0
246,AgentA wins,28.33,0,0,0,0,0,0,0,0,0,0
247,AgentA wins,29.00,0,0,0,0,0,0,0,0,0,0
248,AgentA wins,34.67,0,0,0,0,0,0,0,0,0,0
249,AgentA wins,18.00,0,0,0,0,0,0,0,0,0,0
250,AgentA wins,15.00,0,0,0,0,0,0,0,0,0,0
231,AgentA wins,21.67,0,0,0,0,0,0,0,0,0,0
232,AgentA wins,18.00,0,0,0,0,0,0,0,0,0,0
233,AgentA wins,34.67,0,0,0,0,0,0,0,0,0,0
234,AgentA wins,15.00,0,0,0,0,0,0,0,0,0,0
235,AgentA wins,37.67,0,0,0,0,0,0,0,0,0,0
236,AgentA wins,15.00,0,0,0,0,0,0,0,0,0,0
237,AgentA wins,15.00,0,0,0,0,0,0,0,0,0,0
238,AgentA wins,33.00,0,0,0,0,0,0,0,0,0,0
239,AgentA wins,35.00,0,0,0,0,0,0,0,0,0,0
240,AgentA wins,15.00,0,0,0,0,0,0,0,0,0,0
321,AgentA wins,22.33,0,0,0,0,0,0,0,0,0,0
322,AgentA wins,20.00,0,0,0,0,0,0,0,0,0,0
323,AgentA wins,15.00,0,0,0,0,0,0,0,0,0,0
324,AgentA wins,17.00,0,0,0,0,0,0,0,0,0,0
325,AgentA wins,15.00,0,0,0,0,0,0,0,0,0,0
326,AgentA wins,15.00,0,0,0,0,0,0,0,0,0,0
327,AgentA wins,20.00,0,0,0,0,0,0,0,0,0,0
328,AgentA wins,15.00,0,0,0,0,0,0,0,0,0,0
329,AgentA wins,20.00,0,0,0,0,0,0,0,0,0,0
330,AgentA wins,20.00,0,0,0,0,0,0,0,0,0,0
321,AgentA wins,20.00,0,0,0,0,0,0,0,0,0,0
322,AgentA wins,15.00,0,0,0,0,0,0,0,0,0,0
323,AgentA wins,20.00,0,0,0,0,0,0,0,0,0,0
324,AgentA wins,20.00,0,0,0,0,0,0,0,0,0,0
325,AgentA wins,15.00,0,0,0,0,0,0,0,0,0,0
326,AgentA wins,19.67,0,0,0,0,0,0,0,0,0,0
327,AgentA wins,20.00,0,0,0,0,0,0,0,0,0,0
328,AgentA wins,19.67,0,0,0,0,0,0,0,0,0,0
329,AgentA wins,15.00,0,0,0,0,0,0,0,0,0,0
330,AgentA wins,20.00,0,0,0,0,0,0,0,0,0,0
321,AgentA wins,20.00,0,0,0,0,0,0,0,0,0,0
322,AgentA wins,18.00,0,0,0,0,0,0,0,0,0,0
323,AgentA wins,15.00,0,0,0,0,0,0,0,0,0,0
324,AgentA wins,20.00,0,0,0,0,0,0,0,0,0,0
325,AgentA wins,20.00,0,0,0,0,0,0,0,0,0,0
326,AgentA wins,15.00,0,0,0,0,0,0,0,0,0,0
327,AgentA wins,17.00,0,0,0,0,0,0,0,0,0,0
328,AgentA wins,17.00,0,0,0,0,0,0,0,0,0,0
329,AgentA wins,17.00,0,0,0,0,0,0,0,0,0,0
330,AgentA wins,19.67,0,0,0,0,0,0,0,0,0,0
321,AgentA wins,15.00,0,0,0,0,0,0,0,0,0,0
322,AgentA wins,20.00,0,0,0,0,0,0,0,0,0,0
323,AgentA wins,20.00,0,0,0,0,0,0,0,0,0,0
324,AgentA wins,20.00,0,0,0,0,0,0,0,0,0,0
325,AgentA wins,15.00,0,0,0,0,0,0,0,0,0,0
326,AgentA wins,22.33,0,0,0,0,0,0,0,0,0,0
327,AgentA wins,20.00,0,0,0,0,0,0,0,0,0,0
328,AgentA wins,20.00,0,0,0,0,0,0,0,0,0,0
329,AgentA wins,20.00,0,0,0,0,0,0,0,0,0,0
330,AgentA wins,19.67,0,0,0,0,0,0,0,0,0,0
321,AgentA wins,20.00,0,0,0,0,0,0,0,0,0,0
322,AgentA wins,20.00,0,0,0,0,0,0,0,0,0,0
323,AgentA wins,15.00,0,0,0,0,0,0,0,0,0,0
324,AgentA wins,15.00,0,0,0,0,0,0,0,0,0,0
325,AgentA wins,15.00,0,0,0,0,0,0,0,0,0,0
326,AgentA wins,19.67,0,0,0,0,0,0,0,0,0,0
327,AgentA wins,15.00,0,0,0,0,0,0,0,0,0,0
328,AgentA wins,22.33,0,0,0,0,0,0,0,0,0,0
329,AgentA wins,18.00,0,0,0,0,0,0,0,0,0,0
330,AgentA wins,17.00,0,0,0,0,0,0,0,0,0,0
321,AgentA wins,15.00,0,0,0,0,0,0,0,0,0,0
322,AgentA wins,17.00,0,0,0,0,0,0,0,0,0,0
323,AgentA wins,19.67,0,0,0,0,0,0,0,0,0,0
324,AgentA wins,18.00,0,0,0,0,0,0,0,0,0,0
325,AgentA wins,19.67,0,0,0,0,0,0,0,0,0,0
326,AgentA wins,20.00,0,0,0,0,0,0,0,0,0,0
327,AgentA wins,20.00,0,0,0,0,0,0,0,0,0,0
328,AgentA wins,18.00,0,0,0,0,0,0,0,0,0,0
329,AgentA wins,15.00,0,0,0,0,0,0,0,0,0,0
330,AgentA wins,20.00,0,0,0,0,0,0,0,0,0,0
321,AgentA wins,17.00,0,0,0,0,0,0,0,0,0,0
322,AgentA wins,20.00,0,0,0,0,0,0,0,0,0,0
323,AgentA wins,15.00,0,0,0,0,0,0,0,0,0,0
324,AgentA wins,19.67,0,0,0,0,0,0,0,0,0,0
325,AgentA wins,17.00,0,0,0,0,0,0,0,0,0,0
326,AgentA wins,15.00,0,0,0,0,0,0,0,0,0,0
327,AgentA wins,20.00,0,0,0,0,0,0,0,0,0,0
328,AgentA wins,15.00,0,0,0,0,0,0,0,0,0,0
329,AgentA wins,15.00,0,0,0,0,0,0,0,0,0,0
330,AgentA wins,20.00,0,0,0,0,0,0,0,0,0,0
231,AgentA wins,15.00,135,132,0,88,0,102,0,20,11,40
232,AgentA wins,30.00,272,269,0,163,0,220,0,30,30,64
233,AgentA wins,33.00,298,302,0,192,0,232,0,39,28,76
234,AgentA wins,18.67,168,171,0,108,0,138,0,24,22,35
235,AgentA wins,27.33,246,244,0,155,0,194,0,32,28,63
236,AgentA wins,24.00,219,220,0,132,0,174,0,23,29,35
237,AgentA wins,15.00,136,131,0,85,0,111,0,16,15,34
238,AgentA wins,46.33,420,419,0,250,0,325,0,50,51,92
239,AgentA wins,15.00,139,135,0,87,0,107,0,19,18,31
240,AgentA wins,24.00,216,217,0,144,0,170,0,32,19,62
321,AgentA wins,15.00,0,0,0,0,0,0,0,0,0,0
322,AgentA wins,19.67,0,0,0,0,0,0,0,0,0,0
323,AgentA wins,17.00,0,0,0,0,0,0,0,0,0,0
324,AgentA wins,20.00,0,0,0,0,0,0,0,0,0,0
325,AgentA wins,19.67,0,0,0,0,0,0,0,0,0,0
326,AgentA wins,19.67,0,0,0,0,0,0,0,0,0,0
327,AgentA wins,20.00,0,0,0,0,0,0,0,0,0,0
328,AgentA wins,17.00,0,0,0,0,0,0,0,0,0,0
329,AgentA wins,15.00,0,0,0,0,0,0,0,0,0,0
330,AgentA wins,20.00,0,0,0,0,0,0,0,0,0,0
321,AgentA wins,15.00,0,0,0,0,0,0,0,0,0,0
322,AgentA wins,20.00,0,0,0,0,0,0,0,0,0,0
323,AgentA wins,17.00,0,0,0,0,0,0,0,0,0,0
324,AgentA wins,19.67,0,0,0,0,0,0,0,0,0,0
325,AgentA wins,17.00,0,0,0,0,0,0,0,0,0,0
326,AgentA wins,15.00,0,0,0,0,0,0,0,0,0,0
327,AgentA wins,20.00,0,0,0,0,0,0,0,0,0,0
328,AgentA wins,15.00,0,0,0,0,0,0,0,0,0,0
329,AgentA wins,20.00,0,0,0,0,0,0,0,0,0,0
330,AgentA wins,15.00,0,0,0,0,0,0,0,0,0,0
321,AgentA wins,20.00,0,0,0,0,0,0,0,0,0,0
322,AgentA wins,15.00,0,0,0,0,0,0,0,0,0,0
323,AgentA wins,20.00,0,0,0,0,0,0,0,0,0,0
324,AgentA wins,18.00,0,0,0,0,0,0,0,0,0,0
325,AgentA wins,15.00,0,0,0,0,0,0,0,0,0,0
326,AgentA wins,19.67,0,0,0,0,0,0,0,0,0,0
327,AgentA wins,20.00,0,0,0,0,0,0,0,0,0,0
328,AgentA wins,18.00,0,0,0,0,0,0,0,0,0,0
329,AgentA wins,15.00,0,0,0,0,0,0,0,0,0,0
330,AgentA wins,15.00,0,0,0,0,0,0,0,0,0,0
321,AgentA wins,19.67,0,0,0,0,0,0,0,0,0,0
322,AgentA wins,20.00,0,0,0,0,0,0,0,0,0,0
323,AgentA wins,20.00,0,0,0,0,0,0,0,0,0,0
324,AgentA wins,20.00,0,0,0,0,0,0,0,0,0,0
325,AgentA wins,20.00,0,0,0,0,0,0,0,0,0,0
326,AgentA wins,15.00,0,0,0,0,0,0,0,0,0,0
327,AgentA wins,19.67,0,0,0,0,0,0,0,0,0,0
328,AgentA wins,20.00,0,0,0,0,0,0,0,0,0,0
329,AgentA wins,17.00,0,0,0,0,0,0,0,0,0,0
330,AgentA wins,20.00,0,0,0,0,0,0,0,0,0,0
321,AgentA wins,19.67,0,0,0,0,0,0,0,0,0,0
322,AgentA wins,20.00,0,0,0,0,0,0,0,0,0,0
323,AgentA wins,18.00,0,0,0,0,0,0,0,0,0,0
324,AgentA wins,19.67,0,0,0,0,0,0,0,0,0,0
325,AgentA wins,18.00,0,0,0,0,0,0,0,0,0,0
326,AgentA wins,20.00,0,0,0,0,0,0,0,0,0,0
327,AgentA wins,19.67,0,0,0,0,0,0,0,0,0,0
328,AgentA wins,17.00,0,0,0,0,0,0,0,0,0,0
329,AgentA wins,15.00,0,0,0,0,0,0,0,0,0,0
330,AgentA wins,19.67,0,0,0,0,0,0,0,0,0,0
321,AgentA wins,19.67,0,0,0,0,0,0,0,0,0,0
322,AgentA wins,19.67,0,0,0,0,0,0,0,0,0,0
323,AgentA wins,15.00,0,0,0,0,0,0,0,0,0,0
324,AgentA wins,20.00,0,0,0,0,0,0,0,0,0,0
325,AgentA wins,19.67,0,0,0,0,0,0,0,0,0,0
326,AgentA wins,15.00,0,0,0,0,0,0,0,0,0,0
327,AgentA wins,18.00,0,0,0,0,0,0,0,0,0,0
328,AgentA wins,15.00,0,0,0,0,0,0,0,0,0,0
329,AgentA wins,20.00,0,0,0,0,0,0,0,0,0,0
330,AgentA wins,20.00,0,0,0,0,0,0,0,0,0,0
321,AgentA wins,20.00,0,0,0,0,0,0,0,0,0,0
322,AgentA wins,15.00,0,0,0,0,0,0,0,0,0,0
323,AgentA wins,15.00,0,0,0,0,0,0,0,0,0,0
324,AgentA wins,20.00,0,0,0,0,0,0,0,0,0,0
325,AgentA wins,20.00,0,0,0,0,0,0,0,0,0,0
326,AgentA wins,18.00,0,0,0,0,0,0,0,0,0,0
327,AgentA wins,15.00,0,0,0,0,0,0,0,0,0,0
328,AgentA wins,20.00,0,0,0,0,0,0,0,0,0,0
329,AgentA wins,18.00,0,0,0,0,0,0,0,0,0,0
330,AgentA wins,20.00,0,0,0,0,0,0,0,0,0,0
231,AgentA wins,21.00,0,0,0,0,0,0,0,0,0,0
232,AgentA wins,24.00,0,0,0,0,0,0,0,0,0,0
233,AgentA wins,15.00,0,0,0,0,0,0,0,0,0,0
234,AgentA wins,29.00,0,0,0,0,0,0,0,0,0,0
235,AgentA wins,15.00,0,0,0,0,0,0,0,0,0,0
236,AgentA wins,32.00,0,0,0,0,0,0,0,0,0,0
237,AgentA wins,18.00,0,0,0,0,0,0,0,0,0,0
238,AgentA wins,37.67,0,0,0,0,0,0,0,0,0,0
239,AgentA wins,18.67,0,0,0,0,0,0,0,0,0,0
240,AgentA wins,24.33,0,0,0,0,0,0,0,0,0,0
231,AgentA wins,33.00,0,0,0,0,0,0,0,0,0,0
232,AgentA wins,15.00,0,0,0,0,0,0,0,0,0,0
233,AgentA wins,23.67,0,0,0,0,0,0,0,0,0,0
234,AgentA wins,32.00,0,0,0,0,0,0,0,0,0,0
235,AgentA wins,18.00,0,0,0,0,0,0,0,0,0,0
236,AgentA wins,15.00,0,0,0,0,0,0,0,0,0,0
237,AgentA wins,15.00,0,0,0,0,0,0,0,0,0,0
238,AgentA wins,21.00,0,0,0,0,0,0,0,0,0,0
239,AgentA wins,24.33,0,0,0,0,0,0,0,0,0,0
240,AgentA wins,32.33,0,0,0,0,0,0,0,0,0,0
231,AgentA wins,31.00,0,0,0,0,0,0,0,0,0,0
232,AgentA wins,42.00,0,0,0,0,0,0,0,0,0,0
233,AgentA wins,18.00,0,0,0,0,0,0,0,0,0,0
234,AgentA wins,38.00,0,0,0,0,0,0,0,0,0,0
235,AgentA wins,21.00,0,0,0,0,0,0,0,0,0,0
236,AgentA wins,18.00,0,0,0,0,0,0,0,0,0,0
237,AgentB wins,24.67,0,0,0,0,0,0,0,0,0,0
238,AgentA wins,27.33,0,0,0,0,0,0,0,0,0,0
239,AgentA wins,28.67,0,0,0,0,0,0,0,0,0,0
240,AgentA wins,23.67,0,0,0,0,0,0,0,0,0,0
241,AgentA wins,30.00,0,0,0,0,0,0,0,0,0,0
242,AgentA wins,24.00,0,0,0,0,0,0,0,0,0,0
243,AgentA wins,15.00,0,0,0,0,0,0,0,0,0,0
244,AgentA wins,33.00,0,0,0,0,0,0,0,0,0,0
245,AgentA wins,30.00,0,0,0,0,0,0,0,0,0,0
246,AgentA wins,15.00,0,0,0,0,0,0,0,0,0,0
247,AgentA wins,28.33,0,0,0,0,0,0,0,0,0,0
248,AgentA wins,26.67,0,0,0,0,0,0,0,0,0,0
249,AgentA wins,28.00,0,0,0,0,0,0,0,0,0,0
250,AgentA wins,27.00,0,0,0,0,0,0,0,0,0,0
331,AgentA wins,19.67,0,0,0,0,0,0,0,0,0,0
332,AgentA wins,20.00,0,0,0,0,0,0,0,0,0,0
333,AgentA wins,18.00,0,0,0,0,0,0,0,0,0,0
334,AgentA wins,20.00,0,0,0,0,0,0,0,0,0,0
335,AgentA wins,20.00,0,0,0,0,0,0,0,0,0,0
336,AgentA wins,19.67,0,0,0,0,0,0,0,0,0,0
337,AgentA wins,22.33,0,0,0,0,0,0,0,0,0,0
338,AgentA wins,20.00,0,0,0,0,0,0,0,0,0,0
339,AgentA wins,15.00,0,0,0,0,0,0,0,0,0,0
340,AgentA wins,18.00,0,0,0,0,0,0,0,0,0,0
231,AgentA wins,32.33,0,0,0,0,0,0,0,0,0,0
232,AgentA wins,29.67,0,0,0,0,0,0,0,0,0,0
233,AgentA wins,43.33,0,0,0,0,0,0,0,0,0,0
234,AgentA wins,27.67,0,0,0,0,0,0,0,0,0,0
235,AgentA wins,40.67,0,0,0,0,0,0,0,0,0,0
236,AgentA wins,15.00,0,0,0,0,0,0,0,0,0,0
237,AgentA wins,15.00,0,0,0,0,0,0,0,0,0,0
238,AgentA wins,24.00,0,0,0,0,0,0,0,0,0,0
239,AgentA wins,18.00,0,0,0,0,0,0,0,0,0,0
240,AgentA wins,24.00,0,0,0,0,0,0,0,0,0,0
241,AgentA wins,23.67,0,0,0,0,0,0,0,0,0,0
242,AgentA wins,18.00,0,0,0,0,0,0,0,0,0,0
243,AgentA wins,15.00,0,0,0,0,0,0,0,0,0,0
244,AgentA wins,18.00,0,0,0,0,0,0,0,0,0,0
245,AgentA wins,27.00,0,0,0,0,0,0,0,0,0,0
246,AgentA wins,23.00,0,0,0,0,0,0,0,0,0,0
247,AgentA wins,26.00,0,0,0,0,0,0,0,0,0,0
248,AgentA wins,30.00,0,0,0,0,0,0,0,0,0,0
249,AgentA wins,24.33,0,0,0,0,0,0,0,0,0,0
250,AgentA wins,23.33,0,0,0,0,0,0,0,0,0,0
231,AgentA wins,15.00,0,0,0,0,0,0,0,0,0,0
232,AgentA wins,30.33,0,0,0,0,0,0,0,0,0,0
233,AgentB wins,20.00,0,0,0,0,0,0,0,0,0,0
234,AgentA wins,48.00,0,0,0,0,0,0,0,0,0,0
235,AgentA wins,23.00,0,0,0,0,0,0,0,0,0,0
236,AgentA wins,34.00,0,0,0,0,0,0,0,0,0,0
237,AgentA wins,26.00,0,0,0,0,0,0,0,0,0,0
238,AgentA wins,35.00,0,0,0,0,0,0,0,0,0,0
239,AgentA wins,33.00,0,0,0,0,0,0,0,0,0,0
240,AgentA wins,15.00,0,0,0,0,0,0,0,0,0,0
331,AgentA wins,19.67,0,0,0,0,0,0,0,0,0,0
332,AgentA wins,17.00,0,0,0,0,0,0,0,0,0,0
333,AgentA wins,17.00,0,0,0,0,0,0,0,0,0,0
334,AgentA wins,20.00,0,0,0,0,0,0,0,0,0,0
335,AgentA wins,17.00,0,0,0,0,0,0,0,0,0,0
336,AgentA wins,19.67,0,0,0,0,0,0,0,0,0,0
337,AgentA wins,20.00,0,0,0,0,0,0,0,0,0,0
338,AgentA wins,20.00,0,0,0,0,0,0,0,0,0,0
339,AgentA wins,17.00,0,0,0,0,0,0,0,0,0,0
340,AgentA wins,18.00,0,0,0,0,0,0,0,0,0,0
331,AgentA wins,20.00,0,0,0,0,0,0,0,0,0,0
332,AgentA wins,15.00,0,0,0,0,0,0,0,0,0,0
333,AgentA wins,20.00,0,0,0,0,0,0,0,0,0,0
334,AgentA wins,20.00,0,0,0,0,0,0,0,0,0,0
335,AgentA wins,15.00,0,0,0,0,0,0,0,0,0,0
336,AgentA wins,18.00,0,0,0,0,0,0,0,0,0,0
337,AgentA wins,20.00,0,0,0,0,0,0,0,0,0,0
338,AgentA wins,15.00,0,0,0,0,0,0,0,0,0,0
339,AgentA wins,20.00,0,0,0,0,0,0,0,0,0,0
340,AgentA wins,19.67,0,0,0,0,0,0,0,0,0,0
331,AgentA wins,20.00,0,0,0,0,0,0,0,0,0,0
332,AgentA wins,19.67,0,0,0,0,0,0,0,0,0,0
333,AgentA wins,18.00,0,0,0,0,0,0,0,0,0,0
334,AgentA wins,15.00,0,0,0,0,0,0,0,0,0,0
335,AgentA wins,20.00,0,0,0,0,0,0,0,0,0,0
336,AgentA wins,20.00,0,0,0,0,0,0,0,0,0,0
337,AgentA wins,19.67,0,0,0,0,0,0,0,0,0,0
338,AgentA wins,20.00,0,0,0,0,0,0,0,0,0,0
339,AgentA wins,18.00,0,0,0,0,0,0,0,0,0,0
340,AgentA wins,19.67,0,0,0,0,0,0,0,0,0,0
331,AgentA wins,20.00,0,0,0,0,0,0,0,0,0,0
332,AgentA wins,15.00,0,0,0,0,0,0,0,0,0,0
333,AgentA wins,19.67,0,0,0,0,0,0,0,0,0,0
334,AgentA wins,20.00,0,0,0,0,0,0,0,0,0,0
335,AgentA wins,18.00,0,0,0,0,0,0,0,0,0,0
336,AgentA wins,20.00,0,0,0,0,0,0,0,0,0,0
337,AgentA wins,17.00,0,0,0,0,0,0,0,0,0,0
338,AgentA wins,15.00,0,0,0,0,0,0,0,0,0,0
339,AgentA wins,15.00,0,0,0,0,0,0,0,0,0,0
340,AgentA wins,18.00,0,0,0,0,0,0,0,0,0,0
251,AgentA wins,18.67,0,0,0,0,0,0,0,0,0,0
252,AgentA wins,18.00,0,0,0,0,0,0,0,0,0,0
253,AgentA wins,18.00,0,0,0,0,0,0,0,0,0,0
254,AgentA wins,21.00,0,0,0,0,0,0,0,0,0,0
255,AgentA wins,18.00,0,0,0,0,0,0,0,0,0,0
256,AgentA wins,24.00,0,0,0,0,0,0,0,0,0,0
257,AgentA wins,41.33,0,0,0,0,0,0,0,0,0,0
258,AgentA wins,15.00,0,0,0,0,0,0,0,0,0,0
259,AgentA wins,18.00,0,0,0,0,0,0,0,0,0,0
260,AgentA wins,35.00,0,0,0,0,0,0,0,0,0,0
331,AgentA wins,15.00,0,0,0,0,0,0,0,0,0,0
332,AgentA wins,19.67,0,0,0,0,0,0,0,0,0,0
333,AgentA wins,19.67,0,0,0,0,0,0,0,0,0,0
334,AgentA wins,17.00,0,0,0,0,0,0,0,0,0,0
335,AgentA wins,19.67,0,0,0,0,0,0,0,0,0,0
336,AgentA wins,15.00,0,0,0,0,0,0,0,0,0,0
337,AgentA wins,15.00,0,0,0,0,0,0,0,0,0,0
338,AgentA wins,19.67,0,0,0,0,0,0,0,0,0,0
339,AgentA wins,18.00,0,0,0,0,0,0,0,0,0,0
340,AgentA wins,18.00,0,0,0,0,0,0,0,0,0,0
331,AgentA wins,20.00,0,0,0,0,0,0,0,0,0,0
332,AgentA wins,19.67,0,0,0,0,0,0,0,0,0,0
333,AgentA wins,18.00,0,0,0,0,0,0,0,0,0,0
334,AgentA wins,20.00,0,0,0,0,0,0,0,0,0,0
335,AgentA wins,19.67,0,0,0,0,0,0,0,0,0,0
336,AgentA wins,15.00,0,0,0,0,0,0,0,0,0,0
337,AgentA wins,20.00,0,0,0,0,0,0,0,0,0,0
338,AgentA wins,20.00,0,0,0,0,0,0,0,0,0,0
339,AgentA wins,20.00,0,0,0,0,0,0,0,0,0,0
340,AgentA wins,22.33,0,0,0,0,0,0,0,0,0,0
331,AgentA wins,20.00,0,0,0,0,0,0,0,0,0,0
332,AgentA wins,19.67,0,0,0,0,0,0,0,0,0,0
333,AgentA wins,17.00,0,0,0,0,0,0,0,0,0,0
334,AgentA wins,20.00,0,0,0,0,0,0,0,0,0,0
335,AgentA wins,18.00,0,0,0,0,0,0,0,0,0,0
336,AgentA wins,20.00,0,0,0,0,0,0,0,0,0,0
337,AgentA wins,20.00,0,0,0,0,0,0,0,0,0,0
338,AgentA wins,18.00,0,0,0,0,0,0,0,0,0,0
339,AgentA wins,19.67,0,0,0,0,0,0,0,0,0,0
340,AgentA wins,19.67,0,0,0,0,0,0,0,0,0,0
331,AgentA wins,20.00,0,0,0,0,0,0,0,0,0,0
332,AgentA wins,15.00,0,0,0,0,0,0,0,0,0,0
333,AgentA wins,19.67,0,0,0,0,0,0,0,0,0,0
334,AgentA wins,18.00,0,0,0,0,0,0,0,0,0,0
335,AgentA wins,20.00,0,0,0,0,0,0,0,0,0,0
336,AgentA wins,20.00,0,0,0,0,0,0,0,0,0,0
337,AgentA wins,19.67,0,0,0,0,0,0,0,0,0,0
338,AgentA wins,18.00,0,0,0,0,0,0,0,0,0,0
339,AgentA wins,20.00,0,0,0,0,0,0,0,0,0,0
340,AgentA wins,15.00,0,0,0,0,0,0,0,0,0,0
241,AgentA wins,40.00,0,0,0,0,0,0,0,0,0,0
242,AgentA wins,18.00,0,0,0,0,0,0,0,0,0,0
243,AgentA wins,24.00,0,0,0,0,0,0,0,0,0,0
244,AgentA wins,32.00,0,0,0,0,0,0,0,0,0,0
245,AgentA wins,15.00,0,0,0,0,0,0,0,0,0,0
246,AgentA wins,40.00,0,0,0,0,0,0,0,0,0,0
247,AgentA wins,24.00,0,0,0,0,0,0,0,0,0,0
248,AgentA wins,15.00,0,0,0,0,0,0,0,0,0,0
249,AgentA wins,43.33,0,0,0,0,0,0,0,0,0,0
250,AgentA wins,15.00,0,0,0,0,0,0,0,0,0,0
331,AgentA wins,22.33,0,0,0,0,0,0,0,0,0,0
332,AgentA wins,19.67,0,0,0,0,0,0,0,0,0,0
333,AgentA wins,20.00,0,0,0,0,0,0,0,0,0,0
334,AgentA wins,20.00,0,0,0,0,0,0,0,0,0,0
335,AgentA wins,22.33,0,0,0,0,0,0,0,0,0,0
336,AgentA wins,20.00,0,0,0,0,0,0,0,0,0,0
337,AgentA wins,15.00,0,0,0,0,0,0,0,0,0,0
338,AgentA wins,15.00,0,0,0,0,0,0,0,0,0,0
339,AgentA wins,20.00,0,0,0,0,0,0,0,0,0,0
340,AgentA wins,20.00,0,0,0,0,0,0,0,0,0,0
331,AgentA wins,15.00,0,0,0,0,0,0,0,0,0,0
332,AgentA wins,22.33,0,0,0,0,0,0,0,0,0,0
333,AgentA wins,19.67,0,0,0,0,0,0,0,0,0,0
334,AgentA wins,19.67,0,0,0,0,0,0,0,0,0,0
335,AgentA wins,19.67,0,0,0,0,0,0,0,0,0,0
336,AgentA wins,19.67,0,0,0,0,0,0,0,0,0,0
337,AgentA wins,20.00,0,0,0,0,0,0,0,0,0,0
338,AgentA wins,17.00,0,0,0,0,0,0,0,0,0,0
339,AgentA wins,20.00,0,0,0,0,0,0,0,0,0,0
340,AgentA wins,20.00,0,0,0,0,0,0,0,0,0,0
331,AgentA wins,19.67,0,0,0,0,0,0,0,0,0,0
332,AgentA wins,22.33,0,0,0,0,0,0,0,0,0,0
333,AgentA wins,20.00,0,0,0,0,0,0,0,0,0,0
334,AgentA wins,19.67,0,0,0,0,0,0,0,0,0,0
335,AgentA wins,20.00,0,0,0,0,0,0,0,0,0,0
336,AgentA wins,15.00,0,0,0,0,0,0,0,0,0,0
337,AgentA wins,18.00,0,0,0,0,0,0,0,0,0,0
338,AgentA wins,15.00,0,0,0,0,0,0,0,0,0,0
339,AgentA wins,20.00,0,0,0,0,0,0,0,0,0,0
340,AgentA wins,15.00,0,0,0,0,0,0,0,0,0,0
331,AgentA wins,18.00,0,0,0,0,0,0,0,0,0,0
332,AgentA wins,18.00,0,0,0,0,0,0,0,0,0,0
333,AgentA wins,20.00,0,0,0,0,0,0,0,0,0,0
334,AgentA wins,20.00,0,0,0,0,0,0,0,0,0,0
335,AgentA wins,15.00,0,0,0,0,0,0,0,0,0,0
336,AgentA wins,20.00,0,0,0,0,0,0,0,0,0,0
337,AgentA wins,20.00,0,0,0,0,0,0,0,0,0,0
338,AgentA wins,17.00,0,0,0,0,0,0,0,0,0,0
339,AgentA wins,17.00,0,0,0,0,0,0,0,0,0,0
340,AgentA wins,20.00,0,0,0,0,0,0,0,0,0,0
241,AgentA wins,18.67,165,171,0,108,0,129,0,21,19,46
242,AgentA wins,15.00,133,135,0,84,0,109,0,13,22,22
243,AgentA wins,15.00,134,138,0,85,0,103,0,17,21,24
244,AgentA wins,34.33,313,314,0,187,0,249,0,38,42,58
245,AgentA wins,28.00,253,252,0,146,0,193,0,31,30,51
246,AgentA wins,37.33,342,338,0,198,0,264,0,44,38,85
247,AgentA wins,23.00,209,209,0,127,0,160,0,27,28,53
248,AgentA wins,18.00,162,166,0,103,0,131,0,20,21,37
249,AgentA wins,27.33,246,244,0,159,0,197,0,32,25,64
250,AgentA wins,15.00,132,135,0,80,0,107,0,16,25,32
331,AgentA wins,20.00,0,0,0,0,0,0,0,0,0,0
332,AgentA wins,20.00,0,0,0,0,0,0,0,0,0,0
333,AgentA wins,18.00,0,0,0,0,0,0,0,0,0,0
334,AgentA wins,20.00,0,0,0,0,0,0,0,0,0,0
335,AgentA wins,15.00,0,0,0,0,0,0,0,0,0,0
336,AgentA wins,17.00,0,0,0,0,0,0,0,0,0,0
337,AgentA wins,19.67,0,0,0,0,0,0,0,0,0,0
338,AgentA wins,19.67,0,0,0,0,0,0,0,0,0,0
339,AgentA wins,20.00,0,0,0,0,0,0,0,0,0,0
340,AgentA wins,20.00,0,0,0,0,0,0,0,0,0,0
331,AgentA wins,22.33,0,0,0,0,0,0,0,0,0,0
332,AgentA wins,15.00,0,0,0,0,0,0,0,0,0,0
333,AgentA wins,18.00,0,0,0,0,0,0,0,0,0,0
334,AgentA wins,19.67,0,0,0,0,0,0,0,0,0,0
335,AgentA wins,20.00,0,0,0,0,0,0,0,0,0,0
336,AgentA wins,20.00,0,0,0,0,0,0,0,0,0,0
337,AgentA wins,22.33,0,0,0,0,0,0,0,0,0,0
338,AgentA wins,20.00,0,0,0,0,0,0,0,0,0,0
339,AgentA wins,20.00,0,0,0,0,0,0,0,0,0,0
340,AgentA wins,20.00,0,0,0,0,0,0,0,0,0,0
341,AgentA wins,20.00,0,0,0,0,0,0,0,0,0,0
342,AgentA wins,15.00,0,0,0,0,0,0,0,0,0,0
343,AgentA wins,20.00,0,0,0,0,0,0,0,0,0,0
344,AgentA wins,15.00,0,0,0,0,0,0,0,0,0,0
345,AgentA wins,17.00,0,0,0,0,0,0,0,0,0,0
346,AgentA wins,15.00,0,0,0,0,0,0,0,0,0,0
347,AgentA wins,22.33,0,0,0,0,0,0,0,0,0,0
348,AgentA wins,20.00,0,0,0,0,0,0,0,0,0,0
349,AgentA wins,15.00,0,0,0,0,0,0,0,0,0,0
350,AgentA wins,20.00,0,0,0,0,0,0,0,0,0,0
241,AgentA wins,33.00,0,0,0,0,0,0,0,0,0,0
242,AgentA wins,27.00,0,0,0,0,0,0,0,0,0,0
243,AgentA wins,15.00,0,0,0,0,0,0,0,0,0,0
244,AgentA wins,15.00,0,0,0,0,0,0,0,0,0,0
245,AgentA wins,18.00,0,0,0,0,0,0,0,0,0,0
246,AgentA wins,40.00,0,0,0,0,0,0,0,0,0,0
247,AgentA wins,29.33,0,0,0,0,0,0,0,0,0,0
248,AgentB wins,35.33,0,0,0,0,0,0,0,0,0,0
249,AgentA wins,15.00,0,0,0,0,0,0,0,0,0,0
250,AgentA wins,15.00,0,0,0,0,0,0,0,0,0,0
341,AgentA wins,20.00,0,0,0,0,0,0,0,0,0,0
342,AgentA wins,15.00,0,0,0,0,0,0,0,0,0,0
343,AgentA wins,15.00,0,0,0,0,0,0,0,0,0,0
344,AgentA wins,15.00,0,0,0,0,0,0,0,0,0,0
345,AgentA wins,15.00,0,0,0,0,0,0,0,0,0,0
346,AgentA wins,19.67,0,0,0,0,0,0,0,0,0,0
347,AgentA wins,20.00,0,0,0,0,0,0,0,0,0,0
348,AgentA wins,20.00,0,0,0,0,0,0,0,0,0,0
349,AgentA wins,20.00,0,0,0,0,0,0,0,0,0,0
350,AgentA wins,15.00,0,0,0,0,0,0,0,0,0,0
341,AgentA wins,20.00,0,0,0,0,0,0,0,0,0,0
342,AgentA wins,19.67,0,0,0,0,0,0,0,0,0,0
343,AgentA wins,20.00,0,0,0,0,0,0,0,0,0,0
344,AgentA wins,15.00,0,0,0,0,0,0,0,0,0,0
345,AgentA wins,20.00,0,0,0,0,0,0,0,0,0,0
346,AgentA wins,15.00,0,0,0,0,0,0,0,0,0,0
347,AgentA wins,18.00,0,0,0,0,0,0,0,0,0,0
348,AgentA wins,18.00,0,0,0,0,0,0,0,0,0,0
349,AgentA wins,17.00,0,0,0,0,0,0,0,0,0,0
350,AgentA wins,17.00,0,0,0,0,0,0,0,0,0,0
341,AgentA wins,20.00,0,0,0,0,0,0,0,0,0,0
342,AgentA wins,15.00,0,0,0,0,0,0,0,0,0,0
343,AgentA wins,18.00,0,0,0,0,0,0,0,0,0,0
344,AgentA wins,22.33,0,0,0,0,0,0,0,0,0,0
345,AgentA wins,15.00,0,0,0,0,0,0,0,0,0,0
346,AgentA wins,15.00,0,0,0,0,0,0,0,0,0,0
347,AgentA wins,19.67,0,0,0,0,0,0,0,0,0,0
348,AgentA wins,18.00,0,0,0,0,0,0,0,0,0,0
349,AgentA wins,15.00,0,0,0,0,0,0,0,0,0,0
350,AgentA wins,20.00,0,0,0,0,0,0,0,0,0,0
241,AgentA wins,24.00,0,0,0,0,0,0,0,0,0,0
242,AgentA wins,24.00,0,0,0,0,0,0,0,0,0,0
243,AgentA wins,27.00,0,0,0,0,0,0,0,0,0,0
244,AgentA wins,15.00,0,0,0,0,0,0,0,0,0,0
245,AgentA wins,15.67,0,0,0,0,0,0,0,0,0,0
246,AgentA wins,15.00,0,0,0,0,0,0,0,0,0,0
247,AgentA wins,33.00,0,0,0,0,0,0,0,0,0,0
248,AgentA wins,18.00,0,0,0,0,0,0,0,0,0,0
249,AgentA wins,15.00,0,0,0,0,0,0,0,0,0,0
250,AgentA wins,27.00,0,0,0,0,0,0,0,0,0,0
341,AgentA wins,15.00,0,0,0,0,0,0,0,0,0,0
342,AgentA wins,20.00,0,0,0,0,0,0,0,0,0,0
343,AgentA wins,20.00,0,0,0,0,0,0,0,0,0,0
344,AgentA wins,15.00,0,0,0,0,0,0,0,0,0,0
345,AgentA wins,20.00,0,0,0,0,0,0,0,0,0,0
346,AgentA wins,15.00,0,0,0,0,0,0,0,0,0,0
347,AgentA wins,19.67,0,0,0,0,0,0,0,0,0,0
348,AgentA wins,15.00,0,0,0,0,0,0,0,0,0,0
349,AgentA wins,15.00,0,0,0,0,0,0,0,0,0,0
350,AgentA wins,17.00,0,0,0,0,0,0,0,0,0,0
341,AgentA wins,20.00,0,0,0,0,0,0,0,0,0,0
342,AgentA wins,19.67,0,0,0,0,0,0,0,0,0,0
343,AgentA wins,15.00,0,0,0,0,0,0,0,0,0,0
344,AgentA wins,18.00,0,0,0,0,0,0,0,0,0,0
345,AgentA wins,19.67,0,0,0,0,0,0,0,0,0,0
346,AgentA wins,19.67,0,0,0,0,0,0,0,0,0,0
347,AgentA wins,20.00,0,0,0,0,0,0,0,0,0,0
348,AgentA wins,19.67,0,0,0,0,0,0,0,0,0,0
349,AgentA wins,20.00,0,0,0,0,0,0,0,0,0,0
350,AgentA wins,20.00,0,0,0,0,0,0,0,0,0,0
341,AgentA wins,20.00,0,0,0,0,0,0,0,0,0,0
342,AgentA wins,19.67,0,0,0,0,0,0,0,0,0,0
343,AgentA wins,19.67,0,0,0,0,0,0,0,0,0,0
344,AgentA wins,15.00,0,0,0,0,0,0,0,0,0,0
345,AgentA wins,18.00,0,0,0,0,0,0,0,0,0,0
346,AgentA wins,15.00,0,0,0,0,0,0,0,0,0,0
347,AgentA wins,19.67,0,0,0,0,0,0,0,0,0,0
348,AgentA wins,15.00,0,0,0,0,0,0,0,0,0,0
349,AgentA wins,17.00,0,0,0,0,0,0,0,0,0,0
350,AgentA wins,20.00,0,0,0,0,0,0,0,0,0,0
251,AgentA wins,37.00,0,0,0,0,0,0,0,0,0,0
252,AgentA wins,31.00,0,0,0,0,0,0,0,0,0,0
253,AgentA wins,39.00,0,0,0,0,0,0,0,0,0,0
254,AgentB wins,27.00,0,0,0,0,0,0,0,0,0,0
255,AgentA wins,18.67,0,0,0,0,0,0,0,0,0,0
256,AgentA wins,18.00,0,0,0,0,0,0,0,0,0,0
257,AgentA wins,15.00,0,0,0,0,0,0,0,0,0,0
258,AgentA wins,18.00,0,0,0,0,0,0,0,0,0,0
259,AgentB wins,48.00,0,0,0,0,0,0,0,0,0,0
260,AgentA wins,15.00,0,0,0,0,0,0,0,0,0,0
251,AgentA wins,15.00,0,0,0,0,0,0,0,0,0,0
252,AgentA wins,18.00,0,0,0,0,0,0,0,0,0,0
253,AgentA wins,15.00,0,0,0,0,0,0,0,0,0,0
254,AgentA wins,24.00,0,0,0,0,0,0,0,0,0,0
255,AgentA wins,24.00,0,0,0,0,0,0,0,0,0,0
256,AgentA wins,15.00,0,0,0,0,0,0,0,0,0,0
257,AgentA wins,18.00,0,0,0,0,0,0,0,0,0,0
258,AgentA wins,18.00,0,0,0,0,0,0,0,0,0,0
259,AgentA wins,41.33,0,0,0,0,0,0,0,0,0,0
260,AgentA wins,24.00,0,0,0,0,0,0,0,0,0,0
241,AgentA wins,59.00,0,0,0,0,0,0,0,0,0,0
242,AgentA wins,40.33,0,0,0,0,0,0,0,0,0,0
243,AgentA wins,15.00,0,0,0,0,0,0,0,0,0,0
244,AgentA wins,15.00,0,0,0,0,0,0,0,0,0,0
245,AgentA wins,18.00,0,0,0,0,0,0,0,0,0,0
246,AgentA wins,27.00,0,0,0,0,0,0,0,0,0,0
247,AgentA wins,26.00,0,0,0,0,0,0,0,0,0,0
248,AgentA wins,15.00,0,0,0,0,0,0,0,0,0,0
249,AgentA wins,32.00,0,0,0,0,0,0,0,0,0,0
250,AgentB wins,48.33,0,0,0,0,0,0,0,0,0,0
341,AgentA wins,18.00,0,0,0,0,0,0,0,0,0,0
342,AgentA wins,20.00,0,0,0,0,0,0,0,0,0,0
343,AgentA wins,20.00,0,0,0,0,0,0,0,0,0,0
344,AgentA wins,20.00,0,0,0,0,0,0,0,0,0,0
345,AgentA wins,17.00,0,0,0,0,0,0,0,0,0,0
346,AgentA wins,20.00,0,0,0,0,0,0,0,0,0,0
347,AgentA wins,20.00,0,0,0,0,0,0,0,0,0,0
348,AgentA wins,15.00,0,0,0,0,0,0,0,0,0,0
349,AgentA wins,20.00,0,0,0,0,0,0,0,0,0,0
350,AgentA wins,20.00,0,0,0,0,0,0,0,0,0,0
341,AgentA wins,19.67,0,0,0,0,0,0,0,0,0,0
342,AgentA wins,20.00,0,0,0,0,0,0,0,0,0,0
343,AgentA wins,20.00,0,0,0,0,0,0,0,0,0,0
344,AgentA wins,20.00,0,0,0,0,0,0,0,0,0,0
345,AgentA wins,20.00,0,0,0,0,0,0,0,0,0,0
346,AgentA wins,15.00,0,0,0,0,0,0,0,0,0,0
347,AgentA wins,20.00,0,0,0,0,0,0,0,0,0,0
348,AgentA wins,20.00,0,0,0,0,0,0,0,0,0,0
349,AgentA wins,17.00,0,0,0,0,0,0,0,0,0,0
350,AgentA wins,20.00,0,0,0,0,0,0,0,0,0,0
341,AgentA wins,20.00,0,0,0,0,0,0,0,0,0,0
342,AgentA wins,15.00,0,0,0,0,0,0,0,0,0,0
343,AgentA wins,15.00,0,0,0,0,0,0,0,0,0,0
344,AgentA wins,15.00,0,0,0,0,0,0,0,0,0,0
345,AgentA wins,18.00,0,0,0,0,0,0,0,0,0,0
346,AgentA wins,18.00,0,0,0,0,0,0,0,0,0,0
347,AgentA wins,20.00,0,0,0,0,0,0,0,0,0,0
348,AgentA wins,20.00,0,0,0,0,0,0,0,0,0,0
349,AgentA wins,18.00,0,0,0,0,0,0,0,0,0,0
350,AgentA wins,18.00,0,0,0,0,0,0,0,0,0,0
341,AgentA wins,18.00,0,0,0,0,0,0,0,0,0,0
342,AgentA wins,19.67,0,0,0,0,0,0,0,0,0,0
343,AgentA wins,20.00,0,0,0,0,0,0,0,0,0,0
344,AgentA wins,20.00,0,0,0,0,0,0,0,0,0,0
345,AgentA wins,20.00,0,0,0,0,0,0,0,0,0,0
346,AgentA wins,17.00,0,0,0,0,0,0,0,0,0,0
347,AgentA wins,20.00,0,0,0,0,0,0,0,0,0,0
348,AgentA wins,18.00,0,0,0,0,0,0,0,0,0,0
349,AgentA wins,18.00,0,0,0,0,0,0,0,0,0,0
350,AgentA wins,15.00,0,0,0,0,0,0,0,0,0,0
341,AgentA wins,19.67,0,0,0,0,0,0,0,0,0,0
342,AgentA wins,15.00,0,0,0,0,0,0,0,0,0,0
343,AgentA wins,20.00,0,0,0,0,0,0,0,0,0,0
344,AgentA wins,20.00,0,0,0,0,0,0,0,0,0,0
345,AgentA wins,20.00,0,0,0,0,0,0,0,0,0,0
346,AgentA wins,20.00,0,0,0,0,0,0,0,0,0,0
347,AgentA wins,18.00,0,0,0,0,0,0,0,0,0,0
348,AgentA wins,19.67,0,0,0,0,0,0,0,0,0,0
349,AgentA wins,20.00,0,0,0,0,0,0,0,0,0,0
350,AgentA wins,18.00,0,0,0,0,0,0,0,0,0,0
241,AgentA wins,28.67,0,0,0,0,0,0,0,0,0,0
242,AgentA wins,15.00,0,0,0,0,0,0,0,0,0,0
243,AgentA wins,18.00,0,0,0,0,0,0,0,0,0,0
244,AgentA wins,18.67,0,0,0,0,0,0,0,0,0,0
245,timeout draw,60.00,0,0,0,0,0,0,0,0,0,0
246,AgentA wins,36.00,0,0,0,0,0,0,0,0,0,0
247,AgentA wins,21.00,0,0,0,0,0,0,0,0,0,0
248,AgentA wins,35.67,0,0,0,0,0,0,0,0,0,0
249,AgentA wins,21.00,0,0,0,0,0,0,0,0,0,0
250,AgentB wins,18.67,0,0,0,0,0,0,0,0,0,0
341,AgentA wins,22.33,0,0,0,0,0,0,0,0,0,0
342,AgentA wins,20.00,0,0,0,0,0,0,0,0,0,0
343,AgentA wins,20.00,0,0,0,0,0,0,0,0,0,0
344,AgentA wins,19.67,0,0,0,0,0,0,0,0,0,0
345,AgentA wins,19.67,0,0,0,0,0,0,0,0,0,0
346,AgentA wins,22.33,0,0,0,0,0,0,0,0,0,0
347,AgentA wins,20.00,0,0,0,0,0,0,0,0,0,0
348,AgentA wins,20.00,0,0,0,0,0,0,0,0,0,0
349,AgentA wins,20.00,0,0,0,0,0,0,0,0,0,0
350,AgentA wins,20.00,0,0,0,0,0,0,0,0,0,0
341,AgentA wins,19.67,0,0,0,0,0,0,0,0,0,0
342,AgentA wins,22.33,0,0,0,0,0,0,0,0,0,0
343,AgentA wins,18.00,0,0,0,0,0,0,0,0,0,0
344,AgentA wins,18.00,0,0,0,0,0,0,0,0,0,0
345,AgentA wins,20.00,0,0,0,0,0,0,0,0,0,0
346,AgentA wins,15.00,0,0,0,0,0,0,0,0,0,0
347,AgentA wins,20.00,0,0,0,0,0,0,0,0,0,0
348,AgentA wins,20.00,0,0,0,0,0,0,0,0,0,0
349,AgentA wins,20.00,0,0,0,0,0,0,0,0,0,0
350,AgentA wins,19.67,0,0,0,0,0,0,0,0,0,0
261,AgentB wins,39.67,0,0,0,0,0,0,0,0,0,0
262,AgentA wins,37.67,0,0,0,0,0,0,0,0,0,0
263,AgentA wins,18.00,0,0,0,0,0,0,0,0,0,0
264,AgentA wins,15.00,0,0,0,0,0,0,0,0,0,0
265,AgentA wins,36.00,0,0,0,0,0,0,0,0,0,0
266,AgentA wins,15.00,0,0,0,0,0,0,0,0,0,0
267,AgentA wins,30.33,0,0,0,0,0,0,0,0,0,0
268,AgentA wins,37.33,0,0,0,0,0,0,0,0,0,0
269,AgentA wins,18.00,0,0,0,0,0,0,0,0,0,0
270,AgentA wins,36.33,0,0,0,0,0,0,0,0,0,0
241,AgentA wins,29.67,0,0,0,0,0,0,0,0,0,0
242,AgentA wins,39.67,0,0,0,0,0,0,0,0,0,0
243,AgentA wins,48.67,0,0,0,0,0,0,0,0,0,0
244,AgentA wins,34.33,0,0,0,0,0,0,0,0,0,0
245,AgentA wins,28.67,0,0,0,0,0,0,0,0,0,0
246,AgentA wins,18.00,0,0,0,0,0,0,0,0,0,0
247,AgentB wins,38.33,0,0,0,0,0,0,0,0,0,0
248,timeout draw,60.00,0,0,0,0,0,0,0,0,0,0
249,AgentA wins,27.00,0,0,0,0,0,0,0,0,0,0
250,AgentA wins,44.00,0,0,0,0,0,0,0,0,0,0
341,AgentA wins,20.00,0,0,0,0,0,0,0,0,0,0
342,AgentA wins,20.00,0,0,0,0,0,0,0,0,0,0
343,AgentA wins,19.67,0,0,0,0,0,0,0,0,0,0
344,AgentA wins,20.00,0,0,0,0,0,0,0,0,0,0
345,AgentA wins,20.00,0,0,0,0,0,0,0,0,0,0
346,AgentA wins,15.00,0,0,0,0,0,0,0,0,0,0
347,AgentA wins,20.00,0,0,0,0,0,0,0,0,0,0
348,AgentA wins,15.00,0,0,0,0,0,0,0,0,0,0
349,AgentA wins,19.67,0,0,0,0,0,0,0,0,0,0
350,AgentA wins,20.00,0,0,0,0,0,0,0,0,0,0
251,AgentA wins,18.67,169,173,0,110,0,131,0,24,22,40
252,AgentA wins,32.00,286,291,0,187,0,228,0,34,30,70
253,AgentA wins,18.33,164,166,0,96,0,132,0,21,19,39
254,AgentA wins,40.00,359,358,0,212,0,279,0,42,40,94
255,AgentA wins,15.00,132,137,0,77,0,109,0,16,19,26
256,AgentA wins,38.00,346,341,1,189,0,270,0,41,47,71
257,AgentB wins,34.00,306,303,0,195,0,238,0,40,29,87
258,AgentA wins,15.00,136,137,0,84,0,105,0,14,16,31
259,AgentA wins,27.33,246,245,0,153,0,195,0,37,32,58
260,AgentA wins,15.00,139,138,0,84,0,105,0,15,21,37
351,AgentA wins,20.00,0,0,0,0,0,0,0,0,0,0
352,AgentA wins,20.00,0,0,0,0,0,0,0,0,0,0
353,AgentA wins,22.33,0,0,0,0,0,0,0,0,0,0
354,AgentA wins,17.00,0,0,0,0,0,0,0,0,0,0
355,AgentA wins,18.00,0,0,0,0,0,0,0,0,0,0
356,AgentA wins,18.00,0,0,0,0,0,0,0,0,0,0
357,AgentA wins,15.00,0,0,0,0,0,0,0,0,0,0
358,AgentA wins,15.00,0,0,0,0,0,0,0,0,0,0
359,AgentA wins,19.67,0,0,0,0,0,0,0,0,0,0
360,AgentA wins,18.00,0,0,0,0,0,0,0,0,0,0
251,AgentA wins,23.33,0,0,0,0,0,0,0,0,0,0
252,AgentA wins,43.00,0,0,0,0,0,0,0,0,0,0
253,AgentA wins,15.00,0,0,0,0,0,0,0,0,0,0
254,AgentA wins,18.00,0,0,0,0,0,0,0,0,0,0
255,AgentA wins,43.67,0,0,0,0,0,0,0,0,0,0
256,AgentA wins,29.67,0,0,0,0,0,0,0,0,0,0
257,AgentA wins,26.67,0,0,0,0,0,0,0,0,0,0
258,AgentA wins,21.00,0,0,0,0,0,0,0,0,0,0
259,AgentA wins,26.67,0,0,0,0,0,0,0,0,0,0
260,AgentA wins,41.67,0,0,0,0,0,0,0,0,0,0
351,AgentA wins,15.00,0,0,0,0,0,0,0,0,0,0
352,AgentA wins,19.67,0,0,0,0,0,0,0,0,0,0
353,AgentA wins,15.00,0,0,0,0,0,0,0,0,0,0
354,AgentA wins,15.00,0,0,0,0,0,0,0,0,0,0
355,AgentA wins,15.00,0,0,0,0,0,0,0,0,0,0
356,AgentA wins,19.67,0,0,0,0,0,0,0,0,0,0
357,AgentA wins,15.00,0,0,0,0,0,0,0,0,0,0
358,AgentA wins,20.00,0,0,0,0,0,0,0,0,0,0
359,AgentA wins,20.00,0,0,0,0,0,0,0,0,0,0
360,AgentA wins,15.00,0,0,0,0,0,0,0,0,0,0
351,AgentA wins,15.00,0,0,0,0,0,0,0,0,0,0
352,AgentA wins,20.00,0,0,0,0,0,0,0,0,0,0
353,AgentA wins,15.00,0,0,0,0,0,0,0,0,0,0
354,AgentA wins,20.00,0,0,0,0,0,0,0,0,0,0
355,AgentA wins,18.00,0,0,0,0,0,0,0,0,0,0
356,AgentA wins,17.00,0,0,0,0,0,0,0,0,0,0
357,AgentA wins,20.00,0,0,0,0,0,0,0,0,0,0
358,AgentA wins,19.67,0,0,0,0,0,0,0,0,0,0
359,AgentA wins,15.00,0,0,0,0,0,0,0,0,0,0
360,AgentA wins,15.00,0,0,0,0,0,0,0,0,0,0
351,AgentA wins,15.00,0,0,0,0,0,0,0,0,0,0
352,AgentA wins,20.00,0,0,0,0,0,0,0,0,0,0
353,AgentA wins,20.00,0,0,0,0,0,0,0,0,0,0
354,AgentA wins,15.00,0,0,0,0,0,0,0,0,0,0
355,AgentA wins,17.00,0,0,0,0,0,0,0,0,0,0
356,AgentA wins,20.00,0,0,0,0,0,0,0,0,0,0
357,AgentA wins,19.67,0,0,0,0,0,0,0,0,0,0
358,AgentA wins,15.00,0,0,0,0,0,0,0,0,0,0
359,AgentA wins,18.00,0,0,0,0,0,0,0,0,0,0
360,AgentA wins,20.00,0,0,0,0,0,0,0,0,0,0
351,AgentA wins,19.67,0,0,0,0,0,0,0,0,0,0
352,AgentA wins,19.67,0,0,0,0,0,0,0,0,0,0
353,AgentA wins,15.00,0,0,0,0,0,0,0,0,0,0
354,AgentA wins,17.00,0,0,0,0,0,0,0,0,0,0
355,AgentA wins,20.00,0,0,0,0,0,0,0,0,0,0
356,AgentA wins,17.00,0,0,0,0,0,0,0,0,0,0
357,AgentA wins,22.33,0,0,0,0,0,0,0,0,0,0
358,AgentA wins,19.67,0,0,0,0,0,0,0,0,0,0
359,AgentA wins,19.67,0,0,0,0,0,0,0,0,0,0
360,AgentA wins,19.67,0,0,0,0,0,0,0,0,0,0
351,AgentA wins,18.00,0,0,0,0,0,0,0,0,0,0
352,AgentA wins,20.00,0,0,0,0,0,0,0,0,0,0
353,AgentA wins,18.00,0,0,0,0,0,0,0,0,0,0
354,AgentA wins,17.00,0,0,0,0,0,0,0,0,0,0
355,AgentA wins,19.67,0,0,0,0,0,0,0,0,0,0
356,AgentA wins,20.00,0,0,0,0,0,0,0,0,0,0
357,AgentA wins,19.67,0,0,0,0,0,0,0,0,0,0
358,AgentA wins,19.67,0,0,0,0,0,0,0,0,0,0
359,AgentA wins,15.00,0,0,0,0,0,0,0,0,0,0
360,AgentA wins,20.00,0,0,0,0,0,0,0,0,0,0
351,AgentA wins,19.67,0,0,0,0,0,0,0,0,0,0
352,AgentA wins,20.00,0,0,0,0,0,0,0,0,0,0
353,AgentA wins,15.00,0,0,0,0,0,0,0,0,0,0
354,AgentA wins,20.00,0,0,0,0,0,0,0,0,0,0
355,AgentA wins,18.00,0,0,0,0,0,0,0,0,0,0
356,AgentA wins,15.00,0,0,0,0,0,0,0,0,0,0
357,AgentA wins,15.00,0,0,0,0,0,0,0,0,0,0
358,AgentA wins,20.00,0,0,0,0,0,0,0,0,0,0
359,AgentA wins,19.67,0,0,0,0,0,0,0,0,0,0
360,AgentA wins,20.00,0,0,0,0,0,0,0,0,0,0
351,AgentA wins,19.67,0,0,0,0,0,0,0,0,0,0
352,AgentA wins,19.67,0,0,0,0,0,0,0,0,0,0
353,AgentA wins,18.00,0,0,0,0,0,0,0,0,0,0
354,AgentA wins,15.00,0,0,0,0,0,0,0,0,0,0
355,AgentA wins,15.00,0,0,0,0,0,0,0,0,0,0
356,AgentA wins,15.00,0,0,0,0,0,0,0,0,0,0
357,AgentA wins,20.00,0,0,0,0,0,0,0,0,0,0
358,AgentA wins,20.00,0,0,0,0,0,0,0,0,0,0
359,AgentA wins,20.00,0,0,0,0,0,0,0,0,0,0
360,AgentA wins,15.00,0,0,0,0,0,0,0,0,0,0
251,AgentA wins,38.67,0,0,0,0,0,0,0,0,0,0
252,AgentA wins,30.00,0,0,0,0,0,0,0,0,0,0
253,AgentA wins,18.67,0,0,0,0,0,0,0,0,0,0
254,AgentA wins,15.00,0,0,0,0,0,0,0,0,0,0
255,AgentA wins,30.00,0,0,0,0,0,0,0,0,0,0
256,AgentA wins,15.00,0,0,0,0,0,0,0,0,0,0
257,AgentA wins,34.33,0,0,0,0,0,0,0,0,0,0
258,AgentA wins,18.00,0,0,0,0,0,0,0,0,0,0
259,AgentA wins,21.00,0,0,0,0,0,0,0,0,0,0
260,AgentA wins,28.33,0,0,0,0,0,0,0,0,0,0
351,AgentA wins,18.00,0,0,0,0,0,0,0,0,0,0
352,AgentA wins,18.00,0,0,0,0,0,0,0,0,0,0
353,AgentA wins,15.00,0,0,0,0,0,0,0,0,0,0
354,AgentA wins,20.00,0,0,0,0,0,0,0,0,0,0
355,AgentA wins,19.67,0,0,0,0,0,0,0,0,0,0
356,AgentA wins,20.00,0,0,0,0,0,0,0,0,0,0
357,AgentA wins,18.00,0,0,0,0,0,0,0,0,0,0
358,AgentA wins,20.00,0,0,0,0,0,0,0,0,0,0
359,AgentA wins,20.00,0,0,0,0,0,0,0,0,0,0
360,AgentA wins,15.00,0,0,0,0,0,0,0,0,0,0
251,AgentA wins,35.33,0,0,0,0,0,0,0,0,0,0
252,AgentA wins,15.00,0,0,0,0,0,0,0,0,0,0
253,AgentA wins,18.00,0,0,0,0,0,0,0,0,0,0
254,AgentA wins,15.00,0,0,0,0,0,0,0,0,0,0
255,AgentA wins,24.00,0,0,0,0,0,0,0,0,0,0
256,AgentA wins,39.00,0,0,0,0,0,0,0,0,0,0
257,AgentA wins,15.00,0,0,0,0,0,0,0,0,0,0
258,AgentA wins,24.00,0,0,0,0,0,0,0,0,0,0
259,AgentA wins,21.00,0,0,0,0,0,0,0,0,0,0
260,AgentA wins,30.00,0,0,0,0,0,0,0,0,0,0
351,AgentA wins,20.00,0,0,0,0,0,0,0,0,0,0
352,AgentA wins,20.00,0,0,0,0,0,0,0,0,0,0
353,AgentA wins,15.00,0,0,0,0,0,0,0,0,0,0
354,AgentA wins,22.33,0,0,0,0,0,0,0,0,0,0
355,AgentA wins,15.00,0,0,0,0,0,0,0,0,0,0
356,AgentA wins,19.67,0,0,0,0,0,0,0,0,0,0
357,AgentA wins,17.00,0,0,0,0,0,0,0,0,0,0
358,AgentA wins,20.00,0,0,0,0,0,0,0,0,0,0
359,AgentA wins,20.00,0,0,0,0,0,0,0,0,0,0
360,AgentA wins,20.00,0,0,0,0,0,0,0,0,0,0
251,AgentA wins,31.67,0,0,0,0,0,0,0,0,0,0
252,AgentA wins,15.00,0,0,0,0,0,0,0,0,0,0
253,AgentA wins,15.00,0,0,0,0,0,0,0,0,0,0
254,AgentA wins,31.00,0,0,0,0,0,0,0,0,0,0
255,AgentA wins,15.00,0,0,0,0,0,0,0,0,0,0
256,AgentA wins,36.00,0,0,0,0,0,0,0,0,0,0
257,AgentA wins,15.00,0,0,0,0,0,0,0,0,0,0
258,AgentA wins,27.00,0,0,0,0,0,0,0,0,0,0
259,AgentA wins,15.00,0,0,0,0,0,0,0,0,0,0
260,AgentA wins,24.00,0,0,0,0,0,0,0,0,0,0
261,AgentA wins,40.67,0,0,0,0,0,0,0,0,0,0
262,AgentA wins,15.00,0,0,0,0,0,0,0,0,0,0
263,AgentA wins,30.00,0,0,0,0,0,0,0,0,0,0
264,AgentA wins,15.00,0,0,0,0,0,0,0,0,0,0
265,AgentA wins,18.00,0,0,0,0,0,0,0,0,0,0
266,AgentA wins,18.00,0,0,0,0,0,0,0,0,0,0
267,AgentB wins,21.67,0,0,0,0,0,0,0,0,0,0
268,AgentA wins,15.00,0,0,0,0,0,0,0,0,0,0
269,AgentA wins,40.67,0,0,0,0,0,0,0,0,0,0
270,AgentA wins,24.33,0,0,0,0,0,0,0,0,0,0
351,AgentA wins,20.00,0,0,0,0,0,0,0,0,0,0
352,AgentA wins,20.00,0,0,0,0,0,0,0,0,0,0
353,AgentA wins,19.67,0,0,0,0,0,0,0,0,0,0
354,AgentA wins,18.00,0,0,0,0,0,0,0,0,0,0
355,AgentA wins,20.00,0,0,0,0,0,0,0,0,0,0
356,AgentA wins,15.00,0,0,0,0,0,0,0,0,0,0
357,AgentA wins,20.00,0,0,0,0,0,0,0,0,0,0
358,AgentA wins,20.00,0,0,0,0,0,0,0,0,0,0
359,AgentA wins,20.00,0,0,0,0,0,0,0,0,0,0
360,AgentA wins,18.00,0,0,0,0,0,0,0,0,0,0
351,AgentA wins,18.00,0,0,0,0,0,0,0,0,0,0
352,AgentA wins,20.00,0,0,0,0,0,0,0,0,0,0
353,AgentA wins,20.00,0,0,0,0,0,0,0,0,0,0
354,AgentA wins,19.67,0,0,0,0,0,0,0,0,0,0
355,AgentA wins,20.00,0,0,0,0,0,0,0,0,0,0
356,AgentA wins,15.00,0,0,0,0,0,0,0,0,0,0
357,AgentA wins,20.00,0,0,0,0,0,0,0,0,0,0
358,AgentA wins,20.00,0,0,0,0,0,0,0,0,0,0
359,AgentA wins,20.00,0,0,0,0,0,0,0,0,0,0
360,AgentA wins,18.00,0,0,0,0,0,0,0,0,0,0
351,AgentA wins,17.00,0,0,0,0,0,0,0,0,0,0
352,AgentA wins,20.00,0,0,0,0,0,0,0,0,0,0
353,AgentA wins,18.00,0,0,0,0,0,0,0,0,0,0
354,AgentA wins,20.00,0,0,0,0,0,0,0,0,0,0
355,AgentA wins,20.00,0,0,0,0,0,0,0,0,0,0
356,AgentA wins,18.00,0,0,0,0,0,0,0,0,0,0
357,AgentA wins,20.00,0,0,0,0,0,0,0,0,0,0
358,AgentA wins,18.00,0,0,0,0,0,0,0,0,0,0
359,AgentA wins,20.00,0,0,0,0,0,0,0,0,0,0
360,AgentA wins,18.00,0,0,0,0,0,0,0,0,0,0
261,AgentB wins,31.00,0,0,0,0,0,0,0,0,0,0
262,AgentA wins,18.33,0,0,0,0,0,0,0,0,0,0
263,AgentB wins,36.00,0,0,0,0,0,0,0,0,0,0
264,AgentA wins,18.00,0,0,0,0,0,0,0,0,0,0
265,AgentA wins,38.33,0,0,0,0,0,0,0,0,0,0
266,AgentA wins,18.00,0,0,0,0,0,0,0,0,0,0
267,AgentA wins,18.00,0,0,0,0,0,0,0,0,0,0
268,AgentA wins,18.00,0,0,0,0,0,0,0,0,0,0
269,AgentA wins,33.00,0,0,0,0,0,0,0,0,0,0
270,AgentB wins,33.67,0,0,0,0,0,0,0,0,0,0
351,AgentA wins,20.00,0,0,0,0,0,0,0,0,0,0
352,AgentA wins,22.33,0,0,0,0,0,0,0,0,0,0
353,AgentA wins,18.00,0,0,0,0,0,0,0,0,0,0
354,AgentA wins,19.67,0,0,0,0,0,0,0,0,0,0
355,AgentA wins,18.00,0,0,0,0,0,0,0,0,0,0
356,AgentA wins,20.00,0,0,0,0,0,0,0,0,0,0
357,AgentA wins,20.00,0,0,0,0,0,0,0,0,0,0
358,AgentA wins,15.00,0,0,0,0,0,0,0,0,0,0
359,AgentA wins,20.00,0,0,0,0,0,0,0,0,0,0
360,AgentA wins,20.00,0,0,0,0,0,0,0,0,0,0
351,AgentA wins,20.00,0,0,0,0,0,0,0,0,0,0
352,AgentA wins,20.00,0,0,0,0,0,0,0,0,0,0
353,AgentA wins,18.00,0,0,0,0,0,0,0,0,0,0
354,AgentA wins,17.00,0,0,0,0,0,0,0,0,0,0
355,AgentA wins,20.00,0,0,0,0,0,0,0,0,0,0
356,AgentA wins,20.00,0,0,0,0,0,0,0,0,0,0
357,AgentA wins,15.00,0,0,0,0,0,0,0,0,0,0
358,AgentA wins,18.00,0,0,0,0,0,0,0,0,0,0
359,AgentA wins,20.00,0,0,0,0,0,0,0,0,0,0
360,AgentA wins,15.00,0,0,0,0,0,0,0,0,0,0
251,AgentA wins,30.67,0,0,0,0,0,0,0,0,0,0
252,AgentA wins,21.00,0,0,0,0,0,0,0,0,0,0
253,AgentA wins,15.00,0,0,0,0,0,0,0,0,0,0
254,AgentA wins,24.00,0,0,0,0,0,0,0,0,0,0
255,AgentA wins,36.00,0,0,0,0,0,0,0,0,0,0
256,AgentA wins,15.00,0,0,0,0,0,0,0,0,0,0
257,AgentA wins,27.00,0,0,0,0,0,0,0,0,0,0
258,AgentA wins,15.00,0,0,0,0,0,0,0,0,0,0
259,AgentA wins,15.00,0,0,0,0,0,0,0,0,0,0
260,AgentA wins,15.00,0,0,0,0,0,0,0,0,0,0
251,AgentA wins,25.67,0,0,0,0,0,0,0,0,0,0
252,AgentA wins,18.00,0,0,0,0,0,0,0,0,0,0
253,AgentA wins,21.00,0,0,0,0,0,0,0,0,0,0
254,AgentA wins,25.00,0,0,0,0,0,0,0,0,0,0
255,AgentA wins,27.00,0,0,0,0,0,0,0,0,0,0
256,AgentA wins,28.00,0,0,0,0,0,0,0,0,0,0
257,AgentA wins,26.00,0,0,0,0,0,0,0,0,0,0
258,AgentA wins,36.00,0,0,0,0,0,0,0,0,0,0
259,AgentA wins,27.00,0,0,0,0,0,0,0,0,0,0
260,AgentA wins,15.00,0,0,0,0,0,0,0,0,0,0
361,AgentA wins,20.00,0,0,0,0,0,0,0,0,0,0
362,AgentA wins,20.00,0,0,0,0,0,0,0,0,0,0
363,AgentA wins,22.33,0,0,0,0,0,0,0,0,0,0
364,AgentA wins,20.00,0,0,0,0,0,0,0,0,0,0
365,AgentA wins,18.00,0,0,0,0,0,0,0,0,0,0
366,AgentA wins,20.00,0,0,0,0,0,0,0,0,0,0
367,AgentA wins,19.67,0,0,0,0,0,0,0,0,0,0
368,AgentA wins,17.00,0,0,0,0,0,0,0,0,0,0
369,AgentA wins,18.00,0,0,0,0,0,0,0,0,0,0
370,AgentA wins,20.00,0,0,0,0,0,0,0,0,0,0
271,AgentA wins,15.00,0,0,0,0,0,0,0,0,0,0
272,AgentA wins,15.00,0,0,0,0,0,0,0,0,0,0
273,AgentA wins,26.33,0,0,0,0,0,0,0,0,0,0
274,AgentA wins,41.67,0,0,0,0,0,0,0,0,0,0
275,AgentA wins,18.00,0,0,0,0,0,0,0,0,0,0
276,AgentA wins,18.00,0,0,0,0,0,0,0,0,0,0
277,AgentA wins,21.33,0,0,0,0,0,0,0,0,0,0
278,AgentA wins,15.00,0,0,0,0,0,0,0,0,0,0
279,AgentB wins,59.00,0,0,0,0,0,0,0,0,0,0
280,AgentA wins,18.00,0,0,0,0,0,0,0,0,0,0
361,AgentA wins,18.00,0,0,0,0,0,0,0,0,0,0
362,AgentA wins,19.67,0,0,0,0,0,0,0,0,0,0
363,AgentA wins,20.00,0,0,0,0,0,0,0,0,0,0
364,AgentA wins,20.00,0,0,0,0,0,0,0,0,0,0
365,AgentA wins,20.00,0,0,0,0,0,0,0,0,0,0
366,AgentA wins,18.00,0,0,0,0,0,0,0,0,0,0
367,AgentA wins,20.00,0,0,0,0,0,0,0,0,0,0
368,AgentA wins,15.00,0,0,0,0,0,0,0,0,0,0
369,AgentA wins,20.00,0,0,0,0,0,0,0,0,0,0
370,AgentA wins,15.00,0,0,0,0,0,0,0,0,0,0
361,AgentA wins,22.33,0,0,0,0,0,0,0,0,0,0
362,AgentA wins,15.00,0,0,0,0,0,0,0,0,0,0
363,AgentA wins,19.67,0,0,0,0,0,0,0,0,0,0
364,AgentA wins,19.67,0,0,0,0,0,0,0,0,0,0
365,AgentA wins,20.00,0,0,0,0,0,0,0,0,0,0
366,AgentA wins,20.00,0,0,0,0,0,0,0,0,0,0
367,AgentA wins,15.00,0,0,0,0,0,0,0,0,0,0
368,AgentA wins,20.00,0,0,0,0,0,0,0,0,0,0
369,AgentA wins,20.00,0,0,0,0,0,0,0,0,0,0
370,AgentA wins,20.00,0,0,0,0,0,0,0,0,0,0
361,AgentA wins,15.00,0,0,0,0,0,0,0,0,0,0
362,AgentA wins,15.00,0,0,0,0,0,0,0,0,0,0
363,AgentA wins,19.67,0,0,0,0,0,0,0,0,0,0
364,AgentA wins,15.00,0,0,0,0,0,0,0,0,0,0
365,AgentA wins,20.00,0,0,0,0,0,0,0,0,0,0
366,AgentA wins,20.00,0,0,0,0,0,0,0,0,0,0
367,AgentA wins,20.00,0,0,0,0,0,0,0,0,0,0
368,AgentA wins,18.00,0,0,0,0,0,0,0,0,0,0
369,AgentA wins,20.00,0,0,0,0,0,0,0,0,0,0
370,AgentA wins,15.00,0,0,0,0,0,0,0,0,0,0
361,AgentA wins,20.00,0,0,0,0,0,0,0,0,0,0
362,AgentA wins,15.00,0,0,0,0,0,0,0,0,0,0
363,AgentA wins,18.00,0,0,0,0,0,0,0,0,0,0
364,AgentA wins,20.00,0,0,0,0,0,0,0,0,0,0
365,AgentA wins,20.00,0,0,0,0,0,0,0,0,0,0
366,AgentA wins,20.00,0,0,0,0,0,0,0,0,0,0
367,AgentA wins,15.00,0,0,0,0,0,0,0,0,0,0
368,AgentA wins,20.00,0,0,0,0,0,0,0,0,0,0
369,AgentA wins,18.00,0,0,0,0,0,0,0,0,0,0
370,AgentA wins,15.00,0,0,0,0,0,0,0,0,0,0
361,AgentA wins,19.67,0,0,0,0,0,0,0,0,0,0
362,AgentA wins,22.33,0,0,0,0,0,0,0,0,0,0
363,AgentA wins,15.00,0,0,0,0,0,0,0,0,0,0
364,AgentA wins,20.00,0,0,0,0,0,0,0,0,0,0
365,AgentA wins,20.00,0,0,0,0,0,0,0,0,0,0
366,AgentA wins,20.00,0,0,0,0,0,0,0,0,0,0
367,AgentA wins,15.00,0,0,0,0,0,0,0,0,0,0
368,AgentA wins,20.00,0,0,0,0,0,0,0,0,0,0
369,AgentA wins,17.00,0,0,0,0,0,0,0,0,0,0
370,AgentA wins,20.00,0,0,0,0,0,0,0,0,0,0
361,AgentA wins,20.00,0,0,0,0,0,0,0,0,0,0
362,AgentA wins,20.00,0,0,0,0,0,0,0,0,0,0
363,AgentA wins,18.00,0,0,0,0,0,0,0,0,0,0
364,AgentA wins,20.00,0,0,0,0,0,0,0,0,0,0
365,AgentA wins,20.00,0,0,0,0,0,0,0,0,0,0
366,AgentA wins,20.00,0,0,0,0,0,0,0,0,0,0
367,AgentA wins,18.00,0,0,0,0,0,0,0,0,0,0
368,AgentA wins,19.67,0,0,0,0,0,0,0,0,0,0
369,AgentA wins,20.00,0,0,0,0,0,0,0,0,0,0
370,AgentA wins,20.00,0,0,0,0,0,0,0,0,0,0
261,AgentA wins,42.67,0,0,0,0,0,0,0,0,0,0
262,AgentA wins,50.33,0,0,0,0,0,0,0,0,0,0
263,AgentA wins,18.00,0,0,0,0,0,0,0,0,0,0
264,AgentA wins,24.00,0,0,0,0,0,0,0,0,0,0
265,AgentA wins,15.00,0,0,0,0,0,0,0,0,0,0
266,AgentA wins,18.00,0,0,0,0,0,0,0,0,0,0
267,AgentA wins,21.00,0,0,0,0,0,0,0,0,0,0
268,AgentA wins,18.00,0,0,0,0,0,0,0,0,0,0
269,AgentA wins,21.00,0,0,0,0,0,0,0,0,0,0
270,AgentA wins,15.00,0,0,0,0,0,0,0,0,0,0
261,AgentA wins,18.00,160,163,0,102,0,130,0,17,15,38
262,AgentA wins,24.67,223,218,0,143,0,171,0,33,23,64
263,timeout draw,60.00,543,539,0,314,0,430,0,63,69,122
264,AgentA wins,24.00,221,211,0,136,0,169,0,26,14,75
265,AgentA wins,18.00,166,162,0,93,0,129,0,19,18,33
266,AgentA wins,18.00,164,162,0,104,0,128,0,21,18,40
267,AgentA wins,18.00,164,162,0,100,0,127,0,24,17,39
268,AgentA wins,40.67,368,365,0,222,0,294,0,45,41,101
269,AgentA wins,37.67,341,339,0,212,0,272,0,40,35,100
270,AgentA wins,15.00,134,136,0,87,0,106,0,17,13,33
361,AgentA wins,19.67,0,0,0,0,0,0,0,0,0,0
362,AgentA wins,18.00,0,0,0,0,0,0,0,0,0,0
363,AgentA wins,20.00,0,0,0,0,0,0,0,0,0,0
364,AgentA wins,20.00,0,0,0,0,0,0,0,0,0,0
365,AgentA wins,20.00,0,0,0,0,0,0,0,0,0,0
366,AgentA wins,15.00,0,0,0,0,0,0,0,0,0,0
367,AgentA wins,20.00,0,0,0,0,0,0,0,0,0,0
368,AgentA wins,20.00,0,0,0,0,0,0,0,0,0,0
369,AgentA wins,20.00,0,0,0,0,0,0,0,0,0,0
370,AgentA wins,18.00,0,0,0,0,0,0,0,0,0,0
361,AgentA wins,15.00,0,0,0,0,0,0,0,0,0,0
362,AgentA wins,20.00,0,0,0,0,0,0,0,0,0,0
363,AgentA wins,20.00,0,0,0,0,0,0,0,0,0,0
364,AgentA wins,15.00,0,0,0,0,0,0,0,0,0,0
365,AgentA wins,20.00,0,0,0,0,0,0,0,0,0,0
366,AgentA wins,17.00,0,0,0,0,0,0,0,0,0,0
367,AgentA wins,15.00,0,0,0,0,0,0,0,0,0,0
368,AgentA wins,15.00,0,0,0,0,0,0,0,0,0,0
369,AgentA wins,20.00,0,0,0,0,0,0,0,0,0,0
370,AgentA wins,19.67,0,0,0,0,0,0,0,0,0,0
361,AgentA wins,20.00,0,0,0,0,0,0,0,0,0,0
362,AgentA wins,20.00,0,0,0,0,0,0,0,0,0,0
363,AgentA wins,20.00,0,0,0,0,0,0,0,0,0,0
364,AgentA wins,20.00,0,0,0,0,0,0,0,0,0,0
365,AgentA wins,20.00,0,0,0,0,0,0,0,0,0,0
366,AgentA wins,18.00,0,0,0,0,0,0,0,0,0,0
367,AgentA wins,20.00,0,0,0,0,0,0,0,0,0,0
368,AgentA wins,19.67,0,0,0,0,0,0,0,0,0,0
369,AgentA wins,15.00,0,0,0,0,0,0,0,0,0,0
370,AgentA wins,15.00,0,0,0,0,0,0,0,0,0,0
361,AgentA wins,17.00,0,0,0,0,0,0,0,0,0,0
362,AgentA wins,15.00,0,0,0,0,0,0,0,0,0,0
363,AgentA wins,19.67,0,0,0,0,0,0,0,0,0,0
364,AgentA wins,19.67,0,0,0,0,0,0,0,0,0,0
365,AgentA wins,20.00,0,0,0,0,0,0,0,0,0,0
366,AgentA wins,20.00,0,0,0,0,0,0,0,0,0,0
367,AgentA wins,17.00,0,0,0,0,0,0,0,0,0,0
368,AgentA wins,17.00,0,0,0,0,0,0,0,0,0,0
369,AgentA wins,19.67,0,0,0,0,0,0,0,0,0,0
370,AgentA wins,20.00,0,0,0,0,0,0,0,0,0,0
361,AgentA wins,20.00,0,0,0,0,0,0,0,0,0,0
362,AgentA wins,20.00,0,0,0,0,0,0,0,0,0,0
363,AgentA wins,20.00,0,0,0,0,0,0,0,0,0,0
364,AgentA wins,20.00,0,0,0,0,0,0,0,0,0,0
365,AgentA wins,18.00,0,0,0,0,0,0,0,0,0,0
366,AgentA wins,20.00,0,0,0,0,0,0,0,0,0,0
367,AgentA wins,20.00,0,0,0,0,0,0,0,0,0,0
368,AgentA wins,20.00,0,0,0,0,0,0,0,0,0,0
369,AgentA wins,20.00,0,0,0,0,0,0,0,0,0,0
370,AgentA wins,15.00,0,0,0,0,0,0,0,0,0,0
361,AgentA wins,15.00,0,0,0,0,0,0,0,0,0,0
362,AgentA wins,15.00,0,0,0,0,0,0,0,0,0,0
363,AgentA wins,20.00,0,0,0,0,0,0,0,0,0,0
364,AgentA wins,20.00,0,0,0,0,0,0,0,0,0,0
365,AgentA wins,18.00,0,0,0,0,0,0,0,0,0,0
366,AgentA wins,19.67,0,0,0,0,0,0,0,0,0,0
367,AgentA wins,20.00,0,0,0,0,0,0,0,0,0,0
368,AgentA wins,19.67,0,0,0,0,0,0,0,0,0,0
369,AgentA wins,20.00,0,0,0,0,0,0,0,0,0,0
370,AgentA wins,20.00,0,0,0,0,0,0,0,0,0,0
261,AgentA wins,33.33,0,0,0,0,0,0,0,0,0,0
262,AgentA wins,23.00,0,0,0,0,0,0,0,0,0,0
263,AgentA wins,18.00,0,0,0,0,0,0,0,0,0,0
264,AgentA wins,15.00,0,0,0,0,0,0,0,0,0,0
265,AgentA wins,18.00,0,0,0,0,0,0,0,0,0,0
266,AgentA wins,33.00,0,0,0,0,0,0,0,0,0,0
267,AgentA wins,15.00,0,0,0,0,0,0,0,0,0,0
268,AgentA wins,36.33,0,0,0,0,0,0,0,0,0,0
269,AgentA wins,21.00,0,0,0,0,0,0,0,0,0,0
270,AgentA wins,15.00,0,0,0,0,0,0,0,0,0,0
361,AgentA wins,19.67,0,0,0,0,0,0,0,0,0,0
362,AgentA wins,20.00,0,0,0,0,0,0,0,0,0,0
363,AgentA wins,20.00,0,0,0,0,0,0,0,0,0,0
364,AgentA wins,18.00,0,0,0,0,0,0,0,0,0,0
365,AgentA wins,20.00,0,0,0,0,0,0,0,0,0,0
366,AgentA wins,18.00,0,0,0,0,0,0,0,0,0,0
367,AgentA wins,15.00,0,0,0,0,0,0,0,0,0,0
368,AgentA wins,15.00,0,0,0,0,0,0,0,0,0,0
369,AgentA wins,20.00,0,0,0,0,0,0,0,0,0,0
370,AgentA wins,15.00,0,0,0,0,0,0,0,0,0,0
361,AgentA wins,20.00,0,0,0,0,0,0,0,0,0,0
362,AgentA wins,20.00,0,0,0,0,0,0,0,0,0,0
363,AgentA wins,18.00,0,0,0,0,0,0,0,0,0,0
364,AgentA wins,20.00,0,0,0,0,0,0,0,0,0,0
365,AgentA wins,20.00,0,0,0,0,0,0,0,0,0,0
366,AgentA wins,20.00,0,0,0,0,0,0,0,0,0,0
367,AgentA wins,20.00,0,0,0,0,0,0,0,0,0,0
368,AgentA wins,20.00,0,0,0,0,0,0,0,0,0,0
369,AgentA wins,20.00,0,0,0,0,0,0,0,0,0,0
370,AgentA wins,15.00,0,0,0,0,0,0,0,0,0,0
261,AgentA wins,15.00,0,0,0,0,0,0,0,0,0,0
262,AgentA wins,21.00,0,0,0,0,0,0,0,0,0,0
263,AgentA wins,15.00,0,0,0,0,0,0,0,0,0,0
264,AgentB wins,30.67,0,0,0,0,0,0,0,0,0,0
265,AgentA wins,23.00,0,0,0,0,0,0,0,0,0,0
266,AgentA wins,33.00,0,0,0,0,0,0,0,0,0,0
267,AgentA wins,27.00,0,0,0,0,0,0,0,0,0,0
268,AgentA wins,35.67,0,0,0,0,0,0,0,0,0,0
269,AgentB wins,23.67,0,0,0,0,0,0,0,0,0,0
270,AgentA wins,23.00,0,0,0,0,0,0,0,0,0,0
271,AgentA wins,29.33,0,0,0,0,0,0,0,0,0,0
272,AgentA wins,29.00,0,0,0,0,0,0,0,0,0,0
273,AgentA wins,24.00,0,0,0,0,0,0,0,0,0,0
274,AgentA wins,31.67,0,0,0,0,0,0,0,0,0,0
275,AgentA wins,15.00,0,0,0,0,0,0,0,0,0,0
276,AgentA wins,18.00,0,0,0,0,0,0,0,0,0,0
277,AgentA wins,31.33,0,0,0,0,0,0,0,0,0,0
278,AgentA wins,15.00,0,0,0,0,0,0,0,0,0,0
279,AgentB wins,34.00,0,0,0,0,0,0,0,0,0,0
280,AgentA wins,32.00,0,0,0,0,0,0,0,0,0,0
261,AgentA wins,29.00,0,0,0,0,0,0,0,0,0,0
262,AgentA wins,27.00,0,0,0,0,0,0,0,0,0,0
263,AgentA wins,21.33,0,0,0,0,0,0,0,0,0,0
264,AgentA wins,15.00,0,0,0,0,0,0,0,0,0,0
265,AgentA wins,15.00,0,0,0,0,0,0,0,0,0,0
266,AgentA wins,15.00,0,0,0,0,0,0,0,0,0,0
267,AgentA wins,15.00,0,0,0,0,0,0,0,0,0,0
268,AgentA wins,18.00,0,0,0,0,0,0,0,0,0,0
269,AgentA wins,15.00,0,0,0,0,0,0,0,0,0,0
270,AgentA wins,31.67,0,0,0,0,0,0,0,0,0,0
261,AgentA wins,15.00,0,0,0,0,0,0,0,0,0,0
262,timeout draw,60.00,0,0,0,0,0,0,0,0,0,0
263,AgentA wins,32.33,0,0,0,0,0,0,0,0,0,0
264,AgentA wins,18.00,0,0,0,0,0,0,0,0,0,0
265,AgentA wins,15.00,0,0,0,0,0,0,0,0,0,0
266,AgentB wins,33.00,0,0,0,0,0,0,0,0,0,0
267,AgentA wins,30.00,0,0,0,0,0,0,0,0,0,0
268,AgentA wins,15.00,0,0,0,0,0,0,0,0,0,0
269,AgentB wins,40.00,0,0,0,0,0,0,0,0,0,0
270,AgentA wins,36.33,0,0,0,0,0,0,0,0,0,0
371,AgentA wins,18.00,0,0,0,0,0,0,0,0,0,0
372,AgentA wins,19.67,0,0,0,0,0,0,0,0,0,0
373,AgentA wins,20.00,0,0,0,0,0,0,0,0,0,0
374,AgentA wins,19.67,0,0,0,0,0,0,0,0,0,0
375,AgentA wins,15.00,0,0,0,0,0,0,0,0,0,0
376,AgentA wins,18.00,0,0,0,0,0,0,0,0,0,0
377,AgentA wins,20.00,0,0,0,0,0,0,0,0,0,0
378,AgentA wins,20.00,0,0,0,0,0,0,0,0,0,0
379,AgentA wins,18.00,0,0,0,0,0,0,0,0,0,0
380,AgentA wins,15.00,0,0,0,0,0,0,0,0,0,0
271,AgentA wins,21.00,0,0,0,0,0,0,0,0,0,0
272,AgentB wins,34.67,0,0,0,0,0,0,0,0,0,0
273,AgentA wins,24.00,0,0,0,0,0,0,0,0,0,0
274,AgentA wins,40.33,0,0,0,0,0,0,0,0,0,0
275,AgentA wins,26.33,0,0,0,0,0,0,0,0,0,0
276,AgentA wins,15.00,0,0,0,0,0,0,0,0,0,0
277,AgentA wins,21.00,0,0,0,0,0,0,0,0,0,0
278,AgentA wins,15.00,0,0,0,0,0,0,0,0,0,0
279,AgentA wins,29.33,0,0,0,0,0,0,0,0,0,0
280,AgentA wins,31.00,0,0,0,0,0,0,0,0,0,0
371,AgentA wins,20.00,0,0,0,0,0,0,0,0,0,0
372,AgentA wins,15.00,0,0,0,0,0,0,0,0,0,0
373,AgentA wins,17.00,0,0,0,0,0,0,0,0,0,0
374,AgentA wins,19.67,0,0,0,0,0,0,0,0,0,0
375,AgentA wins,20.00,0,0,0,0,0,0,0,0,0,0
376,AgentA wins,15.00,0,0,0,0,0,0,0,0,0,0
377,AgentA wins,20.00,0,0,0,0,0,0,0,0,0,0
378,AgentA wins,18.00,0,0,0,0,0,0,0,0,0,0
379,AgentA wins,20.00,0,0,0,0,0,0,0,0,0,0
380,AgentA wins,19.67,0,0,0,0,0,0,0,0,0,0
371,AgentA wins,15.00,0,0,0,0,0,0,0,0,0,0
372,AgentA wins,20.00,0,0,0,0,0,0,0,0,0,0
373,AgentA wins,15.00,0,0,0,0,0,0,0,0,0,0
374,AgentA wins,15.00,0,0,0,0,0,0,0,0,0,0
375,AgentA wins,15.00,0,0,0,0,0,0,0,0,0,0
376,AgentA wins,15.00,0,0,0,0,0,0,0,0,0,0
377,AgentA wins,19.67,0,0,0,0,0,0,0,0,0,0
378,AgentA wins,20.00,0,0,0,0,0,0,0,0,0,0
379,AgentA wins,15.00,0,0,0,0,0,0,0,0,0,0
380,AgentA wins,20.00,0,0,0,0,0,0,0,0,0,0
371,AgentA wins,18.00,0,0,0,0,0,0,0,0,0,0
372,AgentA wins,15.00,0,0,0,0,0,0,0,0,0,0
373,AgentA wins,19.67,0,0,0,0,0,0,0,0,0,0
374,AgentA wins,20.00,0,0,0,0,0,0,0,0,0,0
375,AgentA wins,15.00,0,0,0,0,0,0,0,0,0,0
376,AgentA wins,20.00,0,0,0,0,0,0,0,0,0,0
377,AgentA wins,15.00,0,0,0,0,0,0,0,0,0,0
378,AgentA wins,19.67,0,0,0,0,0,0,0,0,0,0
379,AgentA wins,19.67,0,0,0,0,0,0,0,0,0,0
380,AgentA wins,18.00,0,0,0,0,0,0,0,0,0,0
261,AgentA wins,15.00,0,0,0,0,0,0,0,0,0,0
262,AgentA wins,18.00,0,0,0,0,0,0,0,0,0,0
263,AgentA wins,18.00,0,0,0,0,0,0,0,0,0,0
264,AgentA wins,18.00,0,0,0,0,0,0,0,0,0,0
265,AgentA wins,30.00,0,0,0,0,0,0,0,0,0,0
266,AgentA wins,36.00,0,0,0,0,0,0,0,0,0,0
267,AgentA wins,32.33,0,0,0,0,0,0,0,0,0,0
268,AgentA wins,30.00,0,0,0,0,0,0,0,0,0,0
269,AgentA wins,27.67,0,0,0,0,0,0,0,0,0,0
270,AgentA wins,15.67,0,0,0,0,0,0,0,0,0,0
371,AgentA wins,20.00,0,0,0,0,0,0,0,0,0,0
372,AgentA wins,15.00,0,0,0,0,0,0,0,0,0,0
373,AgentA wins,20.00,0,0,0,0,0,0,0,0,0,0
374,AgentA wins,20.00,0,0,0,0,0,0,0,0,0,0
375,AgentA wins,15.00,0,0,0,0,0,0,0,0,0,0
376,AgentA wins,19.67,0,0,0,0,0,0,0,0,0,0
377,AgentA wins,22.33,0,0,0,0,0,0,0,0,0,0
378,AgentA wins,20.00,0,0,0,0,0,0,0,0,0,0
379,AgentA wins,20.00,0,0,0,0,0,0,0,0,0,0
380,AgentA wins,20.00,0,0,0,0,0,0,0,0,0,0
371,AgentA wins,20.00,0,0,0,0,0,0,0,0,0,0
372,AgentA wins,15.00,0,0,0,0,0,0,0,0,0,0
373,AgentA wins,22.33,0,0,0,0,0,0,0,0,0,0
374,AgentA wins,18.00,0,0,0,0,0,0,0,0,0,0
375,AgentA wins,15.00,0,0,0,0,0,0,0,0,0,0
376,AgentA wins,15.00,0,0,0,0,0,0,0,0,0,0
377,AgentA wins,19.67,0,0,0,0,0,0,0,0,0,0
378,AgentA wins,15.00,0,0,0,0,0,0,0,0,0,0
379,AgentA wins,20.00,0,0,0,0,0,0,0,0,0,0
380,AgentA wins,20.00,0,0,0,0,0,0,0,0,0,0
371,AgentA wins,17.00,0,0,0,0,0,0,0,0,0,0
372,AgentA wins,20.00,0,0,0,0,0,0,0,0,0,0
373,AgentA wins,20.00,0,0,0,0,0,0,0,0,0,0
374,AgentA wins,19.67,0,0,0,0,0,0,0,0,0,0
375,AgentA wins,17.00,0,0,0,0,0,0,0,0,0,0
376,AgentA wins,20.00,0,0,0,0,0,0,0,0,0,0
377,AgentA wins,20.00,0,0,0,0,0,0,0,0,0,0
378,AgentA wins,20.00,0,0,0,0,0,0,0,0,0,0
379,AgentA wins,20.00,0,0,0,0,0,0,0,0,0,0
380,AgentA wins,20.00,0,0,0,0,0,0,0,0,0,0
371,AgentA wins,17.00,0,0,0,0,0,0,0,0,0,0
372,AgentA wins,19.67,0,0,0,0,0,0,0,0,0,0
373,AgentA wins,18.00,0,0,0,0,0,0,0,0,0,0
374,AgentA wins,18.00,0,0,0,0,0,0,0,0,0,0
375,AgentA wins,15.00,0,0,0,0,0,0,0,0,0,0
376,AgentA wins,20.00,0,0,0,0,0,0,0,0,0,0
377,AgentA wins,15.00,0,0,0,0,0,0,0,0,0,0
378,AgentA wins,20.00,0,0,0,0,0,0,0,0,0,0
379,AgentA wins,15.00,0,0,0,0,0,0,0,0,0,0
380,AgentA wins,18.00,0,0,0,0,0,0,0,0,0,0
371,AgentA wins,19.67,0,0,0,0,0,0,0,0,0,0
372,AgentA wins,20.00,0,0,0,0,0,0,0,0,0,0
373,AgentA wins,20.00,0,0,0,0,0,0,0,0,0,0
374,AgentA wins,15.00,0,0,0,0,0,0,0,0,0,0
375,AgentA wins,18.00,0,0,0,0,0,0,0,0,0,0
376,AgentA wins,15.00,0,0,0,0,0,0,0,0,0,0
377,AgentA wins,20.00,0,0,0,0,0,0,0,0,0,0
378,AgentA wins,18.00,0,0,0,0,0,0,0,0,0,0
379,AgentA wins,17.00,0,0,0,0,0,0,0,0,0,0
380,AgentA wins,22.33,0,0,0,0,0,0,0,0,0,0
281,AgentA wins,18.00,0,0,0,0,0,0,0,0,0,0
282,AgentA wins,18.00,0,0,0,0,0,0,0,0,0,0
283,AgentA wins,15.00,0,0,0,0,0,0,0,0,0,0
284,AgentB wins,37.67,0,0,0,0,0,0,0,0,0,0
285,AgentA wins,23.00,0,0,0,0,0,0,0,0,0,0
286,AgentA wins,32.67,0,0,0,0,0,0,0,0,0,0
287,AgentA wins,38.00,0,0,0,0,0,0,0,0,0,0
288,AgentA wins,24.33,0,0,0,0,0,0,0,0,0,0
289,AgentA wins,18.00,0,0,0,0,0,0,0,0,0,0
290,AgentA wins,36.33,0,0,0,0,0,0,0,0,0,0
371,AgentA wins,15.00,0,0,0,0,0,0,0,0,0,0
372,AgentA wins,15.00,0,0,0,0,0,0,0,0,0,0
373,AgentA wins,20.00,0,0,0,0,0,0,0,0,0,0
374,AgentA wins,19.67,0,0,0,0,0,0,0,0,0,0
375,AgentA wins,15.00,0,0,0,0,0,0,0,0,0,0
376,AgentA wins,20.00,0,0,0,0,0,0,0,0,0,0
377,AgentA wins,17.00,0,0,0,0,0,0,0,0,0,0
378,AgentA wins,15.00,0,0,0,0,0,0,0,0,0,0
379,AgentA wins,20.00,0,0,0,0,0,0,0,0,0,0
380,AgentA wins,20.00,0,0,0,0,0,0,0,0,0,0
371,AgentA wins,15.00,0,0,0,0,0,0,0,0,0,0
372,AgentA wins,20.00,0,0,0,0,0,0,0,0,0,0
373,AgentA wins,18.00,0,0,0,0,0,0,0,0,0,0
374,AgentA wins,15.00,0,0,0,0,0,0,0,0,0,0
375,AgentA wins,15.00,0,0,0,0,0,0,0,0,0,0
376,AgentA wins,20.00,0,0,0,0,0,0,0,0,0,0
377,AgentA wins,18.00,0,0,0,0,0,0,0,0,0,0
378,AgentA wins,20.00,0,0,0,0,0,0,0,0,0,0
379,AgentA wins,19.67,0,0,0,0,0,0,0,0,0,0
380,AgentA wins,15.00,0,0,0,0,0,0,0,0,0,0
371,AgentA wins,15.00,0,0,0,0,0,0,0,0,0,0
372,AgentA wins,15.00,0,0,0,0,0,0,0,0,0,0
373,AgentA wins,17.00,0,0,0,0,0,0,0,0,0,0
374,AgentA wins,19.67,0,0,0,0,0,0,0,0,0,0
375,AgentA wins,18.00,0,0,0,0,0,0,0,0,0,0
376,AgentA wins,15.00,0,0,0,0,0,0,0,0,0,0
377,AgentA wins,20.00,0,0,0,0,0,0,0,0,0,0
378,AgentA wins,15.00,0,0,0,0,0,0,0,0,0,0
379,AgentA wins,20.00,0,0,0,0,0,0,0,0,0,0
380,AgentA wins,19.67,0,0,0,0,0,0,0,0,0,0
271,AgentA wins,18.00,0,0,0,0,0,0,0,0,0,0
272,AgentA wins,18.00,0,0,0,0,0,0,0,0,0,0
273,AgentA wins,32.67,0,0,0,0,0,0,0,0,0,0
274,AgentA wins,27.00,0,0,0,0,0,0,0,0,0,0
275,AgentA wins,15.00,0,0,0,0,0,0,0,0,0,0
276,AgentA wins,15.00,0,0,0,0,0,0,0,0,0,0
277,AgentA wins,18.00,0,0,0,0,0,0,0,0,0,0
278,AgentA wins,18.00,0,0,0,0,0,0,0,0,0,0
279,AgentA wins,29.67,0,0,0,0,0,0,0,0,0,0
280,AgentB wins,47.67,0,0,0,0,0,0,0,0,0,0
371,AgentA wins,20.00,0,0,0,0,0,0,0,0,0,0
372,AgentA wins,17.00,0,0,0,0,0,0,0,0,0,0
373,AgentA wins,15.00,0,0,0,0,0,0,0,0,0,0
374,AgentA wins,18.00,0,0,0,0,0,0,0,0,0,0
375,AgentA wins,15.00,0,0,0,0,0,0,0,0,0,0
376,AgentA wins,20.00,0,0,0,0,0,0,0,0,0,0
377,AgentA wins,15.00,0,0,0,0,0,0,0,0,0,0
378,AgentA wins,20.00,0,0,0,0,0,0,0,0,0,0
379,AgentA wins,20.00,0,0,0,0,0,0,0,0,0,0
380,AgentA wins,20.00,0,0,0,0,0,0,0,0,0,0
271,AgentA wins,31.67,289,288,0,174,0,233,0,35,43,68
272,AgentA wins,18.00,162,160,0,105,0,120,0,21,17,43
273,AgentA wins,26.67,238,237,0,145,0,185,0,27,34,66
274,AgentA wins,26.67,241,242,0,147,0,183,0,32,28,61
275,AgentA wins,28.67,258,261,0,168,0,210,0,29,35,67
276,AgentA wins,23.67,211,211,0,138,0,173,0,31,21,53
277,AgentA wins,33.00,298,299,0,173,0,231,0,36,43,71
278,AgentA wins,28.00,253,254,0,158,0,202,0,33,36,44
279,AgentA wins,15.00,134,135,0,83,0,102,0,19,12,42
280,AgentA wins,30.00,273,271,0,176,0,221,0,35,31,65
371,AgentA wins,20.00,0,0,0,0,0,0,0,0,0,0
372,AgentA wins,20.00,0,0,0,0,0,0,0,0,0,0
373,AgentA wins,20.00,0,0,0,0,0,0,0,0,0,0
374,AgentA wins,18.00,0,0,0,0,0,0,0,0,0,0
375,AgentA wins,20.00,0,0,0,0,0,0,0,0,0,0
376,AgentA wins,19.67,0,0,0,0,0,0,0,0,0,0
377,AgentA wins,15.00,0,0,0,0,0,0,0,0,0,0
378,AgentA wins,15.00,0,0,0,0,0,0,0,0,0,0
379,AgentA wins,15.00,0,0,0,0,0,0,0,0,0,0
380,AgentA wins,20.00,0,0,0,0,0,0,0,0,0,0
371,AgentA wins,20.00,0,0,0,0,0,0,0,0,0,0
372,AgentA wins,20.00,0,0,0,0,0,0,0,0,0,0
373,AgentA wins,17.00,0,0,0,0,0,0,0,0,0,0
374,AgentA wins,17.00,0,0,0,0,0,0,0,0,0,0
375,AgentA wins,15.00,0,0,0,0,0,0,0,0,0,0
376,AgentA wins,15.00,0,0,0,0,0,0,0,0,0,0
377,AgentA wins,20.00,0,0,0,0,0,0,0,0,0,0
378,AgentA wins,18.00,0,0,0,0,0,0,0,0,0,0
379,AgentA wins,20.00,0,0,0,0,0,0,0,0,0,0
380,AgentA wins,20.00,0,0,0,0,0,0,0,0,0,0
381,AgentA wins,18.00,0,0,0,0,0,0,0,0,0,0
382,AgentA wins,20.00,0,0,0,0,0,0,0,0,0,0
383,AgentA wins,18.00,0,0,0,0,0,0,0,0,0,0
384,AgentA wins,18.00,0,0,0,0,0,0,0,0,0,0
385,AgentA wins,20.00,0,0,0,0,0,0,0,0,0,0
386,AgentA wins,15.00,0,0,0,0,0,0,0,0,0,0
387,AgentA wins,20.00,0,0,0,0,0,0,0,0,0,0
388,AgentA wins,20.00,0,0,0,0,0,0,0,0,0,0
389,AgentA wins,19.67,0,0,0,0,0,0,0,0,0,0
390,AgentA wins,19.67,0,0,0,0,0,0,0,0,0,0
281,AgentA wins,18.00,0,0,0,0,0,0,0,0,0,0
282,AgentA wins,21.00,0,0,0,0,0,0,0,0,0,0
283,AgentA wins,29.00,0,0,0,0,0,0,0,0,0,0
284,AgentA wins,24.33,0,0,0,0,0,0,0,0,0,0
285,AgentA wins,24.00,0,0,0,0,0,0,0,0,0,0
286,AgentA wins,15.00,0,0,0,0,0,0,0,0,0,0
287,AgentA wins,18.00,0,0,0,0,0,0,0,0,0,0
288,AgentA wins,31.00,0,0,0,0,0,0,0,0,0,0
289,AgentA wins,26.67,0,0,0,0,0,0,0,0,0,0
290,AgentA wins,15.00,0,0,0,0,0,0,0,0,0,0
381,AgentA wins,15.00,0,0,0,0,0,0,0,0,0,0
382,AgentA wins,15.00,0,0,0,0,0,0,0,0,0,0
383,AgentA wins,19.67,0,0,0,0,0,0,0,0,0,0
384,AgentA wins,17.00,0,0,0,0,0,0,0,0,0,0
385,AgentA wins,17.00,0,0,0,0,0,0,0,0,0,0
386,AgentA wins,20.00,0,0,0,0,0,0,0,0,0,0
387,AgentA wins,15.00,0,0,0,0,0,0,0,0,0,0
388,AgentA wins,15.00,0,0,0,0,0,0,0,0,0,0
389,AgentA wins,20.00,0,0,0,0,0,0,0,0,0,0
390,AgentA wins,15.00,0,0,0,0,0,0,0,0,0,0
381,AgentA wins,15.00,0,0,0,0,0,0,0,0,0,0
382,AgentA wins,20.00,0,0,0,0,0,0,0,0,0,0
383,AgentA wins,18.00,0,0,0,0,0,0,0,0,0,0
384,AgentA wins,19.67,0,0,0,0,0,0,0,0,0,0
385,AgentA wins,18.00,0,0,0,0,0,0,0,0,0,0
386,AgentA wins,18.00,0,0,0,0,0,0,0,0,0,0
387,AgentA wins,20.00,0,0,0,0,0,0,0,0,0,0
388,AgentA wins,20.00,0,0,0,0,0,0,0,0,0,0
389,AgentA wins,20.00,0,0,0,0,0,0,0,0,0,0
390,AgentA wins,20.00,0,0,0,0,0,0,0,0,0,0
271,AgentA wins,22.67,0,0,0,0,0,0,0,0,0,0
272,AgentA wins,18.00,0,0,0,0,0,0,0,0,0,0
273,AgentA wins,34.33,0,0,0,0,0,0,0,0,0,0
274,AgentA wins,18.67,0,0,0,0,0,0,0,0,0,0
275,AgentA wins,29.00,0,0,0,0,0,0,0,0,0,0
276,AgentA wins,15.00,0,0,0,0,0,0,0,0,0,0
277,AgentA wins,15.00,0,0,0,0,0,0,0,0,0,0
278,AgentA wins,15.00,0,0,0,0,0,0,0,0,0,0
279,AgentA wins,24.00,0,0,0,0,0,0,0,0,0,0
280,AgentA wins,24.00,0,0,0,0,0,0,0,0,0,0
381,AgentA wins,19.67,0,0,0,0,0,0,0,0,0,0
382,AgentA wins,15.00,0,0,0,0,0,0,0,0,0,0
383,AgentA wins,20.00,0,0,0,0,0,0,0,0,0,0
384,AgentA wins,17.00,0,0,0,0,0,0,0,0,0,0
385,AgentA wins,20.00,0,0,0,0,0,0,0,0,0,0
386,AgentA wins,20.00,0,0,0,0,0,0,0,0,0,0
387,AgentA wins,19.67,0,0,0,0,0,0,0,0,0,0
388,AgentA wins,20.00,0,0,0,0,0,0,0,0,0,0
389,AgentA wins,15.00,0,0,0,0,0,0,0,0,0,0
390,AgentA wins,18.00,0,0,0,0,0,0,0,0,0,0
381,AgentA wins,19.67,0,0,0,0,0,0,0,0,0,0
382,AgentA wins,15.00,0,0,0,0,0,0,0,0,0,0
383,AgentA wins,19.67,0,0,0,0,0,0,0,0,0,0
384,AgentA wins,20.00,0,0,0,0,0,0,0,0,0,0
385,AgentA wins,19.67,0,0,0,0,0,0,0,0,0,0
386,AgentA wins,20.00,0,0,0,0,0,0,0,0,0,0
387,AgentA wins,18.00,0,0,0,0,0,0,0,0,0,0
388,AgentA wins,15.00,0,0,0,0,0,0,0,0,0,0
389,AgentA wins,20.00,0,0,0,0,0,0,0,0,0,0
390,AgentA wins,15.00,0,0,0,0,0,0,0,0,0,0
271,AgentA wins,27.00,0,0,0,0,0,0,0,0,0,0
272,AgentB wins,35.33,0,0,0,0,0,0,0,0,0,0
273,AgentA wins,15.00,0,0,0,0,0,0,0,0,0,0
274,AgentA wins,32.00,0,0,0,0,0,0,0,0,0,0
275,AgentA wins,18.00,0,0,0,0,0,0,0,0,0,0
276,AgentB wins,56.33,0,0,0,0,0,0,0,0,0,0
277,AgentA wins,34.00,0,0,0,0,0,0,0,0,0,0
278,AgentA wins,33.00,0,0,0,0,0,0,0,0,0,0
279,AgentA wins,18.00,0,0,0,0,0,0,0,0,0,0
280,AgentA wins,23.33,0,0,0,0,0,0,0,0,0,0
381,AgentA wins,19.67,0,0,0,0,0,0,0,0,0,0
382,AgentA wins,20.00,0,0,0,0,0,0,0,0,0,0
383,AgentA wins,19.67,0,0,0,0,0,0,0,0,0,0
384,AgentA wins,18.00,0,0,0,0,0,0,0,0,0,0
385,AgentA wins,20.00,0,0,0,0,0,0,0,0,0,0
386,AgentA wins,15.00,0,0,0,0,0,0,0,0,0,0
387,AgentA wins,19.67,0,0,0,0,0,0,0,0,0,0
388,AgentA wins,20.00,0,0,0,0,0,0,0,0,0,0
389,AgentA wins,19.67,0,0,0,0,0,0,0,0,0,0
390,AgentA wins,19.67,0,0,0,0,0,0,0,0,0,0
381,AgentA wins,19.67,0,0,0,0,0,0,0,0,0,0
382,AgentA wins,20.00,0,0,0,0,0,0,0,0,0,0
383,AgentA wins,17.00,0,0,0,0,0,0,0,0,0,0
384,AgentA wins,17.00,0,0,0,0,0,0,0,0,0,0
385,AgentA wins,20.00,0,0,0,0,0,0,0,0,0,0
386,AgentA wins,17.00,0,0,0,0,0,0,0,0,0,0
387,AgentA wins,15.00,0,0,0,0,0,0,0,0,0,0
388,AgentA wins,20.00,0,0,0,0,0,0,0,0,0,0
389,AgentA wins,20.00,0,0,0,0,0,0,0,0,0,0
390,AgentA wins,19.67,0,0,0,0,0,0,0,0,0,0
271,AgentA wins,18.00,0,0,0,0,0,0,0,0,0,0
272,AgentA wins,15.00,0,0,0,0,0,0,0,0,0,0
273,AgentA wins,36.00,0,0,0,0,0,0,0,0,0,0
274,AgentA wins,23.67,0,0,0,0,0,0,0,0,0,0
275,AgentA wins,15.00,0,0,0,0,0,0,0,0,0,0
276,AgentA wins,18.00,0,0,0,0,0,0,0,0,0,0
277,AgentA wins,27.67,0,0,0,0,0,0,0,0,0,0
278,AgentA wins,44.33,0,0,0,0,0,0,0,0,0,0
279,AgentA wins,28.67,0,0,0,0,0,0,0,0,0,0
280,timeout draw,60.00,0,0,0,0,0,0,0,0,0,0
381,AgentA wins,19.67,0,0,0,0,0,0,0,0,0,0
382,AgentA wins,20.00,0,0,0,0,0,0,0,0,0,0
383,AgentA wins,20.00,0,0,0,0,0,0,0,0,0,0
384,AgentA wins,15.00,0,0,0,0,0,0,0,0,0,0
385,AgentA wins,15.00,0,0,0,0,0,0,0,0,0,0
386,AgentA wins,15.00,0,0,0,0,0,0,0,0,0,0
387,AgentA wins,20.00,0,0,0,0,0,0,0,0,0,0
388,AgentA wins,18.00,0,0,0,0,0,0,0,0,0,0
389,AgentA wins,20.00,0,0,0,0,0,0,0,0,0,0
390,AgentA wins,17.00,0,0,0,0,0,0,0,0,0,0
281,AgentB wins,50.00,0,0,0,0,0,0,0,0,0,0
282,AgentA wins,23.00,0,0,0,0,0,0,0,0,0,0
283,AgentA wins,15.00,0,0,0,0,0,0,0,0,0,0
284,AgentA wins,34.67,0,0,0,0,0,0,0,0,0,0
285,AgentA wins,15.00,0,0,0,0,0,0,0,0,0,0
286,AgentA wins,21.00,0,0,0,0,0,0,0,0,0,0
287,AgentA wins,15.00,0,0,0,0,0,0,0,0,0,0
288,AgentA wins,24.00,0,0,0,0,0,0,0,0,0,0
289,AgentA wins,15.00,0,0,0,0,0,0,0,0,0,0
290,AgentA wins,30.00,0,0,0,0,0,0,0,0,0,0
271,AgentA wins,18.00,0,0,0,0,0,0,0,0,0,0
272,AgentA wins,37.00,0,0,0,0,0,0,0,0,0,0
273,AgentA wins,46.33,0,0,0,0,0,0,0,0,0,0
274,AgentA wins,18.00,0,0,0,0,0,0,0,0,0,0
275,AgentA wins,15.00,0,0,0,0,0,0,0,0,0,0
276,AgentA wins,21.00,0,0,0,0,0,0,0,0,0,0
277,AgentA wins,15.00,0,0,0,0,0,0,0,0,0,0
278,AgentA wins,29.00,0,0,0,0,0,0,0,0,0,0
279,AgentA wins,33.00,0,0,0,0,0,0,0,0,0,0
280,AgentA wins,26.00,0,0,0,0,0,0,0,0,0,0
381,AgentA wins,20.00,0,0,0,0,0,0,0,0,0,0
382,AgentA wins,19.67,0,0,0,0,0,0,0,0,0,0
383,AgentA wins,20.00,0,0,0,0,0,0,0,0,0,0
384,AgentA wins,17.00,0,0,0,0,0,0,0,0,0,0
385,AgentA wins,20.00,0,0,0,0,0,0,0,0,0,0
386,AgentA wins,15.00,0,0,0,0,0,0,0,0,0,0
387,AgentA wins,20.00,0,0,0,0,0,0,0,0,0,0
388,AgentA wins,20.00,0,0,0,0,0,0,0,0,0,0
389,AgentA wins,20.00,0,0,0,0,0,0,0,0,0,0
390,AgentA wins,20.00,0,0,0,0,0,0,0,0,0,0
271,AgentA wins,28.00,0,0,0,0,0,0,0,0,0,0
272,AgentA wins,28.33,0,0,0,0,0,0,0,0,0,0
273,AgentA wins,18.00,0,0,0,0,0,0,0,0,0,0
274,AgentA wins,18.00,0,0,0,0,0,0,0,0,0,0
275,AgentA wins,15.00,0,0,0,0,0,0,0,0,0,0
276,AgentA wins,18.00,0,0,0,0,0,0,0,0,0,0
277,AgentA wins,24.00,0,0,0,0,0,0,0,0,0,0
278,AgentA wins,39.33,0,0,0,0,0,0,0,0,0,0
279,AgentA wins,31.00,0,0,0,0,0,0,0,0,0,0
280,AgentA wins,15.00,0,0,0,0,0,0,0,0,0,0
381,AgentA wins,20.00,0,0,0,0,0,0,0,0,0,0
382,AgentA wins,19.67,0,0,0,0,0,0,0,0,0,0
383,AgentA wins,20.00,0,0,0,0,0,0,0,0,0,0
384,AgentA wins,18.00,0,0,0,0,0,0,0,0,0,0
385,AgentA wins,15.00,0,0,0,0,0,0,0,0,0,0
386,AgentA wins,17.00,0,0,0,0,0,0,0,0,0,0
387,AgentA wins,20.00,0,0,0,0,0,0,0,0,0,0
388,AgentA wins,15.00,0,0,0,0,0,0,0,0,0,0
389,AgentA wins,15.00,0,0,0,0,0,0,0,0,0,0
390,AgentA wins,15.00,0,0,0,0,0,0,0,0,0,0
381,AgentA wins,15.00,0,0,0,0,0,0,0,0,0,0
382,AgentA wins,19.67,0,0,0,0,0,0,0,0,0,0
383,AgentA wins,20.00,0,0,0,0,0,0,0,0,0,0
384,AgentA wins,20.00,0,0,0,0,0,0,0,0,0,0
385,AgentA wins,19.67,0,0,0,0,0,0,0,0,0,0
386,AgentA wins,18.00,0,0,0,0,0,0,0,0,0,0
387,AgentA wins,20.00,0,0,0,0,0,0,0,0,0,0
388,AgentA wins,20.00,0,0,0,0,0,0,0,0,0,0
389,AgentA wins,18.00,0,0,0,0,0,0,0,0,0,0
390,AgentA wins,19.67,0,0,0,0,0,0,0,0,0,0
381,AgentA wins,17.00,0,0,0,0,0,0,0,0,0,0
382,AgentA wins,20.00,0,0,0,0,0,0,0,0,0,0
383,AgentA wins,19.67,0,0,0,0,0,0,0,0,0,0
384,AgentA wins,17.00,0,0,0,0,0,0,0,0,0,0
385,AgentA wins,15.00,0,0,0,0,0,0,0,0,0,0
386,AgentA wins,20.00,0,0,0,0,0,0,0,0,0,0
387,AgentA wins,18.00,0,0,0,0,0,0,0,0,0,0
388,AgentA wins,20.00,0,0,0,0,0,0,0,0,0,0
389,AgentA wins,20.00,0,0,0,0,0,0,0,0,0,0
390,AgentA wins,20.00,0,0,0,0,0,0,0,0,0,0
381,AgentA wins,19.67,0,0,0,0,0,0,0,0,0,0
382,AgentA wins,19.67,0,0,0,0,0,0,0,0,0,0
383,AgentA wins,20.00,0,0,0,0,0,0,0,0,0,0
384,AgentA wins,20.00,0,0,0,0,0,0,0,0,0,0
385,AgentA wins,15.00,0,0,0,0,0,0,0,0,0,0
386,AgentA wins,17.00,0,0,0,0,0,0,0,0,0,0
387,AgentA wins,15.00,0,0,0,0,0,0,0,0,0,0
388,AgentA wins,20.00,0,0,0,0,0,0,0,0,0,0
389,AgentA wins,20.00,0,0,0,0,0,0,0,0,0,0
390,AgentA wins,19.67,0,0,0,0,0,0,0,0,0,0
291,AgentA wins,15.00,0,0,0,0,0,0,0,0,0,0
292,AgentA wins,30.00,0,0,0,0,0,0,0,0,0,0
293,AgentA wins,15.00,0,0,0,0,0,0,0,0,0,0
294,AgentA wins,24.00,0,0,0,0,0,0,0,0,0,0
295,AgentA wins,40.00,0,0,0,0,0,0,0,0,0,0
296,AgentA wins,18.00,0,0,0,0,0,0,0,0,0,0
297,AgentA wins,15.00,0,0,0,0,0,0,0,0,0,0
298,AgentA wins,15.00,0,0,0,0,0,0,0,0,0,0
299,AgentA wins,36.67,0,0,0,0,0,0,0,0,0,0
300,AgentA wins,35.00,0,0,0,0,0,0,0,0,0,0
381,AgentA wins,20.00,0,0,0,0,0,0,0,0,0,0
382,AgentA wins,19.67,0,0,0,0,0,0,0,0,0,0
383,AgentA wins,20.00,0,0,0,0,0,0,0,0,0,0
384,AgentA wins,18.00,0,0,0,0,0,0,0,0,0,0
385,AgentA wins,18.00,0,0,0,0,0,0,0,0,0,0
386,AgentA wins,20.00,0,0,0,0,0,0,0,0,0,0
387,AgentA wins,19.67,0,0,0,0,0,0,0,0,0,0
388,AgentA wins,18.00,0,0,0,0,0,0,0,0,0,0
389,AgentA wins,17.00,0,0,0,0,0,0,0,0,0,0
390,AgentA wins,18.00,0,0,0,0,0,0,0,0,0,0
381,AgentA wins,20.00,0,0,0,0,0,0,0,0,0,0
382,AgentA wins,17.00,0,0,0,0,0,0,0,0,0,0
383,AgentA wins,20.00,0,0,0,0,0,0,0,0,0,0
384,AgentA wins,18.00,0,0,0,0,0,0,0,0,0,0
385,AgentA wins,20.00,0,0,0,0,0,0,0,0,0,0
386,AgentA wins,20.00,0,0,0,0,0,0,0,0,0,0
387,AgentA wins,18.00,0,0,0,0,0,0,0,0,0,0
388,AgentA wins,15.00,0,0,0,0,0,0,0,0,0,0
389,AgentA wins,15.00,0,0,0,0,0,0,0,0,0,0
390,AgentA wins,20.00,0,0,0,0,0,0,0,0,0,0
281,AgentA wins,18.00,0,0,0,0,0,0,0,0,0,0
282,AgentA wins,18.00,0,0,0,0,0,0,0,0,0,0
283,AgentA wins,28.00,0,0,0,0,0,0,0,0,0,0
284,AgentA wins,46.00,0,0,0,0,0,0,0,0,0,0
285,AgentA wins,18.00,0,0,0,0,0,0,0,0,0,0
286,AgentA wins,24.00,0,0,0,0,0,0,0,0,0,0
287,AgentA wins,24.00,0,0,0,0,0,0,0,0,0,0
288,AgentA wins,15.00,0,0,0,0,0,0,0,0,0,0
289,AgentA wins,28.67,0,0,0,0,0,0,0,0,0,0
290,AgentA wins,28.33,0,0,0,0,0,0,0,0,0,0
281,AgentA wins,35.00,318,320,0,197,0,247,0,40,39,68
282,AgentA wins,15.00,138,134,0,86,0,108,0,19,19,31
283,AgentA wins,18.00,161,162,0,99,0,127,0,24,17,41
284,AgentA wins,27.00,241,242,0,152,0,194,0,29,20,72
285,AgentA wins,21.00,189,189,0,114,0,149,0,27,20,43
286,AgentA wins,18.00,164,164,1,95,0,127,0,26,24,45
287,AgentA wins,18.00,161,165,0,105,0,133,0,24,18,46
288,AgentA wins,32.67,294,297,0,178,0,235,0,39,36,66
289,AgentA wins,15.00,137,137,0,78,0,109,0,14,17,39
290,AgentB wins,39.33,355,361,1,214,0,280,0,41,48,80
391,AgentA wins,15.00,0,0,0,0,0,0,0,0,0,0
392,AgentA wins,15.00,0,0,0,0,0,0,0,0,0,0
393,AgentA wins,20.00,0,0,0,0,0,0,0,0,0,0
394,AgentA wins,20.00,0,0,0,0,0,0,0,0,0,0
395,AgentA wins,20.00,0,0,0,0,0,0,0,0,0,0
396,AgentA wins,20.00,0,0,0,0,0,0,0,0,0,0
397,AgentA wins,20.00,0,0,0,0,0,0,0,0,0,0
398,AgentA wins,20.00,0,0,0,0,0,0,0,0,0,0
399,AgentA wins,20.00,0,0,0,0,0,0,0,0,0,0
400,AgentA wins,19.67,0,0,0,0,0,0,0,0,0,0
391,AgentA wins,20.00,0,0,0,0,0,0,0,0,0,0
392,AgentA wins,20.00,0,0,0,0,0,0,0,0,0,0
393,AgentA wins,15.00,0,0,0,0,0,0,0,0,0,0
394,AgentA wins,20.00,0,0,0,0,0,0,0,0,0,0
395,AgentA wins,20.00,0,0,0,0,0,0,0,0,0,0
396,AgentA wins,20.00,0,0,0,0,0,0,0,0,0,0
397,AgentA wins,18.00,0,0,0,0,0,0,0,0,0,0
398,AgentA wins,15.00,0,0,0,0,0,0,0,0,0,0
399,AgentA wins,15.00,0,0,0,0,0,0,0,0,0,0
400,AgentA wins,20.00,0,0,0,0,0,0,0,0,0,0
391,AgentA wins,19.67,0,0,0,0,0,0,0,0,0,0
392,AgentA wins,19.67,0,0,0,0,0,0,0,0,0,0
393,AgentA wins,15.00,0,0,0,0,0,0,0,0,0,0
394,AgentA wins,20.00,0,0,0,0,0,0,0,0,0,0
395,AgentA wins,20.00,0,0,0,0,0,0,0,0,0,0
396,AgentA wins,20.00,0,0,0,0,0,0,0,0,0,0
397,AgentA wins,20.00,0,0,0,0,0,0,0,0,0,0
398,AgentA wins,20.00,0,0,0,0,0,0,0,0,0,0
399,AgentA wins,20.00,0,0,0,0,0,0,0,0,0,0
400,AgentA wins,15.00,0,0,0,0,0,0,0,0,0,0
291,AgentA wins,30.00,0,0,0,0,0,0,0,0,0,0
292,AgentA wins,44.00,0,0,0,0,0,0,0,0,0,0
293,AgentA wins,37.33,0,0,0,0,0,0,0,0,0,0
294,AgentA wins,27.00,0,0,0,0,0,0,0,0,0,0
295,AgentA wins,32.67,0,0,0,0,0,0,0,0,0,0
296,AgentA wins,21.67,0,0,0,0,0,0,0,0,0,0
281,AgentA wins,15.00,0,0,0,0,0,0,0,0,0,0
282,AgentB wins,49.67,0,0,0,0,0,0,0,0,0,0
283,AgentA wins,18.00,0,0,0,0,0,0,0,0,0,0
284,AgentA wins,15.00,0,0,0,0,0,0,0,0,0,0
285,AgentA wins,24.00,0,0,0,0,0,0,0,0,0,0
286,AgentA wins,21.00,0,0,0,0,0,0,0,0,0,0
287,AgentA wins,36.67,0,0,0,0,0,0,0,0,0,0
391,AgentA wins,18.00,0,0,0,0,0,0,0,0,0,0
392,AgentA wins,18.00,0,0,0,0,0,0,0,0,0,0
393,AgentA wins,20.00,0,0,0,0,0,0,0,0,0,0
394,AgentA wins,20.00,0,0,0,0,0,0,0,0,0,0
395,AgentA wins,20.00,0,0,0,0,0,0,0,0,0,0
396,AgentA wins,20.00,0,0,0,0,0,0,0,0,0,0
397,AgentA wins,20.00,0,0,0,0,0,0,0,0,0,0
398,AgentA wins,20.00,0,0,0,0,0,0,0,0,0,0
281,AgentA wins,37.33,0,0,0,0,0,0,0,0,0,0
282,AgentA wins,18.00,0,0,0,0,0,0,0,0,0,0
283,AgentA wins,38.67,0,0,0,0,0,0,0,0,0,0
284,AgentA wins,15.00,0,0,0,0,0,0,0,0,0,0
285,AgentA wins,18.00,0,0,0,0,0,0,0,0,0,0
286,AgentA wins,29.33,0,0,0,0,0,0,0,0,0,0
281,AgentA wins,36.00,0,0,0,0,0,0,0,0,0,0
282,AgentA wins,15.00,0,0,0,0,0,0,0,0,0,0
283,AgentA wins,30.67,0,0,0,0,0,0,0,0,0,0
284,AgentA wins,15.00,0,0,0,0,0,0,0,0,0,0
285,AgentA wins,15.00,0,0,0,0,0,0,0,0,0,0
286,AgentA wins,15.00,0,0,0,0,0,0,0,0,0,0
301,AgentB wins,22.00,0,0,0,0,0,0,0,0,0,0
302,AgentA wins,42.00,0,0,0,0,0,0,0,0,0,0
391,AgentA wins,20.00,0,0,0,0,0,0,0,0,0,0
392,AgentA wins,20.00,0,0,0,0,0,0,0,0,0,0
393,AgentA wins,18.00,0,0,0,0,0,0,0,0,0,0
394,AgentA wins,19.67,0,0,0,0,0,0,0,0,0,0
395,AgentA wins,20.00,0,0,0,0,0,0,0,0,0,0
396,AgentA wins,20.00,0,0,0,0,0,0,0,0,0,0
397,AgentA wins,19.67,0,0,0,0,0,0,0,0,0,0
398,AgentA wins,17.00,0,0,0,0,0,0,0,0,0,0
391,AgentA wins,20.00,0,0,0,0,0,0,0,0,0,0
392,AgentA wins,17.00,0,0,0,0,0,0,0,0,0,0
393,AgentA wins,15.00,0,0,0,0,0,0,0,0,0,0
394,AgentA wins,19.67,0,0,0,0,0,0,0,0,0,0
395,AgentA wins,15.00,0,0,0,0,0,0,0,0,0,0
396,AgentA wins,20.00,0,0,0,0,0,0,0,0,0,0
397,AgentA wins,20.00,0,0,0,0,0,0,0,0,0,0
398,AgentA wins,19.67,0,0,0,0,0,0,0,0,0,0
399,AgentA wins,15.00,0,0,0,0,0,0,0,0,0,0
281,AgentA wins,40.00,0,0,0,0,0,0,0,0,0,0
282,AgentA wins,24.67,0,0,0,0,0,0,0,0,0,0
283,AgentA wins,15.00,0,0,0,0,0,0,0,0,0,0
284,AgentA wins,38.67,0,0,0,0,0,0,0,0,0,0
285,AgentA wins,15.00,0,0,0,0,0,0,0,0,0,0
286,AgentA wins,28.00,0,0,0,0,0,0,0,0,0,0
391,AgentA wins,20.00,0,0,0,0,0,0,0,0,0,0
392,AgentA wins,19.67,0,0,0,0,0,0,0,0,0,0
393,AgentA wins,20.00,0,0,0,0,0,0,0,0,0,0
391,AgentA wins,20.00,0,0,0,0,0,0,0,0,0,0
392,AgentA wins,18.00,0,0,0,0,0,0,0,0,0,0
393,AgentA wins,20.00,0,0,0,0,0,0,0,0,0,0
391,AgentA wins,20.00,0,0,0,0,0,0,0,0,0,0
392,AgentA wins,20.00,0,0,0,0,0,0,0,0,0,0
393,AgentA wins,20.00,0,0,0,0,0,0,0,0,0,0
394,AgentA wins,20.00,0,0,0,0,0,0,0,0,0,0
391,AgentA wins,20.00,0,0,0,0,0,0,0,0,0,0
392,AgentA wins,20.00,0,0,0,0,0,0,0,0,0,0
393,AgentA wins,18.00,0,0,0,0,0,0,0,0,0,0
394,AgentA wins,19.67,0,0,0,0,0,0,0,0,0,0
395,AgentA wins,20.00,0,0,0,0,0,0,0,0,0,0
396,AgentA wins,20.00,0,0,0,0,0,0,0,0,0,0
391,AgentA wins,20.00,0,0,0,0,0,0,0,0,0,0
392,AgentA wins,20.00,0,0,0,0,0,0,0,0,0,0
393,AgentA wins,18.00,0,0,0,0,0,0,0,0,0,0
394,AgentA wins,20.00,0,0,0,0,0,0,0,0,0,0
395,AgentA wins,20.00,0,0,0,0,0,0,0,0,0,0
396,AgentA wins,20.00,0,0,0,0,0,0,0,0,0,0
397,AgentA wins,18.00,0,0,0,0,0,0,0,0,0,0
398,AgentA wins,20.00,0,0,0,0,0,0,0,0,0,0
399,AgentA wins,17.00,0,0,0,0,0,0,0,0,0,0
391,AgentA wins,18.00,0,0,0,0,0,0,0,0,0,0
392,AgentA wins,20.00,0,0,0,0,0,0,0,0,0,0
393,AgentA wins,19.67,0,0,0,0,0,0,0,0,0,0
394,AgentA wins,15.00,0,0,0,0,0,0,0,0,0,0
395,AgentA wins,15.00,0,0,0,0,0,0,0,0,0,0
396,AgentA wins,19.67,0,0,0,0,0,0,0,0,0,0
397,AgentA wins,22.33,0,0,0,0,0,0,0,0,0,0
401,AgentA wins,19.67,0,0,0,0,0,0,0,0,0,0
291,AgentA wins,18.00,0,0,0,0,0,0,0,0,0,0
292,AgentB wins,36.67,0,0,0,0,0,0,0,0,0,0
291,AgentA wins,27.33,0,0,0,0,0,0,0,0,0,0
292,AgentA wins,18.00,0,0,0,0,0,0,0,0,0,0
293,AgentA wins,29.33,0,0,0,0,0,0,0,0,0,0
294,AgentA wins,15.00,0,0,0,0,0,0,0,0,0,0
295,AgentB wins,25.00,0,0,0,0,0,0,0,0,0,0
296,AgentA wins,27.00,0,0,0,0,0,0,0,0,0,0
281,AgentA wins,18.00,0,0,0,0,0,0,0,0,0,0
282,AgentA wins,15.00,0,0,0,0,0,0,0,0,0,0
283,AgentA wins,21.00,0,0,0,0,0,0,0,0,0,0
284,AgentA wins,18.00,0,0,0,0,0,0,0,0,0,0
285,AgentA wins,24.00,0,0,0,0,0,0,0,0,0,0
286,AgentA wins,15.00,0,0,0,0,0,0,0,0,0,0
287,AgentA wins,31.67,0,0,0,0,0,0,0,0,0,0
391,AgentA wins,20.00,0,0,0,0,0,0,0,0,0,0
392,AgentA wins,20.00,0,0,0,0,0,0,0,0,0,0
393,AgentA wins,20.00,0,0,0,0,0,0,0,0,0,0
394,AgentA wins,18.00,0,0,0,0,0,0,0,0,0,0
395,AgentA wins,19.67,0,0,0,0,0,0,0,0,0,0
396,AgentA wins,15.00,0,0,0,0,0,0,0,0,0,0
397,AgentA wins,18.00,0,0,0,0,0,0,0,0,0,0
398,AgentA wins,19.67,0,0,0,0,0,0,0,0,0,0
391,AgentA wins,20.00,0,0,0,0,0,0,0,0,0,0
392,AgentA wins,20.00,0,0,0,0,0,0,0,0,0,0
393,AgentA wins,20.00,0,0,0,0,0,0,0,0,0,0
394,AgentA wins,15.00,0,0,0,0,0,0,0,0,0,0
395,AgentA wins,20.00,0,0,0,0,0,0,0,0,0,0
396,AgentA wins,18.00,0,0,0,0,0,0,0,0,0,0
391,AgentA wins,15.00,0,0,0,0,0,0,0,0,0,0
392,AgentA wins,17.00,0,0,0,0,0,0,0,0,0,0
393,AgentA wins,15.00,0,0,0,0,0,0,0,0,0,0
394,AgentA wins,20.00,0,0,0,0,0,0,0,0,0,0
395,AgentA wins,15.00,0,0,0,0,0,0,0,0,0,0
396,AgentA wins,19.67,0,0,0,0,0,0,0,0,0,0
397,AgentA wins,19.67,0,0,0,0,0,0,0,0,0,0
