Episode,Result,Duration,A_Attack,A_Block,A_Dodge,A_Hit,A_Blocked,B_Attack,B_Block,B_Dodge,B_Hit,B_Blocked
1,AgentA wins,19.00,0,0,0,0,0,0,0,0,0,0
2,AgentA wins,35.67,0,0,0,0,0,0,0,0,0,0
3,AgentA wins,19.67,0,0,0,0,0,0,0,0,0,0
4,AgentA wins,20.00,0,0,0,0,0,0,0,0,0,0
5,AgentA wins,27.33,0,0,0,0,0,0,0,0,0,0
6,AgentA wins,18.00,0,0,0,0,0,0,0,0,0,0
7,AgentA wins,28.67,0,0,0,0,0,0,0,0,0,0
8,AgentA wins,13.67,0,0,0,0,0,0,0,0,0,0
9,AgentB wins,19.67,0,0,0,0,0,0,0,0,0,0
10,AgentA wins,16.67,0,0,0,0,0,0,0,0,0,0
1,AgentA wins,18.33,0,0,0,0,0,0,0,0,0,0
2,AgentB wins,19.67,0,0,0,0,0,0,0,0,0,0
3,AgentA wins,15.00,0,0,0,0,0,0,0,0,0,0
4,AgentA wins,21.00,0,0,0,0,0,0,0,0,0,0
5,AgentA wins,21.33,0,0,0,0,0,0,0,0,0,0
6,AgentA wins,20.33,0,0,0,0,0,0,0,0,0,0
7,AgentB wins,37.67,0,0,0,0,0,0,0,0,0,0
8,AgentB wins,23.33,0,0,0,0,0,0,0,0,0,0
9,AgentA wins,16.00,0,0,0,0,0,0,0,0,0,0
10,AgentA wins,29.33,0,0,0,0,0,0,0,0,0,0
1,AgentA wins,20.67,0,0,0,0,0,0,0,0,0,0
2,AgentB wins,24.00,0,0,0,0,0,0,0,0,0,0
3,AgentB wins,20.33,0,0,0,0,0,0,0,0,0,0
4,AgentB wins,25.33,0,0,0,0,0,0,0,0,0,0
5,AgentA wins,39.33,0,0,0,0,0,0,0,0,0,0
6,AgentA wins,23.33,0,0,0,0,0,0,0,0,0,0
7,AgentB wins,17.00,0,0,0,0,0,0,0,0,0,0
8,AgentA wins,18.33,0,0,0,0,0,0,0,0,0,0
9,AgentA wins,17.33,0,0,0,0,0,0,0,0,0,0
10,AgentA wins,18.33,0,0,0,0,0,0,0,0,0,0
1,AgentB wins,20.00,0,0,0,0,0,0,0,0,0,0
2,AgentA wins,18.67,0,0,0,0,0,0,0,0,0,0
3,AgentB wins,30.00,0,0,0,0,0,0,0,0,0,0
4,AgentA wins,27.67,0,0,0,0,0,0,0,0,0,0
5,AgentA wins,21.33,0,0,0,0,0,0,0,0,0,0
6,AgentB wins,14.67,0,0,0,0,0,0,0,0,0,0
7,AgentB wins,31.00,0,0,0,0,0,0,0,0,0,0
8,AgentB wins,30.67,0,0,0,0,0,0,0,0,0,0
9,AgentA wins,19.00,0,0,0,0,0,0,0,0,0,0
10,AgentA wins,15.33,0,0,0,0,0,0,0,0,0,0
1,AgentA wins,15.67,0,0,0,0,0,0,0,0,0,0
2,AgentA wins,19.67,0,0,0,0,0,0,0,0,0,0
3,AgentB wins,23.67,0,0,0,0,0,0,0,0,0,0
4,timeout draw,60.00,0,0,0,0,0,0,0,0,0,0
5,AgentA wins,24.33,0,0,0,0,0,0,0,0,0,0
6,AgentB wins,13.67,0,0,0,0,0,0,0,0,0,0
7,AgentA wins,16.00,0,0,0,0,0,0,0,0,0,0
8,AgentB wins,22.33,0,0,0,0,0,0,0,0,0,0
9,AgentA wins,26.67,0,0,0,0,0,0,0,0,0,0
10,AgentA wins,13.67,0,0,0,0,0,0,0,0,0,0
1,AgentA wins,22.33,0,0,0,0,0,0,0,0,0,0
2,AgentB wins,29.33,0,0,0,0,0,0,0,0,0,0
3,AgentA wins,28.33,0,0,0,0,0,0,0,0,0,0
4,AgentA wins,19.00,0,0,0,0,0,0,0,0,0,0
5,AgentA wins,40.00,0,0,0,0,0,0,0,0,0,0
6,AgentB wins,18.33,0,0,0,0,0,0,0,0,0,0
7,AgentA wins,17.00,0,0,0,0,0,0,0,0,0,0
8,AgentB wins,33.00,0,0,0,0,0,0,0,0,0,0
9,AgentA wins,17.33,0,0,0,0,0,0,0,0,0,0
10,AgentB wins,26.33,0,0,0,0,0,0,0,0,0,0
1,AgentB wins,21.00,0,0,0,0,0,0,0,0,0,0
2,AgentB wins,21.67,0,0,0,0,0,0,0,0,0,0
3,AgentB wins,41.33,0,0,0,0,0,0,0,0,0,0
4,AgentA wins,33.67,0,0,0,0,0,0,0,0,0,0
5,AgentA wins,18.00,0,0,0,0,0,0,0,0,0,0
6,AgentA wins,19.00,0,0,0,0,0,0,0,0,0,0
7,AgentA wins,19.67,0,0,0,0,0,0,0,0,0,0
8,AgentA wins,20.67,0,0,0,0,0,0,0,0,0,0
9,AgentA wins,23.00,0,0,0,0,0,0,0,0,0,0
10,AgentB wins,35.00,0,0,0,0,0,0,0,0,0,0
1,AgentA wins,27.00,0,0,0,0,0,0,0,0,0,0
2,timeout draw,60.00,0,0,0,0,0,0,0,0,0,0
3,AgentB wins,20.67,0,0,0,0,0,0,0,0,0,0
4,AgentA wins,26.67,0,0,0,0,0,0,0,0,0,0
5,AgentA wins,26.67,0,0,0,0,0,0,0,0,0,0
6,AgentA wins,19.67,0,0,0,0,0,0,0,0,0,0
7,AgentA wins,19.67,0,0,0,0,0,0,0,0,0,0
8,AgentB wins,19.67,0,0,0,0,0,0,0,0,0,0
9,AgentB wins,15.67,0,0,0,0,0,0,0,0,0,0
10,AgentA wins,25.00,0,0,0,0,0,0,0,0,0,0
1,AgentA wins,16.00,0,0,0,0,0,0,0,0,0,0
2,AgentA wins,21.67,0,0,0,0,0,0,0,0,0,0
3,AgentA wins,24.00,0,0,0,0,0,0,0,0,0,0
4,AgentA wins,23.67,0,0,0,0,0,0,0,0,0,0
5,AgentA wins,23.67,0,0,0,0,0,0,0,0,0,0
6,AgentB wins,47.67,0,0,0,0,0,0,0,0,0,0
7,AgentB wins,57.33,0,0,0,0,0,0,0,0,0,0
8,AgentA wins,16.67,0,0,0,0,0,0,0,0,0,0
9,AgentB wins,14.67,0,0,0,0,0,0,0,0,0,0
10,AgentB wins,15.67,0,0,0,0,0,0,0,0,0,0
1,AgentA wins,26.33,0,0,0,0,0,0,0,0,0,0
2,timeout draw,60.00,0,0,0,0,0,0,0,0,0,0
3,AgentB wins,21.33,0,0,0,0,0,0,0,0,0,0
4,AgentA wins,29.67,0,0,0,0,0,0,0,0,0,0
5,AgentA wins,20.33,0,0,0,0,0,0,0,0,0,0
6,AgentB wins,15.67,0,0,0,0,0,0,0,0,0,0
7,AgentB wins,17.00,0,0,0,0,0,0,0,0,0,0
8,AgentA wins,18.33,0,0,0,0,0,0,0,0,0,0
9,AgentB wins,38.00,0,0,0,0,0,0,0,0,0,0
10,AgentA wins,15.33,0,0,0,0,0,0,0,0,0,0
1,AgentA wins,17.67,216,199,102,87,0,173,0,10,77,28
2,AgentA wins,36.67,429,378,198,135,0,265,0,30,110,45
3,AgentA wins,18.00,214,182,101,70,0,132,0,14,46,35
4,AgentB wins,43.33,512,450,232,165,0,309,0,38,118,64
5,AgentB wins,24.00,283,259,125,99,0,205,0,22,99,35
6,AgentA wins,30.33,347,325,160,89,0,200,0,20,107,39
7,AgentA wins,34.67,409,364,175,118,0,258,0,22,105,64
8,AgentA wins,19.67,235,208,86,94,0,150,0,22,42,43
9,AgentB wins,28.67,351,292,146,97,0,223,0,21,106,45
10,AgentB wins,13.67,174,132,72,63,0,113,0,10,49,28
1,AgentA wins,18.33,0,0,0,0,0,0,0,0,0,0
2,AgentB wins,25.00,0,0,0,0,0,0,0,0,0,0
3,AgentA wins,27.33,0,0,0,0,0,0,0,0,0,0
4,AgentB wins,24.00,0,0,0,0,0,0,0,0,0,0
5,AgentA wins,27.00,0,0,0,0,0,0,0,0,0,0
6,AgentB wins,23.67,0,0,0,0,0,0,0,0,0,0
7,AgentB wins,17.00,0,0,0,0,0,0,0,0,0,0
8,timeout draw,60.00,0,0,0,0,0,0,0,0,0,0
9,AgentA wins,19.00,0,0,0,0,0,0,0,0,0,0
10,AgentA wins,35.00,0,0,0,0,0,0,0,0,0,0
1,AgentB wins,23.67,0,0,0,0,0,0,0,0,0,0
2,AgentB wins,21.00,0,0,0,0,0,0,0,0,0,0
3,AgentA wins,22.33,0,0,0,0,0,0,0,0,0,0
4,AgentB wins,38.67,0,0,0,0,0,0,0,0,0,0
5,timeout draw,60.00,0,0,0,0,0,0,0,0,0,0
6,AgentB wins,13.67,0,0,0,0,0,0,0,0,0,0
7,AgentB wins,22.33,0,0,0,0,0,0,0,0,0,0
8,AgentA wins,32.67,0,0,0,0,0,0,0,0,0,0
9,AgentA wins,17.33,0,0,0,0,0,0,0,0,0,0
10,AgentB wins,33.33,0,0,0,0,0,0,0,0,0,0
1,AgentA wins,22.33,0,0,0,0,0,0,0,0,0,0
2,AgentA wins,21.33,0,0,0,0,0,0,0,0,0,0
3,AgentA wins,21.33,0,0,0,0,0,0,0,0,0,0
4,AgentA wins,31.33,0,0,0,0,0,0,0,0,0,0
5,AgentA wins,37.33,0,0,0,0,0,0,0,0,0,0
6,AgentB wins,42.67,0,0,0,0,0,0,0,0,0,0
7,AgentA wins,18.00,0,0,0,0,0,0,0,0,0,0
8,AgentA wins,35.67,0,0,0,0,0,0,0,0,0,0
9,AgentA wins,31.00,0,0,0,0,0,0,0,0,0,0
10,AgentB wins,25.00,0,0,0,0,0,0,0,0,0,0
1,AgentB wins,28.00,0,0,0,0,0,0,0,0,0,0
2,AgentA wins,25.67,0,0,0,0,0,0,0,0,0,0
3,AgentA wins,37.67,0,0,0,0,0,0,0,0,0,0
4,AgentB wins,39.33,0,0,0,0,0,0,0,0,0,0
5,AgentA wins,28.00,0,0,0,0,0,0,0,0,0,0
6,AgentA wins,25.67,0,0,0,0,0,0,0,0,0,0
7,AgentA wins,24.33,0,0,0,0,0,0,0,0,0,0
8,AgentA wins,35.00,0,0,0,0,0,0,0,0,0,0
9,AgentB wins,21.00,0,0,0,0,0,0,0,0,0,0
10,AgentA wins,29.00,0,0,0,0,0,0,0,0,0,0
1,AgentA wins,23.33,0,0,0,0,0,0,0,0,0,0
2,AgentA wins,19.33,0,0,0,0,0,0,0,0,0,0
3,AgentA wins,48.00,0,0,0,0,0,0,0,0,0,0
4,AgentA wins,18.67,0,0,0,0,0,0,0,0,0,0
5,timeout draw,60.33,0,0,0,0,0,0,0,0,0,0
6,AgentB wins,30.00,0,0,0,0,0,0,0,0,0,0
7,AgentA wins,17.33,0,0,0,0,0,0,0,0,0,0
8,AgentB wins,22.00,0,0,0,0,0,0,0,0,0,0
9,AgentB wins,38.00,0,0,0,0,0,0,0,0,0,0
10,AgentA wins,19.67,0,0,0,0,0,0,0,0,0,0
1,AgentB wins,17.00,0,0,0,0,0,0,0,0,0,0
2,AgentB wins,13.67,0,0,0,0,0,0,0,0,0,0
3,timeout draw,60.00,0,0,0,0,0,0,0,0,0,0
4,AgentA wins,19.67,0,0,0,0,0,0,0,0,0,0
5,AgentB wins,30.67,0,0,0,0,0,0,0,0,0,0
6,AgentB wins,18.67,0,0,0,0,0,0,0,0,0,0
7,AgentB wins,46.33,0,0,0,0,0,0,0,0,0,0
8,AgentB wins,36.00,0,0,0,0,0,0,0,0,0,0
9,AgentA wins,34.00,0,0,0,0,0,0,0,0,0,0
10,AgentA wins,24.00,0,0,0,0,0,0,0,0,0,0
1,AgentA wins,17.67,0,0,0,0,0,0,0,0,0,0
2,AgentB wins,14.67,0,0,0,0,0,0,0,0,0,0
3,AgentA wins,60.00,0,0,0,0,0,0,0,0,0,0
4,AgentB wins,24.67,0,0,0,0,0,0,0,0,0,0
5,AgentA wins,20.67,0,0,0,0,0,0,0,0,0,0
6,timeout draw,60.00,0,0,0,0,0,0,0,0,0,0
7,timeout draw,60.00,0,0,0,0,0,0,0,0,0,0
8,AgentA wins,21.33,0,0,0,0,0,0,0,0,0,0
9,AgentB wins,19.00,0,0,0,0,0,0,0,0,0,0
10,AgentA wins,19.00,0,0,0,0,0,0,0,0,0,0
1,timeout draw,60.33,0,0,0,0,0,0,0,0,0,0
2,AgentB wins,36.00,0,0,0,0,0,0,0,0,0,0
3,AgentA wins,29.67,0,0,0,0,0,0,0,0,0,0
4,AgentB wins,28.67,0,0,0,0,0,0,0,0,0,0
5,AgentA wins,41.00,0,0,0,0,0,0,0,0,0,0
6,AgentA wins,21.33,0,0,0,0,0,0,0,0,0,0
7,AgentB wins,23.33,0,0,0,0,0,0,0,0,0,0
8,AgentA wins,28.00,0,0,0,0,0,0,0,0,0,0
9,AgentA wins,25.67,0,0,0,0,0,0,0,0,0,0
10,AgentB wins,31.33,0,0,0,0,0,0,0,0,0,0
1,timeout draw,60.33,0,0,0,0,0,0,0,0,0,0
2,AgentA wins,21.33,0,0,0,0,0,0,0,0,0,0
3,AgentA wins,28.67,0,0,0,0,0,0,0,0,0,0
4,AgentB wins,57.33,0,0,0,0,0,0,0,0,0,0
5,timeout draw,60.00,0,0,0,0,0,0,0,0,0,0
6,AgentB wins,23.00,0,0,0,0,0,0,0,0,0,0
7,AgentA wins,19.00,0,0,0,0,0,0,0,0,0,0
8,AgentA wins,22.67,0,0,0,0,0,0,0,0,0,0
9,AgentA wins,23.33,0,0,0,0,0,0,0,0,0,0
10,AgentB wins,15.67,0,0,0,0,0,0,0,0,0,0
1,AgentA wins,26.67,0,0,0,0,0,0,0,0,0,0
2,AgentA wins,46.00,0,0,0,0,0,0,0,0,0,0
3,AgentA wins,43.67,0,0,0,0,0,0,0,0,0,0
4,AgentA wins,18.67,0,0,0,0,0,0,0,0,0,0
5,AgentA wins,39.33,0,0,0,0,0,0,0,0,0,0
6,AgentA wins,23.33,0,0,0,0,0,0,0,0,0,0
7,timeout draw,60.00,0,0,0,0,0,0,0,0,0,0
8,AgentA wins,28.33,0,0,0,0,0,0,0,0,0,0
9,AgentB wins,21.00,0,0,0,0,0,0,0,0,0,0
10,AgentA wins,26.00,0,0,0,0,0,0,0,0,0,0
1,AgentB wins,40.33,0,0,0,0,0,0,0,0,0,0
2,AgentA wins,35.33,0,0,0,0,0,0,0,0,0,0
3,AgentA wins,36.33,0,0,0,0,0,0,0,0,0,0
4,AgentA wins,54.67,0,0,0,0,0,0,0,0,0,0
5,AgentB wins,22.67,0,0,0,0,0,0,0,0,0,0
6,AgentB wins,45.00,0,0,0,0,0,0,0,0,0,0
7,AgentB wins,19.67,0,0,0,0,0,0,0,0,0,0
8,AgentA wins,18.00,0,0,0,0,0,0,0,0,0,0
9,AgentB wins,21.33,0,0,0,0,0,0,0,0,0,0
10,AgentA wins,41.67,0,0,0,0,0,0,0,0,0,0
1,AgentA wins,39.33,0,0,0,0,0,0,0,0,0,0
2,AgentB wins,28.67,0,0,0,0,0,0,0,0,0,0
3,AgentB wins,22.67,0,0,0,0,0,0,0,0,0,0
4,AgentB wins,19.33,0,0,0,0,0,0,0,0,0,0
5,AgentB wins,29.67,0,0,0,0,0,0,0,0,0,0
6,timeout draw,60.00,0,0,0,0,0,0,0,0,0,0
7,AgentA wins,36.67,0,0,0,0,0,0,0,0,0,0
8,AgentB wins,38.33,0,0,0,0,0,0,0,0,0,0
9,AgentA wins,30.33,0,0,0,0,0,0,0,0,0,0
10,AgentB wins,32.33,0,0,0,0,0,0,0,0,0,0
1,AgentB wins,29.00,0,0,0,0,0,0,0,0,0,0
2,timeout draw,60.00,0,0,0,0,0,0,0,0,0,0
3,AgentA wins,33.00,0,0,0,0,0,0,0,0,0,0
4,AgentB wins,17.33,0,0,0,0,0,0,0,0,0,0
5,AgentB wins,20.33,0,0,0,0,0,0,0,0,0,0
6,AgentA wins,37.00,0,0,0,0,0,0,0,0,0,0
7,AgentB wins,38.67,0,0,0,0,0,0,0,0,0,0
8,AgentA wins,19.00,0,0,0,0,0,0,0,0,0,0
9,AgentB wins,32.00,0,0,0,0,0,0,0,0,0,0
10,AgentA wins,54.00,0,0,0,0,0,0,0,0,0,0
1,timeout draw,60.33,0,0,0,0,0,0,0,0,0,0
2,AgentA wins,16.67,0,0,0,0,0,0,0,0,0,0
3,AgentA wins,28.00,0,0,0,0,0,0,0,0,0,0
4,AgentA wins,23.67,0,0,0,0,0,0,0,0,0,0
5,timeout draw,60.00,0,0,0,0,0,0,0,0,0,0
6,timeout draw,60.00,0,0,0,0,0,0,0,0,0,0
7,AgentA wins,16.67,0,0,0,0,0,0,0,0,0,0
8,AgentB wins,40.33,0,0,0,0,0,0,0,0,0,0
9,AgentB wins,21.33,0,0,0,0,0,0,0,0,0,0
10,AgentB wins,15.67,0,0,0,0,0,0,0,0,0,0
1,AgentB wins,20.00,0,0,0,0,0,0,0,0,0,0
2,timeout draw,60.00,0,0,0,0,0,0,0,0,0,0
3,timeout draw,60.00,0,0,0,0,0,0,0,0,0,0
4,AgentA wins,22.00,0,0,0,0,0,0,0,0,0,0
5,AgentB wins,16.33,0,0,0,0,0,0,0,0,0,0
6,AgentA wins,31.67,0,0,0,0,0,0,0,0,0,0
7,AgentB wins,38.00,0,0,0,0,0,0,0,0,0,0
8,AgentB wins,36.00,0,0,0,0,0,0,0,0,0,0
9,AgentA wins,19.00,0,0,0,0,0,0,0,0,0,0
10,AgentA wins,41.67,0,0,0,0,0,0,0,0,0,0
1,AgentA wins,32.33,0,0,0,0,0,0,0,0,0,0
2,AgentB wins,17.67,0,0,0,0,0,0,0,0,0,0
3,timeout draw,60.33,0,0,0,0,0,0,0,0,0,0
4,AgentB wins,41.67,0,0,0,0,0,0,0,0,0,0
5,AgentA wins,19.67,0,0,0,0,0,0,0,0,0,0
6,AgentB wins,20.33,0,0,0,0,0,0,0,0,0,0
7,timeout draw,60.00,0,0,0,0,0,0,0,0,0,0
8,timeout draw,60.00,0,0,0,0,0,0,0,0,0,0
9,AgentB wins,17.33,0,0,0,0,0,0,0,0,0,0
10,AgentA wins,16.67,0,0,0,0,0,0,0,0,0,0
1,timeout draw,60.33,0,0,0,0,0,0,0,0,0,0
2,AgentA wins,34.33,0,0,0,0,0,0,0,0,0,0
3,AgentB wins,20.33,0,0,0,0,0,0,0,0,0,0
4,AgentB wins,17.67,0,0,0,0,0,0,0,0,0,0
5,timeout draw,60.00,0,0,0,0,0,0,0,0,0,0
6,AgentA wins,34.00,0,0,0,0,0,0,0,0,0,0
7,AgentA wins,33.33,0,0,0,0,0,0,0,0,0,0
8,timeout draw,60.00,0,0,0,0,0,0,0,0,0,0
9,AgentB wins,15.67,0,0,0,0,0,0,0,0,0,0
10,AgentB wins,19.67,0,0,0,0,0,0,0,0,0,0
1,AgentA wins,20.00,0,0,0,0,0,0,0,0,0,0
2,AgentA wins,36.00,0,0,0,0,0,0,0,0,0,0
3,AgentA wins,45.00,0,0,0,0,0,0,0,0,0,0
4,timeout draw,60.33,0,0,0,0,0,0,0,0,0,0
5,AgentB wins,34.00,0,0,0,0,0,0,0,0,0,0
6,AgentA wins,34.00,0,0,0,0,0,0,0,0,0,0
7,AgentB wins,45.67,0,0,0,0,0,0,0,0,0,0
8,AgentA wins,27.00,0,0,0,0,0,0,0,0,0,0
9,AgentA wins,18.00,0,0,0,0,0,0,0,0,0,0
10,AgentB wins,47.33,0,0,0,0,0,0,0,0,0,0
1,AgentB wins,16.67,0,0,0,0,0,0,0,0,0,0
2,AgentA wins,41.33,0,0,0,0,0,0,0,0,0,0
3,AgentA wins,25.67,0,0,0,0,0,0,0,0,0,0
4,AgentB wins,25.00,0,0,0,0,0,0,0,0,0,0
5,timeout draw,60.00,0,0,0,0,0,0,0,0,0,0
6,timeout draw,60.00,0,0,0,0,0,0,0,0,0,0
7,AgentB wins,36.33,0,0,0,0,0,0,0,0,0,0
8,AgentB wins,23.00,0,0,0,0,0,0,0,0,0,0
9,AgentA wins,20.00,0,0,0,0,0,0,0,0,0,0
10,timeout draw,60.00,0,0,0,0,0,0,0,0,0,0
1,AgentA wins,21.67,0,0,0,0,0,0,0,0,0,0
2,timeout draw,60.33,0,0,0,0,0,0,0,0,0,0
3,timeout draw,60.00,0,0,0,0,0,0,0,0,0,0
4,AgentB wins,17.00,0,0,0,0,0,0,0,0,0,0
5,AgentB wins,17.33,0,0,0,0,0,0,0,0,0,0
6,AgentA wins,31.67,0,0,0,0,0,0,0,0,0,0
7,timeout draw,60.00,0,0,0,0,0,0,0,0,0,0
8,AgentB wins,45.67,0,0,0,0,0,0,0,0,0,0
9,AgentA wins,26.67,0,0,0,0,0,0,0,0,0,0
10,AgentA wins,28.00,0,0,0,0,0,0,0,0,0,0
1,AgentB wins,16.00,0,0,0,0,0,0,0,0,0,0
2,AgentB wins,24.67,0,0,0,0,0,0,0,0,0,0
3,timeout draw,60.00,0,0,0,0,0,0,0,0,0,0
4,AgentA wins,30.00,0,0,0,0,0,0,0,0,0,0
5,AgentA wins,47.67,0,0,0,0,0,0,0,0,0,0
6,AgentA wins,46.33,0,0,0,0,0,0,0,0,0,0
7,timeout draw,60.00,0,0,0,0,0,0,0,0,0,0
8,AgentB wins,41.33,0,0,0,0,0,0,0,0,0,0
9,AgentA wins,20.33,0,0,0,0,0,0,0,0,0,0
10,AgentA wins,35.67,0,0,0,0,0,0,0,0,0,0
1,timeout draw,60.33,0,0,0,0,0,0,0,0,0,0
2,AgentB wins,33.00,0,0,0,0,0,0,0,0,0,0
3,AgentB wins,34.33,0,0,0,0,0,0,0,0,0,0
4,AgentA wins,43.00,0,0,0,0,0,0,0,0,0,0
5,AgentB wins,47.67,0,0,0,0,0,0,0,0,0,0
6,AgentB wins,31.67,0,0,0,0,0,0,0,0,0,0
7,AgentB wins,34.33,0,0,0,0,0,0,0,0,0,0
8,AgentB wins,31.00,0,0,0,0,0,0,0,0,0,0
9,AgentB wins,53.33,0,0,0,0,0,0,0,0,0,0
10,AgentA wins,19.67,0,0,0,0,0,0,0,0,0,0
1,AgentA wins,39.00,0,0,0,0,0,0,0,0,0,0
2,AgentB wins,39.00,0,0,0,0,0,0,0,0,0,0
3,AgentA wins,24.00,0,0,0,0,0,0,0,0,0,0
4,AgentB wins,38.33,0,0,0,0,0,0,0,0,0,0
5,AgentB wins,48.00,0,0,0,0,0,0,0,0,0,0
6,timeout draw,60.00,0,0,0,0,0,0,0,0,0,0
7,AgentB wins,28.00,0,0,0,0,0,0,0,0,0,0
8,AgentA wins,22.67,0,0,0,0,0,0,0,0,0,0
9,AgentA wins,33.00,0,0,0,0,0,0,0,0,0,0
10,timeout draw,60.00,0,0,0,0,0,0,0,0,0,0
1,AgentA wins,35.00,0,0,0,0,0,0,0,0,0,0
2,AgentA wins,22.33,0,0,0,0,0,0,0,0,0,0
3,timeout draw,60.00,0,0,0,0,0,0,0,0,0,0
4,AgentA wins,55.67,0,0,0,0,0,0,0,0,0,0
5,AgentB wins,34.33,0,0,0,0,0,0,0,0,0,0
6,timeout draw,60.00,0,0,0,0,0,0,0,0,0,0
7,AgentB wins,27.67,0,0,0,0,0,0,0,0,0,0
8,AgentB wins,28.33,0,0,0,0,0,0,0,0,0,0
9,AgentB wins,36.00,0,0,0,0,0,0,0,0,0,0
10,timeout draw,60.00,0,0,0,0,0,0,0,0,0,0
1,timeout draw,60.33,0,0,0,0,0,0,0,0,0,0
2,AgentA wins,40.33,0,0,0,0,0,0,0,0,0,0
3,AgentB wins,53.33,0,0,0,0,0,0,0,0,0,0
4,AgentA wins,52.33,0,0,0,0,0,0,0,0,0,0
5,AgentA wins,21.00,0,0,0,0,0,0,0,0,0,0
6,AgentA wins,35.00,0,0,0,0,0,0,0,0,0,0
7,timeout draw,60.00,0,0,0,0,0,0,0,0,0,0
8,AgentB wins,52.67,0,0,0,0,0,0,0,0,0,0
9,AgentA wins,29.67,0,0,0,0,0,0,0,0,0,0
10,AgentB wins,16.33,0,0,0,0,0,0,0,0,0,0
11,AgentB wins,19.00,0,0,0,0,0,0,0,0,0,0
12,AgentA wins,19.00,0,0,0,0,0,0,0,0,0,0
13,AgentB wins,13.67,0,0,0,0,0,0,0,0,0,0
14,AgentB wins,30.67,0,0,0,0,0,0,0,0,0,0
15,AgentB wins,22.33,0,0,0,0,0,0,0,0,0,0
16,AgentA wins,26.33,0,0,0,0,0,0,0,0,0,0
17,AgentA wins,16.67,0,0,0,0,0,0,0,0,0,0
18,AgentA wins,17.33,0,0,0,0,0,0,0,0,0,0
19,AgentA wins,16.67,0,0,0,0,0,0,0,0,0,0
20,AgentB wins,15.67,0,0,0,0,0,0,0,0,0,0
11,AgentA wins,26.00,0,0,0,0,0,0,0,0,0,0
12,AgentA wins,27.00,0,0,0,0,0,0,0,0,0,0
13,AgentA wins,24.00,0,0,0,0,0,0,0,0,0,0
14,AgentA wins,21.33,0,0,0,0,0,0,0,0,0,0
15,AgentB wins,22.33,0,0,0,0,0,0,0,0,0,0
16,AgentB wins,19.00,0,0,0,0,0,0,0,0,0,0
17,AgentA wins,19.00,0,0,0,0,0,0,0,0,0,0
18,AgentA wins,19.67,0,0,0,0,0,0,0,0,0,0
19,AgentA wins,19.00,0,0,0,0,0,0,0,0,0,0
20,AgentB wins,22.00,0,0,0,0,0,0,0,0,0,0
11,AgentA wins,19.00,0,0,0,0,0,0,0,0,0,0
12,AgentB wins,15.67,0,0,0,0,0,0,0,0,0,0
13,AgentB wins,20.33,0,0,0,0,0,0,0,0,0,0
14,AgentB wins,21.67,0,0,0,0,0,0,0,0,0,0
15,AgentB wins,15.67,0,0,0,0,0,0,0,0,0,0
16,AgentA wins,18.33,0,0,0,0,0,0,0,0,0,0
17,AgentB wins,21.00,0,0,0,0,0,0,0,0,0,0
18,AgentB wins,15.67,0,0,0,0,0,0,0,0,0,0
19,AgentA wins,27.00,0,0,0,0,0,0,0,0,0,0
20,AgentB wins,23.67,0,0,0,0,0,0,0,0,0,0
11,AgentA wins,18.00,0,0,0,0,0,0,0,0,0,0
12,AgentA wins,22.33,0,0,0,0,0,0,0,0,0,0
13,AgentA wins,16.67,0,0,0,0,0,0,0,0,0,0
14,AgentA wins,13.67,0,0,0,0,0,0,0,0,0,0
15,AgentA wins,19.00,0,0,0,0,0,0,0,0,0,0
16,timeout draw,60.00,0,0,0,0,0,0,0,0,0,0
17,AgentB wins,15.67,0,0,0,0,0,0,0,0,0,0
18,AgentA wins,26.67,0,0,0,0,0,0,0,0,0,0
19,AgentA wins,26.67,0,0,0,0,0,0,0,0,0,0
20,AgentB wins,19.00,0,0,0,0,0,0,0,0,0,0
11,AgentB wins,16.00,202,163,78,67,0,130,0,13,59,37
12,AgentA wins,20.33,255,196,111,79,0,171,0,18,70,35
13,AgentB wins,16.00,205,159,88,68,0,140,0,14,64,24
14,AgentA wins,18.33,231,187,91,83,0,162,0,20,76,29
15,AgentA wins,29.00,363,283,152,76,0,218,0,14,109,44
16,AgentA wins,22.67,287,225,109,82,0,162,0,17,70,38
17,AgentB wins,22.67,279,224,113,68,0,156,0,14,81,33
18,AgentA wins,27.00,343,267,126,111,0,219,0,22,87,46
19,AgentA wins,25.33,323,256,119,80,0,182,0,17,87,25
20,AgentA wins,24.00,300,246,104,93,0,176,0,14,71,43
11,AgentA wins,40.33,0,0,0,0,0,0,0,0,0,0
12,AgentA wins,24.67,0,0,0,0,0,0,0,0,0,0
13,AgentA wins,32.33,0,0,0,0,0,0,0,0,0,0
14,AgentB wins,32.67,0,0,0,0,0,0,0,0,0,0
15,AgentA wins,25.67,0,0,0,0,0,0,0,0,0,0
16,AgentA wins,18.33,0,0,0,0,0,0,0,0,0,0
17,AgentB wins,33.00,0,0,0,0,0,0,0,0,0,0
18,AgentA wins,19.33,0,0,0,0,0,0,0,0,0,0
19,AgentB wins,47.67,0,0,0,0,0,0,0,0,0,0
20,AgentA wins,31.00,0,0,0,0,0,0,0,0,0,0
11,AgentB wins,15.67,0,0,0,0,0,0,0,0,0,0
12,AgentB wins,15.67,0,0,0,0,0,0,0,0,0,0
13,AgentA wins,28.00,0,0,0,0,0,0,0,0,0,0
14,AgentA wins,17.33,0,0,0,0,0,0,0,0,0,0
15,AgentB wins,19.67,0,0,0,0,0,0,0,0,0,0
16,AgentA wins,54.00,0,0,0,0,0,0,0,0,0,0
17,AgentA wins,23.33,0,0,0,0,0,0,0,0,0,0
18,AgentB wins,20.67,0,0,0,0,0,0,0,0,0,0
19,AgentB wins,49.33,0,0,0,0,0,0,0,0,0,0
20,AgentA wins,54.33,0,0,0,0,0,0,0,0,0,0
11,AgentB wins,19.67,0,0,0,0,0,0,0,0,0,0
12,AgentA wins,24.00,0,0,0,0,0,0,0,0,0,0
13,AgentA wins,17.33,0,0,0,0,0,0,0,0,0,0
14,AgentB wins,15.67,0,0,0,0,0,0,0,0,0,0
15,AgentA wins,38.33,0,0,0,0,0,0,0,0,0,0
16,AgentA wins,33.33,0,0,0,0,0,0,0,0,0,0
17,AgentB wins,46.33,0,0,0,0,0,0,0,0,0,0
18,AgentA wins,28.00,0,0,0,0,0,0,0,0,0,0
19,AgentB wins,60.00,0,0,0,0,0,0,0,0,0,0
20,AgentA wins,59.67,0,0,0,0,0,0,0,0,0,0
11,AgentB wins,14.67,0,0,0,0,0,0,0,0,0,0
12,AgentB wins,25.33,0,0,0,0,0,0,0,0,0,0
13,AgentB wins,18.67,0,0,0,0,0,0,0,0,0,0
14,AgentA wins,39.33,0,0,0,0,0,0,0,0,0,0
15,AgentB wins,20.67,0,0,0,0,0,0,0,0,0,0
16,AgentA wins,31.67,0,0,0,0,0,0,0,0,0,0
17,AgentA wins,20.33,0,0,0,0,0,0,0,0,0,0
18,AgentA wins,22.67,0,0,0,0,0,0,0,0,0,0
19,AgentB wins,38.33,0,0,0,0,0,0,0,0,0,0
20,AgentA wins,20.33,0,0,0,0,0,0,0,0,0,0
11,AgentB wins,22.33,0,0,0,0,0,0,0,0,0,0
12,AgentA wins,24.67,0,0,0,0,0,0,0,0,0,0
13,AgentB wins,29.67,0,0,0,0,0,0,0,0,0,0
14,AgentB wins,29.67,0,0,0,0,0,0,0,0,0,0
15,AgentB wins,19.00,0,0,0,0,0,0,0,0,0,0
16,AgentB wins,31.33,0,0,0,0,0,0,0,0,0,0
17,AgentA wins,31.67,0,0,0,0,0,0,0,0,0,0
18,AgentA wins,39.00,0,0,0,0,0,0,0,0,0,0
19,AgentA wins,33.67,0,0,0,0,0,0,0,0,0,0
20,AgentB wins,50.33,0,0,0,0,0,0,0,0,0,0
11,AgentA wins,27.67,0,0,0,0,0,0,0,0,0,0
12,AgentA wins,18.00,0,0,0,0,0,0,0,0,0,0
13,AgentB wins,25.33,0,0,0,0,0,0,0,0,0,0
14,AgentA wins,19.67,0,0,0,0,0,0,0,0,0,0
15,AgentA wins,23.33,0,0,0,0,0,0,0,0,0,0
16,AgentB wins,15.67,0,0,0,0,0,0,0,0,0,0
17,AgentA wins,19.67,0,0,0,0,0,0,0,0,0,0
18,timeout draw,60.00,0,0,0,0,0,0,0,0,0,0
19,AgentB wins,19.33,0,0,0,0,0,0,0,0,0,0
20,AgentA wins,31.67,0,0,0,0,0,0,0,0,0,0
11,AgentB wins,15.67,0,0,0,0,0,0,0,0,0,0
12,timeout draw,60.00,0,0,0,0,0,0,0,0,0,0
13,AgentA wins,23.33,0,0,0,0,0,0,0,0,0,0
14,AgentA wins,20.33,0,0,0,0,0,0,0,0,0,0
15,AgentA wins,19.00,0,0,0,0,0,0,0,0,0,0
16,AgentA wins,14.33,0,0,0,0,0,0,0,0,0,0
17,timeout draw,60.00,0,0,0,0,0,0,0,0,0,0
18,AgentB wins,23.33,0,0,0,0,0,0,0,0,0,0
19,AgentA wins,29.00,0,0,0,0,0,0,0,0,0,0
20,AgentA wins,17.00,0,0,0,0,0,0,0,0,0,0
11,AgentA wins,33.33,0,0,0,0,0,0,0,0,0,0
12,AgentA wins,25.33,0,0,0,0,0,0,0,0,0,0
13,AgentA wins,36.33,0,0,0,0,0,0,0,0,0,0
14,AgentB wins,30.67,0,0,0,0,0,0,0,0,0,0
15,AgentA wins,23.33,0,0,0,0,0,0,0,0,0,0
16,AgentB wins,26.33,0,0,0,0,0,0,0,0,0,0
17,AgentB wins,20.67,0,0,0,0,0,0,0,0,0,0
18,AgentB wins,15.67,0,0,0,0,0,0,0,0,0,0
19,AgentA wins,25.33,0,0,0,0,0,0,0,0,0,0
20,AgentB wins,24.33,0,0,0,0,0,0,0,0,0,0
11,AgentA wins,41.00,0,0,0,0,0,0,0,0,0,0
12,AgentB wins,16.00,0,0,0,0,0,0,0,0,0,0
13,AgentB wins,56.67,0,0,0,0,0,0,0,0,0,0
14,AgentB wins,55.33,0,0,0,0,0,0,0,0,0,0
15,AgentA wins,16.67,0,0,0,0,0,0,0,0,0,0
16,AgentB wins,22.33,0,0,0,0,0,0,0,0,0,0
17,AgentB wins,24.67,0,0,0,0,0,0,0,0,0,0
18,AgentA wins,40.33,0,0,0,0,0,0,0,0,0,0
19,AgentB wins,27.67,0,0,0,0,0,0,0,0,0,0
20,AgentA wins,36.00,0,0,0,0,0,0,0,0,0,0
11,AgentA wins,17.33,0,0,0,0,0,0,0,0,0,0
12,AgentB wins,56.00,0,0,0,0,0,0,0,0,0,0
13,AgentA wins,38.33,0,0,0,0,0,0,0,0,0,0
14,AgentA wins,18.33,0,0,0,0,0,0,0,0,0,0
15,AgentA wins,29.67,0,0,0,0,0,0,0,0,0,0
16,AgentA wins,18.67,0,0,0,0,0,0,0,0,0,0
17,AgentB wins,28.33,0,0,0,0,0,0,0,0,0,0
18,AgentB wins,19.33,0,0,0,0,0,0,0,0,0,0
19,AgentB wins,20.67,0,0,0,0,0,0,0,0,0,0
20,AgentA wins,17.33,0,0,0,0,0,0,0,0,0,0
11,timeout draw,60.00,0,0,0,0,0,0,0,0,0,0
12,AgentA wins,53.00,0,0,0,0,0,0,0,0,0,0
13,timeout draw,60.00,0,0,0,0,0,0,0,0,0,0
14,AgentB wins,15.67,0,0,0,0,0,0,0,0,0,0
15,AgentA wins,35.00,0,0,0,0,0,0,0,0,0,0
16,AgentB wins,29.00,0,0,0,0,0,0,0,0,0,0
17,AgentA wins,18.33,0,0,0,0,0,0,0,0,0,0
18,timeout draw,60.00,0,0,0,0,0,0,0,0,0,0
19,AgentB wins,32.33,0,0,0,0,0,0,0,0,0,0
20,AgentA wins,42.33,0,0,0,0,0,0,0,0,0,0
11,AgentB wins,25.67,0,0,0,0,0,0,0,0,0,0
12,AgentA wins,35.67,0,0,0,0,0,0,0,0,0,0
13,AgentA wins,22.00,0,0,0,0,0,0,0,0,0,0
14,timeout draw,60.00,0,0,0,0,0,0,0,0,0,0
15,AgentB wins,29.00,0,0,0,0,0,0,0,0,0,0
16,AgentA wins,31.67,0,0,0,0,0,0,0,0,0,0
17,AgentA wins,28.33,0,0,0,0,0,0,0,0,0,0
18,AgentA wins,18.00,0,0,0,0,0,0,0,0,0,0
19,AgentB wins,22.00,0,0,0,0,0,0,0,0,0,0
20,AgentA wins,26.00,0,0,0,0,0,0,0,0,0,0
11,AgentB wins,18.00,0,0,0,0,0,0,0,0,0,0
12,AgentB wins,48.33,0,0,0,0,0,0,0,0,0,0
13,AgentB wins,51.67,0,0,0,0,0,0,0,0,0,0
14,AgentB wins,31.00,0,0,0,0,0,0,0,0,0,0
15,AgentB wins,24.33,0,0,0,0,0,0,0,0,0,0
16,AgentA wins,17.33,0,0,0,0,0,0,0,0,0,0
17,AgentA wins,17.33,0,0,0,0,0,0,0,0,0,0
18,AgentB wins,24.67,0,0,0,0,0,0,0,0,0,0
19,timeout draw,60.00,0,0,0,0,0,0,0,0,0,0
20,AgentA wins,19.67,0,0,0,0,0,0,0,0,0,0
11,AgentB wins,15.33,0,0,0,0,0,0,0,0,0,0
12,AgentB wins,31.00,0,0,0,0,0,0,0,0,0,0
13,timeout draw,60.00,0,0,0,0,0,0,0,0,0,0
14,AgentB wins,28.00,0,0,0,0,0,0,0,0,0,0
15,AgentA wins,17.33,0,0,0,0,0,0,0,0,0,0
16,AgentA wins,26.00,0,0,0,0,0,0,0,0,0,0
17,AgentB wins,20.67,0,0,0,0,0,0,0,0,0,0
18,AgentB wins,27.67,0,0,0,0,0,0,0,0,0,0
19,AgentB wins,27.00,0,0,0,0,0,0,0,0,0,0
20,AgentA wins,27.33,0,0,0,0,0,0,0,0,0,0
11,AgentB wins,46.00,0,0,0,0,0,0,0,0,0,0
12,timeout draw,60.00,0,0,0,0,0,0,0,0,0,0
13,AgentB wins,33.00,0,0,0,0,0,0,0,0,0,0
14,AgentB wins,21.00,0,0,0,0,0,0,0,0,0,0
15,timeout draw,60.00,0,0,0,0,0,0,0,0,0,0
16,timeout draw,60.00,0,0,0,0,0,0,0,0,0,0
17,AgentA wins,17.33,0,0,0,0,0,0,0,0,0,0
18,AgentA wins,17.33,0,0,0,0,0,0,0,0,0,0
19,AgentA wins,17.33,0,0,0,0,0,0,0,0,0,0
20,AgentA wins,43.33,0,0,0,0,0,0,0,0,0,0
21,AgentB wins,15.67,0,0,0,0,0,0,0,0,0,0
22,AgentB wins,21.00,0,0,0,0,0,0,0,0,0,0
23,AgentA wins,17.33,0,0,0,0,0,0,0,0,0,0
24,AgentA wins,26.00,0,0,0,0,0,0,0,0,0,0
25,AgentA wins,17.33,0,0,0,0,0,0,0,0,0,0
26,AgentA wins,27.00,0,0,0,0,0,0,0,0,0,0
27,AgentB wins,20.67,0,0,0,0,0,0,0,0,0,0
28,AgentA wins,18.00,0,0,0,0,0,0,0,0,0,0
29,AgentA wins,22.33,0,0,0,0,0,0,0,0,0,0
30,AgentA wins,15.67,0,0,0,0,0,0,0,0,0,0
11,AgentA wins,17.67,0,0,0,0,0,0,0,0,0,0
12,AgentA wins,29.67,0,0,0,0,0,0,0,0,0,0
13,AgentA wins,51.33,0,0,0,0,0,0,0,0,0,0
14,AgentB wins,36.33,0,0,0,0,0,0,0,0,0,0
15,AgentA wins,31.67,0,0,0,0,0,0,0,0,0,0
16,AgentA wins,45.67,0,0,0,0,0,0,0,0,0,0
17,AgentA wins,39.67,0,0,0,0,0,0,0,0,0,0
18,timeout draw,60.00,0,0,0,0,0,0,0,0,0,0
19,AgentA wins,27.67,0,0,0,0,0,0,0,0,0,0
20,AgentA wins,21.67,0,0,0,0,0,0,0,0,0,0
11,AgentA wins,16.00,0,0,0,0,0,0,0,0,0,0
12,AgentB wins,50.33,0,0,0,0,0,0,0,0,0,0
13,AgentA wins,28.67,0,0,0,0,0,0,0,0,0,0
14,AgentB wins,53.67,0,0,0,0,0,0,0,0,0,0
15,AgentB wins,24.67,0,0,0,0,0,0,0,0,0,0
16,timeout draw,60.00,0,0,0,0,0,0,0,0,0,0
17,AgentA wins,34.67,0,0,0,0,0,0,0,0,0,0
18,AgentB wins,35.33,0,0,0,0,0,0,0,0,0,0
19,timeout draw,60.00,0,0,0,0,0,0,0,0,0,0
20,AgentB wins,41.67,0,0,0,0,0,0,0,0,0,0
11,AgentA wins,30.33,0,0,0,0,0,0,0,0,0,0
12,AgentB wins,19.67,0,0,0,0,0,0,0,0,0,0
13,AgentB wins,37.67,0,0,0,0,0,0,0,0,0,0
14,AgentA wins,55.33,0,0,0,0,0,0,0,0,0,0
15,AgentA wins,51.33,0,0,0,0,0,0,0,0,0,0
16,AgentA wins,20.33,0,0,0,0,0,0,0,0,0,0
17,AgentB wins,33.00,0,0,0,0,0,0,0,0,0,0
18,AgentA wins,29.67,0,0,0,0,0,0,0,0,0,0
19,AgentB wins,29.33,0,0,0,0,0,0,0,0,0,0
20,AgentA wins,29.00,0,0,0,0,0,0,0,0,0,0
21,AgentB wins,21.00,0,0,0,0,0,0,0,0,0,0
22,AgentB wins,22.00,0,0,0,0,0,0,0,0,0,0
23,AgentA wins,19.67,0,0,0,0,0,0,0,0,0,0
24,AgentA wins,19.67,0,0,0,0,0,0,0,0,0,0
25,AgentB wins,21.00,0,0,0,0,0,0,0,0,0,0
26,AgentB wins,23.67,0,0,0,0,0,0,0,0,0,0
27,AgentB wins,21.00,0,0,0,0,0,0,0,0,0,0
28,AgentA wins,44.00,0,0,0,0,0,0,0,0,0,0
29,AgentB wins,20.67,0,0,0,0,0,0,0,0,0,0
30,AgentA wins,22.67,0,0,0,0,0,0,0,0,0,0
11,AgentB wins,58.00,0,0,0,0,0,0,0,0,0,0
12,AgentA wins,19.67,0,0,0,0,0,0,0,0,0,0
13,AgentB wins,22.33,0,0,0,0,0,0,0,0,0,0
14,AgentA wins,18.33,0,0,0,0,0,0,0,0,0,0
15,AgentA wins,17.33,0,0,0,0,0,0,0,0,0,0
16,AgentA wins,18.67,0,0,0,0,0,0,0,0,0,0
17,AgentA wins,53.00,0,0,0,0,0,0,0,0,0,0
18,AgentA wins,19.67,0,0,0,0,0,0,0,0,0,0
19,AgentB wins,40.00,0,0,0,0,0,0,0,0,0,0
20,AgentA wins,30.67,0,0,0,0,0,0,0,0,0,0
11,AgentA wins,13.67,0,0,0,0,0,0,0,0,0,0
12,AgentB wins,18.00,0,0,0,0,0,0,0,0,0,0
13,AgentA wins,19.67,0,0,0,0,0,0,0,0,0,0
14,AgentB wins,32.33,0,0,0,0,0,0,0,0,0,0
15,AgentA wins,51.67,0,0,0,0,0,0,0,0,0,0
16,AgentA wins,33.67,0,0,0,0,0,0,0,0,0,0
17,AgentB wins,33.67,0,0,0,0,0,0,0,0,0,0
18,timeout draw,60.00,0,0,0,0,0,0,0,0,0,0
19,timeout draw,60.00,0,0,0,0,0,0,0,0,0,0
20,AgentA wins,37.00,0,0,0,0,0,0,0,0,0,0
11,AgentA wins,35.67,0,0,0,0,0,0,0,0,0,0
12,AgentB wins,23.00,0,0,0,0,0,0,0,0,0,0
13,AgentA wins,32.67,0,0,0,0,0,0,0,0,0,0
14,AgentA wins,52.33,0,0,0,0,0,0,0,0,0,0
15,timeout draw,60.33,0,0,0,0,0,0,0,0,0,0
16,AgentB wins,17.33,0,0,0,0,0,0,0,0,0,0
17,AgentA wins,21.67,0,0,0,0,0,0,0,0,0,0
18,AgentA wins,38.33,0,0,0,0,0,0,0,0,0,0
19,AgentB wins,19.00,0,0,0,0,0,0,0,0,0,0
20,timeout draw,60.00,0,0,0,0,0,0,0,0,0,0
11,AgentA wins,40.67,0,0,0,0,0,0,0,0,0,0
12,AgentB wins,27.00,0,0,0,0,0,0,0,0,0,0
13,AgentA wins,28.00,0,0,0,0,0,0,0,0,0,0
14,timeout draw,60.00,0,0,0,0,0,0,0,0,0,0
15,AgentA wins,42.33,0,0,0,0,0,0,0,0,0,0
16,timeout draw,60.33,0,0,0,0,0,0,0,0,0,0
17,AgentB wins,25.00,0,0,0,0,0,0,0,0,0,0
18,AgentB wins,37.00,0,0,0,0,0,0,0,0,0,0
19,AgentA wins,55.67,0,0,0,0,0,0,0,0,0,0
20,timeout draw,60.00,0,0,0,0,0,0,0,0,0,0
11,timeout draw,60.00,0,0,0,0,0,0,0,0,0,0
12,AgentA wins,22.67,0,0,0,0,0,0,0,0,0,0
13,AgentA wins,46.00,0,0,0,0,0,0,0,0,0,0
14,AgentB wins,24.00,0,0,0,0,0,0,0,0,0,0
15,timeout draw,60.33,0,0,0,0,0,0,0,0,0,0
16,AgentA wins,31.00,0,0,0,0,0,0,0,0,0,0
17,timeout draw,60.00,0,0,0,0,0,0,0,0,0,0
18,AgentA wins,32.33,0,0,0,0,0,0,0,0,0,0
19,AgentA wins,19.33,0,0,0,0,0,0,0,0,0,0
20,AgentA wins,28.67,0,0,0,0,0,0,0,0,0,0
11,AgentA wins,21.33,0,0,0,0,0,0,0,0,0,0
12,AgentB wins,45.33,0,0,0,0,0,0,0,0,0,0
13,AgentB wins,27.00,0,0,0,0,0,0,0,0,0,0
14,timeout draw,60.00,0,0,0,0,0,0,0,0,0,0
15,timeout draw,60.33,0,0,0,0,0,0,0,0,0,0
16,AgentA wins,48.33,0,0,0,0,0,0,0,0,0,0
17,AgentA wins,21.67,0,0,0,0,0,0,0,0,0,0
18,timeout draw,60.00,0,0,0,0,0,0,0,0,0,0
19,AgentA wins,33.33,0,0,0,0,0,0,0,0,0,0
20,AgentA wins,25.67,0,0,0,0,0,0,0,0,0,0
21,AgentA wins,29.33,0,0,0,0,0,0,0,0,0,0
22,AgentB wins,21.00,0,0,0,0,0,0,0,0,0,0
23,AgentB wins,25.33,0,0,0,0,0,0,0,0,0,0
24,AgentB wins,18.67,0,0,0,0,0,0,0,0,0,0
25,AgentA wins,20.33,0,0,0,0,0,0,0,0,0,0
26,AgentA wins,22.67,0,0,0,0,0,0,0,0,0,0
27,AgentA wins,17.33,0,0,0,0,0,0,0,0,0,0
28,AgentA wins,31.00,0,0,0,0,0,0,0,0,0,0
29,AgentB wins,20.67,0,0,0,0,0,0,0,0,0,0
30,AgentB wins,23.67,0,0,0,0,0,0,0,0,0,0
11,AgentA wins,29.00,0,0,0,0,0,0,0,0,0,0
12,AgentA wins,18.33,0,0,0,0,0,0,0,0,0,0
13,AgentA wins,29.67,0,0,0,0,0,0,0,0,0,0
14,timeout draw,60.00,0,0,0,0,0,0,0,0,0,0
15,timeout draw,60.00,0,0,0,0,0,0,0,0,0,0
16,AgentB wins,28.00,0,0,0,0,0,0,0,0,0,0
17,AgentA wins,45.33,0,0,0,0,0,0,0,0,0,0
18,AgentA wins,54.00,0,0,0,0,0,0,0,0,0,0
19,AgentA wins,49.67,0,0,0,0,0,0,0,0,0,0
20,AgentB wins,49.33,0,0,0,0,0,0,0,0,0,0
11,timeout draw,60.00,0,0,0,0,0,0,0,0,0,0
12,AgentB wins,27.33,0,0,0,0,0,0,0,0,0,0
13,timeout draw,60.33,0,0,0,0,0,0,0,0,0,0
14,AgentB wins,19.00,0,0,0,0,0,0,0,0,0,0
15,timeout draw,60.00,0,0,0,0,0,0,0,0,0,0
16,AgentA wins,46.33,0,0,0,0,0,0,0,0,0,0
17,AgentB wins,42.00,0,0,0,0,0,0,0,0,0,0
18,AgentB wins,24.33,0,0,0,0,0,0,0,0,0,0
19,AgentA wins,28.00,0,0,0,0,0,0,0,0,0,0
20,AgentA wins,31.67,0,0,0,0,0,0,0,0,0,0
11,AgentB wins,21.67,0,0,0,0,0,0,0,0,0,0
12,AgentA wins,26.33,0,0,0,0,0,0,0,0,0,0
13,AgentA wins,54.67,0,0,0,0,0,0,0,0,0,0
14,AgentB wins,30.00,0,0,0,0,0,0,0,0,0,0
15,AgentA wins,30.67,0,0,0,0,0,0,0,0,0,0
16,AgentA wins,42.67,0,0,0,0,0,0,0,0,0,0
17,AgentA wins,18.33,0,0,0,0,0,0,0,0,0,0
18,AgentB wins,40.00,0,0,0,0,0,0,0,0,0,0
19,AgentA wins,23.00,0,0,0,0,0,0,0,0,0,0
20,AgentB wins,37.33,0,0,0,0,0,0,0,0,0,0
11,AgentA wins,58.67,0,0,0,0,0,0,0,0,0,0
12,AgentA wins,41.00,0,0,0,0,0,0,0,0,0,0
13,timeout draw,60.33,0,0,0,0,0,0,0,0,0,0
14,AgentA wins,33.00,0,0,0,0,0,0,0,0,0,0
15,AgentA wins,35.67,0,0,0,0,0,0,0,0,0,0
16,AgentA wins,20.33,0,0,0,0,0,0,0,0,0,0
17,AgentA wins,17.33,0,0,0,0,0,0,0,0,0,0
18,timeout draw,60.00,0,0,0,0,0,0,0,0,0,0
19,AgentB wins,40.67,0,0,0,0,0,0,0,0,0,0
20,AgentA wins,23.00,0,0,0,0,0,0,0,0,0,0
21,AgentA wins,53.67,0,0,0,0,0,0,0,0,0,0
22,AgentA wins,30.33,0,0,0,0,0,0,0,0,0,0
23,AgentA wins,17.33,0,0,0,0,0,0,0,0,0,0
24,AgentB wins,18.67,0,0,0,0,0,0,0,0,0,0
25,AgentA wins,23.00,0,0,0,0,0,0,0,0,0,0
26,timeout draw,60.00,0,0,0,0,0,0,0,0,0,0
27,AgentB wins,20.00,0,0,0,0,0,0,0,0,0,0
28,AgentB wins,20.67,0,0,0,0,0,0,0,0,0,0
29,AgentA wins,15.00,0,0,0,0,0,0,0,0,0,0
30,AgentB wins,20.67,0,0,0,0,0,0,0,0,0,0
11,AgentA wins,39.33,0,0,0,0,0,0,0,0,0,0
12,AgentA wins,25.33,0,0,0,0,0,0,0,0,0,0
13,AgentB wins,24.00,0,0,0,0,0,0,0,0,0,0
14,timeout draw,60.00,0,0,0,0,0,0,0,0,0,0
15,AgentB wins,26.67,0,0,0,0,0,0,0,0,0,0
16,timeout draw,60.00,0,0,0,0,0,0,0,0,0,0
17,AgentA wins,32.67,0,0,0,0,0,0,0,0,0,0
18,AgentB wins,37.67,0,0,0,0,0,0,0,0,0,0
19,AgentB wins,20.67,0,0,0,0,0,0,0,0,0,0
20,timeout draw,60.00,0,0,0,0,0,0,0,0,0,0
11,AgentA wins,23.00,0,0,0,0,0,0,0,0,0,0
12,AgentB wins,19.33,0,0,0,0,0,0,0,0,0,0
13,AgentB wins,19.67,0,0,0,0,0,0,0,0,0,0
14,timeout draw,60.00,0,0,0,0,0,0,0,0,0,0
15,AgentB wins,59.67,0,0,0,0,0,0,0,0,0,0
16,timeout draw,60.00,0,0,0,0,0,0,0,0,0,0
17,AgentA wins,31.67,0,0,0,0,0,0,0,0,0,0
18,AgentA wins,19.33,0,0,0,0,0,0,0,0,0,0
19,timeout draw,60.00,0,0,0,0,0,0,0,0,0,0
20,AgentB wins,45.00,0,0,0,0,0,0,0,0,0,0
21,AgentA wins,28.67,355,299,110,108,0,183,0,20,61,45
22,AgentB wins,30.00,382,318,109,103,0,205,0,15,78,39
23,AgentA wins,25.33,320,276,77,97,0,200,0,15,88,37
24,AgentA wins,37.33,470,408,115,158,0,303,0,31,107,67
25,AgentA wins,31.00,397,350,73,135,0,228,0,26,69,43
26,AgentB wins,29.67,378,334,66,110,0,229,0,21,85,36
27,AgentA wins,25.33,328,296,56,106,0,217,0,19,82,26
28,AgentA wins,24.67,315,277,53,108,0,202,0,17,73,27
29,AgentA wins,32.33,413,369,79,139,0,266,0,25,96,35
30,AgentB wins,56.67,711,648,147,213,0,461,0,44,187,74
11,AgentA wins,31.00,0,0,0,0,0,0,0,0,0,0
12,AgentB wins,29.33,0,0,0,0,0,0,0,0,0,0
13,AgentA wins,49.00,0,0,0,0,0,0,0,0,0,0
14,timeout draw,60.00,0,0,0,0,0,0,0,0,0,0
15,AgentB wins,45.67,0,0,0,0,0,0,0,0,0,0
16,AgentA wins,26.00,0,0,0,0,0,0,0,0,0,0
17,AgentB wins,32.00,0,0,0,0,0,0,0,0,0,0
18,timeout draw,60.00,0,0,0,0,0,0,0,0,0,0
19,timeout draw,60.00,0,0,0,0,0,0,0,0,0,0
20,timeout draw,60.00,0,0,0,0,0,0,0,0,0,0
21,AgentA wins,24.67,0,0,0,0,0,0,0,0,0,0
22,AgentA wins,27.33,0,0,0,0,0,0,0,0,0,0
23,AgentA wins,18.00,0,0,0,0,0,0,0,0,0,0
24,AgentB wins,29.33,0,0,0,0,0,0,0,0,0,0
25,AgentA wins,15.67,0,0,0,0,0,0,0,0,0,0
26,timeout draw,60.00,0,0,0,0,0,0,0,0,0,0
27,AgentB wins,30.67,0,0,0,0,0,0,0,0,0,0
28,AgentA wins,31.33,0,0,0,0,0,0,0,0,0,0
29,AgentB wins,21.33,0,0,0,0,0,0,0,0,0,0
30,AgentA wins,28.00,0,0,0,0,0,0,0,0,0,0
31,AgentB wins,20.67,0,0,0,0,0,0,0,0,0,0
32,AgentA wins,22.67,0,0,0,0,0,0,0,0,0,0
33,AgentB wins,20.67,0,0,0,0,0,0,0,0,0,0
34,AgentB wins,23.67,0,0,0,0,0,0,0,0,0,0
35,AgentB wins,23.67,0,0,0,0,0,0,0,0,0,0
36,AgentB wins,23.67,0,0,0,0,0,0,0,0,0,0
37,AgentB wins,20.67,0,0,0,0,0,0,0,0,0,0
38,AgentB wins,25.00,0,0,0,0,0,0,0,0,0,0
39,AgentB wins,23.67,0,0,0,0,0,0,0,0,0,0
40,AgentA wins,15.67,0,0,0,0,0,0,0,0,0,0
21,AgentA wins,34.67,0,0,0,0,0,0,0,0,0,0
22,AgentA wins,18.67,0,0,0,0,0,0,0,0,0,0
23,AgentB wins,34.67,0,0,0,0,0,0,0,0,0,0
24,AgentA wins,42.33,0,0,0,0,0,0,0,0,0,0
25,AgentB wins,33.33,0,0,0,0,0,0,0,0,0,0
26,AgentB wins,24.33,0,0,0,0,0,0,0,0,0,0
27,AgentA wins,22.33,0,0,0,0,0,0,0,0,0,0
28,AgentA wins,15.67,0,0,0,0,0,0,0,0,0,0
29,AgentA wins,19.33,0,0,0,0,0,0,0,0,0,0
30,AgentA wins,31.33,0,0,0,0,0,0,0,0,0,0
21,AgentB wins,20.67,0,0,0,0,0,0,0,0,0,0
22,AgentA wins,18.33,0,0,0,0,0,0,0,0,0,0
23,AgentB wins,20.67,0,0,0,0,0,0,0,0,0,0
24,AgentB wins,32.00,0,0,0,0,0,0,0,0,0,0
25,AgentA wins,19.33,0,0,0,0,0,0,0,0,0,0
26,AgentA wins,16.33,0,0,0,0,0,0,0,0,0,0
27,AgentA wins,22.33,0,0,0,0,0,0,0,0,0,0
28,AgentA wins,32.67,0,0,0,0,0,0,0,0,0,0
29,AgentA wins,31.33,0,0,0,0,0,0,0,0,0,0
30,AgentA wins,44.67,0,0,0,0,0,0,0,0,0,0
21,AgentA wins,42.67,0,0,0,0,0,0,0,0,0,0
22,AgentA wins,38.67,0,0,0,0,0,0,0,0,0,0
23,AgentB wins,26.67,0,0,0,0,0,0,0,0,0,0
24,AgentA wins,39.67,0,0,0,0,0,0,0,0,0,0
25,AgentA wins,18.33,0,0,0,0,0,0,0,0,0,0
26,AgentB wins,35.33,0,0,0,0,0,0,0,0,0,0
27,AgentA wins,23.00,0,0,0,0,0,0,0,0,0,0
28,AgentA wins,19.33,0,0,0,0,0,0,0,0,0,0
29,AgentA wins,25.33,0,0,0,0,0,0,0,0,0,0
30,AgentB wins,36.00,0,0,0,0,0,0,0,0,0,0
31,AgentB wins,20.67,0,0,0,0,0,0,0,0,0,0
32,AgentA wins,19.67,0,0,0,0,0,0,0,0,0,0
33,AgentB wins,20.67,0,0,0,0,0,0,0,0,0,0
34,AgentA wins,28.33,0,0,0,0,0,0,0,0,0,0
35,AgentA wins,28.33,0,0,0,0,0,0,0,0,0,0
36,AgentA wins,21.33,0,0,0,0,0,0,0,0,0,0
37,AgentB wins,26.33,0,0,0,0,0,0,0,0,0,0
38,AgentA wins,18.33,0,0,0,0,0,0,0,0,0,0
39,AgentB wins,23.67,0,0,0,0,0,0,0,0,0,0
40,AgentA wins,15.00,0,0,0,0,0,0,0,0,0,0
21,AgentB wins,24.00,0,0,0,0,0,0,0,0,0,0
22,AgentA wins,21.33,0,0,0,0,0,0,0,0,0,0
23,AgentB wins,28.33,0,0,0,0,0,0,0,0,0,0
24,AgentA wins,28.33,0,0,0,0,0,0,0,0,0,0
25,AgentA wins,19.33,0,0,0,0,0,0,0,0,0,0
26,AgentA wins,24.33,0,0,0,0,0,0,0,0,0,0
27,AgentA wins,16.33,0,0,0,0,0,0,0,0,0,0
28,AgentA wins,24.67,0,0,0,0,0,0,0,0,0,0
29,AgentB wins,33.33,0,0,0,0,0,0,0,0,0,0
30,AgentA wins,18.67,0,0,0,0,0,0,0,0,0,0
21,AgentA wins,33.67,0,0,0,0,0,0,0,0,0,0
22,AgentA wins,31.67,0,0,0,0,0,0,0,0,0,0
23,AgentA wins,21.67,0,0,0,0,0,0,0,0,0,0
24,AgentA wins,21.33,0,0,0,0,0,0,0,0,0,0
25,AgentA wins,28.33,0,0,0,0,0,0,0,0,0,0
26,AgentA wins,20.00,0,0,0,0,0,0,0,0,0,0
27,AgentA wins,36.33,0,0,0,0,0,0,0,0,0,0
28,AgentB wins,29.33,0,0,0,0,0,0,0,0,0,0
29,AgentB wins,50.67,0,0,0,0,0,0,0,0,0,0
30,AgentA wins,31.67,0,0,0,0,0,0,0,0,0,0
31,AgentA wins,31.67,0,0,0,0,0,0,0,0,0,0
32,AgentA wins,22.67,0,0,0,0,0,0,0,0,0,0
33,AgentA wins,28.33,0,0,0,0,0,0,0,0,0,0
34,AgentB wins,20.67,0,0,0,0,0,0,0,0,0,0
35,AgentA wins,23.00,0,0,0,0,0,0,0,0,0,0
36,AgentB wins,20.67,0,0,0,0,0,0,0,0,0,0
37,AgentA wins,18.33,0,0,0,0,0,0,0,0,0,0
38,AgentA wins,28.33,0,0,0,0,0,0,0,0,0,0
39,AgentA wins,15.67,0,0,0,0,0,0,0,0,0,0
40,AgentA wins,28.33,0,0,0,0,0,0,0,0,0,0
21,AgentA wins,34.33,0,0,0,0,0,0,0,0,0,0
22,AgentA wins,59.33,0,0,0,0,0,0,0,0,0,0
23,AgentB wins,27.00,0,0,0,0,0,0,0,0,0,0
24,AgentA wins,24.67,0,0,0,0,0,0,0,0,0,0
25,AgentA wins,24.67,0,0,0,0,0,0,0,0,0,0
26,AgentB wins,39.33,0,0,0,0,0,0,0,0,0,0
27,AgentB wins,35.67,0,0,0,0,0,0,0,0,0,0
28,AgentA wins,41.00,0,0,0,0,0,0,0,0,0,0
29,AgentA wins,41.33,0,0,0,0,0,0,0,0,0,0
30,AgentA wins,19.33,0,0,0,0,0,0,0,0,0,0
21,AgentA wins,25.00,0,0,0,0,0,0,0,0,0,0
22,AgentA wins,26.33,0,0,0,0,0,0,0,0,0,0
23,AgentA wins,22.33,0,0,0,0,0,0,0,0,0,0
24,AgentA wins,16.33,0,0,0,0,0,0,0,0,0,0
25,AgentA wins,25.33,0,0,0,0,0,0,0,0,0,0
26,AgentB wins,47.00,0,0,0,0,0,0,0,0,0,0
27,AgentA wins,41.33,0,0,0,0,0,0,0,0,0,0
28,AgentB wins,45.33,0,0,0,0,0,0,0,0,0,0
29,AgentA wins,26.00,0,0,0,0,0,0,0,0,0,0
30,AgentA wins,45.67,0,0,0,0,0,0,0,0,0,0
21,AgentA wins,29.00,0,0,0,0,0,0,0,0,0,0
22,AgentA wins,25.33,0,0,0,0,0,0,0,0,0,0
23,AgentB wins,27.67,0,0,0,0,0,0,0,0,0,0
24,AgentA wins,27.67,0,0,0,0,0,0,0,0,0,0
25,AgentA wins,34.00,0,0,0,0,0,0,0,0,0,0
26,AgentB wins,24.33,0,0,0,0,0,0,0,0,0,0
27,AgentA wins,27.00,0,0,0,0,0,0,0,0,0,0
28,AgentA wins,23.00,0,0,0,0,0,0,0,0,0,0
29,timeout draw,60.00,0,0,0,0,0,0,0,0,0,0
30,AgentA wins,53.33,0,0,0,0,0,0,0,0,0,0
21,AgentA wins,32.33,0,0,0,0,0,0,0,0,0,0
22,timeout draw,60.00,0,0,0,0,0,0,0,0,0,0
23,AgentB wins,32.33,0,0,0,0,0,0,0,0,0,0
24,AgentA wins,46.67,0,0,0,0,0,0,0,0,0,0
25,AgentA wins,34.33,0,0,0,0,0,0,0,0,0,0
26,AgentA wins,35.33,0,0,0,0,0,0,0,0,0,0
27,AgentA wins,23.00,0,0,0,0,0,0,0,0,0,0
28,AgentA wins,49.67,0,0,0,0,0,0,0,0,0,0
29,AgentA wins,49.67,0,0,0,0,0,0,0,0,0,0
30,timeout draw,60.00,0,0,0,0,0,0,0,0,0,0
21,AgentB wins,38.00,0,0,0,0,0,0,0,0,0,0
22,timeout draw,60.00,0,0,0,0,0,0,0,0,0,0
23,AgentB wins,20.33,0,0,0,0,0,0,0,0,0,0
24,AgentA wins,28.33,0,0,0,0,0,0,0,0,0,0
25,AgentB wins,21.00,0,0,0,0,0,0,0,0,0,0
26,AgentA wins,30.67,0,0,0,0,0,0,0,0,0,0
27,AgentB wins,26.67,0,0,0,0,0,0,0,0,0,0
28,AgentA wins,47.00,0,0,0,0,0,0,0,0,0,0
29,AgentA wins,28.00,0,0,0,0,0,0,0,0,0,0
30,AgentA wins,32.00,0,0,0,0,0,0,0,0,0,0
21,timeout draw,60.00,0,0,0,0,0,0,0,0,0,0
22,AgentA wins,37.67,0,0,0,0,0,0,0,0,0,0
23,AgentB wins,40.67,0,0,0,0,0,0,0,0,0,0
24,AgentB wins,42.33,0,0,0,0,0,0,0,0,0,0
25,AgentA wins,19.00,0,0,0,0,0,0,0,0,0,0
26,AgentB wins,30.00,0,0,0,0,0,0,0,0,0,0
27,AgentA wins,25.33,0,0,0,0,0,0,0,0,0,0
28,AgentA wins,27.00,0,0,0,0,0,0,0,0,0,0
29,AgentA wins,19.33,0,0,0,0,0,0,0,0,0,0
30,timeout draw,60.00,0,0,0,0,0,0,0,0,0,0
21,AgentA wins,17.33,0,0,0,0,0,0,0,0,0,0
22,AgentB wins,50.67,0,0,0,0,0,0,0,0,0,0
23,timeout draw,60.00,0,0,0,0,0,0,0,0,0,0
24,AgentA wins,22.33,0,0,0,0,0,0,0,0,0,0
25,AgentB wins,32.67,0,0,0,0,0,0,0,0,0,0
26,AgentA wins,39.33,0,0,0,0,0,0,0,0,0,0
27,AgentB wins,45.67,0,0,0,0,0,0,0,0,0,0
28,timeout draw,60.00,0,0,0,0,0,0,0,0,0,0
29,timeout draw,60.00,0,0,0,0,0,0,0,0,0,0
30,timeout draw,60.33,0,0,0,0,0,0,0,0,0,0
21,AgentA wins,28.33,0,0,0,0,0,0,0,0,0,0
22,AgentB wins,26.67,0,0,0,0,0,0,0,0,0,0
23,AgentA wins,20.33,0,0,0,0,0,0,0,0,0,0
24,AgentA wins,35.67,0,0,0,0,0,0,0,0,0,0
25,timeout draw,60.00,0,0,0,0,0,0,0,0,0,0
26,AgentA wins,28.67,0,0,0,0,0,0,0,0,0,0
27,AgentA wins,27.67,0,0,0,0,0,0,0,0,0,0
28,AgentA wins,21.00,0,0,0,0,0,0,0,0,0,0
29,AgentA wins,34.33,0,0,0,0,0,0,0,0,0,0
30,AgentA wins,54.67,0,0,0,0,0,0,0,0,0,0
21,AgentA wins,46.00,0,0,0,0,0,0,0,0,0,0
22,AgentB wins,52.33,0,0,0,0,0,0,0,0,0,0
23,AgentA wins,25.33,0,0,0,0,0,0,0,0,0,0
24,AgentA wins,25.00,0,0,0,0,0,0,0,0,0,0
25,AgentA wins,30.67,0,0,0,0,0,0,0,0,0,0
26,AgentA wins,23.00,0,0,0,0,0,0,0,0,0,0
27,AgentB wins,20.67,0,0,0,0,0,0,0,0,0,0
28,AgentA wins,38.00,0,0,0,0,0,0,0,0,0,0
29,AgentA wins,28.33,0,0,0,0,0,0,0,0,0,0
30,AgentA wins,28.33,0,0,0,0,0,0,0,0,0,0
21,AgentA wins,28.33,0,0,0,0,0,0,0,0,0,0
22,AgentB wins,23.67,0,0,0,0,0,0,0,0,0,0
23,AgentA wins,15.67,0,0,0,0,0,0,0,0,0,0
24,AgentA wins,48.00,0,0,0,0,0,0,0,0,0,0
25,AgentA wins,28.33,0,0,0,0,0,0,0,0,0,0
26,AgentA wins,39.00,0,0,0,0,0,0,0,0,0,0
27,AgentA wins,22.00,0,0,0,0,0,0,0,0,0,0
28,AgentA wins,28.33,0,0,0,0,0,0,0,0,0,0
29,AgentA wins,23.00,0,0,0,0,0,0,0,0,0,0
30,AgentA wins,28.33,0,0,0,0,0,0,0,0,0,0
21,AgentA wins,25.33,0,0,0,0,0,0,0,0,0,0
22,AgentA wins,22.33,0,0,0,0,0,0,0,0,0,0
23,timeout draw,60.00,0,0,0,0,0,0,0,0,0,0
24,timeout draw,60.00,0,0,0,0,0,0,0,0,0,0
25,AgentB wins,48.00,0,0,0,0,0,0,0,0,0,0
26,AgentA wins,51.33,0,0,0,0,0,0,0,0,0,0
27,AgentA wins,31.33,0,0,0,0,0,0,0,0,0,0
28,AgentB wins,40.67,0,0,0,0,0,0,0,0,0,0
29,timeout draw,60.00,0,0,0,0,0,0,0,0,0,0
30,AgentA wins,27.33,0,0,0,0,0,0,0,0,0,0
21,AgentA wins,19.33,0,0,0,0,0,0,0,0,0,0
22,AgentA wins,43.33,0,0,0,0,0,0,0,0,0,0
23,AgentA wins,57.67,0,0,0,0,0,0,0,0,0,0
24,AgentA wins,33.67,0,0,0,0,0,0,0,0,0,0
25,AgentB wins,38.00,0,0,0,0,0,0,0,0,0,0
26,AgentA wins,25.33,0,0,0,0,0,0,0,0,0,0
27,AgentA wins,32.00,0,0,0,0,0,0,0,0,0,0
28,AgentA wins,23.00,0,0,0,0,0,0,0,0,0,0
29,AgentA wins,28.33,0,0,0,0,0,0,0,0,0,0
30,AgentA wins,28.33,0,0,0,0,0,0,0,0,0,0
21,AgentA wins,28.00,0,0,0,0,0,0,0,0,0,0
22,AgentA wins,34.33,0,0,0,0,0,0,0,0,0,0
23,AgentA wins,28.00,0,0,0,0,0,0,0,0,0,0
24,AgentA wins,24.00,0,0,0,0,0,0,0,0,0,0
25,AgentA wins,15.67,0,0,0,0,0,0,0,0,0,0
26,AgentA wins,25.00,0,0,0,0,0,0,0,0,0,0
27,AgentA wins,16.33,0,0,0,0,0,0,0,0,0,0
28,AgentA wins,26.00,0,0,0,0,0,0,0,0,0,0
29,AgentA wins,32.00,0,0,0,0,0,0,0,0,0,0
30,AgentA wins,26.67,0,0,0,0,0,0,0,0,0,0
21,AgentA wins,18.00,0,0,0,0,0,0,0,0,0,0
22,AgentA wins,39.67,0,0,0,0,0,0,0,0,0,0
23,AgentA wins,18.67,0,0,0,0,0,0,0,0,0,0
24,timeout draw,60.00,0,0,0,0,0,0,0,0,0,0
25,AgentA wins,18.67,0,0,0,0,0,0,0,0,0,0
26,timeout draw,60.00,0,0,0,0,0,0,0,0,0,0
27,AgentA wins,55.33,0,0,0,0,0,0,0,0,0,0
28,AgentB wins,48.00,0,0,0,0,0,0,0,0,0,0
29,AgentB wins,33.67,0,0,0,0,0,0,0,0,0,0
30,AgentB wins,45.33,0,0,0,0,0,0,0,0,0,0
21,AgentA wins,24.67,0,0,0,0,0,0,0,0,0,0
22,AgentA wins,28.33,0,0,0,0,0,0,0,0,0,0
23,AgentB wins,20.67,0,0,0,0,0,0,0,0,0,0
24,AgentB wins,24.33,0,0,0,0,0,0,0,0,0,0
25,AgentB wins,23.67,0,0,0,0,0,0,0,0,0,0
26,AgentA wins,44.00,0,0,0,0,0,0,0,0,0,0
27,timeout draw,60.00,0,0,0,0,0,0,0,0,0,0
28,timeout draw,60.00,0,0,0,0,0,0,0,0,0,0
29,AgentA wins,24.67,0,0,0,0,0,0,0,0,0,0
30,AgentB wins,53.00,0,0,0,0,0,0,0,0,0,0
21,AgentA wins,50.00,0,0,0,0,0,0,0,0,0,0
22,AgentA wins,29.00,0,0,0,0,0,0,0,0,0,0
23,AgentA wins,52.67,0,0,0,0,0,0,0,0,0,0
24,AgentA wins,41.67,0,0,0,0,0,0,0,0,0,0
25,AgentA wins,25.33,0,0,0,0,0,0,0,0,0,0
26,AgentA wins,28.33,0,0,0,0,0,0,0,0,0,0
27,AgentA wins,51.00,0,0,0,0,0,0,0,0,0,0
28,AgentA wins,36.00,0,0,0,0,0,0,0,0,0,0
29,AgentA wins,58.67,0,0,0,0,0,0,0,0,0,0
30,AgentA wins,36.00,0,0,0,0,0,0,0,0,0,0
31,AgentA wins,28.33,0,0,0,0,0,0,0,0,0,0
32,AgentA wins,28.33,0,0,0,0,0,0,0,0,0,0
33,AgentA wins,28.33,0,0,0,0,0,0,0,0,0,0
34,AgentA wins,23.00,0,0,0,0,0,0,0,0,0,0
35,timeout draw,60.00,0,0,0,0,0,0,0,0,0,0
36,AgentA wins,28.33,0,0,0,0,0,0,0,0,0,0
37,timeout draw,60.33,0,0,0,0,0,0,0,0,0,0
38,AgentB wins,27.00,0,0,0,0,0,0,0,0,0,0
39,AgentA wins,28.33,0,0,0,0,0,0,0,0,0,0
40,AgentA wins,23.00,0,0,0,0,0,0,0,0,0,0
21,AgentB wins,32.33,0,0,0,0,0,0,0,0,0,0
22,AgentA wins,34.67,0,0,0,0,0,0,0,0,0,0
23,timeout draw,60.00,0,0,0,0,0,0,0,0,0,0
24,AgentB wins,26.67,0,0,0,0,0,0,0,0,0,0
25,AgentB wins,33.00,0,0,0,0,0,0,0,0,0,0
26,AgentB wins,46.33,0,0,0,0,0,0,0,0,0,0
27,timeout draw,60.33,0,0,0,0,0,0,0,0,0,0
28,timeout draw,60.00,0,0,0,0,0,0,0,0,0,0
29,AgentB wins,21.33,0,0,0,0,0,0,0,0,0,0
30,AgentB wins,34.00,0,0,0,0,0,0,0,0,0,0
31,AgentB wins,36.00,463,417,74,171,0,288,0,32,109,35
32,AgentA wins,32.00,406,364,70,139,0,252,0,25,87,32
33,AgentA wins,24.00,305,260,61,96,0,189,0,29,49,35
34,AgentA wins,16.33,213,178,44,72,0,141,0,15,40,23
35,AgentA wins,15.67,198,173,36,69,0,124,0,15,36,18
36,AgentA wins,19.33,240,220,56,69,0,145,0,13,49,25
37,timeout draw,60.33,769,684,144,219,0,428,0,54,133,85
38,AgentB wins,35.00,444,392,83,158,0,285,0,35,91,46
39,AgentA wins,29.00,371,336,58,119,0,226,0,47,67,34
40,AgentA wins,28.67,364,326,59,116,0,209,0,27,59,34
21,timeout draw,60.00,0,0,0,0,0,0,0,0,0,0
22,AgentA wins,33.00,0,0,0,0,0,0,0,0,0,0
23,AgentA wins,22.67,0,0,0,0,0,0,0,0,0,0
24,AgentB wins,50.33,0,0,0,0,0,0,0,0,0,0
25,AgentB wins,35.67,0,0,0,0,0,0,0,0,0,0
26,AgentB wins,31.00,0,0,0,0,0,0,0,0,0,0
27,timeout draw,60.00,0,0,0,0,0,0,0,0,0,0
28,timeout draw,60.00,0,0,0,0,0,0,0,0,0,0
29,AgentA wins,58.00,0,0,0,0,0,0,0,0,0,0
30,timeout draw,60.00,0,0,0,0,0,0,0,0,0,0
21,AgentA wins,22.33,0,0,0,0,0,0,0,0,0,0
22,timeout draw,60.00,0,0,0,0,0,0,0,0,0,0
23,AgentA wins,45.33,0,0,0,0,0,0,0,0,0,0
24,timeout draw,60.00,0,0,0,0,0,0,0,0,0,0
25,AgentA wins,23.00,0,0,0,0,0,0,0,0,0,0
26,AgentA wins,32.67,0,0,0,0,0,0,0,0,0,0
27,AgentA wins,29.00,0,0,0,0,0,0,0,0,0,0
28,AgentA wins,28.67,0,0,0,0,0,0,0,0,0,0
29,timeout draw,60.00,0,0,0,0,0,0,0,0,0,0
30,timeout draw,60.00,0,0,0,0,0,0,0,0,0,0
21,timeout draw,60.00,0,0,0,0,0,0,0,0,0,0
22,AgentB wins,36.67,0,0,0,0,0,0,0,0,0,0
23,timeout draw,60.00,0,0,0,0,0,0,0,0,0,0
24,AgentB wins,36.67,0,0,0,0,0,0,0,0,0,0
25,AgentA wins,31.67,0,0,0,0,0,0,0,0,0,0
26,timeout draw,60.00,0,0,0,0,0,0,0,0,0,0
27,timeout draw,60.00,0,0,0,0,0,0,0,0,0,0
28,timeout draw,60.00,0,0,0,0,0,0,0,0,0,0
29,AgentA wins,44.00,0,0,0,0,0,0,0,0,0,0
30,AgentB wins,48.67,0,0,0,0,0,0,0,0,0,0
21,AgentA wins,24.00,0,0,0,0,0,0,0,0,0,0
22,AgentB wins,20.67,0,0,0,0,0,0,0,0,0,0
23,AgentA wins,49.00,0,0,0,0,0,0,0,0,0,0
24,AgentB wins,33.67,0,0,0,0,0,0,0,0,0,0
25,AgentA wins,28.67,0,0,0,0,0,0,0,0,0,0
26,timeout draw,60.33,0,0,0,0,0,0,0,0,0,0
27,timeout draw,60.00,0,0,0,0,0,0,0,0,0,0
28,AgentA wins,24.67,0,0,0,0,0,0,0,0,0,0
29,AgentA wins,28.67,0,0,0,0,0,0,0,0,0,0
30,AgentA wins,16.33,0,0,0,0,0,0,0,0,0,0
21,AgentA wins,19.67,0,0,0,0,0,0,0,0,0,0
22,timeout draw,60.00,0,0,0,0,0,0,0,0,0,0
23,AgentA wins,25.67,0,0,0,0,0,0,0,0,0,0
24,AgentA wins,27.67,0,0,0,0,0,0,0,0,0,0
25,AgentA wins,57.33,0,0,0,0,0,0,0,0,0,0
26,AgentA wins,42.33,0,0,0,0,0,0,0,0,0,0
27,timeout draw,60.00,0,0,0,0,0,0,0,0,0,0
28,timeout draw,60.00,0,0,0,0,0,0,0,0,0,0
29,timeout draw,60.00,0,0,0,0,0,0,0,0,0,0
30,timeout draw,60.00,0,0,0,0,0,0,0,0,0,0
41,AgentA wins,28.33,0,0,0,0,0,0,0,0,0,0
42,AgentA wins,23.00,0,0,0,0,0,0,0,0,0,0
43,AgentA wins,28.33,0,0,0,0,0,0,0,0,0,0
44,AgentA wins,23.00,0,0,0,0,0,0,0,0,0,0
45,AgentA wins,26.00,0,0,0,0,0,0,0,0,0,0
46,AgentA wins,28.33,0,0,0,0,0,0,0,0,0,0
47,AgentA wins,28.33,0,0,0,0,0,0,0,0,0,0
48,AgentA wins,18.33,0,0,0,0,0,0,0,0,0,0
49,AgentA wins,23.00,0,0,0,0,0,0,0,0,0,0
50,AgentA wins,28.33,0,0,0,0,0,0,0,0,0,0
21,AgentA wins,19.33,0,0,0,0,0,0,0,0,0,0
22,AgentA wins,46.33,0,0,0,0,0,0,0,0,0,0
23,AgentA wins,18.67,0,0,0,0,0,0,0,0,0,0
24,AgentB wins,35.33,0,0,0,0,0,0,0,0,0,0
25,AgentA wins,25.67,0,0,0,0,0,0,0,0,0,0
26,AgentB wins,20.67,0,0,0,0,0,0,0,0,0,0
27,AgentA wins,23.00,0,0,0,0,0,0,0,0,0,0
28,timeout draw,60.00,0,0,0,0,0,0,0,0,0,0
29,AgentB wins,48.67,0,0,0,0,0,0,0,0,0,0
30,AgentA wins,47.67,0,0,0,0,0,0,0,0,0,0
31,AgentB wins,24.00,0,0,0,0,0,0,0,0,0,0
32,AgentA wins,21.67,0,0,0,0,0,0,0,0,0,0
33,AgentB wins,31.00,0,0,0,0,0,0,0,0,0,0
34,AgentA wins,41.00,0,0,0,0,0,0,0,0,0,0
35,AgentA wins,22.33,0,0,0,0,0,0,0,0,0,0
36,AgentA wins,28.00,0,0,0,0,0,0,0,0,0,0
37,AgentA wins,38.33,0,0,0,0,0,0,0,0,0,0
38,AgentA wins,29.67,0,0,0,0,0,0,0,0,0,0
39,AgentA wins,54.33,0,0,0,0,0,0,0,0,0,0
40,AgentA wins,31.33,0,0,0,0,0,0,0,0,0,0
41,AgentA wins,28.33,0,0,0,0,0,0,0,0,0,0
42,AgentA wins,28.33,0,0,0,0,0,0,0,0,0,0
43,AgentA wins,32.33,0,0,0,0,0,0,0,0,0,0
44,AgentA wins,23.00,0,0,0,0,0,0,0,0,0,0
45,AgentA wins,28.33,0,0,0,0,0,0,0,0,0,0
46,AgentA wins,23.00,0,0,0,0,0,0,0,0,0,0
47,AgentA wins,50.00,0,0,0,0,0,0,0,0,0,0
48,timeout draw,60.00,0,0,0,0,0,0,0,0,0,0
49,AgentA wins,21.00,0,0,0,0,0,0,0,0,0,0
50,AgentB wins,21.33,0,0,0,0,0,0,0,0,0,0
21,AgentA wins,37.00,0,0,0,0,0,0,0,0,0,0
22,timeout draw,60.00,0,0,0,0,0,0,0,0,0,0
23,AgentA wins,32.00,0,0,0,0,0,0,0,0,0,0
24,timeout draw,60.00,0,0,0,0,0,0,0,0,0,0
25,timeout draw,60.33,0,0,0,0,0,0,0,0,0,0
26,AgentA wins,32.33,0,0,0,0,0,0,0,0,0,0
27,AgentA wins,30.67,0,0,0,0,0,0,0,0,0,0
28,AgentA wins,40.33,0,0,0,0,0,0,0,0,0,0
29,timeout draw,60.00,0,0,0,0,0,0,0,0,0,0
30,AgentA wins,57.67,0,0,0,0,0,0,0,0,0,0
41,AgentA wins,23.00,0,0,0,0,0,0,0,0,0,0
42,AgentA wins,32.33,0,0,0,0,0,0,0,0,0,0
43,AgentA wins,28.33,0,0,0,0,0,0,0,0,0,0
44,AgentA wins,28.33,0,0,0,0,0,0,0,0,0,0
45,AgentA wins,29.00,0,0,0,0,0,0,0,0,0,0
46,AgentA wins,22.67,0,0,0,0,0,0,0,0,0,0
47,AgentA wins,31.33,0,0,0,0,0,0,0,0,0,0
48,AgentA wins,31.33,0,0,0,0,0,0,0,0,0,0
49,AgentA wins,23.00,0,0,0,0,0,0,0,0,0,0
50,AgentA wins,26.00,0,0,0,0,0,0,0,0,0,0
21,AgentA wins,25.67,0,0,0,0,0,0,0,0,0,0
22,AgentB wins,60.00,0,0,0,0,0,0,0,0,0,0
23,AgentA wins,25.00,0,0,0,0,0,0,0,0,0,0
24,timeout draw,60.00,0,0,0,0,0,0,0,0,0,0
25,timeout draw,60.00,0,0,0,0,0,0,0,0,0,0
26,timeout draw,60.33,0,0,0,0,0,0,0,0,0,0
27,timeout draw,60.00,0,0,0,0,0,0,0,0,0,0
28,AgentA wins,25.33,0,0,0,0,0,0,0,0,0,0
29,timeout draw,60.00,0,0,0,0,0,0,0,0,0,0
30,timeout draw,60.00,0,0,0,0,0,0,0,0,0,0
31,AgentA wins,31.33,0,0,0,0,0,0,0,0,0,0
32,AgentB wins,26.67,0,0,0,0,0,0,0,0,0,0
33,AgentA wins,48.33,0,0,0,0,0,0,0,0,0,0
34,AgentA wins,41.67,0,0,0,0,0,0,0,0,0,0
35,AgentA wins,45.33,0,0,0,0,0,0,0,0,0,0
36,AgentA wins,31.33,0,0,0,0,0,0,0,0,0,0
37,AgentB wins,27.00,0,0,0,0,0,0,0,0,0,0
38,timeout draw,60.00,0,0,0,0,0,0,0,0,0,0
39,AgentA wins,22.33,0,0,0,0,0,0,0,0,0,0
40,AgentA wins,51.33,0,0,0,0,0,0,0,0,0,0
31,AgentA wins,24.67,0,0,0,0,0,0,0,0,0,0
32,AgentA wins,28.00,0,0,0,0,0,0,0,0,0,0
33,AgentA wins,41.00,0,0,0,0,0,0,0,0,0,0
34,AgentA wins,41.00,0,0,0,0,0,0,0,0,0,0
35,AgentA wins,29.33,0,0,0,0,0,0,0,0,0,0
36,AgentB wins,21.33,0,0,0,0,0,0,0,0,0,0
37,timeout draw,60.00,0,0,0,0,0,0,0,0,0,0
38,AgentA wins,33.33,0,0,0,0,0,0,0,0,0,0
39,AgentA wins,21.67,0,0,0,0,0,0,0,0,0,0
40,AgentA wins,56.33,0,0,0,0,0,0,0,0,0,0
31,timeout draw,60.00,0,0,0,0,0,0,0,0,0,0
32,timeout draw,60.00,0,0,0,0,0,0,0,0,0,0
33,AgentA wins,28.67,0,0,0,0,0,0,0,0,0,0
34,AgentA wins,22.33,0,0,0,0,0,0,0,0,0,0
35,AgentA wins,22.33,0,0,0,0,0,0,0,0,0,0
36,AgentB wins,27.00,0,0,0,0,0,0,0,0,0,0
37,AgentB wins,48.67,0,0,0,0,0,0,0,0,0,0
38,AgentA wins,29.67,0,0,0,0,0,0,0,0,0,0
39,AgentB wins,38.67,0,0,0,0,0,0,0,0,0,0
40,timeout draw,60.00,0,0,0,0,0,0,0,0,0,0
31,AgentA wins,27.67,0,0,0,0,0,0,0,0,0,0
32,AgentA wins,21.67,0,0,0,0,0,0,0,0,0,0
33,AgentA wins,25.33,0,0,0,0,0,0,0,0,0,0
34,AgentA wins,26.67,0,0,0,0,0,0,0,0,0,0
35,AgentA wins,32.33,0,0,0,0,0,0,0,0,0,0
36,AgentA wins,35.00,0,0,0,0,0,0,0,0,0,0
37,AgentA wins,31.00,0,0,0,0,0,0,0,0,0,0
38,AgentA wins,28.67,0,0,0,0,0,0,0,0,0,0
39,AgentA wins,25.67,0,0,0,0,0,0,0,0,0,0
40,AgentA wins,20.00,0,0,0,0,0,0,0,0,0,0
31,AgentA wins,52.00,0,0,0,0,0,0,0,0,0,0
32,AgentA wins,23.00,0,0,0,0,0,0,0,0,0,0
33,AgentA wins,19.67,0,0,0,0,0,0,0,0,0,0
34,AgentA wins,25.67,0,0,0,0,0,0,0,0,0,0
35,timeout draw,60.00,0,0,0,0,0,0,0,0,0,0
36,AgentA wins,47.00,0,0,0,0,0,0,0,0,0,0
37,AgentA wins,44.00,0,0,0,0,0,0,0,0,0,0
38,AgentA wins,27.33,0,0,0,0,0,0,0,0,0,0
39,AgentA wins,22.00,0,0,0,0,0,0,0,0,0,0
40,AgentA wins,25.33,0,0,0,0,0,0,0,0,0,0
31,timeout draw,60.00,0,0,0,0,0,0,0,0,0,0
32,timeout draw,60.33,0,0,0,0,0,0,0,0,0,0
33,AgentA wins,16.33,0,0,0,0,0,0,0,0,0,0
34,AgentA wins,34.00,0,0,0,0,0,0,0,0,0,0
35,timeout draw,60.00,0,0,0,0,0,0,0,0,0,0
36,AgentA wins,28.00,0,0,0,0,0,0,0,0,0,0
37,AgentA wins,21.67,0,0,0,0,0,0,0,0,0,0
38,AgentA wins,38.00,0,0,0,0,0,0,0,0,0,0
39,timeout draw,60.00,0,0,0,0,0,0,0,0,0,0
40,AgentA wins,39.67,0,0,0,0,0,0,0,0,0,0
31,AgentB wins,24.00,0,0,0,0,0,0,0,0,0,0
32,AgentB wins,23.67,0,0,0,0,0,0,0,0,0,0
33,AgentA wins,23.00,0,0,0,0,0,0,0,0,0,0
34,AgentA wins,27.00,0,0,0,0,0,0,0,0,0,0
35,AgentB wins,34.00,0,0,0,0,0,0,0,0,0,0
36,AgentB wins,23.67,0,0,0,0,0,0,0,0,0,0
37,AgentA wins,23.00,0,0,0,0,0,0,0,0,0,0
38,AgentA wins,19.33,0,0,0,0,0,0,0,0,0,0
39,timeout draw,60.00,0,0,0,0,0,0,0,0,0,0
40,AgentA wins,26.00,0,0,0,0,0,0,0,0,0,0
31,timeout draw,60.33,0,0,0,0,0,0,0,0,0,0
32,AgentB wins,42.00,0,0,0,0,0,0,0,0,0,0
33,AgentA wins,38.67,0,0,0,0,0,0,0,0,0,0
34,AgentA wins,29.67,0,0,0,0,0,0,0,0,0,0
35,AgentA wins,31.67,0,0,0,0,0,0,0,0,0,0
36,AgentA wins,24.67,0,0,0,0,0,0,0,0,0,0
37,AgentA wins,36.00,0,0,0,0,0,0,0,0,0,0
38,AgentA wins,41.33,0,0,0,0,0,0,0,0,0,0
39,AgentA wins,18.33,0,0,0,0,0,0,0,0,0,0
40,timeout draw,60.00,0,0,0,0,0,0,0,0,0,0
31,AgentA wins,25.33,0,0,0,0,0,0,0,0,0,0
32,AgentA wins,38.00,0,0,0,0,0,0,0,0,0,0
33,AgentA wins,23.67,0,0,0,0,0,0,0,0,0,0
34,AgentA wins,29.67,0,0,0,0,0,0,0,0,0,0
35,AgentA wins,31.00,0,0,0,0,0,0,0,0,0,0
36,AgentA wins,53.00,0,0,0,0,0,0,0,0,0,0
37,timeout draw,60.00,0,0,0,0,0,0,0,0,0,0
38,AgentB wins,54.67,0,0,0,0,0,0,0,0,0,0
39,AgentA wins,37.33,0,0,0,0,0,0,0,0,0,0
40,AgentA wins,22.00,0,0,0,0,0,0,0,0,0,0
31,AgentA wins,39.67,0,0,0,0,0,0,0,0,0,0
32,AgentA wins,35.33,0,0,0,0,0,0,0,0,0,0
33,AgentA wins,15.67,0,0,0,0,0,0,0,0,0,0
34,AgentA wins,26.00,0,0,0,0,0,0,0,0,0,0
35,AgentA wins,16.33,0,0,0,0,0,0,0,0,0,0
36,AgentA wins,21.67,0,0,0,0,0,0,0,0,0,0
37,AgentA wins,29.33,0,0,0,0,0,0,0,0,0,0
38,AgentA wins,23.00,0,0,0,0,0,0,0,0,0,0
39,AgentA wins,36.67,0,0,0,0,0,0,0,0,0,0
40,timeout draw,60.00,0,0,0,0,0,0,0,0,0,0
41,AgentB wins,20.67,0,0,0,0,0,0,0,0,0,0
42,AgentA wins,18.33,0,0,0,0,0,0,0,0,0,0
43,AgentA wins,23.00,0,0,0,0,0,0,0,0,0,0
44,AgentA wins,27.00,0,0,0,0,0,0,0,0,0,0
45,AgentA wins,31.33,0,0,0,0,0,0,0,0,0,0
46,AgentA wins,18.33,0,0,0,0,0,0,0,0,0,0
47,AgentA wins,23.00,0,0,0,0,0,0,0,0,0,0
48,AgentB wins,26.67,0,0,0,0,0,0,0,0,0,0
49,AgentA wins,32.00,0,0,0,0,0,0,0,0,0,0
50,AgentB wins,27.00,0,0,0,0,0,0,0,0,0,0
31,AgentA wins,16.33,0,0,0,0,0,0,0,0,0,0
32,AgentA wins,28.33,0,0,0,0,0,0,0,0,0,0
33,timeout draw,60.00,0,0,0,0,0,0,0,0,0,0
34,AgentA wins,45.67,0,0,0,0,0,0,0,0,0,0
35,AgentA wins,20.00,0,0,0,0,0,0,0,0,0,0
36,AgentA wins,23.00,0,0,0,0,0,0,0,0,0,0
37,AgentA wins,53.67,0,0,0,0,0,0,0,0,0,0
38,AgentA wins,19.33,0,0,0,0,0,0,0,0,0,0
39,AgentA wins,23.67,0,0,0,0,0,0,0,0,0,0
40,AgentA wins,36.67,0,0,0,0,0,0,0,0,0,0
31,AgentB wins,43.33,0,0,0,0,0,0,0,0,0,0
32,AgentA wins,36.33,0,0,0,0,0,0,0,0,0,0
33,AgentA wins,35.33,0,0,0,0,0,0,0,0,0,0
34,AgentA wins,50.00,0,0,0,0,0,0,0,0,0,0
35,AgentA wins,30.67,0,0,0,0,0,0,0,0,0,0
36,AgentB wins,40.00,0,0,0,0,0,0,0,0,0,0
37,AgentA wins,51.00,0,0,0,0,0,0,0,0,0,0
38,AgentA wins,37.67,0,0,0,0,0,0,0,0,0,0
39,AgentA wins,16.33,0,0,0,0,0,0,0,0,0,0
40,AgentA wins,23.00,0,0,0,0,0,0,0,0,0,0
31,AgentA wins,47.67,0,0,0,0,0,0,0,0,0,0
32,AgentA wins,23.00,0,0,0,0,0,0,0,0,0,0
33,AgentB wins,48.33,0,0,0,0,0,0,0,0,0,0
34,AgentA wins,30.00,0,0,0,0,0,0,0,0,0,0
35,AgentA wins,57.33,0,0,0,0,0,0,0,0,0,0
36,AgentA wins,27.00,0,0,0,0,0,0,0,0,0,0
37,AgentB wins,55.33,0,0,0,0,0,0,0,0,0,0
38,AgentA wins,34.33,0,0,0,0,0,0,0,0,0,0
39,AgentA wins,44.33,0,0,0,0,0,0,0,0,0,0
40,AgentA wins,21.67,0,0,0,0,0,0,0,0,0,0
31,AgentA wins,39.33,0,0,0,0,0,0,0,0,0,0
32,AgentA wins,23.00,0,0,0,0,0,0,0,0,0,0
33,AgentA wins,34.67,0,0,0,0,0,0,0,0,0,0
34,timeout draw,60.00,0,0,0,0,0,0,0,0,0,0
35,AgentA wins,23.33,0,0,0,0,0,0,0,0,0,0
36,AgentB wins,51.67,0,0,0,0,0,0,0,0,0,0
37,AgentA wins,47.67,0,0,0,0,0,0,0,0,0,0
38,timeout draw,60.00,0,0,0,0,0,0,0,0,0,0
39,AgentA wins,29.00,0,0,0,0,0,0,0,0,0,0
40,timeout draw,60.00,0,0,0,0,0,0,0,0,0,0
31,AgentA wins,34.33,0,0,0,0,0,0,0,0,0,0
32,AgentA wins,21.67,0,0,0,0,0,0,0,0,0,0
33,AgentA wins,58.00,0,0,0,0,0,0,0,0,0,0
34,AgentA wins,28.33,0,0,0,0,0,0,0,0,0,0
35,timeout draw,60.00,0,0,0,0,0,0,0,0,0,0
36,timeout draw,60.00,0,0,0,0,0,0,0,0,0,0
37,AgentA wins,16.67,0,0,0,0,0,0,0,0,0,0
38,AgentA wins,31.00,0,0,0,0,0,0,0,0,0,0
39,AgentA wins,28.33,0,0,0,0,0,0,0,0,0,0
40,AgentA wins,34.00,0,0,0,0,0,0,0,0,0,0
31,AgentA wins,16.00,0,0,0,0,0,0,0,0,0,0
32,AgentB wins,36.67,0,0,0,0,0,0,0,0,0,0
33,AgentB wins,39.67,0,0,0,0,0,0,0,0,0,0
34,AgentA wins,17.00,0,0,0,0,0,0,0,0,0,0
35,AgentB wins,46.00,0,0,0,0,0,0,0,0,0,0
36,AgentA wins,29.00,0,0,0,0,0,0,0,0,0,0
37,timeout draw,60.00,0,0,0,0,0,0,0,0,0,0
38,timeout draw,60.00,0,0,0,0,0,0,0,0,0,0
39,AgentA wins,26.00,0,0,0,0,0,0,0,0,0,0
40,AgentA wins,21.00,0,0,0,0,0,0,0,0,0,0
31,timeout draw,60.00,0,0,0,0,0,0,0,0,0,0
32,AgentA wins,25.33,0,0,0,0,0,0,0,0,0,0
33,AgentA wins,31.00,0,0,0,0,0,0,0,0,0,0
34,timeout draw,60.00,0,0,0,0,0,0,0,0,0,0
35,AgentA wins,19.33,0,0,0,0,0,0,0,0,0,0
36,timeout draw,60.00,0,0,0,0,0,0,0,0,0,0
37,AgentA wins,40.33,0,0,0,0,0,0,0,0,0,0
38,AgentA wins,36.33,0,0,0,0,0,0,0,0,0,0
39,AgentA wins,28.33,0,0,0,0,0,0,0,0,0,0
40,AgentA wins,22.33,0,0,0,0,0,0,0,0,0,0
31,AgentA wins,31.33,0,0,0,0,0,0,0,0,0,0
32,timeout draw,60.00,0,0,0,0,0,0,0,0,0,0
33,AgentA wins,41.00,0,0,0,0,0,0,0,0,0,0
34,AgentA wins,40.33,0,0,0,0,0,0,0,0,0,0
35,timeout draw,60.00,0,0,0,0,0,0,0,0,0,0
36,timeout draw,60.00,0,0,0,0,0,0,0,0,0,0
37,AgentB wins,42.00,0,0,0,0,0,0,0,0,0,0
38,AgentA wins,50.00,0,0,0,0,0,0,0,0,0,0
39,AgentA wins,23.00,0,0,0,0,0,0,0,0,0,0
40,AgentA wins,28.67,0,0,0,0,0,0,0,0,0,0
31,timeout draw,60.00,0,0,0,0,0,0,0,0,0,0
32,AgentA wins,43.33,0,0,0,0,0,0,0,0,0,0
33,AgentA wins,34.67,0,0,0,0,0,0,0,0,0,0
34,AgentA wins,27.67,0,0,0,0,0,0,0,0,0,0
35,AgentA wins,23.00,0,0,0,0,0,0,0,0,0,0
36,AgentA wins,26.00,0,0,0,0,0,0,0,0,0,0
37,AgentA wins,33.00,0,0,0,0,0,0,0,0,0,0
38,AgentA wins,34.33,0,0,0,0,0,0,0,0,0,0
39,AgentA wins,26.00,0,0,0,0,0,0,0,0,0,0
40,AgentA wins,22.33,0,0,0,0,0,0,0,0,0,0
31,AgentA wins,51.00,0,0,0,0,0,0,0,0,0,0
32,AgentA wins,25.33,0,0,0,0,0,0,0,0,0,0
33,AgentA wins,26.00,0,0,0,0,0,0,0,0,0,0
34,AgentA wins,28.67,0,0,0,0,0,0,0,0,0,0
35,AgentA wins,19.67,0,0,0,0,0,0,0,0,0,0
36,AgentA wins,26.67,0,0,0,0,0,0,0,0,0,0
37,AgentA wins,20.67,0,0,0,0,0,0,0,0,0,0
38,AgentA wins,28.67,0,0,0,0,0,0,0,0,0,0
39,AgentA wins,19.33,0,0,0,0,0,0,0,0,0,0
40,AgentA wins,27.33,0,0,0,0,0,0,0,0,0,0
31,timeout draw,60.00,0,0,0,0,0,0,0,0,0,0
32,timeout draw,60.00,0,0,0,0,0,0,0,0,0,0
33,AgentB wins,28.67,0,0,0,0,0,0,0,0,0,0
34,timeout draw,60.00,0,0,0,0,0,0,0,0,0,0
35,AgentA wins,57.00,0,0,0,0,0,0,0,0,0,0
36,AgentA wins,42.00,0,0,0,0,0,0,0,0,0,0
37,AgentA wins,32.67,0,0,0,0,0,0,0,0,0,0
38,AgentA wins,25.67,0,0,0,0,0,0,0,0,0,0
39,AgentA wins,21.33,0,0,0,0,0,0,0,0,0,0
40,AgentA wins,32.67,0,0,0,0,0,0,0,0,0,0
31,AgentA wins,52.33,0,0,0,0,0,0,0,0,0,0
32,AgentA wins,19.33,0,0,0,0,0,0,0,0,0,0
33,AgentA wins,44.00,0,0,0,0,0,0,0,0,0,0
34,timeout draw,60.00,0,0,0,0,0,0,0,0,0,0
35,AgentA wins,51.33,0,0,0,0,0,0,0,0,0,0
36,AgentA wins,30.67,0,0,0,0,0,0,0,0,0,0
37,timeout draw,60.00,0,0,0,0,0,0,0,0,0,0
38,AgentA wins,33.00,0,0,0,0,0,0,0,0,0,0
39,AgentA wins,46.67,0,0,0,0,0,0,0,0,0,0
40,AgentA wins,24.67,0,0,0,0,0,0,0,0,0,0
51,AgentA wins,28.33,0,0,0,0,0,0,0,0,0,0
52,AgentA wins,51.67,0,0,0,0,0,0,0,0,0,0
53,AgentA wins,22.67,0,0,0,0,0,0,0,0,0,0
54,AgentA wins,18.33,0,0,0,0,0,0,0,0,0,0
55,AgentA wins,26.00,0,0,0,0,0,0,0,0,0,0
56,AgentA wins,25.00,0,0,0,0,0,0,0,0,0,0
57,AgentA wins,26.00,0,0,0,0,0,0,0,0,0,0
58,AgentA wins,26.00,0,0,0,0,0,0,0,0,0,0
59,AgentA wins,18.33,0,0,0,0,0,0,0,0,0,0
60,AgentA wins,26.00,0,0,0,0,0,0,0,0,0,0
41,AgentA wins,24.33,306,272,51,99,0,195,0,20,54,29
42,AgentA wins,39.00,495,449,79,156,0,308,0,35,81,57
43,AgentB wins,48.67,608,561,101,174,0,353,0,39,115,68
44,AgentA wins,47.67,594,553,92,160,0,305,0,52,96,58
45,AgentA wins,44.00,559,510,81,191,0,322,0,39,84,64
46,AgentA wins,30.00,378,348,56,117,0,226,0,31,64,47
47,AgentA wins,22.33,282,258,46,95,0,167,0,28,45,36
48,AgentA wins,27.00,346,322,46,124,0,203,0,29,60,28
49,timeout draw,60.00,769,703,102,295,0,482,0,74,124,85
50,AgentA wins,22.33,286,267,38,112,0,174,0,25,50,27
51,AgentA wins,31.33,0,0,0,0,0,0,0,0,0,0
52,AgentA wins,26.00,0,0,0,0,0,0,0,0,0,0
53,AgentA wins,31.33,0,0,0,0,0,0,0,0,0,0
54,AgentA wins,31.33,0,0,0,0,0,0,0,0,0,0
55,AgentA wins,23.00,0,0,0,0,0,0,0,0,0,0
56,AgentB wins,20.67,0,0,0,0,0,0,0,0,0,0
57,AgentA wins,23.00,0,0,0,0,0,0,0,0,0,0
58,AgentA wins,28.33,0,0,0,0,0,0,0,0,0,0
59,AgentA wins,22.67,0,0,0,0,0,0,0,0,0,0
60,AgentB wins,20.67,0,0,0,0,0,0,0,0,0,0
31,timeout draw,60.00,0,0,0,0,0,0,0,0,0,0
32,AgentA wins,37.67,0,0,0,0,0,0,0,0,0,0
33,AgentA wins,23.00,0,0,0,0,0,0,0,0,0,0
34,AgentA wins,23.00,0,0,0,0,0,0,0,0,0,0
35,AgentA wins,18.33,0,0,0,0,0,0,0,0,0,0
36,AgentB wins,20.67,0,0,0,0,0,0,0,0,0,0
37,AgentA wins,19.33,0,0,0,0,0,0,0,0,0,0
38,AgentA wins,26.00,0,0,0,0,0,0,0,0,0,0
39,AgentA wins,30.67,0,0,0,0,0,0,0,0,0,0
40,AgentB wins,21.00,0,0,0,0,0,0,0,0,0,0
31,AgentA wins,23.00,0,0,0,0,0,0,0,0,0,0
32,timeout draw,60.00,0,0,0,0,0,0,0,0,0,0
33,AgentB wins,44.67,0,0,0,0,0,0,0,0,0,0
34,AgentA wins,42.33,0,0,0,0,0,0,0,0,0,0
35,timeout draw,60.00,0,0,0,0,0,0,0,0,0,0
36,AgentB wins,21.00,0,0,0,0,0,0,0,0,0,0
37,AgentA wins,23.00,0,0,0,0,0,0,0,0,0,0
38,AgentA wins,42.00,0,0,0,0,0,0,0,0,0,0
39,AgentB wins,23.67,0,0,0,0,0,0,0,0,0,0
40,AgentB wins,20.67,0,0,0,0,0,0,0,0,0,0
31,AgentA wins,39.67,0,0,0,0,0,0,0,0,0,0
32,timeout draw,60.00,0,0,0,0,0,0,0,0,0,0
33,AgentA wins,32.33,0,0,0,0,0,0,0,0,0,0
34,timeout draw,60.00,0,0,0,0,0,0,0,0,0,0
35,timeout draw,60.00,0,0,0,0,0,0,0,0,0,0
36,AgentA wins,59.33,0,0,0,0,0,0,0,0,0,0
37,timeout draw,60.00,0,0,0,0,0,0,0,0,0,0
38,timeout draw,60.00,0,0,0,0,0,0,0,0,0,0
39,AgentA wins,48.67,0,0,0,0,0,0,0,0,0,0
40,timeout draw,60.00,0,0,0,0,0,0,0,0,0,0
31,timeout draw,60.00,0,0,0,0,0,0,0,0,0,0
32,timeout draw,60.00,0,0,0,0,0,0,0,0,0,0
33,timeout draw,60.00,0,0,0,0,0,0,0,0,0,0
34,timeout draw,60.00,0,0,0,0,0,0,0,0,0,0
35,AgentA wins,22.33,0,0,0,0,0,0,0,0,0,0
36,AgentA wins,54.67,0,0,0,0,0,0,0,0,0,0
37,AgentA wins,23.00,0,0,0,0,0,0,0,0,0,0
38,AgentA wins,18.33,0,0,0,0,0,0,0,0,0,0
39,AgentA wins,30.67,0,0,0,0,0,0,0,0,0,0
40,AgentA wins,37.00,0,0,0,0,0,0,0,0,0,0
51,AgentA wins,25.67,0,0,0,0,0,0,0,0,0,0
52,AgentA wins,23.00,0,0,0,0,0,0,0,0,0,0
53,AgentA wins,18.33,0,0,0,0,0,0,0,0,0,0
54,timeout draw,60.00,0,0,0,0,0,0,0,0,0,0
55,AgentA wins,18.33,0,0,0,0,0,0,0,0,0,0
56,AgentA wins,21.67,0,0,0,0,0,0,0,0,0,0
57,timeout draw,60.00,0,0,0,0,0,0,0,0,0,0
58,timeout draw,60.00,0,0,0,0,0,0,0,0,0,0
59,timeout draw,60.00,0,0,0,0,0,0,0,0,0,0
60,AgentA wins,33.00,0,0,0,0,0,0,0,0,0,0
31,AgentA wins,16.33,0,0,0,0,0,0,0,0,0,0
32,AgentA wins,29.00,0,0,0,0,0,0,0,0,0,0
33,AgentB wins,34.00,0,0,0,0,0,0,0,0,0,0
34,timeout draw,60.00,0,0,0,0,0,0,0,0,0,0
35,AgentA wins,56.67,0,0,0,0,0,0,0,0,0,0
36,AgentA wins,34.33,0,0,0,0,0,0,0,0,0,0
37,AgentA wins,41.00,0,0,0,0,0,0,0,0,0,0
38,timeout draw,60.00,0,0,0,0,0,0,0,0,0,0
39,timeout draw,60.00,0,0,0,0,0,0,0,0,0,0
40,AgentA wins,37.33,0,0,0,0,0,0,0,0,0,0
31,timeout draw,60.00,0,0,0,0,0,0,0,0,0,0
32,AgentA wins,57.00,0,0,0,0,0,0,0,0,0,0
33,timeout draw,60.00,0,0,0,0,0,0,0,0,0,0
34,AgentA wins,43.33,0,0,0,0,0,0,0,0,0,0
35,AgentA wins,25.33,0,0,0,0,0,0,0,0,0,0
36,AgentA wins,16.33,0,0,0,0,0,0,0,0,0,0
37,AgentB wins,21.33,0,0,0,0,0,0,0,0,0,0
38,AgentA wins,28.33,0,0,0,0,0,0,0,0,0,0
39,AgentA wins,34.67,0,0,0,0,0,0,0,0,0,0
40,AgentA wins,21.00,0,0,0,0,0,0,0,0,0,0
31,timeout draw,60.00,0,0,0,0,0,0,0,0,0,0
32,AgentA wins,23.00,0,0,0,0,0,0,0,0,0,0
33,AgentA wins,28.33,0,0,0,0,0,0,0,0,0,0
34,AgentA wins,23.00,0,0,0,0,0,0,0,0,0,0
35,AgentA wins,15.67,0,0,0,0,0,0,0,0,0,0
36,timeout draw,60.00,0,0,0,0,0,0,0,0,0,0
37,timeout draw,60.00,0,0,0,0,0,0,0,0,0,0
38,AgentA wins,26.33,0,0,0,0,0,0,0,0,0,0
39,timeout draw,60.00,0,0,0,0,0,0,0,0,0,0
40,timeout draw,60.00,0,0,0,0,0,0,0,0,0,0
41,AgentA wins,23.67,0,0,0,0,0,0,0,0,0,0
42,AgentB wins,21.67,0,0,0,0,0,0,0,0,0,0
43,AgentA wins,33.67,0,0,0,0,0,0,0,0,0,0
44,AgentA wins,24.33,0,0,0,0,0,0,0,0,0,0
45,AgentA wins,29.33,0,0,0,0,0,0,0,0,0,0
46,AgentA wins,40.33,0,0,0,0,0,0,0,0,0,0
47,AgentA wins,25.33,0,0,0,0,0,0,0,0,0,0
48,AgentA wins,19.33,0,0,0,0,0,0,0,0,0,0
49,AgentA wins,21.33,0,0,0,0,0,0,0,0,0,0
50,AgentA wins,36.33,0,0,0,0,0,0,0,0,0,0
41,AgentA wins,32.33,0,0,0,0,0,0,0,0,0,0
42,AgentA wins,33.00,0,0,0,0,0,0,0,0,0,0
43,AgentA wins,22.67,0,0,0,0,0,0,0,0,0,0
44,AgentA wins,18.33,0,0,0,0,0,0,0,0,0,0
45,AgentB wins,25.00,0,0,0,0,0,0,0,0,0,0
46,AgentA wins,22.33,0,0,0,0,0,0,0,0,0,0
47,AgentA wins,25.00,0,0,0,0,0,0,0,0,0,0
48,AgentA wins,35.67,0,0,0,0,0,0,0,0,0,0
49,AgentA wins,21.00,0,0,0,0,0,0,0,0,0,0
50,AgentA wins,33.67,0,0,0,0,0,0,0,0,0,0
51,AgentB wins,38.33,0,0,0,0,0,0,0,0,0,0
52,AgentA wins,22.67,0,0,0,0,0,0,0,0,0,0
53,AgentA wins,18.33,0,0,0,0,0,0,0,0,0,0
54,AgentA wins,23.00,0,0,0,0,0,0,0,0,0,0
55,AgentA wins,26.67,0,0,0,0,0,0,0,0,0,0
56,AgentA wins,23.00,0,0,0,0,0,0,0,0,0,0
57,AgentA wins,31.67,0,0,0,0,0,0,0,0,0,0
58,AgentA wins,18.33,0,0,0,0,0,0,0,0,0,0
59,AgentA wins,28.33,0,0,0,0,0,0,0,0,0,0
60,AgentA wins,18.33,0,0,0,0,0,0,0,0,0,0
41,AgentA wins,31.67,0,0,0,0,0,0,0,0,0,0
42,AgentA wins,16.33,0,0,0,0,0,0,0,0,0,0
43,AgentA wins,23.00,0,0,0,0,0,0,0,0,0,0
44,AgentB wins,54.67,0,0,0,0,0,0,0,0,0,0
45,AgentA wins,22.33,0,0,0,0,0,0,0,0,0,0
46,AgentA wins,25.33,0,0,0,0,0,0,0,0,0,0
47,AgentA wins,23.00,0,0,0,0,0,0,0,0,0,0
48,AgentA wins,31.67,0,0,0,0,0,0,0,0,0,0
49,AgentA wins,30.67,0,0,0,0,0,0,0,0,0,0
50,AgentA wins,23.67,0,0,0,0,0,0,0,0,0,0
41,AgentA wins,38.00,0,0,0,0,0,0,0,0,0,0
42,AgentA wins,16.33,0,0,0,0,0,0,0,0,0,0
43,AgentA wins,44.33,0,0,0,0,0,0,0,0,0,0
44,AgentA wins,35.67,0,0,0,0,0,0,0,0,0,0
45,AgentB wins,21.00,0,0,0,0,0,0,0,0,0,0
46,AgentB wins,55.33,0,0,0,0,0,0,0,0,0,0
47,AgentA wins,27.00,0,0,0,0,0,0,0,0,0,0
48,AgentA wins,19.67,0,0,0,0,0,0,0,0,0,0
49,AgentA wins,29.00,0,0,0,0,0,0,0,0,0,0
50,AgentB wins,24.33,0,0,0,0,0,0,0,0,0,0
41,timeout draw,60.00,0,0,0,0,0,0,0,0,0,0
42,timeout draw,60.00,0,0,0,0,0,0,0,0,0,0
43,timeout draw,60.00,0,0,0,0,0,0,0,0,0,0
44,AgentA wins,32.67,0,0,0,0,0,0,0,0,0,0
45,AgentB wins,23.33,0,0,0,0,0,0,0,0,0,0
46,timeout draw,60.00,0,0,0,0,0,0,0,0,0,0
47,timeout draw,60.00,0,0,0,0,0,0,0,0,0,0
48,AgentA wins,52.00,0,0,0,0,0,0,0,0,0,0
49,AgentA wins,22.67,0,0,0,0,0,0,0,0,0,0
50,AgentA wins,30.67,0,0,0,0,0,0,0,0,0,0
41,timeout draw,60.00,0,0,0,0,0,0,0,0,0,0
42,AgentA wins,28.33,0,0,0,0,0,0,0,0,0,0
43,AgentA wins,27.33,0,0,0,0,0,0,0,0,0,0
44,AgentA wins,19.00,0,0,0,0,0,0,0,0,0,0
45,AgentB wins,51.67,0,0,0,0,0,0,0,0,0,0
46,AgentB wins,31.00,0,0,0,0,0,0,0,0,0,0
47,AgentA wins,22.33,0,0,0,0,0,0,0,0,0,0
48,AgentA wins,20.00,0,0,0,0,0,0,0,0,0,0
49,AgentA wins,25.00,0,0,0,0,0,0,0,0,0,0
50,AgentA wins,31.00,0,0,0,0,0,0,0,0,0,0
41,AgentB wins,34.33,0,0,0,0,0,0,0,0,0,0
42,timeout draw,60.00,0,0,0,0,0,0,0,0,0,0
43,AgentA wins,16.67,0,0,0,0,0,0,0,0,0,0
44,AgentB wins,27.00,0,0,0,0,0,0,0,0,0,0
45,AgentA wins,25.33,0,0,0,0,0,0,0,0,0,0
46,AgentB wins,47.33,0,0,0,0,0,0,0,0,0,0
47,AgentA wins,38.00,0,0,0,0,0,0,0,0,0,0
48,AgentA wins,19.33,0,0,0,0,0,0,0,0,0,0
49,AgentA wins,40.67,0,0,0,0,0,0,0,0,0,0
50,AgentA wins,29.33,0,0,0,0,0,0,0,0,0,0
41,AgentA wins,27.33,0,0,0,0,0,0,0,0,0,0
42,AgentB wins,24.67,0,0,0,0,0,0,0,0,0,0
43,AgentA wins,40.33,0,0,0,0,0,0,0,0,0,0
44,timeout draw,60.00,0,0,0,0,0,0,0,0,0,0
45,AgentA wins,31.67,0,0,0,0,0,0,0,0,0,0
46,AgentB wins,37.00,0,0,0,0,0,0,0,0,0,0
47,AgentA wins,39.00,0,0,0,0,0,0,0,0,0,0
48,AgentA wins,15.67,0,0,0,0,0,0,0,0,0,0
49,AgentA wins,25.33,0,0,0,0,0,0,0,0,0,0
50,AgentA wins,58.00,0,0,0,0,0,0,0,0,0,0
31,timeout draw,60.00,0,0,0,0,0,0,0,0,0,0
32,timeout draw,60.00,0,0,0,0,0,0,0,0,0,0
33,AgentB wins,59.33,0,0,0,0,0,0,0,0,0,0
34,timeout draw,60.00,0,0,0,0,0,0,0,0,0,0
35,timeout draw,60.00,0,0,0,0,0,0,0,0,0,0
36,AgentA wins,33.67,0,0,0,0,0,0,0,0,0,0
37,timeout draw,60.00,0,0,0,0,0,0,0,0,0,0
38,AgentA wins,40.33,0,0,0,0,0,0,0,0,0,0
39,AgentA wins,56.67,0,0,0,0,0,0,0,0,0,0
40,timeout draw,60.00,0,0,0,0,0,0,0,0,0,0
41,AgentA wins,25.33,0,0,0,0,0,0,0,0,0,0
42,timeout draw,60.00,0,0,0,0,0,0,0,0,0,0
43,AgentA wins,22.67,0,0,0,0,0,0,0,0,0,0
44,AgentA wins,28.00,0,0,0,0,0,0,0,0,0,0
45,AgentB wins,24.00,0,0,0,0,0,0,0,0,0,0
46,AgentA wins,29.67,0,0,0,0,0,0,0,0,0,0
47,AgentA wins,25.33,0,0,0,0,0,0,0,0,0,0
48,AgentA wins,23.00,0,0,0,0,0,0,0,0,0,0
49,timeout draw,60.00,0,0,0,0,0,0,0,0,0,0
50,AgentB wins,20.67,0,0,0,0,0,0,0,0,0,0
41,AgentA wins,38.67,0,0,0,0,0,0,0,0,0,0
42,AgentA wins,47.00,0,0,0,0,0,0,0,0,0,0
43,AgentA wins,37.00,0,0,0,0,0,0,0,0,0,0
44,AgentA wins,19.33,0,0,0,0,0,0,0,0,0,0
45,AgentA wins,39.67,0,0,0,0,0,0,0,0,0,0
46,AgentB wins,33.33,0,0,0,0,0,0,0,0,0,0
47,AgentA wins,47.33,0,0,0,0,0,0,0,0,0,0
48,AgentA wins,25.33,0,0,0,0,0,0,0,0,0,0
49,AgentA wins,51.33,0,0,0,0,0,0,0,0,0,0
50,AgentA wins,20.33,0,0,0,0,0,0,0,0,0,0
41,AgentA wins,38.00,0,0,0,0,0,0,0,0,0,0
42,timeout draw,60.00,0,0,0,0,0,0,0,0,0,0
43,AgentA wins,19.67,0,0,0,0,0,0,0,0,0,0
44,AgentA wins,46.67,0,0,0,0,0,0,0,0,0,0
45,AgentA wins,37.67,0,0,0,0,0,0,0,0,0,0
46,AgentA wins,39.00,0,0,0,0,0,0,0,0,0,0
47,AgentA wins,21.00,0,0,0,0,0,0,0,0,0,0
48,AgentA wins,28.33,0,0,0,0,0,0,0,0,0,0
49,timeout draw,60.00,0,0,0,0,0,0,0,0,0,0
50,AgentA wins,43.67,0,0,0,0,0,0,0,0,0,0
41,timeout draw,60.00,0,0,0,0,0,0,0,0,0,0
42,AgentA wins,25.33,0,0,0,0,0,0,0,0,0,0
43,AgentA wins,26.00,0,0,0,0,0,0,0,0,0,0
44,AgentB wins,27.67,0,0,0,0,0,0,0,0,0,0
45,timeout draw,60.00,0,0,0,0,0,0,0,0,0,0
46,AgentA wins,36.33,0,0,0,0,0,0,0,0,0,0
47,AgentB wins,29.00,0,0,0,0,0,0,0,0,0,0
48,AgentA wins,21.33,0,0,0,0,0,0,0,0,0,0
49,AgentA wins,22.67,0,0,0,0,0,0,0,0,0,0
50,AgentA wins,37.67,0,0,0,0,0,0,0,0,0,0
61,AgentB wins,21.00,0,0,0,0,0,0,0,0,0,0
62,AgentA wins,18.33,0,0,0,0,0,0,0,0,0,0
63,AgentA wins,28.67,0,0,0,0,0,0,0,0,0,0
64,AgentA wins,27.67,0,0,0,0,0,0,0,0,0,0
65,AgentA wins,17.67,0,0,0,0,0,0,0,0,0,0
66,AgentB wins,20.67,0,0,0,0,0,0,0,0,0,0
67,AgentA wins,18.33,0,0,0,0,0,0,0,0,0,0
68,AgentB wins,27.67,0,0,0,0,0,0,0,0,0,0
69,AgentA wins,22.33,0,0,0,0,0,0,0,0,0,0
70,AgentA wins,18.33,0,0,0,0,0,0,0,0,0,0
41,timeout draw,60.00,0,0,0,0,0,0,0,0,0,0
42,timeout draw,60.00,0,0,0,0,0,0,0,0,0,0
43,AgentA wins,17.00,0,0,0,0,0,0,0,0,0,0
44,AgentA wins,19.33,0,0,0,0,0,0,0,0,0,0
45,timeout draw,60.00,0,0,0,0,0,0,0,0,0,0
46,AgentA wins,54.33,0,0,0,0,0,0,0,0,0,0
47,AgentA wins,19.33,0,0,0,0,0,0,0,0,0,0
48,AgentB wins,53.33,0,0,0,0,0,0,0,0,0,0
49,timeout draw,60.00,0,0,0,0,0,0,0,0,0,0
50,AgentA wins,19.33,0,0,0,0,0,0,0,0,0,0
41,AgentA wins,56.00,0,0,0,0,0,0,0,0,0,0
42,AgentA wins,18.67,0,0,0,0,0,0,0,0,0,0
43,AgentA wins,48.33,0,0,0,0,0,0,0,0,0,0
44,AgentA wins,31.00,0,0,0,0,0,0,0,0,0,0
45,AgentA wins,22.00,0,0,0,0,0,0,0,0,0,0
46,AgentB wins,46.33,0,0,0,0,0,0,0,0,0,0
47,AgentA wins,25.67,0,0,0,0,0,0,0,0,0,0
48,AgentA wins,41.33,0,0,0,0,0,0,0,0,0,0
49,AgentA wins,23.00,0,0,0,0,0,0,0,0,0,0
50,AgentA wins,16.00,0,0,0,0,0,0,0,0,0,0
61,AgentA wins,20.67,0,0,0,0,0,0,0,0,0,0
62,AgentA wins,18.33,0,0,0,0,0,0,0,0,0,0
63,AgentA wins,18.33,0,0,0,0,0,0,0,0,0,0
64,AgentA wins,23.00,0,0,0,0,0,0,0,0,0,0
65,AgentA wins,28.33,0,0,0,0,0,0,0,0,0,0
66,AgentA wins,32.00,0,0,0,0,0,0,0,0,0,0
67,AgentA wins,17.67,0,0,0,0,0,0,0,0,0,0
68,AgentA wins,20.67,0,0,0,0,0,0,0,0,0,0
69,AgentA wins,25.33,0,0,0,0,0,0,0,0,0,0
70,AgentA wins,22.33,0,0,0,0,0,0,0,0,0,0
41,AgentA wins,35.00,0,0,0,0,0,0,0,0,0,0
42,AgentA wins,31.33,0,0,0,0,0,0,0,0,0,0
43,AgentA wins,18.33,0,0,0,0,0,0,0,0,0,0
44,AgentA wins,18.33,0,0,0,0,0,0,0,0,0,0
45,AgentA wins,24.67,0,0,0,0,0,0,0,0,0,0
46,AgentB wins,30.33,0,0,0,0,0,0,0,0,0,0
47,AgentA wins,18.33,0,0,0,0,0,0,0,0,0,0
48,AgentA wins,34.33,0,0,0,0,0,0,0,0,0,0
49,AgentA wins,33.00,0,0,0,0,0,0,0,0,0,0
50,AgentA wins,17.67,0,0,0,0,0,0,0,0,0,0
41,AgentA wins,19.33,0,0,0,0,0,0,0,0,0,0
42,AgentA wins,60.00,0,0,0,0,0,0,0,0,0,0
43,AgentA wins,16.33,0,0,0,0,0,0,0,0,0,0
44,AgentA wins,30.33,0,0,0,0,0,0,0,0,0,0
45,timeout draw,60.00,0,0,0,0,0,0,0,0,0,0
46,AgentA wins,28.00,0,0,0,0,0,0,0,0,0,0
47,AgentA wins,18.33,0,0,0,0,0,0,0,0,0,0
48,AgentA wins,28.00,0,0,0,0,0,0,0,0,0,0
49,timeout draw,60.00,0,0,0,0,0,0,0,0,0,0
50,AgentA wins,22.33,0,0,0,0,0,0,0,0,0,0
41,AgentA wins,22.33,0,0,0,0,0,0,0,0,0,0
42,AgentA wins,26.00,0,0,0,0,0,0,0,0,0,0
43,AgentA wins,33.67,0,0,0,0,0,0,0,0,0,0
44,timeout draw,60.00,0,0,0,0,0,0,0,0,0,0
45,AgentA wins,37.00,0,0,0,0,0,0,0,0,0,0
46,AgentA wins,45.33,0,0,0,0,0,0,0,0,0,0
47,AgentB wins,27.00,0,0,0,0,0,0,0,0,0,0
48,AgentA wins,19.33,0,0,0,0,0,0,0,0,0,0
49,AgentA wins,26.33,0,0,0,0,0,0,0,0,0,0
50,AgentA wins,32.00,0,0,0,0,0,0,0,0,0,0
41,AgentB wins,41.00,0,0,0,0,0,0,0,0,0,0
42,AgentA wins,35.00,0,0,0,0,0,0,0,0,0,0
43,AgentA wins,36.67,0,0,0,0,0,0,0,0,0,0
44,AgentA wins,45.33,0,0,0,0,0,0,0,0,0,0
45,timeout draw,60.00,0,0,0,0,0,0,0,0,0,0
46,timeout draw,60.00,0,0,0,0,0,0,0,0,0,0
47,AgentA wins,21.33,0,0,0,0,0,0,0,0,0,0
48,AgentA wins,26.67,0,0,0,0,0,0,0,0,0,0
49,AgentA wins,24.67,0,0,0,0,0,0,0,0,0,0
50,AgentA wins,24.67,0,0,0,0,0,0,0,0,0,0
41,AgentA wins,25.67,0,0,0,0,0,0,0,0,0,0
42,AgentA wins,24.67,0,0,0,0,0,0,0,0,0,0
43,AgentB wins,29.67,0,0,0,0,0,0,0,0,0,0
44,AgentB wins,21.00,0,0,0,0,0,0,0,0,0,0
45,AgentB wins,24.67,0,0,0,0,0,0,0,0,0,0
46,AgentA wins,31.67,0,0,0,0,0,0,0,0,0,0
47,AgentB wins,24.67,0,0,0,0,0,0,0,0,0,0
48,AgentA wins,37.33,0,0,0,0,0,0,0,0,0,0
49,timeout draw,60.00,0,0,0,0,0,0,0,0,0,0
50,timeout draw,60.00,0,0,0,0,0,0,0,0,0,0
41,AgentA wins,16.33,0,0,0,0,0,0,0,0,0,0
42,timeout draw,60.00,0,0,0,0,0,0,0,0,0,0
43,AgentA wins,43.00,0,0,0,0,0,0,0,0,0,0
44,AgentA wins,18.33,0,0,0,0,0,0,0,0,0,0
45,AgentA wins,20.00,0,0,0,0,0,0,0,0,0,0
46,AgentB wins,48.33,0,0,0,0,0,0,0,0,0,0
47,AgentB wins,52.33,0,0,0,0,0,0,0,0,0,0
48,AgentA wins,22.33,0,0,0,0,0,0,0,0,0,0
49,AgentA wins,30.33,0,0,0,0,0,0,0,0,0,0
50,AgentA wins,18.33,0,0,0,0,0,0,0,0,0,0
51,AgentA wins,34.67,436,402,63,122,0,259,0,34,94,50
52,AgentA wins,25.33,320,293,47,105,0,218,0,21,56,41
53,AgentA wins,19.67,258,231,24,101,0,158,0,21,36,23
54,AgentA wins,19.33,253,225,25,106,0,171,0,24,41,34
55,AgentA wins,30.67,398,350,46,155,0,253,0,37,69,53
56,AgentA wins,38.67,484,433,65,174,0,321,0,52,86,54
57,AgentB wins,50.00,627,557,76,224,0,374,0,59,100,78
58,AgentA wins,35.00,444,383,65,198,0,309,0,57,81,49
59,AgentA wins,26.33,333,279,52,130,0,218,0,35,63,34
60,AgentA wins,21.67,280,228,24,123,0,188,0,32,44,32
41,AgentB wins,56.00,0,0,0,0,0,0,0,0,0,0
42,AgentB wins,20.67,0,0,0,0,0,0,0,0,0,0
43,AgentA wins,28.00,0,0,0,0,0,0,0,0,0,0
44,AgentA wins,23.33,0,0,0,0,0,0,0,0,0,0
45,AgentA wins,38.00,0,0,0,0,0,0,0,0,0,0
46,AgentA wins,24.00,0,0,0,0,0,0,0,0,0,0
47,AgentA wins,30.00,0,0,0,0,0,0,0,0,0,0
48,AgentA wins,21.67,0,0,0,0,0,0,0,0,0,0
49,AgentA wins,49.00,0,0,0,0,0,0,0,0,0,0
50,AgentA wins,32.67,0,0,0,0,0,0,0,0,0,0
41,AgentA wins,29.00,0,0,0,0,0,0,0,0,0,0
42,AgentA wins,16.33,0,0,0,0,0,0,0,0,0,0
43,timeout draw,60.00,0,0,0,0,0,0,0,0,0,0
44,AgentA wins,38.67,0,0,0,0,0,0,0,0,0,0
45,AgentA wins,35.33,0,0,0,0,0,0,0,0,0,0
46,AgentA wins,41.00,0,0,0,0,0,0,0,0,0,0
47,AgentB wins,53.67,0,0,0,0,0,0,0,0,0,0
48,timeout draw,60.00,0,0,0,0,0,0,0,0,0,0
49,timeout draw,60.00,0,0,0,0,0,0,0,0,0,0
50,AgentA wins,20.67,0,0,0,0,0,0,0,0,0,0
41,timeout draw,60.00,0,0,0,0,0,0,0,0,0,0
42,AgentA wins,47.67,0,0,0,0,0,0,0,0,0,0
43,timeout draw,60.00,0,0,0,0,0,0,0,0,0,0
44,AgentA wins,54.67,0,0,0,0,0,0,0,0,0,0
45,AgentA wins,24.67,0,0,0,0,0,0,0,0,0,0
46,AgentA wins,21.00,0,0,0,0,0,0,0,0,0,0
47,AgentA wins,31.00,0,0,0,0,0,0,0,0,0,0
48,AgentA wins,46.00,0,0,0,0,0,0,0,0,0,0
49,AgentA wins,43.00,0,0,0,0,0,0,0,0,0,0
50,AgentA wins,25.00,0,0,0,0,0,0,0,0,0,0
41,timeout draw,60.00,0,0,0,0,0,0,0,0,0,0
42,AgentA wins,23.33,0,0,0,0,0,0,0,0,0,0
43,AgentA wins,18.33,0,0,0,0,0,0,0,0,0,0
44,AgentA wins,56.33,0,0,0,0,0,0,0,0,0,0
45,AgentA wins,20.00,0,0,0,0,0,0,0,0,0,0
46,AgentA wins,30.33,0,0,0,0,0,0,0,0,0,0
47,AgentA wins,27.67,0,0,0,0,0,0,0,0,0,0
48,AgentA wins,15.33,0,0,0,0,0,0,0,0,0,0
49,AgentA wins,44.33,0,0,0,0,0,0,0,0,0,0
50,AgentA wins,17.67,0,0,0,0,0,0,0,0,0,0
41,AgentA wins,45.67,0,0,0,0,0,0,0,0,0,0
42,AgentB wins,44.00,0,0,0,0,0,0,0,0,0,0
43,AgentA wins,39.33,0,0,0,0,0,0,0,0,0,0
44,AgentA wins,21.00,0,0,0,0,0,0,0,0,0,0
45,AgentA wins,31.33,0,0,0,0,0,0,0,0,0,0
46,AgentA wins,18.00,0,0,0,0,0,0,0,0,0,0
47,AgentA wins,23.33,0,0,0,0,0,0,0,0,0,0
48,AgentA wins,21.67,0,0,0,0,0,0,0,0,0,0
49,AgentA wins,23.33,0,0,0,0,0,0,0,0,0,0
50,AgentA wins,24.67,0,0,0,0,0,0,0,0,0,0
61,AgentA wins,18.33,0,0,0,0,0,0,0,0,0,0
62,AgentA wins,18.33,0,0,0,0,0,0,0,0,0,0
63,AgentA wins,21.00,0,0,0,0,0,0,0,0,0,0
64,timeout draw,60.00,0,0,0,0,0,0,0,0,0,0
65,AgentA wins,31.33,0,0,0,0,0,0,0,0,0,0
66,AgentA wins,18.33,0,0,0,0,0,0,0,0,0,0
67,AgentA wins,20.00,0,0,0,0,0,0,0,0,0,0
68,AgentA wins,18.33,0,0,0,0,0,0,0,0,0,0
69,AgentA wins,17.33,0,0,0,0,0,0,0,0,0,0
70,AgentA wins,17.33,0,0,0,0,0,0,0,0,0,0
41,timeout draw,60.00,0,0,0,0,0,0,0,0,0,0
42,AgentA wins,33.00,0,0,0,0,0,0,0,0,0,0
43,AgentA wins,17.67,0,0,0,0,0,0,0,0,0,0
44,AgentA wins,19.00,0,0,0,0,0,0,0,0,0,0
45,AgentA wins,20.67,0,0,0,0,0,0,0,0,0,0
46,AgentA wins,21.33,0,0,0,0,0,0,0,0,0,0
47,AgentA wins,17.67,0,0,0,0,0,0,0,0,0,0
48,AgentA wins,17.67,0,0,0,0,0,0,0,0,0,0
49,AgentB wins,41.33,0,0,0,0,0,0,0,0,0,0
50,AgentA wins,15.67,0,0,0,0,0,0,0,0,0,0
41,AgentB wins,25.00,0,0,0,0,0,0,0,0,0,0
42,AgentA wins,24.33,0,0,0,0,0,0,0,0,0,0
43,AgentA wins,24.00,0,0,0,0,0,0,0,0,0,0
44,AgentA wins,23.67,0,0,0,0,0,0,0,0,0,0
45,AgentB wins,24.00,0,0,0,0,0,0,0,0,0,0
46,AgentA wins,22.67,0,0,0,0,0,0,0,0,0,0
47,AgentA wins,50.67,0,0,0,0,0,0,0,0,0,0
48,timeout draw,60.00,0,0,0,0,0,0,0,0,0,0
49,timeout draw,60.00,0,0,0,0,0,0,0,0,0,0
50,AgentA wins,25.67,0,0,0,0,0,0,0,0,0,0
41,timeout draw,60.00,0,0,0,0,0,0,0,0,0,0
42,AgentA wins,29.67,0,0,0,0,0,0,0,0,0,0
43,AgentA wins,42.33,0,0,0,0,0,0,0,0,0,0
44,AgentA wins,34.67,0,0,0,0,0,0,0,0,0,0
45,AgentA wins,23.00,0,0,0,0,0,0,0,0,0,0
46,AgentA wins,27.67,0,0,0,0,0,0,0,0,0,0
47,AgentA wins,17.67,0,0,0,0,0,0,0,0,0,0
48,AgentA wins,32.00,0,0,0,0,0,0,0,0,0,0
49,AgentA wins,22.00,0,0,0,0,0,0,0,0,0,0
50,AgentA wins,21.67,0,0,0,0,0,0,0,0,0,0
51,AgentA wins,29.00,0,0,0,0,0,0,0,0,0,0
52,AgentA wins,22.00,0,0,0,0,0,0,0,0,0,0
53,AgentA wins,31.67,0,0,0,0,0,0,0,0,0,0
54,AgentA wins,18.00,0,0,0,0,0,0,0,0,0,0
55,AgentA wins,18.33,0,0,0,0,0,0,0,0,0,0
56,AgentA wins,22.33,0,0,0,0,0,0,0,0,0,0
57,AgentA wins,39.33,0,0,0,0,0,0,0,0,0,0
58,AgentB wins,60.00,0,0,0,0,0,0,0,0,0,0
59,AgentA wins,17.67,0,0,0,0,0,0,0,0,0,0
60,AgentA wins,39.00,0,0,0,0,0,0,0,0,0,0
51,AgentA wins,26.00,0,0,0,0,0,0,0,0,0,0
52,AgentB wins,24.33,0,0,0,0,0,0,0,0,0,0
53,timeout draw,60.00,0,0,0,0,0,0,0,0,0,0
54,AgentA wins,21.00,0,0,0,0,0,0,0,0,0,0
55,AgentA wins,22.33,0,0,0,0,0,0,0,0,0,0
56,AgentA wins,33.00,0,0,0,0,0,0,0,0,0,0
57,AgentB wins,40.33,0,0,0,0,0,0,0,0,0,0
58,AgentA wins,22.00,0,0,0,0,0,0,0,0,0,0
59,AgentA wins,27.67,0,0,0,0,0,0,0,0,0,0
60,AgentA wins,20.33,0,0,0,0,0,0,0,0,0,0
41,AgentA wins,38.67,0,0,0,0,0,0,0,0,0,0
42,AgentA wins,19.33,0,0,0,0,0,0,0,0,0,0
43,AgentA wins,27.00,0,0,0,0,0,0,0,0,0,0
44,AgentA wins,26.33,0,0,0,0,0,0,0,0,0,0
45,timeout draw,60.00,0,0,0,0,0,0,0,0,0,0
46,timeout draw,60.00,0,0,0,0,0,0,0,0,0,0
47,timeout draw,60.00,0,0,0,0,0,0,0,0,0,0
48,AgentA wins,17.67,0,0,0,0,0,0,0,0,0,0
49,AgentA wins,17.67,0,0,0,0,0,0,0,0,0,0
50,AgentA wins,17.33,0,0,0,0,0,0,0,0,0,0
51,AgentA wins,21.67,0,0,0,0,0,0,0,0,0,0
52,AgentA wins,16.33,0,0,0,0,0,0,0,0,0,0
53,AgentA wins,18.67,0,0,0,0,0,0,0,0,0,0
54,AgentA wins,39.67,0,0,0,0,0,0,0,0,0,0
55,AgentA wins,18.33,0,0,0,0,0,0,0,0,0,0
56,AgentA wins,33.67,0,0,0,0,0,0,0,0,0,0
57,AgentA wins,18.00,0,0,0,0,0,0,0,0,0,0
58,AgentA wins,18.00,0,0,0,0,0,0,0,0,0,0
59,AgentA wins,54.00,0,0,0,0,0,0,0,0,0,0
60,AgentA wins,34.00,0,0,0,0,0,0,0,0,0,0
41,AgentB wins,48.67,0,0,0,0,0,0,0,0,0,0
42,AgentA wins,26.33,0,0,0,0,0,0,0,0,0,0
43,AgentA wins,18.33,0,0,0,0,0,0,0,0,0,0
44,AgentA wins,17.33,0,0,0,0,0,0,0,0,0,0
45,AgentA wins,27.33,0,0,0,0,0,0,0,0,0,0
46,AgentA wins,17.67,0,0,0,0,0,0,0,0,0,0
47,AgentA wins,17.67,0,0,0,0,0,0,0,0,0,0
48,AgentA wins,17.67,0,0,0,0,0,0,0,0,0,0
49,AgentA wins,17.33,0,0,0,0,0,0,0,0,0,0
50,AgentA wins,20.33,0,0,0,0,0,0,0,0,0,0
71,AgentA wins,22.67,0,0,0,0,0,0,0,0,0,0
72,AgentA wins,28.67,0,0,0,0,0,0,0,0,0,0
73,AgentA wins,17.67,0,0,0,0,0,0,0,0,0,0
74,AgentA wins,17.67,0,0,0,0,0,0,0,0,0,0
75,AgentA wins,22.33,0,0,0,0,0,0,0,0,0,0
76,AgentA wins,17.33,0,0,0,0,0,0,0,0,0,0
77,AgentA wins,17.67,0,0,0,0,0,0,0,0,0,0
78,AgentA wins,17.33,0,0,0,0,0,0,0,0,0,0
79,AgentA wins,20.33,0,0,0,0,0,0,0,0,0,0
80,AgentA wins,17.67,0,0,0,0,0,0,0,0,0,0
51,AgentA wins,35.00,0,0,0,0,0,0,0,0,0,0
52,AgentA wins,22.67,0,0,0,0,0,0,0,0,0,0
53,AgentA wins,38.00,0,0,0,0,0,0,0,0,0,0
54,AgentA wins,31.33,0,0,0,0,0,0,0,0,0,0
55,AgentA wins,34.33,0,0,0,0,0,0,0,0,0,0
56,AgentA wins,18.33,0,0,0,0,0,0,0,0,0,0
57,AgentA wins,17.67,0,0,0,0,0,0,0,0,0,0
58,AgentB wins,37.00,0,0,0,0,0,0,0,0,0,0
59,AgentA wins,27.67,0,0,0,0,0,0,0,0,0,0
60,AgentA wins,18.67,0,0,0,0,0,0,0,0,0,0
71,AgentA wins,22.33,0,0,0,0,0,0,0,0,0,0
72,AgentA wins,17.67,0,0,0,0,0,0,0,0,0,0
73,AgentA wins,26.67,0,0,0,0,0,0,0,0,0,0
74,AgentA wins,30.67,0,0,0,0,0,0,0,0,0,0
75,AgentA wins,26.33,0,0,0,0,0,0,0,0,0,0
76,AgentA wins,17.33,0,0,0,0,0,0,0,0,0,0
77,AgentA wins,17.67,0,0,0,0,0,0,0,0,0,0
78,AgentA wins,17.67,0,0,0,0,0,0,0,0,0,0
79,AgentA wins,17.67,0,0,0,0,0,0,0,0,0,0
80,AgentA wins,17.33,0,0,0,0,0,0,0,0,0,0
51,AgentA wins,28.33,0,0,0,0,0,0,0,0,0,0
52,AgentA wins,31.00,0,0,0,0,0,0,0,0,0,0
53,AgentA wins,39.00,0,0,0,0,0,0,0,0,0,0
54,AgentA wins,27.33,0,0,0,0,0,0,0,0,0,0
55,AgentA wins,32.00,0,0,0,0,0,0,0,0,0,0
56,AgentA wins,34.00,0,0,0,0,0,0,0,0,0,0
57,AgentA wins,51.00,0,0,0,0,0,0,0,0,0,0
58,AgentA wins,42.33,0,0,0,0,0,0,0,0,0,0
59,AgentA wins,26.00,0,0,0,0,0,0,0,0,0,0
60,AgentA wins,22.67,0,0,0,0,0,0,0,0,0,0
41,AgentA wins,21.67,0,0,0,0,0,0,0,0,0,0
42,timeout draw,60.00,0,0,0,0,0,0,0,0,0,0
43,AgentA wins,53.67,0,0,0,0,0,0,0,0,0,0
44,AgentA wins,20.33,0,0,0,0,0,0,0,0,0,0
45,AgentA wins,29.00,0,0,0,0,0,0,0,0,0,0
46,AgentA wins,47.33,0,0,0,0,0,0,0,0,0,0
47,AgentA wins,15.67,0,0,0,0,0,0,0,0,0,0
48,timeout draw,60.00,0,0,0,0,0,0,0,0,0,0
49,timeout draw,60.00,0,0,0,0,0,0,0,0,0,0
50,AgentA wins,18.67,0,0,0,0,0,0,0,0,0,0
51,AgentA wins,25.67,0,0,0,0,0,0,0,0,0,0
52,AgentA wins,31.00,0,0,0,0,0,0,0,0,0,0
53,AgentA wins,27.00,0,0,0,0,0,0,0,0,0,0
54,AgentA wins,25.33,0,0,0,0,0,0,0,0,0,0
55,AgentA wins,30.67,0,0,0,0,0,0,0,0,0,0
56,AgentA wins,35.00,0,0,0,0,0,0,0,0,0,0
57,AgentA wins,26.00,0,0,0,0,0,0,0,0,0,0
58,timeout draw,60.00,0,0,0,0,0,0,0,0,0,0
59,AgentA wins,19.00,0,0,0,0,0,0,0,0,0,0
60,AgentA wins,51.67,0,0,0,0,0,0,0,0,0,0
61,AgentB wins,31.33,0,0,0,0,0,0,0,0,0,0
62,timeout draw,60.00,0,0,0,0,0,0,0,0,0,0
63,AgentA wins,41.67,0,0,0,0,0,0,0,0,0,0
64,timeout draw,60.00,0,0,0,0,0,0,0,0,0,0
65,AgentA wins,45.67,0,0,0,0,0,0,0,0,0,0
66,AgentB wins,36.00,0,0,0,0,0,0,0,0,0,0
67,timeout draw,60.00,0,0,0,0,0,0,0,0,0,0
68,AgentA wins,43.67,0,0,0,0,0,0,0,0,0,0
69,AgentA wins,19.00,0,0,0,0,0,0,0,0,0,0
70,AgentA wins,30.00,0,0,0,0,0,0,0,0,0,0
51,AgentA wins,34.33,0,0,0,0,0,0,0,0,0,0
52,AgentA wins,51.33,0,0,0,0,0,0,0,0,0,0
53,AgentA wins,22.67,0,0,0,0,0,0,0,0,0,0
54,AgentA wins,18.67,0,0,0,0,0,0,0,0,0,0
55,AgentA wins,24.33,0,0,0,0,0,0,0,0,0,0
56,AgentA wins,40.00,0,0,0,0,0,0,0,0,0,0
57,AgentA wins,16.00,0,0,0,0,0,0,0,0,0,0
58,AgentA wins,19.67,0,0,0,0,0,0,0,0,0,0
59,AgentB wins,26.33,0,0,0,0,0,0,0,0,0,0
60,AgentA wins,38.67,0,0,0,0,0,0,0,0,0,0
51,AgentA wins,28.00,0,0,0,0,0,0,0,0,0,0
52,AgentA wins,23.67,0,0,0,0,0,0,0,0,0,0
53,AgentB wins,23.33,0,0,0,0,0,0,0,0,0,0
54,AgentA wins,23.67,0,0,0,0,0,0,0,0,0,0
55,AgentB wins,26.33,0,0,0,0,0,0,0,0,0,0
56,timeout draw,60.00,0,0,0,0,0,0,0,0,0,0
57,AgentA wins,37.33,0,0,0,0,0,0,0,0,0,0
58,AgentA wins,37.67,0,0,0,0,0,0,0,0,0,0
59,AgentA wins,25.00,0,0,0,0,0,0,0,0,0,0
60,AgentA wins,17.33,0,0,0,0,0,0,0,0,0,0
51,AgentA wins,31.00,0,0,0,0,0,0,0,0,0,0
52,AgentA wins,31.00,0,0,0,0,0,0,0,0,0,0
53,AgentA wins,32.00,0,0,0,0,0,0,0,0,0,0
54,AgentA wins,18.33,0,0,0,0,0,0,0,0,0,0
55,AgentA wins,21.33,0,0,0,0,0,0,0,0,0,0
56,AgentA wins,17.67,0,0,0,0,0,0,0,0,0,0
57,AgentA wins,22.67,0,0,0,0,0,0,0,0,0,0
58,AgentA wins,26.33,0,0,0,0,0,0,0,0,0,0
59,AgentA wins,17.67,0,0,0,0,0,0,0,0,0,0
60,AgentA wins,39.33,0,0,0,0,0,0,0,0,0,0
51,AgentA wins,37.67,0,0,0,0,0,0,0,0,0,0
52,AgentA wins,18.33,0,0,0,0,0,0,0,0,0,0
53,AgentA wins,42.67,0,0,0,0,0,0,0,0,0,0
54,AgentA wins,22.67,0,0,0,0,0,0,0,0,0,0
55,AgentA wins,22.33,0,0,0,0,0,0,0,0,0,0
56,timeout draw,60.00,0,0,0,0,0,0,0,0,0,0
57,AgentA wins,34.67,0,0,0,0,0,0,0,0,0,0
58,AgentA wins,48.00,0,0,0,0,0,0,0,0,0,0
59,AgentA wins,23.67,0,0,0,0,0,0,0,0,0,0
60,AgentA wins,15.67,0,0,0,0,0,0,0,0,0,0
51,AgentB wins,23.33,0,0,0,0,0,0,0,0,0,0
52,AgentA wins,17.67,0,0,0,0,0,0,0,0,0,0
53,AgentA wins,17.67,0,0,0,0,0,0,0,0,0,0
54,AgentA wins,17.33,0,0,0,0,0,0,0,0,0,0
55,AgentA wins,17.67,0,0,0,0,0,0,0,0,0,0
56,AgentA wins,17.67,0,0,0,0,0,0,0,0,0,0
57,AgentA wins,18.33,0,0,0,0,0,0,0,0,0,0
58,AgentA wins,17.33,0,0,0,0,0,0,0,0,0,0
59,AgentA wins,17.33,0,0,0,0,0,0,0,0,0,0
60,AgentA wins,23.00,0,0,0,0,0,0,0,0,0,0
51,AgentA wins,20.67,0,0,0,0,0,0,0,0,0,0
52,AgentA wins,27.00,0,0,0,0,0,0,0,0,0,0
53,AgentA wins,38.67,0,0,0,0,0,0,0,0,0,0
54,AgentA wins,15.67,0,0,0,0,0,0,0,0,0,0
55,AgentA wins,40.00,0,0,0,0,0,0,0,0,0,0
56,AgentB wins,24.33,0,0,0,0,0,0,0,0,0,0
57,AgentA wins,18.00,0,0,0,0,0,0,0,0,0,0
58,AgentA wins,27.33,0,0,0,0,0,0,0,0,0,0
59,AgentA wins,28.67,0,0,0,0,0,0,0,0,0,0
60,AgentA wins,19.00,0,0,0,0,0,0,0,0,0,0
51,AgentA wins,46.67,0,0,0,0,0,0,0,0,0,0
52,AgentB wins,26.00,0,0,0,0,0,0,0,0,0,0
53,AgentA wins,55.33,0,0,0,0,0,0,0,0,0,0
54,AgentA wins,44.33,0,0,0,0,0,0,0,0,0,0
55,AgentA wins,59.67,0,0,0,0,0,0,0,0,0,0
56,AgentA wins,15.67,0,0,0,0,0,0,0,0,0,0
57,AgentA wins,15.00,0,0,0,0,0,0,0,0,0,0
58,AgentA wins,17.67,0,0,0,0,0,0,0,0,0,0
59,AgentA wins,31.67,0,0,0,0,0,0,0,0,0,0
60,AgentA wins,15.33,0,0,0,0,0,0,0,0,0,0
61,AgentA wins,36.67,470,388,58,182,0,306,0,41,85,58
62,AgentA wins,29.33,373,312,48,151,0,264,0,33,55,71
63,AgentA wins,35.00,445,388,54,174,0,293,0,34,75,51
64,AgentA wins,15.67,206,156,22,87,0,135,0,31,35,21
65,AgentA wins,21.33,276,221,25,114,0,177,0,27,35,32
66,AgentA wins,28.33,367,287,30,165,0,245,0,43,51,37
67,AgentA wins,15.33,198,151,27,92,0,141,0,22,28,32
68,AgentA wins,19.33,251,193,20,108,0,150,0,26,28,21
69,AgentA wins,21.67,285,213,27,131,0,185,0,31,45,35
70,AgentA wins,23.67,304,237,28,131,0,212,0,35,43,44
51,AgentA wins,26.33,0,0,0,0,0,0,0,0,0,0
52,AgentA wins,18.33,0,0,0,0,0,0,0,0,0,0
53,AgentA wins,24.33,0,0,0,0,0,0,0,0,0,0
54,AgentA wins,23.67,0,0,0,0,0,0,0,0,0,0
55,AgentA wins,17.67,0,0,0,0,0,0,0,0,0,0
56,AgentA wins,18.00,0,0,0,0,0,0,0,0,0,0
57,AgentA wins,20.33,0,0,0,0,0,0,0,0,0,0
58,AgentA wins,17.33,0,0,0,0,0,0,0,0,0,0
59,AgentA wins,17.67,0,0,0,0,0,0,0,0,0,0
60,AgentA wins,17.33,0,0,0,0,0,0,0,0,0,0
51,AgentA wins,29.00,0,0,0,0,0,0,0,0,0,0
52,AgentA wins,18.00,0,0,0,0,0,0,0,0,0,0
53,AgentA wins,22.33,0,0,0,0,0,0,0,0,0,0
54,AgentA wins,29.67,0,0,0,0,0,0,0,0,0,0
55,AgentA wins,52.33,0,0,0,0,0,0,0,0,0,0
56,AgentB wins,23.33,0,0,0,0,0,0,0,0,0,0
57,AgentA wins,51.00,0,0,0,0,0,0,0,0,0,0
58,AgentA wins,41.00,0,0,0,0,0,0,0,0,0,0
59,AgentA wins,30.00,0,0,0,0,0,0,0,0,0,0
60,AgentA wins,46.33,0,0,0,0,0,0,0,0,0,0
71,AgentA wins,18.67,0,0,0,0,0,0,0,0,0,0
72,AgentA wins,23.33,0,0,0,0,0,0,0,0,0,0
73,AgentA wins,20.33,0,0,0,0,0,0,0,0,0,0
74,AgentA wins,17.67,0,0,0,0,0,0,0,0,0,0
75,AgentA wins,20.00,0,0,0,0,0,0,0,0,0,0
76,AgentA wins,22.33,0,0,0,0,0,0,0,0,0,0
77,AgentA wins,22.33,0,0,0,0,0,0,0,0,0,0
78,AgentA wins,20.33,0,0,0,0,0,0,0,0,0,0
79,AgentB wins,23.67,0,0,0,0,0,0,0,0,0,0
80,AgentA wins,17.67,0,0,0,0,0,0,0,0,0,0
51,AgentA wins,18.33,0,0,0,0,0,0,0,0,0,0
52,AgentA wins,25.00,0,0,0,0,0,0,0,0,0,0
53,AgentB wins,30.00,0,0,0,0,0,0,0,0,0,0
54,AgentB wins,43.67,0,0,0,0,0,0,0,0,0,0
55,AgentA wins,43.67,0,0,0,0,0,0,0,0,0,0
56,AgentA wins,59.67,0,0,0,0,0,0,0,0,0,0
57,AgentA wins,36.00,0,0,0,0,0,0,0,0,0,0
58,AgentA wins,39.33,0,0,0,0,0,0,0,0,0,0
59,AgentA wins,24.33,0,0,0,0,0,0,0,0,0,0
60,AgentA wins,31.67,0,0,0,0,0,0,0,0,0,0
51,AgentA wins,27.33,0,0,0,0,0,0,0,0,0,0
52,AgentA wins,23.67,0,0,0,0,0,0,0,0,0,0
53,AgentA wins,33.67,0,0,0,0,0,0,0,0,0,0
54,AgentA wins,27.67,0,0,0,0,0,0,0,0,0,0
55,AgentA wins,35.67,0,0,0,0,0,0,0,0,0,0
56,AgentA wins,16.00,0,0,0,0,0,0,0,0,0,0
57,AgentA wins,19.00,0,0,0,0,0,0,0,0,0,0
58,AgentA wins,38.67,0,0,0,0,0,0,0,0,0,0
59,AgentA wins,35.00,0,0,0,0,0,0,0,0,0,0
60,AgentA wins,38.67,0,0,0,0,0,0,0,0,0,0
51,AgentB wins,45.00,0,0,0,0,0,0,0,0,0,0
52,AgentA wins,43.33,0,0,0,0,0,0,0,0,0,0
53,AgentB wins,41.00,0,0,0,0,0,0,0,0,0,0
54,AgentB wins,32.33,0,0,0,0,0,0,0,0,0,0
55,timeout draw,60.00,0,0,0,0,0,0,0,0,0,0
56,timeout draw,60.00,0,0,0,0,0,0,0,0,0,0
57,AgentA wins,31.00,0,0,0,0,0,0,0,0,0,0
58,timeout draw,60.00,0,0,0,0,0,0,0,0,0,0
59,timeout draw,60.00,0,0,0,0,0,0,0,0,0,0
60,AgentA wins,25.67,0,0,0,0,0,0,0,0,0,0
81,AgentA wins,20.33,0,0,0,0,0,0,0,0,0,0
82,AgentA wins,17.67,0,0,0,0,0,0,0,0,0,0
83,AgentA wins,17.67,0,0,0,0,0,0,0,0,0,0
84,AgentA wins,17.33,0,0,0,0,0,0,0,0,0,0
85,AgentA wins,17.67,0,0,0,0,0,0,0,0,0,0
86,AgentA wins,17.33,0,0,0,0,0,0,0,0,0,0
87,AgentA wins,17.33,0,0,0,0,0,0,0,0,0,0
88,AgentA wins,17.67,0,0,0,0,0,0,0,0,0,0
89,AgentA wins,17.33,0,0,0,0,0,0,0,0,0,0
90,AgentA wins,17.33,0,0,0,0,0,0,0,0,0,0
51,AgentA wins,28.67,0,0,0,0,0,0,0,0,0,0
52,AgentA wins,21.67,0,0,0,0,0,0,0,0,0,0
53,AgentA wins,29.67,0,0,0,0,0,0,0,0,0,0
54,AgentA wins,57.33,0,0,0,0,0,0,0,0,0,0
55,AgentA wins,15.33,0,0,0,0,0,0,0,0,0,0
56,AgentB wins,46.67,0,0,0,0,0,0,0,0,0,0
57,AgentB wins,28.67,0,0,0,0,0,0,0,0,0,0
58,AgentA wins,58.00,0,0,0,0,0,0,0,0,0,0
59,AgentA wins,37.33,0,0,0,0,0,0,0,0,0,0
60,AgentA wins,27.67,0,0,0,0,0,0,0,0,0,0
51,AgentA wins,28.33,0,0,0,0,0,0,0,0,0,0
52,AgentA wins,33.00,0,0,0,0,0,0,0,0,0,0
53,AgentA wins,50.67,0,0,0,0,0,0,0,0,0,0
54,AgentA wins,17.33,0,0,0,0,0,0,0,0,0,0
55,AgentA wins,17.33,0,0,0,0,0,0,0,0,0,0
56,AgentA wins,17.67,0,0,0,0,0,0,0,0,0,0
57,AgentA wins,27.67,0,0,0,0,0,0,0,0,0,0
58,AgentA wins,17.67,0,0,0,0,0,0,0,0,0,0
59,AgentA wins,21.33,0,0,0,0,0,0,0,0,0,0
60,AgentA wins,21.67,0,0,0,0,0,0,0,0,0,0
51,AgentA wins,22.33,0,0,0,0,0,0,0,0,0,0
52,timeout draw,60.00,0,0,0,0,0,0,0,0,0,0
53,timeout draw,60.00,0,0,0,0,0,0,0,0,0,0
54,AgentA wins,38.00,0,0,0,0,0,0,0,0,0,0
55,AgentA wins,35.00,0,0,0,0,0,0,0,0,0,0
56,AgentA wins,30.33,0,0,0,0,0,0,0,0,0,0
57,AgentA wins,26.67,0,0,0,0,0,0,0,0,0,0
58,AgentA wins,31.67,0,0,0,0,0,0,0,0,0,0
59,AgentA wins,30.33,0,0,0,0,0,0,0,0,0,0
60,AgentB wins,44.33,0,0,0,0,0,0,0,0,0,0
51,AgentA wins,55.67,0,0,0,0,0,0,0,0,0,0
52,AgentB wins,35.33,0,0,0,0,0,0,0,0,0,0
53,timeout draw,60.00,0,0,0,0,0,0,0,0,0,0
54,AgentA wins,25.33,0,0,0,0,0,0,0,0,0,0
55,AgentA wins,26.33,0,0,0,0,0,0,0,0,0,0
56,timeout draw,60.00,0,0,0,0,0,0,0,0,0,0
57,timeout draw,60.00,0,0,0,0,0,0,0,0,0,0
58,timeout draw,60.00,0,0,0,0,0,0,0,0,0,0
59,timeout draw,60.00,0,0,0,0,0,0,0,0,0,0
60,AgentA wins,38.67,0,0,0,0,0,0,0,0,0,0
51,AgentA wins,17.67,0,0,0,0,0,0,0,0,0,0
52,AgentB wins,30.00,0,0,0,0,0,0,0,0,0,0
53,AgentA wins,27.67,0,0,0,0,0,0,0,0,0,0
54,AgentA wins,32.00,0,0,0,0,0,0,0,0,0,0
55,AgentA wins,53.33,0,0,0,0,0,0,0,0,0,0
56,AgentA wins,42.00,0,0,0,0,0,0,0,0,0,0
57,AgentA wins,22.33,0,0,0,0,0,0,0,0,0,0
58,AgentA wins,25.33,0,0,0,0,0,0,0,0,0,0
59,AgentA wins,20.33,0,0,0,0,0,0,0,0,0,0
60,AgentA wins,17.33,0,0,0,0,0,0,0,0,0,0
51,AgentB wins,21.00,0,0,0,0,0,0,0,0,0,0
52,AgentA wins,47.33,0,0,0,0,0,0,0,0,0,0
53,AgentA wins,30.00,0,0,0,0,0,0,0,0,0,0
54,AgentA wins,31.00,0,0,0,0,0,0,0,0,0,0
55,timeout draw,60.00,0,0,0,0,0,0,0,0,0,0
56,AgentA wins,39.67,0,0,0,0,0,0,0,0,0,0
57,AgentA wins,33.33,0,0,0,0,0,0,0,0,0,0
58,AgentB wins,38.00,0,0,0,0,0,0,0,0,0,0
59,AgentA wins,30.00,0,0,0,0,0,0,0,0,0,0
60,AgentB wins,28.00,0,0,0,0,0,0,0,0,0,0
81,AgentA wins,17.67,0,0,0,0,0,0,0,0,0,0
82,AgentA wins,17.33,0,0,0,0,0,0,0,0,0,0
83,AgentA wins,18.00,0,0,0,0,0,0,0,0,0,0
84,AgentA wins,17.33,0,0,0,0,0,0,0,0,0,0
85,AgentA wins,20.33,0,0,0,0,0,0,0,0,0,0
86,AgentA wins,25.00,0,0,0,0,0,0,0,0,0,0
87,AgentA wins,17.33,0,0,0,0,0,0,0,0,0,0
88,AgentA wins,17.33,0,0,0,0,0,0,0,0,0,0
89,AgentA wins,20.33,0,0,0,0,0,0,0,0,0,0
90,AgentA wins,18.00,0,0,0,0,0,0,0,0,0,0
51,AgentA wins,17.67,0,0,0,0,0,0,0,0,0,0
52,timeout draw,60.00,0,0,0,0,0,0,0,0,0,0
53,AgentA wins,31.67,0,0,0,0,0,0,0,0,0,0
54,AgentA wins,40.33,0,0,0,0,0,0,0,0,0,0
55,AgentA wins,29.33,0,0,0,0,0,0,0,0,0,0
56,AgentA wins,23.00,0,0,0,0,0,0,0,0,0,0
57,AgentA wins,39.67,0,0,0,0,0,0,0,0,0,0
58,timeout draw,60.00,0,0,0,0,0,0,0,0,0,0
59,AgentA wins,25.33,0,0,0,0,0,0,0,0,0,0
60,AgentA wins,23.00,0,0,0,0,0,0,0,0,0,0
51,AgentA wins,20.33,0,0,0,0,0,0,0,0,0,0
52,AgentA wins,17.67,0,0,0,0,0,0,0,0,0,0
53,AgentA wins,38.00,0,0,0,0,0,0,0,0,0,0
54,AgentA wins,24.33,0,0,0,0,0,0,0,0,0,0
55,AgentA wins,37.67,0,0,0,0,0,0,0,0,0,0
56,AgentA wins,55.67,0,0,0,0,0,0,0,0,0,0
57,AgentA wins,31.67,0,0,0,0,0,0,0,0,0,0
58,AgentA wins,20.00,0,0,0,0,0,0,0,0,0,0
59,AgentA wins,17.33,0,0,0,0,0,0,0,0,0,0
60,AgentA wins,17.33,0,0,0,0,0,0,0,0,0,0
51,AgentA wins,17.33,0,0,0,0,0,0,0,0,0,0
52,AgentA wins,20.33,0,0,0,0,0,0,0,0,0,0
53,AgentA wins,17.67,0,0,0,0,0,0,0,0,0,0
54,AgentA wins,17.67,0,0,0,0,0,0,0,0,0,0
55,AgentA wins,17.33,0,0,0,0,0,0,0,0,0,0
56,AgentA wins,20.33,0,0,0,0,0,0,0,0,0,0
57,AgentA wins,23.33,0,0,0,0,0,0,0,0,0,0
58,AgentA wins,18.33,0,0,0,0,0,0,0,0,0,0
59,AgentB wins,51.67,0,0,0,0,0,0,0,0,0,0
60,AgentA wins,20.33,0,0,0,0,0,0,0,0,0,0
61,AgentA wins,22.33,0,0,0,0,0,0,0,0,0,0
62,AgentA wins,32.00,0,0,0,0,0,0,0,0,0,0
63,AgentA wins,30.67,0,0,0,0,0,0,0,0,0,0
64,AgentB wins,24.00,0,0,0,0,0,0,0,0,0,0
65,AgentA wins,40.00,0,0,0,0,0,0,0,0,0,0
66,AgentA wins,41.67,0,0,0,0,0,0,0,0,0,0
67,timeout draw,60.00,0,0,0,0,0,0,0,0,0,0
68,AgentA wins,17.67,0,0,0,0,0,0,0,0,0,0
69,AgentA wins,17.33,0,0,0,0,0,0,0,0,0,0
70,AgentA wins,17.33,0,0,0,0,0,0,0,0,0,0
51,AgentA wins,31.33,0,0,0,0,0,0,0,0,0,0
52,AgentB wins,32.67,0,0,0,0,0,0,0,0,0,0
53,timeout draw,60.00,0,0,0,0,0,0,0,0,0,0
54,AgentA wins,18.33,0,0,0,0,0,0,0,0,0,0
55,AgentB wins,56.67,0,0,0,0,0,0,0,0,0,0
56,AgentA wins,22.00,0,0,0,0,0,0,0,0,0,0
57,AgentA wins,17.67,0,0,0,0,0,0,0,0,0,0
58,AgentB wins,23.33,0,0,0,0,0,0,0,0,0,0
59,timeout draw,60.00,0,0,0,0,0,0,0,0,0,0
60,timeout draw,60.00,0,0,0,0,0,0,0,0,0,0
61,AgentA wins,17.67,0,0,0,0,0,0,0,0,0,0
62,AgentA wins,17.67,0,0,0,0,0,0,0,0,0,0
63,AgentA wins,17.33,0,0,0,0,0,0,0,0,0,0
64,AgentA wins,17.33,0,0,0,0,0,0,0,0,0,0
65,AgentA wins,17.33,0,0,0,0,0,0,0,0,0,0
66,AgentA wins,19.67,0,0,0,0,0,0,0,0,0,0
67,AgentA wins,17.33,0,0,0,0,0,0,0,0,0,0
68,AgentA wins,17.67,0,0,0,0,0,0,0,0,0,0
69,AgentA wins,17.33,0,0,0,0,0,0,0,0,0,0
70,AgentA wins,17.33,0,0,0,0,0,0,0,0,0,0
51,timeout draw,60.00,0,0,0,0,0,0,0,0,0,0
52,AgentA wins,31.67,0,0,0,0,0,0,0,0,0,0
53,AgentA wins,28.33,0,0,0,0,0,0,0,0,0,0
54,AgentA wins,22.33,0,0,0,0,0,0,0,0,0,0
55,timeout draw,60.00,0,0,0,0,0,0,0,0,0,0
56,AgentA wins,22.33,0,0,0,0,0,0,0,0,0,0
57,AgentA wins,26.67,0,0,0,0,0,0,0,0,0,0
58,timeout draw,60.00,0,0,0,0,0,0,0,0,0,0
59,AgentA wins,15.00,0,0,0,0,0,0,0,0,0,0
60,timeout draw,60.00,0,0,0,0,0,0,0,0,0,0
51,AgentA wins,17.33,0,0,0,0,0,0,0,0,0,0
52,AgentA wins,53.67,0,0,0,0,0,0,0,0,0,0
53,AgentA wins,33.67,0,0,0,0,0,0,0,0,0,0
54,AgentA wins,15.67,0,0,0,0,0,0,0,0,0,0
55,AgentA wins,40.67,0,0,0,0,0,0,0,0,0,0
56,AgentA wins,34.33,0,0,0,0,0,0,0,0,0,0
57,AgentA wins,30.33,0,0,0,0,0,0,0,0,0,0
58,AgentB wins,52.67,0,0,0,0,0,0,0,0,0,0
59,AgentA wins,30.67,0,0,0,0,0,0,0,0,0,0
60,AgentA wins,38.33,0,0,0,0,0,0,0,0,0,0
81,AgentA wins,17.33,0,0,0,0,0,0,0,0,0,0
82,AgentA wins,17.67,0,0,0,0,0,0,0,0,0,0
83,AgentA wins,17.33,0,0,0,0,0,0,0,0,0,0
84,AgentA wins,15.00,0,0,0,0,0,0,0,0,0,0
85,AgentA wins,17.33,0,0,0,0,0,0,0,0,0,0
86,AgentA wins,24.00,0,0,0,0,0,0,0,0,0,0
87,AgentA wins,20.33,0,0,0,0,0,0,0,0,0,0
88,AgentA wins,17.33,0,0,0,0,0,0,0,0,0,0
89,AgentA wins,17.33,0,0,0,0,0,0,0,0,0,0
90,AgentA wins,17.33,0,0,0,0,0,0,0,0,0,0
61,AgentA wins,24.33,0,0,0,0,0,0,0,0,0,0
62,AgentA wins,33.00,0,0,0,0,0,0,0,0,0,0
63,AgentA wins,36.00,0,0,0,0,0,0,0,0,0,0
64,AgentA wins,28.00,0,0,0,0,0,0,0,0,0,0
65,AgentA wins,15.00,0,0,0,0,0,0,0,0,0,0
66,AgentA wins,22.67,0,0,0,0,0,0,0,0,0,0
67,AgentA wins,27.33,0,0,0,0,0,0,0,0,0,0
68,AgentA wins,28.67,0,0,0,0,0,0,0,0,0,0
69,AgentA wins,34.33,0,0,0,0,0,0,0,0,0,0
70,AgentA wins,35.67,0,0,0,0,0,0,0,0,0,0
61,AgentA wins,47.67,0,0,0,0,0,0,0,0,0,0
62,AgentA wins,28.67,0,0,0,0,0,0,0,0,0,0
63,timeout draw,60.00,0,0,0,0,0,0,0,0,0,0
64,AgentA wins,28.33,0,0,0,0,0,0,0,0,0,0
65,AgentA wins,29.33,0,0,0,0,0,0,0,0,0,0
66,AgentB wins,21.00,0,0,0,0,0,0,0,0,0,0
67,AgentB wins,45.33,0,0,0,0,0,0,0,0,0,0
68,AgentA wins,47.33,0,0,0,0,0,0,0,0,0,0
69,AgentA wins,17.33,0,0,0,0,0,0,0,0,0,0
70,AgentA wins,17.67,0,0,0,0,0,0,0,0,0,0
61,AgentA wins,17.33,0,0,0,0,0,0,0,0,0,0
62,AgentA wins,17.33,0,0,0,0,0,0,0,0,0,0
63,AgentA wins,20.33,0,0,0,0,0,0,0,0,0,0
64,AgentA wins,34.33,0,0,0,0,0,0,0,0,0,0
65,AgentA wins,17.67,0,0,0,0,0,0,0,0,0,0
66,timeout draw,60.00,0,0,0,0,0,0,0,0,0,0
67,AgentA wins,17.67,0,0,0,0,0,0,0,0,0,0
68,AgentA wins,17.33,0,0,0,0,0,0,0,0,0,0
69,AgentA wins,17.33,0,0,0,0,0,0,0,0,0,0
70,AgentA wins,17.67,0,0,0,0,0,0,0,0,0,0
51,AgentB wins,31.33,0,0,0,0,0,0,0,0,0,0
52,AgentA wins,29.33,0,0,0,0,0,0,0,0,0,0
53,AgentA wins,17.67,0,0,0,0,0,0,0,0,0,0
54,AgentA wins,44.67,0,0,0,0,0,0,0,0,0,0
55,AgentA wins,57.33,0,0,0,0,0,0,0,0,0,0
56,AgentA wins,33.33,0,0,0,0,0,0,0,0,0,0
57,AgentA wins,47.33,0,0,0,0,0,0,0,0,0,0
58,AgentA wins,42.00,0,0,0,0,0,0,0,0,0,0
59,AgentA wins,57.67,0,0,0,0,0,0,0,0,0,0
60,AgentA wins,36.33,0,0,0,0,0,0,0,0,0,0
61,AgentA wins,40.00,0,0,0,0,0,0,0,0,0,0
62,AgentA wins,25.67,0,0,0,0,0,0,0,0,0,0
63,AgentA wins,46.67,0,0,0,0,0,0,0,0,0,0
64,AgentA wins,29.33,0,0,0,0,0,0,0,0,0,0
65,AgentA wins,21.33,0,0,0,0,0,0,0,0,0,0
66,AgentA wins,20.00,0,0,0,0,0,0,0,0,0,0
67,AgentA wins,20.33,0,0,0,0,0,0,0,0,0,0
68,AgentA wins,17.33,0,0,0,0,0,0,0,0,0,0
69,timeout draw,60.00,0,0,0,0,0,0,0,0,0,0
70,AgentA wins,20.67,0,0,0,0,0,0,0,0,0,0
61,AgentA wins,32.33,0,0,0,0,0,0,0,0,0,0
62,AgentA wins,22.33,0,0,0,0,0,0,0,0,0,0
63,AgentA wins,28.67,0,0,0,0,0,0,0,0,0,0
64,AgentA wins,21.00,0,0,0,0,0,0,0,0,0,0
65,AgentA wins,29.67,0,0,0,0,0,0,0,0,0,0
66,AgentA wins,45.33,0,0,0,0,0,0,0,0,0,0
67,AgentA wins,34.67,0,0,0,0,0,0,0,0,0,0
68,timeout draw,60.00,0,0,0,0,0,0,0,0,0,0
69,AgentA wins,36.67,0,0,0,0,0,0,0,0,0,0
70,AgentA wins,17.67,0,0,0,0,0,0,0,0,0,0
61,AgentA wins,24.67,0,0,0,0,0,0,0,0,0,0
62,AgentA wins,17.67,0,0,0,0,0,0,0,0,0,0
63,timeout draw,60.33,0,0,0,0,0,0,0,0,0,0
64,AgentA wins,33.00,0,0,0,0,0,0,0,0,0,0
65,AgentA wins,33.67,0,0,0,0,0,0,0,0,0,0
66,timeout draw,60.00,0,0,0,0,0,0,0,0,0,0
67,AgentB wins,49.00,0,0,0,0,0,0,0,0,0,0
68,AgentA wins,31.33,0,0,0,0,0,0,0,0,0,0
69,AgentA wins,25.67,0,0,0,0,0,0,0,0,0,0
70,AgentA wins,44.33,0,0,0,0,0,0,0,0,0,0
91,AgentB wins,20.33,0,0,0,0,0,0,0,0,0,0
92,AgentA wins,17.33,0,0,0,0,0,0,0,0,0,0
93,AgentA wins,17.33,0,0,0,0,0,0,0,0,0,0
94,AgentA wins,17.33,0,0,0,0,0,0,0,0,0,0
95,AgentA wins,17.33,0,0,0,0,0,0,0,0,0,0
96,AgentA wins,17.33,0,0,0,0,0,0,0,0,0,0
97,AgentA wins,17.33,0,0,0,0,0,0,0,0,0,0
98,AgentA wins,17.33,0,0,0,0,0,0,0,0,0,0
99,AgentA wins,17.33,0,0,0,0,0,0,0,0,0,0
100,AgentA wins,19.67,0,0,0,0,0,0,0,0,0,0
61,AgentA wins,20.67,0,0,0,0,0,0,0,0,0,0
62,AgentA wins,17.33,0,0,0,0,0,0,0,0,0,0
63,AgentA wins,33.33,0,0,0,0,0,0,0,0,0,0
64,AgentA wins,31.33,0,0,0,0,0,0,0,0,0,0
65,AgentA wins,28.67,0,0,0,0,0,0,0,0,0,0
66,AgentA wins,20.67,0,0,0,0,0,0,0,0,0,0
67,AgentA wins,17.67,0,0,0,0,0,0,0,0,0,0
68,AgentA wins,20.00,0,0,0,0,0,0,0,0,0,0
69,AgentA wins,58.67,0,0,0,0,0,0,0,0,0,0
70,AgentA wins,25.00,0,0,0,0,0,0,0,0,0,0
61,AgentA wins,23.00,0,0,0,0,0,0,0,0,0,0
62,AgentA wins,19.67,0,0,0,0,0,0,0,0,0,0
63,AgentA wins,17.33,0,0,0,0,0,0,0,0,0,0
64,AgentA wins,17.33,0,0,0,0,0,0,0,0,0,0
65,AgentA wins,18.67,0,0,0,0,0,0,0,0,0,0
66,AgentA wins,20.00,0,0,0,0,0,0,0,0,0,0
67,AgentA wins,17.67,0,0,0,0,0,0,0,0,0,0
68,AgentA wins,17.33,0,0,0,0,0,0,0,0,0,0
69,AgentA wins,17.33,0,0,0,0,0,0,0,0,0,0
70,AgentA wins,20.33,0,0,0,0,0,0,0,0,0,0
61,AgentA wins,32.67,0,0,0,0,0,0,0,0,0,0
62,AgentA wins,16.00,0,0,0,0,0,0,0,0,0,0
63,AgentA wins,18.67,0,0,0,0,0,0,0,0,0,0
64,AgentA wins,18.67,0,0,0,0,0,0,0,0,0,0
65,AgentB wins,29.67,0,0,0,0,0,0,0,0,0,0
66,AgentA wins,41.00,0,0,0,0,0,0,0,0,0,0
67,AgentA wins,26.67,0,0,0,0,0,0,0,0,0,0
68,AgentA wins,23.67,0,0,0,0,0,0,0,0,0,0
69,timeout draw,60.00,0,0,0,0,0,0,0,0,0,0
70,AgentA wins,19.67,0,0,0,0,0,0,0,0,0,0
61,AgentA wins,41.00,0,0,0,0,0,0,0,0,0,0
62,AgentA wins,29.00,0,0,0,0,0,0,0,0,0,0
63,AgentA wins,33.33,0,0,0,0,0,0,0,0,0,0
64,AgentA wins,36.00,0,0,0,0,0,0,0,0,0,0
65,AgentA wins,26.33,0,0,0,0,0,0,0,0,0,0
66,timeout draw,60.00,0,0,0,0,0,0,0,0,0,0
67,AgentA wins,15.67,0,0,0,0,0,0,0,0,0,0
68,AgentA wins,49.67,0,0,0,0,0,0,0,0,0,0
69,AgentA wins,17.67,0,0,0,0,0,0,0,0,0,0
70,AgentA wins,22.33,0,0,0,0,0,0,0,0,0,0
61,AgentA wins,21.67,0,0,0,0,0,0,0,0,0,0
62,AgentA wins,17.67,0,0,0,0,0,0,0,0,0,0
63,AgentA wins,29.67,0,0,0,0,0,0,0,0,0,0
64,AgentB wins,46.33,0,0,0,0,0,0,0,0,0,0
65,AgentA wins,33.67,0,0,0,0,0,0,0,0,0,0
66,AgentA wins,17.33,0,0,0,0,0,0,0,0,0,0
67,AgentB wins,38.67,0,0,0,0,0,0,0,0,0,0
68,AgentA wins,20.00,0,0,0,0,0,0,0,0,0,0
69,AgentA wins,17.33,0,0,0,0,0,0,0,0,0,0
70,AgentA wins,21.00,0,0,0,0,0,0,0,0,0,0
91,AgentA wins,28.00,0,0,0,0,0,0,0,0,0,0
92,AgentA wins,17.67,0,0,0,0,0,0,0,0,0,0
93,AgentA wins,20.00,0,0,0,0,0,0,0,0,0,0
94,AgentA wins,17.33,0,0,0,0,0,0,0,0,0,0
95,AgentA wins,17.33,0,0,0,0,0,0,0,0,0,0
96,AgentA wins,17.33,0,0,0,0,0,0,0,0,0,0
97,AgentA wins,20.00,0,0,0,0,0,0,0,0,0,0
98,AgentA wins,20.00,0,0,0,0,0,0,0,0,0,0
99,AgentA wins,19.33,0,0,0,0,0,0,0,0,0,0
100,AgentA wins,19.67,0,0,0,0,0,0,0,0,0,0
61,AgentA wins,46.00,0,0,0,0,0,0,0,0,0,0
62,AgentA wins,20.33,0,0,0,0,0,0,0,0,0,0
63,AgentA wins,21.67,0,0,0,0,0,0,0,0,0,0
64,AgentA wins,26.67,0,0,0,0,0,0,0,0,0,0
65,AgentA wins,48.67,0,0,0,0,0,0,0,0,0,0
66,AgentA wins,39.67,0,0,0,0,0,0,0,0,0,0
67,AgentA wins,30.33,0,0,0,0,0,0,0,0,0,0
68,AgentA wins,40.67,0,0,0,0,0,0,0,0,0,0
69,AgentA wins,17.67,0,0,0,0,0,0,0,0,0,0
70,timeout draw,60.00,0,0,0,0,0,0,0,0,0,0
61,AgentA wins,24.00,0,0,0,0,0,0,0,0,0,0
62,AgentA wins,18.33,0,0,0,0,0,0,0,0,0,0
63,AgentA wins,27.67,0,0,0,0,0,0,0,0,0,0
64,AgentA wins,34.67,0,0,0,0,0,0,0,0,0,0
65,AgentA wins,20.67,0,0,0,0,0,0,0,0,0,0
66,AgentA wins,22.33,0,0,0,0,0,0,0,0,0,0
67,AgentA wins,17.67,0,0,0,0,0,0,0,0,0,0
68,AgentA wins,21.00,0,0,0,0,0,0,0,0,0,0
69,AgentA wins,17.67,0,0,0,0,0,0,0,0,0,0
70,AgentA wins,47.67,0,0,0,0,0,0,0,0,0,0
61,AgentA wins,18.33,0,0,0,0,0,0,0,0,0,0
62,AgentA wins,29.67,0,0,0,0,0,0,0,0,0,0
63,AgentA wins,27.00,0,0,0,0,0,0,0,0,0,0
64,AgentB wins,29.67,0,0,0,0,0,0,0,0,0,0
65,AgentB wins,44.67,0,0,0,0,0,0,0,0,0,0
66,AgentA wins,27.00,0,0,0,0,0,0,0,0,0,0
67,AgentA wins,48.33,0,0,0,0,0,0,0,0,0,0
68,AgentA wins,19.00,0,0,0,0,0,0,0,0,0,0
69,AgentA wins,23.67,0,0,0,0,0,0,0,0,0,0
70,AgentA wins,20.33,0,0,0,0,0,0,0,0,0,0
61,AgentA wins,17.33,0,0,0,0,0,0,0,0,0,0
62,AgentA wins,19.67,0,0,0,0,0,0,0,0,0,0
63,AgentA wins,17.67,0,0,0,0,0,0,0,0,0,0
64,AgentA wins,20.33,0,0,0,0,0,0,0,0,0,0
65,AgentA wins,25.67,0,0,0,0,0,0,0,0,0,0
66,timeout draw,60.00,0,0,0,0,0,0,0,0,0,0
67,timeout draw,60.00,0,0,0,0,0,0,0,0,0,0
68,timeout draw,60.00,0,0,0,0,0,0,0,0,0,0
69,timeout draw,60.00,0,0,0,0,0,0,0,0,0,0
70,timeout draw,60.00,0,0,0,0,0,0,0,0,0,0
61,AgentA wins,17.33,0,0,0,0,0,0,0,0,0,0
62,AgentA wins,17.33,0,0,0,0,0,0,0,0,0,0
63,AgentA wins,20.00,0,0,0,0,0,0,0,0,0,0
64,AgentA wins,19.67,0,0,0,0,0,0,0,0,0,0
65,AgentA wins,15.67,0,0,0,0,0,0,0,0,0,0
66,AgentA wins,20.33,0,0,0,0,0,0,0,0,0,0
67,AgentA wins,20.00,0,0,0,0,0,0,0,0,0,0
68,AgentA wins,17.67,0,0,0,0,0,0,0,0,0,0
69,timeout draw,60.00,0,0,0,0,0,0,0,0,0,0
70,AgentA wins,46.67,0,0,0,0,0,0,0,0,0,0
71,AgentA wins,23.33,0,0,0,0,0,0,0,0,0,0
72,AgentA wins,22.67,0,0,0,0,0,0,0,0,0,0
73,timeout draw,60.00,0,0,0,0,0,0,0,0,0,0
74,AgentA wins,23.00,0,0,0,0,0,0,0,0,0,0
75,timeout draw,60.00,0,0,0,0,0,0,0,0,0,0
76,AgentA wins,44.67,0,0,0,0,0,0,0,0,0,0
77,AgentA wins,59.00,0,0,0,0,0,0,0,0,0,0
78,AgentA wins,22.33,0,0,0,0,0,0,0,0,0,0
79,AgentA wins,49.67,0,0,0,0,0,0,0,0,0,0
80,timeout draw,60.00,0,0,0,0,0,0,0,0,0,0
71,AgentB wins,36.00,457,358,50,200,0,318,0,48,61,68
72,AgentA wins,43.67,563,433,55,251,0,408,0,53,100,81
73,AgentA wins,18.33,225,185,29,102,0,162,0,21,27,42
74,AgentA wins,55.67,709,549,77,255,0,492,0,71,124,109
75,AgentA wins,45.00,579,458,59,228,0,395,0,48,80,94
76,AgentA wins,31.00,380,300,49,166,0,270,0,43,46,84
77,AgentB wins,31.67,401,297,51,167,0,284,0,41,56,81
78,AgentA wins,42.33,528,396,72,209,0,373,0,54,67,107
79,AgentB wins,39.67,485,379,71,154,0,361,0,52,85,111
80,AgentA wins,17.67,222,164,30,91,0,155,0,26,36,48
61,AgentA wins,26.00,0,0,0,0,0,0,0,0,0,0
62,timeout draw,60.00,0,0,0,0,0,0,0,0,0,0
63,AgentA wins,18.00,0,0,0,0,0,0,0,0,0,0
64,AgentA wins,26.00,0,0,0,0,0,0,0,0,0,0
65,AgentA wins,37.67,0,0,0,0,0,0,0,0,0,0
66,AgentA wins,15.33,0,0,0,0,0,0,0,0,0,0
67,timeout draw,60.00,0,0,0,0,0,0,0,0,0,0
68,AgentA wins,41.67,0,0,0,0,0,0,0,0,0,0
69,AgentA wins,20.33,0,0,0,0,0,0,0,0,0,0
70,AgentA wins,17.33,0,0,0,0,0,0,0,0,0,0
61,AgentA wins,44.33,0,0,0,0,0,0,0,0,0,0
62,AgentA wins,32.33,0,0,0,0,0,0,0,0,0,0
63,AgentA wins,22.33,0,0,0,0,0,0,0,0,0,0
64,timeout draw,60.00,0,0,0,0,0,0,0,0,0,0
65,timeout draw,60.00,0,0,0,0,0,0,0,0,0,0
66,AgentA wins,27.00,0,0,0,0,0,0,0,0,0,0
67,AgentA wins,41.67,0,0,0,0,0,0,0,0,0,0
68,AgentA wins,26.00,0,0,0,0,0,0,0,0,0,0
69,timeout draw,60.00,0,0,0,0,0,0,0,0,0,0
70,AgentA wins,32.67,0,0,0,0,0,0,0,0,0,0
71,AgentA wins,17.67,0,0,0,0,0,0,0,0,0,0
72,AgentA wins,17.33,0,0,0,0,0,0,0,0,0,0
73,AgentA wins,17.33,0,0,0,0,0,0,0,0,0,0
74,AgentA wins,17.67,0,0,0,0,0,0,0,0,0,0
75,AgentA wins,18.00,0,0,0,0,0,0,0,0,0,0
76,AgentA wins,17.33,0,0,0,0,0,0,0,0,0,0
77,AgentA wins,20.00,0,0,0,0,0,0,0,0,0,0
78,AgentA wins,17.33,0,0,0,0,0,0,0,0,0,0
79,AgentA wins,23.00,0,0,0,0,0,0,0,0,0,0
80,AgentB wins,26.67,0,0,0,0,0,0,0,0,0,0
61,AgentA wins,15.67,0,0,0,0,0,0,0,0,0,0
62,AgentB wins,38.67,0,0,0,0,0,0,0,0,0,0
63,AgentA wins,50.67,0,0,0,0,0,0,0,0,0,0
64,AgentA wins,36.67,0,0,0,0,0,0,0,0,0,0
65,AgentB wins,35.67,0,0,0,0,0,0,0,0,0,0
66,timeout draw,60.00,0,0,0,0,0,0,0,0,0,0
67,AgentA wins,24.33,0,0,0,0,0,0,0,0,0,0
68,AgentA wins,43.00,0,0,0,0,0,0,0,0,0,0
69,AgentA wins,21.00,0,0,0,0,0,0,0,0,0,0
70,AgentA wins,41.67,0,0,0,0,0,0,0,0,0,0
61,AgentA wins,33.00,0,0,0,0,0,0,0,0,0,0
62,AgentA wins,34.67,0,0,0,0,0,0,0,0,0,0
63,timeout draw,60.00,0,0,0,0,0,0,0,0,0,0
64,timeout draw,60.00,0,0,0,0,0,0,0,0,0,0
65,AgentA wins,17.67,0,0,0,0,0,0,0,0,0,0
66,AgentA wins,17.33,0,0,0,0,0,0,0,0,0,0
67,AgentA wins,31.00,0,0,0,0,0,0,0,0,0,0
68,AgentA wins,35.67,0,0,0,0,0,0,0,0,0,0
69,AgentB wins,20.33,0,0,0,0,0,0,0,0,0,0
70,AgentA wins,26.33,0,0,0,0,0,0,0,0,0,0
71,AgentA wins,17.33,0,0,0,0,0,0,0,0,0,0
72,AgentA wins,20.33,0,0,0,0,0,0,0,0,0,0
73,AgentA wins,28.33,0,0,0,0,0,0,0,0,0,0
74,AgentA wins,25.33,0,0,0,0,0,0,0,0,0,0
75,AgentA wins,17.33,0,0,0,0,0,0,0,0,0,0
76,timeout draw,60.00,0,0,0,0,0,0,0,0,0,0
77,AgentA wins,27.33,0,0,0,0,0,0,0,0,0,0
78,AgentA wins,21.33,0,0,0,0,0,0,0,0,0,0
79,AgentA wins,20.33,0,0,0,0,0,0,0,0,0,0
80,AgentA wins,24.00,0,0,0,0,0,0,0,0,0,0
91,AgentA wins,17.33,0,0,0,0,0,0,0,0,0,0
92,AgentA wins,17.33,0,0,0,0,0,0,0,0,0,0
93,AgentA wins,20.00,0,0,0,0,0,0,0,0,0,0
94,AgentA wins,20.33,0,0,0,0,0,0,0,0,0,0
95,AgentA wins,40.33,0,0,0,0,0,0,0,0,0,0
96,AgentA wins,20.00,0,0,0,0,0,0,0,0,0,0
97,AgentA wins,20.00,0,0,0,0,0,0,0,0,0,0
98,AgentA wins,17.33,0,0,0,0,0,0,0,0,0,0
99,AgentB wins,26.00,0,0,0,0,0,0,0,0,0,0
100,AgentA wins,17.67,0,0,0,0,0,0,0,0,0,0
101,AgentA wins,18.00,0,0,0,0,0,0,0,0,0,0
102,AgentA wins,20.33,0,0,0,0,0,0,0,0,0,0
103,AgentA wins,23.67,0,0,0,0,0,0,0,0,0,0
104,AgentA wins,18.33,0,0,0,0,0,0,0,0,0,0
105,AgentA wins,17.33,0,0,0,0,0,0,0,0,0,0
106,AgentA wins,22.67,0,0,0,0,0,0,0,0,0,0
107,AgentA wins,27.67,0,0,0,0,0,0,0,0,0,0
108,AgentA wins,20.33,0,0,0,0,0,0,0,0,0,0
109,AgentA wins,16.33,0,0,0,0,0,0,0,0,0,0
110,AgentA wins,18.33,0,0,0,0,0,0,0,0,0,0
61,AgentA wins,36.00,0,0,0,0,0,0,0,0,0,0
62,AgentA wins,20.67,0,0,0,0,0,0,0,0,0,0
63,AgentA wins,34.00,0,0,0,0,0,0,0,0,0,0
64,AgentA wins,39.33,0,0,0,0,0,0,0,0,0,0
65,AgentA wins,18.00,0,0,0,0,0,0,0,0,0,0
66,AgentB wins,22.33,0,0,0,0,0,0,0,0,0,0
67,AgentA wins,27.67,0,0,0,0,0,0,0,0,0,0
68,timeout draw,60.00,0,0,0,0,0,0,0,0,0,0
69,AgentA wins,21.00,0,0,0,0,0,0,0,0,0,0
70,AgentA wins,21.33,0,0,0,0,0,0,0,0,0,0
61,timeout draw,60.00,0,0,0,0,0,0,0,0,0,0
62,timeout draw,60.00,0,0,0,0,0,0,0,0,0,0
63,AgentB wins,41.00,0,0,0,0,0,0,0,0,0,0
64,AgentA wins,45.33,0,0,0,0,0,0,0,0,0,0
65,timeout draw,60.00,0,0,0,0,0,0,0,0,0,0
66,AgentA wins,17.67,0,0,0,0,0,0,0,0,0,0
67,AgentA wins,22.33,0,0,0,0,0,0,0,0,0,0
68,AgentA wins,26.00,0,0,0,0,0,0,0,0,0,0
69,AgentA wins,20.33,0,0,0,0,0,0,0,0,0,0
70,AgentA wins,17.33,0,0,0,0,0,0,0,0,0,0
61,AgentA wins,30.67,0,0,0,0,0,0,0,0,0,0
62,AgentB wins,42.33,0,0,0,0,0,0,0,0,0,0
63,AgentA wins,28.33,0,0,0,0,0,0,0,0,0,0
64,AgentA wins,22.00,0,0,0,0,0,0,0,0,0,0
65,AgentA wins,54.67,0,0,0,0,0,0,0,0,0,0
66,timeout draw,60.00,0,0,0,0,0,0,0,0,0,0
67,AgentA wins,25.00,0,0,0,0,0,0,0,0,0,0
68,timeout draw,60.00,0,0,0,0,0,0,0,0,0,0
69,AgentA wins,37.67,0,0,0,0,0,0,0,0,0,0
70,AgentB wins,35.00,0,0,0,0,0,0,0,0,0,0
61,AgentA wins,35.33,0,0,0,0,0,0,0,0,0,0
62,AgentA wins,30.33,0,0,0,0,0,0,0,0,0,0
63,AgentA wins,38.33,0,0,0,0,0,0,0,0,0,0
64,AgentA wins,18.33,0,0,0,0,0,0,0,0,0,0
65,AgentB wins,20.33,0,0,0,0,0,0,0,0,0,0
66,AgentA wins,20.33,0,0,0,0,0,0,0,0,0,0
67,AgentB wins,23.67,0,0,0,0,0,0,0,0,0,0
68,AgentA wins,30.00,0,0,0,0,0,0,0,0,0,0
69,AgentA wins,25.67,0,0,0,0,0,0,0,0,0,0
70,AgentA wins,37.33,0,0,0,0,0,0,0,0,0,0
71,AgentA wins,22.33,0,0,0,0,0,0,0,0,0,0
72,AgentA wins,20.33,0,0,0,0,0,0,0,0,0,0
73,AgentA wins,13.00,0,0,0,0,0,0,0,0,0,0
74,AgentA wins,22.67,0,0,0,0,0,0,0,0,0,0
75,AgentA wins,17.33,0,0,0,0,0,0,0,0,0,0
76,AgentA wins,17.33,0,0,0,0,0,0,0,0,0,0
77,AgentB wins,58.33,0,0,0,0,0,0,0,0,0,0
78,AgentA wins,31.00,0,0,0,0,0,0,0,0,0,0
79,AgentB wins,32.67,0,0,0,0,0,0,0,0,0,0
80,AgentA wins,28.00,0,0,0,0,0,0,0,0,0,0
71,AgentA wins,21.00,0,0,0,0,0,0,0,0,0,0
72,AgentA wins,23.33,0,0,0,0,0,0,0,0,0,0
73,AgentA wins,35.67,0,0,0,0,0,0,0,0,0,0
74,AgentA wins,35.00,0,0,0,0,0,0,0,0,0,0
75,AgentA wins,30.67,0,0,0,0,0,0,0,0,0,0
76,AgentA wins,24.67,0,0,0,0,0,0,0,0,0,0
77,AgentA wins,26.33,0,0,0,0,0,0,0,0,0,0
78,AgentA wins,20.00,0,0,0,0,0,0,0,0,0,0
79,AgentA wins,17.33,0,0,0,0,0,0,0,0,0,0
80,AgentA wins,22.00,0,0,0,0,0,0,0,0,0,0
101,AgentA wins,20.00,0,0,0,0,0,0,0,0,0,0
102,AgentA wins,17.67,0,0,0,0,0,0,0,0,0,0
103,AgentA wins,18.67,0,0,0,0,0,0,0,0,0,0
104,AgentA wins,17.67,0,0,0,0,0,0,0,0,0,0
105,AgentA wins,17.67,0,0,0,0,0,0,0,0,0,0
106,AgentA wins,18.00,0,0,0,0,0,0,0,0,0,0
107,AgentA wins,17.33,0,0,0,0,0,0,0,0,0,0
108,AgentA wins,23.33,0,0,0,0,0,0,0,0,0,0
109,AgentA wins,20.33,0,0,0,0,0,0,0,0,0,0
110,AgentA wins,17.00,0,0,0,0,0,0,0,0,0,0
61,AgentB wins,31.33,0,0,0,0,0,0,0,0,0,0
62,AgentA wins,41.00,0,0,0,0,0,0,0,0,0,0
63,timeout draw,60.00,0,0,0,0,0,0,0,0,0,0
64,AgentA wins,20.33,0,0,0,0,0,0,0,0,0,0
65,AgentB wins,48.33,0,0,0,0,0,0,0,0,0,0
66,AgentA wins,40.00,0,0,0,0,0,0,0,0,0,0
67,AgentA wins,24.00,0,0,0,0,0,0,0,0,0,0
68,AgentA wins,31.33,0,0,0,0,0,0,0,0,0,0
69,AgentA wins,34.00,0,0,0,0,0,0,0,0,0,0
70,timeout draw,60.00,0,0,0,0,0,0,0,0,0,0
61,AgentA wins,41.67,0,0,0,0,0,0,0,0,0,0
62,AgentB wins,22.00,0,0,0,0,0,0,0,0,0,0
63,AgentA wins,17.33,0,0,0,0,0,0,0,0,0,0
64,AgentA wins,30.33,0,0,0,0,0,0,0,0,0,0
65,timeout draw,60.00,0,0,0,0,0,0,0,0,0,0
66,AgentA wins,34.67,0,0,0,0,0,0,0,0,0,0
67,AgentA wins,21.00,0,0,0,0,0,0,0,0,0,0
68,AgentA wins,32.00,0,0,0,0,0,0,0,0,0,0
69,AgentB wins,28.67,0,0,0,0,0,0,0,0,0,0
70,AgentB wins,34.33,0,0,0,0,0,0,0,0,0,0
71,AgentA wins,34.33,0,0,0,0,0,0,0,0,0,0
72,AgentA wins,30.33,0,0,0,0,0,0,0,0,0,0
73,AgentA wins,18.33,0,0,0,0,0,0,0,0,0,0
74,AgentA wins,28.00,0,0,0,0,0,0,0,0,0,0
75,AgentA wins,17.67,0,0,0,0,0,0,0,0,0,0
76,AgentB wins,23.67,0,0,0,0,0,0,0,0,0,0
77,AgentA wins,32.67,0,0,0,0,0,0,0,0,0,0
78,AgentA wins,20.67,0,0,0,0,0,0,0,0,0,0
79,AgentA wins,20.00,0,0,0,0,0,0,0,0,0,0
80,AgentB wins,44.33,0,0,0,0,0,0,0,0,0,0
71,AgentA wins,40.33,0,0,0,0,0,0,0,0,0,0
72,AgentB wins,39.67,0,0,0,0,0,0,0,0,0,0
73,AgentB wins,49.67,0,0,0,0,0,0,0,0,0,0
74,AgentA wins,29.00,0,0,0,0,0,0,0,0,0,0
75,AgentB wins,32.67,0,0,0,0,0,0,0,0,0,0
76,AgentB wins,38.00,0,0,0,0,0,0,0,0,0,0
77,AgentA wins,20.00,0,0,0,0,0,0,0,0,0,0
78,AgentA wins,23.67,0,0,0,0,0,0,0,0,0,0
79,AgentA wins,34.33,0,0,0,0,0,0,0,0,0,0
80,AgentA wins,22.00,0,0,0,0,0,0,0,0,0,0
61,timeout draw,60.00,0,0,0,0,0,0,0,0,0,0
62,timeout draw,60.00,0,0,0,0,0,0,0,0,0,0
63,AgentA wins,38.33,0,0,0,0,0,0,0,0,0,0
64,timeout draw,60.00,0,0,0,0,0,0,0,0,0,0
65,AgentA wins,17.33,0,0,0,0,0,0,0,0,0,0
66,timeout draw,60.00,0,0,0,0,0,0,0,0,0,0
67,AgentA wins,41.67,0,0,0,0,0,0,0,0,0,0
68,AgentA wins,23.33,0,0,0,0,0,0,0,0,0,0
69,AgentA wins,17.67,0,0,0,0,0,0,0,0,0,0
70,AgentA wins,19.33,0,0,0,0,0,0,0,0,0,0
71,AgentA wins,17.00,0,0,0,0,0,0,0,0,0,0
72,AgentA wins,30.33,0,0,0,0,0,0,0,0,0,0
73,AgentA wins,22.00,0,0,0,0,0,0,0,0,0,0
74,AgentA wins,36.67,0,0,0,0,0,0,0,0,0,0
75,AgentA wins,42.00,0,0,0,0,0,0,0,0,0,0
76,AgentA wins,22.00,0,0,0,0,0,0,0,0,0,0
77,AgentB wins,50.00,0,0,0,0,0,0,0,0,0,0
78,AgentA wins,43.00,0,0,0,0,0,0,0,0,0,0
79,AgentA wins,55.00,0,0,0,0,0,0,0,0,0,0
80,AgentB wins,46.00,0,0,0,0,0,0,0,0,0,0
61,timeout draw,60.00,0,0,0,0,0,0,0,0,0,0
62,timeout draw,60.00,0,0,0,0,0,0,0,0,0,0
63,AgentA wins,32.33,0,0,0,0,0,0,0,0,0,0
64,timeout draw,60.00,0,0,0,0,0,0,0,0,0,0
65,AgentA wins,24.00,0,0,0,0,0,0,0,0,0,0
66,AgentA wins,20.33,0,0,0,0,0,0,0,0,0,0
67,AgentA wins,26.67,0,0,0,0,0,0,0,0,0,0
68,AgentB wins,24.33,0,0,0,0,0,0,0,0,0,0
69,AgentB wins,29.67,0,0,0,0,0,0,0,0,0,0
70,AgentB wins,32.33,0,0,0,0,0,0,0,0,0,0
81,AgentA wins,19.33,0,0,0,0,0,0,0,0,0,0
82,AgentA wins,17.67,0,0,0,0,0,0,0,0,0,0
83,AgentA wins,17.67,0,0,0,0,0,0,0,0,0,0
84,AgentA wins,20.33,0,0,0,0,0,0,0,0,0,0
85,AgentA wins,20.33,0,0,0,0,0,0,0,0,0,0
86,AgentB wins,23.33,0,0,0,0,0,0,0,0,0,0
87,AgentA wins,17.67,0,0,0,0,0,0,0,0,0,0
88,AgentA wins,17.00,0,0,0,0,0,0,0,0,0,0
89,AgentA wins,17.33,0,0,0,0,0,0,0,0,0,0
90,AgentA wins,23.33,0,0,0,0,0,0,0,0,0,0
61,AgentB wins,39.67,0,0,0,0,0,0,0,0,0,0
62,AgentA wins,46.00,0,0,0,0,0,0,0,0,0,0
63,AgentA wins,48.67,0,0,0,0,0,0,0,0,0,0
64,timeout draw,60.00,0,0,0,0,0,0,0,0,0,0
65,AgentA wins,20.67,0,0,0,0,0,0,0,0,0,0
66,AgentB wins,45.00,0,0,0,0,0,0,0,0,0,0
67,AgentA wins,44.33,0,0,0,0,0,0,0,0,0,0
68,AgentA wins,41.67,0,0,0,0,0,0,0,0,0,0
69,AgentA wins,19.33,0,0,0,0,0,0,0,0,0,0
70,AgentA wins,20.67,0,0,0,0,0,0,0,0,0,0
71,AgentA wins,25.00,0,0,0,0,0,0,0,0,0,0
72,AgentA wins,24.33,0,0,0,0,0,0,0,0,0,0
73,AgentB wins,46.00,0,0,0,0,0,0,0,0,0,0
74,AgentA wins,35.67,0,0,0,0,0,0,0,0,0,0
75,AgentA wins,31.67,0,0,0,0,0,0,0,0,0,0
76,AgentA wins,18.33,0,0,0,0,0,0,0,0,0,0
77,AgentA wins,32.33,0,0,0,0,0,0,0,0,0,0
78,AgentA wins,24.00,0,0,0,0,0,0,0,0,0,0
79,AgentA wins,19.00,0,0,0,0,0,0,0,0,0,0
80,AgentA wins,21.33,0,0,0,0,0,0,0,0,0,0
71,timeout draw,60.00,0,0,0,0,0,0,0,0,0,0
72,AgentA wins,36.33,0,0,0,0,0,0,0,0,0,0
73,AgentA wins,47.00,0,0,0,0,0,0,0,0,0,0
74,AgentA wins,17.67,0,0,0,0,0,0,0,0,0,0
75,AgentA wins,17.33,0,0,0,0,0,0,0,0,0,0
76,AgentA wins,50.67,0,0,0,0,0,0,0,0,0,0
77,AgentA wins,19.00,0,0,0,0,0,0,0,0,0,0
78,AgentB wins,38.00,0,0,0,0,0,0,0,0,0,0
79,AgentA wins,31.33,0,0,0,0,0,0,0,0,0,0
80,AgentA wins,17.67,0,0,0,0,0,0,0,0,0,0
71,timeout draw,60.00,0,0,0,0,0,0,0,0,0,0
72,AgentB wins,43.00,0,0,0,0,0,0,0,0,0,0
73,AgentA wins,38.67,0,0,0,0,0,0,0,0,0,0
74,AgentA wins,38.33,0,0,0,0,0,0,0,0,0,0
75,timeout draw,60.00,0,0,0,0,0,0,0,0,0,0
76,AgentA wins,22.00,0,0,0,0,0,0,0,0,0,0
77,AgentB wins,43.00,0,0,0,0,0,0,0,0,0,0
78,AgentA wins,22.33,0,0,0,0,0,0,0,0,0,0
79,AgentA wins,18.33,0,0,0,0,0,0,0,0,0,0
80,AgentA wins,43.00,0,0,0,0,0,0,0,0,0,0
71,AgentA wins,20.67,0,0,0,0,0,0,0,0,0,0
72,AgentA wins,17.33,0,0,0,0,0,0,0,0,0,0
73,AgentA wins,17.00,0,0,0,0,0,0,0,0,0,0
74,AgentA wins,20.00,0,0,0,0,0,0,0,0,0,0
75,AgentB wins,14.00,0,0,0,0,0,0,0,0,0,0
76,AgentA wins,17.67,0,0,0,0,0,0,0,0,0,0
77,AgentA wins,17.33,0,0,0,0,0,0,0,0,0,0
78,AgentA wins,34.00,0,0,0,0,0,0,0,0,0,0
79,AgentA wins,23.33,0,0,0,0,0,0,0,0,0,0
80,AgentA wins,38.00,0,0,0,0,0,0,0,0,0,0
71,AgentA wins,21.00,0,0,0,0,0,0,0,0,0,0
72,timeout draw,60.00,0,0,0,0,0,0,0,0,0,0
73,AgentA wins,36.67,0,0,0,0,0,0,0,0,0,0
74,AgentB wins,50.00,0,0,0,0,0,0,0,0,0,0
75,AgentA wins,38.33,0,0,0,0,0,0,0,0,0,0
76,timeout draw,60.00,0,0,0,0,0,0,0,0,0,0
77,AgentA wins,43.67,0,0,0,0,0,0,0,0,0,0
78,AgentA wins,17.67,0,0,0,0,0,0,0,0,0,0
79,AgentB wins,39.67,0,0,0,0,0,0,0,0,0,0
80,AgentA wins,34.00,0,0,0,0,0,0,0,0,0,0
71,timeout draw,60.00,0,0,0,0,0,0,0,0,0,0
72,timeout draw,60.00,0,0,0,0,0,0,0,0,0,0
73,AgentA wins,21.00,0,0,0,0,0,0,0,0,0,0
74,AgentA wins,20.00,0,0,0,0,0,0,0,0,0,0
75,AgentA wins,20.33,0,0,0,0,0,0,0,0,0,0
76,AgentA wins,21.00,0,0,0,0,0,0,0,0,0,0
77,AgentA wins,17.33,0,0,0,0,0,0,0,0,0,0
78,AgentB wins,38.33,0,0,0,0,0,0,0,0,0,0
79,AgentA wins,40.00,0,0,0,0,0,0,0,0,0,0
80,AgentA wins,20.00,0,0,0,0,0,0,0,0,0,0
71,AgentA wins,18.33,0,0,0,0,0,0,0,0,0,0
72,AgentA wins,40.00,0,0,0,0,0,0,0,0,0,0
73,AgentB wins,27.00,0,0,0,0,0,0,0,0,0,0
74,AgentA wins,49.33,0,0,0,0,0,0,0,0,0,0
75,AgentB wins,53.67,0,0,0,0,0,0,0,0,0,0
76,AgentA wins,28.33,0,0,0,0,0,0,0,0,0,0
77,AgentA wins,56.67,0,0,0,0,0,0,0,0,0,0
78,AgentA wins,18.67,0,0,0,0,0,0,0,0,0,0
79,AgentA wins,43.00,0,0,0,0,0,0,0,0,0,0
80,AgentB wins,24.33,0,0,0,0,0,0,0,0,0,0
101,AgentA wins,21.33,0,0,0,0,0,0,0,0,0,0
102,AgentA wins,17.33,0,0,0,0,0,0,0,0,0,0
103,AgentA wins,18.33,0,0,0,0,0,0,0,0,0,0
104,AgentA wins,20.67,0,0,0,0,0,0,0,0,0,0
105,AgentA wins,28.00,0,0,0,0,0,0,0,0,0,0
106,AgentA wins,20.33,0,0,0,0,0,0,0,0,0,0
107,AgentA wins,17.67,0,0,0,0,0,0,0,0,0,0
108,AgentA wins,26.67,0,0,0,0,0,0,0,0,0,0
109,AgentA wins,18.67,0,0,0,0,0,0,0,0,0,0
110,AgentA wins,20.33,0,0,0,0,0,0,0,0,0,0
111,AgentA wins,17.33,0,0,0,0,0,0,0,0,0,0
112,AgentA wins,20.67,0,0,0,0,0,0,0,0,0,0
113,AgentA wins,17.67,0,0,0,0,0,0,0,0,0,0
114,AgentA wins,20.33,0,0,0,0,0,0,0,0,0,0
115,AgentB wins,14.00,0,0,0,0,0,0,0,0,0,0
116,AgentA wins,21.33,0,0,0,0,0,0,0,0,0,0
117,AgentA wins,17.00,0,0,0,0,0,0,0,0,0,0
118,AgentA wins,20.67,0,0,0,0,0,0,0,0,0,0
119,AgentA wins,28.00,0,0,0,0,0,0,0,0,0,0
120,AgentA wins,20.00,0,0,0,0,0,0,0,0,0,0
71,AgentA wins,32.00,0,0,0,0,0,0,0,0,0,0
72,AgentA wins,33.67,0,0,0,0,0,0,0,0,0,0
73,AgentA wins,19.67,0,0,0,0,0,0,0,0,0,0
74,AgentB wins,23.33,0,0,0,0,0,0,0,0,0,0
75,timeout draw,60.00,0,0,0,0,0,0,0,0,0,0
76,AgentA wins,50.33,0,0,0,0,0,0,0,0,0,0
77,timeout draw,60.00,0,0,0,0,0,0,0,0,0,0
78,AgentA wins,28.33,0,0,0,0,0,0,0,0,0,0
79,AgentA wins,17.33,0,0,0,0,0,0,0,0,0,0
80,AgentA wins,24.67,0,0,0,0,0,0,0,0,0,0
71,AgentA wins,17.67,0,0,0,0,0,0,0,0,0,0
72,AgentA wins,24.33,0,0,0,0,0,0,0,0,0,0
73,timeout draw,60.00,0,0,0,0,0,0,0,0,0,0
74,AgentA wins,45.33,0,0,0,0,0,0,0,0,0,0
75,AgentA wins,58.00,0,0,0,0,0,0,0,0,0,0
76,AgentA wins,25.33,0,0,0,0,0,0,0,0,0,0
77,AgentA wins,29.67,0,0,0,0,0,0,0,0,0,0
78,AgentA wins,26.00,0,0,0,0,0,0,0,0,0,0
79,timeout draw,60.00,0,0,0,0,0,0,0,0,0,0
80,timeout draw,60.00,0,0,0,0,0,0,0,0,0,0
71,AgentA wins,23.67,0,0,0,0,0,0,0,0,0,0
72,AgentA wins,39.67,0,0,0,0,0,0,0,0,0,0
73,timeout draw,60.00,0,0,0,0,0,0,0,0,0,0
74,AgentA wins,22.67,0,0,0,0,0,0,0,0,0,0
75,AgentA wins,21.00,0,0,0,0,0,0,0,0,0,0
76,AgentA wins,34.00,0,0,0,0,0,0,0,0,0,0
77,AgentB wins,36.00,0,0,0,0,0,0,0,0,0,0
78,AgentA wins,22.67,0,0,0,0,0,0,0,0,0,0
79,AgentA wins,17.67,0,0,0,0,0,0,0,0,0,0
80,AgentA wins,21.33,0,0,0,0,0,0,0,0,0,0
81,AgentA wins,27.33,342,269,37,138,0,254,0,30,56,74
82,AgentB wins,26.67,314,259,56,117,0,244,0,27,68,74
83,timeout draw,60.00,730,578,104,301,0,526,0,76,114,159
84,AgentA wins,38.00,451,377,95,170,0,356,0,43,99,105
85,AgentA wins,23.67,283,235,55,136,0,233,0,25,43,79
86,AgentA wins,28.00,347,252,68,127,0,258,0,42,65,77
87,AgentB wins,25.00,300,243,68,126,0,211,0,27,45,67
88,AgentA wins,24.67,296,239,56,100,0,216,0,32,60,57
89,AgentA wins,36.33,437,370,76,170,0,333,0,33,91,109
90,AgentA wins,33.67,405,349,73,148,0,281,0,32,78,78
71,AgentA wins,35.67,0,0,0,0,0,0,0,0,0,0
72,AgentA wins,43.33,0,0,0,0,0,0,0,0,0,0
73,AgentA wins,20.67,0,0,0,0,0,0,0,0,0,0
74,AgentA wins,26.33,0,0,0,0,0,0,0,0,0,0
75,AgentB wins,23.00,0,0,0,0,0,0,0,0,0,0
76,AgentB wins,21.67,0,0,0,0,0,0,0,0,0,0
77,AgentB wins,33.00,0,0,0,0,0,0,0,0,0,0
78,AgentA wins,21.00,0,0,0,0,0,0,0,0,0,0
79,AgentB wins,55.67,0,0,0,0,0,0,0,0,0,0
80,timeout draw,60.00,0,0,0,0,0,0,0,0,0,0
71,AgentA wins,38.67,0,0,0,0,0,0,0,0,0,0
72,AgentA wins,20.00,0,0,0,0,0,0,0,0,0,0
73,AgentA wins,18.33,0,0,0,0,0,0,0,0,0,0
74,AgentB wins,45.67,0,0,0,0,0,0,0,0,0,0
75,AgentA wins,21.33,0,0,0,0,0,0,0,0,0,0
76,AgentB wins,25.33,0,0,0,0,0,0,0,0,0,0
77,AgentB wins,38.00,0,0,0,0,0,0,0,0,0,0
78,AgentA wins,30.00,0,0,0,0,0,0,0,0,0,0
79,AgentA wins,37.33,0,0,0,0,0,0,0,0,0,0
80,AgentA wins,27.00,0,0,0,0,0,0,0,0,0,0
71,AgentA wins,20.33,0,0,0,0,0,0,0,0,0,0
72,AgentA wins,18.33,0,0,0,0,0,0,0,0,0,0
73,timeout draw,60.00,0,0,0,0,0,0,0,0,0,0
74,AgentA wins,50.67,0,0,0,0,0,0,0,0,0,0
75,AgentA wins,17.67,0,0,0,0,0,0,0,0,0,0
76,AgentA wins,20.00,0,0,0,0,0,0,0,0,0,0
77,AgentA wins,23.00,0,0,0,0,0,0,0,0,0,0
78,timeout draw,60.00,0,0,0,0,0,0,0,0,0,0
79,timeout draw,60.00,0,0,0,0,0,0,0,0,0,0
80,AgentA wins,27.33,0,0,0,0,0,0,0,0,0,0
71,AgentA wins,50.67,0,0,0,0,0,0,0,0,0,0
72,AgentA wins,51.67,0,0,0,0,0,0,0,0,0,0
73,AgentA wins,52.00,0,0,0,0,0,0,0,0,0,0
74,timeout draw,60.00,0,0,0,0,0,0,0,0,0,0
75,AgentA wins,22.33,0,0,0,0,0,0,0,0,0,0
76,AgentA wins,58.67,0,0,0,0,0,0,0,0,0,0
77,AgentA wins,17.33,0,0,0,0,0,0,0,0,0,0
78,AgentB wins,40.67,0,0,0,0,0,0,0,0,0,0
79,AgentA wins,43.67,0,0,0,0,0,0,0,0,0,0
80,AgentA wins,49.00,0,0,0,0,0,0,0,0,0,0
81,AgentA wins,28.00,0,0,0,0,0,0,0,0,0,0
82,AgentA wins,18.33,0,0,0,0,0,0,0,0,0,0
83,AgentA wins,33.00,0,0,0,0,0,0,0,0,0,0
84,AgentA wins,33.33,0,0,0,0,0,0,0,0,0,0
85,AgentA wins,17.00,0,0,0,0,0,0,0,0,0,0
86,timeout draw,60.00,0,0,0,0,0,0,0,0,0,0
87,AgentA wins,17.67,0,0,0,0,0,0,0,0,0,0
88,AgentA wins,21.33,0,0,0,0,0,0,0,0,0,0
89,AgentB wins,37.33,0,0,0,0,0,0,0,0,0,0
90,AgentA wins,34.00,0,0,0,0,0,0,0,0,0,0
111,AgentA wins,26.33,0,0,0,0,0,0,0,0,0,0
112,AgentA wins,22.67,0,0,0,0,0,0,0,0,0,0
113,AgentA wins,30.67,0,0,0,0,0,0,0,0,0,0
114,AgentA wins,19.33,0,0,0,0,0,0,0,0,0,0
115,AgentB wins,23.33,0,0,0,0,0,0,0,0,0,0
116,AgentB wins,29.67,0,0,0,0,0,0,0,0,0,0
117,AgentA wins,20.00,0,0,0,0,0,0,0,0,0,0
118,AgentA wins,20.00,0,0,0,0,0,0,0,0,0,0
119,AgentA wins,17.33,0,0,0,0,0,0,0,0,0,0
120,AgentA wins,20.00,0,0,0,0,0,0,0,0,0,0
71,AgentA wins,49.00,0,0,0,0,0,0,0,0,0,0
72,timeout draw,60.00,0,0,0,0,0,0,0,0,0,0
73,AgentA wins,27.33,0,0,0,0,0,0,0,0,0,0
74,AgentA wins,19.67,0,0,0,0,0,0,0,0,0,0
75,AgentA wins,20.00,0,0,0,0,0,0,0,0,0,0
76,AgentA wins,17.67,0,0,0,0,0,0,0,0,0,0
77,AgentA wins,17.67,0,0,0,0,0,0,0,0,0,0
78,AgentB wins,20.33,0,0,0,0,0,0,0,0,0,0
79,AgentA wins,20.00,0,0,0,0,0,0,0,0,0,0
80,AgentA wins,19.33,0,0,0,0,0,0,0,0,0,0
81,AgentA wins,33.67,0,0,0,0,0,0,0,0,0,0
82,timeout draw,60.00,0,0,0,0,0,0,0,0,0,0
83,timeout draw,60.00,0,0,0,0,0,0,0,0,0,0
84,AgentB wins,38.67,0,0,0,0,0,0,0,0,0,0
85,AgentA wins,32.33,0,0,0,0,0,0,0,0,0,0
86,AgentA wins,32.33,0,0,0,0,0,0,0,0,0,0
87,AgentB wins,26.33,0,0,0,0,0,0,0,0,0,0
88,timeout draw,60.00,0,0,0,0,0,0,0,0,0,0
89,AgentB wins,25.00,0,0,0,0,0,0,0,0,0,0
90,AgentA wins,28.33,0,0,0,0,0,0,0,0,0,0
81,AgentB wins,17.67,0,0,0,0,0,0,0,0,0,0
82,AgentA wins,17.33,0,0,0,0,0,0,0,0,0,0
83,AgentB wins,41.33,0,0,0,0,0,0,0,0,0,0
84,AgentA wins,23.00,0,0,0,0,0,0,0,0,0,0
85,AgentB wins,14.67,0,0,0,0,0,0,0,0,0,0
86,AgentB wins,35.33,0,0,0,0,0,0,0,0,0,0
87,AgentA wins,28.67,0,0,0,0,0,0,0,0,0,0
88,AgentA wins,21.00,0,0,0,0,0,0,0,0,0,0
89,AgentA wins,39.67,0,0,0,0,0,0,0,0,0,0
90,AgentA wins,17.67,0,0,0,0,0,0,0,0,0,0
81,AgentA wins,41.00,0,0,0,0,0,0,0,0,0,0
82,AgentA wins,17.67,0,0,0,0,0,0,0,0,0,0
83,AgentA wins,24.67,0,0,0,0,0,0,0,0,0,0
84,AgentA wins,35.33,0,0,0,0,0,0,0,0,0,0
85,AgentA wins,29.67,0,0,0,0,0,0,0,0,0,0
86,AgentA wins,20.33,0,0,0,0,0,0,0,0,0,0
87,AgentA wins,20.67,0,0,0,0,0,0,0,0,0,0
88,AgentA wins,34.67,0,0,0,0,0,0,0,0,0,0
89,AgentA wins,28.33,0,0,0,0,0,0,0,0,0,0
90,AgentA wins,29.00,0,0,0,0,0,0,0,0,0,0
91,AgentA wins,17.67,0,0,0,0,0,0,0,0,0,0
92,AgentA wins,20.33,0,0,0,0,0,0,0,0,0,0
93,AgentA wins,17.67,0,0,0,0,0,0,0,0,0,0
94,AgentA wins,17.33,0,0,0,0,0,0,0,0,0,0
95,AgentA wins,17.67,0,0,0,0,0,0,0,0,0,0
96,AgentA wins,23.00,0,0,0,0,0,0,0,0,0,0
97,AgentA wins,20.00,0,0,0,0,0,0,0,0,0,0
98,AgentA wins,17.67,0,0,0,0,0,0,0,0,0,0
99,AgentA wins,17.33,0,0,0,0,0,0,0,0,0,0
100,AgentA wins,21.00,0,0,0,0,0,0,0,0,0,0
71,AgentA wins,16.33,0,0,0,0,0,0,0,0,0,0
72,AgentB wins,56.00,0,0,0,0,0,0,0,0,0,0
73,timeout draw,60.00,0,0,0,0,0,0,0,0,0,0
74,AgentB wins,30.33,0,0,0,0,0,0,0,0,0,0
75,AgentA wins,27.33,0,0,0,0,0,0,0,0,0,0
76,AgentA wins,30.00,0,0,0,0,0,0,0,0,0,0
77,AgentA wins,21.33,0,0,0,0,0,0,0,0,0,0
78,AgentA wins,18.00,0,0,0,0,0,0,0,0,0,0
79,AgentA wins,21.67,0,0,0,0,0,0,0,0,0,0
80,AgentA wins,17.67,0,0,0,0,0,0,0,0,0,0
71,AgentB wins,29.67,0,0,0,0,0,0,0,0,0,0
72,AgentB wins,21.00,0,0,0,0,0,0,0,0,0,0
73,AgentA wins,25.33,0,0,0,0,0,0,0,0,0,0
74,AgentA wins,33.33,0,0,0,0,0,0,0,0,0,0
75,AgentA wins,33.33,0,0,0,0,0,0,0,0,0,0
76,AgentA wins,48.00,0,0,0,0,0,0,0,0,0,0
77,AgentB wins,52.00,0,0,0,0,0,0,0,0,0,0
78,timeout draw,60.00,0,0,0,0,0,0,0,0,0,0
79,AgentA wins,24.00,0,0,0,0,0,0,0,0,0,0
80,AgentA wins,26.33,0,0,0,0,0,0,0,0,0,0
71,timeout draw,60.00,0,0,0,0,0,0,0,0,0,0
72,AgentA wins,33.67,0,0,0,0,0,0,0,0,0,0
73,AgentA wins,29.00,0,0,0,0,0,0,0,0,0,0
74,AgentA wins,43.00,0,0,0,0,0,0,0,0,0,0
75,AgentA wins,18.67,0,0,0,0,0,0,0,0,0,0
76,timeout draw,60.00,0,0,0,0,0,0,0,0,0,0
77,AgentA wins,26.00,0,0,0,0,0,0,0,0,0,0
78,AgentA wins,59.00,0,0,0,0,0,0,0,0,0,0
79,AgentA wins,21.00,0,0,0,0,0,0,0,0,0,0
80,timeout draw,60.00,0,0,0,0,0,0,0,0,0,0
81,AgentA wins,30.67,0,0,0,0,0,0,0,0,0,0
82,timeout draw,60.00,0,0,0,0,0,0,0,0,0,0
83,AgentA wins,19.67,0,0,0,0,0,0,0,0,0,0
84,AgentB wins,25.67,0,0,0,0,0,0,0,0,0,0
85,AgentA wins,33.33,0,0,0,0,0,0,0,0,0,0
86,AgentA wins,22.67,0,0,0,0,0,0,0,0,0,0
87,AgentA wins,18.33,0,0,0,0,0,0,0,0,0,0
88,AgentA wins,26.00,0,0,0,0,0,0,0,0,0,0
89,AgentA wins,24.67,0,0,0,0,0,0,0,0,0,0
90,AgentA wins,17.33,0,0,0,0,0,0,0,0,0,0
71,AgentA wins,21.67,0,0,0,0,0,0,0,0,0,0
72,AgentA wins,53.00,0,0,0,0,0,0,0,0,0,0
73,timeout draw,60.00,0,0,0,0,0,0,0,0,0,0
74,timeout draw,60.00,0,0,0,0,0,0,0,0,0,0
75,AgentA wins,29.33,0,0,0,0,0,0,0,0,0,0
76,AgentA wins,22.67,0,0,0,0,0,0,0,0,0,0
77,AgentA wins,49.00,0,0,0,0,0,0,0,0,0,0
78,AgentA wins,17.67,0,0,0,0,0,0,0,0,0,0
79,AgentA wins,23.00,0,0,0,0,0,0,0,0,0,0
80,AgentA wins,17.67,0,0,0,0,0,0,0,0,0,0
71,timeout draw,60.00,0,0,0,0,0,0,0,0,0,0
72,AgentB wins,27.67,0,0,0,0,0,0,0,0,0,0
73,AgentB wins,46.00,0,0,0,0,0,0,0,0,0,0
74,AgentA wins,49.33,0,0,0,0,0,0,0,0,0,0
75,AgentA wins,43.00,0,0,0,0,0,0,0,0,0,0
76,AgentA wins,17.00,0,0,0,0,0,0,0,0,0,0
77,AgentB wins,48.67,0,0,0,0,0,0,0,0,0,0
78,AgentA wins,17.67,0,0,0,0,0,0,0,0,0,0
79,AgentA wins,24.67,0,0,0,0,0,0,0,0,0,0
80,AgentA wins,17.67,0,0,0,0,0,0,0,0,0,0
111,AgentA wins,30.67,0,0,0,0,0,0,0,0,0,0
112,AgentA wins,17.67,0,0,0,0,0,0,0,0,0,0
113,AgentA wins,21.00,0,0,0,0,0,0,0,0,0,0
114,AgentA wins,20.33,0,0,0,0,0,0,0,0,0,0
115,AgentB wins,24.33,0,0,0,0,0,0,0,0,0,0
116,AgentA wins,20.33,0,0,0,0,0,0,0,0,0,0
117,AgentB wins,14.00,0,0,0,0,0,0,0,0,0,0
118,AgentA wins,17.67,0,0,0,0,0,0,0,0,0,0
119,AgentA wins,17.00,0,0,0,0,0,0,0,0,0,0
120,AgentA wins,17.33,0,0,0,0,0,0,0,0,0,0
121,AgentA wins,20.00,0,0,0,0,0,0,0,0,0,0
122,AgentA wins,20.33,0,0,0,0,0,0,0,0,0,0
123,AgentA wins,17.67,0,0,0,0,0,0,0,0,0,0
124,AgentA wins,17.00,0,0,0,0,0,0,0,0,0,0
125,AgentA wins,17.67,0,0,0,0,0,0,0,0,0,0
126,AgentA wins,20.67,0,0,0,0,0,0,0,0,0,0
127,AgentA wins,18.00,0,0,0,0,0,0,0,0,0,0
128,AgentA wins,17.00,0,0,0,0,0,0,0,0,0,0
129,AgentB wins,22.33,0,0,0,0,0,0,0,0,0,0
130,AgentA wins,20.33,0,0,0,0,0,0,0,0,0,0
71,AgentA wins,18.00,0,0,0,0,0,0,0,0,0,0
72,AgentA wins,41.33,0,0,0,0,0,0,0,0,0,0
73,AgentA wins,40.00,0,0,0,0,0,0,0,0,0,0
74,timeout draw,60.00,0,0,0,0,0,0,0,0,0,0
75,AgentA wins,30.00,0,0,0,0,0,0,0,0,0,0
76,AgentA wins,31.33,0,0,0,0,0,0,0,0,0,0
77,AgentA wins,48.33,0,0,0,0,0,0,0,0,0,0
78,AgentA wins,41.67,0,0,0,0,0,0,0,0,0,0
79,AgentB wins,29.67,0,0,0,0,0,0,0,0,0,0
80,AgentA wins,17.33,0,0,0,0,0,0,0,0,0,0
81,AgentA wins,21.00,0,0,0,0,0,0,0,0,0,0
82,timeout draw,60.00,0,0,0,0,0,0,0,0,0,0
83,AgentA wins,31.00,0,0,0,0,0,0,0,0,0,0
84,AgentB wins,26.33,0,0,0,0,0,0,0,0,0,0
85,AgentA wins,37.33,0,0,0,0,0,0,0,0,0,0
86,AgentA wins,51.33,0,0,0,0,0,0,0,0,0,0
87,AgentA wins,28.00,0,0,0,0,0,0,0,0,0,0
88,AgentA wins,40.33,0,0,0,0,0,0,0,0,0,0
89,AgentA wins,21.33,0,0,0,0,0,0,0,0,0,0
90,AgentA wins,39.00,0,0,0,0,0,0,0,0,0,0
71,AgentA wins,32.33,0,0,0,0,0,0,0,0,0,0
72,AgentA wins,29.33,0,0,0,0,0,0,0,0,0,0
73,AgentA wins,27.67,0,0,0,0,0,0,0,0,0,0
74,AgentB wins,22.33,0,0,0,0,0,0,0,0,0,0
75,timeout draw,60.00,0,0,0,0,0,0,0,0,0,0
76,AgentA wins,17.67,0,0,0,0,0,0,0,0,0,0
77,timeout draw,60.00,0,0,0,0,0,0,0,0,0,0
78,AgentA wins,17.00,0,0,0,0,0,0,0,0,0,0
79,AgentA wins,28.33,0,0,0,0,0,0,0,0,0,0
80,AgentA wins,19.00,0,0,0,0,0,0,0,0,0,0
81,AgentA wins,19.33,0,0,0,0,0,0,0,0,0,0
82,AgentA wins,17.67,0,0,0,0,0,0,0,0,0,0
83,AgentA wins,43.67,0,0,0,0,0,0,0,0,0,0
84,AgentA wins,15.67,0,0,0,0,0,0,0,0,0,0
85,AgentA wins,17.67,0,0,0,0,0,0,0,0,0,0
86,AgentA wins,20.00,0,0,0,0,0,0,0,0,0,0
87,AgentA wins,21.00,0,0,0,0,0,0,0,0,0,0
88,AgentA wins,35.00,0,0,0,0,0,0,0,0,0,0
89,AgentA wins,38.33,0,0,0,0,0,0,0,0,0,0
90,AgentB wins,42.00,0,0,0,0,0,0,0,0,0,0
81,AgentA wins,21.00,0,0,0,0,0,0,0,0,0,0
82,AgentA wins,37.00,0,0,0,0,0,0,0,0,0,0
83,AgentA wins,24.33,0,0,0,0,0,0,0,0,0,0
84,timeout draw,60.00,0,0,0,0,0,0,0,0,0,0
85,AgentA wins,24.00,0,0,0,0,0,0,0,0,0,0
86,AgentA wins,25.33,0,0,0,0,0,0,0,0,0,0
87,AgentB wins,48.33,0,0,0,0,0,0,0,0,0,0
88,AgentA wins,29.00,0,0,0,0,0,0,0,0,0,0
89,AgentA wins,45.00,0,0,0,0,0,0,0,0,0,0
90,AgentA wins,46.33,0,0,0,0,0,0,0,0,0,0
81,AgentA wins,22.33,0,0,0,0,0,0,0,0,0,0
82,AgentA wins,37.67,0,0,0,0,0,0,0,0,0,0
83,AgentA wins,17.33,0,0,0,0,0,0,0,0,0,0
84,timeout draw,60.00,0,0,0,0,0,0,0,0,0,0
85,AgentA wins,33.33,0,0,0,0,0,0,0,0,0,0
86,AgentA wins,17.33,0,0,0,0,0,0,0,0,0,0
87,AgentA wins,26.67,0,0,0,0,0,0,0,0,0,0
88,AgentA wins,45.67,0,0,0,0,0,0,0,0,0,0
89,AgentA wins,30.67,0,0,0,0,0,0,0,0,0,0
90,AgentA wins,21.33,0,0,0,0,0,0,0,0,0,0
81,AgentA wins,45.67,0,0,0,0,0,0,0,0,0,0
82,AgentA wins,23.33,0,0,0,0,0,0,0,0,0,0
83,AgentA wins,17.33,0,0,0,0,0,0,0,0,0,0
84,AgentA wins,27.67,0,0,0,0,0,0,0,0,0,0
85,AgentA wins,23.00,0,0,0,0,0,0,0,0,0,0
86,AgentA wins,17.67,0,0,0,0,0,0,0,0,0,0
87,AgentA wins,47.00,0,0,0,0,0,0,0,0,0,0
88,AgentB wins,31.00,0,0,0,0,0,0,0,0,0,0
89,AgentA wins,17.33,0,0,0,0,0,0,0,0,0,0
90,AgentB wins,28.00,0,0,0,0,0,0,0,0,0,0
81,AgentB wins,31.33,0,0,0,0,0,0,0,0,0,0
82,AgentA wins,48.33,0,0,0,0,0,0,0,0,0,0
83,AgentA wins,32.67,0,0,0,0,0,0,0,0,0,0
84,AgentB wins,33.00,0,0,0,0,0,0,0,0,0,0
85,AgentA wins,17.33,0,0,0,0,0,0,0,0,0,0
86,AgentA wins,29.67,0,0,0,0,0,0,0,0,0,0
87,AgentA wins,40.33,0,0,0,0,0,0,0,0,0,0
88,AgentB wins,32.67,0,0,0,0,0,0,0,0,0,0
89,AgentB wins,35.00,0,0,0,0,0,0,0,0,0,0
90,AgentA wins,29.00,0,0,0,0,0,0,0,0,0,0
71,timeout draw,60.00,0,0,0,0,0,0,0,0,0,0
72,AgentB wins,40.33,0,0,0,0,0,0,0,0,0,0
73,AgentA wins,17.33,0,0,0,0,0,0,0,0,0,0
74,AgentA wins,17.00,0,0,0,0,0,0,0,0,0,0
75,AgentA wins,17.33,0,0,0,0,0,0,0,0,0,0
76,AgentA wins,34.67,0,0,0,0,0,0,0,0,0,0
77,AgentA wins,29.67,0,0,0,0,0,0,0,0,0,0
78,AgentA wins,17.67,0,0,0,0,0,0,0,0,0,0
79,timeout draw,60.00,0,0,0,0,0,0,0,0,0,0
80,timeout draw,60.00,0,0,0,0,0,0,0,0,0,0
81,AgentA wins,56.67,0,0,0,0,0,0,0,0,0,0
82,AgentB wins,48.33,0,0,0,0,0,0,0,0,0,0
83,AgentA wins,20.00,0,0,0,0,0,0,0,0,0,0
84,AgentA wins,30.33,0,0,0,0,0,0,0,0,0,0
85,AgentA wins,17.33,0,0,0,0,0,0,0,0,0,0
86,AgentA wins,52.33,0,0,0,0,0,0,0,0,0,0
87,AgentA wins,39.67,0,0,0,0,0,0,0,0,0,0
88,AgentA wins,24.00,0,0,0,0,0,0,0,0,0,0
89,AgentA wins,22.67,0,0,0,0,0,0,0,0,0,0
90,AgentA wins,20.67,0,0,0,0,0,0,0,0,0,0
81,AgentA wins,20.67,0,0,0,0,0,0,0,0,0,0
82,AgentB wins,37.67,0,0,0,0,0,0,0,0,0,0
83,AgentA wins,24.00,0,0,0,0,0,0,0,0,0,0
84,timeout draw,60.00,0,0,0,0,0,0,0,0,0,0
85,AgentA wins,42.00,0,0,0,0,0,0,0,0,0,0
86,AgentA wins,17.33,0,0,0,0,0,0,0,0,0,0
87,AgentB wins,44.67,0,0,0,0,0,0,0,0,0,0
88,timeout draw,60.00,0,0,0,0,0,0,0,0,0,0
89,AgentA wins,21.33,0,0,0,0,0,0,0,0,0,0
90,AgentA wins,28.33,0,0,0,0,0,0,0,0,0,0
121,AgentA wins,20.67,0,0,0,0,0,0,0,0,0,0
122,AgentA wins,20.33,0,0,0,0,0,0,0,0,0,0
123,AgentA wins,26.33,0,0,0,0,0,0,0,0,0,0
124,AgentA wins,23.33,0,0,0,0,0,0,0,0,0,0
125,AgentA wins,30.00,0,0,0,0,0,0,0,0,0,0
126,AgentA wins,22.67,0,0,0,0,0,0,0,0,0,0
127,AgentA wins,39.33,0,0,0,0,0,0,0,0,0,0
128,AgentA wins,17.00,0,0,0,0,0,0,0,0,0,0
129,AgentA wins,20.33,0,0,0,0,0,0,0,0,0,0
130,AgentA wins,17.67,0,0,0,0,0,0,0,0,0,0
81,AgentA wins,28.67,0,0,0,0,0,0,0,0,0,0
82,AgentB wins,38.67,0,0,0,0,0,0,0,0,0,0
83,AgentA wins,25.33,0,0,0,0,0,0,0,0,0,0
84,AgentA wins,27.33,0,0,0,0,0,0,0,0,0,0
85,AgentA wins,23.67,0,0,0,0,0,0,0,0,0,0
86,AgentA wins,18.00,0,0,0,0,0,0,0,0,0,0
87,AgentA wins,30.33,0,0,0,0,0,0,0,0,0,0
88,timeout draw,60.00,0,0,0,0,0,0,0,0,0,0
89,AgentA wins,46.00,0,0,0,0,0,0,0,0,0,0
90,timeout draw,60.00,0,0,0,0,0,0,0,0,0,0
81,AgentB wins,36.00,0,0,0,0,0,0,0,0,0,0
82,AgentB wins,34.33,0,0,0,0,0,0,0,0,0,0
83,AgentA wins,27.67,0,0,0,0,0,0,0,0,0,0
84,AgentA wins,17.67,0,0,0,0,0,0,0,0,0,0
85,AgentA wins,24.67,0,0,0,0,0,0,0,0,0,0
86,AgentA wins,31.67,0,0,0,0,0,0,0,0,0,0
87,AgentA wins,30.00,0,0,0,0,0,0,0,0,0,0
88,AgentA wins,19.67,0,0,0,0,0,0,0,0,0,0
89,AgentA wins,22.33,0,0,0,0,0,0,0,0,0,0
90,AgentA wins,19.33,0,0,0,0,0,0,0,0,0,0
91,AgentA wins,20.67,0,0,0,0,0,0,0,0,0,0
92,AgentA wins,22.00,0,0,0,0,0,0,0,0,0,0
93,AgentA wins,26.00,0,0,0,0,0,0,0,0,0,0
94,AgentA wins,23.33,0,0,0,0,0,0,0,0,0,0
95,AgentA wins,18.00,0,0,0,0,0,0,0,0,0,0
96,AgentA wins,17.67,0,0,0,0,0,0,0,0,0,0
97,AgentA wins,17.67,0,0,0,0,0,0,0,0,0,0
98,AgentA wins,23.00,0,0,0,0,0,0,0,0,0,0
99,AgentA wins,17.67,0,0,0,0,0,0,0,0,0,0
100,AgentA wins,17.00,0,0,0,0,0,0,0,0,0,0
81,AgentA wins,45.33,0,0,0,0,0,0,0,0,0,0
82,timeout draw,60.00,0,0,0,0,0,0,0,0,0,0
83,AgentA wins,18.67,0,0,0,0,0,0,0,0,0,0
84,AgentA wins,37.33,0,0,0,0,0,0,0,0,0,0
85,AgentA wins,42.33,0,0,0,0,0,0,0,0,0,0
86,AgentA wins,44.33,0,0,0,0,0,0,0,0,0,0
87,timeout draw,60.00,0,0,0,0,0,0,0,0,0,0
88,AgentA wins,36.67,0,0,0,0,0,0,0,0,0,0
89,AgentA wins,22.67,0,0,0,0,0,0,0,0,0,0
90,AgentA wins,13.00,0,0,0,0,0,0,0,0,0,0
101,AgentA wins,19.33,0,0,0,0,0,0,0,0,0,0
102,AgentA wins,20.67,0,0,0,0,0,0,0,0,0,0
103,AgentA wins,17.33,0,0,0,0,0,0,0,0,0,0
104,AgentA wins,17.67,0,0,0,0,0,0,0,0,0,0
105,AgentA wins,21.33,0,0,0,0,0,0,0,0,0,0
106,AgentA wins,17.00,0,0,0,0,0,0,0,0,0,0
107,AgentA wins,27.67,0,0,0,0,0,0,0,0,0,0
108,AgentA wins,20.33,0,0,0,0,0,0,0,0,0,0
109,AgentA wins,17.67,0,0,0,0,0,0,0,0,0,0
110,AgentA wins,20.33,0,0,0,0,0,0,0,0,0,0
81,AgentA wins,17.33,0,0,0,0,0,0,0,0,0,0
82,timeout draw,60.00,0,0,0,0,0,0,0,0,0,0
83,AgentB wins,33.33,0,0,0,0,0,0,0,0,0,0
84,AgentA wins,17.67,0,0,0,0,0,0,0,0,0,0
85,AgentA wins,42.67,0,0,0,0,0,0,0,0,0,0
86,AgentA wins,52.67,0,0,0,0,0,0,0,0,0,0
87,AgentA wins,29.67,0,0,0,0,0,0,0,0,0,0
88,AgentA wins,23.33,0,0,0,0,0,0,0,0,0,0
89,AgentA wins,20.33,0,0,0,0,0,0,0,0,0,0
90,AgentA wins,34.33,0,0,0,0,0,0,0,0,0,0
81,AgentA wins,32.33,0,0,0,0,0,0,0,0,0,0
82,AgentA wins,17.33,0,0,0,0,0,0,0,0,0,0
83,AgentA wins,25.33,0,0,0,0,0,0,0,0,0,0
84,AgentA wins,22.33,0,0,0,0,0,0,0,0,0,0
85,timeout draw,60.00,0,0,0,0,0,0,0,0,0,0
86,AgentA wins,27.33,0,0,0,0,0,0,0,0,0,0
87,AgentA wins,21.33,0,0,0,0,0,0,0,0,0,0
88,AgentA wins,47.67,0,0,0,0,0,0,0,0,0,0
89,AgentA wins,31.67,0,0,0,0,0,0,0,0,0,0
90,AgentA wins,20.33,0,0,0,0,0,0,0,0,0,0
71,AgentA wins,18.00,0,0,0,0,0,0,0,0,0,0
72,AgentA wins,49.00,0,0,0,0,0,0,0,0,0,0
73,timeout draw,60.00,0,0,0,0,0,0,0,0,0,0
74,AgentB wins,47.00,0,0,0,0,0,0,0,0,0,0
75,timeout draw,60.00,0,0,0,0,0,0,0,0,0,0
76,AgentA wins,29.00,0,0,0,0,0,0,0,0,0,0
77,AgentB wins,58.33,0,0,0,0,0,0,0,0,0,0
78,AgentA wins,31.67,0,0,0,0,0,0,0,0,0,0
79,AgentB wins,51.67,0,0,0,0,0,0,0,0,0,0
80,timeout draw,60.00,0,0,0,0,0,0,0,0,0,0
81,AgentA wins,20.00,0,0,0,0,0,0,0,0,0,0
82,AgentA wins,20.33,0,0,0,0,0,0,0,0,0,0
83,AgentA wins,57.00,0,0,0,0,0,0,0,0,0,0
84,AgentA wins,18.33,0,0,0,0,0,0,0,0,0,0
85,AgentA wins,20.67,0,0,0,0,0,0,0,0,0,0
86,AgentA wins,17.67,0,0,0,0,0,0,0,0,0,0
87,AgentA wins,18.00,0,0,0,0,0,0,0,0,0,0
88,AgentB wins,46.00,0,0,0,0,0,0,0,0,0,0
89,AgentB wins,36.33,0,0,0,0,0,0,0,0,0,0
90,AgentA wins,22.00,0,0,0,0,0,0,0,0,0,0
81,timeout draw,60.00,0,0,0,0,0,0,0,0,0,0
82,AgentA wins,17.67,0,0,0,0,0,0,0,0,0,0
83,AgentB wins,31.33,0,0,0,0,0,0,0,0,0,0
84,AgentB wins,39.33,0,0,0,0,0,0,0,0,0,0
85,AgentA wins,33.67,0,0,0,0,0,0,0,0,0,0
86,AgentB wins,27.67,0,0,0,0,0,0,0,0,0,0
87,AgentA wins,23.00,0,0,0,0,0,0,0,0,0,0
88,AgentA wins,22.00,0,0,0,0,0,0,0,0,0,0
89,AgentB wins,27.33,0,0,0,0,0,0,0,0,0,0
90,AgentB wins,52.00,0,0,0,0,0,0,0,0,0,0
91,AgentA wins,40.67,490,412,73,196,0,368,0,48,80,117
92,AgentA wins,36.00,449,351,53,206,0,313,0,54,69,108
93,AgentA wins,45.00,552,444,88,244,0,410,0,58,99,124
94,AgentB wins,46.00,562,468,88,237,0,394,0,60,91,137
95,AgentB wins,47.00,564,460,109,230,0,414,0,61,113,124
96,AgentA wins,21.00,249,218,44,95,0,179,0,23,57,46
97,AgentA wins,18.00,218,184,45,90,0,163,0,19,43,40
98,AgentB wins,53.67,657,534,127,284,0,503,0,70,142,128
99,AgentA wins,24.00,301,234,44,133,0,209,0,36,53,61
100,AgentA wins,27.00,335,281,43,167,0,248,0,32,56,85
91,timeout draw,60.00,0,0,0,0,0,0,0,0,0,0
92,AgentA wins,39.67,0,0,0,0,0,0,0,0,0,0
93,AgentA wins,30.00,0,0,0,0,0,0,0,0,0,0
94,AgentB wins,35.00,0,0,0,0,0,0,0,0,0,0
95,AgentB wins,25.33,0,0,0,0,0,0,0,0,0,0
96,AgentB wins,17.00,0,0,0,0,0,0,0,0,0,0
97,AgentA wins,23.00,0,0,0,0,0,0,0,0,0,0
98,AgentA wins,51.33,0,0,0,0,0,0,0,0,0,0
99,AgentA wins,17.33,0,0,0,0,0,0,0,0,0,0
100,AgentA wins,17.67,0,0,0,0,0,0,0,0,0,0
81,AgentA wins,23.67,0,0,0,0,0,0,0,0,0,0
82,AgentA wins,20.67,0,0,0,0,0,0,0,0,0,0
83,AgentB wins,53.33,0,0,0,0,0,0,0,0,0,0
84,AgentA wins,29.00,0,0,0,0,0,0,0,0,0,0
85,AgentA wins,58.00,0,0,0,0,0,0,0,0,0,0
86,AgentA wins,32.33,0,0,0,0,0,0,0,0,0,0
87,AgentB wins,58.33,0,0,0,0,0,0,0,0,0,0
88,AgentA wins,28.00,0,0,0,0,0,0,0,0,0,0
89,AgentA wins,36.00,0,0,0,0,0,0,0,0,0,0
90,AgentA wins,41.67,0,0,0,0,0,0,0,0,0,0
131,AgentA wins,17.67,0,0,0,0,0,0,0,0,0,0
132,AgentA wins,18.00,0,0,0,0,0,0,0,0,0,0
133,AgentB wins,17.33,0,0,0,0,0,0,0,0,0,0
134,AgentA wins,21.33,0,0,0,0,0,0,0,0,0,0
135,AgentA wins,21.33,0,0,0,0,0,0,0,0,0,0
136,AgentA wins,20.33,0,0,0,0,0,0,0,0,0,0
137,AgentA wins,23.33,0,0,0,0,0,0,0,0,0,0
138,AgentA wins,25.33,0,0,0,0,0,0,0,0,0,0
139,AgentA wins,20.00,0,0,0,0,0,0,0,0,0,0
140,AgentA wins,17.00,0,0,0,0,0,0,0,0,0,0
121,AgentB wins,19.33,0,0,0,0,0,0,0,0,0,0
122,AgentA wins,24.33,0,0,0,0,0,0,0,0,0,0
123,AgentA wins,20.00,0,0,0,0,0,0,0,0,0,0
124,AgentA wins,21.33,0,0,0,0,0,0,0,0,0,0
125,AgentB wins,20.00,0,0,0,0,0,0,0,0,0,0
126,AgentA wins,28.00,0,0,0,0,0,0,0,0,0,0
127,AgentB wins,13.67,0,0,0,0,0,0,0,0,0,0
128,AgentA wins,19.33,0,0,0,0,0,0,0,0,0,0
129,AgentA wins,17.00,0,0,0,0,0,0,0,0,0,0
130,AgentA wins,20.33,0,0,0,0,0,0,0,0,0,0
81,AgentA wins,20.00,0,0,0,0,0,0,0,0,0,0
82,AgentA wins,29.67,0,0,0,0,0,0,0,0,0,0
83,AgentA wins,23.33,0,0,0,0,0,0,0,0,0,0
84,AgentA wins,56.33,0,0,0,0,0,0,0,0,0,0
85,AgentA wins,20.33,0,0,0,0,0,0,0,0,0,0
86,AgentA wins,34.00,0,0,0,0,0,0,0,0,0,0
87,AgentB wins,56.33,0,0,0,0,0,0,0,0,0,0
88,timeout draw,60.00,0,0,0,0,0,0,0,0,0,0
89,AgentA wins,29.00,0,0,0,0,0,0,0,0,0,0
90,AgentA wins,36.33,0,0,0,0,0,0,0,0,0,0
81,AgentA wins,32.00,0,0,0,0,0,0,0,0,0,0
82,AgentB wins,26.67,0,0,0,0,0,0,0,0,0,0
83,AgentA wins,20.00,0,0,0,0,0,0,0,0,0,0
84,AgentA wins,17.33,0,0,0,0,0,0,0,0,0,0
85,AgentA wins,21.33,0,0,0,0,0,0,0,0,0,0
86,AgentA wins,22.67,0,0,0,0,0,0,0,0,0,0
87,AgentA wins,22.00,0,0,0,0,0,0,0,0,0,0
88,timeout draw,60.00,0,0,0,0,0,0,0,0,0,0
89,AgentA wins,35.67,0,0,0,0,0,0,0,0,0,0
90,AgentA wins,20.33,0,0,0,0,0,0,0,0,0,0
91,AgentA wins,20.00,0,0,0,0,0,0,0,0,0,0
92,AgentA wins,24.67,0,0,0,0,0,0,0,0,0,0
93,AgentA wins,15.00,0,0,0,0,0,0,0,0,0,0
94,AgentA wins,23.00,0,0,0,0,0,0,0,0,0,0
95,AgentA wins,45.33,0,0,0,0,0,0,0,0,0,0
96,AgentA wins,26.33,0,0,0,0,0,0,0,0,0,0
97,AgentB wins,14.00,0,0,0,0,0,0,0,0,0,0
98,AgentA wins,43.33,0,0,0,0,0,0,0,0,0,0
99,AgentA wins,32.67,0,0,0,0,0,0,0,0,0,0
100,AgentA wins,35.67,0,0,0,0,0,0,0,0,0,0
91,AgentA wins,53.67,0,0,0,0,0,0,0,0,0,0
92,timeout draw,60.00,0,0,0,0,0,0,0,0,0,0
93,AgentB wins,30.00,0,0,0,0,0,0,0,0,0,0
94,AgentA wins,55.33,0,0,0,0,0,0,0,0,0,0
95,AgentA wins,17.00,0,0,0,0,0,0,0,0,0,0
96,AgentA wins,18.33,0,0,0,0,0,0,0,0,0,0
97,AgentA wins,20.00,0,0,0,0,0,0,0,0,0,0
98,timeout draw,60.00,0,0,0,0,0,0,0,0,0,0
99,AgentA wins,16.67,0,0,0,0,0,0,0,0,0,0
100,AgentA wins,21.00,0,0,0,0,0,0,0,0,0,0
81,AgentA wins,30.67,0,0,0,0,0,0,0,0,0,0
82,AgentB wins,14.00,0,0,0,0,0,0,0,0,0,0
83,AgentA wins,22.33,0,0,0,0,0,0,0,0,0,0
84,AgentA wins,31.67,0,0,0,0,0,0,0,0,0,0
85,AgentB wins,45.00,0,0,0,0,0,0,0,0,0,0
86,AgentA wins,26.67,0,0,0,0,0,0,0,0,0,0
87,AgentA wins,17.67,0,0,0,0,0,0,0,0,0,0
88,AgentA wins,33.00,0,0,0,0,0,0,0,0,0,0
89,AgentA wins,17.67,0,0,0,0,0,0,0,0,0,0
90,AgentA wins,17.33,0,0,0,0,0,0,0,0,0,0
81,AgentA wins,23.00,0,0,0,0,0,0,0,0,0,0
82,AgentB wins,35.33,0,0,0,0,0,0,0,0,0,0
83,AgentA wins,17.67,0,0,0,0,0,0,0,0,0,0
84,AgentA wins,20.67,0,0,0,0,0,0,0,0,0,0
85,timeout draw,60.00,0,0,0,0,0,0,0,0,0,0
86,AgentA wins,24.67,0,0,0,0,0,0,0,0,0,0
87,AgentA wins,51.00,0,0,0,0,0,0,0,0,0,0
88,AgentA wins,19.00,0,0,0,0,0,0,0,0,0,0
89,AgentA wins,36.00,0,0,0,0,0,0,0,0,0,0
90,AgentA wins,34.33,0,0,0,0,0,0,0,0,0,0
81,timeout draw,60.00,0,0,0,0,0,0,0,0,0,0
82,AgentB wins,41.67,0,0,0,0,0,0,0,0,0,0
83,AgentA wins,23.67,0,0,0,0,0,0,0,0,0,0
84,AgentA wins,22.00,0,0,0,0,0,0,0,0,0,0
85,AgentA wins,17.33,0,0,0,0,0,0,0,0,0,0
86,AgentA wins,24.67,0,0,0,0,0,0,0,0,0,0
87,AgentA wins,19.33,0,0,0,0,0,0,0,0,0,0
88,AgentA wins,21.67,0,0,0,0,0,0,0,0,0,0
89,AgentA wins,54.33,0,0,0,0,0,0,0,0,0,0
90,AgentA wins,23.67,0,0,0,0,0,0,0,0,0,0
81,AgentA wins,24.33,0,0,0,0,0,0,0,0,0,0
82,AgentA wins,53.00,0,0,0,0,0,0,0,0,0,0
83,timeout draw,60.00,0,0,0,0,0,0,0,0,0,0
84,AgentA wins,29.00,0,0,0,0,0,0,0,0,0,0
85,AgentA wins,17.67,0,0,0,0,0,0,0,0,0,0
86,AgentA wins,29.33,0,0,0,0,0,0,0,0,0,0
87,AgentA wins,24.00,0,0,0,0,0,0,0,0,0,0
88,AgentA wins,30.33,0,0,0,0,0,0,0,0,0,0
89,AgentA wins,24.67,0,0,0,0,0,0,0,0,0,0
90,AgentA wins,22.67,0,0,0,0,0,0,0,0,0,0
81,AgentA wins,32.00,0,0,0,0,0,0,0,0,0,0
82,AgentB wins,27.33,0,0,0,0,0,0,0,0,0,0
83,timeout draw,60.00,0,0,0,0,0,0,0,0,0,0
84,AgentA wins,17.67,0,0,0,0,0,0,0,0,0,0
85,AgentA wins,18.00,0,0,0,0,0,0,0,0,0,0
86,AgentA wins,17.33,0,0,0,0,0,0,0,0,0,0
87,AgentB wins,47.67,0,0,0,0,0,0,0,0,0,0
88,AgentA wins,43.67,0,0,0,0,0,0,0,0,0,0
89,AgentA wins,17.33,0,0,0,0,0,0,0,0,0,0
90,AgentB wins,32.00,0,0,0,0,0,0,0,0,0,0
91,AgentA wins,31.67,0,0,0,0,0,0,0,0,0,0
92,AgentA wins,55.67,0,0,0,0,0,0,0,0,0,0
93,AgentA wins,50.00,0,0,0,0,0,0,0,0,0,0
94,AgentA wins,46.67,0,0,0,0,0,0,0,0,0,0
95,AgentA wins,28.00,0,0,0,0,0,0,0,0,0,0
96,AgentB wins,45.00,0,0,0,0,0,0,0,0,0,0
97,AgentA wins,22.33,0,0,0,0,0,0,0,0,0,0
98,AgentB wins,30.67,0,0,0,0,0,0,0,0,0,0
99,AgentA wins,48.33,0,0,0,0,0,0,0,0,0,0
100,AgentA wins,46.00,0,0,0,0,0,0,0,0,0,0
111,AgentA wins,17.33,0,0,0,0,0,0,0,0,0,0
112,AgentA wins,18.00,0,0,0,0,0,0,0,0,0,0
113,AgentA wins,17.67,0,0,0,0,0,0,0,0,0,0
114,AgentA wins,17.67,0,0,0,0,0,0,0,0,0,0
115,AgentA wins,13.00,0,0,0,0,0,0,0,0,0,0
116,AgentA wins,17.67,0,0,0,0,0,0,0,0,0,0
117,AgentA wins,17.33,0,0,0,0,0,0,0,0,0,0
118,AgentA wins,17.33,0,0,0,0,0,0,0,0,0,0
119,AgentB wins,23.33,0,0,0,0,0,0,0,0,0,0
120,AgentA wins,13.00,0,0,0,0,0,0,0,0,0,0
131,AgentA wins,30.67,0,0,0,0,0,0,0,0,0,0
132,AgentA wins,17.67,0,0,0,0,0,0,0,0,0,0
133,AgentA wins,20.00,0,0,0,0,0,0,0,0,0,0
134,AgentA wins,20.00,0,0,0,0,0,0,0,0,0,0
135,AgentA wins,17.67,0,0,0,0,0,0,0,0,0,0
136,AgentA wins,17.33,0,0,0,0,0,0,0,0,0,0
137,AgentA wins,17.33,0,0,0,0,0,0,0,0,0,0
138,AgentB wins,17.33,0,0,0,0,0,0,0,0,0,0
139,AgentA wins,20.33,0,0,0,0,0,0,0,0,0,0
140,AgentA wins,17.33,0,0,0,0,0,0,0,0,0,0
91,AgentA wins,17.33,0,0,0,0,0,0,0,0,0,0
92,AgentA wins,21.33,0,0,0,0,0,0,0,0,0,0
93,AgentA wins,20.33,0,0,0,0,0,0,0,0,0,0
94,AgentA wins,25.67,0,0,0,0,0,0,0,0,0,0
95,AgentA wins,23.67,0,0,0,0,0,0,0,0,0,0
96,AgentA wins,19.00,0,0,0,0,0,0,0,0,0,0
97,AgentA wins,52.00,0,0,0,0,0,0,0,0,0,0
98,AgentA wins,20.00,0,0,0,0,0,0,0,0,0,0
99,AgentA wins,17.33,0,0,0,0,0,0,0,0,0,0
100,AgentB wins,28.00,0,0,0,0,0,0,0,0,0,0
81,timeout draw,60.00,0,0,0,0,0,0,0,0,0,0
82,AgentB wins,51.67,0,0,0,0,0,0,0,0,0,0
83,AgentB wins,21.33,0,0,0,0,0,0,0,0,0,0
84,AgentA wins,27.33,0,0,0,0,0,0,0,0,0,0
85,AgentA wins,20.00,0,0,0,0,0,0,0,0,0,0
86,AgentB wins,26.00,0,0,0,0,0,0,0,0,0,0
87,AgentA wins,31.00,0,0,0,0,0,0,0,0,0,0
88,AgentA wins,23.00,0,0,0,0,0,0,0,0,0,0
89,AgentB wins,20.33,0,0,0,0,0,0,0,0,0,0
90,AgentB wins,20.67,0,0,0,0,0,0,0,0,0,0
91,AgentA wins,17.67,0,0,0,0,0,0,0,0,0,0
92,AgentA wins,34.00,0,0,0,0,0,0,0,0,0,0
93,AgentA wins,50.00,0,0,0,0,0,0,0,0,0,0
94,AgentA wins,24.00,0,0,0,0,0,0,0,0,0,0
95,AgentB wins,40.33,0,0,0,0,0,0,0,0,0,0
96,AgentA wins,51.33,0,0,0,0,0,0,0,0,0,0
97,AgentA wins,17.33,0,0,0,0,0,0,0,0,0,0
98,AgentA wins,17.33,0,0,0,0,0,0,0,0,0,0
99,AgentA wins,13.00,0,0,0,0,0,0,0,0,0,0
100,AgentA wins,21.33,0,0,0,0,0,0,0,0,0,0
91,AgentA wins,27.33,0,0,0,0,0,0,0,0,0,0
92,AgentA wins,15.33,0,0,0,0,0,0,0,0,0,0
93,AgentA wins,32.33,0,0,0,0,0,0,0,0,0,0
94,AgentB wins,23.00,0,0,0,0,0,0,0,0,0,0
95,AgentA wins,26.67,0,0,0,0,0,0,0,0,0,0
96,AgentA wins,17.67,0,0,0,0,0,0,0,0,0,0
97,AgentA wins,17.33,0,0,0,0,0,0,0,0,0,0
98,AgentA wins,17.67,0,0,0,0,0,0,0,0,0,0
99,AgentA wins,17.33,0,0,0,0,0,0,0,0,0,0
100,AgentB wins,37.33,0,0,0,0,0,0,0,0,0,0
91,AgentA wins,19.00,0,0,0,0,0,0,0,0,0,0
92,AgentA wins,20.00,0,0,0,0,0,0,0,0,0,0
93,AgentA wins,21.67,0,0,0,0,0,0,0,0,0,0
94,AgentA wins,21.33,0,0,0,0,0,0,0,0,0,0
95,AgentA wins,17.33,0,0,0,0,0,0,0,0,0,0
96,AgentA wins,25.00,0,0,0,0,0,0,0,0,0,0
97,AgentA wins,24.33,0,0,0,0,0,0,0,0,0,0
98,AgentA wins,34.33,0,0,0,0,0,0,0,0,0,0
99,AgentA wins,20.67,0,0,0,0,0,0,0,0,0,0
100,AgentA wins,34.67,0,0,0,0,0,0,0,0,0,0
131,AgentA wins,17.67,0,0,0,0,0,0,0,0,0,0
132,AgentA wins,18.67,0,0,0,0,0,0,0,0,0,0
133,AgentA wins,17.67,0,0,0,0,0,0,0,0,0,0
134,AgentA wins,17.33,0,0,0,0,0,0,0,0,0,0
135,AgentA wins,20.00,0,0,0,0,0,0,0,0,0,0
136,AgentA wins,17.33,0,0,0,0,0,0,0,0,0,0
137,AgentA wins,17.33,0,0,0,0,0,0,0,0,0,0
138,AgentA wins,20.67,0,0,0,0,0,0,0,0,0,0
139,AgentA wins,17.33,0,0,0,0,0,0,0,0,0,0
140,AgentA wins,17.33,0,0,0,0,0,0,0,0,0,0
91,AgentA wins,18.00,0,0,0,0,0,0,0,0,0,0
92,AgentA wins,22.33,0,0,0,0,0,0,0,0,0,0
93,AgentB wins,44.67,0,0,0,0,0,0,0,0,0,0
94,AgentA wins,18.00,0,0,0,0,0,0,0,0,0,0
95,AgentB wins,36.67,0,0,0,0,0,0,0,0,0,0
96,AgentA wins,17.67,0,0,0,0,0,0,0,0,0,0
97,AgentA wins,45.33,0,0,0,0,0,0,0,0,0,0
98,AgentA wins,19.33,0,0,0,0,0,0,0,0,0,0
99,AgentA wins,26.33,0,0,0,0,0,0,0,0,0,0
100,AgentA wins,40.33,0,0,0,0,0,0,0,0,0,0
141,AgentA wins,20.00,0,0,0,0,0,0,0,0,0,0
142,AgentA wins,17.67,0,0,0,0,0,0,0,0,0,0
143,AgentA wins,17.33,0,0,0,0,0,0,0,0,0,0
144,AgentA wins,20.00,0,0,0,0,0,0,0,0,0,0
145,AgentA wins,17.33,0,0,0,0,0,0,0,0,0,0
146,AgentA wins,17.33,0,0,0,0,0,0,0,0,0,0
147,AgentA wins,17.00,0,0,0,0,0,0,0,0,0,0
148,AgentA wins,17.33,0,0,0,0,0,0,0,0,0,0
149,AgentA wins,20.00,0,0,0,0,0,0,0,0,0,0
150,AgentB wins,22.67,0,0,0,0,0,0,0,0,0,0
91,AgentA wins,38.33,0,0,0,0,0,0,0,0,0,0
92,AgentA wins,36.00,0,0,0,0,0,0,0,0,0,0
93,AgentA wins,28.33,0,0,0,0,0,0,0,0,0,0
94,AgentA wins,20.33,0,0,0,0,0,0,0,0,0,0
95,AgentA wins,35.67,0,0,0,0,0,0,0,0,0,0
96,AgentA wins,32.67,0,0,0,0,0,0,0,0,0,0
97,AgentA wins,17.67,0,0,0,0,0,0,0,0,0,0
98,AgentA wins,21.00,0,0,0,0,0,0,0,0,0,0
99,AgentA wins,20.33,0,0,0,0,0,0,0,0,0,0
100,AgentA wins,25.00,0,0,0,0,0,0,0,0,0,0
91,AgentA wins,58.67,0,0,0,0,0,0,0,0,0,0
92,AgentA wins,33.67,0,0,0,0,0,0,0,0,0,0
93,AgentB wins,39.33,0,0,0,0,0,0,0,0,0,0
94,AgentB wins,31.33,0,0,0,0,0,0,0,0,0,0
95,AgentA wins,30.00,0,0,0,0,0,0,0,0,0,0
96,AgentA wins,42.33,0,0,0,0,0,0,0,0,0,0
97,AgentA wins,27.67,0,0,0,0,0,0,0,0,0,0
98,AgentA wins,53.67,0,0,0,0,0,0,0,0,0,0
99,AgentB wins,57.67,0,0,0,0,0,0,0,0,0,0
100,AgentA wins,26.33,0,0,0,0,0,0,0,0,0,0
81,AgentB wins,31.00,0,0,0,0,0,0,0,0,0,0
82,AgentA wins,19.67,0,0,0,0,0,0,0,0,0,0
83,AgentA wins,17.67,0,0,0,0,0,0,0,0,0,0
84,AgentA wins,17.33,0,0,0,0,0,0,0,0,0,0
85,AgentB wins,41.33,0,0,0,0,0,0,0,0,0,0
86,timeout draw,60.00,0,0,0,0,0,0,0,0,0,0
87,AgentA wins,50.33,0,0,0,0,0,0,0,0,0,0
88,AgentB wins,35.67,0,0,0,0,0,0,0,0,0,0
89,AgentA wins,20.00,0,0,0,0,0,0,0,0,0,0
90,AgentA wins,20.33,0,0,0,0,0,0,0,0,0,0
91,AgentA wins,30.00,0,0,0,0,0,0,0,0,0,0
92,AgentB wins,28.67,0,0,0,0,0,0,0,0,0,0
93,AgentB wins,16.67,0,0,0,0,0,0,0,0,0,0
94,AgentA wins,51.00,0,0,0,0,0,0,0,0,0,0
95,AgentA wins,47.67,0,0,0,0,0,0,0,0,0,0
96,AgentA wins,25.00,0,0,0,0,0,0,0,0,0,0
97,AgentB wins,53.33,0,0,0,0,0,0,0,0,0,0
98,AgentA wins,17.67,0,0,0,0,0,0,0,0,0,0
99,AgentB wins,45.33,0,0,0,0,0,0,0,0,0,0
100,AgentA wins,33.00,0,0,0,0,0,0,0,0,0,0
91,AgentA wins,17.33,0,0,0,0,0,0,0,0,0,0
92,AgentA wins,18.67,0,0,0,0,0,0,0,0,0,0
93,AgentB wins,37.33,0,0,0,0,0,0,0,0,0,0
94,AgentA wins,21.00,0,0,0,0,0,0,0,0,0,0
95,AgentA wins,18.33,0,0,0,0,0,0,0,0,0,0
96,AgentA wins,53.67,0,0,0,0,0,0,0,0,0,0
97,AgentA wins,20.00,0,0,0,0,0,0,0,0,0,0
98,AgentA wins,27.67,0,0,0,0,0,0,0,0,0,0
99,AgentB wins,41.00,0,0,0,0,0,0,0,0,0,0
100,AgentA wins,30.00,0,0,0,0,0,0,0,0,0,0
91,AgentA wins,22.00,0,0,0,0,0,0,0,0,0,0
92,AgentA wins,20.00,0,0,0,0,0,0,0,0,0,0
93,AgentA wins,22.00,0,0,0,0,0,0,0,0,0,0
94,AgentA wins,18.33,0,0,0,0,0,0,0,0,0,0
95,AgentA wins,45.33,0,0,0,0,0,0,0,0,0,0
96,AgentA wins,27.67,0,0,0,0,0,0,0,0,0,0
97,AgentA wins,27.33,0,0,0,0,0,0,0,0,0,0
98,AgentA wins,19.00,0,0,0,0,0,0,0,0,0,0
99,AgentA wins,26.33,0,0,0,0,0,0,0,0,0,0
100,AgentA wins,39.67,0,0,0,0,0,0,0,0,0,0
101,AgentA wins,17.33,0,0,0,0,0,0,0,0,0,0
102,AgentA wins,17.33,0,0,0,0,0,0,0,0,0,0
103,AgentA wins,17.33,0,0,0,0,0,0,0,0,0,0
104,AgentB wins,41.00,0,0,0,0,0,0,0,0,0,0
105,AgentA wins,23.67,0,0,0,0,0,0,0,0,0,0
106,AgentA wins,25.00,0,0,0,0,0,0,0,0,0,0
107,timeout draw,60.00,0,0,0,0,0,0,0,0,0,0
108,AgentB wins,56.00,0,0,0,0,0,0,0,0,0,0
109,AgentA wins,17.33,0,0,0,0,0,0,0,0,0,0
110,AgentA wins,24.00,0,0,0,0,0,0,0,0,0,0
91,AgentA wins,37.67,0,0,0,0,0,0,0,0,0,0
92,AgentA wins,24.33,0,0,0,0,0,0,0,0,0,0
93,AgentA wins,39.67,0,0,0,0,0,0,0,0,0,0
94,AgentA wins,38.67,0,0,0,0,0,0,0,0,0,0
95,AgentA wins,19.67,0,0,0,0,0,0,0,0,0,0
96,AgentA wins,19.67,0,0,0,0,0,0,0,0,0,0
97,AgentA wins,17.33,0,0,0,0,0,0,0,0,0,0
98,AgentA wins,27.67,0,0,0,0,0,0,0,0,0,0
99,AgentA wins,38.67,0,0,0,0,0,0,0,0,0,0
100,AgentA wins,56.00,0,0,0,0,0,0,0,0,0,0
91,AgentA wins,25.33,0,0,0,0,0,0,0,0,0,0
92,AgentA wins,20.67,0,0,0,0,0,0,0,0,0,0
93,AgentA wins,39.33,0,0,0,0,0,0,0,0,0,0
94,AgentA wins,20.67,0,0,0,0,0,0,0,0,0,0
95,AgentA wins,24.00,0,0,0,0,0,0,0,0,0,0
96,AgentB wins,34.67,0,0,0,0,0,0,0,0,0,0
97,AgentA wins,24.00,0,0,0,0,0,0,0,0,0,0
98,AgentA wins,17.33,0,0,0,0,0,0,0,0,0,0
99,AgentA wins,19.00,0,0,0,0,0,0,0,0,0,0
100,AgentA wins,17.33,0,0,0,0,0,0,0,0,0,0
91,AgentA wins,16.00,0,0,0,0,0,0,0,0,0,0
92,AgentA wins,20.67,0,0,0,0,0,0,0,0,0,0
93,AgentA wins,29.67,0,0,0,0,0,0,0,0,0,0
94,AgentB wins,56.33,0,0,0,0,0,0,0,0,0,0
95,AgentA wins,50.33,0,0,0,0,0,0,0,0,0,0
96,AgentA wins,31.67,0,0,0,0,0,0,0,0,0,0
97,AgentB wins,36.00,0,0,0,0,0,0,0,0,0,0
98,AgentA wins,54.00,0,0,0,0,0,0,0,0,0,0
99,AgentA wins,55.00,0,0,0,0,0,0,0,0,0,0
100,AgentA wins,21.00,0,0,0,0,0,0,0,0,0,0
81,AgentA wins,21.00,0,0,0,0,0,0,0,0,0,0
82,AgentA wins,42.67,0,0,0,0,0,0,0,0,0,0
83,AgentA wins,40.67,0,0,0,0,0,0,0,0,0,0
84,AgentA wins,24.67,0,0,0,0,0,0,0,0,0,0
85,AgentA wins,20.00,0,0,0,0,0,0,0,0,0,0
86,AgentA wins,17.67,0,0,0,0,0,0,0,0,0,0
87,AgentA wins,42.67,0,0,0,0,0,0,0,0,0,0
88,AgentA wins,35.67,0,0,0,0,0,0,0,0,0,0
89,timeout draw,60.00,0,0,0,0,0,0,0,0,0,0
90,AgentA wins,23.33,0,0,0,0,0,0,0,0,0,0
91,AgentA wins,46.67,0,0,0,0,0,0,0,0,0,0
92,AgentA wins,18.33,0,0,0,0,0,0,0,0,0,0
93,AgentA wins,17.33,0,0,0,0,0,0,0,0,0,0
94,AgentA wins,20.33,0,0,0,0,0,0,0,0,0,0
95,AgentA wins,18.00,0,0,0,0,0,0,0,0,0,0
96,timeout draw,60.00,0,0,0,0,0,0,0,0,0,0
97,AgentA wins,17.67,0,0,0,0,0,0,0,0,0,0
98,AgentA wins,25.33,0,0,0,0,0,0,0,0,0,0
99,AgentA wins,17.33,0,0,0,0,0,0,0,0,0,0
100,AgentA wins,17.33,0,0,0,0,0,0,0,0,0,0
101,AgentA wins,17.67,217,167,34,100,0,160,0,28,35,49
102,AgentA wins,35.67,436,360,54,185,0,311,0,49,64,101
103,timeout draw,60.00,776,602,60,329,0,508,0,79,111,136
104,AgentA wins,17.67,225,177,19,110,0,147,0,22,31,50
105,AgentA wins,17.67,230,161,26,101,0,172,0,36,44,53
106,AgentA wins,37.00,463,372,56,184,0,317,0,49,80,75
107,AgentA wins,21.67,276,206,42,97,0,196,0,31,57,44
108,AgentA wins,25.67,324,246,43,139,0,238,0,33,41,70
109,AgentA wins,20.00,266,183,32,106,0,182,0,34,50,26
110,AgentA wins,34.67,445,331,61,172,0,290,0,40,66,63
101,AgentA wins,19.33,0,0,0,0,0,0,0,0,0,0
102,AgentA wins,20.00,0,0,0,0,0,0,0,0,0,0
103,AgentA wins,20.67,0,0,0,0,0,0,0,0,0,0
104,AgentB wins,55.67,0,0,0,0,0,0,0,0,0,0
105,timeout draw,60.00,0,0,0,0,0,0,0,0,0,0
106,timeout draw,60.00,0,0,0,0,0,0,0,0,0,0
107,AgentB wins,16.67,0,0,0,0,0,0,0,0,0,0
108,AgentB wins,14.00,0,0,0,0,0,0,0,0,0,0
109,AgentA wins,13.00,0,0,0,0,0,0,0,0,0,0
110,AgentA wins,20.33,0,0,0,0,0,0,0,0,0,0
91,AgentA wins,17.33,0,0,0,0,0,0,0,0,0,0
92,AgentA wins,17.33,0,0,0,0,0,0,0,0,0,0
93,AgentA wins,20.33,0,0,0,0,0,0,0,0,0,0
94,AgentA wins,17.33,0,0,0,0,0,0,0,0,0,0
95,AgentA wins,17.33,0,0,0,0,0,0,0,0,0,0
96,AgentA wins,17.33,0,0,0,0,0,0,0,0,0,0
97,AgentB wins,38.00,0,0,0,0,0,0,0,0,0,0
98,AgentA wins,16.00,0,0,0,0,0,0,0,0,0,0
99,timeout draw,60.00,0,0,0,0,0,0,0,0,0,0
100,AgentA wins,20.00,0,0,0,0,0,0,0,0,0,0
141,AgentA wins,20.33,0,0,0,0,0,0,0,0,0,0
142,AgentA wins,20.00,0,0,0,0,0,0,0,0,0,0
143,AgentA wins,20.00,0,0,0,0,0,0,0,0,0,0
144,AgentA wins,17.33,0,0,0,0,0,0,0,0,0,0
145,AgentA wins,20.33,0,0,0,0,0,0,0,0,0,0
146,AgentA wins,20.33,0,0,0,0,0,0,0,0,0,0
147,AgentA wins,17.67,0,0,0,0,0,0,0,0,0,0
148,AgentA wins,17.33,0,0,0,0,0,0,0,0,0,0
149,AgentA wins,20.33,0,0,0,0,0,0,0,0,0,0
150,AgentA wins,17.67,0,0,0,0,0,0,0,0,0,0
91,AgentA wins,19.67,0,0,0,0,0,0,0,0,0,0
92,AgentA wins,26.67,0,0,0,0,0,0,0,0,0,0
93,AgentA wins,20.33,0,0,0,0,0,0,0,0,0,0
94,AgentA wins,17.67,0,0,0,0,0,0,0,0,0,0
95,AgentB wins,26.00,0,0,0,0,0,0,0,0,0,0
96,AgentA wins,24.67,0,0,0,0,0,0,0,0,0,0
97,AgentA wins,25.67,0,0,0,0,0,0,0,0,0,0
98,AgentA wins,45.00,0,0,0,0,0,0,0,0,0,0
99,AgentA wins,22.67,0,0,0,0,0,0,0,0,0,0
100,AgentA wins,25.67,0,0,0,0,0,0,0,0,0,0
121,AgentA wins,17.33,0,0,0,0,0,0,0,0,0,0
122,AgentA wins,27.33,0,0,0,0,0,0,0,0,0,0
123,AgentA wins,17.67,0,0,0,0,0,0,0,0,0,0
124,AgentA wins,17.33,0,0,0,0,0,0,0,0,0,0
125,AgentA wins,20.33,0,0,0,0,0,0,0,0,0,0
126,AgentA wins,23.33,0,0,0,0,0,0,0,0,0,0
127,AgentA wins,20.33,0,0,0,0,0,0,0,0,0,0
128,AgentA wins,25.67,0,0,0,0,0,0,0,0,0,0
129,AgentB wins,20.67,0,0,0,0,0,0,0,0,0,0
130,AgentB wins,43.33,0,0,0,0,0,0,0,0,0,0
101,AgentB wins,30.00,0,0,0,0,0,0,0,0,0,0
102,AgentA wins,21.00,0,0,0,0,0,0,0,0,0,0
103,AgentA wins,17.67,0,0,0,0,0,0,0,0,0,0
104,AgentA wins,21.33,0,0,0,0,0,0,0,0,0,0
105,timeout draw,60.00,0,0,0,0,0,0,0,0,0,0
106,timeout draw,60.00,0,0,0,0,0,0,0,0,0,0
107,AgentA wins,27.67,0,0,0,0,0,0,0,0,0,0
108,AgentA wins,17.33,0,0,0,0,0,0,0,0,0,0
109,AgentA wins,18.00,0,0,0,0,0,0,0,0,0,0
110,AgentA wins,34.00,0,0,0,0,0,0,0,0,0,0
91,AgentA wins,32.00,0,0,0,0,0,0,0,0,0,0
92,AgentA wins,25.67,0,0,0,0,0,0,0,0,0,0
93,AgentA wins,30.00,0,0,0,0,0,0,0,0,0,0
94,timeout draw,60.00,0,0,0,0,0,0,0,0,0,0
95,AgentA wins,39.33,0,0,0,0,0,0,0,0,0,0
96,timeout draw,60.00,0,0,0,0,0,0,0,0,0,0
97,AgentA wins,52.33,0,0,0,0,0,0,0,0,0,0
98,AgentA wins,52.00,0,0,0,0,0,0,0,0,0,0
99,AgentA wins,39.67,0,0,0,0,0,0,0,0,0,0
100,AgentA wins,27.67,0,0,0,0,0,0,0,0,0,0
141,AgentA wins,17.67,0,0,0,0,0,0,0,0,0,0
142,AgentA wins,17.33,0,0,0,0,0,0,0,0,0,0
143,AgentA wins,17.33,0,0,0,0,0,0,0,0,0,0
144,AgentA wins,17.33,0,0,0,0,0,0,0,0,0,0
145,AgentA wins,17.33,0,0,0,0,0,0,0,0,0,0
146,AgentB wins,19.33,0,0,0,0,0,0,0,0,0,0
147,AgentA wins,20.33,0,0,0,0,0,0,0,0,0,0
148,AgentA wins,17.67,0,0,0,0,0,0,0,0,0,0
149,AgentA wins,21.33,0,0,0,0,0,0,0,0,0,0
150,AgentA wins,17.67,0,0,0,0,0,0,0,0,0,0
101,AgentA wins,23.33,0,0,0,0,0,0,0,0,0,0
102,AgentA wins,28.67,0,0,0,0,0,0,0,0,0,0
103,AgentA wins,48.67,0,0,0,0,0,0,0,0,0,0
104,AgentA wins,28.00,0,0,0,0,0,0,0,0,0,0
105,AgentA wins,42.67,0,0,0,0,0,0,0,0,0,0
106,AgentA wins,48.33,0,0,0,0,0,0,0,0,0,0
107,AgentB wins,45.33,0,0,0,0,0,0,0,0,0,0
108,AgentB wins,30.00,0,0,0,0,0,0,0,0,0,0
109,AgentA wins,44.00,0,0,0,0,0,0,0,0,0,0
110,AgentA wins,17.33,0,0,0,0,0,0,0,0,0,0
151,AgentA wins,17.67,0,0,0,0,0,0,0,0,0,0
152,AgentA wins,17.33,0,0,0,0,0,0,0,0,0,0
153,AgentA wins,20.33,0,0,0,0,0,0,0,0,0,0
154,AgentA wins,17.67,0,0,0,0,0,0,0,0,0,0
155,AgentA wins,30.33,0,0,0,0,0,0,0,0,0,0
156,AgentA wins,20.33,0,0,0,0,0,0,0,0,0,0
157,AgentA wins,20.00,0,0,0,0,0,0,0,0,0,0
158,AgentA wins,19.33,0,0,0,0,0,0,0,0,0,0
159,AgentA wins,17.33,0,0,0,0,0,0,0,0,0,0
160,AgentA wins,17.33,0,0,0,0,0,0,0,0,0,0
91,AgentA wins,21.33,0,0,0,0,0,0,0,0,0,0
92,AgentA wins,34.67,0,0,0,0,0,0,0,0,0,0
93,AgentA wins,20.67,0,0,0,0,0,0,0,0,0,0
94,AgentA wins,27.33,0,0,0,0,0,0,0,0,0,0
95,AgentA wins,53.67,0,0,0,0,0,0,0,0,0,0
96,timeout draw,60.00,0,0,0,0,0,0,0,0,0,0
97,AgentA wins,47.00,0,0,0,0,0,0,0,0,0,0
98,AgentA wins,23.00,0,0,0,0,0,0,0,0,0,0
99,AgentA wins,19.33,0,0,0,0,0,0,0,0,0,0
100,AgentB wins,39.00,0,0,0,0,0,0,0,0,0,0
101,AgentA wins,23.33,0,0,0,0,0,0,0,0,0,0
102,AgentA wins,20.00,0,0,0,0,0,0,0,0,0,0
103,AgentA wins,20.67,0,0,0,0,0,0,0,0,0,0
104,AgentA wins,27.33,0,0,0,0,0,0,0,0,0,0
105,AgentA wins,58.00,0,0,0,0,0,0,0,0,0,0
106,AgentA wins,42.33,0,0,0,0,0,0,0,0,0,0
107,AgentA wins,13.67,0,0,0,0,0,0,0,0,0,0
108,AgentA wins,22.00,0,0,0,0,0,0,0,0,0,0
109,AgentA wins,33.67,0,0,0,0,0,0,0,0,0,0
110,AgentA wins,17.67,0,0,0,0,0,0,0,0,0,0
91,AgentA wins,37.67,0,0,0,0,0,0,0,0,0,0
92,AgentA wins,18.00,0,0,0,0,0,0,0,0,0,0
93,AgentB wins,59.67,0,0,0,0,0,0,0,0,0,0
94,timeout draw,60.00,0,0,0,0,0,0,0,0,0,0
95,timeout draw,60.00,0,0,0,0,0,0,0,0,0,0
96,AgentA wins,55.67,0,0,0,0,0,0,0,0,0,0
97,AgentA wins,40.00,0,0,0,0,0,0,0,0,0,0
98,timeout draw,60.00,0,0,0,0,0,0,0,0,0,0
99,AgentA wins,17.67,0,0,0,0,0,0,0,0,0,0
100,timeout draw,60.00,0,0,0,0,0,0,0,0,0,0
91,AgentA wins,13.00,0,0,0,0,0,0,0,0,0,0
92,timeout draw,60.00,0,0,0,0,0,0,0,0,0,0
93,timeout draw,60.00,0,0,0,0,0,0,0,0,0,0
94,timeout draw,60.00,0,0,0,0,0,0,0,0,0,0
95,AgentB wins,43.67,0,0,0,0,0,0,0,0,0,0
96,AgentA wins,22.33,0,0,0,0,0,0,0,0,0,0
97,timeout draw,60.00,0,0,0,0,0,0,0,0,0,0
98,timeout draw,60.00,0,0,0,0,0,0,0,0,0,0
99,timeout draw,60.00,0,0,0,0,0,0,0,0,0,0
100,timeout draw,60.00,0,0,0,0,0,0,0,0,0,0
101,AgentA wins,21.33,0,0,0,0,0,0,0,0,0,0
102,AgentA wins,35.67,0,0,0,0,0,0,0,0,0,0
103,AgentA wins,21.67,0,0,0,0,0,0,0,0,0,0
104,AgentA wins,17.33,0,0,0,0,0,0,0,0,0,0
105,AgentA wins,17.67,0,0,0,0,0,0,0,0,0,0
106,AgentA wins,32.33,0,0,0,0,0,0,0,0,0,0
107,AgentA wins,17.67,0,0,0,0,0,0,0,0,0,0
108,AgentA wins,20.67,0,0,0,0,0,0,0,0,0,0
109,AgentA wins,26.67,0,0,0,0,0,0,0,0,0,0
110,AgentA wins,23.33,0,0,0,0,0,0,0,0,0,0
101,AgentA wins,17.67,0,0,0,0,0,0,0,0,0,0
102,AgentA wins,25.00,0,0,0,0,0,0,0,0,0,0
103,AgentA wins,23.67,0,0,0,0,0,0,0,0,0,0
104,AgentA wins,17.33,0,0,0,0,0,0,0,0,0,0
105,AgentA wins,34.00,0,0,0,0,0,0,0,0,0,0
106,AgentA wins,22.00,0,0,0,0,0,0,0,0,0,0
107,AgentB wins,52.00,0,0,0,0,0,0,0,0,0,0
108,timeout draw,60.00,0,0,0,0,0,0,0,0,0,0
109,AgentB wins,55.67,0,0,0,0,0,0,0,0,0,0
110,AgentA wins,21.33,0,0,0,0,0,0,0,0,0,0
101,AgentA wins,26.00,0,0,0,0,0,0,0,0,0,0
102,AgentA wins,35.67,0,0,0,0,0,0,0,0,0,0
103,AgentA wins,40.00,0,0,0,0,0,0,0,0,0,0
104,AgentA wins,24.33,0,0,0,0,0,0,0,0,0,0
105,timeout draw,60.00,0,0,0,0,0,0,0,0,0,0
106,AgentA wins,48.33,0,0,0,0,0,0,0,0,0,0
107,AgentA wins,36.67,0,0,0,0,0,0,0,0,0,0
108,AgentA wins,27.33,0,0,0,0,0,0,0,0,0,0
109,AgentA wins,30.33,0,0,0,0,0,0,0,0,0,0
110,AgentA wins,32.33,0,0,0,0,0,0,0,0,0,0
91,AgentA wins,46.67,0,0,0,0,0,0,0,0,0,0
92,AgentA wins,23.67,0,0,0,0,0,0,0,0,0,0
93,AgentB wins,47.00,0,0,0,0,0,0,0,0,0,0
94,AgentA wins,21.00,0,0,0,0,0,0,0,0,0,0
95,AgentA wins,24.33,0,0,0,0,0,0,0,0,0,0
96,AgentA wins,31.33,0,0,0,0,0,0,0,0,0,0
97,timeout draw,60.00,0,0,0,0,0,0,0,0,0,0
98,AgentA wins,35.00,0,0,0,0,0,0,0,0,0,0
99,AgentA wins,43.67,0,0,0,0,0,0,0,0,0,0
100,AgentA wins,49.00,0,0,0,0,0,0,0,0,0,0
101,AgentA wins,17.67,0,0,0,0,0,0,0,0,0,0
102,AgentA wins,27.67,0,0,0,0,0,0,0,0,0,0
103,AgentA wins,31.33,0,0,0,0,0,0,0,0,0,0
104,AgentA wins,51.67,0,0,0,0,0,0,0,0,0,0
105,AgentA wins,42.00,0,0,0,0,0,0,0,0,0,0
106,AgentA wins,31.00,0,0,0,0,0,0,0,0,0,0
107,AgentA wins,31.33,0,0,0,0,0,0,0,0,0,0
108,AgentA wins,17.33,0,0,0,0,0,0,0,0,0,0
109,AgentA wins,42.67,0,0,0,0,0,0,0,0,0,0
110,AgentA wins,60.00,0,0,0,0,0,0,0,0,0,0
151,AgentA wins,17.33,0,0,0,0,0,0,0,0,0,0
152,AgentA wins,18.33,0,0,0,0,0,0,0,0,0,0
153,AgentA wins,20.33,0,0,0,0,0,0,0,0,0,0
154,AgentA wins,17.67,0,0,0,0,0,0,0,0,0,0
155,AgentA wins,20.33,0,0,0,0,0,0,0,0,0,0
156,AgentA wins,20.33,0,0,0,0,0,0,0,0,0,0
157,AgentA wins,17.33,0,0,0,0,0,0,0,0,0,0
158,AgentA wins,20.33,0,0,0,0,0,0,0,0,0,0
159,AgentA wins,17.33,0,0,0,0,0,0,0,0,0,0
160,AgentA wins,17.33,0,0,0,0,0,0,0,0,0,0
101,AgentA wins,16.33,0,0,0,0,0,0,0,0,0,0
102,AgentB wins,23.33,0,0,0,0,0,0,0,0,0,0
103,AgentA wins,23.67,0,0,0,0,0,0,0,0,0,0
104,AgentA wins,29.67,0,0,0,0,0,0,0,0,0,0
105,AgentA wins,52.00,0,0,0,0,0,0,0,0,0,0
106,AgentA wins,17.00,0,0,0,0,0,0,0,0,0,0
107,AgentA wins,21.00,0,0,0,0,0,0,0,0,0,0
108,timeout draw,60.00,0,0,0,0,0,0,0,0,0,0
109,AgentA wins,48.33,0,0,0,0,0,0,0,0,0,0
110,AgentA wins,22.33,0,0,0,0,0,0,0,0,0,0
101,AgentA wins,39.33,0,0,0,0,0,0,0,0,0,0
102,AgentA wins,17.33,0,0,0,0,0,0,0,0,0,0
103,AgentA wins,41.00,0,0,0,0,0,0,0,0,0,0
104,AgentA wins,35.67,0,0,0,0,0,0,0,0,0,0
105,AgentA wins,17.67,0,0,0,0,0,0,0,0,0,0
106,AgentA wins,28.67,0,0,0,0,0,0,0,0,0,0
107,AgentA wins,18.33,0,0,0,0,0,0,0,0,0,0
108,AgentA wins,26.67,0,0,0,0,0,0,0,0,0,0
109,AgentA wins,21.00,0,0,0,0,0,0,0,0,0,0
110,AgentB wins,23.33,0,0,0,0,0,0,0,0,0,0
101,AgentA wins,50.67,0,0,0,0,0,0,0,0,0,0
102,AgentA wins,30.67,0,0,0,0,0,0,0,0,0,0
103,AgentA wins,59.33,0,0,0,0,0,0,0,0,0,0
104,AgentA wins,56.00,0,0,0,0,0,0,0,0,0,0
105,AgentA wins,26.67,0,0,0,0,0,0,0,0,0,0
106,AgentA wins,42.67,0,0,0,0,0,0,0,0,0,0
107,AgentA wins,20.33,0,0,0,0,0,0,0,0,0,0
108,AgentB wins,42.33,0,0,0,0,0,0,0,0,0,0
109,AgentA wins,16.33,0,0,0,0,0,0,0,0,0,0
110,AgentA wins,18.67,0,0,0,0,0,0,0,0,0,0
91,timeout draw,60.00,0,0,0,0,0,0,0,0,0,0
92,AgentA wins,17.67,0,0,0,0,0,0,0,0,0,0
93,AgentB wins,54.67,0,0,0,0,0,0,0,0,0,0
94,AgentA wins,33.00,0,0,0,0,0,0,0,0,0,0
95,timeout draw,60.00,0,0,0,0,0,0,0,0,0,0
96,AgentA wins,30.33,0,0,0,0,0,0,0,0,0,0
97,timeout draw,60.00,0,0,0,0,0,0,0,0,0,0
98,timeout draw,60.00,0,0,0,0,0,0,0,0,0,0
99,timeout draw,60.00,0,0,0,0,0,0,0,0,0,0
100,timeout draw,60.00,0,0,0,0,0,0,0,0,0,0
91,AgentA wins,24.67,0,0,0,0,0,0,0,0,0,0
92,AgentA wins,25.67,0,0,0,0,0,0,0,0,0,0
93,timeout draw,60.00,0,0,0,0,0,0,0,0,0,0
94,AgentA wins,25.00,0,0,0,0,0,0,0,0,0,0
95,AgentA wins,44.33,0,0,0,0,0,0,0,0,0,0
96,AgentA wins,19.33,0,0,0,0,0,0,0,0,0,0
97,AgentA wins,27.33,0,0,0,0,0,0,0,0,0,0
98,AgentB wins,55.33,0,0,0,0,0,0,0,0,0,0
99,timeout draw,60.00,0,0,0,0,0,0,0,0,0,0
100,AgentA wins,56.67,0,0,0,0,0,0,0,0,0,0
101,AgentA wins,23.33,0,0,0,0,0,0,0,0,0,0
102,AgentA wins,25.67,0,0,0,0,0,0,0,0,0,0
103,AgentA wins,18.00,0,0,0,0,0,0,0,0,0,0
104,AgentB wins,35.67,0,0,0,0,0,0,0,0,0,0
105,AgentA wins,53.00,0,0,0,0,0,0,0,0,0,0
106,AgentA wins,26.33,0,0,0,0,0,0,0,0,0,0
107,AgentA wins,20.67,0,0,0,0,0,0,0,0,0,0
108,AgentA wins,20.33,0,0,0,0,0,0,0,0,0,0
109,AgentA wins,30.00,0,0,0,0,0,0,0,0,0,0
110,AgentA wins,56.33,0,0,0,0,0,0,0,0,0,0
101,AgentA wins,33.00,0,0,0,0,0,0,0,0,0,0
102,AgentA wins,13.00,0,0,0,0,0,0,0,0,0,0
103,timeout draw,60.00,0,0,0,0,0,0,0,0,0,0
104,AgentA wins,17.33,0,0,0,0,0,0,0,0,0,0
105,AgentA wins,32.67,0,0,0,0,0,0,0,0,0,0
106,timeout draw,60.00,0,0,0,0,0,0,0,0,0,0
107,AgentA wins,29.33,0,0,0,0,0,0,0,0,0,0
108,AgentA wins,35.67,0,0,0,0,0,0,0,0,0,0
109,AgentA wins,17.00,0,0,0,0,0,0,0,0,0,0
110,AgentA wins,17.67,0,0,0,0,0,0,0,0,0,0
101,AgentA wins,55.33,0,0,0,0,0,0,0,0,0,0
102,AgentA wins,17.33,0,0,0,0,0,0,0,0,0,0
103,AgentA wins,17.33,0,0,0,0,0,0,0,0,0,0
104,AgentA wins,17.33,0,0,0,0,0,0,0,0,0,0
105,AgentA wins,20.33,0,0,0,0,0,0,0,0,0,0
106,AgentA wins,20.33,0,0,0,0,0,0,0,0,0,0
107,AgentA wins,20.67,0,0,0,0,0,0,0,0,0,0
108,AgentA wins,17.67,0,0,0,0,0,0,0,0,0,0
109,AgentA wins,17.33,0,0,0,0,0,0,0,0,0,0
110,AgentA wins,20.67,0,0,0,0,0,0,0,0,0,0
131,AgentA wins,20.67,0,0,0,0,0,0,0,0,0,0
132,AgentA wins,17.67,0,0,0,0,0,0,0,0,0,0
133,AgentA wins,17.67,0,0,0,0,0,0,0,0,0,0
134,AgentA wins,17.33,0,0,0,0,0,0,0,0,0,0
135,AgentA wins,17.67,0,0,0,0,0,0,0,0,0,0
136,AgentA wins,20.00,0,0,0,0,0,0,0,0,0,0
137,AgentA wins,17.33,0,0,0,0,0,0,0,0,0,0
138,AgentA wins,17.67,0,0,0,0,0,0,0,0,0,0
139,AgentA wins,20.33,0,0,0,0,0,0,0,0,0,0
140,AgentA wins,17.33,0,0,0,0,0,0,0,0,0,0
101,AgentA wins,23.67,0,0,0,0,0,0,0,0,0,0
102,AgentA wins,21.00,0,0,0,0,0,0,0,0,0,0
103,AgentA wins,23.00,0,0,0,0,0,0,0,0,0,0
104,timeout draw,60.00,0,0,0,0,0,0,0,0,0,0
105,AgentA wins,36.67,0,0,0,0,0,0,0,0,0,0
106,AgentA wins,29.33,0,0,0,0,0,0,0,0,0,0
107,AgentA wins,46.67,0,0,0,0,0,0,0,0,0,0
108,AgentA wins,17.33,0,0,0,0,0,0,0,0,0,0
109,timeout draw,60.00,0,0,0,0,0,0,0,0,0,0
110,AgentA wins,43.00,0,0,0,0,0,0,0,0,0,0
151,AgentA wins,19.67,0,0,0,0,0,0,0,0,0,0
152,AgentA wins,17.67,0,0,0,0,0,0,0,0,0,0
153,AgentA wins,17.67,0,0,0,0,0,0,0,0,0,0
154,AgentA wins,17.33,0,0,0,0,0,0,0,0,0,0
155,AgentA wins,17.33,0,0,0,0,0,0,0,0,0,0
156,AgentA wins,17.67,0,0,0,0,0,0,0,0,0,0
157,AgentA wins,17.67,0,0,0,0,0,0,0,0,0,0
158,AgentA wins,17.00,0,0,0,0,0,0,0,0,0,0
159,AgentA wins,25.00,0,0,0,0,0,0,0,0,0,0
160,AgentA wins,17.67,0,0,0,0,0,0,0,0,0,0
161,AgentA wins,17.33,0,0,0,0,0,0,0,0,0,0
162,AgentA wins,17.33,0,0,0,0,0,0,0,0,0,0
163,AgentA wins,17.33,0,0,0,0,0,0,0,0,0,0
164,AgentA wins,17.33,0,0,0,0,0,0,0,0,0,0
165,AgentA wins,19.67,0,0,0,0,0,0,0,0,0,0
166,AgentA wins,17.33,0,0,0,0,0,0,0,0,0,0
167,AgentA wins,17.00,0,0,0,0,0,0,0,0,0,0
168,AgentA wins,17.33,0,0,0,0,0,0,0,0,0,0
169,AgentA wins,13.00,0,0,0,0,0,0,0,0,0,0
170,AgentA wins,17.33,0,0,0,0,0,0,0,0,0,0
101,AgentA wins,18.33,0,0,0,0,0,0,0,0,0,0
102,timeout draw,60.00,0,0,0,0,0,0,0,0,0,0
103,AgentA wins,17.33,0,0,0,0,0,0,0,0,0,0
104,AgentA wins,19.33,0,0,0,0,0,0,0,0,0,0
105,AgentA wins,29.00,0,0,0,0,0,0,0,0,0,0
106,AgentA wins,55.33,0,0,0,0,0,0,0,0,0,0
107,AgentA wins,20.33,0,0,0,0,0,0,0,0,0,0
108,AgentA wins,44.67,0,0,0,0,0,0,0,0,0,0
109,AgentA wins,21.00,0,0,0,0,0,0,0,0,0,0
110,AgentA wins,20.33,0,0,0,0,0,0,0,0,0,0
111,AgentA wins,20.33,0,0,0,0,0,0,0,0,0,0
112,AgentA wins,28.00,0,0,0,0,0,0,0,0,0,0
113,AgentA wins,19.67,0,0,0,0,0,0,0,0,0,0
114,AgentA wins,20.00,0,0,0,0,0,0,0,0,0,0
115,AgentA wins,27.33,0,0,0,0,0,0,0,0,0,0
116,AgentA wins,55.00,0,0,0,0,0,0,0,0,0,0
117,timeout draw,60.00,0,0,0,0,0,0,0,0,0,0
118,AgentA wins,23.33,0,0,0,0,0,0,0,0,0,0
119,AgentA wins,17.67,0,0,0,0,0,0,0,0,0,0
120,AgentA wins,20.00,0,0,0,0,0,0,0,0,0,0
101,AgentA wins,17.67,0,0,0,0,0,0,0,0,0,0
102,AgentA wins,20.00,0,0,0,0,0,0,0,0,0,0
103,AgentA wins,17.00,0,0,0,0,0,0,0,0,0,0
104,AgentA wins,17.33,0,0,0,0,0,0,0,0,0,0
105,AgentA wins,17.33,0,0,0,0,0,0,0,0,0,0
106,AgentA wins,19.33,0,0,0,0,0,0,0,0,0,0
107,AgentA wins,52.00,0,0,0,0,0,0,0,0,0,0
108,timeout draw,60.00,0,0,0,0,0,0,0,0,0,0
109,timeout draw,60.00,0,0,0,0,0,0,0,0,0,0
110,timeout draw,60.00,0,0,0,0,0,0,0,0,0,0
101,AgentA wins,23.00,0,0,0,0,0,0,0,0,0,0
102,AgentA wins,27.33,0,0,0,0,0,0,0,0,0,0
103,AgentA wins,27.00,0,0,0,0,0,0,0,0,0,0
104,AgentA wins,19.33,0,0,0,0,0,0,0,0,0,0
105,AgentA wins,18.00,0,0,0,0,0,0,0,0,0,0
106,timeout draw,60.00,0,0,0,0,0,0,0,0,0,0
107,AgentA wins,46.00,0,0,0,0,0,0,0,0,0,0
108,AgentA wins,38.67,0,0,0,0,0,0,0,0,0,0
109,AgentB wins,46.00,0,0,0,0,0,0,0,0,0,0
110,AgentA wins,58.67,0,0,0,0,0,0,0,0,0,0
111,timeout draw,60.00,0,0,0,0,0,0,0,0,0,0
112,AgentA wins,22.67,0,0,0,0,0,0,0,0,0,0
113,AgentA wins,39.33,0,0,0,0,0,0,0,0,0,0
114,timeout draw,60.00,0,0,0,0,0,0,0,0,0,0
115,AgentA wins,20.67,0,0,0,0,0,0,0,0,0,0
116,AgentA wins,19.00,0,0,0,0,0,0,0,0,0,0
117,AgentA wins,37.00,0,0,0,0,0,0,0,0,0,0
118,AgentA wins,60.00,0,0,0,0,0,0,0,0,0,0
119,AgentA wins,17.00,0,0,0,0,0,0,0,0,0,0
120,AgentA wins,33.33,0,0,0,0,0,0,0,0,0,0
101,AgentB wins,25.67,0,0,0,0,0,0,0,0,0,0
102,AgentB wins,26.00,0,0,0,0,0,0,0,0,0,0
103,AgentA wins,20.67,0,0,0,0,0,0,0,0,0,0
104,AgentA wins,17.33,0,0,0,0,0,0,0,0,0,0
105,AgentB wins,21.33,0,0,0,0,0,0,0,0,0,0
106,AgentA wins,46.67,0,0,0,0,0,0,0,0,0,0
107,AgentA wins,23.00,0,0,0,0,0,0,0,0,0,0
108,AgentB wins,23.67,0,0,0,0,0,0,0,0,0,0
109,AgentA wins,24.67,0,0,0,0,0,0,0,0,0,0
110,AgentA wins,29.33,0,0,0,0,0,0,0,0,0,0
111,AgentA wins,39.67,495,376,79,171,0,327,0,57,71,99
112,AgentA wins,17.67,228,165,26,95,0,157,0,23,26,46
113,AgentB wins,40.33,509,371,69,196,0,356,0,73,77,107
114,AgentA wins,41.67,527,411,57,211,0,364,0,44,87,94
115,AgentA wins,38.67,506,351,47,207,0,344,0,67,58,86
116,AgentA wins,26.00,328,253,43,114,0,231,0,36,65,40
117,AgentA wins,34.33,440,300,63,154,0,291,0,56,49,77
118,AgentA wins,40.67,513,352,81,192,0,344,0,51,70,104
119,AgentA wins,30.67,399,254,57,151,0,284,0,47,56,71
120,AgentA wins,31.67,400,266,55,161,0,288,0,49,59,88
91,timeout draw,60.00,0,0,0,0,0,0,0,0,0,0
92,timeout draw,60.00,0,0,0,0,0,0,0,0,0,0
93,AgentA wins,57.67,0,0,0,0,0,0,0,0,0,0
94,timeout draw,60.00,0,0,0,0,0,0,0,0,0,0
95,timeout draw,60.00,0,0,0,0,0,0,0,0,0,0
96,AgentA wins,41.67,0,0,0,0,0,0,0,0,0,0
97,AgentB wins,54.00,0,0,0,0,0,0,0,0,0,0
98,timeout draw,60.00,0,0,0,0,0,0,0,0,0,0
99,timeout draw,60.00,0,0,0,0,0,0,0,0,0,0
100,timeout draw,60.00,0,0,0,0,0,0,0,0,0,0
101,AgentB wins,24.33,0,0,0,0,0,0,0,0,0,0
102,AgentA wins,51.00,0,0,0,0,0,0,0,0,0,0
103,AgentA wins,45.33,0,0,0,0,0,0,0,0,0,0
104,AgentA wins,17.67,0,0,0,0,0,0,0,0,0,0
105,AgentA wins,36.00,0,0,0,0,0,0,0,0,0,0
106,AgentA wins,56.67,0,0,0,0,0,0,0,0,0,0
107,AgentA wins,50.33,0,0,0,0,0,0,0,0,0,0
108,AgentA wins,28.33,0,0,0,0,0,0,0,0,0,0
109,AgentA wins,30.67,0,0,0,0,0,0,0,0,0,0
110,AgentA wins,43.00,0,0,0,0,0,0,0,0,0,0
91,AgentA wins,17.67,0,0,0,0,0,0,0,0,0,0
92,AgentA wins,31.00,0,0,0,0,0,0,0,0,0,0
93,AgentA wins,44.33,0,0,0,0,0,0,0,0,0,0
94,AgentA wins,19.67,0,0,0,0,0,0,0,0,0,0
95,AgentA wins,48.67,0,0,0,0,0,0,0,0,0,0
96,AgentA wins,59.67,0,0,0,0,0,0,0,0,0,0
97,timeout draw,60.00,0,0,0,0,0,0,0,0,0,0
98,timeout draw,60.00,0,0,0,0,0,0,0,0,0,0
99,AgentB wins,28.00,0,0,0,0,0,0,0,0,0,0
100,timeout draw,60.00,0,0,0,0,0,0,0,0,0,0
101,AgentA wins,29.33,0,0,0,0,0,0,0,0,0,0
102,AgentA wins,27.67,0,0,0,0,0,0,0,0,0,0
103,AgentA wins,20.33,0,0,0,0,0,0,0,0,0,0
104,AgentB wins,39.00,0,0,0,0,0,0,0,0,0,0
105,AgentA wins,41.33,0,0,0,0,0,0,0,0,0,0
106,AgentA wins,34.00,0,0,0,0,0,0,0,0,0,0
107,AgentA wins,48.00,0,0,0,0,0,0,0,0,0,0
108,AgentA wins,36.67,0,0,0,0,0,0,0,0,0,0
109,AgentA wins,21.33,0,0,0,0,0,0,0,0,0,0
110,AgentA wins,37.33,0,0,0,0,0,0,0,0,0,0
101,AgentA wins,17.00,0,0,0,0,0,0,0,0,0,0
102,AgentA wins,19.33,0,0,0,0,0,0,0,0,0,0
103,AgentA wins,25.33,0,0,0,0,0,0,0,0,0,0
104,AgentA wins,21.67,0,0,0,0,0,0,0,0,0,0
105,AgentA wins,20.33,0,0,0,0,0,0,0,0,0,0
106,AgentA wins,39.00,0,0,0,0,0,0,0,0,0,0
107,AgentA wins,37.33,0,0,0,0,0,0,0,0,0,0
108,AgentA wins,21.67,0,0,0,0,0,0,0,0,0,0
109,timeout draw,60.00,0,0,0,0,0,0,0,0,0,0
110,AgentA wins,24.67,0,0,0,0,0,0,0,0,0,0
111,AgentB wins,43.33,0,0,0,0,0,0,0,0,0,0
112,AgentA wins,43.67,0,0,0,0,0,0,0,0,0,0
113,AgentB wins,26.33,0,0,0,0,0,0,0,0,0,0
114,timeout draw,60.00,0,0,0,0,0,0,0,0,0,0
115,AgentA wins,24.00,0,0,0,0,0,0,0,0,0,0
116,AgentA wins,17.67,0,0,0,0,0,0,0,0,0,0
117,AgentB wins,31.00,0,0,0,0,0,0,0,0,0,0
118,AgentA wins,33.00,0,0,0,0,0,0,0,0,0,0
119,AgentA wins,15.67,0,0,0,0,0,0,0,0,0,0
120,AgentA wins,59.00,0,0,0,0,0,0,0,0,0,0
161,AgentA wins,19.67,0,0,0,0,0,0,0,0,0,0
162,AgentA wins,24.67,0,0,0,0,0,0,0,0,0,0
163,AgentA wins,17.33,0,0,0,0,0,0,0,0,0,0
164,AgentA wins,17.67,0,0,0,0,0,0,0,0,0,0
165,AgentA wins,25.67,0,0,0,0,0,0,0,0,0,0
166,AgentA wins,19.67,0,0,0,0,0,0,0,0,0,0
167,AgentA wins,17.33,0,0,0,0,0,0,0,0,0,0
168,AgentA wins,21.67,0,0,0,0,0,0,0,0,0,0
169,AgentA wins,17.33,0,0,0,0,0,0,0,0,0,0
170,AgentA wins,17.33,0,0,0,0,0,0,0,0,0,0
111,AgentA wins,53.33,0,0,0,0,0,0,0,0,0,0
112,AgentA wins,45.67,0,0,0,0,0,0,0,0,0,0
113,AgentA wins,17.00,0,0,0,0,0,0,0,0,0,0
114,AgentA wins,31.33,0,0,0,0,0,0,0,0,0,0
115,AgentA wins,15.00,0,0,0,0,0,0,0,0,0,0
116,AgentA wins,45.00,0,0,0,0,0,0,0,0,0,0
117,AgentA wins,17.33,0,0,0,0,0,0,0,0,0,0
118,AgentA wins,17.33,0,0,0,0,0,0,0,0,0,0
119,AgentA wins,39.33,0,0,0,0,0,0,0,0,0,0
120,AgentA wins,44.33,0,0,0,0,0,0,0,0,0,0
141,AgentA wins,19.67,0,0,0,0,0,0,0,0,0,0
142,AgentA wins,20.33,0,0,0,0,0,0,0,0,0,0
143,AgentA wins,20.00,0,0,0,0,0,0,0,0,0,0
144,AgentA wins,17.33,0,0,0,0,0,0,0,0,0,0
145,AgentA wins,17.67,0,0,0,0,0,0,0,0,0,0
146,AgentA wins,21.67,0,0,0,0,0,0,0,0,0,0
147,AgentA wins,16.00,0,0,0,0,0,0,0,0,0,0
148,AgentA wins,17.33,0,0,0,0,0,0,0,0,0,0
149,AgentA wins,17.00,0,0,0,0,0,0,0,0,0,0
150,AgentA wins,13.00,0,0,0,0,0,0,0,0,0,0
101,AgentA wins,25.00,0,0,0,0,0,0,0,0,0,0
102,AgentA wins,35.00,0,0,0,0,0,0,0,0,0,0
103,timeout draw,60.00,0,0,0,0,0,0,0,0,0,0
104,AgentA wins,48.33,0,0,0,0,0,0,0,0,0,0
105,AgentA wins,30.67,0,0,0,0,0,0,0,0,0,0
106,AgentA wins,17.33,0,0,0,0,0,0,0,0,0,0
107,AgentA wins,15.00,0,0,0,0,0,0,0,0,0,0
108,AgentA wins,17.67,0,0,0,0,0,0,0,0,0,0
109,AgentA wins,46.00,0,0,0,0,0,0,0,0,0,0
110,AgentA wins,17.67,0,0,0,0,0,0,0,0,0,0
91,timeout draw,60.00,0,0,0,0,0,0,0,0,0,0
92,timeout draw,60.00,0,0,0,0,0,0,0,0,0,0
93,timeout draw,60.00,0,0,0,0,0,0,0,0,0,0
94,AgentB wins,56.67,0,0,0,0,0,0,0,0,0,0
95,timeout draw,60.00,0,0,0,0,0,0,0,0,0,0
96,AgentA wins,55.67,0,0,0,0,0,0,0,0,0,0
97,AgentA wins,19.33,0,0,0,0,0,0,0,0,0,0
98,AgentA wins,59.33,0,0,0,0,0,0,0,0,0,0
99,AgentA wins,24.67,0,0,0,0,0,0,0,0,0,0
100,AgentA wins,19.67,0,0,0,0,0,0,0,0,0,0
161,AgentA wins,20.33,0,0,0,0,0,0,0,0,0,0
162,AgentA wins,18.67,0,0,0,0,0,0,0,0,0,0
163,AgentA wins,14.67,0,0,0,0,0,0,0,0,0,0
164,AgentA wins,17.33,0,0,0,0,0,0,0,0,0,0
165,AgentA wins,18.00,0,0,0,0,0,0,0,0,0,0
166,AgentA wins,17.33,0,0,0,0,0,0,0,0,0,0
167,AgentA wins,13.67,0,0,0,0,0,0,0,0,0,0
168,AgentA wins,16.33,0,0,0,0,0,0,0,0,0,0
169,AgentA wins,20.33,0,0,0,0,0,0,0,0,0,0
170,AgentA wins,17.33,0,0,0,0,0,0,0,0,0,0
171,AgentA wins,17.33,0,0,0,0,0,0,0,0,0,0
172,AgentA wins,17.00,0,0,0,0,0,0,0,0,0,0
173,AgentA wins,17.33,0,0,0,0,0,0,0,0,0,0
174,AgentA wins,17.33,0,0,0,0,0,0,0,0,0,0
175,AgentA wins,17.33,0,0,0,0,0,0,0,0,0,0
176,AgentA wins,17.33,0,0,0,0,0,0,0,0,0,0
177,AgentA wins,20.00,0,0,0,0,0,0,0,0,0,0
178,AgentA wins,20.00,0,0,0,0,0,0,0,0,0,0
179,AgentA wins,17.67,0,0,0,0,0,0,0,0,0,0
180,AgentA wins,17.33,0,0,0,0,0,0,0,0,0,0
111,AgentA wins,56.00,0,0,0,0,0,0,0,0,0,0
112,AgentA wins,17.00,0,0,0,0,0,0,0,0,0,0
113,AgentB wins,52.00,0,0,0,0,0,0,0,0,0,0
114,AgentA wins,36.67,0,0,0,0,0,0,0,0,0,0
115,AgentA wins,33.00,0,0,0,0,0,0,0,0,0,0
116,AgentA wins,27.00,0,0,0,0,0,0,0,0,0,0
117,AgentA wins,36.67,0,0,0,0,0,0,0,0,0,0
118,AgentA wins,22.67,0,0,0,0,0,0,0,0,0,0
119,AgentA wins,19.67,0,0,0,0,0,0,0,0,0,0
120,AgentA wins,21.33,0,0,0,0,0,0,0,0,0,0
111,timeout draw,60.00,0,0,0,0,0,0,0,0,0,0
112,AgentA wins,34.67,0,0,0,0,0,0,0,0,0,0
113,AgentA wins,27.00,0,0,0,0,0,0,0,0,0,0
114,AgentA wins,17.67,0,0,0,0,0,0,0,0,0,0
115,AgentB wins,55.00,0,0,0,0,0,0,0,0,0,0
116,AgentA wins,18.00,0,0,0,0,0,0,0,0,0,0
117,AgentA wins,21.33,0,0,0,0,0,0,0,0,0,0
118,AgentA wins,25.33,0,0,0,0,0,0,0,0,0,0
119,AgentA wins,34.67,0,0,0,0,0,0,0,0,0,0
120,AgentA wins,29.00,0,0,0,0,0,0,0,0,0,0
111,AgentA wins,17.33,0,0,0,0,0,0,0,0,0,0
112,AgentA wins,17.33,0,0,0,0,0,0,0,0,0,0
113,AgentA wins,23.33,0,0,0,0,0,0,0,0,0,0
114,AgentA wins,23.00,0,0,0,0,0,0,0,0,0,0
115,AgentA wins,30.00,0,0,0,0,0,0,0,0,0,0
116,AgentA wins,26.33,0,0,0,0,0,0,0,0,0,0
117,AgentA wins,46.33,0,0,0,0,0,0,0,0,0,0
118,AgentA wins,40.33,0,0,0,0,0,0,0,0,0,0
119,AgentA wins,26.33,0,0,0,0,0,0,0,0,0,0
120,AgentA wins,17.33,0,0,0,0,0,0,0,0,0,0
101,timeout draw,60.00,0,0,0,0,0,0,0,0,0,0
102,AgentA wins,43.00,0,0,0,0,0,0,0,0,0,0
103,AgentA wins,15.67,0,0,0,0,0,0,0,0,0,0
104,AgentA wins,21.67,0,0,0,0,0,0,0,0,0,0
105,AgentA wins,17.33,0,0,0,0,0,0,0,0,0,0
106,AgentA wins,43.33,0,0,0,0,0,0,0,0,0,0
107,AgentA wins,17.33,0,0,0,0,0,0,0,0,0,0
108,AgentA wins,17.33,0,0,0,0,0,0,0,0,0,0
109,AgentA wins,17.00,0,0,0,0,0,0,0,0,0,0
110,AgentA wins,17.33,0,0,0,0,0,0,0,0,0,0
101,timeout draw,60.00,0,0,0,0,0,0,0,0,0,0
102,AgentA wins,34.67,0,0,0,0,0,0,0,0,0,0
103,AgentA wins,42.00,0,0,0,0,0,0,0,0,0,0
104,AgentA wins,17.67,0,0,0,0,0,0,0,0,0,0
105,AgentA wins,17.33,0,0,0,0,0,0,0,0,0,0
106,AgentA wins,21.00,0,0,0,0,0,0,0,0,0,0
107,AgentB wins,37.67,0,0,0,0,0,0,0,0,0,0
108,AgentA wins,30.67,0,0,0,0,0,0,0,0,0,0
109,AgentA wins,25.67,0,0,0,0,0,0,0,0,0,0
110,AgentB wins,37.67,0,0,0,0,0,0,0,0,0,0
111,AgentA wins,17.67,0,0,0,0,0,0,0,0,0,0
112,AgentA wins,20.67,0,0,0,0,0,0,0,0,0,0
113,timeout draw,60.00,0,0,0,0,0,0,0,0,0,0
114,AgentA wins,44.00,0,0,0,0,0,0,0,0,0,0
115,timeout draw,60.00,0,0,0,0,0,0,0,0,0,0
116,timeout draw,60.00,0,0,0,0,0,0,0,0,0,0
117,AgentA wins,48.33,0,0,0,0,0,0,0,0,0,0
118,AgentA wins,43.00,0,0,0,0,0,0,0,0,0,0
119,AgentA wins,20.33,0,0,0,0,0,0,0,0,0,0
120,AgentB wins,17.00,0,0,0,0,0,0,0,0,0,0
101,timeout draw,60.00,0,0,0,0,0,0,0,0,0,0
102,AgentA wins,38.67,0,0,0,0,0,0,0,0,0,0
103,AgentA wins,37.67,0,0,0,0,0,0,0,0,0,0
104,AgentA wins,31.00,0,0,0,0,0,0,0,0,0,0
105,AgentA wins,24.67,0,0,0,0,0,0,0,0,0,0
106,AgentA wins,17.33,0,0,0,0,0,0,0,0,0,0
107,AgentA wins,17.33,0,0,0,0,0,0,0,0,0,0
108,AgentA wins,20.33,0,0,0,0,0,0,0,0,0,0
109,AgentA wins,17.67,0,0,0,0,0,0,0,0,0,0
110,AgentA wins,20.33,0,0,0,0,0,0,0,0,0,0
111,timeout draw,60.00,0,0,0,0,0,0,0,0,0,0
112,AgentA wins,32.33,0,0,0,0,0,0,0,0,0,0
113,AgentA wins,30.33,0,0,0,0,0,0,0,0,0,0
114,AgentA wins,45.00,0,0,0,0,0,0,0,0,0,0
115,AgentA wins,35.67,0,0,0,0,0,0,0,0,0,0
116,AgentA wins,22.67,0,0,0,0,0,0,0,0,0,0
117,AgentA wins,45.67,0,0,0,0,0,0,0,0,0,0
118,AgentA wins,15.67,0,0,0,0,0,0,0,0,0,0
119,timeout draw,60.00,0,0,0,0,0,0,0,0,0,0
120,AgentA wins,27.33,0,0,0,0,0,0,0,0,0,0
111,AgentB wins,38.67,0,0,0,0,0,0,0,0,0,0
112,AgentB wins,32.67,0,0,0,0,0,0,0,0,0,0
113,AgentA wins,20.67,0,0,0,0,0,0,0,0,0,0
114,AgentA wins,17.33,0,0,0,0,0,0,0,0,0,0
115,AgentA wins,17.33,0,0,0,0,0,0,0,0,0,0
116,AgentA wins,17.67,0,0,0,0,0,0,0,0,0,0
117,AgentA wins,21.00,0,0,0,0,0,0,0,0,0,0
118,AgentA wins,17.33,0,0,0,0,0,0,0,0,0,0
119,AgentA wins,16.67,0,0,0,0,0,0,0,0,0,0
120,AgentA wins,18.33,0,0,0,0,0,0,0,0,0,0
111,AgentA wins,25.33,0,0,0,0,0,0,0,0,0,0
112,AgentA wins,32.00,0,0,0,0,0,0,0,0,0,0
113,timeout draw,60.00,0,0,0,0,0,0,0,0,0,0
114,AgentA wins,32.67,0,0,0,0,0,0,0,0,0,0
115,timeout draw,60.00,0,0,0,0,0,0,0,0,0,0
116,AgentA wins,18.67,0,0,0,0,0,0,0,0,0,0
117,AgentA wins,26.67,0,0,0,0,0,0,0,0,0,0
118,AgentA wins,30.00,0,0,0,0,0,0,0,0,0,0
119,AgentB wins,23.67,0,0,0,0,0,0,0,0,0,0
120,AgentA wins,21.00,0,0,0,0,0,0,0,0,0,0
111,timeout draw,60.00,0,0,0,0,0,0,0,0,0,0
112,AgentA wins,32.00,0,0,0,0,0,0,0,0,0,0
113,AgentA wins,30.33,0,0,0,0,0,0,0,0,0,0
114,AgentB wins,26.67,0,0,0,0,0,0,0,0,0,0
115,AgentA wins,17.67,0,0,0,0,0,0,0,0,0,0
116,AgentA wins,17.33,0,0,0,0,0,0,0,0,0,0
117,AgentA wins,19.67,0,0,0,0,0,0,0,0,0,0
118,AgentA wins,17.33,0,0,0,0,0,0,0,0,0,0
119,AgentA wins,17.00,0,0,0,0,0,0,0,0,0,0
120,AgentA wins,14.00,0,0,0,0,0,0,0,0,0,0
111,AgentA wins,57.67,0,0,0,0,0,0,0,0,0,0
112,AgentB wins,35.67,0,0,0,0,0,0,0,0,0,0
113,AgentA wins,27.00,0,0,0,0,0,0,0,0,0,0
114,AgentA wins,21.67,0,0,0,0,0,0,0,0,0,0
115,AgentA wins,21.33,0,0,0,0,0,0,0,0,0,0
116,AgentA wins,29.33,0,0,0,0,0,0,0,0,0,0
117,AgentA wins,36.67,0,0,0,0,0,0,0,0,0,0
118,AgentA wins,33.33,0,0,0,0,0,0,0,0,0,0
119,AgentA wins,22.00,0,0,0,0,0,0,0,0,0,0
120,AgentA wins,29.00,0,0,0,0,0,0,0,0,0,0
111,AgentA wins,22.33,0,0,0,0,0,0,0,0,0,0
112,AgentA wins,22.00,0,0,0,0,0,0,0,0,0,0
113,AgentA wins,48.00,0,0,0,0,0,0,0,0,0,0
114,AgentA wins,17.67,0,0,0,0,0,0,0,0,0,0
115,AgentA wins,20.00,0,0,0,0,0,0,0,0,0,0
116,AgentA wins,45.00,0,0,0,0,0,0,0,0,0,0
117,AgentA wins,16.33,0,0,0,0,0,0,0,0,0,0
118,AgentA wins,17.67,0,0,0,0,0,0,0,0,0,0
119,AgentA wins,50.00,0,0,0,0,0,0,0,0,0,0
120,AgentA wins,45.67,0,0,0,0,0,0,0,0,0,0
111,AgentA wins,20.33,0,0,0,0,0,0,0,0,0,0
112,AgentA wins,17.33,0,0,0,0,0,0,0,0,0,0
113,AgentA wins,17.00,0,0,0,0,0,0,0,0,0,0
114,AgentA wins,38.00,0,0,0,0,0,0,0,0,0,0
115,AgentA wins,36.67,0,0,0,0,0,0,0,0,0,0
116,AgentA wins,25.00,0,0,0,0,0,0,0,0,0,0
117,AgentA wins,16.33,0,0,0,0,0,0,0,0,0,0
118,AgentA wins,31.33,0,0,0,0,0,0,0,0,0,0
119,timeout draw,60.00,0,0,0,0,0,0,0,0,0,0
120,AgentA wins,54.67,0,0,0,0,0,0,0,0,0,0
111,AgentB wins,24.33,0,0,0,0,0,0,0,0,0,0
112,AgentA wins,49.67,0,0,0,0,0,0,0,0,0,0
113,AgentA wins,19.33,0,0,0,0,0,0,0,0,0,0
114,AgentA wins,58.33,0,0,0,0,0,0,0,0,0,0
115,AgentA wins,35.67,0,0,0,0,0,0,0,0,0,0
116,AgentB wins,25.00,0,0,0,0,0,0,0,0,0,0
117,AgentA wins,26.33,0,0,0,0,0,0,0,0,0,0
118,AgentA wins,18.00,0,0,0,0,0,0,0,0,0,0
119,AgentA wins,23.33,0,0,0,0,0,0,0,0,0,0
120,AgentA wins,31.00,0,0,0,0,0,0,0,0,0,0
101,timeout draw,60.00,0,0,0,0,0,0,0,0,0,0
102,AgentA wins,17.67,0,0,0,0,0,0,0,0,0,0
103,AgentA wins,33.33,0,0,0,0,0,0,0,0,0,0
104,timeout draw,60.00,0,0,0,0,0,0,0,0,0,0
105,timeout draw,60.00,0,0,0,0,0,0,0,0,0,0
106,AgentA wins,16.33,0,0,0,0,0,0,0,0,0,0
107,AgentA wins,59.00,0,0,0,0,0,0,0,0,0,0
108,timeout draw,60.00,0,0,0,0,0,0,0,0,0,0
109,AgentA wins,31.00,0,0,0,0,0,0,0,0,0,0
110,AgentB wins,46.67,0,0,0,0,0,0,0,0,0,0
111,AgentA wins,28.00,0,0,0,0,0,0,0,0,0,0
112,AgentA wins,26.67,0,0,0,0,0,0,0,0,0,0
113,AgentA wins,26.00,0,0,0,0,0,0,0,0,0,0
114,AgentA wins,26.33,0,0,0,0,0,0,0,0,0,0
115,AgentB wins,50.67,0,0,0,0,0,0,0,0,0,0
116,AgentB wins,49.67,0,0,0,0,0,0,0,0,0,0
117,AgentB wins,57.33,0,0,0,0,0,0,0,0,0,0
118,AgentA wins,23.67,0,0,0,0,0,0,0,0,0,0
119,timeout draw,60.00,0,0,0,0,0,0,0,0,0,0
120,AgentA wins,29.33,0,0,0,0,0,0,0,0,0,0
111,AgentB wins,27.00,0,0,0,0,0,0,0,0,0,0
112,AgentA wins,22.33,0,0,0,0,0,0,0,0,0,0
113,AgentA wins,17.33,0,0,0,0,0,0,0,0,0,0
114,AgentA wins,17.33,0,0,0,0,0,0,0,0,0,0
115,AgentA wins,13.00,0,0,0,0,0,0,0,0,0,0
116,AgentA wins,21.33,0,0,0,0,0,0,0,0,0,0
117,timeout draw,60.00,0,0,0,0,0,0,0,0,0,0
118,timeout draw,60.00,0,0,0,0,0,0,0,0,0,0
119,AgentA wins,26.67,0,0,0,0,0,0,0,0,0,0
120,timeout draw,60.00,0,0,0,0,0,0,0,0,0,0
121,AgentB wins,31.67,0,0,0,0,0,0,0,0,0,0
122,AgentB wins,43.00,0,0,0,0,0,0,0,0,0,0
123,AgentA wins,32.00,0,0,0,0,0,0,0,0,0,0
124,AgentA wins,28.33,0,0,0,0,0,0,0,0,0,0
125,AgentA wins,25.00,0,0,0,0,0,0,0,0,0,0
126,AgentA wins,23.00,0,0,0,0,0,0,0,0,0,0
127,AgentA wins,36.00,0,0,0,0,0,0,0,0,0,0
128,timeout draw,60.00,0,0,0,0,0,0,0,0,0,0
129,AgentA wins,23.00,0,0,0,0,0,0,0,0,0,0
130,AgentA wins,19.33,0,0,0,0,0,0,0,0,0,0
111,AgentB wins,49.00,0,0,0,0,0,0,0,0,0,0
112,timeout draw,60.00,0,0,0,0,0,0,0,0,0,0
113,AgentA wins,37.67,0,0,0,0,0,0,0,0,0,0
114,AgentA wins,28.00,0,0,0,0,0,0,0,0,0,0
115,AgentA wins,39.67,0,0,0,0,0,0,0,0,0,0
116,AgentA wins,19.00,0,0,0,0,0,0,0,0,0,0
117,AgentA wins,17.33,0,0,0,0,0,0,0,0,0,0
118,AgentA wins,48.33,0,0,0,0,0,0,0,0,0,0
119,AgentA wins,51.67,0,0,0,0,0,0,0,0,0,0
120,timeout draw,60.00,0,0,0,0,0,0,0,0,0,0
171,AgentA wins,17.00,0,0,0,0,0,0,0,0,0,0
172,AgentA wins,44.00,0,0,0,0,0,0,0,0,0,0
173,AgentA wins,17.33,0,0,0,0,0,0,0,0,0,0
174,AgentA wins,14.67,0,0,0,0,0,0,0,0,0,0
175,AgentA wins,20.33,0,0,0,0,0,0,0,0,0,0
176,AgentA wins,20.00,0,0,0,0,0,0,0,0,0,0
177,AgentA wins,17.33,0,0,0,0,0,0,0,0,0,0
178,AgentA wins,19.00,0,0,0,0,0,0,0,0,0,0
179,AgentA wins,17.33,0,0,0,0,0,0,0,0,0,0
180,AgentA wins,17.33,0,0,0,0,0,0,0,0,0,0
111,AgentA wins,18.00,0,0,0,0,0,0,0,0,0,0
112,AgentA wins,17.33,0,0,0,0,0,0,0,0,0,0
113,AgentA wins,19.67,0,0,0,0,0,0,0,0,0,0
114,AgentA wins,17.33,0,0,0,0,0,0,0,0,0,0
115,AgentA wins,17.00,0,0,0,0,0,0,0,0,0,0
116,AgentA wins,21.33,0,0,0,0,0,0,0,0,0,0
117,AgentA wins,20.33,0,0,0,0,0,0,0,0,0,0
118,AgentA wins,17.67,0,0,0,0,0,0,0,0,0,0
119,AgentA wins,17.33,0,0,0,0,0,0,0,0,0,0
120,AgentA wins,17.33,0,0,0,0,0,0,0,0,0,0
151,AgentA wins,17.33,0,0,0,0,0,0,0,0,0,0
152,AgentA wins,19.67,0,0,0,0,0,0,0,0,0,0
153,AgentA wins,20.33,0,0,0,0,0,0,0,0,0,0
154,AgentA wins,17.33,0,0,0,0,0,0,0,0,0,0
155,AgentA wins,17.33,0,0,0,0,0,0,0,0,0,0
156,AgentA wins,17.33,0,0,0,0,0,0,0,0,0,0
157,AgentA wins,19.67,0,0,0,0,0,0,0,0,0,0
158,AgentA wins,22.00,0,0,0,0,0,0,0,0,0,0
159,AgentA wins,22.67,0,0,0,0,0,0,0,0,0,0
160,AgentA wins,20.33,0,0,0,0,0,0,0,0,0,0
171,AgentA wins,17.33,0,0,0,0,0,0,0,0,0,0
172,AgentA wins,18.00,0,0,0,0,0,0,0,0,0,0
173,AgentA wins,17.33,0,0,0,0,0,0,0,0,0,0
174,AgentA wins,17.33,0,0,0,0,0,0,0,0,0,0
175,AgentA wins,17.00,0,0,0,0,0,0,0,0,0,0
176,AgentA wins,17.33,0,0,0,0,0,0,0,0,0,0
177,AgentA wins,17.33,0,0,0,0,0,0,0,0,0,0
178,AgentA wins,14.67,0,0,0,0,0,0,0,0,0,0
179,AgentB wins,23.33,0,0,0,0,0,0,0,0,0,0
180,AgentA wins,17.00,0,0,0,0,0,0,0,0,0,0
121,AgentA wins,24.67,0,0,0,0,0,0,0,0,0,0
122,AgentA wins,47.33,0,0,0,0,0,0,0,0,0,0
123,AgentA wins,17.67,0,0,0,0,0,0,0,0,0,0
124,AgentA wins,18.00,0,0,0,0,0,0,0,0,0,0
125,AgentA wins,22.00,0,0,0,0,0,0,0,0,0,0
126,timeout draw,60.00,0,0,0,0,0,0,0,0,0,0
127,AgentA wins,41.67,0,0,0,0,0,0,0,0,0,0
128,AgentA wins,15.00,0,0,0,0,0,0,0,0,0,0
129,timeout draw,60.00,0,0,0,0,0,0,0,0,0,0
130,AgentA wins,41.67,0,0,0,0,0,0,0,0,0,0
111,AgentA wins,19.67,0,0,0,0,0,0,0,0,0,0
112,AgentA wins,36.67,0,0,0,0,0,0,0,0,0,0
113,AgentA wins,30.00,0,0,0,0,0,0,0,0,0,0
114,AgentA wins,48.33,0,0,0,0,0,0,0,0,0,0
115,AgentA wins,46.67,0,0,0,0,0,0,0,0,0,0
116,AgentA wins,19.00,0,0,0,0,0,0,0,0,0,0
117,AgentB wins,34.67,0,0,0,0,0,0,0,0,0,0
118,AgentA wins,36.67,0,0,0,0,0,0,0,0,0,0
119,AgentA wins,17.33,0,0,0,0,0,0,0,0,0,0
120,AgentA wins,17.33,0,0,0,0,0,0,0,0,0,0
111,AgentA wins,44.33,0,0,0,0,0,0,0,0,0,0
112,AgentA wins,20.00,0,0,0,0,0,0,0,0,0,0
113,AgentA wins,25.67,0,0,0,0,0,0,0,0,0,0
114,AgentA wins,19.00,0,0,0,0,0,0,0,0,0,0
115,AgentA wins,34.33,0,0,0,0,0,0,0,0,0,0
116,AgentA wins,42.33,0,0,0,0,0,0,0,0,0,0
117,AgentB wins,37.67,0,0,0,0,0,0,0,0,0,0
118,timeout draw,60.33,0,0,0,0,0,0,0,0,0,0
119,AgentA wins,49.33,0,0,0,0,0,0,0,0,0,0
120,AgentB wins,31.67,0,0,0,0,0,0,0,0,0,0
181,AgentA wins,17.33,0,0,0,0,0,0,0,0,0,0
182,AgentA wins,17.33,0,0,0,0,0,0,0,0,0,0
183,AgentA wins,17.33,0,0,0,0,0,0,0,0,0,0
184,AgentA wins,17.33,0,0,0,0,0,0,0,0,0,0
185,AgentA wins,19.67,0,0,0,0,0,0,0,0,0,0
186,AgentA wins,17.33,0,0,0,0,0,0,0,0,0,0
187,AgentA wins,17.33,0,0,0,0,0,0,0,0,0,0
188,AgentA wins,19.67,0,0,0,0,0,0,0,0,0,0
189,AgentA wins,17.67,0,0,0,0,0,0,0,0,0,0
190,AgentA wins,17.67,0,0,0,0,0,0,0,0,0,0
101,AgentA wins,17.67,0,0,0,0,0,0,0,0,0,0
102,AgentA wins,50.33,0,0,0,0,0,0,0,0,0,0
103,timeout draw,60.00,0,0,0,0,0,0,0,0,0,0
104,AgentB wins,30.33,0,0,0,0,0,0,0,0,0,0
105,AgentA wins,40.00,0,0,0,0,0,0,0,0,0,0
106,AgentA wins,26.67,0,0,0,0,0,0,0,0,0,0
107,timeout draw,60.00,0,0,0,0,0,0,0,0,0,0
108,AgentA wins,37.33,0,0,0,0,0,0,0,0,0,0
109,AgentA wins,20.33,0,0,0,0,0,0,0,0,0,0
110,AgentA wins,23.33,0,0,0,0,0,0,0,0,0,0
121,AgentA wins,50.67,671,420,87,285,0,460,0,88,91,122
122,AgentA wins,48.33,630,384,91,252,0,440,0,86,77,127
123,AgentA wins,40.67,545,312,73,240,0,371,0,74,69,103
124,AgentA wins,34.00,448,276,57,173,0,313,0,52,67,81
125,AgentA wins,24.33,334,173,46,144,0,233,0,48,46,44
126,AgentA wins,27.67,364,209,46,166,0,261,0,37,39,87
127,AgentA wins,53.00,717,419,88,289,0,480,0,68,105,116
128,AgentA wins,53.00,717,387,124,316,0,498,0,99,97,115
129,AgentA wins,32.00,429,254,57,192,0,305,0,46,59,68
130,AgentA wins,27.33,368,206,49,177,0,265,0,39,44,63
111,AgentA wins,58.67,0,0,0,0,0,0,0,0,0,0
112,timeout draw,60.00,0,0,0,0,0,0,0,0,0,0
113,AgentA wins,32.33,0,0,0,0,0,0,0,0,0,0
114,AgentA wins,20.33,0,0,0,0,0,0,0,0,0,0
115,AgentA wins,18.33,0,0,0,0,0,0,0,0,0,0
116,AgentA wins,25.00,0,0,0,0,0,0,0,0,0,0
117,AgentA wins,25.00,0,0,0,0,0,0,0,0,0,0
118,AgentA wins,35.33,0,0,0,0,0,0,0,0,0,0
119,AgentA wins,17.00,0,0,0,0,0,0,0,0,0,0
120,AgentA wins,32.67,0,0,0,0,0,0,0,0,0,0
111,AgentA wins,39.00,0,0,0,0,0,0,0,0,0,0
112,AgentA wins,45.67,0,0,0,0,0,0,0,0,0,0
113,AgentB wins,41.67,0,0,0,0,0,0,0,0,0,0
114,AgentA wins,18.33,0,0,0,0,0,0,0,0,0,0
115,AgentA wins,34.67,0,0,0,0,0,0,0,0,0,0
116,AgentA wins,25.00,0,0,0,0,0,0,0,0,0,0
117,AgentA wins,17.33,0,0,0,0,0,0,0,0,0,0
118,AgentA wins,17.33,0,0,0,0,0,0,0,0,0,0
119,AgentA wins,23.33,0,0,0,0,0,0,0,0,0,0
120,timeout draw,60.00,0,0,0,0,0,0,0,0,0,0
121,AgentA wins,17.00,0,0,0,0,0,0,0,0,0,0
122,AgentA wins,19.67,0,0,0,0,0,0,0,0,0,0
123,AgentA wins,35.33,0,0,0,0,0,0,0,0,0,0
124,AgentA wins,41.33,0,0,0,0,0,0,0,0,0,0
125,AgentA wins,22.67,0,0,0,0,0,0,0,0,0,0
126,AgentA wins,17.67,0,0,0,0,0,0,0,0,0,0
127,AgentA wins,22.00,0,0,0,0,0,0,0,0,0,0
128,AgentA wins,17.33,0,0,0,0,0,0,0,0,0,0
129,AgentA wins,20.67,0,0,0,0,0,0,0,0,0,0
130,AgentA wins,36.00,0,0,0,0,0,0,0,0,0,0
121,AgentA wins,17.33,0,0,0,0,0,0,0,0,0,0
122,AgentA wins,17.33,0,0,0,0,0,0,0,0,0,0
123,AgentA wins,17.33,0,0,0,0,0,0,0,0,0,0
124,AgentA wins,20.33,0,0,0,0,0,0,0,0,0,0
125,AgentA wins,17.33,0,0,0,0,0,0,0,0,0,0
126,AgentA wins,17.33,0,0,0,0,0,0,0,0,0,0
127,AgentA wins,17.33,0,0,0,0,0,0,0,0,0,0
128,AgentA wins,17.67,0,0,0,0,0,0,0,0,0,0
129,AgentA wins,21.33,0,0,0,0,0,0,0,0,0,0
130,AgentA wins,28.33,0,0,0,0,0,0,0,0,0,0
101,AgentA wins,39.67,0,0,0,0,0,0,0,0,0,0
102,AgentA wins,20.00,0,0,0,0,0,0,0,0,0,0
103,AgentA wins,27.33,0,0,0,0,0,0,0,0,0,0
104,AgentA wins,23.33,0,0,0,0,0,0,0,0,0,0
105,AgentA wins,25.67,0,0,0,0,0,0,0,0,0,0
106,AgentA wins,25.33,0,0,0,0,0,0,0,0,0,0
107,AgentA wins,30.00,0,0,0,0,0,0,0,0,0,0
108,AgentA wins,20.67,0,0,0,0,0,0,0,0,0,0
109,AgentA wins,30.00,0,0,0,0,0,0,0,0,0,0
110,AgentA wins,53.00,0,0,0,0,0,0,0,0,0,0
121,AgentA wins,45.67,0,0,0,0,0,0,0,0,0,0
122,AgentA wins,31.67,0,0,0,0,0,0,0,0,0,0
123,AgentA wins,30.33,0,0,0,0,0,0,0,0,0,0
124,timeout draw,60.00,0,0,0,0,0,0,0,0,0,0
125,AgentA wins,19.33,0,0,0,0,0,0,0,0,0,0
126,AgentA wins,29.33,0,0,0,0,0,0,0,0,0,0
127,AgentB wins,38.33,0,0,0,0,0,0,0,0,0,0
128,AgentA wins,27.00,0,0,0,0,0,0,0,0,0,0
129,AgentA wins,15.00,0,0,0,0,0,0,0,0,0,0
130,AgentA wins,35.67,0,0,0,0,0,0,0,0,0,0
111,AgentA wins,17.33,0,0,0,0,0,0,0,0,0,0
112,AgentA wins,17.00,0,0,0,0,0,0,0,0,0,0
113,AgentA wins,19.67,0,0,0,0,0,0,0,0,0,0
114,AgentA wins,17.33,0,0,0,0,0,0,0,0,0,0
115,AgentA wins,14.00,0,0,0,0,0,0,0,0,0,0
116,AgentA wins,17.33,0,0,0,0,0,0,0,0,0,0
117,AgentA wins,27.33,0,0,0,0,0,0,0,0,0,0
118,AgentA wins,20.00,0,0,0,0,0,0,0,0,0,0
119,timeout draw,60.00,0,0,0,0,0,0,0,0,0,0
120,AgentA wins,39.33,0,0,0,0,0,0,0,0,0,0
101,timeout draw,60.00,0,0,0,0,0,0,0,0,0,0
102,AgentA wins,44.67,0,0,0,0,0,0,0,0,0,0
103,timeout draw,60.00,0,0,0,0,0,0,0,0,0,0
104,timeout draw,60.00,0,0,0,0,0,0,0,0,0,0
105,timeout draw,60.00,0,0,0,0,0,0,0,0,0,0
106,AgentA wins,24.33,0,0,0,0,0,0,0,0,0,0
107,AgentA wins,33.00,0,0,0,0,0,0,0,0,0,0
108,AgentA wins,15.33,0,0,0,0,0,0,0,0,0,0
109,AgentA wins,32.00,0,0,0,0,0,0,0,0,0,0
110,AgentA wins,17.67,0,0,0,0,0,0,0,0,0,0
121,timeout draw,60.00,0,0,0,0,0,0,0,0,0,0
122,AgentA wins,30.00,0,0,0,0,0,0,0,0,0,0
123,AgentA wins,18.33,0,0,0,0,0,0,0,0,0,0
124,AgentA wins,20.00,0,0,0,0,0,0,0,0,0,0
125,AgentA wins,42.67,0,0,0,0,0,0,0,0,0,0
126,AgentA wins,21.00,0,0,0,0,0,0,0,0,0,0
127,AgentA wins,26.67,0,0,0,0,0,0,0,0,0,0
128,AgentB wins,26.67,0,0,0,0,0,0,0,0,0,0
129,AgentA wins,28.00,0,0,0,0,0,0,0,0,0,0
130,AgentA wins,52.33,0,0,0,0,0,0,0,0,0,0
111,AgentA wins,17.67,0,0,0,0,0,0,0,0,0,0
112,AgentA wins,20.67,0,0,0,0,0,0,0,0,0,0
113,AgentA wins,21.67,0,0,0,0,0,0,0,0,0,0
114,AgentA wins,18.00,0,0,0,0,0,0,0,0,0,0
115,AgentA wins,57.67,0,0,0,0,0,0,0,0,0,0
116,AgentA wins,25.33,0,0,0,0,0,0,0,0,0,0
117,AgentA wins,32.00,0,0,0,0,0,0,0,0,0,0
118,AgentB wins,32.67,0,0,0,0,0,0,0,0,0,0
119,AgentA wins,17.67,0,0,0,0,0,0,0,0,0,0
120,AgentA wins,17.33,0,0,0,0,0,0,0,0,0,0
111,AgentA wins,18.00,0,0,0,0,0,0,0,0,0,0
112,AgentA wins,17.00,0,0,0,0,0,0,0,0,0,0
113,AgentA wins,17.33,0,0,0,0,0,0,0,0,0,0
114,AgentA wins,17.67,0,0,0,0,0,0,0,0,0,0
115,AgentA wins,21.00,0,0,0,0,0,0,0,0,0,0
116,AgentA wins,22.00,0,0,0,0,0,0,0,0,0,0
117,AgentA wins,60.00,0,0,0,0,0,0,0,0,0,0
118,AgentA wins,23.67,0,0,0,0,0,0,0,0,0,0
119,AgentA wins,14.00,0,0,0,0,0,0,0,0,0,0
120,AgentA wins,34.00,0,0,0,0,0,0,0,0,0,0
121,AgentA wins,22.67,0,0,0,0,0,0,0,0,0,0
122,AgentA wins,36.00,0,0,0,0,0,0,0,0,0,0
123,timeout draw,60.00,0,0,0,0,0,0,0,0,0,0
124,AgentA wins,19.67,0,0,0,0,0,0,0,0,0,0
125,AgentA wins,35.00,0,0,0,0,0,0,0,0,0,0
126,AgentA wins,28.00,0,0,0,0,0,0,0,0,0,0
127,AgentA wins,13.00,0,0,0,0,0,0,0,0,0,0
128,AgentA wins,22.00,0,0,0,0,0,0,0,0,0,0
129,AgentA wins,21.67,0,0,0,0,0,0,0,0,0,0
130,AgentA wins,16.67,0,0,0,0,0,0,0,0,0,0
121,AgentA wins,22.67,0,0,0,0,0,0,0,0,0,0
122,AgentA wins,29.00,0,0,0,0,0,0,0,0,0,0
123,AgentA wins,17.33,0,0,0,0,0,0,0,0,0,0
124,AgentA wins,18.00,0,0,0,0,0,0,0,0,0,0
125,AgentA wins,58.33,0,0,0,0,0,0,0,0,0,0
126,AgentA wins,27.33,0,0,0,0,0,0,0,0,0,0
127,AgentA wins,30.33,0,0,0,0,0,0,0,0,0,0
128,AgentA wins,24.67,0,0,0,0,0,0,0,0,0,0
129,AgentA wins,18.33,0,0,0,0,0,0,0,0,0,0
130,timeout draw,60.00,0,0,0,0,0,0,0,0,0,0
181,AgentA wins,17.33,0,0,0,0,0,0,0,0,0,0
182,AgentA wins,17.33,0,0,0,0,0,0,0,0,0,0
183,AgentA wins,17.67,0,0,0,0,0,0,0,0,0,0
184,AgentA wins,17.33,0,0,0,0,0,0,0,0,0,0
185,AgentA wins,14.00,0,0,0,0,0,0,0,0,0,0
186,AgentA wins,17.00,0,0,0,0,0,0,0,0,0,0
187,AgentA wins,19.67,0,0,0,0,0,0,0,0,0,0
188,AgentA wins,17.33,0,0,0,0,0,0,0,0,0,0
189,AgentA wins,17.00,0,0,0,0,0,0,0,0,0,0
190,AgentA wins,19.67,0,0,0,0,0,0,0,0,0,0
161,AgentA wins,17.33,0,0,0,0,0,0,0,0,0,0
162,AgentA wins,16.33,0,0,0,0,0,0,0,0,0,0
163,AgentA wins,19.67,0,0,0,0,0,0,0,0,0,0
164,AgentA wins,17.33,0,0,0,0,0,0,0,0,0,0
165,AgentA wins,13.00,0,0,0,0,0,0,0,0,0,0
166,AgentA wins,14.67,0,0,0,0,0,0,0,0,0,0
167,AgentA wins,19.00,0,0,0,0,0,0,0,0,0,0
168,AgentA wins,17.67,0,0,0,0,0,0,0,0,0,0
169,AgentA wins,18.33,0,0,0,0,0,0,0,0,0,0
170,AgentA wins,14.67,0,0,0,0,0,0,0,0,0,0
121,AgentA wins,17.33,0,0,0,0,0,0,0,0,0,0
122,AgentA wins,17.33,0,0,0,0,0,0,0,0,0,0
123,AgentA wins,17.33,0,0,0,0,0,0,0,0,0,0
124,AgentA wins,33.67,0,0,0,0,0,0,0,0,0,0
125,timeout draw,60.00,0,0,0,0,0,0,0,0,0,0
126,AgentA wins,54.00,0,0,0,0,0,0,0,0,0,0
127,AgentA wins,17.33,0,0,0,0,0,0,0,0,0,0
128,AgentA wins,17.33,0,0,0,0,0,0,0,0,0,0
129,AgentA wins,17.33,0,0,0,0,0,0,0,0,0,0
130,AgentA wins,17.33,0,0,0,0,0,0,0,0,0,0
121,AgentA wins,23.33,0,0,0,0,0,0,0,0,0,0
122,AgentA wins,37.33,0,0,0,0,0,0,0,0,0,0
123,AgentA wins,21.33,0,0,0,0,0,0,0,0,0,0
124,AgentA wins,17.33,0,0,0,0,0,0,0,0,0,0
125,AgentB wins,35.33,0,0,0,0,0,0,0,0,0,0
126,AgentA wins,19.67,0,0,0,0,0,0,0,0,0,0
127,AgentA wins,16.00,0,0,0,0,0,0,0,0,0,0
128,AgentA wins,58.00,0,0,0,0,0,0,0,0,0,0
129,AgentA wins,20.67,0,0,0,0,0,0,0,0,0,0
130,AgentA wins,26.00,0,0,0,0,0,0,0,0,0,0
181,AgentA wins,17.33,0,0,0,0,0,0,0,0,0,0
182,AgentA wins,17.33,0,0,0,0,0,0,0,0,0,0
183,AgentA wins,19.67,0,0,0,0,0,0,0,0,0,0
184,AgentA wins,17.33,0,0,0,0,0,0,0,0,0,0
185,AgentA wins,19.67,0,0,0,0,0,0,0,0,0,0
186,AgentA wins,13.67,0,0,0,0,0,0,0,0,0,0
187,AgentA wins,14.67,0,0,0,0,0,0,0,0,0,0
188,AgentA wins,18.33,0,0,0,0,0,0,0,0,0,0
189,AgentA wins,20.33,0,0,0,0,0,0,0,0,0,0
190,AgentA wins,17.00,0,0,0,0,0,0,0,0,0,0
121,AgentA wins,20.33,0,0,0,0,0,0,0,0,0,0
122,AgentA wins,41.33,0,0,0,0,0,0,0,0,0,0
123,AgentA wins,19.67,0,0,0,0,0,0,0,0,0,0
124,AgentA wins,17.33,0,0,0,0,0,0,0,0,0,0
125,AgentA wins,17.33,0,0,0,0,0,0,0,0,0,0
126,timeout draw,60.00,0,0,0,0,0,0,0,0,0,0
127,AgentB wins,22.67,0,0,0,0,0,0,0,0,0,0
128,AgentA wins,13.67,0,0,0,0,0,0,0,0,0,0
129,AgentA wins,33.67,0,0,0,0,0,0,0,0,0,0
130,AgentA wins,26.33,0,0,0,0,0,0,0,0,0,0
121,AgentA wins,17.33,0,0,0,0,0,0,0,0,0,0
122,AgentA wins,17.67,0,0,0,0,0,0,0,0,0,0
123,AgentA wins,17.33,0,0,0,0,0,0,0,0,0,0
124,AgentA wins,55.33,0,0,0,0,0,0,0,0,0,0
125,AgentA wins,17.33,0,0,0,0,0,0,0,0,0,0
126,AgentA wins,13.67,0,0,0,0,0,0,0,0,0,0
127,AgentA wins,13.00,0,0,0,0,0,0,0,0,0,0
128,AgentA wins,17.00,0,0,0,0,0,0,0,0,0,0
129,AgentA wins,17.00,0,0,0,0,0,0,0,0,0,0
130,AgentA wins,17.67,0,0,0,0,0,0,0,0,0,0
191,AgentA wins,14.00,0,0,0,0,0,0,0,0,0,0
192,AgentA wins,22.67,0,0,0,0,0,0,0,0,0,0
193,AgentA wins,14.67,0,0,0,0,0,0,0,0,0,0
194,AgentA wins,16.33,0,0,0,0,0,0,0,0,0,0
195,AgentA wins,20.33,0,0,0,0,0,0,0,0,0,0
196,AgentA wins,17.33,0,0,0,0,0,0,0,0,0,0
197,AgentA wins,21.67,0,0,0,0,0,0,0,0,0,0
198,AgentA wins,19.67,0,0,0,0,0,0,0,0,0,0
199,AgentA wins,19.67,0,0,0,0,0,0,0,0,0,0
200,AgentA wins,17.33,0,0,0,0,0,0,0,0,0,0
121,AgentA wins,34.67,0,0,0,0,0,0,0,0,0,0
122,AgentA wins,27.00,0,0,0,0,0,0,0,0,0,0
123,AgentA wins,34.33,0,0,0,0,0,0,0,0,0,0
124,AgentA wins,17.33,0,0,0,0,0,0,0,0,0,0
125,AgentA wins,23.67,0,0,0,0,0,0,0,0,0,0
126,AgentA wins,28.33,0,0,0,0,0,0,0,0,0,0
127,AgentA wins,20.33,0,0,0,0,0,0,0,0,0,0
128,AgentA wins,22.00,0,0,0,0,0,0,0,0,0,0
129,AgentA wins,26.00,0,0,0,0,0,0,0,0,0,0
130,AgentA wins,52.33,0,0,0,0,0,0,0,0,0,0
131,AgentA wins,23.00,0,0,0,0,0,0,0,0,0,0
132,AgentA wins,24.00,0,0,0,0,0,0,0,0,0,0
133,AgentA wins,26.67,0,0,0,0,0,0,0,0,0,0
134,AgentA wins,29.33,0,0,0,0,0,0,0,0,0,0
135,AgentA wins,38.33,0,0,0,0,0,0,0,0,0,0
136,AgentA wins,44.33,0,0,0,0,0,0,0,0,0,0
137,AgentA wins,38.33,0,0,0,0,0,0,0,0,0,0
138,AgentA wins,15.67,0,0,0,0,0,0,0,0,0,0
139,AgentA wins,19.67,0,0,0,0,0,0,0,0,0,0
140,AgentA wins,17.67,0,0,0,0,0,0,0,0,0,0
121,AgentA wins,26.67,0,0,0,0,0,0,0,0,0,0
122,AgentA wins,37.33,0,0,0,0,0,0,0,0,0,0
123,AgentA wins,14.67,0,0,0,0,0,0,0,0,0,0
124,AgentA wins,17.33,0,0,0,0,0,0,0,0,0,0
125,timeout draw,60.00,0,0,0,0,0,0,0,0,0,0
126,AgentA wins,32.00,0,0,0,0,0,0,0,0,0,0
127,AgentA wins,19.67,0,0,0,0,0,0,0,0,0,0
128,AgentA wins,25.00,0,0,0,0,0,0,0,0,0,0
129,timeout draw,60.00,0,0,0,0,0,0,0,0,0,0
130,AgentA wins,50.00,0,0,0,0,0,0,0,0,0,0
121,AgentA wins,32.33,0,0,0,0,0,0,0,0,0,0
122,AgentA wins,27.33,0,0,0,0,0,0,0,0,0,0
123,AgentA wins,17.67,0,0,0,0,0,0,0,0,0,0
124,AgentA wins,19.67,0,0,0,0,0,0,0,0,0,0
125,AgentA wins,17.00,0,0,0,0,0,0,0,0,0,0
126,AgentB wins,54.67,0,0,0,0,0,0,0,0,0,0
127,timeout draw,60.00,0,0,0,0,0,0,0,0,0,0
128,AgentA wins,19.00,0,0,0,0,0,0,0,0,0,0
129,AgentA wins,16.33,0,0,0,0,0,0,0,0,0,0
130,AgentA wins,17.33,0,0,0,0,0,0,0,0,0,0
121,AgentA wins,42.67,0,0,0,0,0,0,0,0,0,0
122,AgentA wins,17.67,0,0,0,0,0,0,0,0,0,0
123,AgentA wins,18.67,0,0,0,0,0,0,0,0,0,0
124,AgentA wins,44.00,0,0,0,0,0,0,0,0,0,0
125,AgentA wins,19.67,0,0,0,0,0,0,0,0,0,0
126,AgentA wins,17.00,0,0,0,0,0,0,0,0,0,0
127,AgentA wins,42.67,0,0,0,0,0,0,0,0,0,0
128,AgentA wins,46.33,0,0,0,0,0,0,0,0,0,0
129,AgentA wins,20.33,0,0,0,0,0,0,0,0,0,0
130,AgentA wins,19.67,0,0,0,0,0,0,0,0,0,0
121,AgentA wins,59.67,0,0,0,0,0,0,0,0,0,0
122,AgentA wins,34.00,0,0,0,0,0,0,0,0,0,0
123,AgentA wins,31.33,0,0,0,0,0,0,0,0,0,0
124,AgentA wins,33.00,0,0,0,0,0,0,0,0,0,0
125,AgentA wins,39.33,0,0,0,0,0,0,0,0,0,0
126,AgentA wins,33.33,0,0,0,0,0,0,0,0,0,0
127,AgentA wins,50.33,0,0,0,0,0,0,0,0,0,0
128,AgentA wins,25.33,0,0,0,0,0,0,0,0,0,0
129,AgentA wins,42.00,0,0,0,0,0,0,0,0,0,0
130,AgentA wins,32.00,0,0,0,0,0,0,0,0,0,0
111,timeout draw,60.00,0,0,0,0,0,0,0,0,0,0
112,AgentA wins,32.00,0,0,0,0,0,0,0,0,0,0
113,AgentA wins,33.33,0,0,0,0,0,0,0,0,0,0
114,AgentA wins,19.67,0,0,0,0,0,0,0,0,0,0
115,AgentA wins,25.33,0,0,0,0,0,0,0,0,0,0
116,AgentA wins,58.67,0,0,0,0,0,0,0,0,0,0
117,AgentA wins,38.33,0,0,0,0,0,0,0,0,0,0
118,AgentA wins,35.33,0,0,0,0,0,0,0,0,0,0
119,AgentA wins,20.67,0,0,0,0,0,0,0,0,0,0
120,AgentA wins,27.00,0,0,0,0,0,0,0,0,0,0
121,AgentA wins,16.67,0,0,0,0,0,0,0,0,0,0
122,AgentA wins,25.67,0,0,0,0,0,0,0,0,0,0
123,timeout draw,60.00,0,0,0,0,0,0,0,0,0,0
124,timeout draw,60.00,0,0,0,0,0,0,0,0,0,0
125,AgentA wins,28.67,0,0,0,0,0,0,0,0,0,0
126,timeout draw,60.00,0,0,0,0,0,0,0,0,0,0
127,AgentB wins,53.67,0,0,0,0,0,0,0,0,0,0
128,AgentB wins,35.67,0,0,0,0,0,0,0,0,0,0
129,AgentA wins,25.33,0,0,0,0,0,0,0,0,0,0
130,timeout draw,60.00,0,0,0,0,0,0,0,0,0,0
121,AgentA wins,30.33,0,0,0,0,0,0,0,0,0,0
122,AgentA wins,21.67,0,0,0,0,0,0,0,0,0,0
123,AgentB wins,56.00,0,0,0,0,0,0,0,0,0,0
124,AgentA wins,26.33,0,0,0,0,0,0,0,0,0,0
125,AgentA wins,17.00,0,0,0,0,0,0,0,0,0,0
126,AgentA wins,16.00,0,0,0,0,0,0,0,0,0,0
127,AgentA wins,18.00,0,0,0,0,0,0,0,0,0,0
128,AgentA wins,18.67,0,0,0,0,0,0,0,0,0,0
129,AgentA wins,22.00,0,0,0,0,0,0,0,0,0,0
130,AgentA wins,56.00,0,0,0,0,0,0,0,0,0,0
121,AgentA wins,17.67,0,0,0,0,0,0,0,0,0,0
122,AgentA wins,18.00,0,0,0,0,0,0,0,0,0,0
123,AgentA wins,45.00,0,0,0,0,0,0,0,0,0,0
124,AgentA wins,54.33,0,0,0,0,0,0,0,0,0,0
125,AgentA wins,22.67,0,0,0,0,0,0,0,0,0,0
126,AgentA wins,55.67,0,0,0,0,0,0,0,0,0,0
127,AgentA wins,30.33,0,0,0,0,0,0,0,0,0,0
128,AgentA wins,32.67,0,0,0,0,0,0,0,0,0,0
129,AgentA wins,55.67,0,0,0,0,0,0,0,0,0,0
130,timeout draw,60.00,0,0,0,0,0,0,0,0,0,0
121,AgentA wins,17.33,0,0,0,0,0,0,0,0,0,0
122,AgentA wins,19.67,0,0,0,0,0,0,0,0,0,0
123,AgentA wins,16.33,0,0,0,0,0,0,0,0,0,0
124,AgentA wins,17.33,0,0,0,0,0,0,0,0,0,0
125,AgentA wins,17.00,0,0,0,0,0,0,0,0,0,0
126,AgentA wins,16.33,0,0,0,0,0,0,0,0,0,0
127,AgentA wins,17.67,0,0,0,0,0,0,0,0,0,0
128,AgentA wins,18.67,0,0,0,0,0,0,0,0,0,0
129,AgentA wins,13.67,0,0,0,0,0,0,0,0,0,0
130,AgentA wins,21.33,0,0,0,0,0,0,0,0,0,0
121,AgentA wins,20.33,0,0,0,0,0,0,0,0,0,0
122,AgentA wins,17.33,0,0,0,0,0,0,0,0,0,0
123,AgentA wins,22.33,0,0,0,0,0,0,0,0,0,0
124,AgentA wins,22.00,0,0,0,0,0,0,0,0,0,0
125,AgentA wins,13.00,0,0,0,0,0,0,0,0,0,0
126,AgentA wins,21.00,0,0,0,0,0,0,0,0,0,0
127,AgentA wins,20.33,0,0,0,0,0,0,0,0,0,0
128,AgentA wins,16.67,0,0,0,0,0,0,0,0,0,0
129,AgentA wins,17.67,0,0,0,0,0,0,0,0,0,0
130,AgentA wins,16.00,0,0,0,0,0,0,0,0,0,0
191,AgentA wins,17.00,0,0,0,0,0,0,0,0,0,0
192,AgentA wins,17.67,0,0,0,0,0,0,0,0,0,0
193,AgentA wins,17.33,0,0,0,0,0,0,0,0,0,0
194,AgentA wins,13.00,0,0,0,0,0,0,0,0,0,0
195,AgentA wins,21.67,0,0,0,0,0,0,0,0,0,0
196,AgentA wins,15.33,0,0,0,0,0,0,0,0,0,0
197,AgentA wins,16.67,0,0,0,0,0,0,0,0,0,0
198,AgentA wins,17.67,0,0,0,0,0,0,0,0,0,0
199,AgentA wins,18.00,0,0,0,0,0,0,0,0,0,0
200,AgentA wins,14.00,0,0,0,0,0,0,0,0,0,0
121,AgentA wins,20.33,0,0,0,0,0,0,0,0,0,0
122,AgentA wins,25.00,0,0,0,0,0,0,0,0,0,0
123,AgentA wins,27.67,0,0,0,0,0,0,0,0,0,0
124,AgentA wins,26.33,0,0,0,0,0,0,0,0,0,0
125,AgentA wins,29.00,0,0,0,0,0,0,0,0,0,0
126,AgentA wins,37.00,0,0,0,0,0,0,0,0,0,0
127,timeout draw,60.00,0,0,0,0,0,0,0,0,0,0
128,AgentA wins,31.67,0,0,0,0,0,0,0,0,0,0
129,AgentA wins,58.00,0,0,0,0,0,0,0,0,0,0
130,AgentA wins,21.67,0,0,0,0,0,0,0,0,0,0
171,AgentA wins,17.00,0,0,0,0,0,0,0,0,0,0
172,AgentA wins,20.33,0,0,0,0,0,0,0,0,0,0
173,AgentA wins,13.00,0,0,0,0,0,0,0,0,0,0
174,AgentA wins,13.67,0,0,0,0,0,0,0,0,0,0
175,AgentA wins,13.67,0,0,0,0,0,0,0,0,0,0
176,AgentA wins,13.67,0,0,0,0,0,0,0,0,0,0
177,AgentA wins,17.33,0,0,0,0,0,0,0,0,0,0
178,AgentA wins,19.00,0,0,0,0,0,0,0,0,0,0
179,AgentA wins,18.00,0,0,0,0,0,0,0,0,0,0
180,AgentB wins,22.67,0,0,0,0,0,0,0,0,0,0
131,AgentA wins,17.33,0,0,0,0,0,0,0,0,0,0
132,AgentA wins,17.33,0,0,0,0,0,0,0,0,0,0
133,AgentA wins,16.33,0,0,0,0,0,0,0,0,0,0
134,AgentA wins,17.67,0,0,0,0,0,0,0,0,0,0
135,AgentA wins,13.00,0,0,0,0,0,0,0,0,0,0
136,AgentA wins,19.33,0,0,0,0,0,0,0,0,0,0
137,AgentA wins,13.00,0,0,0,0,0,0,0,0,0,0
138,AgentA wins,19.67,0,0,0,0,0,0,0,0,0,0
139,AgentA wins,13.67,0,0,0,0,0,0,0,0,0,0
140,AgentA wins,15.67,0,0,0,0,0,0,0,0,0,0
191,AgentA wins,17.00,0,0,0,0,0,0,0,0,0,0
192,AgentA wins,16.33,0,0,0,0,0,0,0,0,0,0
193,AgentA wins,16.33,0,0,0,0,0,0,0,0,0,0
194,AgentA wins,13.67,0,0,0,0,0,0,0,0,0,0
195,AgentA wins,17.33,0,0,0,0,0,0,0,0,0,0
196,AgentA wins,19.67,0,0,0,0,0,0,0,0,0,0
197,AgentA wins,19.67,0,0,0,0,0,0,0,0,0,0
198,AgentA wins,13.00,0,0,0,0,0,0,0,0,0,0
199,AgentA wins,13.00,0,0,0,0,0,0,0,0,0,0
200,AgentA wins,17.00,0,0,0,0,0,0,0,0,0,0
121,AgentA wins,22.67,0,0,0,0,0,0,0,0,0,0
122,AgentA wins,17.00,0,0,0,0,0,0,0,0,0,0
123,AgentA wins,18.00,0,0,0,0,0,0,0,0,0,0
124,timeout draw,60.00,0,0,0,0,0,0,0,0,0,0
125,AgentA wins,43.33,0,0,0,0,0,0,0,0,0,0
126,AgentA wins,35.33,0,0,0,0,0,0,0,0,0,0
127,AgentA wins,14.67,0,0,0,0,0,0,0,0,0,0
128,AgentA wins,22.00,0,0,0,0,0,0,0,0,0,0
129,AgentA wins,42.00,0,0,0,0,0,0,0,0,0,0
130,AgentA wins,22.00,0,0,0,0,0,0,0,0,0,0
131,AgentA wins,23.00,0,0,0,0,0,0,0,0,0,0
132,AgentA wins,21.33,0,0,0,0,0,0,0,0,0,0
133,AgentA wins,21.33,0,0,0,0,0,0,0,0,0,0
134,AgentA wins,18.00,0,0,0,0,0,0,0,0,0,0
135,timeout draw,60.00,0,0,0,0,0,0,0,0,0,0
136,AgentA wins,54.33,0,0,0,0,0,0,0,0,0,0
137,timeout draw,60.00,0,0,0,0,0,0,0,0,0,0
138,timeout draw,60.00,0,0,0,0,0,0,0,0,0,0
139,AgentA wins,26.00,0,0,0,0,0,0,0,0,0,0
140,AgentA wins,35.00,0,0,0,0,0,0,0,0,0,0
201,AgentA wins,17.00,0,0,0,0,0,0,0,0,0,0
202,AgentA wins,17.67,0,0,0,0,0,0,0,0,0,0
203,AgentA wins,13.00,0,0,0,0,0,0,0,0,0,0
204,AgentA wins,13.67,0,0,0,0,0,0,0,0,0,0
205,AgentA wins,16.33,0,0,0,0,0,0,0,0,0,0
206,AgentA wins,22.33,0,0,0,0,0,0,0,0,0,0
207,AgentA wins,17.67,0,0,0,0,0,0,0,0,0,0
208,AgentA wins,17.00,0,0,0,0,0,0,0,0,0,0
209,AgentA wins,17.67,0,0,0,0,0,0,0,0,0,0
210,AgentA wins,18.00,0,0,0,0,0,0,0,0,0,0
131,AgentA wins,17.67,0,0,0,0,0,0,0,0,0,0
132,AgentA wins,24.00,0,0,0,0,0,0,0,0,0,0
133,AgentA wins,19.00,0,0,0,0,0,0,0,0,0,0
134,AgentA wins,13.67,0,0,0,0,0,0,0,0,0,0
135,AgentA wins,18.33,0,0,0,0,0,0,0,0,0,0
136,AgentA wins,13.67,0,0,0,0,0,0,0,0,0,0
137,AgentA wins,16.33,0,0,0,0,0,0,0,0,0,0
138,AgentA wins,18.67,0,0,0,0,0,0,0,0,0,0
139,AgentA wins,22.67,0,0,0,0,0,0,0,0,0,0
140,AgentA wins,17.00,0,0,0,0,0,0,0,0,0,0
121,AgentA wins,32.00,0,0,0,0,0,0,0,0,0,0
122,AgentA wins,30.33,0,0,0,0,0,0,0,0,0,0
123,AgentA wins,17.33,0,0,0,0,0,0,0,0,0,0
124,AgentA wins,52.33,0,0,0,0,0,0,0,0,0,0
125,AgentA wins,32.00,0,0,0,0,0,0,0,0,0,0
126,AgentA wins,43.00,0,0,0,0,0,0,0,0,0,0
127,AgentA wins,47.33,0,0,0,0,0,0,0,0,0,0
128,AgentA wins,18.33,0,0,0,0,0,0,0,0,0,0
129,AgentA wins,20.33,0,0,0,0,0,0,0,0,0,0
130,AgentA wins,17.33,0,0,0,0,0,0,0,0,0,0
121,timeout draw,60.00,0,0,0,0,0,0,0,0,0,0
122,AgentA wins,13.00,0,0,0,0,0,0,0,0,0,0
123,AgentB wins,45.00,0,0,0,0,0,0,0,0,0,0
124,AgentA wins,19.67,0,0,0,0,0,0,0,0,0,0
125,AgentA wins,19.33,0,0,0,0,0,0,0,0,0,0
126,timeout draw,60.00,0,0,0,0,0,0,0,0,0,0
127,AgentA wins,13.00,0,0,0,0,0,0,0,0,0,0
128,AgentA wins,29.67,0,0,0,0,0,0,0,0,0,0
129,AgentA wins,17.00,0,0,0,0,0,0,0,0,0,0
130,AgentA wins,16.33,0,0,0,0,0,0,0,0,0,0
131,AgentA wins,25.33,0,0,0,0,0,0,0,0,0,0
132,AgentA wins,52.33,0,0,0,0,0,0,0,0,0,0
133,AgentA wins,24.00,0,0,0,0,0,0,0,0,0,0
134,AgentA wins,24.67,0,0,0,0,0,0,0,0,0,0
135,AgentA wins,13.67,0,0,0,0,0,0,0,0,0,0
136,AgentA wins,23.00,0,0,0,0,0,0,0,0,0,0
137,AgentA wins,21.00,0,0,0,0,0,0,0,0,0,0
138,AgentA wins,20.33,0,0,0,0,0,0,0,0,0,0
139,AgentA wins,49.33,0,0,0,0,0,0,0,0,0,0
140,AgentA wins,18.33,0,0,0,0,0,0,0,0,0,0
121,timeout draw,60.00,0,0,0,0,0,0,0,0,0,0
122,timeout draw,60.00,0,0,0,0,0,0,0,0,0,0
123,timeout draw,60.00,0,0,0,0,0,0,0,0,0,0
124,AgentA wins,54.33,0,0,0,0,0,0,0,0,0,0
125,AgentB wins,31.00,0,0,0,0,0,0,0,0,0,0
126,AgentA wins,35.33,0,0,0,0,0,0,0,0,0,0
127,AgentA wins,43.67,0,0,0,0,0,0,0,0,0,0
128,AgentA wins,24.00,0,0,0,0,0,0,0,0,0,0
129,AgentA wins,38.67,0,0,0,0,0,0,0,0,0,0
130,AgentB wins,49.67,0,0,0,0,0,0,0,0,0,0
111,AgentA wins,19.33,0,0,0,0,0,0,0,0,0,0
112,AgentA wins,24.00,0,0,0,0,0,0,0,0,0,0
113,AgentA wins,17.33,0,0,0,0,0,0,0,0,0,0
114,AgentA wins,59.67,0,0,0,0,0,0,0,0,0,0
115,AgentA wins,36.00,0,0,0,0,0,0,0,0,0,0
116,AgentA wins,49.67,0,0,0,0,0,0,0,0,0,0
117,AgentA wins,46.00,0,0,0,0,0,0,0,0,0,0
118,AgentA wins,13.67,0,0,0,0,0,0,0,0,0,0
119,AgentA wins,20.33,0,0,0,0,0,0,0,0,0,0
120,AgentA wins,13.00,0,0,0,0,0,0,0,0,0,0
131,AgentA wins,32.00,0,0,0,0,0,0,0,0,0,0
132,AgentA wins,24.33,0,0,0,0,0,0,0,0,0,0
133,AgentA wins,47.67,0,0,0,0,0,0,0,0,0,0
134,AgentA wins,50.00,0,0,0,0,0,0,0,0,0,0
135,AgentA wins,55.00,0,0,0,0,0,0,0,0,0,0
136,AgentA wins,28.33,0,0,0,0,0,0,0,0,0,0
137,AgentA wins,38.00,0,0,0,0,0,0,0,0,0,0
138,AgentA wins,13.00,0,0,0,0,0,0,0,0,0,0
139,AgentA wins,17.33,0,0,0,0,0,0,0,0,0,0
140,AgentA wins,16.33,0,0,0,0,0,0,0,0,0,0
131,AgentA wins,15.33,202,107,32,79,0,133,0,20,24,44
132,AgentA wins,46.00,627,304,97,254,0,401,0,79,69,99
133,AgentA wins,38.00,500,271,100,226,0,350,0,54,58,114
134,AgentA wins,42.33,562,278,119,236,0,382,0,76,65,117
135,AgentA wins,36.67,482,236,106,229,0,344,0,72,50,120
136,AgentA wins,29.67,402,180,82,187,0,275,0,51,29,106
137,AgentA wins,54.00,715,340,164,306,0,506,0,95,77,180
138,AgentA wins,20.67,275,136,52,131,0,187,0,33,38,53
139,AgentA wins,41.00,543,259,122,241,0,383,0,70,56,126
140,AgentA wins,28.67,393,173,81,183,0,274,0,53,46,76
131,AgentA wins,24.33,0,0,0,0,0,0,0,0,0,0
132,AgentA wins,28.33,0,0,0,0,0,0,0,0,0,0
133,AgentA wins,31.00,0,0,0,0,0,0,0,0,0,0
134,AgentA wins,22.67,0,0,0,0,0,0,0,0,0,0
135,AgentA wins,24.00,0,0,0,0,0,0,0,0,0,0
136,timeout draw,60.00,0,0,0,0,0,0,0,0,0,0
137,AgentA wins,26.67,0,0,0,0,0,0,0,0,0,0
138,AgentA wins,22.00,0,0,0,0,0,0,0,0,0,0
139,AgentA wins,32.00,0,0,0,0,0,0,0,0,0,0
140,AgentA wins,44.67,0,0,0,0,0,0,0,0,0,0
131,AgentA wins,26.00,0,0,0,0,0,0,0,0,0,0
132,AgentA wins,24.33,0,0,0,0,0,0,0,0,0,0
133,AgentA wins,16.00,0,0,0,0,0,0,0,0,0,0
134,AgentA wins,16.00,0,0,0,0,0,0,0,0,0,0
135,AgentA wins,16.33,0,0,0,0,0,0,0,0,0,0
136,timeout draw,60.00,0,0,0,0,0,0,0,0,0,0
137,AgentA wins,22.67,0,0,0,0,0,0,0,0,0,0
138,AgentA wins,21.67,0,0,0,0,0,0,0,0,0,0
139,AgentA wins,13.67,0,0,0,0,0,0,0,0,0,0
140,AgentA wins,27.33,0,0,0,0,0,0,0,0,0,0
131,AgentA wins,32.00,0,0,0,0,0,0,0,0,0,0
132,AgentA wins,19.67,0,0,0,0,0,0,0,0,0,0
133,AgentB wins,55.67,0,0,0,0,0,0,0,0,0,0
134,AgentA wins,29.33,0,0,0,0,0,0,0,0,0,0
135,AgentA wins,39.00,0,0,0,0,0,0,0,0,0,0
136,AgentA wins,33.67,0,0,0,0,0,0,0,0,0,0
137,AgentA wins,13.00,0,0,0,0,0,0,0,0,0,0
138,AgentA wins,34.67,0,0,0,0,0,0,0,0,0,0
139,AgentA wins,43.67,0,0,0,0,0,0,0,0,0,0
140,AgentA wins,41.33,0,0,0,0,0,0,0,0,0,0
131,AgentA wins,35.00,0,0,0,0,0,0,0,0,0,0
132,AgentA wins,36.67,0,0,0,0,0,0,0,0,0,0
133,AgentA wins,24.67,0,0,0,0,0,0,0,0,0,0
134,AgentA wins,19.67,0,0,0,0,0,0,0,0,0,0
135,AgentA wins,34.67,0,0,0,0,0,0,0,0,0,0
136,AgentA wins,44.33,0,0,0,0,0,0,0,0,0,0
137,AgentA wins,43.33,0,0,0,0,0,0,0,0,0,0
138,AgentA wins,55.00,0,0,0,0,0,0,0,0,0,0
139,AgentA wins,20.00,0,0,0,0,0,0,0,0,0,0
140,AgentA wins,46.67,0,0,0,0,0,0,0,0,0,0
131,AgentA wins,24.33,0,0,0,0,0,0,0,0,0,0
132,timeout draw,60.00,0,0,0,0,0,0,0,0,0,0
133,AgentA wins,25.67,0,0,0,0,0,0,0,0,0,0
134,AgentA wins,17.33,0,0,0,0,0,0,0,0,0,0
135,AgentA wins,39.33,0,0,0,0,0,0,0,0,0,0
136,AgentA wins,27.00,0,0,0,0,0,0,0,0,0,0
137,AgentA wins,40.00,0,0,0,0,0,0,0,0,0,0
138,AgentA wins,34.33,0,0,0,0,0,0,0,0,0,0
139,AgentA wins,19.67,0,0,0,0,0,0,0,0,0,0
140,AgentA wins,24.67,0,0,0,0,0,0,0,0,0,0
111,AgentA wins,40.33,0,0,0,0,0,0,0,0,0,0
112,AgentA wins,43.67,0,0,0,0,0,0,0,0,0,0
113,AgentA wins,59.00,0,0,0,0,0,0,0,0,0,0
114,AgentA wins,33.67,0,0,0,0,0,0,0,0,0,0
115,AgentA wins,38.67,0,0,0,0,0,0,0,0,0,0
116,AgentA wins,19.33,0,0,0,0,0,0,0,0,0,0
117,AgentA wins,20.33,0,0,0,0,0,0,0,0,0,0
118,timeout draw,60.00,0,0,0,0,0,0,0,0,0,0
119,AgentA wins,56.00,0,0,0,0,0,0,0,0,0,0
120,AgentA wins,43.67,0,0,0,0,0,0,0,0,0,0
111,AgentA wins,58.33,0,0,0,0,0,0,0,0,0,0
112,AgentA wins,32.33,0,0,0,0,0,0,0,0,0,0
113,AgentA wins,15.00,0,0,0,0,0,0,0,0,0,0
114,timeout draw,60.00,0,0,0,0,0,0,0,0,0,0
115,AgentA wins,43.00,0,0,0,0,0,0,0,0,0,0
116,timeout draw,60.00,0,0,0,0,0,0,0,0,0,0
117,AgentA wins,13.00,0,0,0,0,0,0,0,0,0,0
118,AgentA wins,41.67,0,0,0,0,0,0,0,0,0,0
119,AgentA wins,22.00,0,0,0,0,0,0,0,0,0,0
120,AgentA wins,20.33,0,0,0,0,0,0,0,0,0,0
131,AgentA wins,13.00,0,0,0,0,0,0,0,0,0,0
132,AgentA wins,44.00,0,0,0,0,0,0,0,0,0,0
133,AgentA wins,22.00,0,0,0,0,0,0,0,0,0,0
134,AgentA wins,20.00,0,0,0,0,0,0,0,0,0,0
135,AgentA wins,25.00,0,0,0,0,0,0,0,0,0,0
136,timeout draw,60.00,0,0,0,0,0,0,0,0,0,0
137,AgentA wins,37.33,0,0,0,0,0,0,0,0,0,0
138,AgentA wins,13.00,0,0,0,0,0,0,0,0,0,0
139,AgentA wins,38.33,0,0,0,0,0,0,0,0,0,0
140,AgentA wins,24.67,0,0,0,0,0,0,0,0,0,0
131,AgentA wins,22.67,0,0,0,0,0,0,0,0,0,0
132,AgentA wins,26.00,0,0,0,0,0,0,0,0,0,0
133,AgentB wins,26.67,0,0,0,0,0,0,0,0,0,0
134,AgentA wins,26.00,0,0,0,0,0,0,0,0,0,0
135,AgentB wins,34.00,0,0,0,0,0,0,0,0,0,0
136,AgentA wins,55.00,0,0,0,0,0,0,0,0,0,0
137,AgentA wins,22.00,0,0,0,0,0,0,0,0,0,0
138,timeout draw,60.00,0,0,0,0,0,0,0,0,0,0
139,AgentA wins,13.00,0,0,0,0,0,0,0,0,0,0
140,AgentA wins,17.00,0,0,0,0,0,0,0,0,0,0
201,AgentA wins,13.00,0,0,0,0,0,0,0,0,0,0
202,AgentA wins,16.67,0,0,0,0,0,0,0,0,0,0
203,AgentA wins,20.33,0,0,0,0,0,0,0,0,0,0
204,AgentA wins,17.00,0,0,0,0,0,0,0,0,0,0
205,AgentA wins,19.67,0,0,0,0,0,0,0,0,0,0
206,AgentA wins,17.00,0,0,0,0,0,0,0,0,0,0
207,AgentA wins,20.33,0,0,0,0,0,0,0,0,0,0
208,AgentA wins,16.33,0,0,0,0,0,0,0,0,0,0
209,AgentA wins,13.00,0,0,0,0,0,0,0,0,0,0
210,AgentA wins,18.00,0,0,0,0,0,0,0,0,0,0
181,AgentA wins,13.67,0,0,0,0,0,0,0,0,0,0
182,AgentA wins,19.33,0,0,0,0,0,0,0,0,0,0
183,AgentA wins,15.00,0,0,0,0,0,0,0,0,0,0
184,AgentA wins,17.33,0,0,0,0,0,0,0,0,0,0
185,AgentA wins,17.33,0,0,0,0,0,0,0,0,0,0
186,AgentA wins,13.67,0,0,0,0,0,0,0,0,0,0
187,AgentA wins,20.33,0,0,0,0,0,0,0,0,0,0
188,AgentA wins,17.00,0,0,0,0,0,0,0,0,0,0
189,AgentA wins,17.33,0,0,0,0,0,0,0,0,0,0
190,AgentA wins,18.67,0,0,0,0,0,0,0,0,0,0
201,AgentA wins,18.33,0,0,0,0,0,0,0,0,0,0
202,AgentA wins,13.67,0,0,0,0,0,0,0,0,0,0
203,AgentA wins,16.00,0,0,0,0,0,0,0,0,0,0
204,AgentA wins,13.67,0,0,0,0,0,0,0,0,0,0
205,AgentA wins,17.00,0,0,0,0,0,0,0,0,0,0
206,AgentA wins,17.67,0,0,0,0,0,0,0,0,0,0
207,AgentA wins,13.67,0,0,0,0,0,0,0,0,0,0
208,AgentA wins,20.33,0,0,0,0,0,0,0,0,0,0
209,AgentA wins,17.00,0,0,0,0,0,0,0,0,0,0
210,AgentA wins,17.33,0,0,0,0,0,0,0,0,0,0
131,AgentA wins,22.00,0,0,0,0,0,0,0,0,0,0
132,AgentB wins,33.33,0,0,0,0,0,0,0,0,0,0
133,AgentA wins,17.00,0,0,0,0,0,0,0,0,0,0
134,AgentA wins,29.33,0,0,0,0,0,0,0,0,0,0
135,AgentA wins,25.33,0,0,0,0,0,0,0,0,0,0
136,AgentA wins,18.33,0,0,0,0,0,0,0,0,0,0
137,AgentA wins,29.33,0,0,0,0,0,0,0,0,0,0
138,AgentA wins,13.00,0,0,0,0,0,0,0,0,0,0
139,AgentA wins,29.00,0,0,0,0,0,0,0,0,0,0
140,AgentA wins,19.00,0,0,0,0,0,0,0,0,0,0
131,AgentA wins,18.33,0,0,0,0,0,0,0,0,0,0
132,AgentA wins,17.00,0,0,0,0,0,0,0,0,0,0
133,AgentB wins,43.33,0,0,0,0,0,0,0,0,0,0
134,AgentA wins,18.33,0,0,0,0,0,0,0,0,0,0
135,AgentA wins,30.00,0,0,0,0,0,0,0,0,0,0
136,AgentA wins,51.33,0,0,0,0,0,0,0,0,0,0
137,AgentA wins,35.67,0,0,0,0,0,0,0,0,0,0
138,AgentA wins,14.33,0,0,0,0,0,0,0,0,0,0
139,AgentA wins,39.67,0,0,0,0,0,0,0,0,0,0
140,AgentA wins,19.00,0,0,0,0,0,0,0,0,0,0
211,AgentA wins,16.33,0,0,0,0,0,0,0,0,0,0
212,AgentA wins,17.00,0,0,0,0,0,0,0,0,0,0
213,AgentA wins,17.33,0,0,0,0,0,0,0,0,0,0
214,AgentA wins,14.00,0,0,0,0,0,0,0,0,0,0
215,AgentA wins,19.67,0,0,0,0,0,0,0,0,0,0
216,AgentA wins,18.67,0,0,0,0,0,0,0,0,0,0
217,AgentA wins,17.67,0,0,0,0,0,0,0,0,0,0
218,AgentA wins,16.00,0,0,0,0,0,0,0,0,0,0
219,AgentA wins,16.33,0,0,0,0,0,0,0,0,0,0
220,AgentA wins,20.00,0,0,0,0,0,0,0,0,0,0
131,AgentA wins,22.00,0,0,0,0,0,0,0,0,0,0
132,AgentA wins,32.33,0,0,0,0,0,0,0,0,0,0
133,AgentA wins,42.33,0,0,0,0,0,0,0,0,0,0
134,AgentA wins,23.33,0,0,0,0,0,0,0,0,0,0
135,AgentA wins,26.33,0,0,0,0,0,0,0,0,0,0
136,AgentA wins,16.00,0,0,0,0,0,0,0,0,0,0
137,AgentA wins,29.00,0,0,0,0,0,0,0,0,0,0
138,AgentA wins,26.33,0,0,0,0,0,0,0,0,0,0
139,AgentA wins,13.00,0,0,0,0,0,0,0,0,0,0
140,AgentA wins,32.33,0,0,0,0,0,0,0,0,0,0
131,AgentA wins,40.33,0,0,0,0,0,0,0,0,0,0
132,AgentA wins,20.67,0,0,0,0,0,0,0,0,0,0
133,AgentA wins,20.00,0,0,0,0,0,0,0,0,0,0
134,AgentA wins,44.33,0,0,0,0,0,0,0,0,0,0
135,AgentA wins,24.00,0,0,0,0,0,0,0,0,0,0
136,AgentA wins,42.67,0,0,0,0,0,0,0,0,0,0
137,AgentA wins,14.67,0,0,0,0,0,0,0,0,0,0
138,AgentA wins,19.67,0,0,0,0,0,0,0,0,0,0
139,AgentA wins,32.00,0,0,0,0,0,0,0,0,0,0
140,AgentA wins,28.67,0,0,0,0,0,0,0,0,0,0
131,AgentA wins,47.00,0,0,0,0,0,0,0,0,0,0
132,AgentA wins,16.33,0,0,0,0,0,0,0,0,0,0
133,AgentA wins,13.67,0,0,0,0,0,0,0,0,0,0
134,AgentB wins,35.67,0,0,0,0,0,0,0,0,0,0
135,AgentA wins,32.67,0,0,0,0,0,0,0,0,0,0
136,AgentA wins,15.00,0,0,0,0,0,0,0,0,0,0
137,AgentA wins,57.33,0,0,0,0,0,0,0,0,0,0
138,AgentA wins,38.67,0,0,0,0,0,0,0,0,0,0
139,AgentA wins,32.33,0,0,0,0,0,0,0,0,0,0
140,AgentA wins,24.67,0,0,0,0,0,0,0,0,0,0
131,AgentA wins,29.00,0,0,0,0,0,0,0,0,0,0
132,AgentA wins,39.67,0,0,0,0,0,0,0,0,0,0
133,AgentA wins,17.00,0,0,0,0,0,0,0,0,0,0
134,timeout draw,60.00,0,0,0,0,0,0,0,0,0,0
135,AgentA wins,27.67,0,0,0,0,0,0,0,0,0,0
136,AgentA wins,43.00,0,0,0,0,0,0,0,0,0,0
137,AgentA wins,24.00,0,0,0,0,0,0,0,0,0,0
138,AgentA wins,35.67,0,0,0,0,0,0,0,0,0,0
139,AgentB wins,57.33,0,0,0,0,0,0,0,0,0,0
140,AgentA wins,25.00,0,0,0,0,0,0,0,0,0,0
121,timeout draw,60.00,0,0,0,0,0,0,0,0,0,0
122,AgentA wins,45.33,0,0,0,0,0,0,0,0,0,0
123,AgentA wins,28.67,0,0,0,0,0,0,0,0,0,0
124,AgentB wins,44.33,0,0,0,0,0,0,0,0,0,0
125,AgentA wins,30.00,0,0,0,0,0,0,0,0,0,0
126,AgentA wins,20.00,0,0,0,0,0,0,0,0,0,0
127,AgentA wins,30.67,0,0,0,0,0,0,0,0,0,0
128,AgentA wins,22.67,0,0,0,0,0,0,0,0,0,0
129,AgentA wins,26.67,0,0,0,0,0,0,0,0,0,0
130,AgentA wins,18.67,0,0,0,0,0,0,0,0,0,0
131,AgentA wins,31.67,0,0,0,0,0,0,0,0,0,0
132,AgentA wins,15.67,0,0,0,0,0,0,0,0,0,0
133,AgentA wins,31.67,0,0,0,0,0,0,0,0,0,0
134,AgentA wins,25.00,0,0,0,0,0,0,0,0,0,0
135,AgentA wins,13.00,0,0,0,0,0,0,0,0,0,0
136,AgentA wins,15.67,0,0,0,0,0,0,0,0,0,0
137,AgentA wins,13.00,0,0,0,0,0,0,0,0,0,0
138,AgentA wins,37.00,0,0,0,0,0,0,0,0,0,0
139,AgentA wins,15.67,0,0,0,0,0,0,0,0,0,0
140,AgentB wins,34.33,0,0,0,0,0,0,0,0,0,0
141,AgentA wins,16.00,0,0,0,0,0,0,0,0,0,0
142,AgentA wins,17.00,0,0,0,0,0,0,0,0,0,0
143,AgentA wins,35.00,0,0,0,0,0,0,0,0,0,0
144,AgentB wins,42.00,0,0,0,0,0,0,0,0,0,0
145,AgentA wins,38.67,0,0,0,0,0,0,0,0,0,0
146,AgentA wins,43.00,0,0,0,0,0,0,0,0,0,0
147,AgentB wins,48.33,0,0,0,0,0,0,0,0,0,0
148,AgentB wins,49.33,0,0,0,0,0,0,0,0,0,0
149,AgentA wins,36.67,0,0,0,0,0,0,0,0,0,0
150,AgentA wins,48.33,0,0,0,0,0,0,0,0,0,0
141,AgentA wins,23.00,0,0,0,0,0,0,0,0,0,0
142,AgentA wins,35.00,0,0,0,0,0,0,0,0,0,0
143,AgentA wins,28.33,0,0,0,0,0,0,0,0,0,0
144,AgentA wins,23.33,0,0,0,0,0,0,0,0,0,0
145,AgentA wins,17.00,0,0,0,0,0,0,0,0,0,0
146,AgentA wins,13.00,0,0,0,0,0,0,0,0,0,0
147,AgentA wins,13.67,0,0,0,0,0,0,0,0,0,0
148,AgentA wins,14.67,0,0,0,0,0,0,0,0,0,0
149,AgentA wins,14.00,0,0,0,0,0,0,0,0,0,0
150,AgentA wins,18.00,0,0,0,0,0,0,0,0,0,0
131,AgentA wins,41.33,0,0,0,0,0,0,0,0,0,0
132,AgentB wins,43.00,0,0,0,0,0,0,0,0,0,0
133,AgentA wins,30.00,0,0,0,0,0,0,0,0,0,0
134,AgentA wins,32.67,0,0,0,0,0,0,0,0,0,0
135,AgentA wins,47.67,0,0,0,0,0,0,0,0,0,0
136,AgentA wins,34.33,0,0,0,0,0,0,0,0,0,0
137,AgentA wins,15.00,0,0,0,0,0,0,0,0,0,0
138,AgentA wins,31.33,0,0,0,0,0,0,0,0,0,0
139,AgentA wins,26.67,0,0,0,0,0,0,0,0,0,0
140,AgentA wins,34.33,0,0,0,0,0,0,0,0,0,0
131,AgentA wins,32.33,0,0,0,0,0,0,0,0,0,0
132,AgentA wins,48.33,0,0,0,0,0,0,0,0,0,0
133,AgentA wins,16.00,0,0,0,0,0,0,0,0,0,0
134,AgentA wins,37.67,0,0,0,0,0,0,0,0,0,0
135,AgentA wins,38.67,0,0,0,0,0,0,0,0,0,0
136,AgentA wins,37.67,0,0,0,0,0,0,0,0,0,0
137,AgentA wins,48.33,0,0,0,0,0,0,0,0,0,0
138,timeout draw,60.00,0,0,0,0,0,0,0,0,0,0
139,AgentA wins,15.67,0,0,0,0,0,0,0,0,0,0
140,AgentB wins,46.00,0,0,0,0,0,0,0,0,0,0
131,AgentA wins,37.67,0,0,0,0,0,0,0,0,0,0
132,AgentA wins,29.00,0,0,0,0,0,0,0,0,0,0
133,AgentA wins,23.33,0,0,0,0,0,0,0,0,0,0
134,AgentA wins,40.67,0,0,0,0,0,0,0,0,0,0
135,AgentA wins,19.33,0,0,0,0,0,0,0,0,0,0
136,AgentA wins,17.33,0,0,0,0,0,0,0,0,0,0
137,AgentA wins,20.67,0,0,0,0,0,0,0,0,0,0
138,AgentA wins,15.33,0,0,0,0,0,0,0,0,0,0
139,AgentA wins,19.67,0,0,0,0,0,0,0,0,0,0
140,AgentA wins,17.33,0,0,0,0,0,0,0,0,0,0
131,AgentA wins,16.33,0,0,0,0,0,0,0,0,0,0
132,AgentA wins,17.00,0,0,0,0,0,0,0,0,0,0
133,AgentA wins,29.33,0,0,0,0,0,0,0,0,0,0
134,AgentB wins,43.33,0,0,0,0,0,0,0,0,0,0
135,AgentA wins,53.67,0,0,0,0,0,0,0,0,0,0
136,AgentA wins,54.33,0,0,0,0,0,0,0,0,0,0
137,AgentA wins,30.33,0,0,0,0,0,0,0,0,0,0
138,AgentA wins,14.67,0,0,0,0,0,0,0,0,0,0
139,AgentA wins,33.67,0,0,0,0,0,0,0,0,0,0
140,AgentA wins,48.00,0,0,0,0,0,0,0,0,0,0
141,AgentA wins,16.33,0,0,0,0,0,0,0,0,0,0
142,AgentA wins,15.00,0,0,0,0,0,0,0,0,0,0
143,AgentA wins,17.00,0,0,0,0,0,0,0,0,0,0
144,AgentB wins,37.33,0,0,0,0,0,0,0,0,0,0
145,AgentA wins,37.00,0,0,0,0,0,0,0,0,0,0
146,AgentA wins,39.33,0,0,0,0,0,0,0,0,0,0
147,AgentA wins,17.33,0,0,0,0,0,0,0,0,0,0
148,AgentA wins,53.00,0,0,0,0,0,0,0,0,0,0
149,AgentA wins,22.67,0,0,0,0,0,0,0,0,0,0
150,AgentA wins,22.67,0,0,0,0,0,0,0,0,0,0
141,AgentA wins,13.00,0,0,0,0,0,0,0,0,0,0
142,AgentA wins,21.00,0,0,0,0,0,0,0,0,0,0
143,AgentA wins,41.00,0,0,0,0,0,0,0,0,0,0
144,AgentA wins,24.67,0,0,0,0,0,0,0,0,0,0
145,timeout draw,60.00,0,0,0,0,0,0,0,0,0,0
146,AgentA wins,15.33,0,0,0,0,0,0,0,0,0,0
147,AgentA wins,17.00,0,0,0,0,0,0,0,0,0,0
148,AgentA wins,44.33,0,0,0,0,0,0,0,0,0,0
149,AgentB wins,46.67,0,0,0,0,0,0,0,0,0,0
150,AgentB wins,30.33,0,0,0,0,0,0,0,0,0,0
141,AgentA wins,17.00,0,0,0,0,0,0,0,0,0,0
142,AgentA wins,32.33,0,0,0,0,0,0,0,0,0,0
143,AgentA wins,21.67,0,0,0,0,0,0,0,0,0,0
144,AgentB wins,42.67,0,0,0,0,0,0,0,0,0,0
145,AgentA wins,30.33,0,0,0,0,0,0,0,0,0,0
146,AgentA wins,16.67,0,0,0,0,0,0,0,0,0,0
147,AgentA wins,18.33,0,0,0,0,0,0,0,0,0,0
148,AgentA wins,41.67,0,0,0,0,0,0,0,0,0,0
149,AgentA wins,16.33,0,0,0,0,0,0,0,0,0,0
150,AgentA wins,22.00,0,0,0,0,0,0,0,0,0,0
121,AgentA wins,28.33,0,0,0,0,0,0,0,0,0,0
122,AgentA wins,18.00,0,0,0,0,0,0,0,0,0,0
123,AgentA wins,18.33,0,0,0,0,0,0,0,0,0,0
124,AgentA wins,35.00,0,0,0,0,0,0,0,0,0,0
125,AgentA wins,45.33,0,0,0,0,0,0,0,0,0,0
126,AgentA wins,24.67,0,0,0,0,0,0,0,0,0,0
127,AgentA wins,21.67,0,0,0,0,0,0,0,0,0,0
128,AgentA wins,15.00,0,0,0,0,0,0,0,0,0,0
129,AgentA wins,22.67,0,0,0,0,0,0,0,0,0,0
130,AgentA wins,25.67,0,0,0,0,0,0,0,0,0,0
131,AgentA wins,18.00,0,0,0,0,0,0,0,0,0,0
132,AgentA wins,48.67,0,0,0,0,0,0,0,0,0,0
133,AgentA wins,18.33,0,0,0,0,0,0,0,0,0,0
134,AgentA wins,20.00,0,0,0,0,0,0,0,0,0,0
135,AgentA wins,17.00,0,0,0,0,0,0,0,0,0,0
136,AgentA wins,24.00,0,0,0,0,0,0,0,0,0,0
137,AgentA wins,46.00,0,0,0,0,0,0,0,0,0,0
138,timeout draw,60.00,0,0,0,0,0,0,0,0,0,0
139,AgentA wins,32.67,0,0,0,0,0,0,0,0,0,0
140,AgentB wins,38.33,0,0,0,0,0,0,0,0,0,0
141,AgentA wins,21.67,0,0,0,0,0,0,0,0,0,0
142,AgentA wins,17.33,0,0,0,0,0,0,0,0,0,0
143,AgentA wins,22.00,0,0,0,0,0,0,0,0,0,0
144,AgentB wins,56.00,0,0,0,0,0,0,0,0,0,0
145,AgentA wins,17.33,0,0,0,0,0,0,0,0,0,0
146,AgentA wins,29.33,0,0,0,0,0,0,0,0,0,0
147,AgentA wins,18.67,0,0,0,0,0,0,0,0,0,0
148,AgentA wins,36.67,0,0,0,0,0,0,0,0,0,0
149,AgentA wins,41.67,0,0,0,0,0,0,0,0,0,0
150,AgentA wins,18.00,0,0,0,0,0,0,0,0,0,0
131,AgentA wins,20.33,0,0,0,0,0,0,0,0,0,0
132,AgentA wins,33.67,0,0,0,0,0,0,0,0,0,0
133,AgentA wins,22.67,0,0,0,0,0,0,0,0,0,0
134,AgentA wins,30.67,0,0,0,0,0,0,0,0,0,0
135,AgentA wins,21.00,0,0,0,0,0,0,0,0,0,0
136,AgentA wins,30.00,0,0,0,0,0,0,0,0,0,0
137,AgentA wins,51.33,0,0,0,0,0,0,0,0,0,0
138,AgentA wins,18.67,0,0,0,0,0,0,0,0,0,0
139,AgentA wins,21.00,0,0,0,0,0,0,0,0,0,0
140,AgentA wins,38.00,0,0,0,0,0,0,0,0,0,0
191,AgentA wins,14.67,0,0,0,0,0,0,0,0,0,0
192,AgentA wins,19.00,0,0,0,0,0,0,0,0,0,0
193,AgentA wins,14.67,0,0,0,0,0,0,0,0,0,0
194,AgentA wins,13.00,0,0,0,0,0,0,0,0,0,0
195,AgentA wins,15.67,0,0,0,0,0,0,0,0,0,0
196,AgentA wins,14.00,0,0,0,0,0,0,0,0,0,0
197,AgentA wins,17.00,0,0,0,0,0,0,0,0,0,0
198,AgentA wins,17.67,0,0,0,0,0,0,0,0,0,0
199,AgentA wins,13.00,0,0,0,0,0,0,0,0,0,0
200,AgentA wins,14.00,0,0,0,0,0,0,0,0,0,0
211,AgentA wins,20.33,0,0,0,0,0,0,0,0,0,0
212,AgentA wins,13.00,0,0,0,0,0,0,0,0,0,0
213,AgentA wins,16.33,0,0,0,0,0,0,0,0,0,0
214,AgentA wins,14.67,0,0,0,0,0,0,0,0,0,0
215,AgentA wins,16.67,0,0,0,0,0,0,0,0,0,0
216,AgentA wins,17.67,0,0,0,0,0,0,0,0,0,0
217,AgentA wins,18.00,0,0,0,0,0,0,0,0,0,0
218,AgentA wins,17.33,0,0,0,0,0,0,0,0,0,0
219,AgentA wins,13.67,0,0,0,0,0,0,0,0,0,0
220,AgentA wins,13.00,0,0,0,0,0,0,0,0,0,0
141,AgentA wins,16.67,0,0,0,0,0,0,0,0,0,0
142,AgentA wins,18.33,0,0,0,0,0,0,0,0,0,0
143,AgentA wins,15.67,0,0,0,0,0,0,0,0,0,0
144,AgentA wins,14.00,0,0,0,0,0,0,0,0,0,0
145,AgentA wins,16.67,0,0,0,0,0,0,0,0,0,0
146,AgentA wins,17.33,0,0,0,0,0,0,0,0,0,0
147,AgentA wins,32.67,0,0,0,0,0,0,0,0,0,0
148,AgentA wins,47.33,0,0,0,0,0,0,0,0,0,0
149,AgentA wins,19.67,0,0,0,0,0,0,0,0,0,0
150,AgentA wins,13.00,0,0,0,0,0,0,0,0,0,0
131,AgentA wins,17.33,0,0,0,0,0,0,0,0,0,0
132,AgentA wins,13.00,0,0,0,0,0,0,0,0,0,0
133,AgentB wins,46.00,0,0,0,0,0,0,0,0,0,0
134,AgentA wins,25.00,0,0,0,0,0,0,0,0,0,0
135,timeout draw,60.00,0,0,0,0,0,0,0,0,0,0
136,AgentA wins,16.33,0,0,0,0,0,0,0,0,0,0
137,timeout draw,60.00,0,0,0,0,0,0,0,0,0,0
138,AgentA wins,28.00,0,0,0,0,0,0,0,0,0,0
139,AgentA wins,13.00,0,0,0,0,0,0,0,0,0,0
140,AgentA wins,19.33,0,0,0,0,0,0,0,0,0,0
211,AgentA wins,16.33,0,0,0,0,0,0,0,0,0,0
212,AgentA wins,19.67,0,0,0,0,0,0,0,0,0,0
213,AgentA wins,16.33,0,0,0,0,0,0,0,0,0,0
214,AgentA wins,18.33,0,0,0,0,0,0,0,0,0,0
215,AgentA wins,16.33,0,0,0,0,0,0,0,0,0,0
216,AgentA wins,17.00,0,0,0,0,0,0,0,0,0,0
217,AgentA wins,18.00,0,0,0,0,0,0,0,0,0,0
218,AgentA wins,16.00,0,0,0,0,0,0,0,0,0,0
219,AgentA wins,14.00,0,0,0,0,0,0,0,0,0,0
220,AgentA wins,19.67,0,0,0,0,0,0,0,0,0,0
141,AgentA wins,29.33,0,0,0,0,0,0,0,0,0,0
142,AgentA wins,16.33,0,0,0,0,0,0,0,0,0,0
143,timeout draw,60.00,0,0,0,0,0,0,0,0,0,0
144,AgentB wins,44.00,0,0,0,0,0,0,0,0,0,0
145,AgentA wins,25.67,0,0,0,0,0,0,0,0,0,0
146,AgentA wins,36.00,0,0,0,0,0,0,0,0,0,0
147,AgentA wins,13.00,0,0,0,0,0,0,0,0,0,0
148,AgentA wins,17.00,0,0,0,0,0,0,0,0,0,0
149,AgentA wins,21.00,0,0,0,0,0,0,0,0,0,0
150,AgentA wins,21.33,0,0,0,0,0,0,0,0,0,0
141,AgentA wins,19.67,0,0,0,0,0,0,0,0,0,0
142,AgentA wins,15.67,0,0,0,0,0,0,0,0,0,0
143,AgentA wins,13.00,0,0,0,0,0,0,0,0,0,0
144,AgentA wins,28.67,0,0,0,0,0,0,0,0,0,0
145,AgentA wins,21.00,0,0,0,0,0,0,0,0,0,0
146,AgentA wins,19.33,0,0,0,0,0,0,0,0,0,0
147,AgentA wins,16.67,0,0,0,0,0,0,0,0,0,0
148,AgentA wins,23.33,0,0,0,0,0,0,0,0,0,0
149,AgentA wins,22.67,0,0,0,0,0,0,0,0,0,0
150,AgentA wins,19.00,0,0,0,0,0,0,0,0,0,0
221,AgentA wins,17.33,0,0,0,0,0,0,0,0,0,0
222,AgentA wins,17.33,0,0,0,0,0,0,0,0,0,0
223,AgentA wins,13.67,0,0,0,0,0,0,0,0,0,0
224,AgentA wins,16.33,0,0,0,0,0,0,0,0,0,0
225,AgentA wins,17.67,0,0,0,0,0,0,0,0,0,0
226,AgentA wins,13.00,0,0,0,0,0,0,0,0,0,0
227,AgentA wins,14.67,0,0,0,0,0,0,0,0,0,0
228,AgentA wins,13.00,0,0,0,0,0,0,0,0,0,0
229,AgentA wins,16.00,0,0,0,0,0,0,0,0,0,0
230,AgentA wins,14.00,0,0,0,0,0,0,0,0,0,0
121,AgentA wins,25.33,0,0,0,0,0,0,0,0,0,0
122,AgentA wins,14.00,0,0,0,0,0,0,0,0,0,0
123,AgentA wins,17.33,0,0,0,0,0,0,0,0,0,0
124,AgentA wins,38.00,0,0,0,0,0,0,0,0,0,0
125,AgentA wins,40.00,0,0,0,0,0,0,0,0,0,0
126,AgentA wins,27.00,0,0,0,0,0,0,0,0,0,0
127,AgentA wins,25.00,0,0,0,0,0,0,0,0,0,0
128,AgentA wins,35.00,0,0,0,0,0,0,0,0,0,0
129,AgentA wins,18.33,0,0,0,0,0,0,0,0,0,0
130,AgentB wins,30.33,0,0,0,0,0,0,0,0,0,0
141,AgentA wins,20.00,283,116,49,130,0,190,0,38,34,48
142,AgentA wins,35.33,473,206,99,199,0,346,0,56,54,100
143,AgentA wins,48.33,660,274,124,264,0,445,0,80,68,144
144,AgentA wins,46.33,641,271,108,275,0,433,0,73,59,134
145,AgentA wins,24.67,342,134,62,149,0,240,0,45,29,60
146,AgentA wins,59.33,812,316,161,365,0,572,0,103,78,186
147,AgentA wins,13.33,179,94,27,88,0,140,0,16,22,47
148,AgentA wins,24.00,335,132,60,160,0,229,0,42,25,78
149,AgentB wins,52.33,722,286,128,326,0,508,0,102,85,139
150,AgentA wins,21.67,305,120,58,141,0,218,0,37,38,43
141,AgentA wins,52.00,0,0,0,0,0,0,0,0,0,0
142,timeout draw,60.00,0,0,0,0,0,0,0,0,0,0
143,AgentA wins,50.67,0,0,0,0,0,0,0,0,0,0
144,AgentB wins,45.00,0,0,0,0,0,0,0,0,0,0
145,AgentA wins,26.67,0,0,0,0,0,0,0,0,0,0
146,AgentA wins,30.33,0,0,0,0,0,0,0,0,0,0
147,AgentA wins,12.67,0,0,0,0,0,0,0,0,0,0
148,AgentA wins,16.00,0,0,0,0,0,0,0,0,0,0
149,AgentB wins,28.67,0,0,0,0,0,0,0,0,0,0
150,AgentA wins,29.00,0,0,0,0,0,0,0,0,0,0
141,AgentA wins,14.00,0,0,0,0,0,0,0,0,0,0
142,AgentA wins,14.00,0,0,0,0,0,0,0,0,0,0
143,AgentA wins,44.67,0,0,0,0,0,0,0,0,0,0
144,AgentA wins,26.33,0,0,0,0,0,0,0,0,0,0
145,AgentA wins,13.00,0,0,0,0,0,0,0,0,0,0
146,AgentA wins,31.67,0,0,0,0,0,0,0,0,0,0
147,AgentA wins,22.67,0,0,0,0,0,0,0,0,0,0
148,AgentA wins,23.33,0,0,0,0,0,0,0,0,0,0
149,AgentA wins,50.67,0,0,0,0,0,0,0,0,0,0
150,AgentA wins,22.67,0,0,0,0,0,0,0,0,0,0
141,AgentA wins,43.00,0,0,0,0,0,0,0,0,0,0
142,AgentA wins,24.00,0,0,0,0,0,0,0,0,0,0
143,AgentA wins,13.00,0,0,0,0,0,0,0,0,0,0
144,AgentA wins,17.33,0,0,0,0,0,0,0,0,0,0
145,AgentA wins,19.67,0,0,0,0,0,0,0,0,0,0
146,AgentA wins,33.00,0,0,0,0,0,0,0,0,0,0
147,AgentA wins,45.67,0,0,0,0,0,0,0,0,0,0
148,AgentB wins,46.33,0,0,0,0,0,0,0,0,0,0
149,AgentA wins,17.00,0,0,0,0,0,0,0,0,0,0
150,AgentA wins,14.00,0,0,0,0,0,0,0,0,0,0
141,AgentA wins,46.00,0,0,0,0,0,0,0,0,0,0
142,AgentA wins,47.67,0,0,0,0,0,0,0,0,0,0
143,timeout draw,60.00,0,0,0,0,0,0,0,0,0,0
144,AgentA wins,21.33,0,0,0,0,0,0,0,0,0,0
145,AgentA wins,39.00,0,0,0,0,0,0,0,0,0,0
146,AgentA wins,28.67,0,0,0,0,0,0,0,0,0,0
147,AgentA wins,38.00,0,0,0,0,0,0,0,0,0,0
148,AgentA wins,16.33,0,0,0,0,0,0,0,0,0,0
149,AgentA wins,30.00,0,0,0,0,0,0,0,0,0,0
150,AgentA wins,41.33,0,0,0,0,0,0,0,0,0,0
121,AgentA wins,28.67,0,0,0,0,0,0,0,0,0,0
122,timeout draw,60.00,0,0,0,0,0,0,0,0,0,0
123,AgentA wins,25.33,0,0,0,0,0,0,0,0,0,0
124,AgentA wins,23.33,0,0,0,0,0,0,0,0,0,0
125,AgentA wins,26.67,0,0,0,0,0,0,0,0,0,0
126,AgentA wins,47.00,0,0,0,0,0,0,0,0,0,0
127,AgentA wins,49.00,0,0,0,0,0,0,0,0,0,0
128,AgentA wins,18.00,0,0,0,0,0,0,0,0,0,0
129,AgentA wins,20.67,0,0,0,0,0,0,0,0,0,0
130,AgentB wins,55.67,0,0,0,0,0,0,0,0,0,0
141,AgentA wins,22.67,0,0,0,0,0,0,0,0,0,0
142,AgentA wins,28.33,0,0,0,0,0,0,0,0,0,0
143,AgentA wins,21.00,0,0,0,0,0,0,0,0,0,0
144,AgentA wins,21.67,0,0,0,0,0,0,0,0,0,0
145,AgentA wins,39.33,0,0,0,0,0,0,0,0,0,0
146,AgentA wins,41.00,0,0,0,0,0,0,0,0,0,0
147,AgentA wins,18.00,0,0,0,0,0,0,0,0,0,0
148,AgentA wins,16.00,0,0,0,0,0,0,0,0,0,0
149,AgentA wins,14.33,0,0,0,0,0,0,0,0,0,0
150,AgentA wins,19.67,0,0,0,0,0,0,0,0,0,0
141,AgentA wins,31.00,0,0,0,0,0,0,0,0,0,0
142,timeout draw,60.00,0,0,0,0,0,0,0,0,0,0
143,timeout draw,60.00,0,0,0,0,0,0,0,0,0,0
144,AgentA wins,38.00,0,0,0,0,0,0,0,0,0,0
145,timeout draw,60.00,0,0,0,0,0,0,0,0,0,0
146,AgentA wins,16.67,0,0,0,0,0,0,0,0,0,0
147,AgentA wins,20.00,0,0,0,0,0,0,0,0,0,0
148,AgentA wins,32.00,0,0,0,0,0,0,0,0,0,0
149,AgentA wins,37.33,0,0,0,0,0,0,0,0,0,0
150,AgentA wins,34.67,0,0,0,0,0,0,0,0,0,0
131,AgentA wins,24.33,0,0,0,0,0,0,0,0,0,0
132,AgentA wins,14.00,0,0,0,0,0,0,0,0,0,0
133,AgentA wins,25.00,0,0,0,0,0,0,0,0,0,0
134,AgentA wins,18.00,0,0,0,0,0,0,0,0,0,0
135,AgentA wins,25.67,0,0,0,0,0,0,0,0,0,0
136,AgentA wins,22.00,0,0,0,0,0,0,0,0,0,0
137,AgentA wins,28.00,0,0,0,0,0,0,0,0,0,0
138,AgentA wins,21.00,0,0,0,0,0,0,0,0,0,0
139,AgentA wins,26.00,0,0,0,0,0,0,0,0,0,0
140,AgentA wins,16.00,0,0,0,0,0,0,0,0,0,0
131,AgentA wins,27.67,0,0,0,0,0,0,0,0,0,0
132,AgentA wins,16.67,0,0,0,0,0,0,0,0,0,0
133,AgentA wins,13.00,0,0,0,0,0,0,0,0,0,0
134,AgentA wins,17.33,0,0,0,0,0,0,0,0,0,0
135,AgentA wins,13.00,0,0,0,0,0,0,0,0,0,0
136,AgentA wins,13.00,0,0,0,0,0,0,0,0,0,0
137,AgentA wins,17.00,0,0,0,0,0,0,0,0,0,0
138,AgentA wins,27.33,0,0,0,0,0,0,0,0,0,0
139,AgentA wins,14.67,0,0,0,0,0,0,0,0,0,0
140,AgentA wins,22.00,0,0,0,0,0,0,0,0,0,0
201,AgentA wins,16.33,0,0,0,0,0,0,0,0,0,0
202,AgentA wins,14.00,0,0,0,0,0,0,0,0,0,0
203,AgentA wins,17.67,0,0,0,0,0,0,0,0,0,0
204,AgentA wins,13.00,0,0,0,0,0,0,0,0,0,0
205,AgentA wins,22.00,0,0,0,0,0,0,0,0,0,0
206,AgentA wins,17.67,0,0,0,0,0,0,0,0,0,0
207,AgentA wins,18.00,0,0,0,0,0,0,0,0,0,0
208,AgentA wins,16.00,0,0,0,0,0,0,0,0,0,0
209,AgentA wins,16.33,0,0,0,0,0,0,0,0,0,0
210,AgentA wins,16.00,0,0,0,0,0,0,0,0,0,0
141,timeout draw,60.00,0,0,0,0,0,0,0,0,0,0
142,timeout draw,60.00,0,0,0,0,0,0,0,0,0,0
143,AgentA wins,13.00,0,0,0,0,0,0,0,0,0,0
144,timeout draw,60.00,0,0,0,0,0,0,0,0,0,0
145,AgentA wins,22.67,0,0,0,0,0,0,0,0,0,0
146,AgentA wins,39.33,0,0,0,0,0,0,0,0,0,0
147,timeout draw,60.00,0,0,0,0,0,0,0,0,0,0
148,timeout draw,60.00,0,0,0,0,0,0,0,0,0,0
149,AgentA wins,21.67,0,0,0,0,0,0,0,0,0,0
150,AgentA wins,14.67,0,0,0,0,0,0,0,0,0,0
151,AgentA wins,19.67,0,0,0,0,0,0,0,0,0,0
152,AgentA wins,30.67,0,0,0,0,0,0,0,0,0,0
153,AgentA wins,21.00,0,0,0,0,0,0,0,0,0,0
154,AgentA wins,16.00,0,0,0,0,0,0,0,0,0,0
155,AgentA wins,16.33,0,0,0,0,0,0,0,0,0,0
156,AgentA wins,17.67,0,0,0,0,0,0,0,0,0,0
157,timeout draw,60.00,0,0,0,0,0,0,0,0,0,0
158,AgentA wins,31.00,0,0,0,0,0,0,0,0,0,0
159,AgentA wins,16.00,0,0,0,0,0,0,0,0,0,0
160,AgentA wins,22.33,0,0,0,0,0,0,0,0,0,0
221,AgentA wins,17.00,0,0,0,0,0,0,0,0,0,0
222,AgentA wins,16.33,0,0,0,0,0,0,0,0,0,0
223,AgentA wins,22.33,0,0,0,0,0,0,0,0,0,0
224,AgentA wins,16.33,0,0,0,0,0,0,0,0,0,0
225,AgentA wins,15.67,0,0,0,0,0,0,0,0,0,0
226,AgentA wins,15.67,0,0,0,0,0,0,0,0,0,0
227,AgentA wins,13.00,0,0,0,0,0,0,0,0,0,0
228,AgentA wins,22.33,0,0,0,0,0,0,0,0,0,0
229,AgentA wins,17.00,0,0,0,0,0,0,0,0,0,0
230,AgentA wins,17.00,0,0,0,0,0,0,0,0,0,0
141,AgentA wins,13.00,0,0,0,0,0,0,0,0,0,0
142,AgentA wins,13.00,0,0,0,0,0,0,0,0,0,0
143,AgentA wins,32.67,0,0,0,0,0,0,0,0,0,0
144,AgentA wins,56.33,0,0,0,0,0,0,0,0,0,0
145,AgentA wins,28.67,0,0,0,0,0,0,0,0,0,0
146,AgentA wins,17.00,0,0,0,0,0,0,0,0,0,0
147,AgentA wins,14.00,0,0,0,0,0,0,0,0,0,0
148,AgentA wins,17.00,0,0,0,0,0,0,0,0,0,0
149,AgentA wins,40.33,0,0,0,0,0,0,0,0,0,0
150,AgentA wins,13.00,0,0,0,0,0,0,0,0,0,0
141,AgentB wins,14.33,0,0,0,0,0,0,0,0,0,0
142,AgentA wins,20.00,0,0,0,0,0,0,0,0,0,0
143,AgentA wins,28.67,0,0,0,0,0,0,0,0,0,0
144,AgentA wins,37.00,0,0,0,0,0,0,0,0,0,0
145,AgentA wins,26.00,0,0,0,0,0,0,0,0,0,0
146,AgentA wins,22.00,0,0,0,0,0,0,0,0,0,0
147,timeout draw,60.00,0,0,0,0,0,0,0,0,0,0
148,AgentA wins,33.33,0,0,0,0,0,0,0,0,0,0
149,AgentA wins,16.33,0,0,0,0,0,0,0,0,0,0
150,AgentA wins,16.67,0,0,0,0,0,0,0,0,0,0
221,AgentA wins,19.67,0,0,0,0,0,0,0,0,0,0
222,AgentA wins,22.00,0,0,0,0,0,0,0,0,0,0
223,AgentA wins,14.00,0,0,0,0,0,0,0,0,0,0
224,AgentA wins,15.67,0,0,0,0,0,0,0,0,0,0
225,AgentA wins,15.00,0,0,0,0,0,0,0,0,0,0
226,AgentA wins,22.00,0,0,0,0,0,0,0,0,0,0
227,AgentA wins,20.00,0,0,0,0,0,0,0,0,0,0
228,AgentA wins,17.00,0,0,0,0,0,0,0,0,0,0
229,AgentA wins,16.33,0,0,0,0,0,0,0,0,0,0
230,AgentA wins,17.67,0,0,0,0,0,0,0,0,0,0
141,AgentA wins,26.67,0,0,0,0,0,0,0,0,0,0
142,AgentA wins,32.67,0,0,0,0,0,0,0,0,0,0
143,AgentA wins,44.33,0,0,0,0,0,0,0,0,0,0
144,AgentA wins,25.33,0,0,0,0,0,0,0,0,0,0
145,AgentA wins,20.67,0,0,0,0,0,0,0,0,0,0
146,AgentA wins,29.33,0,0,0,0,0,0,0,0,0,0
147,AgentA wins,36.33,0,0,0,0,0,0,0,0,0,0
148,AgentA wins,18.33,0,0,0,0,0,0,0,0,0,0
149,AgentA wins,32.67,0,0,0,0,0,0,0,0,0,0
150,AgentB wins,56.00,0,0,0,0,0,0,0,0,0,0
141,AgentA wins,22.67,0,0,0,0,0,0,0,0,0,0
142,AgentA wins,55.33,0,0,0,0,0,0,0,0,0,0
143,AgentA wins,51.33,0,0,0,0,0,0,0,0,0,0
144,AgentA wins,15.00,0,0,0,0,0,0,0,0,0,0
145,AgentA wins,19.33,0,0,0,0,0,0,0,0,0,0
146,AgentA wins,17.00,0,0,0,0,0,0,0,0,0,0
147,AgentA wins,22.33,0,0,0,0,0,0,0,0,0,0
148,AgentA wins,24.67,0,0,0,0,0,0,0,0,0,0
149,AgentA wins,25.00,0,0,0,0,0,0,0,0,0,0
150,AgentA wins,34.00,0,0,0,0,0,0,0,0,0,0
231,AgentA wins,18.33,0,0,0,0,0,0,0,0,0,0
232,AgentA wins,13.67,0,0,0,0,0,0,0,0,0,0
233,AgentA wins,19.67,0,0,0,0,0,0,0,0,0,0
234,AgentA wins,13.00,0,0,0,0,0,0,0,0,0,0
235,AgentA wins,22.00,0,0,0,0,0,0,0,0,0,0
236,AgentA wins,18.33,0,0,0,0,0,0,0,0,0,0
237,AgentA wins,17.00,0,0,0,0,0,0,0,0,0,0
238,AgentA wins,22.00,0,0,0,0,0,0,0,0,0,0
239,AgentA wins,18.33,0,0,0,0,0,0,0,0,0,0
240,AgentA wins,16.67,0,0,0,0,0,0,0,0,0,0
151,AgentA wins,33.00,0,0,0,0,0,0,0,0,0,0
152,AgentA wins,22.00,0,0,0,0,0,0,0,0,0,0
153,AgentA wins,25.00,0,0,0,0,0,0,0,0,0,0
154,AgentA wins,27.33,0,0,0,0,0,0,0,0,0,0
155,AgentA wins,21.67,0,0,0,0,0,0,0,0,0,0
156,AgentA wins,22.33,0,0,0,0,0,0,0,0,0,0
157,AgentB wins,36.00,0,0,0,0,0,0,0,0,0,0
158,AgentA wins,16.67,0,0,0,0,0,0,0,0,0,0
159,AgentA wins,29.33,0,0,0,0,0,0,0,0,0,0
160,AgentA wins,18.00,0,0,0,0,0,0,0,0,0,0
141,AgentA wins,28.33,0,0,0,0,0,0,0,0,0,0
142,AgentA wins,40.67,0,0,0,0,0,0,0,0,0,0
143,AgentA wins,25.33,0,0,0,0,0,0,0,0,0,0
144,AgentA wins,19.33,0,0,0,0,0,0,0,0,0,0
145,AgentA wins,40.67,0,0,0,0,0,0,0,0,0,0
146,AgentB wins,52.67,0,0,0,0,0,0,0,0,0,0
147,AgentA wins,26.67,0,0,0,0,0,0,0,0,0,0
148,AgentA wins,39.67,0,0,0,0,0,0,0,0,0,0
149,AgentA wins,14.67,0,0,0,0,0,0,0,0,0,0
150,AgentA wins,49.67,0,0,0,0,0,0,0,0,0,0
151,AgentA wins,28.00,0,0,0,0,0,0,0,0,0,0
152,AgentA wins,48.67,0,0,0,0,0,0,0,0,0,0
153,AgentA wins,20.00,0,0,0,0,0,0,0,0,0,0
154,AgentA wins,16.67,0,0,0,0,0,0,0,0,0,0
155,AgentA wins,43.00,0,0,0,0,0,0,0,0,0,0
156,AgentA wins,24.67,0,0,0,0,0,0,0,0,0,0
157,AgentA wins,20.33,0,0,0,0,0,0,0,0,0,0
158,AgentA wins,16.00,0,0,0,0,0,0,0,0,0,0
159,AgentA wins,16.00,0,0,0,0,0,0,0,0,0,0
160,AgentA wins,16.67,0,0,0,0,0,0,0,0,0,0
141,AgentA wins,28.33,0,0,0,0,0,0,0,0,0,0
142,AgentA wins,16.33,0,0,0,0,0,0,0,0,0,0
143,AgentA wins,52.33,0,0,0,0,0,0,0,0,0,0
144,AgentA wins,32.00,0,0,0,0,0,0,0,0,0,0
145,AgentA wins,16.33,0,0,0,0,0,0,0,0,0,0
146,AgentA wins,16.00,0,0,0,0,0,0,0,0,0,0
147,AgentA wins,13.00,0,0,0,0,0,0,0,0,0,0
148,AgentA wins,21.67,0,0,0,0,0,0,0,0,0,0
149,AgentA wins,32.67,0,0,0,0,0,0,0,0,0,0
150,AgentA wins,54.33,0,0,0,0,0,0,0,0,0,0
141,AgentA wins,21.00,0,0,0,0,0,0,0,0,0,0
142,AgentA wins,17.00,0,0,0,0,0,0,0,0,0,0
143,AgentA wins,24.00,0,0,0,0,0,0,0,0,0,0
144,AgentA wins,20.67,0,0,0,0,0,0,0,0,0,0
145,AgentA wins,47.00,0,0,0,0,0,0,0,0,0,0
146,AgentB wins,48.00,0,0,0,0,0,0,0,0,0,0
147,AgentA wins,19.00,0,0,0,0,0,0,0,0,0,0
148,AgentA wins,23.33,0,0,0,0,0,0,0,0,0,0
149,AgentA wins,23.00,0,0,0,0,0,0,0,0,0,0
150,timeout draw,60.00,0,0,0,0,0,0,0,0,0,0
151,timeout draw,60.00,0,0,0,0,0,0,0,0,0,0
152,AgentA wins,30.67,0,0,0,0,0,0,0,0,0,0
153,AgentA wins,17.00,0,0,0,0,0,0,0,0,0,0
154,AgentB wins,31.33,0,0,0,0,0,0,0,0,0,0
155,AgentA wins,16.00,0,0,0,0,0,0,0,0,0,0
156,AgentA wins,42.67,0,0,0,0,0,0,0,0,0,0
157,AgentA wins,19.00,0,0,0,0,0,0,0,0,0,0
158,AgentA wins,24.33,0,0,0,0,0,0,0,0,0,0
159,AgentA wins,20.67,0,0,0,0,0,0,0,0,0,0
160,AgentA wins,22.00,0,0,0,0,0,0,0,0,0,0
141,AgentA wins,16.33,0,0,0,0,0,0,0,0,0,0
142,AgentA wins,14.33,0,0,0,0,0,0,0,0,0,0
143,AgentA wins,31.33,0,0,0,0,0,0,0,0,0,0
144,AgentA wins,39.67,0,0,0,0,0,0,0,0,0,0
145,AgentA wins,46.67,0,0,0,0,0,0,0,0,0,0
146,AgentA wins,34.67,0,0,0,0,0,0,0,0,0,0
147,AgentA wins,53.00,0,0,0,0,0,0,0,0,0,0
148,AgentA wins,17.33,0,0,0,0,0,0,0,0,0,0
149,AgentA wins,18.67,0,0,0,0,0,0,0,0,0,0
150,AgentA wins,17.00,0,0,0,0,0,0,0,0,0,0
151,AgentA wins,16.33,0,0,0,0,0,0,0,0,0,0
152,AgentB wins,31.00,0,0,0,0,0,0,0,0,0,0
153,timeout draw,60.00,0,0,0,0,0,0,0,0,0,0
154,AgentA wins,14.33,0,0,0,0,0,0,0,0,0,0
155,AgentA wins,32.33,0,0,0,0,0,0,0,0,0,0
156,AgentA wins,44.67,0,0,0,0,0,0,0,0,0,0
157,timeout draw,60.00,0,0,0,0,0,0,0,0,0,0
158,AgentA wins,52.67,0,0,0,0,0,0,0,0,0,0
159,AgentA wins,16.67,0,0,0,0,0,0,0,0,0,0
160,AgentA wins,30.00,0,0,0,0,0,0,0,0,0,0
131,AgentA wins,46.67,0,0,0,0,0,0,0,0,0,0
132,AgentA wins,35.33,0,0,0,0,0,0,0,0,0,0
133,AgentA wins,29.00,0,0,0,0,0,0,0,0,0,0
134,AgentA wins,30.33,0,0,0,0,0,0,0,0,0,0
135,AgentA wins,13.00,0,0,0,0,0,0,0,0,0,0
136,AgentB wins,38.00,0,0,0,0,0,0,0,0,0,0
137,AgentA wins,16.33,0,0,0,0,0,0,0,0,0,0
138,AgentA wins,21.33,0,0,0,0,0,0,0,0,0,0
139,AgentA wins,13.00,0,0,0,0,0,0,0,0,0,0
140,AgentA wins,16.00,0,0,0,0,0,0,0,0,0,0
151,AgentA wins,21.33,0,0,0,0,0,0,0,0,0,0
152,AgentB wins,30.33,0,0,0,0,0,0,0,0,0,0
153,AgentA wins,17.67,0,0,0,0,0,0,0,0,0,0
154,AgentB wins,43.67,0,0,0,0,0,0,0,0,0,0
155,AgentA wins,32.00,0,0,0,0,0,0,0,0,0,0
156,AgentA wins,17.33,0,0,0,0,0,0,0,0,0,0
157,AgentB wins,41.33,0,0,0,0,0,0,0,0,0,0
158,timeout draw,60.00,0,0,0,0,0,0,0,0,0,0
159,AgentA wins,13.67,0,0,0,0,0,0,0,0,0,0
160,AgentA wins,54.00,0,0,0,0,0,0,0,0,0,0
141,AgentA wins,39.33,0,0,0,0,0,0,0,0,0,0
142,AgentA wins,43.67,0,0,0,0,0,0,0,0,0,0
143,AgentA wins,28.67,0,0,0,0,0,0,0,0,0,0
144,AgentA wins,14.33,0,0,0,0,0,0,0,0,0,0
145,AgentB wins,36.67,0,0,0,0,0,0,0,0,0,0
146,AgentA wins,28.67,0,0,0,0,0,0,0,0,0,0
147,AgentA wins,32.67,0,0,0,0,0,0,0,0,0,0
148,AgentA wins,37.00,0,0,0,0,0,0,0,0,0,0
149,AgentA wins,55.00,0,0,0,0,0,0,0,0,0,0
150,AgentA wins,37.00,0,0,0,0,0,0,0,0,0,0
141,AgentA wins,18.00,0,0,0,0,0,0,0,0,0,0
142,AgentA wins,38.00,0,0,0,0,0,0,0,0,0,0
143,AgentA wins,46.33,0,0,0,0,0,0,0,0,0,0
144,AgentA wins,27.00,0,0,0,0,0,0,0,0,0,0
145,AgentA wins,27.67,0,0,0,0,0,0,0,0,0,0
146,timeout draw,60.00,0,0,0,0,0,0,0,0,0,0
147,AgentA wins,42.67,0,0,0,0,0,0,0,0,0,0
148,AgentA wins,17.00,0,0,0,0,0,0,0,0,0,0
149,AgentA wins,14.00,0,0,0,0,0,0,0,0,0,0
150,AgentA wins,20.00,0,0,0,0,0,0,0,0,0,0
151,AgentA wins,38.00,0,0,0,0,0,0,0,0,0,0
152,AgentA wins,30.00,0,0,0,0,0,0,0,0,0,0
153,AgentA wins,42.00,0,0,0,0,0,0,0,0,0,0
154,AgentB wins,37.33,0,0,0,0,0,0,0,0,0,0
155,AgentA wins,28.00,0,0,0,0,0,0,0,0,0,0
156,AgentA wins,19.67,0,0,0,0,0,0,0,0,0,0
157,AgentA wins,33.33,0,0,0,0,0,0,0,0,0,0
158,AgentA wins,32.00,0,0,0,0,0,0,0,0,0,0
159,AgentA wins,25.67,0,0,0,0,0,0,0,0,0,0
160,AgentA wins,17.00,0,0,0,0,0,0,0,0,0,0
141,timeout draw,60.00,0,0,0,0,0,0,0,0,0,0
142,AgentA wins,20.00,0,0,0,0,0,0,0,0,0,0
143,AgentA wins,28.67,0,0,0,0,0,0,0,0,0,0
144,AgentB wins,37.00,0,0,0,0,0,0,0,0,0,0
145,AgentA wins,13.00,0,0,0,0,0,0,0,0,0,0
146,AgentB wins,41.33,0,0,0,0,0,0,0,0,0,0
147,AgentA wins,34.67,0,0,0,0,0,0,0,0,0,0
148,AgentA wins,37.00,0,0,0,0,0,0,0,0,0,0
149,AgentA wins,30.67,0,0,0,0,0,0,0,0,0,0
150,AgentA wins,57.67,0,0,0,0,0,0,0,0,0,0
231,AgentA wins,16.00,0,0,0,0,0,0,0,0,0,0
232,AgentA wins,19.00,0,0,0,0,0,0,0,0,0,0
233,AgentA wins,14.67,0,0,0,0,0,0,0,0,0,0
234,AgentA wins,14.00,0,0,0,0,0,0,0,0,0,0
235,AgentA wins,18.00,0,0,0,0,0,0,0,0,0,0
236,AgentA wins,16.00,0,0,0,0,0,0,0,0,0,0
237,AgentA wins,20.00,0,0,0,0,0,0,0,0,0,0
238,AgentA wins,18.33,0,0,0,0,0,0,0,0,0,0
239,AgentA wins,16.00,0,0,0,0,0,0,0,0,0,0
240,AgentA wins,17.00,0,0,0,0,0,0,0,0,0,0
151,AgentA wins,19.67,0,0,0,0,0,0,0,0,0,0
152,AgentA wins,33.33,0,0,0,0,0,0,0,0,0,0
153,timeout draw,60.00,0,0,0,0,0,0,0,0,0,0
154,AgentB wins,54.33,0,0,0,0,0,0,0,0,0,0
155,AgentA wins,25.33,0,0,0,0,0,0,0,0,0,0
156,AgentA wins,16.33,0,0,0,0,0,0,0,0,0,0
157,AgentA wins,19.00,0,0,0,0,0,0,0,0,0,0
158,timeout draw,60.00,0,0,0,0,0,0,0,0,0,0
159,AgentA wins,44.67,0,0,0,0,0,0,0,0,0,0
160,AgentB wins,31.00,0,0,0,0,0,0,0,0,0,0
151,AgentA wins,24.33,0,0,0,0,0,0,0,0,0,0
152,AgentA wins,20.67,0,0,0,0,0,0,0,0,0,0
153,timeout draw,60.00,0,0,0,0,0,0,0,0,0,0
154,AgentA wins,26.67,0,0,0,0,0,0,0,0,0,0
155,AgentB wins,51.00,0,0,0,0,0,0,0,0,0,0
156,AgentB wins,48.00,0,0,0,0,0,0,0,0,0,0
157,AgentA wins,25.33,0,0,0,0,0,0,0,0,0,0
158,AgentA wins,36.67,0,0,0,0,0,0,0,0,0,0
159,AgentA wins,43.00,0,0,0,0,0,0,0,0,0,0
160,AgentB wins,27.33,0,0,0,0,0,0,0,0,0,0
231,AgentA wins,14.00,0,0,0,0,0,0,0,0,0,0
232,AgentA wins,22.00,0,0,0,0,0,0,0,0,0,0
233,AgentA wins,17.00,0,0,0,0,0,0,0,0,0,0
234,AgentA wins,13.00,0,0,0,0,0,0,0,0,0,0
235,AgentA wins,14.00,0,0,0,0,0,0,0,0,0,0
236,AgentA wins,16.33,0,0,0,0,0,0,0,0,0,0
237,AgentA wins,22.00,0,0,0,0,0,0,0,0,0,0
238,AgentA wins,16.00,0,0,0,0,0,0,0,0,0,0
239,AgentA wins,22.00,0,0,0,0,0,0,0,0,0,0
240,AgentA wins,19.67,0,0,0,0,0,0,0,0,0,0
151,AgentB wins,27.33,0,0,0,0,0,0,0,0,0,0
152,AgentA wins,30.00,0,0,0,0,0,0,0,0,0,0
153,AgentA wins,24.67,0,0,0,0,0,0,0,0,0,0
154,AgentA wins,31.33,0,0,0,0,0,0,0,0,0,0
155,AgentA wins,15.00,0,0,0,0,0,0,0,0,0,0
156,AgentA wins,39.67,0,0,0,0,0,0,0,0,0,0
157,AgentA wins,31.33,0,0,0,0,0,0,0,0,0,0
158,AgentB wins,31.67,0,0,0,0,0,0,0,0,0,0
159,AgentA wins,14.33,0,0,0,0,0,0,0,0,0,0
160,AgentA wins,17.00,0,0,0,0,0,0,0,0,0,0
241,AgentA wins,13.67,0,0,0,0,0,0,0,0,0,0
242,AgentA wins,17.00,0,0,0,0,0,0,0,0,0,0
243,AgentA wins,15.33,0,0,0,0,0,0,0,0,0,0
244,AgentA wins,16.00,0,0,0,0,0,0,0,0,0,0
245,AgentA wins,16.33,0,0,0,0,0,0,0,0,0,0
246,AgentA wins,16.00,0,0,0,0,0,0,0,0,0,0
247,AgentA wins,22.33,0,0,0,0,0,0,0,0,0,0
248,AgentA wins,14.00,0,0,0,0,0,0,0,0,0,0
249,AgentA wins,19.00,0,0,0,0,0,0,0,0,0,0
250,AgentA wins,19.00,0,0,0,0,0,0,0,0,0,0
151,AgentA wins,54.00,0,0,0,0,0,0,0,0,0,0
152,AgentA wins,19.67,0,0,0,0,0,0,0,0,0,0
153,AgentA wins,19.00,0,0,0,0,0,0,0,0,0,0
154,AgentA wins,26.00,0,0,0,0,0,0,0,0,0,0
155,AgentA wins,32.00,0,0,0,0,0,0,0,0,0,0
156,AgentA wins,19.33,0,0,0,0,0,0,0,0,0,0
157,AgentA wins,38.00,0,0,0,0,0,0,0,0,0,0
158,AgentA wins,42.00,0,0,0,0,0,0,0,0,0,0
159,AgentA wins,21.33,0,0,0,0,0,0,0,0,0,0
160,AgentA wins,24.67,0,0,0,0,0,0,0,0,0,0
151,timeout draw,60.00,817,323,166,328,0,562,0,86,115,152
152,AgentA wins,22.00,294,143,44,128,0,233,0,36,43,79
153,AgentA wins,42.00,580,242,103,246,0,405,0,63,82,112
154,AgentA wins,25.00,332,149,61,138,0,240,0,41,39,83
155,AgentA wins,17.00,234,86,33,108,0,164,0,38,27,43
156,AgentA wins,53.33,730,285,127,305,0,518,0,101,91,145
157,AgentA wins,36.00,494,205,72,202,0,353,0,61,55,118
158,timeout draw,60.00,823,378,116,337,0,584,0,86,126,182
159,AgentA wins,20.67,279,122,33,116,0,196,0,31,24,75
160,AgentA wins,17.67,243,98,33,113,0,162,0,27,16,64
151,AgentA wins,24.67,0,0,0,0,0,0,0,0,0,0
152,AgentA wins,54.00,0,0,0,0,0,0,0,0,0,0
153,AgentA wins,20.33,0,0,0,0,0,0,0,0,0,0
154,AgentB wins,24.00,0,0,0,0,0,0,0,0,0,0
155,AgentA wins,13.67,0,0,0,0,0,0,0,0,0,0
156,AgentB wins,36.33,0,0,0,0,0,0,0,0,0,0
157,AgentA wins,28.00,0,0,0,0,0,0,0,0,0,0
158,timeout draw,60.00,0,0,0,0,0,0,0,0,0,0
159,AgentA wins,21.67,0,0,0,0,0,0,0,0,0,0
160,AgentA wins,13.00,0,0,0,0,0,0,0,0,0,0
151,AgentA wins,15.67,0,0,0,0,0,0,0,0,0,0
152,AgentA wins,22.67,0,0,0,0,0,0,0,0,0,0
153,AgentA wins,33.00,0,0,0,0,0,0,0,0,0,0
154,AgentA wins,16.67,0,0,0,0,0,0,0,0,0,0
155,AgentA wins,46.67,0,0,0,0,0,0,0,0,0,0
156,AgentA wins,27.00,0,0,0,0,0,0,0,0,0,0
157,AgentA wins,16.00,0,0,0,0,0,0,0,0,0,0
158,AgentA wins,14.00,0,0,0,0,0,0,0,0,0,0
159,AgentA wins,28.33,0,0,0,0,0,0,0,0,0,0
160,AgentA wins,19.00,0,0,0,0,0,0,0,0,0,0
151,AgentB wins,35.33,0,0,0,0,0,0,0,0,0,0
152,AgentA wins,17.00,0,0,0,0,0,0,0,0,0,0
153,AgentA wins,35.67,0,0,0,0,0,0,0,0,0,0
154,AgentA wins,30.33,0,0,0,0,0,0,0,0,0,0
155,AgentA wins,16.33,0,0,0,0,0,0,0,0,0,0
156,AgentA wins,30.00,0,0,0,0,0,0,0,0,0,0
157,AgentA wins,20.67,0,0,0,0,0,0,0,0,0,0
158,AgentA wins,17.67,0,0,0,0,0,0,0,0,0,0
159,AgentA wins,29.67,0,0,0,0,0,0,0,0,0,0
160,AgentA wins,29.67,0,0,0,0,0,0,0,0,0,0
151,AgentA wins,21.67,0,0,0,0,0,0,0,0,0,0
152,AgentA wins,25.67,0,0,0,0,0,0,0,0,0,0
153,AgentA wins,32.00,0,0,0,0,0,0,0,0,0,0
154,AgentA wins,22.67,0,0,0,0,0,0,0,0,0,0
155,AgentA wins,16.00,0,0,0,0,0,0,0,0,0,0
156,AgentA wins,16.67,0,0,0,0,0,0,0,0,0,0
157,AgentA wins,36.67,0,0,0,0,0,0,0,0,0,0
158,AgentB wins,34.00,0,0,0,0,0,0,0,0,0,0
159,AgentA wins,24.00,0,0,0,0,0,0,0,0,0,0
160,AgentB wins,17.33,0,0,0,0,0,0,0,0,0,0
151,AgentB wins,47.67,0,0,0,0,0,0,0,0,0,0
152,AgentA wins,20.33,0,0,0,0,0,0,0,0,0,0
153,AgentA wins,35.67,0,0,0,0,0,0,0,0,0,0
154,AgentA wins,18.33,0,0,0,0,0,0,0,0,0,0
155,AgentA wins,24.00,0,0,0,0,0,0,0,0,0,0
156,AgentA wins,38.67,0,0,0,0,0,0,0,0,0,0
157,AgentA wins,39.67,0,0,0,0,0,0,0,0,0,0
158,AgentA wins,18.67,0,0,0,0,0,0,0,0,0,0
159,AgentA wins,52.00,0,0,0,0,0,0,0,0,0,0
160,AgentA wins,39.67,0,0,0,0,0,0,0,0,0,0
141,AgentA wins,44.67,0,0,0,0,0,0,0,0,0,0
142,AgentA wins,40.00,0,0,0,0,0,0,0,0,0,0
143,AgentA wins,18.00,0,0,0,0,0,0,0,0,0,0
144,AgentA wins,23.00,0,0,0,0,0,0,0,0,0,0
145,AgentA wins,25.00,0,0,0,0,0,0,0,0,0,0
146,AgentA wins,22.67,0,0,0,0,0,0,0,0,0,0
147,AgentA wins,46.33,0,0,0,0,0,0,0,0,0,0
148,AgentA wins,21.33,0,0,0,0,0,0,0,0,0,0
149,AgentA wins,39.00,0,0,0,0,0,0,0,0,0,0
150,AgentB wins,25.33,0,0,0,0,0,0,0,0,0,0
151,AgentA wins,16.67,0,0,0,0,0,0,0,0,0,0
152,AgentB wins,29.00,0,0,0,0,0,0,0,0,0,0
153,AgentA wins,25.33,0,0,0,0,0,0,0,0,0,0
154,AgentA wins,24.00,0,0,0,0,0,0,0,0,0,0
155,AgentA wins,18.67,0,0,0,0,0,0,0,0,0,0
156,AgentA wins,16.67,0,0,0,0,0,0,0,0,0,0
157,AgentA wins,24.67,0,0,0,0,0,0,0,0,0,0
158,AgentA wins,24.67,0,0,0,0,0,0,0,0,0,0
159,AgentA wins,26.00,0,0,0,0,0,0,0,0,0,0
160,AgentB wins,32.67,0,0,0,0,0,0,0,0,0,0
211,AgentA wins,26.33,0,0,0,0,0,0,0,0,0,0
212,AgentA wins,28.33,0,0,0,0,0,0,0,0,0,0
213,AgentA wins,36.33,0,0,0,0,0,0,0,0,0,0
214,AgentA wins,17.00,0,0,0,0,0,0,0,0,0,0
215,AgentA wins,16.00,0,0,0,0,0,0,0,0,0,0
216,AgentA wins,31.33,0,0,0,0,0,0,0,0,0,0
217,AgentA wins,28.67,0,0,0,0,0,0,0,0,0,0
218,AgentA wins,21.00,0,0,0,0,0,0,0,0,0,0
219,AgentA wins,31.33,0,0,0,0,0,0,0,0,0,0
220,AgentA wins,47.33,0,0,0,0,0,0,0,0,0,0
141,AgentA wins,16.33,0,0,0,0,0,0,0,0,0,0
142,AgentA wins,14.00,0,0,0,0,0,0,0,0,0,0
143,AgentA wins,50.67,0,0,0,0,0,0,0,0,0,0
144,AgentA wins,28.67,0,0,0,0,0,0,0,0,0,0
145,AgentA wins,34.67,0,0,0,0,0,0,0,0,0,0
146,AgentA wins,26.67,0,0,0,0,0,0,0,0,0,0
147,AgentA wins,40.67,0,0,0,0,0,0,0,0,0,0
148,AgentA wins,20.67,0,0,0,0,0,0,0,0,0,0
149,AgentA wins,25.00,0,0,0,0,0,0,0,0,0,0
150,AgentA wins,39.00,0,0,0,0,0,0,0,0,0,0
161,AgentA wins,42.33,0,0,0,0,0,0,0,0,0,0
162,AgentA wins,33.00,0,0,0,0,0,0,0,0,0,0
163,AgentA wins,21.67,0,0,0,0,0,0,0,0,0,0
164,AgentA wins,22.00,0,0,0,0,0,0,0,0,0,0
165,AgentA wins,17.00,0,0,0,0,0,0,0,0,0,0
166,AgentA wins,14.00,0,0,0,0,0,0,0,0,0,0
167,AgentA wins,16.00,0,0,0,0,0,0,0,0,0,0
168,AgentA wins,16.00,0,0,0,0,0,0,0,0,0,0
169,AgentA wins,16.00,0,0,0,0,0,0,0,0,0,0
170,AgentA wins,33.00,0,0,0,0,0,0,0,0,0,0
161,AgentB wins,49.00,0,0,0,0,0,0,0,0,0,0
162,AgentA wins,28.67,0,0,0,0,0,0,0,0,0,0
163,timeout draw,60.00,0,0,0,0,0,0,0,0,0,0
164,AgentA wins,24.33,0,0,0,0,0,0,0,0,0,0
165,AgentA wins,23.00,0,0,0,0,0,0,0,0,0,0
166,AgentA wins,25.33,0,0,0,0,0,0,0,0,0,0
167,AgentA wins,14.67,0,0,0,0,0,0,0,0,0,0
168,AgentA wins,22.33,0,0,0,0,0,0,0,0,0,0
169,AgentA wins,29.67,0,0,0,0,0,0,0,0,0,0
170,AgentA wins,18.33,0,0,0,0,0,0,0,0,0,0
151,AgentA wins,18.33,0,0,0,0,0,0,0,0,0,0
152,AgentA wins,36.33,0,0,0,0,0,0,0,0,0,0
153,AgentA wins,34.00,0,0,0,0,0,0,0,0,0,0
154,AgentA wins,39.67,0,0,0,0,0,0,0,0,0,0
155,AgentB wins,44.00,0,0,0,0,0,0,0,0,0,0
156,AgentA wins,21.67,0,0,0,0,0,0,0,0,0,0
157,timeout draw,60.00,0,0,0,0,0,0,0,0,0,0
158,AgentA wins,34.67,0,0,0,0,0,0,0,0,0,0
159,AgentB wins,41.33,0,0,0,0,0,0,0,0,0,0
160,AgentA wins,37.33,0,0,0,0,0,0,0,0,0,0
151,timeout draw,60.00,0,0,0,0,0,0,0,0,0,0
152,AgentA wins,41.67,0,0,0,0,0,0,0,0,0,0
153,AgentA wins,53.00,0,0,0,0,0,0,0,0,0,0
154,AgentA wins,30.33,0,0,0,0,0,0,0,0,0,0
155,AgentB wins,40.67,0,0,0,0,0,0,0,0,0,0
156,AgentA wins,30.33,0,0,0,0,0,0,0,0,0,0
157,AgentA wins,26.67,0,0,0,0,0,0,0,0,0,0
158,AgentA wins,28.00,0,0,0,0,0,0,0,0,0,0
159,AgentA wins,17.00,0,0,0,0,0,0,0,0,0,0
160,AgentA wins,34.67,0,0,0,0,0,0,0,0,0,0
161,AgentA wins,21.33,0,0,0,0,0,0,0,0,0,0
162,AgentA wins,18.67,0,0,0,0,0,0,0,0,0,0
163,AgentA wins,28.00,0,0,0,0,0,0,0,0,0,0
164,AgentA wins,16.33,0,0,0,0,0,0,0,0,0,0
165,AgentA wins,42.67,0,0,0,0,0,0,0,0,0,0
166,AgentA wins,18.33,0,0,0,0,0,0,0,0,0,0
167,AgentA wins,46.33,0,0,0,0,0,0,0,0,0,0
168,AgentA wins,21.33,0,0,0,0,0,0,0,0,0,0
169,AgentA wins,16.00,0,0,0,0,0,0,0,0,0,0
170,AgentA wins,25.33,0,0,0,0,0,0,0,0,0,0
131,AgentA wins,19.33,0,0,0,0,0,0,0,0,0,0
132,AgentB wins,40.33,0,0,0,0,0,0,0,0,0,0
133,timeout draw,60.00,0,0,0,0,0,0,0,0,0,0
134,AgentB wins,21.00,0,0,0,0,0,0,0,0,0,0
135,AgentA wins,33.67,0,0,0,0,0,0,0,0,0,0
136,AgentA wins,42.67,0,0,0,0,0,0,0,0,0,0
137,timeout draw,60.00,0,0,0,0,0,0,0,0,0,0
138,AgentA wins,29.33,0,0,0,0,0,0,0,0,0,0
139,AgentA wins,24.67,0,0,0,0,0,0,0,0,0,0
140,AgentA wins,33.67,0,0,0,0,0,0,0,0,0,0
151,AgentA wins,15.00,0,0,0,0,0,0,0,0,0,0
152,AgentA wins,53.00,0,0,0,0,0,0,0,0,0,0
153,timeout draw,60.00,0,0,0,0,0,0,0,0,0,0
154,AgentA wins,14.00,0,0,0,0,0,0,0,0,0,0
155,AgentA wins,14.67,0,0,0,0,0,0,0,0,0,0
156,AgentB wins,46.00,0,0,0,0,0,0,0,0,0,0
157,AgentA wins,26.33,0,0,0,0,0,0,0,0,0,0
158,AgentA wins,29.67,0,0,0,0,0,0,0,0,0,0
159,AgentA wins,24.67,0,0,0,0,0,0,0,0,0,0
160,AgentA wins,16.33,0,0,0,0,0,0,0,0,0,0
141,AgentA wins,24.33,0,0,0,0,0,0,0,0,0,0
142,AgentA wins,16.00,0,0,0,0,0,0,0,0,0,0
143,AgentA wins,16.00,0,0,0,0,0,0,0,0,0,0
144,AgentA wins,22.00,0,0,0,0,0,0,0,0,0,0
145,AgentA wins,14.33,0,0,0,0,0,0,0,0,0,0
146,AgentA wins,17.00,0,0,0,0,0,0,0,0,0,0
147,AgentA wins,16.00,0,0,0,0,0,0,0,0,0,0
148,AgentA wins,17.00,0,0,0,0,0,0,0,0,0,0
149,AgentA wins,16.33,0,0,0,0,0,0,0,0,0,0
150,timeout draw,60.00,0,0,0,0,0,0,0,0,0,0
241,AgentA wins,17.33,0,0,0,0,0,0,0,0,0,0
242,AgentA wins,17.33,0,0,0,0,0,0,0,0,0,0
243,AgentA wins,16.67,0,0,0,0,0,0,0,0,0,0
244,AgentA wins,13.67,0,0,0,0,0,0,0,0,0,0
245,AgentA wins,14.00,0,0,0,0,0,0,0,0,0,0
246,AgentA wins,13.00,0,0,0,0,0,0,0,0,0,0
247,AgentA wins,21.33,0,0,0,0,0,0,0,0,0,0
248,AgentA wins,16.33,0,0,0,0,0,0,0,0,0,0
249,AgentA wins,16.00,0,0,0,0,0,0,0,0,0,0
250,AgentA wins,16.33,0,0,0,0,0,0,0,0,0,0
161,AgentA wins,34.00,0,0,0,0,0,0,0,0,0,0
162,AgentB wins,28.67,0,0,0,0,0,0,0,0,0,0
163,AgentA wins,15.00,0,0,0,0,0,0,0,0,0,0
164,AgentA wins,15.00,0,0,0,0,0,0,0,0,0,0
165,AgentA wins,37.33,0,0,0,0,0,0,0,0,0,0
166,AgentA wins,18.33,0,0,0,0,0,0,0,0,0,0
167,AgentA wins,16.00,0,0,0,0,0,0,0,0,0,0
168,AgentA wins,29.33,0,0,0,0,0,0,0,0,0,0
169,AgentA wins,25.33,0,0,0,0,0,0,0,0,0,0
170,AgentB wins,32.67,0,0,0,0,0,0,0,0,0,0
161,AgentA wins,17.00,0,0,0,0,0,0,0,0,0,0
162,AgentA wins,20.00,0,0,0,0,0,0,0,0,0,0
163,AgentA wins,38.00,0,0,0,0,0,0,0,0,0,0
164,AgentA wins,20.33,0,0,0,0,0,0,0,0,0,0
165,AgentB wins,36.33,0,0,0,0,0,0,0,0,0,0
166,AgentA wins,17.67,0,0,0,0,0,0,0,0,0,0
167,AgentA wins,22.33,0,0,0,0,0,0,0,0,0,0
168,AgentA wins,49.67,0,0,0,0,0,0,0,0,0,0
169,AgentB wins,35.33,0,0,0,0,0,0,0,0,0,0
170,AgentA wins,47.33,0,0,0,0,0,0,0,0,0,0
241,AgentA wins,15.67,0,0,0,0,0,0,0,0,0,0
242,AgentA wins,16.00,0,0,0,0,0,0,0,0,0,0
243,AgentA wins,16.00,0,0,0,0,0,0,0,0,0,0
244,AgentA wins,16.00,0,0,0,0,0,0,0,0,0,0
245,AgentA wins,16.00,0,0,0,0,0,0,0,0,0,0
246,AgentA wins,16.00,0,0,0,0,0,0,0,0,0,0
247,AgentA wins,16.00,0,0,0,0,0,0,0,0,0,0
248,AgentA wins,16.67,0,0,0,0,0,0,0,0,0,0
249,AgentA wins,22.00,0,0,0,0,0,0,0,0,0,0
250,AgentA wins,16.00,0,0,0,0,0,0,0,0,0,0
171,AgentB wins,60.00,0,0,0,0,0,0,0,0,0,0
151,AgentB wins,47.67,0,0,0,0,0,0,0,0,0,0
152,AgentA wins,38.67,0,0,0,0,0,0,0,0,0,0
153,AgentA wins,24.33,0,0,0,0,0,0,0,0,0,0
154,AgentB wins,41.33,0,0,0,0,0,0,0,0,0,0
155,AgentA wins,16.67,0,0,0,0,0,0,0,0,0,0
156,AgentA wins,16.00,0,0,0,0,0,0,0,0,0,0
157,AgentA wins,22.00,0,0,0,0,0,0,0,0,0,0
158,AgentA wins,16.33,0,0,0,0,0,0,0,0,0,0
161,AgentA wins,25.00,0,0,0,0,0,0,0,0,0,0
162,AgentA wins,42.33,0,0,0,0,0,0,0,0,0,0
163,AgentA wins,39.00,0,0,0,0,0,0,0,0,0,0
164,AgentA wins,22.00,0,0,0,0,0,0,0,0,0,0
161,AgentA wins,38.67,0,0,0,0,0,0,0,0,0,0
162,AgentA wins,15.67,0,0,0,0,0,0,0,0,0,0
163,AgentA wins,16.67,0,0,0,0,0,0,0,0,0,0
161,AgentA wins,15.33,0,0,0,0,0,0,0,0,0,0
162,AgentA wins,16.00,0,0,0,0,0,0,0,0,0,0
163,AgentA wins,19.00,0,0,0,0,0,0,0,0,0,0
164,AgentA wins,20.00,0,0,0,0,0,0,0,0,0,0
165,AgentA wins,17.00,0,0,0,0,0,0,0,0,0,0
166,AgentA wins,33.67,0,0,0,0,0,0,0,0,0,0
161,AgentA wins,32.67,0,0,0,0,0,0,0,0,0,0
162,AgentA wins,25.00,0,0,0,0,0,0,0,0,0,0
163,AgentB wins,26.67,0,0,0,0,0,0,0,0,0,0
164,AgentA wins,34.00,0,0,0,0,0,0,0,0,0,0
161,AgentA wins,16.00,0,0,0,0,0,0,0,0,0,0
162,AgentA wins,25.33,0,0,0,0,0,0,0,0,0,0
163,AgentB wins,40.67,0,0,0,0,0,0,0,0,0,0
164,AgentA wins,20.33,0,0,0,0,0,0,0,0,0,0
165,timeout draw,60.00,0,0,0,0,0,0,0,0,0,0
166,AgentA wins,16.67,0,0,0,0,0,0,0,0,0,0
151,AgentA wins,16.00,0,0,0,0,0,0,0,0,0,0
152,AgentA wins,38.33,0,0,0,0,0,0,0,0,0,0
153,AgentB wins,41.67,0,0,0,0,0,0,0,0,0,0
154,AgentA wins,16.67,0,0,0,0,0,0,0,0,0,0
155,AgentA wins,41.33,0,0,0,0,0,0,0,0,0,0
156,AgentA wins,17.67,0,0,0,0,0,0,0,0,0,0
157,AgentA wins,19.67,0,0,0,0,0,0,0,0,0,0
158,AgentA wins,51.00,0,0,0,0,0,0,0,0,0,0
159,AgentA wins,41.00,0,0,0,0,0,0,0,0,0,0
161,AgentB wins,29.00,396,166,51,184,0,281,0,48,52,87
162,AgentA wins,13.00,177,81,24,79,0,119,0,19,25,37
163,AgentA wins,25.67,339,136,61,151,0,256,0,46,41,77
164,AgentA wins,21.67,293,122,50,108,0,208,0,41,45,67
165,AgentA wins,16.33,216,107,36,81,0,160,0,25,35,50
166,AgentA wins,18.67,254,103,38,111,0,181,0,33,29,54
171,AgentB wins,54.67,0,0,0,0,0,0,0,0,0,0
172,AgentA wins,24.33,0,0,0,0,0,0,0,0,0,0
161,AgentA wins,30.67,0,0,0,0,0,0,0,0,0,0
162,AgentA wins,54.33,0,0,0,0,0,0,0,0,0,0
163,AgentA wins,44.33,0,0,0,0,0,0,0,0,0,0
164,AgentA wins,25.00,0,0,0,0,0,0,0,0,0,0
165,AgentA wins,16.00,0,0,0,0,0,0,0,0,0,0
166,AgentA wins,27.67,0,0,0,0,0,0,0,0,0,0
167,AgentA wins,40.00,0,0,0,0,0,0,0,0,0,0
168,AgentA wins,22.33,0,0,0,0,0,0,0,0,0,0
151,AgentA wins,38.33,0,0,0,0,0,0,0,0,0,0
152,AgentA wins,32.00,0,0,0,0,0,0,0,0,0,0
153,AgentA wins,51.00,0,0,0,0,0,0,0,0,0,0
154,timeout draw,60.00,0,0,0,0,0,0,0,0,0,0
155,timeout draw,60.00,0,0,0,0,0,0,0,0,0,0
156,AgentA wins,16.33,0,0,0,0,0,0,0,0,0,0
161,AgentA wins,31.00,0,0,0,0,0,0,0,0,0,0
162,AgentA wins,19.33,0,0,0,0,0,0,0,0,0,0
163,AgentA wins,28.00,0,0,0,0,0,0,0,0,0,0
164,AgentA wins,35.67,0,0,0,0,0,0,0,0,0,0
165,AgentA wins,34.00,0,0,0,0,0,0,0,0,0,0
166,AgentA wins,30.67,0,0,0,0,0,0,0,0,0,0
251,AgentA wins,17.00,0,0,0,0,0,0,0,0,0,0
252,AgentA wins,16.67,0,0,0,0,0,0,0,0,0,0
151,AgentA wins,17.00,0,0,0,0,0,0,0,0,0,0
152,AgentA wins,20.67,0,0,0,0,0,0,0,0,0,0
153,AgentA wins,13.00,0,0,0,0,0,0,0,0,0,0
154,AgentA wins,36.67,0,0,0,0,0,0,0,0,0,0
155,AgentA wins,17.00,0,0,0,0,0,0,0,0,0,0
161,AgentA wins,17.00,0,0,0,0,0,0,0,0,0,0
162,AgentA wins,33.00,0,0,0,0,0,0,0,0,0,0
163,timeout draw,60.00,0,0,0,0,0,0,0,0,0,0
151,AgentA wins,24.00,0,0,0,0,0,0,0,0,0,0
152,AgentA wins,29.00,0,0,0,0,0,0,0,0,0,0
153,AgentA wins,24.33,0,0,0,0,0,0,0,0,0,0
154,AgentA wins,33.00,0,0,0,0,0,0,0,0,0,0
155,AgentA wins,34.33,0,0,0,0,0,0,0,0,0,0
156,AgentA wins,26.67,0,0,0,0,0,0,0,0,0,0
157,timeout draw,60.00,0,0,0,0,0,0,0,0,0,0
158,AgentA wins,24.33,0,0,0,0,0,0,0,0,0,0
159,AgentA wins,28.67,0,0,0,0,0,0,0,0,0,0
141,AgentA wins,26.00,0,0,0,0,0,0,0,0,0,0
142,AgentA wins,24.33,0,0,0,0,0,0,0,0,0,0
143,AgentA wins,22.33,0,0,0,0,0,0,0,0,0,0
151,AgentB wins,26.67,0,0,0,0,0,0,0,0,0,0
152,AgentA wins,44.00,0,0,0,0,0,0,0,0,0,0
153,AgentA wins,39.67,0,0,0,0,0,0,0,0,0,0
154,AgentA wins,49.33,0,0,0,0,0,0,0,0,0,0
155,AgentA wins,13.67,0,0,0,0,0,0,0,0,0,0
156,AgentA wins,14.33,0,0,0,0,0,0,0,0,0,0
157,AgentB wins,54.33,0,0,0,0,0,0,0,0,0,0
161,AgentB wins,24.33,0,0,0,0,0,0,0,0,0,0
162,AgentA wins,38.00,0,0,0,0,0,0,0,0,0,0
163,AgentA wins,27.00,0,0,0,0,0,0,0,0,0,0
164,AgentA wins,19.33,0,0,0,0,0,0,0,0,0,0
165,AgentB wins,34.33,0,0,0,0,0,0,0,0,0,0
166,AgentA wins,36.00,0,0,0,0,0,0,0,0,0,0
167,AgentA wins,37.67,0,0,0,0,0,0,0,0,0,0
161,AgentA wins,16.00,0,0,0,0,0,0,0,0,0,0
162,AgentA wins,22.00,0,0,0,0,0,0,0,0,0,0
163,AgentA wins,17.00,0,0,0,0,0,0,0,0,0,0
164,AgentA wins,49.67,0,0,0,0,0,0,0,0,0,0
171,AgentA wins,46.00,0,0,0,0,0,0,0,0,0,0
172,AgentA wins,38.33,0,0,0,0,0,0,0,0,0,0
161,AgentA wins,16.00,0,0,0,0,0,0,0,0,0,0
162,AgentA wins,35.00,0,0,0,0,0,0,0,0,0,0
163,AgentA wins,35.67,0,0,0,0,0,0,0,0,0,0
161,AgentA wins,33.33,0,0,0,0,0,0,0,0,0,0
162,AgentA wins,19.33,0,0,0,0,0,0,0,0,0,0
163,AgentA wins,33.33,0,0,0,0,0,0,0,0,0,0
164,timeout draw,60.00,0,0,0,0,0,0,0,0,0,0
165,AgentA wins,16.33,0,0,0,0,0,0,0,0,0,0
166,AgentA wins,22.33,0,0,0,0,0,0,0,0,0,0
251,AgentA wins,16.00,0,0,0,0,0,0,0,0,0,0
252,AgentA wins,16.00,0,0,0,0,0,0,0,0,0,0
253,AgentA wins,13.67,0,0,0,0,0,0,0,0,0,0
254,AgentA wins,17.00,0,0,0,0,0,0,0,0,0,0
255,AgentA wins,16.00,0,0,0,0,0,0,0,0,0,0
256,AgentA wins,20.00,0,0,0,0,0,0,0,0,0,0
257,AgentA wins,19.00,0,0,0,0,0,0,0,0,0,0
258,AgentA wins,18.67,0,0,0,0,0,0,0,0,0,0
259,AgentA wins,16.00,0,0,0,0,0,0,0,0,0,0
151,AgentA wins,45.67,0,0,0,0,0,0,0,0,0,0
152,AgentA wins,33.33,0,0,0,0,0,0,0,0,0,0
153,AgentA wins,32.00,0,0,0,0,0,0,0,0,0,0
154,AgentA wins,33.67,0,0,0,0,0,0,0,0,0,0
155,AgentA wins,60.00,0,0,0,0,0,0,0,0,0,0
156,AgentA wins,24.00,0,0,0,0,0,0,0,0,0,0
157,AgentA wins,34.67,0,0,0,0,0,0,0,0,0,0
158,AgentA wins,42.33,0,0,0,0,0,0,0,0,0,0
159,AgentA wins,39.00,0,0,0,0,0,0,0,0,0,0
161,AgentA wins,36.67,0,0,0,0,0,0,0,0,0,0
151,AgentA wins,32.67,0,0,0,0,0,0,0,0,0,0
152,AgentA wins,26.00,0,0,0,0,0,0,0,0,0,0
153,AgentA wins,16.00,0,0,0,0,0,0,0,0,0,0
154,AgentA wins,34.33,0,0,0,0,0,0,0,0,0,0
151,AgentA wins,24.00,0,0,0,0,0,0,0,0,0,0
161,AgentA wins,20.33,0,0,0,0,0,0,0,0,0,0
162,AgentA wins,26.33,0,0,0,0,0,0,0,0,0,0
163,AgentA wins,37.67,0,0,0,0,0,0,0,0,0,0
164,AgentA wins,16.33,0,0,0,0,0,0,0,0,0,0
165,AgentA wins,22.33,0,0,0,0,0,0,0,0,0,0
166,AgentA wins,16.33,0,0,0,0,0,0,0,0,0,0
167,AgentA wins,18.33,0,0,0,0,0,0,0,0,0,0
221,timeout draw,60.00,0,0,0,0,0,0,0,0,0,0
222,AgentA wins,37.67,0,0,0,0,0,0,0,0,0,0
151,AgentA wins,42.67,0,0,0,0,0,0,0,0,0,0
152,AgentA wins,27.00,0,0,0,0,0,0,0,0,0,0
153,AgentA wins,43.00,0,0,0,0,0,0,0,0,0,0
154,AgentA wins,26.00,0,0,0,0,0,0,0,0,0,0
155,AgentB wins,54.67,0,0,0,0,0,0,0,0,0,0
156,AgentA wins,37.33,0,0,0,0,0,0,0,0,0,0
157,AgentA wins,26.33,0,0,0,0,0,0,0,0,0,0
158,AgentA wins,26.33,0,0,0,0,0,0,0,0,0,0
159,AgentA wins,50.00,0,0,0,0,0,0,0,0,0,0
161,AgentA wins,25.67,0,0,0,0,0,0,0,0,0,0
162,AgentA wins,25.67,0,0,0,0,0,0,0,0,0,0
163,AgentA wins,16.00,0,0,0,0,0,0,0,0,0,0
164,AgentA wins,22.67,0,0,0,0,0,0,0,0,0,0
